Num_Acc,an,mois,jour,hrmn,lum,agg,int,atm,col,com,gps,lat,long,dep
201500000688,15,10,22,1245,1,1,1,2,1,76183,M,4975453.0,46289.0,76
201500000689,15,12,22,1800,3,1,1,2,7,76685,M,4975068.0,51603.0,76
201500000690,15,1,4,2300,3,1,1,1,6,76219,M,4973522.0,77616.0,76
201500000691,15,3,13,915,1,2,1,1,2,76752,M,4966857.0,89794.0,76
201500000692,15,6,3,1645,1,1,2,1,1,76129,M,4972123.0,88539.0,76
201500000693,15,6,11,700,1,2,3,1,1,76611,M,4964853.0,89460.0,76
201500000694,15,11,4,845,1,2,2,2,3,76752,M,4966953.0,89247.0,76
201500000695,15,1,31,830,1,1,1,4,6,27684,M,4901214.0,119079.0,27
201500000696,15,5,4,2000,1,1,1,8,3,27234,M,4901903.0,119126.0,27
201500000697,15,8,22,1700,1,1,1,1,6,27229,M,4903565.0,118614.0,27
201500000698,15,1,26,830,1,2,1,1,3,27602,M,4900888.0,109247.0,27
201500000699,15,3,8,1745,1,2,4,1,6,27189,M,4898393.0,97416.0,27
201500000700,15,3,24,1330,1,1,1,1,3,27287,M,4898985.0,102608.0,27
201500000701,15,3,31,700,2,1,1,6,2,27165,M,4895744.0,95730.0,27
201500000702,15,4,14,1915,1,1,1,1,7,27618,M,4897152.0,81038.0,27
201500000703,15,5,6,1945,1,1,1,1,6,27157,M,4890192.0,93463.0,27
201500000704,15,7,4,1030,1,2,1,1,6,27165,M,4895635.0,93075.0,27
201500000705,15,8,8,1600,1,1,1,1,1,27568,M,4894234.0,87420.0,27
201500000706,15,8,7,2130,2,1,6,1,6,27082,M,4899552.0,102852.0,27
201500000707,15,8,14,1645,1,1,2,1,1,27161,M,4903697.0,104103.0,27
201500000708,15,9,1,900,1,2,1,1,1,27374,M,4898753.0,90588.0,27
201500000709,15,9,19,1530,1,1,1,1,7,27374,M,4899852.0,91436.0,27
201500000710,15,10,13,915,1,1,1,1,6,27161,M,4904579.0,100581.0,27
201500000711,15,10,16,2000,2,1,1,1,2,27568,M,4893888.0,86268.0,27
201500000712,15,10,30,1600,1,1,2,1,3,27242,M,4893865.0,83246.0,27
201500000713,15,1,15,1430,1,2,1,8,6,27368,M,4884827.0,126883.0,27
201500000714,15,3,22,1630,1,2,3,1,3,27230,M,4886481.0,142451.0,27
201500000715,15,4,14,1915,1,1,1,1,1,27555,M,4885989.0,131250.0,27
201500000716,15,5,21,1215,1,2,3,1,3,27183,M,4889631.0,140435.0,27
201500000717,15,5,31,500,2,1,8,1,6,27301,M,4894838.0,120284.0,27
201500000718,15,6,23,315,3,1,1,1,6,27183,M,4890230.0,139411.0,27
201500000719,15,7,3,1345,1,2,6,7,6,27507,M,4890633.0,127374.0,27
201500000720,15,9,1,1715,1,1,1,1,1,27183,M,4889441.0,139111.0,27
201500000721,15,10,23,800,1,1,1,1,6,27634,M,4889654.0,117061.0,27
201500000722,15,12,21,1700,2,1,1,8,6,27297,M,4881167.0,108391.0,27
201500000723,15,1,10,1800,5,2,3,1,6,27448,M,4901858.0,138112.0,27
201500000724,15,2,5,930,1,2,1,1,3,27448,M,4900994.0,139922.0,27
201500000725,15,5,5,1815,1,1,1,1,1,27510,M,4901140.0,133336.0,27
201500000726,15,6,4,1615,1,2,6,1,3,27448,M,4901415.0,138559.0,27
201500000727,15,7,22,2115,2,1,2,1,3,27465,M,4899087.0,134219.0,27
201500000728,15,9,17,1015,1,1,1,1,7,27510,M,4901278.0,135154.0,27
201500000729,15,10,31,1430,1,1,1,1,5,27410,M,4901399.0,124061.0,27
201500000730,15,4,30,1400,1,1,1,2,6,27096,M,4887118.0,68036.0,27
201500000731,15,6,29,800,1,2,4,1,6,27159,M,4879572.0,89246.0,27
201500000732,15,8,23,500,3,1,1,1,6,27532,M,4887071.0,92660.0,27
201500000733,15,10,6,845,1,1,2,1,2,27195,M,4880140.0,99589.0,27
201500000734,15,10,30,1845,2,1,1,1,6,27679,M,4874931.0,91020.0,27
201500000735,15,2,25,1600,1,1,1,1,7,27097,M,4922523.0,140563.0,27
201500000736,15,6,7,1300,1,2,3,1,3,27016,M,4924970.0,143738.0,27
201500000737,15,6,12,215,5,2,1,2,7,27016,M,4925287.0,138062.0,27
201500000738,15,9,18,1700,1,2,3,1,3,27016,M,4924558.0,143079.0,27
201500000739,15,9,22,1630,1,2,1,8,6,27016,M,4924339.0,140293.0,27
201500000740,15,11,4,1330,1,2,1,1,1,27495,M,4925179.0,135426.0,27
201500000741,15,12,21,1415,1,1,2,1,3,27270,M,4929305.0,139809.0,27
201500000742,15,3,8,1800,1,1,1,1,6,27331,M,4913218.0,154813.0,27
201500000743,15,5,8,1,3,1,1,1,6,27122,M,4920345.0,159963.0,27
201500000744,15,8,5,1915,1,1,1,1,1,27072,M,4910847.0,153729.0,27
201500000745,15,1,18,1000,1,2,1,5,6,27377,M,4940100.0,148213.0,27
201500000746,15,2,12,1645,1,1,2,7,3,27407,M,4930903.0,146729.0,27
201500000747,15,3,21,1000,1,1,1,1,3,27670,M,4937254.0,133449.0,27
201500000748,15,5,10,1815,1,1,1,1,2,27453,M,4942386.0,137231.0,27
201500000749,15,8,21,1615,1,2,1,1,3,27151,M,4939104.0,137439.0,27
201500000750,15,10,3,2045,3,1,1,1,6,27672,M,4944726.0,135598.0,27
201500000751,15,10,4,1300,1,1,1,1,1,27672,M,4944941.0,137778.0,27
201500000752,15,10,30,930,1,2,1,1,6,27246,M,4936235.0,135546.0,27
201500000753,15,3,25,1745,1,1,3,1,3,27226,M,4930097.0,164726.0,27
201500000754,15,5,16,1830,1,1,9,1,7,27284,M,4925958.0,178710.0,27
201500000755,15,5,20,1745,1,1,1,1,1,27372,M,4935637.0,161633.0,27
201500000756,15,6,28,1030,1,1,1,1,3,27490,M,4924684.0,128385.0,27
201500000757,15,8,30,2130,3,1,1,1,1,27533,M,4930813.0,173383.0,27
201500000758,15,10,18,1900,2,2,1,1,6,27226,M,4930560.0,161599.0,27
201500000759,15,12,15,130,3,1,1,1,2,27226,M,4930585.0,159618.0,27
201500000760,15,2,17,2100,5,2,2,1,3,27056,M,4908101.0,59005.0,27
201500000761,15,3,1,2215,3,1,1,2,2,27289,M,4894547.0,45551.0,27
201500000762,15,4,3,1315,1,1,1,1,6,27251,M,4909531.0,69685.0,27
201500000763,15,8,2,1615,1,1,1,1,7,27148,M,4898103.0,44541.0,27
201500000764,15,8,13,1745,1,1,1,1,1,27600,M,4905350.0,56854.0,27
201500000765,15,3,18,915,1,2,1,1,1,27041,M,4894524.0,66666.0,27
201500000766,15,5,7,1630,1,1,2,1,3,27037,M,4910587.0,82983.0,27
201500000767,15,5,7,1730,1,1,2,1,3,27622,M,4911636.0,68735.0,27
201500000768,15,8,29,2315,3,1,1,1,6,27425,M,4913481.0,73771.0,27
201500000769,15,10,3,1415,1,2,3,1,1,27116,M,4920082.0,71537.0,27
201500000770,15,2,24,2200,3,1,1,1,6,27335,M,4912092.0,117641.0,27
201500000771,15,3,23,730,1,1,1,1,2,27003,M,4916918.0,117187.0,27
201500000772,15,3,22,1400,1,2,2,1,3,27014,M,4916095.0,113492.0,27
201500000773,15,7,15,1630,1,1,1,1,4,27330,M,4924428.0,126542.0,27
201500000774,15,7,18,615,2,1,1,1,7,27055,M,4911442.0,107420.0,27
201500000775,15,8,6,1545,1,1,2,1,3,27014,M,4916820.0,113037.0,27
201500000776,15,9,26,1700,1,1,1,1,6,27099,M,4906503.0,119818.0,27
201500000777,15,10,3,1030,1,2,1,1,6,27330,M,4923916.0,125547.0,27
201500000778,15,11,25,745,2,1,2,2,3,27335,M,4914124.0,120100.0,27
201500000779,15,12,9,2015,5,2,1,1,6,27003,M,4917125.0,117356.0,27
201500000780,15,12,12,30,5,2,6,1,6,27003,M,4917922.0,117258.0,27
201500000781,15,2,25,1700,1,1,1,2,5,27687,M,4916857.0,129576.0,27
201500000782,15,4,15,1715,1,1,2,1,3,27099,M,4906805.0,121210.0,27
201500000783,15,6,5,2115,2,2,3,1,3,27599,M,4914345.0,141088.0,27
201500000784,15,6,9,845,1,1,2,8,3,27676,M,4920595.0,130830.0,27
201500000785,15,7,24,1500,1,1,1,1,3,27249,M,4918269.0,125726.0,27
201500000786,15,8,21,1130,1,1,1,1,3,27336,M,4906563.0,142301.0,27
201500000787,15,10,27,1700,1,1,1,1,7,27489,M,4907644.0,124129.0,27
201500000788,15,11,10,1300,1,2,1,1,1,27517,M,4915080.0,135184.0,27
201500000789,15,11,28,1130,1,1,1,1,3,27022,M,4919361.0,133205.0,27
201500000790,15,12,26,1900,5,2,1,1,6,27250,M,4912757.0,121475.0,27
201500000791,15,1,4,1800,3,1,1,1,5,27701,M,4930532.0,121293.0,27
201500000792,15,1,13,1830,3,1,6,1,6,27196,M,4929711.0,117490.0,27
201500000793,15,3,5,1715,1,1,1,1,2,27365,M,4928945.0,120008.0,27
201500000794,15,5,17,1015,1,1,1,1,6,27648,M,4925923.0,111334.0,27
201500000795,15,5,27,500,2,2,1,1,6,27458,M,4931767.0,122106.0,27
201500000796,15,7,23,1400,1,1,2,1,3,27493,M,4932907.0,123460.0,27
201500000797,15,8,28,1830,1,1,1,1,3,27386,M,4931685.0,119393.0,27
201500000798,15,9,2,1900,2,1,6,7,3,27196,M,4929714.0,117494.0,27
201500000799,15,4,8,1815,1,1,2,7,3,27192,M,4913284.0,93887.0,27
201500000800,15,5,16,300,5,1,6,1,6,27524,M,4910810.0,91366.0,27
201500000801,15,10,11,1130,1,1,1,1,1,27187,M,4921145.0,100424.0,27
201500000802,15,10,27,1245,1,2,2,1,3,27428,M,4915925.0,90740.0,27
201500000803,15,12,18,730,1,1,1,1,6,27486,M,4909721.0,102179.0,27
201500000804,15,3,19,1630,1,1,1,2,7,27065,M,4934993.0,35032.0,27
201500000805,15,3,22,130,3,1,1,2,6,27126,M,4932011.0,53754.0,27
201500000806,15,3,26,1915,1,2,1,1,6,27126,M,4931535.0,54793.0,27
201500000807,15,4,30,1745,1,1,1,2,5,27174,M,4934434.0,59063.0,27
201500000808,15,5,1,1030,1,1,6,1,6,27467,M,4935025.0,52047.0,27
201500000809,15,6,7,2030,1,1,2,1,1,27174,M,4934671.0,57255.0,27
201500000810,15,6,30,1245,1,1,1,1,3,27467,M,4936612.0,40402.0,27
201500000811,15,8,11,1730,1,2,3,1,3,27174,M,4933319.0,60347.0,27
201500000812,15,9,21,830,1,2,2,1,6,27467,M,4924339.0,140293.0,27
201500000813,15,10,2,730,1,2,1,1,6,27467,M,4934998.0,52940.0,27
201500000814,15,11,5,815,1,2,1,2,3,27467,M,4935321.0,52154.0,27
201500000815,15,11,21,1915,3,2,3,1,6,27467,M,4935362.0,51684.0,27
201500000816,15,11,22,1315,1,1,3,1,3,27065,M,4935339.0,38065.0,27
201500000817,15,11,22,1730,3,1,1,9,7,27174,M,4933080.0,59923.0,27
201500000818,15,12,4,1230,1,2,8,1,6,27467,M,4935306.0,51215.0,27
201500000819,15,9,6,615,3,2,1,1,6,27089,M,4929558.0,76686.0,27
201500000820,15,9,26,2315,3,1,2,1,3,27090,M,4929630.0,93562.0,27
201500000821,15,11,28,1245,1,1,2,1,3,27062,M,4929300.0,82100.0,27
201500000822,15,7,27,1830,1,1,1,1,6,27288,M,4926962.0,68562.0,27
201500000823,15,11,26,445,2,2,1,2,6,27367,M,4923653.0,50176.0,27
201500000824,15,6,19,1045,1,2,6,1,3,35047,M,4802569.0,-173454.0,35
201500000825,15,2,24,1815,1,2,1,1,6,35195,M,4830563.0,-167516.0,35
201500000826,15,5,2,1245,1,1,1,2,3,35355,M,4835668.0,-148217.0,35
201500000827,15,6,2,1615,1,1,1,1,3,35128,M,4828319.0,-172789.0,35
201500000828,15,6,11,1330,1,1,1,1,7,35130,M,4825978.0,-177695.0,35
201500000829,15,8,21,2045,1,1,1,1,7,35094,M,4835587.0,-172538.0,35
201500000830,15,9,18,745,2,1,2,8,1,35356,M,4827575.0,-177452.0,35
201500000831,15,12,24,1615,2,1,1,8,1,35251,M,4826964.0,-162113.0,35
201500000832,15,1,7,1700,1,1,1,1,1,35101,M,0.0,0.0,35
201500000833,15,2,21,1930,3,1,1,4,5,35152,M,4818314.0,-151533.0,35
201500000834,15,4,8,1245,1,1,1,1,3,35001,M,4813862.0,-151621.0,35
201500000835,15,7,31,945,1,1,2,7,1,35067,M,4821665.0,-159149.0,35
201500000836,15,10,25,1830,2,1,1,1,3,35154,M,4822913.0,-135371.0,35
201500000837,15,1,11,830,1,1,1,1,6,35184,M,4818843.0,-201271.0,35
201500000838,15,9,13,1430,1,2,1,8,3,35234,M,4825007.0,-214267.0,35
201500000839,15,9,10,1600,1,1,1,1,3,35171,M,4825784.0,-206047.0,35
201500000840,15,10,31,1815,5,2,1,1,3,35245,M,4821857.0,-189307.0,35
201500000841,15,10,8,800,1,2,1,1,1,35297,M,4818354.0,-219787.0,35
201500000842,15,1,14,745,3,1,1,9,1,35331,M,4808241.0,-190732.0,35
201500000843,15,4,16,1900,1,2,6,1,6,35188,M,4813659.0,-195027.0,35
201500000844,15,7,16,1730,1,1,1,1,5,35023,M,4818580.0,-198963.0,35
201500000845,15,7,19,1345,1,1,1,1,6,35340,M,4803419.0,-198311.0,35
201500000846,15,9,25,2015,3,1,1,1,6,35133,M,4815039.0,-198870.0,35
201500000847,15,10,29,900,1,1,1,1,5,35133,M,4810850.0,-203600.0,35
201500000848,15,1,25,1545,1,1,1,1,7,35196,M,4811090.0,-184964.0,35
201500000849,15,3,15,1700,1,1,1,1,7,35240,M,4808731.0,-177385.0,35
201500000850,15,3,24,1900,2,1,1,1,6,35240,M,4808808.0,-175730.0,35
201500000851,15,4,24,1600,1,1,1,1,6,35037,M,0.0,0.0,35
201500000852,15,7,30,1045,1,1,9,1,2,35240,M,4809676.0,-175946.0,35
201500000853,15,7,30,1600,1,2,6,7,3,35037,M,4804564.0,-187283.0,35
201500000854,15,8,9,1700,1,1,1,1,4,35037,M,4805436.0,-191023.0,35
201500000855,15,8,21,745,1,1,1,1,7,35037,M,4802893.0,-187269.0,35
201500000856,15,8,22,1245,1,2,7,1,6,35196,M,4807204.0,-185177.0,35
201500000857,15,11,1,1230,1,2,2,1,3,35196,M,4807840.0,-184384.0,35
201500000858,15,11,19,900,1,1,1,8,2,35240,M,0.0,0.0,35
201500000859,15,12,25,1345,1,1,1,1,6,35037,M,4803554.0,-183197.0,35
201500000860,15,3,13,1030,1,1,1,2,1,35025,M,4830322.0,-123252.0,35
201500000861,15,4,28,1745,1,2,1,1,3,35086,M,4827000.0,-124600.0,35
201500000862,15,6,26,1315,1,1,9,1,1,35162,M,4848015.0,-107599.0,35
201500000863,15,6,26,1900,1,1,1,1,3,35137,M,4832897.0,-118700.0,35
201500000864,15,7,1,1415,1,1,1,7,3,35310,M,4832989.0,-131235.0,35
201500000865,15,8,18,1045,1,1,1,1,1,35243,M,4834869.0,-126208.0,35
201500000866,15,11,10,2000,5,2,1,1,3,35100,M,4826636.0,-114181.0,35
201500000867,15,11,23,1245,1,1,1,7,1,35215,M,4842516.0,-122802.0,35
201500000868,15,12,2,2115,3,1,1,1,7,35142,M,4839285.0,-118873.0,35
201500000869,15,12,5,1645,1,1,3,8,3,35137,M,4831411.0,-118138.0,35
201500000870,15,12,6,1830,2,2,1,2,6,35021,M,4833863.0,-115756.0,35
201500000871,15,9,3,1800,1,1,1,1,3,35253,M,4827350.0,-144491.0,35
201500000872,15,9,19,1615,1,1,1,1,7,35253,M,4825818.0,-136051.0,35
201500000873,15,11,5,1700,1,2,1,2,3,35121,M,4824599.0,-146147.0,35
201500000874,15,12,1,815,1,1,1,1,1,35269,M,4827707.0,-132492.0,35
201500000875,15,12,6,1545,1,1,1,2,1,35118,M,4830143.0,-155130.0,35
201500000876,15,2,11,1030,1,2,2,1,6,35257,M,4841053.0,-136593.0,35
201500000877,15,3,18,1400,1,1,1,1,7,35253,M,4823469.0,-142375.0,35
201500000878,15,3,25,1245,1,1,2,1,5,35113,M,4845844.0,-149431.0,35
201500000879,15,4,9,1915,1,1,1,1,6,35178,M,4830367.0,-146510.0,35
201500000880,15,5,14,1445,1,1,1,1,3,35341,M,4840023.0,-142030.0,35
201500000881,15,5,21,1715,1,1,1,1,3,35293,M,4831444.0,-136584.0,35
201500000882,15,7,23,615,2,1,1,1,3,35121,M,4824655.0,-144585.0,35
201500000883,15,8,12,930,1,1,1,1,6,35293,M,4829691.0,-136271.0,35
201500000884,15,9,28,900,1,1,1,1,1,35071,M,4844702.0,-124921.0,35
201500000885,15,10,2,1430,1,1,2,1,1,35341,M,4842234.0,-147380.0,35
201500000886,15,11,5,2315,3,1,1,2,6,35341,M,4842116.0,-140754.0,35
201500000887,15,11,25,1730,3,1,1,2,7,35280,M,4834329.0,-136379.0,35
201500000888,15,12,21,1445,1,1,1,2,7,35280,M,4833845.0,-134313.0,35
201500000889,15,3,3,915,1,1,2,1,2,35237,M,4771446.0,-198183.0,35
201500000890,15,4,9,1845,1,2,1,1,3,35064,M,0.0,0.0,35
201500000891,15,6,18,1115,1,1,1,1,1,35294,M,4769677.0,-203817.0,35
201500000892,15,6,22,730,1,1,1,7,6,35013,M,4768648.0,-207064.0,35
201500000893,15,8,16,1530,1,1,1,1,1,35294,M,4771162.0,-198725.0,35
201500000894,15,10,25,445,3,1,1,1,6,35294,M,4771125.0,-198819.0,35
201500000895,15,11,3,1915,5,2,1,2,4,35236,M,4767195.0,-206755.0,35
201500000896,15,4,5,745,2,1,1,1,6,35124,M,0.0,0.0,35
201500000897,15,5,23,200,3,1,1,1,7,35106,M,4782071.0,-159489.0,35
201500000898,15,7,22,1715,1,1,1,1,7,35089,M,4789559.0,-150179.0,35
201500000899,15,9,8,1700,1,1,2,7,3,35089,M,4789321.0,-150316.0,35
201500000900,15,10,21,1345,1,1,1,8,1,35124,M,4772609.0,-181629.0,35
201500000901,15,11,3,1415,1,2,1,1,1,35012,M,4784429.0,-168843.0,35
201500000902,15,12,26,1330,1,2,1,1,7,35012,M,4784710.0,-169377.0,35
201500000903,15,1,7,1900,3,1,1,1,6,35127,M,4794264.0,-183509.0,35
201500000904,15,1,13,1330,1,2,1,1,6,35126,M,4796841.0,-179699.0,35
201500000905,15,3,14,1615,1,1,1,1,3,35312,M,4791807.0,-179858.0,35
201500000906,15,4,12,1600,1,1,4,1,3,35127,M,4795371.0,-189622.0,35
201500000907,15,4,23,400,3,1,1,1,7,35126,M,4794733.0,-177355.0,35
201500000908,15,4,24,2115,3,1,1,2,1,35033,M,4792139.0,-174271.0,35
201500000909,15,5,14,445,3,1,1,1,1,35127,M,4791731.0,-185707.0,35
201500000910,15,7,23,2130,1,1,1,1,6,35312,M,4793668.0,-179596.0,35
201500000911,15,9,10,530,3,1,1,1,6,35123,M,4802607.0,-177142.0,35
201500000912,15,9,30,1530,1,1,4,1,3,35126,M,4798496.0,-183191.0,35
201500000913,15,10,23,730,3,1,1,2,1,35139,M,4795733.0,-172800.0,35
201500000914,15,5,6,1745,1,2,1,1,5,35045,M,4779923.0,-198063.0,35
201500000915,15,10,16,2300,3,1,1,1,7,35168,M,4790695.0,-202632.0,35
201500000916,15,1,31,1545,2,2,1,1,3,35179,M,4851376.0,-189922.0,35
201500000917,15,5,29,1915,1,2,1,1,6,35116,M,4858187.0,-182559.0,35
201500000918,15,8,19,1515,1,1,3,1,3,35299,M,4863034.0,-190288.0,35
201500000919,15,8,22,1130,1,1,1,1,2,35179,M,4854396.0,-190207.0,35
201500000920,15,10,3,615,3,1,1,1,6,35070,M,4855679.0,-192883.0,35
201500000921,15,10,9,1100,1,1,1,1,1,35224,M,4859075.0,-195832.0,35
201500000922,15,12,12,100,3,1,1,1,7,35306,M,4858553.0,-195262.0,35
201500000923,15,1,3,1445,1,1,1,2,7,35222,M,4855302.0,-156546.0,35
201500000924,15,4,18,530,4,1,1,1,1,35095,M,0.0,0.0,35
201500000925,15,5,28,1915,1,1,1,1,3,35186,M,4856894.0,-177454.0,35
201500000926,15,6,5,1800,1,1,1,1,2,35222,M,4856304.0,-162179.0,35
201500000927,15,6,14,1715,1,1,1,1,3,35246,M,4853455.0,-178874.0,35
201500000928,15,9,24,2200,3,1,1,1,3,35078,M,4860349.0,-171689.0,35
201500000929,15,3,21,2130,1,1,1,1,7,35228,M,4859370.0,-210051.0,35
201500000930,15,4,19,1215,1,1,1,1,3,35228,M,4859922.0,-207058.0,35
201500000931,15,5,28,1730,1,1,1,1,2,35256,M,4861570.0,-211971.0,35
201500000932,15,7,2,1200,1,1,1,1,1,35228,M,4858035.0,-203245.0,35
201500000933,15,8,20,1100,1,2,2,1,6,35256,M,4861929.0,-213266.0,35
201500000934,15,8,25,1515,1,2,1,1,6,35228,M,4857873.0,-205744.0,35
201500000935,15,1,29,1930,2,1,1,2,5,35360,M,4809130.0,-120488.0,35
201500000936,15,3,27,1630,1,1,1,2,2,35006,M,4802884.0,-119819.0,35
201500000937,15,4,5,1045,1,2,1,1,6,35347,M,4817674.0,-130216.0,35
201500000938,15,5,11,1745,1,1,1,1,2,35360,M,4810534.0,-120733.0,35
201500000939,15,6,6,1545,1,2,1,1,3,35052,M,4814756.0,-131162.0,35
201500000940,15,6,7,1415,1,1,1,1,3,35194,M,4815601.0,-122078.0,35
201500000941,15,7,29,1400,1,1,1,1,1,35109,M,4808369.0,-124591.0,35
201500000942,15,8,2,1030,1,2,1,1,1,35347,M,4818768.0,-132166.0,35
201500000943,15,9,23,1815,1,2,1,1,6,35360,M,4812333.0,-120664.0,35
201500000944,15,9,28,1745,1,1,3,1,3,35006,M,4806486.0,-116712.0,35
201500000945,15,10,6,830,1,1,1,3,5,35015,M,4814965.0,-119806.0,35
201500000946,15,10,20,1945,3,1,1,1,6,35338,M,4806611.0,-129400.0,35
201500000947,15,10,24,1915,2,1,1,8,1,35072,M,4821111.0,-118266.0,35
201500000948,15,11,27,1915,3,1,1,2,1,35097,M,4800023.0,-120119.0,35
201500000949,15,12,2,1830,1,1,1,1,5,35360,M,4810654.0,-122024.0,35
201500000950,15,1,1,830,2,1,1,1,7,35327,M,4810395.0,-146751.0,35
201500000951,15,1,26,1500,1,1,2,1,3,35204,M,4804372.0,-154411.0,35
201500000952,15,1,27,1530,1,2,1,8,3,35068,M,4811160.0,-138699.0,35
201500000953,15,4,5,1100,1,1,1,1,7,35209,M,0.0,0.0,35
201500000954,15,4,8,1215,1,2,1,1,3,35068,M,4811244.0,-138033.0,35
201500000955,15,6,1,1700,1,1,1,1,1,35099,M,0.0,0.0,35
201500000956,15,6,18,1000,1,2,7,1,6,35096,M,4807061.0,-139324.0,35
201500000957,15,6,23,1745,1,1,1,1,3,35161,M,4804622.0,-131769.0,35
201500000958,15,7,4,945,1,1,1,1,7,35207,M,4808536.0,-148281.0,35
201500000959,15,9,4,1115,1,1,1,1,6,35039,M,4810930.0,-150545.0,35
201500000960,15,9,8,1030,1,1,3,1,1,35161,M,4804303.0,-131782.0,35
201500000961,15,11,22,1530,1,1,2,1,3,35204,M,4804368.0,-154405.0,35
201500000962,15,11,20,1900,5,2,1,2,5,35068,M,4810732.0,-140526.0,35
201500000963,15,5,4,1745,1,1,1,1,1,35008,M,4795995.0,-121224.0,35
201500000964,15,6,30,1830,1,1,1,1,2,35359,M,4794659.0,-127531.0,35
201500000965,15,7,17,1,5,1,6,1,6,35167,M,4782040.0,-132226.0,35
201500000966,15,9,3,1715,1,2,1,1,1,35125,M,4793890.0,-122795.0,35
201500000967,15,10,19,1500,1,1,1,1,7,35359,M,4794705.0,-130401.0,35
201500000968,15,11,9,2100,3,2,1,1,6,35235,M,4792941.0,-123621.0,35
201500000969,15,2,26,1530,1,1,2,3,3,35002,M,4799638.0,-151527.0,35
201500000970,15,8,7,1215,1,2,1,1,3,35136,M,4796298.0,-149371.0,35
201500000971,15,9,18,1600,1,1,1,1,1,35108,M,4793495.0,-145388.0,35
201500000972,15,12,1,1100,1,1,9,1,6,35220,M,4801235.0,-143604.0,35
201500000973,15,12,4,1845,3,1,2,1,3,35136,M,4791929.0,-153404.0,35
201500000974,15,12,5,1845,3,1,1,1,3,35108,M,4794890.0,-147646.0,35
201500000975,15,12,18,1600,1,1,1,1,6,35333,M,4791758.0,-140917.0,35
201500000976,15,12,20,1400,1,1,1,8,7,35136,M,4792360.0,-152484.0,35
201500000977,15,2,12,1200,1,1,2,1,2,22093,M,4847230.0,-253339.0,22
201500000978,15,3,7,2145,5,2,1,1,7,22093,M,4846173.0,-253650.0,22
201500000979,15,4,24,1100,1,1,1,1,1,22093,M,4841718.0,-249771.0,22
201500000980,15,4,26,1600,1,1,2,3,3,22093,M,4849935.0,-246839.0,22
201500000981,15,6,7,1745,1,1,1,1,1,22151,M,4843636.0,-259403.0,22
201500000982,15,6,26,1615,1,2,6,1,3,22093,M,4846798.0,-250691.0,22
201500000983,15,7,9,1630,1,2,6,1,6,22093,M,4846720.0,-252026.0,22
201500000984,15,9,18,1800,1,2,1,1,6,22093,M,4845894.0,-251411.0,22
201500000985,15,10,30,445,3,2,1,1,3,22093,M,4846549.0,-253807.0,22
201500000986,15,10,31,2245,3,1,1,1,2,22093,M,4847067.0,-253944.0,22
201500000987,15,11,1,1115,1,1,3,1,7,22093,M,4849492.0,-247531.0,22
201500000988,15,11,20,1215,1,2,3,2,3,22093,M,4847448.0,-255619.0,22
201500000989,15,12,9,345,3,1,1,1,6,22093,M,4844349.0,-251085.0,22
201500000990,15,12,30,830,2,2,1,1,6,22093,M,4846077.0,-251093.0,22
201500000991,15,7,8,1615,1,2,2,1,3,22136,M,4818276.0,-275957.0,22
201500000992,15,9,4,1815,1,2,2,8,3,22136,M,4816734.0,-275019.0,22
201500000993,15,10,20,1245,1,1,4,1,2,22136,M,4815580.0,-271820.0,22
201500000994,15,12,4,745,2,1,2,1,5,22300,M,4826815.0,-279079.0,22
201500000995,15,12,22,630,3,2,1,2,3,22155,M,4822723.0,-273327.0,22
201500000996,15,2,8,1230,1,2,1,1,6,22162,M,4877865.0,-304484.0,22
201500000997,15,4,30,1530,1,1,1,8,1,22162,M,4875794.0,-301389.0,22
201500000998,15,6,15,830,1,1,2,1,3,22210,M,4880561.0,-305905.0,22
201500000999,15,12,22,1530,1,1,1,1,2,22390,M,4871506.0,-302373.0,22
201500001000,15,4,9,1215,1,2,2,7,3,22054,M,4862884.0,-246426.0,22
201500001001,15,5,12,1145,1,1,1,1,6,22242,M,4862553.0,-241111.0,22
201500001002,15,6,3,2345,3,2,1,1,6,22186,M,4858613.0,-254239.0,22
201500001003,15,7,15,1045,1,1,2,1,3,22242,M,4862089.0,-240489.0,22
201500001004,15,8,17,330,3,1,1,1,7,22054,M,4860036.0,-246158.0,22
201500001005,15,10,19,30,3,1,1,1,6,22081,M,4850775.0,-266895.0,22
201500001006,15,12,18,900,3,1,1,2,1,22273,M,4853962.0,-253679.0,22
201500001007,15,12,27,1345,1,1,1,8,1,22173,M,4851332.0,-256589.0,22
201500001008,15,12,28,1800,2,1,2,1,3,22081,M,4850432.0,-261758.0,22
201500001009,15,12,28,1400,1,1,2,1,3,22242,M,4862134.0,-240125.0,22