Num_Acc,an,mois,jour,hrmn,lum,agg,int,atm,col,com,gps,lat,long,dep
201500001010,15,2,4,1700,1,1,1,1,5,22277,M,4840404.0,-287943.0,22
201500001011,15,2,23,1715,1,1,1,4,7,22171,M,4843411.0,-281742.0,22
201500001012,15,3,10,200,3,2,1,1,6,22176,M,4845083.0,-275215.0,22
201500001013,15,4,9,1500,1,1,2,1,3,22171,M,4838521.0,-282788.0,22
201500001014,15,7,21,1700,1,2,1,7,6,22171,M,4840785.0,-281734.0,22
201500001015,15,7,23,1215,1,1,1,1,1,22176,M,4845081.0,-270140.0,22
201500001016,15,8,6,2030,2,2,3,1,3,22287,M,4846970.0,-288259.0,22
201500001017,15,8,18,1130,1,1,2,1,3,22176,M,4845853.0,-275574.0,22
201500001018,15,9,28,1345,1,1,1,1,6,22045,M,4846617.0,-294835.0,22
201500001019,15,11,1,2030,3,1,1,1,5,22171,M,4842010.0,-282282.0,22
201500001020,15,11,18,1900,3,1,1,1,1,22277,M,4838562.0,-283668.0,22
201500001021,15,12,16,2000,5,1,3,1,3,22277,M,4838368.0,-291936.0,22
201500001022,15,12,18,1815,5,2,1,1,6,22262,M,4840403.0,-290790.0,22
201500001023,15,10,2,1115,1,2,1,1,6,22056,M,4838006.0,-197968.0,22
201500001024,15,10,7,1800,1,2,3,1,3,22118,M,4844482.0,-220204.0,22
201500001025,15,10,21,2100,5,1,6,2,7,22364,M,4842851.0,-208887.0,22
201500001026,15,12,4,845,1,2,1,1,2,22213,M,4852273.0,-200028.0,22
201500001027,15,12,3,745,2,1,1,1,1,22026,M,4839636.0,-202700.0,22
201500001028,15,12,4,1400,1,2,1,7,6,22197,M,4851059.0,-195257.0,22
201500001029,15,1,3,1730,2,1,1,2,1,22174,M,4861456.0,-233343.0,22
201500001030,15,2,16,930,1,1,4,3,3,22179,M,4862497.0,-235696.0,22
201500001031,15,2,23,715,2,1,1,1,6,22076,M,4852170.0,-235438.0,22
201500001032,15,6,11,2030,1,1,1,8,7,22179,M,4865251.0,-237334.0,22
201500001033,15,6,18,1215,1,2,2,1,1,22143,M,4859291.0,-227551.0,22
201500001034,15,6,21,645,2,1,1,1,6,22076,M,4853835.0,-240269.0,22
201500001035,15,7,1,15,5,2,1,1,6,22282,M,4863460.0,-225617.0,22
201500001036,15,7,14,1230,1,1,1,1,6,22179,M,4861936.0,-234699.0,22
201500001037,15,7,21,1830,1,2,1,7,6,22282,M,4863209.0,-225811.0,22
201500001038,15,7,23,1400,1,1,1,1,3,22179,M,4864544.0,-238476.0,22
201500001039,15,10,30,1815,3,1,1,8,6,22174,M,4857593.0,-235229.0,22
201500001040,15,11,4,915,1,1,1,1,6,22268,M,4855505.0,-234949.0,22
201500001041,15,11,8,1630,1,1,3,1,5,22179,M,4862161.0,-234697.0,22
201500001042,15,12,30,1800,2,2,1,2,1,22143,M,4859619.0,-229116.0,22
201500001043,15,1,16,1530,1,2,1,1,6,22223,M,4857989.0,-318768.0,22
201500001044,15,3,18,1430,1,2,9,1,3,22223,M,4857705.0,-318811.0,22
201500001045,15,8,8,1315,1,2,4,1,2,22070,M,4855899.0,-315019.0,22
201500001046,15,8,20,1600,1,1,2,1,3,22272,M,4857244.0,-313525.0,22
201500001047,15,8,5,1645,1,2,1,1,6,22013,M,4847187.0,-318022.0,22
201500001048,15,4,29,1945,1,2,1,1,5,22168,M,4881348.0,-345004.0,22
201500001049,15,7,22,2215,5,2,1,1,6,22168,M,4881342.0,-344807.0,22
201500001050,15,10,18,1245,1,1,1,1,6,22134,M,4879694.0,-344097.0,22
201500001051,15,3,20,1515,1,1,1,1,3,29028,M,4805946.0,-466106.0,29
201500001052,15,4,28,1430,1,1,1,1,1,29225,M,4796658.0,-435839.0,29
201500001053,15,5,7,815,1,2,1,7,6,29216,M,4798024.0,-417897.0,29
201500001054,15,5,16,130,3,1,6,2,6,29173,M,4801433.0,-421008.0,29
201500001055,15,5,23,1145,1,1,1,1,3,29218,M,4804211.0,-452278.0,29
201500001056,15,7,17,1145,1,2,1,1,1,29003,M,4802461.0,-454731.0,29
201500001057,15,9,6,645,2,2,1,1,1,29215,M,4799323.0,-443650.0,29
201500001058,15,11,1,815,1,1,1,1,1,29216,M,4794933.0,-419676.0,29
201500001059,15,11,29,1315,1,1,1,1,1,29225,M,4796060.0,-434433.0,29
201500001060,15,2,22,1700,1,2,1,2,1,29046,M,4808166.0,-433096.0,29
201500001061,15,6,14,1345,1,2,1,1,6,29224,M,4809224.0,-429580.0,29
201500001062,15,7,15,1045,1,2,9,2,6,29046,M,4809435.0,-434733.0,29
201500001063,15,7,29,930,1,1,1,7,2,29226,M,4808430.0,-440212.0,29
201500001064,15,8,13,1345,1,1,1,1,1,29046,M,4807010.0,-430069.0,29
201500001065,15,8,14,1430,1,2,2,1,3,29046,M,4809153.0,-433928.0,29
201500001066,15,9,30,1700,1,2,3,1,3,29046,M,4807896.0,-432230.0,29
201500001067,15,10,31,2230,3,1,1,1,6,29218,M,4803992.0,-452638.0,29
201500001068,15,12,17,1715,1,2,1,8,6,29046,M,4808908.0,-432506.0,29
201500001069,15,2,16,1800,2,2,6,7,3,29006,M,4787762.0,-408791.0,29
201500001070,15,2,25,745,2,1,1,2,6,29060,M,4792108.0,-410592.0,29
201500001071,15,3,7,1515,1,1,1,1,6,29032,M,4790948.0,-407302.0,29
201500001072,15,5,3,1600,1,1,1,3,6,29006,M,4787728.0,-404745.0,29
201500001073,15,5,11,1045,1,2,1,1,6,29058,M,4789340.0,-401168.0,29
201500001074,15,5,18,1000,1,2,1,1,3,29006,M,4787712.0,-410661.0,29
201500001075,15,8,1,345,3,1,1,1,7,29161,M,4792964.0,-407036.0,29
201500001076,15,8,21,1630,1,1,1,7,1,29058,M,4786017.0,-402206.0,29
201500001077,15,9,12,1415,1,1,1,1,7,29032,M,4789322.0,-409261.0,29
201500001078,15,10,2,2315,3,1,1,1,3,29058,M,4788659.0,-400901.0,29
201500001079,15,11,2,1345,1,1,1,1,1,29247,M,4795183.0,-403722.0,29
201500001080,15,11,10,2015,3,1,1,1,5,29247,M,4797270.0,-398838.0,29
201500001081,15,11,14,2345,3,1,1,5,6,29058,M,4791557.0,-401442.0,29
201500001082,15,4,26,1100,1,2,1,2,6,29216,M,4797788.0,-416819.0,29
201500001083,15,3,5,1945,3,1,1,1,2,29158,M,4781854.0,-431299.0,29
201500001084,15,3,22,1100,1,2,1,1,3,29171,M,4784579.0,-427464.0,29
201500001085,15,4,26,615,2,1,1,2,6,29171,M,4784604.0,-427359.0,29
201500001086,15,6,7,1545,1,1,1,1,2,29171,M,4784085.0,-428358.0,29
201500001087,15,6,23,915,1,1,1,1,7,29220,M,4788476.0,-420118.0,29
201500001088,15,8,10,1915,1,2,6,1,6,29220,M,4786541.0,-422662.0,29
201500001089,15,2,14,1700,1,1,1,8,5,29056,M,4844548.0,-429236.0,29
201500001090,15,8,21,845,1,1,1,1,3,29075,M,4841243.0,-436288.0,29
201500001091,15,9,18,300,3,1,1,2,6,29235,M,4839888.0,-440944.0,29
201500001092,15,12,20,1645,1,2,1,2,3,29245,M,4845013.0,-433164.0,29
201500001093,15,2,19,1015,1,1,2,2,3,29181,M,4851484.0,-421203.0,29
201500001094,15,6,22,1745,1,1,1,2,3,29181,M,4848461.0,-424583.0,29
201500001095,15,7,5,1230,1,1,1,1,6,29180,M,4844662.0,-409054.0,29
201500001096,15,8,4,1430,1,2,9,1,3,29181,M,4851362.0,-421615.0,29
201500001097,15,10,9,1845,1,1,1,1,1,29156,M,4845956.0,-422590.0,29
201500001098,15,12,4,530,3,1,1,2,7,29181,M,4848902.0,-425199.0,29
201500001099,15,1,19,1215,1,1,9,1,6,29179,M,4850200.0,-430500.0,29
201500001100,15,8,14,630,3,1,1,3,6,29094,M,4857719.0,-433596.0,29
201500001101,15,10,17,1145,1,1,1,1,6,29094,M,4860500.0,-435400.0,29
201500001102,15,10,24,745,1,1,1,1,6,29179,M,4854135.0,-432468.0,29
201500001103,15,12,5,1545,1,1,1,1,1,29094,M,4858283.0,-434208.0,29
201500001104,15,12,11,2145,3,1,6,1,6,29203,M,4863737.0,-432847.0,29
201500001105,15,1,16,830,4,2,1,3,6,29117,M,4857305.0,-451815.0,29
201500001106,15,3,15,1800,1,2,1,1,3,29117,M,4856156.0,-451305.0,29
201500001107,15,3,31,1715,1,2,1,1,3,29117,M,4856597.0,-452460.0,29
201500001108,15,7,22,1530,1,1,1,1,3,29195,M,4859881.0,-450585.0,29
201500001109,15,7,31,2245,3,1,1,1,1,29209,M,4853132.0,-450206.0,29
201500001110,15,8,11,1245,1,1,1,2,3,29047,M,4853803.0,-437104.0,29
201500001111,15,9,27,1600,1,1,1,1,5,29015,M,4848633.0,-450019.0,29
201500001112,15,10,2,900,1,2,9,7,6,29117,M,4857285.0,-451758.0,29
201500001113,15,10,3,515,3,1,1,1,7,29117,M,4856937.0,-452151.0,29
201500001114,15,10,5,1045,1,1,1,2,3,29209,M,4852983.0,-445232.0,29
201500001115,15,12,21,1800,5,2,1,3,6,29195,M,4860592.0,-450384.0,29
201500001116,15,1,2,1745,2,1,1,1,3,29221,M,4849017.0,-476745.0,29
201500001117,15,4,14,1815,1,1,1,1,3,29149,M,4846024.0,-451230.0,29
201500001118,15,5,14,1045,1,1,1,1,1,29196,M,4850597.0,-458269.0,29
201500001119,15,5,17,1700,1,1,1,1,1,29149,M,4845200.0,-459533.0,29
201500001120,15,6,1,1730,1,2,1,1,6,29260,M,4842645.0,-460541.0,29
201500001121,15,6,12,1715,1,2,1,1,3,29109,M,4853300.0,-472671.0,29
201500001122,15,6,20,1545,1,1,1,1,3,29149,M,4846688.0,-456667.0,29
201500001123,15,8,4,1245,1,1,1,1,6,29099,M,4855036.0,-464543.0,29
201500001124,15,9,24,1215,1,2,1,1,6,29196,M,4852694.0,-459834.0,29
201500001125,15,11,3,1630,1,2,3,1,3,29017,M,4847687.0,-471600.0,29
201500001126,15,11,6,815,2,2,1,2,6,29178,M,4854056.0,-464866.0,29
201500001127,15,11,9,1615,1,1,1,1,1,29149,M,4844931.0,-454494.0,29
201500001128,15,11,29,230,3,1,1,6,3,29109,M,4851676.0,-473536.0,29
201500001129,15,2,15,100,3,1,1,1,6,29053,M,4830209.0,-415200.0,29
201500001130,15,3,1,945,1,2,1,1,6,29176,M,4812748.0,-421911.0,29
201500001131,15,4,5,500,3,1,1,1,6,29172,M,4817716.0,-428965.0,29
201500001132,15,5,17,1530,1,1,1,1,1,29240,M,4829131.0,-419801.0,29
201500001133,15,5,20,830,1,2,1,8,6,29302,M,4825774.0,-408194.0,29
201500001134,15,6,28,300,3,1,1,1,6,29302,M,4828118.0,-412985.0,29
201500001135,15,7,26,700,1,1,1,3,1,29240,M,4828240.0,-425285.0,29
201500001136,15,10,1,1200,1,2,1,1,1,29026,M,4819639.0,-409999.0,29
201500001137,15,10,14,845,1,1,1,1,6,29176,M,4814156.0,-423083.0,29
201500001138,15,1,9,800,5,2,1,3,6,29024,M,4827772.0,-355309.0,29
201500001139,15,1,17,1445,1,2,6,2,3,29024,M,4827487.0,-355844.0,29
201500001140,15,5,6,1630,1,2,6,2,3,29024,M,4827140.0,-358548.0,29
201500001141,15,5,15,1800,1,1,2,1,1,29054,M,4838928.0,-385800.0,29
201500001142,15,7,10,1900,1,2,1,1,6,29081,M,4836778.0,-374818.0,29
201500001143,15,10,2,1830,1,1,1,1,3,29024,M,4828578.0,-354041.0,29
201500001144,15,10,4,500,5,2,6,1,6,29024,M,4827558.0,-357418.0,29
201500001145,15,10,7,2015,3,1,1,1,6,29205,M,4828786.0,-358314.0,29
201500001146,15,10,18,1400,1,1,1,1,6,29054,M,4838563.0,-385010.0,29
201500001147,15,12,6,130,3,1,1,2,1,29278,M,4818094.0,-374705.0,29
201500001148,15,12,29,1545,1,2,1,1,1,29024,M,4829294.0,-355543.0,29
201500001149,15,4,8,1730,1,1,1,1,3,29249,M,4817034.0,-381130.0,29
201500001150,15,4,16,1945,1,2,1,1,7,29027,M,4818870.0,-381471.0,29
201500001151,15,9,10,1830,1,1,1,1,6,29249,M,4813782.0,-379747.0,29
201500001152,15,9,12,1200,1,1,1,1,6,29110,M,4808225.0,-390533.0,29
201500001153,15,2,27,1600,1,1,1,1,1,29280,M,4821934.0,-432628.0,29
201500001154,15,3,30,1315,1,1,1,1,6,29042,M,4824773.0,-443121.0,29
201500001155,15,6,13,2245,3,1,1,1,6,29120,M,4828099.0,-450254.0,29
201500001156,15,7,22,1545,1,1,1,1,3,29042,M,4825712.0,-453816.0,29
201500001157,15,7,23,1830,1,1,1,1,7,29120,M,4826764.0,-444275.0,29
201500001158,15,8,1,1700,1,1,1,7,2,29280,M,4825706.0,-436709.0,29
201500001159,15,8,7,1430,1,1,1,1,1,29042,M,4826633.0,-449896.0,29
201500001160,15,10,9,1230,1,1,1,1,1,29042,M,4823288.0,-454016.0,29
201500001161,15,10,12,715,5,2,6,1,3,29120,M,4824842.0,-441844.0,29
201500001162,15,11,1,1000,1,2,1,1,6,29042,M,4823689.0,-449399.0,29
201500001163,15,12,24,1800,2,1,1,1,6,29238,M,4830435.0,-455586.0,29
201500001164,15,4,5,45,3,1,1,1,7,29211,M,4833495.0,-378077.0,29
201500001165,15,1,22,1615,1,2,6,1,6,29191,M,4852183.0,-371811.0,29
201500001166,15,1,31,1615,1,1,1,4,7,29113,M,4865596.0,-372661.0,29
201500001167,15,2,3,645,3,1,1,4,7,29059,M,4862572.0,-376854.0,29
201500001168,15,5,6,1315,1,1,1,1,1,29207,M,4853481.0,-379048.0,29
201500001169,15,5,12,1800,1,1,1,1,1,29034,M,4845243.0,-378375.0,29
201500001170,15,5,23,330,3,1,1,5,6,29207,M,4852781.0,-377797.0,29
201500001171,15,7,5,900,1,1,1,1,7,29186,M,4862623.0,-384693.0,29
201500001172,15,7,27,1245,1,1,1,2,4,29059,M,4861008.0,-378359.0,29
201500001173,15,9,24,1900,1,1,1,1,7,29186,M,4862701.0,-384561.0,29
201500001174,15,2,22,1015,1,1,1,2,3,29204,M,4849917.0,-417386.0,29
201500001175,15,10,29,1745,1,1,2,1,3,29266,M,4853484.0,-394851.0,29
201500001176,15,1,21,1700,1,1,2,2,3,29068,M,4853411.0,-389835.0,29
201500001177,15,3,17,1300,1,2,1,1,3,29259,M,4790056.0,-383257.0,29
201500001178,15,5,10,1245,1,1,1,1,1,29206,M,4864790.0,-421995.0,29
201500001179,15,5,11,1400,1,1,2,1,3,29239,M,4871897.0,-397247.0,29
201500001180,15,6,14,1845,1,1,1,1,7,29287,M,4862271.0,-426109.0,29
201500001181,15,6,16,2000,1,2,1,7,6,29030,M,4866312.0,-410795.0,29
201500001182,15,6,29,1745,1,2,6,1,2,29023,M,4866572.0,-391282.0,29
201500001183,15,7,30,1500,1,2,1,1,1,29279,M,4859771.0,-393397.0,29
201500001184,15,8,7,300,3,2,1,2,6,29187,M,4856141.0,-413998.0,29
201500001185,15,8,28,1315,1,2,1,1,1,29259,M,4867880.0,-399047.0,29
201500001186,15,10,3,815,3,1,1,5,6,29271,M,4859754.0,-412461.0,29
201500001187,15,10,17,1515,1,1,1,1,6,29068,M,4852037.0,-400690.0,29
201500001188,15,10,22,1630,1,1,1,1,4,29192,M,4863238.0,-405480.0,29
201500001189,15,10,31,1700,1,2,1,1,1,29276,M,4866609.0,-406760.0,29
201500001190,15,11,27,2030,3,1,1,2,6,29259,M,4868782.0,-400881.0,29
201500001191,15,12,17,730,2,1,1,1,1,29148,M,4861275.0,-405378.0,29
201500001192,15,3,5,1215,1,2,1,1,1,56164,M,4766089.0,-280632.0,56
201500001193,15,5,7,1715,1,2,1,1,2,56164,M,4766164.0,-280159.0,56
201500001194,15,6,20,230,4,1,1,1,6,56120,M,0.0,0.0,56
201500001195,15,6,26,1630,1,1,1,1,4,56067,M,0.0,0.0,56
201500001196,15,7,13,1145,1,1,1,1,1,56008,M,0.0,0.0,56
201500001197,15,9,13,1915,2,1,1,3,7,56157,M,0.0,0.0,56
201500001198,15,10,13,1645,1,2,1,1,5,56158,M,4769356.0,-280784.0,56
201500001199,15,2,21,2030,3,1,1,2,6,56194,M,0.0,0.0,56
201500001200,15,4,9,1730,1,2,1,1,1,56194,M,4763459.0,-210396.0,56
201500001201,15,4,21,1215,1,1,1,1,3,56194,M,4759284.0,-210980.0,56
201500001202,15,6,5,1830,1,2,1,1,3,56183,M,0.0,0.0,56
201500001203,15,8,26,1715,1,2,3,2,3,56033,M,0.0,0.0,56
201500001204,15,9,26,130,3,1,1,1,1,56239,M,0.0,0.0,56
201500001205,15,11,24,1015,1,1,1,2,1,56011,M,0.0,0.0,56
201500001206,15,12,12,1700,1,2,1,9,6,56061,M,4776430.0,-213095.0,56
201500001207,15,12,18,1830,3,1,1,8,1,56044,M,0.0,0.0,56
201500001208,15,9,27,1600,1,1,1,1,3,56126,M,4755954.0,-239514.0,56
201500001209,15,12,11,1030,1,1,3,1,3,56058,M,4749729.0,-232200.0,56
201500001210,15,3,14,2130,3,1,1,1,6,56135,M,0.0,0.0,56
201500001211,15,4,4,2200,3,1,1,1,7,56028,M,0.0,0.0,56
201500001212,15,4,11,1800,1,1,6,1,3,56184,M,0.0,0.0,56
201500001213,15,5,1,1500,1,1,1,9,6,56254,M,0.0,0.0,56
201500001214,15,6,3,1945,1,1,1,1,1,56053,M,4773359.0,-257970.0,56
201500001215,15,6,10,515,2,1,1,1,3,56261,M,0.0,0.0,56
201500001216,15,9,8,1845,1,1,1,1,7,56123,M,4769196.0,-233589.0,56
201500001217,15,10,18,1145,1,2,1,1,1,56184,M,4766171.0,-245365.0,56
201500001218,15,11,3,1415,1,1,1,8,1,56231,M,0.0,0.0,56
201500001219,15,11,8,15,3,1,1,5,6,56254,M,0.0,0.0,56
201500001220,15,11,13,715,3,1,1,2,1,56261,M,0.0,0.0,56
201500001221,15,11,13,1130,1,2,7,1,6,56171,M,4769632.0,-236405.0,56
201500001222,15,11,20,1930,3,1,1,8,6,56053,M,4769150.0,-257653.0,56
201500001223,15,1,4,1245,1,1,1,1,7,56176,M,0.0,0.0,56
201500001224,15,1,20,830,2,2,1,2,6,56176,M,4767171.0,-296156.0,56
201500001225,15,2,9,1815,1,1,6,1,3,56046,M,0.0,0.0,56
201500001226,15,4,19,1815,1,1,1,1,2,56167,M,0.0,0.0,56
201500001227,15,5,20,1245,1,1,1,1,1,56046,M,0.0,0.0,56
201500001228,15,6,3,745,1,1,1,1,1,56023,M,4768923.0,-302628.0,56
201500001229,15,6,16,1445,1,2,1,1,6,56007,M,4767056.0,-299140.0,56
201500001230,15,8,6,1000,1,1,6,1,3,56176,M,0.0,0.0,56
201500001231,15,8,25,1130,1,1,1,3,7,56167,M,0.0,0.0,56
201500001232,15,10,2,2215,3,2,1,1,6,56046,M,0.0,0.0,56
201500001233,15,10,7,1015,1,1,1,1,3,56046,M,0.0,0.0,56
201500001234,15,10,20,2030,3,2,1,1,1,56023,M,0.0,0.0,56
201500001235,15,11,10,830,1,1,1,1,2,56007,M,0.0,0.0,56
201500001236,15,12,18,1915,3,1,1,8,2,56176,M,4767692.0,-294384.0,56
201500001237,15,12,29,1330,1,2,1,7,3,56263,M,4770387.0,-295489.0,56
201500001238,15,5,17,1715,1,2,1,1,6,56152,M,4733815.0,-315681.0,56
201500001239,15,6,6,30,3,1,1,1,7,56152,M,4733668.0,-315776.0,56
201500001240,15,12,21,200,3,1,1,3,6,56152,M,0.0,0.0,56
201500001241,15,8,15,15,3,2,1,1,3,56234,M,4752121.0,-313134.0,56
201500001242,15,5,14,1130,1,2,1,1,3,56130,M,4773929.0,-323765.0,56
201500001243,15,5,25,800,1,1,1,1,6,56130,M,0.0,0.0,56
201500001244,15,6,17,1730,1,2,1,1,1,56169,M,0.0,0.0,56
201500001245,15,9,7,2230,5,2,6,1,6,56193,M,4771133.0,-329964.0,56
201500001246,15,1,29,815,2,1,6,2,2,56127,M,4807258.0,-228046.0,56
201500001247,15,3,29,500,3,2,1,1,6,56080,M,0.0,0.0,56
201500001248,15,4,27,815,1,2,6,1,1,56127,M,4807760.0,-229033.0,56
201500001249,15,5,7,1330,1,1,1,1,6,56138,M,0.0,0.0,56
201500001250,15,5,20,330,3,1,1,9,6,56202,M,0.0,0.0,56
201500001251,15,6,23,1515,1,1,1,1,7,56139,M,0.0,0.0,56
201500001252,15,7,7,1030,1,1,6,2,3,56127,M,0.0,0.0,56
201500001253,15,8,7,1330,1,1,1,1,2,56165,M,0.0,0.0,56
201500001254,15,8,14,900,1,2,1,8,6,56165,M,4793596.0,-239852.0,56
201500001255,15,8,29,1545,1,1,1,1,1,56249,M,0.0,0.0,56
201500001256,15,9,6,1400,1,1,9,1,2,56165,M,4792503.0,-234728.0,56
201500001257,15,10,17,1915,3,1,1,1,1,56122,M,0.0,0.0,56
201500001258,15,10,30,800,1,1,1,1,7,56138,M,4789784.0,-236837.0,56
201500001259,15,12,29,1915,3,1,1,2,6,56138,M,4789638.0,-236741.0,56
201500001260,15,5,7,2230,3,1,1,7,6,56230,M,0.0,0.0,56
201500001261,15,6,22,845,1,1,2,1,1,56020,M,0.0,0.0,56
201500001262,15,6,27,1100,1,1,1,7,6,56244,M,4780839.0,-250389.0,56
201500001263,15,12,10,800,3,1,1,1,2,56180,M,0.0,0.0,56
201500001264,15,2,15,900,1,2,1,1,3,56190,M,0.0,0.0,56
201500001265,15,6,25,1500,1,2,1,1,6,56198,M,0.0,0.0,56
201500001266,15,9,18,1745,1,1,2,1,1,56222,M,0.0,0.0,56
201500001267,15,9,26,1730,1,1,1,1,1,56017,M,0.0,0.0,56
201500001268,15,11,3,1830,3,1,1,3,1,56068,M,4800556.0,-248801.0,56
201500001269,15,11,22,200,3,1,1,2,6,56027,M,4792260.0,-267641.0,56
201500001270,15,12,19,1500,1,1,1,1,6,56172,M,0.0,0.0,56
201500001271,15,1,11,1815,3,1,1,8,3,56125,M,4808058.0,-309317.0,56
201500001272,15,3,19,1145,1,2,1,7,7,56178,M,0.0,0.0,56
201500001273,15,5,9,1715,1,1,3,1,3,56151,M,4802315.0,-291217.0,56
201500001274,15,5,23,1415,1,1,1,1,7,56215,M,0.0,0.0,56
201500001275,15,6,4,1730,1,1,1,1,7,56245,M,0.0,0.0,56
201500001276,15,6,5,1130,1,2,1,1,6,56178,M,4806541.0,-296595.0,56
201500001277,15,6,17,1715,1,1,1,1,7,56242,M,0.0,0.0,56
201500001278,15,6,25,1800,1,1,1,1,1,56125,M,0.0,0.0,56
201500001279,15,7,12,500,3,1,9,1,7,56041,M,4797071.0,-328722.0,56
201500001280,15,7,15,1000,1,1,1,1,1,56041,M,0.0,0.0,56
201500001281,15,8,21,2015,2,1,1,7,7,56163,M,4807713.0,-333138.0,56
201500001282,15,8,21,2100,2,1,1,1,7,56264,M,0.0,0.0,56
201500001283,15,8,30,645,3,1,1,5,1,56215,M,0.0,0.0,56
201500001284,15,9,26,1100,1,2,1,7,6,56178,M,4806580.0,-296760.0,56
201500001285,15,12,8,2015,3,1,1,1,3,56041,M,4809816.0,-307771.0,56
201500001286,15,12,16,2045,3,1,1,1,6,56041,M,4809427.0,-302093.0,56
201500001287,15,1,28,815,2,2,1,2,6,56117,M,4788675.0,-283104.0,56
201500001288,15,2,17,845,1,1,1,1,1,56141,M,0.0,0.0,56
201500001289,15,3,1,115,3,1,1,2,1,56173,M,0.0,0.0,56
201500001290,15,4,3,400,3,1,1,1,7,56140,M,0.0,0.0,56
201500001291,15,5,19,1615,1,1,1,2,7,56173,M,0.0,0.0,56
201500001292,15,5,31,730,1,1,2,2,3,56173,M,0.0,0.0,56
201500001293,15,6,10,1045,1,2,3,1,3,56117,M,4788925.0,-283812.0,56
201500001294,15,6,11,830,1,1,1,1,7,56174,M,0.0,0.0,56
201500001295,15,6,29,1630,1,1,1,1,3,56173,M,4797085.0,-300602.0,56
201500001296,15,7,21,1115,1,1,1,2,6,56141,M,4782513.0,-287900.0,56
201500001297,15,8,3,2000,1,1,1,1,6,56010,M,0.0,0.0,56
201500001298,15,8,21,2215,1,2,1,1,6,56074,M,4790612.0,-298034.0,56
201500001299,15,8,27,1430,1,1,1,2,1,56140,M,0.0,0.0,56
201500001300,15,10,24,100,3,1,1,1,1,56174,M,0.0,0.0,56
201500001301,15,1,24,1000,1,1,1,1,2,56014,M,0.0,0.0,56
201500001302,15,2,21,1315,1,1,1,4,3,56066,M,0.0,0.0,56
201500001303,15,7,26,230,3,1,1,2,7,56081,M,4802588.0,-363673.0,56
201500001304,15,10,5,845,1,1,1,3,7,56066,M,0.0,0.0,56
201500001305,15,12,5,1915,3,1,2,2,1,56131,M,4799403.0,-344555.0,56
201500001306,15,12,6,500,3,1,1,1,6,14060,M,4924320.0,-29048.0,14
201500001307,15,2,28,2050,3,1,1,2,6,14362,M,4906960.0,12324.0,14
201500001308,15,3,19,1007,1,1,1,8,3,14081,M,4901970.0,5716.0,14
201500001309,15,8,1,2215,3,1,1,1,6,14478,M,4903120.0,38229.0,14
201500001310,15,1,5,1545,1,2,1,1,6,14014,M,4926620.0,-40294.0,14
201500001311,15,1,15,2145,3,2,1,1,6,14066,M,4933120.0,-43175.0,14
201500001312,15,2,19,1015,1,1,1,1,3,14228,M,4927620.0,-37922.0,14
201500001313,15,5,28,1300,1,1,2,1,3,14044,M,4928780.0,-41460.0,14
201500001314,15,6,1,1645,1,2,3,1,3,14384,M,4931490.0,-35538.0,14
201500001315,15,7,6,1845,1,1,1,7,3,14228,M,4930260.0,-39156.0,14
201500001316,15,7,18,1945,1,2,2,1,6,14228,M,4929350.0,-38562.0,14
201500001317,15,8,15,1800,1,1,1,1,7,14384,M,4930270.0,-36402.0,14
201500001318,15,9,19,645,2,2,1,5,6,14228,M,,,14
201500001319,15,10,19,1445,1,2,1,1,6,14066,M,4933430.0,-41152.0,14
201500001320,15,1,8,1845,3,1,1,6,1,14257,M,4910950.0,-48840.0,14
201500001321,15,1,12,1745,3,1,1,2,1,14311,M,4912660.0,-52166.0,14
201500001322,15,4,17,1430,1,1,1,1,6,14542,M,4922400.0,-44852.0,14
201500001323,15,4,24,745,1,1,1,1,6,14747,M,4911480.0,-45119.0,14
201500001324,15,6,6,1530,1,2,1,1,3,14738,M,4915310.0,-45129.0,14
201500001325,15,6,19,1545,1,2,2,1,1,14738,M,4915360.0,-45781.0,14
201500001326,15,6,20,1745,1,2,1,1,7,14592,M,4907280.0,-48989.0,14
201500001327,15,8,25,1445,1,1,2,8,3,14747,M,4910890.0,-45302.0,14
201500001328,15,9,29,1915,2,1,1,1,6,14543,M,4919730.0,-45112.0,14
201500001329,15,10,1,830,1,1,1,1,1,14274,M,,,14
201500001330,15,10,18,1200,1,2,2,1,6,14098,M,,,14
201500001331,15,7,22,900,1,1,2,7,3,14675,M,4913530.0,-30906.0,14
201500001332,15,8,18,1645,1,1,1,1,6,14119,M,4913850.0,-25228.0,14
201500001333,15,10,24,1015,1,1,1,1,7,14005,M,4907910.0,-14312.0,14
201500001334,15,12,5,1715,2,2,3,1,6,14589,M,4899350.0,-30357.0,14
201500001335,15,12,10,1900,5,2,1,1,6,14456,M,4911840.0,-17692.0,14
201500001336,15,6,7,1135,1,2,2,1,3,14166,M,4929120.0,-28261.0,14
201500001337,15,11,1,1745,1,1,1,1,1,14530,M,,,14
201500001338,15,5,29,845,1,2,3,1,3,14752,M,4908090.0,-64621.0,14
201500001339,15,8,21,1415,1,2,2,1,3,14449,M,4911520.0,-60219.0,14
201500001340,15,9,25,1715,1,1,1,1,6,14037,M,4907140.0,-55740.0,14