Num_Acc,an,mois,jour,hrmn,lum,agg,int,atm,col,com,gps,lat,long,dep
201500001341,15,12,27,1545,1,1,1,1,1,14353,M,4907960.0,-55631.0,14
201500001342,15,4,17,2115,3,1,1,1,2,14328,M,4921930.0,-23983.0,14
201500001343,15,5,1,1645,1,1,1,1,6,14698,M,4920460.0,-21756.0,14
201500001344,15,6,22,2015,1,1,1,7,1,14530,M,4923400.0,-26862.0,14
201500001345,15,8,16,1745,1,1,1,1,6,14698,M,4919830.0,-20778.0,14
201500001346,15,9,1,1015,1,1,4,1,2,14640,M,4916100.0,-17395.0,14
201500001347,15,10,20,1530,1,1,1,1,3,14046,M,4923080.0,-21643.0,14
201500001348,15,11,6,2330,3,1,1,1,2,14666,M,4917400.0,-25295.0,14
201500001349,15,12,15,1730,5,2,1,2,6,14712,M,4918220.0,-18235.0,14
201500001350,15,2,16,1415,1,2,1,2,3,14047,M,4928590.0,-70389.0,14
201500001351,15,4,25,1130,1,2,1,1,6,14047,M,4927620.0,-69436.0,14
201500001352,15,5,17,1800,1,1,1,1,6,14322,M,4925350.0,-70985.0,14
201500001353,15,5,31,1045,1,1,2,1,3,14680,M,4929910.0,-73166.0,14
201500001354,15,6,29,1045,1,1,1,1,6,14732,M,,,14
201500001355,15,6,26,1400,1,1,1,1,6,14680,M,4930600.0,-73853.0,14
201500001356,15,7,17,1545,1,1,1,3,3,14047,M,,,14
201500001357,15,8,3,1515,1,2,1,1,6,14047,M,,,14
201500001358,15,9,22,1200,1,1,1,1,1,14322,M,4924610.0,-70775.0,14
201500001359,15,10,10,100,3,1,1,1,6,14700,M,,,14
201500001360,15,12,15,1730,5,2,1,2,6,14047,M,,,14
201500001361,15,12,17,945,1,2,7,1,6,14047,M,,,14
201500001362,15,2,27,1945,3,1,1,8,3,14439,M,4931680.0,-102001.0,14
201500001363,15,3,6,1745,1,2,1,1,6,14342,M,4932010.0,-109884.0,14
201500001364,15,3,28,1600,1,1,2,2,3,14551,M,4932610.0,-82401.0,14
201500001365,15,5,3,2130,3,1,1,1,6,14136,M,4934650.0,-107665.0,14
201500001366,15,6,30,2200,2,1,1,1,6,14705,M,4923250.0,-93503.0,14
201500001367,15,7,29,2045,1,2,3,1,1,14103,M,4924530.0,-86312.0,14
201500001368,15,8,5,1745,1,1,2,1,3,14551,M,4932610.0,-82401.0,14
201500001369,15,12,1,1330,1,1,1,1,6,14551,M,4932860.0,-82410.0,14
201500001370,15,12,12,2315,5,2,1,2,6,14312,M,4937770.0,-104762.0,14
201500001371,15,2,6,815,1,2,2,1,3,14088,M,4895850.0,-23009.0,14
201500001372,15,4,1,1445,1,1,1,1,7,14053,M,4888780.0,-7996.0,14
201500001373,15,6,26,1930,1,1,1,1,7,14498,M,4888300.0,-9284.0,14
201500001374,15,10,16,1715,1,1,1,8,3,14753,M,4894420.0,-26503.0,14
201500001375,15,10,30,1745,2,2,9,1,5,14258,M,,,14
201500001376,15,10,13,1700,1,2,1,1,6,14258,M,,,14
201500001377,15,12,6,2000,3,1,1,1,6,14501,M,4888510.0,-40671.0,14
201500001378,15,2,21,1815,1,1,1,1,5,14689,M,4897650.0,-47467.0,14
201500001379,15,12,11,645,2,2,1,1,6,14703,M,4896050.0,-31033.0,14
201500001380,15,1,5,730,2,2,1,1,6,14201,M,4911840.0,1650.0,14
201500001381,15,1,18,345,3,1,1,1,6,14082,M,4913340.0,12114.0,14
201500001382,15,1,28,800,5,2,1,1,6,14431,M,4907290.0,-7597.0,14
201500001383,15,2,21,2000,5,2,2,4,3,14431,M,4907860.0,-6142.0,14
201500001384,15,3,12,1845,2,2,1,1,1,14081,M,4902210.0,5164.0,14
201500001385,15,4,18,1630,1,1,1,1,6,14362,M,4906580.0,14219.0,14
201500001386,15,5,15,2130,2,1,1,1,7,14697,M,4899440.0,-1972.0,14
201500001387,15,6,7,1900,1,1,1,1,6,14337,M,4912480.0,10135.0,14
201500001388,15,8,13,1500,1,1,1,3,6,14431,M,4908290.0,-8640.0,14
201500001389,15,8,13,1750,1,1,3,1,3,14654,M,4902510.0,-4538.0,14
201500001390,15,9,9,2130,3,1,1,1,7,14208,M,4911120.0,-10889.0,14
201500001391,15,9,11,2215,3,1,1,1,6,14697,M,4896920.0,6778.0,14
201500001392,15,12,24,630,3,1,1,1,7,14345,M,,,14
201500001393,15,11,24,1030,1,1,9,2,3,14403,M,,,14
201500001394,15,12,10,920,1,1,2,8,6,14478,M,4901230.0,40933.0,14
201500001395,15,3,18,1630,1,1,1,1,1,14041,M,4939380.0,19039.0,14
201500001396,15,3,25,700,2,1,1,4,1,14032,M,4928600.0,29865.0,14
201500001397,15,4,10,1930,1,2,1,1,3,14102,M,4922970.0,21748.0,14
201500001398,15,5,30,2000,1,1,1,1,6,14534,M,4926410.0,14221.0,14
201500001399,15,7,4,1445,1,2,2,1,3,14528,M,4932700.0,29610.0,14
201500001400,15,7,17,30,3,1,1,1,6,14644,M,4919060.0,30112.0,14
201500001401,15,7,26,300,3,1,1,1,1,14086,M,4933930.0,12506.0,14
201500001402,15,7,26,1545,1,1,1,1,1,14399,M,4926540.0,21096.0,14
201500001403,15,8,6,1130,1,2,1,1,1,14131,M,4931790.0,13407.0,14
201500001404,15,12,3,2145,3,1,3,8,1,14514,M,4927230.0,16757.0,14
201500001405,15,6,24,1930,1,2,8,1,6,14660,M,4929120.0,-184.0,14
201500001406,15,7,4,1930,1,2,1,1,1,14093,M,4927390.0,2193.0,14
201500001407,15,7,16,1215,1,1,2,1,1,14316,M,4926390.0,-4287.0,14
201500001408,15,7,29,1300,1,1,3,1,3,14494,M,4927170.0,-10376.0,14
201500001409,15,8,23,1700,1,1,2,1,3,14126,M,4914120.0,6170.0,14
201500001410,15,9,12,830,2,2,1,2,3,14335,M,4916950.0,-5328.0,14
201500001411,15,9,30,700,2,1,1,1,1,14473,M,4911620.0,2989.0,14
201500001412,15,10,6,1715,1,1,3,8,3,14645,M,4929810.0,2319.0,14
201500001413,15,10,30,2130,5,2,9,1,3,14229,M,,,14
201500001414,15,11,13,900,1,1,1,1,5,14305,M,4927530.0,-5960.0,14
201500001415,15,5,22,1310,1,1,1,1,1,14618,M,4890090.0,-89708.0,14
201500001416,15,2,5,815,1,1,1,9,6,14054,M,4889890.0,-95493.0,14
201500001417,15,3,12,245,3,1,1,5,6,14513,M,4895790.0,-104895.0,14
201500001418,15,4,14,1915,1,1,1,7,3,14584,M,,,14
201500001419,15,6,24,1800,1,1,1,1,6,14187,M,4885970.0,-90647.0,14
201500001420,15,8,26,1830,1,2,1,2,1,14658,M,4884440.0,-105585.0,14
201500001421,15,9,5,30,3,1,1,1,6,14717,M,4880050.0,-81006.0,14
201500001422,15,11,25,1900,5,2,2,2,3,14762,M,,,14
201500001423,15,12,11,730,3,1,1,1,6,14762,M,4886260.0,-88664.0,14
201500001424,15,4,23,1645,1,1,3,1,2,14027,M,4900590.0,-61383.0,14
201500001425,15,5,9,1530,1,1,2,1,3,14129,M,4894510.0,-93065.0,14
201500001426,15,5,10,1100,1,1,1,1,3,14443,M,4894350.0,-75151.0,14
201500001427,15,7,10,1700,1,1,1,1,3,14618,M,4891330.0,-90732.0,14
201500001428,15,8,31,1245,1,1,1,2,3,14027,M,,,14
201500001429,15,9,21,1845,1,1,1,8,5,14129,M,,,14
201500001430,15,5,27,1900,1,1,3,1,3,14629,M,4900720.0,-88903.0,14
201500001431,15,3,5,1130,1,2,3,7,6,14174,M,4885060.0,-55045.0,14
201500001432,15,9,7,700,2,1,1,1,4,14572,M,,,14
201500001433,15,10,13,1800,1,2,9,1,6,14174,M,,,14
201500001434,15,6,27,1515,1,1,1,1,3,14658,M,,,14
201500001435,15,7,27,2330,3,1,1,1,6,50458,M,4932090.0,-126493.0,50
201500001436,15,10,3,1400,1,1,2,1,3,50099,M,4931040.0,-126232.0,50
201500001437,15,11,1,1430,1,1,1,1,3,50023,M,4930210.0,-133909.0,50
201500001438,15,12,28,1500,1,2,1,1,6,50468,M,4922010.0,-110227.0,50
201500001439,15,6,17,745,1,1,1,1,3,50110,M,4918540.0,-96036.0,50
201500001440,15,8,18,1245,1,1,1,1,6,50455,M,4919730.0,-102797.0,50
201500001441,15,11,25,1845,3,1,2,3,3,50446,M,4913010.0,-102644.0,50
201500001442,15,1,11,1015,1,2,1,8,6,50159,M,4904550.0,-122147.0,50
201500001443,15,2,4,2315,3,1,1,1,6,50180,M,4899830.0,-108845.0,50
201500001444,15,4,4,1815,3,2,3,5,6,50313,M,4902820.0,-114439.0,50
201500001445,15,4,13,1630,1,2,1,1,6,50637,M,4896020.0,-116767.0,50
201500001446,15,5,23,1645,1,1,2,1,2,50295,M,4895680.0,-120077.0,50
201500001447,15,6,9,1030,1,1,1,1,3,50637,M,4895470.0,-116857.0,50
201500001448,15,7,3,1130,1,1,1,1,1,50637,M,4895910.0,-118682.0,50
201500001449,15,8,18,1930,1,2,9,1,3,50592,M,4897240.0,-105953.0,50
201500001450,15,5,18,720,1,1,1,1,4,94054,M,4873110.0,237036.0,94
201500001451,15,6,25,1200,1,2,1,1,2,94054,M,4872920.0,236738.0,94
201500001452,15,7,1,1630,1,2,1,1,4,94054,M,4873020.0,237125.0,94
201500001453,15,7,3,750,1,2,1,1,4,94054,M,4873500.0,236649.0,94
201500001454,15,7,6,700,1,1,1,1,6,94054,M,4872940.0,235963.0,94
201500001455,15,2,16,1000,1,1,2,1,3,50444,M,4904680.0,-96303.0,50
201500001456,15,7,9,1010,1,2,1,1,2,94054,M,4872850.0,236703.0,94
201500001457,15,7,11,2045,4,2,1,1,2,94054,M,4873100.0,236967.0,94
201500001458,15,7,19,2300,5,1,1,1,2,94054,M,4873540.0,236586.0,94
201500001459,15,7,31,1530,1,2,1,1,6,94054,M,4872820.0,236551.0,94
201500001460,15,8,27,2025,5,1,1,3,7,94054,M,4873970.0,236432.0,94
201500001461,15,8,29,1300,1,1,1,1,3,94054,M,4873270.0,236197.0,94
201500001462,15,9,12,900,1,1,1,2,5,94054,M,4873000.0,236616.0,94
201500001463,15,9,15,1825,1,1,1,1,4,94054,M,4873500.0,236556.0,94
201500001464,15,9,17,840,1,2,2,1,1,94054,M,4873910.0,236966.0,94
201500001465,15,10,22,1200,1,2,1,2,3,94054,M,4874280.0,236942.0,94
201500001466,15,4,10,730,2,1,1,7,6,50032,M,4909700.0,-102674.0,50
201500001467,15,6,24,815,1,2,1,1,1,50601,M,4904180.0,-98642.0,50
201500001468,15,9,28,1845,1,1,2,1,3,50224,M,4899850.0,-93327.0,50
201500001469,15,11,5,2140,5,2,1,8,4,94054,M,4872870.0,236563.0,94
201500001470,15,12,26,548,2,2,1,1,6,94054,M,4873870.0,236512.0,94
201500001471,15,12,14,2000,5,2,1,1,6,94054,M,4872850.0,235994.0,94
201500001472,15,9,11,1800,1,2,3,1,3,50616,M,4867790.0,-136126.0,50
201500001473,15,10,9,1100,1,1,1,1,6,50406,M,4871860.0,-132560.0,50
201500001474,15,10,29,1945,3,1,1,2,6,50612,M,4867180.0,-141252.0,50
201500001475,15,11,17,1745,3,2,1,1,6,50516,M,4867490.0,-135456.0,50
201500001476,15,11,19,1815,1,2,1,1,7,50025,M,4868760.0,-136516.0,50
201500001477,15,12,18,730,3,1,1,8,6,50288,M,4868030.0,-139477.0,50
201500001478,15,1,17,1530,1,1,9,1,6,50281,M,4879370.0,-139908.0,50
201500001479,15,3,6,1115,1,1,3,1,2,50276,M,4871750.0,-140708.0,50
201500001480,15,4,5,645,2,1,6,1,6,50565,M,4875060.0,-147089.0,50
201500001481,15,4,21,2100,1,1,1,1,6,50541,M,4883670.0,-147501.0,50
201500001482,15,5,3,1930,1,1,1,8,3,50247,M,4880700.0,-140156.0,50
201500001483,15,6,27,1815,1,1,6,1,3,50038,M,4883360.0,-138020.0,50
201500001484,15,7,10,1145,1,1,1,1,1,50066,M,4877560.0,-154683.0,50
201500001485,15,8,4,1745,1,2,1,1,6,50167,M,4871150.0,-149693.0,50
201500001486,15,8,27,1815,1,1,1,2,1,50038,M,4883640.0,-135431.0,50
201500001487,15,9,2,2100,2,1,1,1,3,50447,M,4879850.0,-152158.0,50
201500001488,15,9,12,215,3,1,1,1,6,50276,M,4874510.0,-141325.0,50
201500001489,15,9,20,345,3,1,1,1,7,50406,M,4875830.0,-129045.0,50
201500001490,15,11,10,745,2,1,1,8,5,50361,M,4876730.0,-136396.0,50
201500001491,15,11,28,1400,1,1,2,1,3,50276,M,4874850.0,-140631.0,50
201500001492,15,2,28,1900,3,1,1,3,6,50168,M,4861660.0,-126685.0,50
201500001493,15,3,19,900,1,1,1,1,1,50410,M,4860530.0,-151122.0,50
201500001494,15,5,29,1645,1,1,2,1,6,50630,M,4852940.0,-139480.0,50
201500001495,15,8,12,2145,5,2,1,8,2,50146,M,4862810.0,-140926.0,50
201500001496,15,1,23,1215,1,1,1,1,1,50158,M,4872210.0,-111501.0,50
201500001497,15,4,10,2045,2,1,1,2,1,50074,M,4871460.0,-117902.0,50
201500001498,15,6,10,1800,1,1,3,1,2,50074,M,4872210.0,-115071.0,50
201500001499,15,8,1,1115,1,1,3,1,3,50453,M,4883200.0,-120275.0,50
201500001500,15,8,15,1715,1,2,1,1,6,50118,M,4883370.0,-131946.0,50
201500001501,15,8,25,900,1,1,1,2,1,50525,M,4876440.0,-100625.0,50
201500001502,15,9,28,1745,1,1,2,7,3,50453,M,4883180.0,-117251.0,50
201500001503,15,12,24,1230,1,2,2,3,3,50453,M,4884830.0,-120893.0,50
201500001504,15,1,11,1030,1,1,1,7,5,50041,M,4967090.0,-185410.0,50
201500001505,15,5,5,645,1,1,2,2,3,50001,M,4960100.0,-174500.0,50
201500001506,15,6,30,1315,1,2,1,1,1,50643,M,4956550.0,-173259.0,50
201500001507,15,2,11,1415,1,2,1,1,3,50369,M,4948990.0,-154781.0,50
201500001508,15,7,20,2045,1,1,1,2,3,50418,M,4949510.0,-167094.0,50
201500001509,15,7,24,1500,1,2,1,3,6,50402,M,4951330.0,-180833.0,50
201500001510,15,8,4,1115,1,2,1,1,6,50031,M,4938210.0,-175576.0,50
201500001511,15,10,25,1300,1,2,3,1,1,50184,M,4952820.0,-187362.0,50
201500001512,15,11,30,1200,1,2,1,6,6,50082,M,4946650.0,-163739.0,50
201500001513,15,5,18,1900,1,2,7,1,6,50400,M,4937910.0,-142185.0,50
201500001514,15,6,29,2230,1,1,1,1,6,50509,M,4939980.0,-120041.0,50
201500001515,15,1,14,915,1,1,1,8,6,50595,M,4960330.0,-147076.0,50
201500001516,15,2,28,515,3,1,1,8,7,50150,M,4955030.0,-131855.0,50
201500001517,15,5,20,2015,1,1,1,1,3,50615,M,4949720.0,-146004.0,50
201500001518,15,6,2,800,1,2,1,2,6,50615,M,4951010.0,-147457.0,50
201500001519,15,9,17,1900,1,1,1,1,5,50087,M,4955890.0,-163001.0,50
201500001520,15,11,10,1315,1,1,1,1,6,50196,M,4968480.0,-128207.0,50
201500001521,15,12,12,1215,1,1,1,1,1,50588,M,4954640.0,-149017.0,50
201500001522,15,12,22,1930,3,1,1,6,2,50395,M,4961020.0,-129270.0,50
201500001523,15,1,30,945,1,1,1,4,6,50345,M,4909880.0,-141725.0,50
201500001524,15,2,1,1145,1,1,1,2,6,50044,M,4906580.0,-134308.0,50
201500001525,15,6,20,1,3,1,1,1,7,50058,M,4908000.0,-158704.0,50
201500001526,15,8,7,300,3,1,1,1,7,50111,M,4903120.0,-128056.0,50
201500001527,15,11,8,615,3,1,1,1,6,50058,M,4908280.0,-153844.0,50
201500001528,15,11,12,1915,5,2,3,1,1,50111,M,4902600.0,-128354.0,50
201500001529,15,12,13,1900,3,2,4,1,6,50389,M,4901790.0,-139205.0,50
201500001530,15,2,3,1330,1,1,2,1,3,50266,M,4892400.0,-141587.0,50
201500001531,15,5,9,1600,1,1,1,1,3,50008,M,4884950.0,-151897.0,50
201500001532,15,5,13,1215,1,1,3,1,3,50255,M,4899420.0,-146388.0,50
201500001533,15,5,16,1715,1,2,1,1,1,50076,M,4889960.0,-150928.0,50
201500001534,15,7,16,2330,3,1,1,1,6,50252,M,4886950.0,-144117.0,50
201500001535,15,8,6,900,1,1,1,2,6,50252,M,4888530.0,-147385.0,50
201500001536,15,9,1,1845,1,1,1,7,6,50388,M,4899860.0,-145979.0,50
201500001537,15,9,16,1100,1,1,2,1,3,50626,M,4889640.0,-137868.0,50
201500001538,15,10,4,1615,1,1,1,1,5,50197,M,4890950.0,-133363.0,50
201500001539,15,10,16,900,1,2,2,2,3,50252,M,4886950.0,-143093.0,50
201500001540,15,11,22,500,3,1,1,1,6,50549,M,4883630.0,-144383.0,50
201500001541,15,11,26,1945,5,1,1,1,6,50231,M,4897620.0,-156141.0,50
201500001542,15,12,3,1315,1,1,9,1,1,50255,M,4899110.0,-146739.0,50
201500001543,15,12,9,1045,1,1,1,1,5,50109,M,4891140.0,-145036.0,50
201500001544,15,4,12,1400,1,1,2,1,3,50364,M,4912210.0,-148915.0,50
201500001545,15,1,24,445,5,2,6,3,6,50267,M,4921220.0,-152871.0,50
201500001546,15,2,27,2145,2,1,3,1,6,50267,M,4920920.0,-150090.0,50
201500001547,15,4,19,1215,1,1,1,1,7,50415,M,4931510.0,-147118.0,50
201500001548,15,4,23,1645,1,1,2,1,3,50328,M,4920570.0,-143668.0,50
201500001549,15,5,9,1730,1,2,2,1,3,50403,M,4916720.0,-159673.0,50
201500001550,15,7,4,2145,1,1,1,1,6,50181,M,4914190.0,-133357.0,50
201500001551,15,7,4,2000,1,1,1,1,6,50528,M,4931530.0,-157964.0,50
201500001552,15,7,10,730,2,1,1,1,6,50343,M,4928570.0,-159607.0,50
201500001553,15,10,14,945,2,1,1,1,6,50550,M,4912410.0,-141450.0,50
201500001554,15,11,20,1730,2,2,1,1,3,50558,M,4929380.0,-155473.0,50
201500001555,15,1,26,1015,1,2,2,2,3,50582,M,4872390.0,-93017.0,50
201500001556,15,2,6,1700,1,1,1,1,6,50200,M,4867090.0,-84493.0,50
201500001557,15,2,3,600,5,2,1,1,6,50494,M,4860820.0,-90841.0,50
201500001558,15,4,6,1400,1,1,1,7,6,50456,M,4866220.0,-87113.0,50
201500001559,15,5,18,815,1,1,1,1,6,50494,M,4860170.0,-90303.0,50
201500001560,15,8,2,1500,1,1,1,1,6,50088,M,4873200.0,-96925.0,50
201500001561,15,2,2,1145,1,1,1,1,4,50274,M,4856480.0,-109484.0,50
201500001562,15,2,24,2030,3,1,2,1,3,50256,M,4859430.0,-123061.0,50
201500001563,15,1,11,1908,5,2,1,1,6,01053,M,4621083.0,523659.0,01
201500001564,15,1,14,1425,1,1,1,1,1,01451,M,4624581.0,527021.0,01
201500001565,15,3,25,1535,1,2,7,2,6,01053,M,4620639.0,522690.0,01
201500001566,15,1,17,1455,1,2,1,1,6,01053,M,4620616.0,523014.0,01
201500001567,15,4,4,1735,1,2,3,2,1,01053,M,4618488.0,523802.0,01
201500001568,15,1,19,1640,2,2,3,2,6,01053,M,4619597.0,521665.0,01
201500001569,15,4,7,640,2,2,1,1,3,01053,M,4620080.0,523278.0,01
201500001570,15,1,19,1745,5,2,1,2,6,01053,M,4620372.0,522332.0,01
201500001571,15,4,9,910,1,2,2,7,6,01053,M,,,01
201500001572,15,1,21,715,5,2,1,2,6,01053,M,4619296.0,521327.0,01
201500001573,15,4,10,1344,1,2,1,1,6,01053,M,4619771.0,521624.0,01
201500001574,15,1,26,1220,1,2,1,2,6,01053,M,4619516.0,523004.0,01
201500001575,15,4,10,1410,1,2,6,1,3,01451,M,,,01
201500001576,15,1,31,830,1,2,6,2,3,01053,M,4619011.0,522960.0,01
201500001577,15,4,14,1455,1,2,1,1,6,01289,M,,,01
201500001578,15,2,3,805,2,2,2,5,6,01053,M,4619541.0,522524.0,01
201500001579,15,4,15,1700,1,2,1,1,3,01053,M,,,01
201500001580,15,2,3,655,2,1,9,8,6,01053,M,,,01
201500001581,15,4,17,1230,1,2,1,1,6,01053,M,,,01
201500001582,15,2,4,725,5,2,3,1,6,01053,M,,,01
201500001583,15,4,18,1730,1,2,1,1,7,01053,M,4619995.0,524117.0,01
201500001584,15,2,12,1350,1,2,1,1,1,01053,M,4621611.0,522045.0,01
201500001585,15,4,21,1610,1,1,2,1,3,01344,M,,,01
201500001586,15,4,21,1225,1,2,6,1,3,01053,M,4620741.0,522893.0,01
201500001587,15,2,16,830,1,1,1,5,1,01451,M,,,01
201500001588,15,2,20,1910,5,2,9,1,6,01053,M,,,01
201500001589,15,4,28,937,1,2,9,1,6,01053,M,4620198.0,524858.0,01
201500001590,15,4,28,1200,1,2,3,1,1,01053,M,,,01
201500001591,15,2,25,1420,1,1,1,1,4,01451,M,4622629.0,520532.0,01
201500001592,15,3,2,1720,2,2,4,1,3,01451,M,4621485.0,521260.0,01
201500001593,15,5,5,1300,1,2,2,1,3,01053,M,4620969.0,523015.0,01
201500001594,15,3,3,1235,1,2,2,1,3,01053,M,,,01
201500001595,15,5,11,2315,5,2,2,1,3,01053,M,4620206.0,523175.0,01
201500001596,15,3,9,1200,1,2,2,1,3,01053,M,4620666.0,523309.0,01
201500001597,15,5,26,1710,1,2,2,1,6,01053,M,4620020.0,521545.0,01
201500001598,15,3,10,805,1,2,1,1,5,01344,M,,,01
201500001599,15,5,29,1350,1,2,2,1,3,01053,M,4620195.0,522072.0,01
201500001600,15,3,17,720,1,1,2,1,3,01451,M,4624992.0,520585.0,01
201500001601,15,6,2,810,1,2,1,1,2,01053,M,4620286.0,522836.0,01
201500001602,15,1,26,1530,1,1,1,2,1,61394,M,4829151.0,58735.0,61
201500001603,15,6,3,1315,1,2,1,1,6,01344,M,4621459.0,520387.0,01
201500001604,15,6,8,1725,1,2,3,1,6,01053,M,0.0,0.0,01
201500001605,15,6,13,1945,1,2,1,1,2,01344,M,4619786.0,520338.0,01
201500001606,15,6,24,1425,1,2,2,1,3,01053,M,0.0,0.0,01
201500001607,15,6,26,740,1,1,1,1,5,01451,M,,,01
201500001608,15,6,26,1048,1,1,2,1,3,01053,M,4617666.0,523423.0,01
201500001609,15,7,1,1245,1,2,6,7,3,01053,M,4621760.0,522767.0,01
201500001610,15,7,2,1635,1,1,3,1,3,01053,M,4619890.0,521049.0,01
201500001611,15,7,6,1910,1,2,1,1,6,01053,M,4620418.0,522411.0,01
201500001612,15,7,9,1653,1,2,1,1,1,01289,M,4617310.0,519831.0,01
201500001613,15,7,18,945,1,2,6,1,6,01053,M,4620740.0,522914.0,01
201500001614,15,7,23,1250,1,2,2,1,3,01053,M,0.0,0.0,01
201500001615,15,7,23,2315,5,2,2,1,3,01451,M,4624410.0,521939.0,01
201500001616,15,8,2,1330,1,2,3,1,6,01053,M,4621034.0,525867.0,01
201500001617,15,8,4,1545,1,1,2,1,3,01289,M,0.0,0.0,01
201500001618,15,8,28,1335,1,2,5,1,6,01053,M,0.0,0.0,01
201500001619,15,8,29,900,1,1,3,1,2,01289,M,4619303.0,522361.0,01
201500001620,15,9,4,1830,1,1,2,1,3,01451,M,0.0,0.0,01
201500001621,15,9,16,925,1,1,1,2,7,01053,M,4619224.0,527112.0,01
201500001622,15,9,16,1245,1,2,2,1,3,01053,M,4620410.0,522417.0,01
201500001623,15,9,19,2055,5,2,6,2,3,01053,M,4619360.0,522508.0,01
201500001624,15,9,22,735,1,1,1,1,7,01053,M,4619222.0,527100.0,01
201500001625,15,9,23,1122,1,2,5,8,3,01053,M,0.0,0.0,01
201500001626,15,9,28,1710,1,2,2,1,6,01053,M,4619560.0,523690.0,01
201500001627,15,9,29,1744,1,2,1,1,3,01053,M,4618933.0,522715.0,01
201500001628,15,10,1,1720,1,2,2,1,5,01053,M,,,01
201500001629,15,10,2,800,1,2,2,1,2,01053,M,4620795.0,522759.0,01
201500001630,15,10,7,2220,5,2,2,2,3,01053,M,4619543.0,522519.0,01
201500001631,15,10,9,2135,5,2,1,1,2,01053,M,4619770.0,521675.0,01
201500001632,15,10,10,1005,1,2,3,5,6,01053,M,4619690.0,521461.0,01
201500001633,15,10,15,1410,1,2,6,2,2,01053,M,4622840.0,522936.0,01
201500001634,15,10,21,1409,1,1,3,1,3,01344,M,4619840.0,517531.0,01
201500001635,15,10,25,1425,1,2,9,1,3,01053,M,4620052.0,521534.0,01
201500001636,15,11,3,1905,5,2,3,1,3,01053,M,4621056.0,522275.0,01
201500001637,15,11,6,1455,1,1,2,1,3,01289,M,4617672.0,523421.0,01
201500001638,15,11,7,1930,5,2,5,1,2,01053,M,4620799.0,523588.0,01
201500001639,15,11,22,1450,1,2,6,8,3,01053,M,4619510.0,522951.0,01
201500001640,15,11,25,1720,5,2,6,3,6,01053,M,4620274.0,524511.0,01
201500001641,15,12,11,1838,5,2,3,1,3,01053,M,4620710.0,522983.0,01
201500001642,15,12,13,1835,5,2,7,1,6,01053,M,4620547.0,522686.0,01
201500001643,15,12,16,1035,1,2,2,1,3,01053,M,,,01
201500001644,15,12,22,2340,5,2,1,1,7,01053,M,4619714.0,522554.0,01
201500001645,15,9,28,1545,1,2,1,1,1,61382,M,4845795.0,-6074.0,61
201500001646,15,11,6,1215,1,1,1,2,1,61213,M,4847516.0,-11831.0,61
201500001647,15,1,6,1800,3,1,1,5,1,61284,M,4860119.0,31826.0,61
201500001648,15,1,13,600,3,1,1,1,1,61249,M,4865386.0,3949.0,61
201500001649,15,1,26,1445,1,1,1,1,6,61294,M,4863519.0,8027.0,61
201500001650,15,3,8,2030,3,1,1,1,1,61412,M,4847989.0,39225.0,61
201500001651,15,3,27,1730,1,2,4,1,6,61156,M,4854120.0,24643.0,61
201500001652,15,5,6,830,1,2,1,2,4,61464,M,4859552.0,17049.0,61
201500001653,15,8,1,1000,1,1,4,1,3,61249,M,4865983.0,2469.0,61
201500001654,15,8,16,1745,1,1,1,1,6,61258,M,4850689.0,37890.0,61
201500001655,15,9,20,1930,1,1,2,1,3,61166,M,4863735.0,41051.0,61
201500001656,15,11,23,1015,1,1,3,1,3,61481,M,4863296.0,39655.0,61
201500001657,15,12,14,1430,1,1,1,1,7,61415,M,4850783.0,32788.0,61
201500001658,15,1,5,1915,3,1,1,5,1,61283,M,4880027.0,-9908.0,61
201500001659,15,2,15,600,3,1,1,5,7,61474,M,4877639.0,7002.0,61
201500001660,15,3,3,1715,1,1,3,1,2,61371,M,4868024.0,-17210.0,61
201500001661,15,7,9,1645,1,1,1,1,6,61344,M,4863062.0,-21613.0,61
201500001662,15,8,13,1915,1,1,1,2,1,61339,M,4877279.0,-24908.0,61
201500001663,15,9,23,1745,1,1,2,1,3,61199,M,4878631.0,16158.0,61
201500001664,15,9,16,1330,1,1,1,1,6,61083,M,4880212.0,12239.0,61
201500001665,15,2,1,245,3,2,7,2,6,61460,M,4889442.0,33807.0,61
201500001666,15,2,7,1830,2,1,2,1,3,61108,M,4879593.0,35916.0,61
201500001667,15,2,10,1745,3,1,1,1,7,61310,M,4868603.0,21146.0,61
201500001668,15,4,26,1915,2,1,1,3,7,61493,M,4881809.0,36818.0,61
201500001669,15,5,9,845,1,1,1,1,1,61103,M,4882902.0,33399.0,61
201500001670,15,6,12,2000,1,1,1,1,1,61131,M,4876320.0,24505.0,61
201500001671,15,7,12,1200,1,1,2,1,2,61385,M,4879472.0,34433.0,61
201500001672,15,9,5,1900,1,1,1,3,6,61110,M,4872558.0,17404.0,61