Num_Acc,an,mois,jour,hrmn,lum,agg,int,atm,col,com,gps,lat,long,dep
201500001673,15,10,8,1200,1,2,1,1,1,61508,M,4892138.0,19925.0,61
201500001674,15,5,9,1815,1,1,1,1,7,61201,M,4861047.0,-63094.0,61
201500001675,15,6,9,645,1,1,2,1,1,61421,M,4854562.0,-71017.0,61
201500001676,15,9,22,2015,3,1,1,1,2,61369,M,4866043.0,-60656.0,61
201500001677,15,9,28,1815,1,2,1,7,6,61145,M,4859058.0,-65817.0,61
201500001678,15,10,26,1800,2,1,3,1,5,61075,M,4851489.0,-64194.0,61
201500001679,15,11,6,1945,3,2,3,2,3,61163,M,4866182.0,-5135.0,61
201500001680,15,12,6,1415,1,1,2,8,1,61075,M,4847465.0,-62542.0,61
201500001681,15,12,21,1345,1,1,1,1,5,61369,M,4864859.0,-61932.0,61
201500001682,15,12,26,1630,2,2,3,1,1,61163,M,4866472.0,-51595.0,61
201500001683,15,3,22,1500,1,1,1,1,6,61463,M,4862746.0,-42775.0,61
201500001684,15,4,1,1015,1,2,2,8,3,61168,M,4859030.0,-35938.0,61
201500001685,15,7,10,1315,1,2,3,1,3,61063,M,4869722.0,-36888.0,61
201500001686,15,7,20,1630,1,1,1,1,1,61096,M,4853097.0,-46244.0,61
201500001687,15,8,10,815,1,2,2,1,6,61168,M,4859131.0,-36628.0,61
201500001688,15,9,25,2300,3,1,1,1,1,61332,M,4870499.0,-34063.0,61
201500001689,15,10,14,1830,2,2,1,2,6,61431,M,4858399.0,-41679.0,61
201500001690,15,11,23,845,1,1,2,1,3,61463,M,4863546.0,-39352.0,61
201500001691,15,11,24,1045,2,1,5,2,3,61168,M,4856148.0,-39562.0,61
201500001692,15,12,31,1415,1,2,1,1,3,61094,M,4870527.0,-58637.0,61
201500001693,15,1,30,1315,1,1,1,1,7,61094,M,4869584.0,-60572.0,61
201500001694,15,3,8,30,3,1,1,1,7,61513,M,4871369.0,-77344.0,61
201500001695,15,6,5,1830,1,1,1,1,3,61486,M,4875412.0,-73432.0,61
201500001696,15,6,30,1530,1,1,1,1,6,61443,M,4873512.0,-63935.0,61
201500001697,15,9,24,1410,1,1,2,2,3,61069,M,4884470.0,-45030.0,61
201500001698,15,10,22,2015,3,1,1,1,1,61486,M,4876849.0,-74196.0,61
201500001699,15,10,31,2315,3,1,1,1,1,61221,M,4874405.0,-47446.0,61
201500001700,15,12,17,1415,1,1,1,1,6,61070,M,4881274.0,-60123.0,61
201500001701,15,12,30,1930,3,1,1,1,6,61007,M,4877383.0,-50960.0,61
201500001702,15,3,5,1700,1,2,1,1,6,61414,M,4851351.0,54691.0,61
201500001703,15,3,12,1315,1,1,1,1,1,61097,M,4847635.0,67031.0,61
201500001704,15,5,26,1200,1,2,1,1,6,61293,M,4852197.0,54543.0,61
201500001705,15,6,22,1000,1,2,1,1,6,61293,M,4851817.0,54897.0,61
201500001706,15,7,17,1845,1,1,1,1,2,61438,M,4859060.0,48175.0,61
201500001707,15,7,28,1645,1,1,1,2,1,61450,M,4846614.0,41498.0,61
201500001708,15,10,30,140,3,1,1,1,6,61475,M,4863910.0,58321.0,61
201500001709,15,11,2,1845,5,2,1,1,3,61255,M,4844933.0,62077.0,61
201500001710,15,12,12,1845,3,1,1,1,6,61229,M,4851286.0,59782.0,61
201500001711,15,7,12,615,2,1,1,1,6,61246,M,4826916.0,77149.0,61
201500001712,15,9,19,1500,1,1,1,1,1,61005,M,4835658.0,55895.0,61
201500001713,15,9,21,2330,3,1,1,3,6,61426,M,4835273.0,52247.0,61
201500001714,15,12,17,1815,3,1,2,1,1,61337,M,4832839.0,73077.0,61
201500001715,15,1,10,1900,5,2,6,2,6,61457,M,4878844.0,58239.0,61
201500001716,15,4,29,1200,1,2,1,1,7,61506,M,4885814.0,45767.0,61
201500001717,15,5,30,1200,1,1,1,1,7,61208,M,4868022.0,69843.0,61
201500001718,15,6,20,1815,1,1,1,1,7,61456,M,4877850.0,66269.0,61
201500001719,15,8,8,2200,3,1,6,1,6,61432,M,4875916.0,67476.0,61
201500001720,15,8,16,1200,1,2,6,1,3,61456,M,4876105.0,64136.0,61
201500001721,15,9,18,1700,1,1,1,2,7,61440,M,4872763.0,62145.0,61
201500001722,15,10,9,1930,2,1,1,1,3,61386,M,4879234.0,44047.0,61
201500001723,15,10,28,1715,1,1,1,1,6,61193,M,4881648.0,50409.0,61
201500001724,15,4,2,1700,1,1,1,1,1,61491,M,4859781.0,68341.0,61
201500001725,15,7,9,2045,1,2,1,1,6,61206,M,4859673.0,72367.0,61
201500001726,15,8,7,2015,1,2,8,1,3,61116,M,4838220.0,84746.0,61
201500001727,15,8,8,330,3,1,1,1,7,61230,M,4853613.0,74011.0,61
201500001728,15,8,19,1730,1,1,1,8,7,61061,M,4844188.0,88141.0,61
201500001729,15,8,27,1645,1,1,1,3,1,61343,M,4863410.0,67920.0,61
201500001730,15,11,2,1745,2,2,1,1,6,61345,M,4842891.0,76646.0,61
201500001731,15,1,15,800,3,2,1,3,6,44172,M,4726390.0,-148762.0,44
201500001732,15,3,27,700,1,2,3,1,3,44172,M,4725870.0,-148749.0,44
201500001733,15,4,10,1,5,1,1,1,1,44109,M,4727100.0,-147728.0,44
201500001734,15,11,21,1715,1,2,1,1,6,44204,M,4726510.0,-144243.0,44
201500001735,15,9,18,1415,1,1,1,3,1,44142,M,4704146.0,-141539.0,44
201500001736,15,4,9,1545,1,1,1,1,3,44026,M,4728680.0,-144494.0,44
201500001737,15,11,8,345,5,1,1,1,1,44026,M,4726700.0,-149500.0,44
201500001738,15,11,24,1215,1,2,1,2,3,44026,M,4727640.0,-148222.0,44
201500001739,15,1,30,2135,5,1,1,8,7,44043,M,4708331.0,-128484.0,44
201500001740,15,2,11,1600,1,2,6,1,3,44043,M,4708700.0,-128700.0,44
201500001741,15,3,6,2100,3,1,1,1,6,44127,M,0.0,0.0,44
201500001742,15,3,20,1545,1,1,1,2,1,44142,M,4702912.0,-140515.0,44
201500001743,15,4,16,1645,1,2,3,1,3,44043,M,4709800.0,-128900.0,44
201500001744,15,5,6,2000,2,2,1,1,7,44100,M,4712962.0,-135351.0,44
201500001745,15,6,4,745,1,1,2,1,1,44064,M,4712200.0,-129500.0,44
201500001746,15,5,16,800,3,1,1,1,6,44022,M,4704570.0,-112285.0,44
201500001747,15,7,6,745,1,1,1,7,1,44022,M,4704286.0,-116872.0,44
201500001748,15,9,19,2030,2,1,1,1,2,44100,M,4710974.0,-133871.0,44
201500001749,15,10,21,915,1,2,1,1,6,44002,M,4707669.0,-140052.0,44
201500001750,15,1,3,945,1,1,1,2,1,44155,M,4701582.0,-158875.0,44
201500001751,15,1,9,700,3,1,1,3,6,44188,M,4703900.0,-165600.0,44
201500001752,15,2,1,1345,1,1,1,1,2,44081,M,4691800.0,-154800.0,44
201500001753,15,2,6,1830,3,1,1,1,6,44188,M,4705900.0,-157400.0,44
201500001754,15,1,13,1015,1,2,1,2,6,44206,M,4690300.0,-167600.0,44
201500001755,15,3,18,1845,2,1,2,1,3,44174,M,4704807.0,-172800.0,44
201500001756,15,6,19,2245,3,1,1,1,2,44041,M,4709731.0,-155431.0,44
201500001757,15,8,21,2015,1,1,1,1,1,44188,M,4700740.0,-165695.0,44
201500001758,15,1,5,800,1,1,2,1,1,44032,M,4716596.0,-134151.0,44
201500001759,15,5,17,900,1,1,2,1,1,44212,M,4714429.0,-125198.0,44
201500001760,15,7,23,1430,1,1,1,1,6,44212,M,4715499.0,-125765.0,44
201500001761,15,7,29,630,2,1,1,1,6,44169,M,4724330.0,-144254.0,44
201500001762,15,7,27,1100,1,1,1,1,1,44141,M,4724590.0,-126115.0,44
201500001763,15,9,5,1530,1,1,1,1,3,44029,M,4727300.0,-133100.0,44
201500001764,15,9,24,1545,1,2,1,1,6,44108,M,4713819.0,-128236.0,44
201500001765,15,9,27,1300,1,1,1,1,1,44212,M,4717476.0,-127866.0,44
201500001766,15,7,15,1800,1,2,2,7,3,44198,M,4714039.0,-152112.0,44
201500001767,15,10,3,1700,1,1,1,1,1,44198,M,4715150.0,-153448.0,44
201500001768,15,10,17,1800,1,2,1,1,6,44215,M,4716900.0,-145780.0,44
201500001769,15,11,7,1045,1,1,1,1,2,44215,M,4716220.0,-144445.0,44
201500001770,15,11,20,1715,1,2,1,1,3,44215,M,4718061.0,-147526.0,44
201500001771,15,11,23,1945,5,2,1,1,3,44215,M,4716886.0,-146620.0,44
201500001772,15,12,23,1745,3,1,1,1,5,44037,M,0.0,0.0,44
201500001773,15,9,20,1830,1,1,1,1,1,44077,M,4749338.0,-142481.0,44
201500001774,15,6,8,700,2,1,1,1,1,44096,M,4740786.0,-121832.0,44
201500001775,15,7,12,1900,1,1,1,1,1,44017,M,4751263.0,-120591.0,44
201500001776,15,9,8,1215,1,2,2,1,5,44003,M,4738279.0,-117919.0,44
201500001777,15,10,2,845,1,1,1,1,1,44180,M,4752528.0,-118028.0,44
201500001778,15,11,4,745,2,1,3,2,4,44096,M,4742108.0,-129567.0,44
201500001779,15,11,20,1830,3,1,1,2,6,44213,M,0.0,0.0,44
201500001780,15,12,31,1345,1,1,1,1,6,44004,M,0.0,0.0,44
201500001781,15,12,23,2145,3,1,1,1,1,44117,M,4713500.0,-132700.0,44
201500001782,15,4,10,1830,1,1,1,8,7,44077,M,4751813.0,-138212.0,44
201500001783,15,6,1,1715,1,1,1,1,1,44082,M,4742484.0,-136476.0,44
201500001784,15,6,11,1500,1,1,2,1,3,44028,M,4733814.0,-134172.0,44
201500001785,15,8,2,1715,1,2,1,1,6,44082,M,4741139.0,-137095.0,44
201500001786,15,10,5,1400,1,1,1,2,1,44077,M,4748130.0,-144817.0,44
201500001787,15,4,11,1000,1,1,1,1,7,44107,M,4742753.0,-133983.0,44
201500001788,15,1,6,815,3,1,3,1,7,44153,M,4771402.0,-148079.0,44
201500001789,15,1,30,815,2,1,1,9,7,44078,M,4768328.0,-118130.0,44
201500001790,15,2,9,845,1,1,2,1,3,44146,M,0.0,0.0,44
201500001791,15,2,15,1900,5,2,1,1,6,44036,M,4772344.0,-138467.0,44
201500001792,15,4,13,1345,1,2,6,1,3,44036,M,4770608.0,-138416.0,44
201500001793,15,5,6,2330,3,2,6,1,6,44199,M,4773939.0,-129777.0,44
201500001794,15,6,14,1645,1,1,1,1,6,44099,M,4762039.0,-141373.0,44
201500001795,15,6,22,1030,1,1,1,1,3,44031,M,4762985.0,-120504.0,44
201500001796,15,9,6,530,3,1,1,1,2,44054,M,4770019.0,-135142.0,44
201500001797,15,9,17,730,1,2,1,1,3,44036,M,4771942.0,-136274.0,44
201500001798,15,12,22,1530,1,2,1,8,2,44036,M,0.0,0.0,44
201500001799,15,1,4,1245,1,1,1,8,6,44067,M,4761547.0,-182156.0,44
201500001800,15,1,22,2340,3,2,1,9,6,44111,M,4737076.0,-170444.0,44
201500001801,15,5,17,1530,1,1,1,1,2,44007,M,4763826.0,-198891.0,44
201500001802,15,5,18,915,1,1,1,1,1,44015,M,4747106.0,-173776.0,44
201500001803,15,5,26,700,1,1,2,1,3,44007,M,4764300.0,-197088.0,44
201500001804,15,6,7,930,1,2,1,1,3,44056,M,4741066.0,-179487.0,44
201500001805,15,6,8,1615,1,2,1,1,6,44185,M,4764535.0,-207562.0,44
201500001806,15,6,23,2130,2,1,1,1,1,44015,M,4746857.0,-183713.0,44
201500001807,15,7,5,1830,1,1,1,1,7,44067,M,4769053.0,-183786.0,44
201500001808,15,7,10,1300,1,1,1,1,1,44056,M,0.0,0.0,44
201500001809,15,7,31,1215,1,1,1,1,7,44062,M,4752615.0,-176771.0,44
201500001810,15,8,2,1615,1,1,2,1,3,44023,M,4741699.0,-189421.0,44
201500001811,15,8,23,500,1,1,1,2,6,44067,M,4762859.0,-186957.0,44
201500001812,15,9,5,1145,1,1,3,7,3,44015,M,4746099.0,-183327.0,44
201500001813,15,9,21,915,1,1,1,5,1,44067,M,4762840.0,-185859.0,44
201500001814,15,10,9,1830,1,1,1,1,5,44023,M,4744857.0,-186413.0,44
201500001815,15,10,16,1115,1,1,2,1,1,44044,M,4764312.0,-176787.0,44
201500001816,15,11,10,15,5,2,1,1,6,44185,M,0.0,0.0,44
201500001817,15,11,9,1200,1,1,1,1,7,44007,M,0.0,0.0,44
201500001818,15,12,7,430,5,1,6,9,7,44185,M,0.0,0.0,44
201500001819,15,1,29,845,2,2,1,8,6,44073,M,4741377.0,-165335.0,44
201500001820,15,2,4,430,3,1,1,1,6,44122,M,4741896.0,-143708.0,44
201500001821,15,2,14,1100,1,1,2,1,1,44110,M,4741826.0,-151967.0,44
201500001822,15,3,17,1830,1,2,1,1,6,44110,M,4743751.0,-150103.0,44
201500001823,15,3,25,1545,1,1,1,1,1,44122,M,4743034.0,-145824.0,44
201500001824,15,5,12,745,1,1,3,1,1,44179,M,4734947.0,-146491.0,44
201500001825,15,5,20,330,3,1,1,1,6,44179,M,4735782.0,-145777.0,44
201500001826,15,5,29,1900,1,1,1,1,1,44027,M,4739459.0,-154475.0,44
201500001827,15,10,2,2030,5,2,6,1,3,44110,M,4743981.0,-149441.0,44
201500001828,15,10,20,1945,3,1,1,1,2,44073,M,4744768.0,-164539.0,44
201500001829,15,11,1,545,3,1,1,1,7,44073,M,4745007.0,-166546.0,44
201500001830,15,12,2,1230,1,1,2,1,3,44073,M,0.0,0.0,44
201500001831,15,12,23,1845,5,2,1,1,6,44110,M,0.0,0.0,44
201500001832,15,12,26,1930,3,1,2,1,3,44073,M,0.0,0.0,44
201500001833,15,2,17,2315,3,1,1,1,6,44113,M,4756214.0,-158675.0,44
201500001834,15,4,26,1630,1,1,1,1,6,44113,M,4755519.0,-161559.0,44
201500001835,15,2,5,800,5,2,1,1,6,44018,M,4714391.0,-169352.0,44
201500001836,15,3,21,15,1,1,1,1,1,44039,M,4718702.0,-180283.0,44
201500001837,15,4,12,1445,1,1,1,1,7,44171,M,4714920.0,-169906.0,44
201500001838,15,5,17,1600,1,1,1,1,2,44130,M,4710944.0,-154267.0,44
201500001839,15,7,16,1900,1,1,1,1,3,44150,M,4713100.0,-162312.0,44
201500001840,15,8,11,1630,1,1,1,2,7,44130,M,4714273.0,-157212.0,44
201500001841,15,8,21,1500,1,1,6,1,3,44101,M,4717650.0,-167970.0,44
201500001842,15,9,12,1730,3,1,1,1,6,44130,M,4714953.0,-156133.0,44
201500001843,15,9,22,815,1,1,1,2,3,44018,M,4714860.0,-164149.0,44
201500001844,15,10,26,130,5,1,1,2,6,44130,M,4713876.0,-155202.0,44
201500001845,15,11,23,1730,2,2,1,1,6,44130,M,0.0,0.0,44
201500001846,15,5,7,1730,1,2,1,1,7,44126,M,4715047.0,-222393.0,44
201500001847,15,5,30,2230,5,2,1,1,3,44040,M,4711962.0,-192259.0,44
201500001848,15,6,6,2000,1,1,1,1,6,44131,M,4712069.0,-215750.0,44
201500001849,15,8,20,1145,1,1,1,1,3,44164,M,4707600.0,-188500.0,44
201500001850,15,9,27,930,1,1,1,1,2,44126,M,4713315.0,-216434.0,44
201500001851,15,9,27,1800,1,1,1,1,3,44131,M,4710924.0,-204815.0,44
201500001852,15,10,5,945,1,1,1,1,1,44040,M,4712502.0,-192406.0,44
201500001853,15,10,6,1200,1,1,2,2,1,44164,M,4707449.0,-188965.0,44
201500001854,15,10,17,2245,3,1,1,1,1,44164,M,4708405.0,-185948.0,44
201500001855,15,12,2,815,2,1,1,1,1,44131,M,0.0,0.0,44
201500001856,15,1,12,745,5,2,1,1,3,44116,M,4728680.0,-202772.0,44
201500001857,15,4,22,1300,1,1,1,1,1,44038,M,4718929.0,-199054.0,44
201500001858,15,5,29,430,3,1,1,1,2,44154,M,4720007.0,-214774.0,44
201500001859,15,6,20,1215,1,1,3,1,3,44192,M,4727648.0,-201167.0,44
201500001860,15,6,24,2030,1,1,1,1,6,44061,M,4725448.0,-193142.0,44
201500001861,15,7,5,1615,1,1,1,1,5,44182,M,4717884.0,-214509.0,44
201500001862,15,8,20,1815,1,2,3,1,3,44154,M,4725670.0,-216026.0,44
201500001863,15,9,9,1000,1,1,1,1,4,44046,M,4727663.0,-207953.0,44
201500001864,15,10,1,2100,3,1,2,1,3,44061,M,0.0,0.0,44
201500001865,15,10,4,2045,3,1,1,2,6,44061,M,4725260.0,-195715.0,44
201500001866,15,10,31,400,3,1,1,1,6,44192,M,4725126.0,-198771.0,44
201500001867,15,12,16,915,1,1,1,2,5,44046,M,0.0,0.0,44
201500001868,15,2,17,1645,2,1,1,1,6,44087,M,4696747.0,-182471.0,44
201500001869,15,3,2,1215,1,2,1,1,1,44186,M,4710627.0,-181335.0,44
201500001870,15,4,27,1730,1,1,1,1,6,44087,M,4702303.0,-182154.0,44
201500001871,15,5,2,1215,1,1,1,3,6,44119,M,4699311.0,-176115.0,44
201500001872,15,5,8,915,1,1,1,1,6,44090,M,4699635.0,-169225.0,44
201500001873,15,6,8,1830,1,1,2,1,3,44145,M,4719385.0,-185107.0,44
201500001874,15,6,26,215,3,2,1,1,1,44178,M,4711066.0,-173534.0,44
201500001875,15,7,4,1915,1,1,2,1,3,44181,M,0.0,0.0,44
201500001876,15,8,30,1715,1,1,1,1,1,44119,M,4699298.0,-176471.0,44
201500001877,15,12,18,2000,3,1,1,1,1,44119,M,0.0,0.0,44
201500001878,15,5,22,815,1,2,1,1,1,44047,M,4721323.0,-174526.0,44
201500001879,15,7,7,915,1,1,2,1,3,44047,M,4725629.0,-172139.0,44
201500001880,15,8,28,1615,1,1,1,1,1,44047,M,4724590.0,-172881.0,44
201500001881,15,9,27,530,3,1,1,1,6,44194,M,4725645.0,-168912.0,44
201500001882,15,10,8,1130,1,2,6,1,3,44047,M,4721802.0,-168261.0,44
201500001883,15,10,14,730,2,1,1,1,1,44047,M,4723280.0,-170481.0,44
201500001884,15,12,2,1530,1,2,6,1,3,44047,M,0.0,0.0,44
201500001885,15,1,2,1530,1,2,1,1,1,44183,M,4738960.0,-243556.0,44
201500001886,15,1,10,400,3,1,1,2,6,44069,M,4731495.0,-240839.0,44
201500001887,15,1,10,1830,3,1,1,2,6,44183,M,4740379.0,-241544.0,44
201500001888,15,1,19,1100,1,2,1,7,6,44072,M,4745300.0,-231300.0,44
201500001889,15,4,2,730,1,1,1,1,3,44069,M,4734216.0,-240542.0,44
201500001890,15,4,7,1615,1,2,3,1,3,44183,M,4738937.0,-242601.0,44
201500001891,15,4,8,815,1,2,6,1,3,44069,M,4734134.0,-242761.0,44
201500001892,15,5,15,1345,1,1,1,1,7,44069,M,4733402.0,-238504.0,44
201500001893,15,5,27,1900,1,2,1,1,3,44049,M,4728698.0,-250520.0,44
201500001894,15,6,9,730,1,1,2,1,3,44175,M,4736016.0,-237408.0,44
201500001895,15,6,12,1615,1,2,6,1,3,44069,M,4732730.0,-241292.0,44
201500001896,15,7,4,1600,1,1,1,1,1,44069,M,4733674.0,-246729.0,44
201500001897,15,7,21,1200,1,2,1,2,6,44069,M,4733500.0,-242700.0,44
201500001898,15,7,25,2230,3,2,1,1,1,44097,M,4737990.0,-245991.0,44
201500001899,15,7,15,1415,1,1,6,1,3,44069,M,4734137.0,-242732.0,44
201500001900,15,8,5,1915,1,1,3,1,3,44151,M,4733681.0,-233300.0,44
201500001901,15,8,15,1645,1,1,1,1,6,44097,M,4739880.0,-248492.0,44
201500001902,15,9,5,1600,1,1,1,1,1,44069,M,4732600.0,-246614.0,44
201500001903,15,9,9,445,3,1,1,1,6,44072,M,4740862.0,-235188.0,44
201500001904,15,9,9,1330,1,1,1,1,2,44030,M,4744654.0,-226458.0,44
201500001905,15,9,18,645,2,2,1,8,6,44069,M,4733011.0,-243543.0,44
201500001906,15,9,29,900,1,2,1,7,3,44125,M,4737221.0,-252693.0,44
201500001907,15,10,29,1645,1,1,1,8,4,44072,M,4742783.0,-233485.0,44
201500001908,15,11,23,2200,5,1,1,1,6,44211,M,0.0,0.0,44
201500001909,15,4,23,1845,1,2,1,1,6,44210,M,4729320.0,-221577.0,44
201500001910,15,4,24,415,3,1,1,1,6,44052,M,4736881.0,-211862.0,44
201500001911,15,6,5,1245,1,1,1,1,6,44103,M,4731536.0,-216916.0,44
201500001912,15,6,19,800,1,2,1,1,2,44103,M,4731000.0,-215900.0,44
201500001913,15,9,20,1200,1,2,1,1,1,44210,M,4732100.0,-222000.0,44
201500001914,15,9,29,1845,1,1,1,1,3,44103,M,4730684.0,-217921.0,44
201500001915,15,10,27,745,1,2,1,2,7,44052,M,4732255.0,-206143.0,44
201500001916,15,10,27,1700,1,1,1,1,5,44168,M,4736620.0,-218874.0,44
201500001917,15,12,25,2045,3,1,1,8,1,44210,M,0.0,0.0,44
201500001918,15,1,7,1115,1,1,1,1,2,44161,M,4752136.0,-202152.0,44
201500001919,15,7,5,1845,1,1,1,1,6,44129,M,4746105.0,-214846.0,44
201500001920,15,8,10,1500,1,2,1,1,2,44050,M,4740939.0,-216773.0,44
201500001921,15,8,18,2000,1,2,1,1,3,44068,M,4748684.0,-192680.0,44
201500001922,15,9,20,100,3,2,1,1,6,44189,M,4744681.0,-219093.0,44
201500001923,15,10,17,1500,1,1,2,7,3,44068,M,4751092.0,-195805.0,44
201500001924,15,12,13,1430,1,2,2,1,3,44129,M,0.0,0.0,44
201500001925,15,4,9,1700,1,1,1,1,5,44158,M,4728756.0,-181552.0,44
201500001926,15,9,8,1700,1,1,3,1,3,44217,M,4732909.0,-172677.0,44
201500001927,15,10,22,2300,3,1,1,1,6,44217,M,4731917.0,-175948.0,44
201500001928,15,11,20,715,5,2,1,2,3,44158,M,0.0,0.0,44
201500001929,15,12,2,1800,2,1,1,1,1,44194,M,0.0,0.0,44
201500001930,15,12,7,815,1,1,1,1,1,44217,M,0.0,0.0,44
201500001931,15,12,12,730,3,1,1,5,5,44217,M,0.0,0.0,44
201500001932,15,1,20,715,5,2,1,1,6,44139,M,4746372.0,-196234.0,44
201500001933,15,9,3,845,1,2,1,1,6,44025,M,4741272.0,-196909.0,44
201500001934,15,1,10,2045,3,1,1,2,1,49055,M,4751818.0,-57007.0,49
201500001935,15,1,13,1630,1,2,2,1,1,49020,M,4747217.0,-61980.0,49
201500001936,15,2,13,1730,1,1,6,7,6,49020,M,4748312.0,-63216.0,49
201500001937,15,3,4,1830,2,1,3,7,3,49020,M,4745925.0,-65332.0,49
201500001938,15,3,24,430,4,1,6,8,3,49020,M,4746649.0,-61991.0,49
201500001939,15,10,6,1600,1,1,1,2,5,49035,M,4742269.0,-61168.0,49
201500001940,15,5,28,1845,1,2,1,1,6,49201,M,4740460.0,-26975.0,49
201500001941,15,6,28,430,3,1,1,1,6,49106,M,4745936.0,-35183.0,49
201500001942,15,7,15,1630,1,1,1,1,5,49106,M,4747475.0,-32609.0,49
201500001943,15,9,2,1115,1,1,1,1,1,49021,M,4744425.0,-24705.0,49
201500001944,15,3,9,15,3,1,1,1,6,49050,M,4736255.0,-44800.0,49
201500001945,15,3,22,1500,1,1,1,1,7,49318,M,4740146.0,-42713.0,49
201500001946,15,4,25,2045,2,1,1,1,1,49317,M,4738864.0,-32784.0,49
201500001947,15,8,5,730,1,1,1,1,7,49066,M,4727070.0,-58143.0,49
201500001948,15,8,21,1700,1,1,1,1,1,49133,M,4724262.0,-49184.0,49
201500001949,15,11,15,1715,1,1,1,1,1,49308,M,0.0,0.0,49
201500001950,15,11,27,15,3,1,1,5,1,49078,M,4733452.0,-42651.0,49
201500001951,15,10,13,800,1,1,1,1,3,49247,M,4737196.0,-68515.0,49
201500001952,15,3,21,1630,1,1,2,1,3,49307,M,4741441.0,-31156.0,49
201500001953,15,2,28,1630,1,1,1,1,1,49284,M,4742328.0,-82378.0,49
201500001954,15,3,4,1915,1,1,1,1,6,49265,M,4734714.0,-67743.0,49
201500001955,15,6,28,2000,1,2,1,1,3,49244,M,4735590.0,-85937.0,49
201500001956,15,7,6,1445,1,1,1,1,7,49289,M,4745107.0,-67332.0,49
201500001957,15,10,13,815,1,1,1,1,5,49160,M,4741132.0,-92970.0,49
201500001958,15,10,29,1415,1,1,2,1,3,49212,M,4737290.0,-83686.0,49
201500001959,15,11,14,1630,1,1,6,1,6,49295,M,4731374.0,-81805.0,49
201500001960,15,11,28,1115,1,2,1,1,3,49212,M,4739104.0,-86175.0,49
201500001961,15,12,22,1300,1,2,1,1,2,49244,M,4736211.0,-85968.0,49
201500001962,15,12,18,545,3,1,6,2,7,49306,M,4742719.0,-72203.0,49
201500001963,15,1,6,1545,2,2,9,1,6,49127,M,4767158.0,-24218.0,49
201500001964,15,3,17,1615,1,1,1,1,6,49127,M,4768872.0,-27392.0,49
201500001965,15,5,11,1700,1,1,1,1,1,49185,M,4752463.0,-27590.0,49
201500001966,15,8,30,1345,1,2,1,3,3,49257,M,4765710.0,-20595.0,49
201500001967,15,9,4,1630,1,1,1,1,1,49174,M,4762732.0,-30394.0,49
201500001968,15,12,14,1330,1,1,2,1,3,49163,M,4756117.0,-25062.0,49
201500001969,15,4,21,2030,1,1,1,1,3,49165,M,4716764.0,-87474.0,49
201500001970,15,6,28,2200,2,1,1,1,7,49151,M,4717561.0,-111993.0,49
201500001971,15,7,19,800,1,1,1,1,7,49243,M,4724666.0,-82929.0,49
201500001972,15,8,20,1900,1,1,1,1,1,49162,M,4720959.0,-86285.0,49
201500001973,15,8,26,1230,1,1,2,1,2,49162,M,4720862.0,-88096.0,49
201500001974,15,1,19,745,2,1,1,1,3,49192,M,4701230.0,-75001.0,49
201500001975,15,2,24,710,2,1,1,1,3,49281,M,4715688.0,-75729.0,49
201500001976,15,2,27,1500,1,1,1,1,7,49300,M,4726027.0,-73085.0,49
201500001977,15,4,20,1430,1,1,1,1,3,49111,M,4717590.0,-66849.0,49
201500001978,15,5,16,1615,1,1,1,2,6,49351,M,4713497.0,-68178.0,49
201500001979,15,5,22,1815,1,1,2,1,3,49281,M,4718592.0,-79096.0,49
201500001980,15,6,8,1830,1,1,1,1,2,49074,M,4720242.0,-79505.0,49
201500001981,15,7,21,1245,1,1,1,1,1,49169,M,4728328.0,-70442.0,49
201500001982,15,12,6,830,2,1,1,8,2,49092,M,4719869.0,-71855.0,49
201500001983,15,12,20,1130,1,2,1,1,1,49092,M,4722331.0,-72647.0,49
201500001984,15,4,11,1,3,1,1,1,6,49299,M,4709994.0,-91827.0,49
201500001985,15,5,22,1600,1,2,1,1,6,49285,M,4712051.0,-112266.0,49
201500001986,15,7,25,1745,1,1,2,1,6,49350,M,4707834.0,-107136.0,49
201500001987,15,7,25,1800,1,2,1,1,3,49301,M,4712124.0,-98776.0,49
201500001988,15,8,28,2215,3,1,1,1,7,49263,M,4709642.0,-105718.0,49
201500001989,15,9,10,815,1,1,1,1,6,49027,M,4713351.0,-95045.0,49
201500001990,15,3,30,1345,1,1,1,1,6,49040,M,4734085.0,-111687.0,49
201500001991,15,5,29,1815,1,1,1,1,6,49355,M,4713444.0,-77651.0,49
201500001992,15,8,2,830,1,2,1,1,7,49296,M,4728818.0,-118704.0,49
201500001993,15,8,16,2200,5,2,1,1,6,49190,M,4735446.0,-108071.0,49
201500001994,15,8,18,1730,1,1,1,1,6,49360,M,4733494.0,-128060.0,49
201500001995,15,10,3,1615,1,1,1,1,6,49314,M,4728647.0,-89160.0,49
201500001996,15,4,11,1200,1,1,1,1,6,49343,M,4699751.0,-85988.0,49
201500001997,15,8,25,1345,1,2,1,1,6,49355,M,4712310.0,-78820.0,49