Num_Acc,an,mois,jour,hrmn,lum,agg,int,atm,col,com,gps,lat,long,dep
201500001998,15,9,3,2100,3,1,1,1,6,49355,M,4712945.0,-78514.0,49
201500001999,15,9,24,700,2,1,1,1,6,49381,M,4700926.0,-69047.0,49
201500002000,15,11,2,930,1,1,2,1,3,49192,M,4701535.0,-74416.0,49
201500002001,15,12,18,745,3,1,2,2,5,49195,M,4705912.0,-80037.0,49
201500002002,15,5,8,1630,1,1,1,1,6,49143,M,4760827.0,-16811.0,49
201500002003,15,9,5,1115,1,1,1,1,6,49213,M,4758449.0,-11662.0,49
201500002004,15,9,5,1000,1,1,1,1,7,49122,M,4753473.0,12075.0,49
201500002005,15,9,6,1845,2,1,1,1,1,49372,M,4751407.0,-14316.0,49
201500002006,15,3,1,115,3,1,1,2,1,49211,M,4717529.0,-50989.0,49
201500002007,15,3,13,2300,3,1,3,1,3,49373,M,4713678.0,-58060.0,49
201500002008,15,5,28,2200,2,1,1,1,6,49348,M,4720513.0,-41803.0,49
201500002009,15,7,11,1130,1,2,1,1,1,49047,M,4724751.0,-38397.0,49
201500002010,15,7,14,415,3,1,1,1,6,49373,M,4710043.0,-58709.0,49
201500002011,15,8,25,1130,1,1,6,2,7,49373,M,4713513.0,-54586.0,49
201500002012,15,10,23,900,1,2,1,8,6,49373,M,4712652.0,-54754.0,49
201500002013,15,12,18,1815,5,1,1,1,3,49125,M,4719560.0,-27602.0,49
201500002014,15,1,11,1915,3,1,1,1,5,49261,M,4737045.0,-22326.0,49
201500002015,15,1,14,700,2,2,1,2,3,49261,M,4734952.0,-22484.0,49
201500002016,15,2,3,1145,1,2,1,1,3,49378,M,4732624.0,-5623.0,49
201500002017,15,3,28,930,1,1,1,2,6,49149,M,4734699.0,-23959.0,49
201500002018,15,5,21,1545,1,1,1,1,5,49030,M,4735405.0,-8286.0,49
201500002019,15,6,1,1830,1,1,1,1,5,49002,M,4728685.0,1626.0,49
201500002020,15,6,15,1830,1,1,1,1,3,49311,M,4738939.0,-5766.0,49
201500002021,15,7,17,1800,1,1,1,7,7,49261,M,4735298.0,-23474.0,49
201500002022,15,9,27,1530,1,1,1,1,6,49180,M,4734615.0,-11045.0,49
201500002023,15,10,19,1745,1,1,1,1,6,49002,M,4730474.0,-1876.0,49
201500002024,15,11,8,1945,1,1,1,1,1,49304,M,4731722.0,-15347.0,49
201500002025,15,11,23,1015,1,1,1,1,6,49045,M,4734987.0,8474.0,49
201500002026,15,12,14,1730,3,1,1,8,7,49180,M,4737433.0,-9719.0,49
201500002027,15,7,29,2030,1,2,2,1,3,49253,M,4712745.0,-23793.0,49
201500002028,15,10,4,1915,3,1,1,3,6,49341,M,4722493.0,-3072.0,49
201500002029,15,11,22,1130,1,2,1,7,6,49113,M,4720147.0,-16538.0,49
201500002030,15,5,9,2200,2,1,1,1,2,49248,M,4777641.0,-116167.0,49
201500002031,15,5,15,2000,1,2,1,1,3,49248,M,4774713.0,-115873.0,49
201500002032,15,9,12,2245,3,1,1,1,6,49064,M,4767685.0,-69513.0,49
201500002033,15,11,1,815,2,1,6,7,6,49229,M,4770846.0,-97539.0,49
201500002034,15,7,11,1915,1,1,2,1,3,49330,M,4761311.0,-62071.0,49
201500002035,15,2,13,30,3,1,1,3,6,49155,M,4756780.0,-72364.0,49
201500002036,15,3,3,1230,1,1,4,2,3,49271,M,4753786.0,-74917.0,49
201500002037,15,4,25,1830,1,1,1,1,3,49026,M,4749337.0,-76421.0,49
201500002038,15,5,21,1730,1,1,2,1,3,49176,M,4762475.0,-77134.0,49
201500002039,15,11,6,1630,3,1,1,3,5,49155,M,4759564.0,-69654.0,49
201500002040,15,11,14,1600,1,2,1,1,1,49183,M,4752232.0,-87878.0,49
201500002041,15,11,20,1530,1,1,1,2,6,49026,M,4751302.0,-80277.0,49
201500002042,15,3,20,1330,1,1,1,2,7,49248,M,4776414.0,-118560.0,49
201500002043,15,1,17,1545,1,1,2,1,3,49347,M,4760117.0,-46453.0,49
201500002044,15,3,20,2330,3,1,1,1,7,49339,M,4759171.0,-54696.0,49
201500002045,15,6,5,1715,1,2,2,1,3,49347,M,4762032.0,-46647.0,49
201500002046,15,8,14,130,3,1,1,1,7,49216,M,4759737.0,-38515.0,49
201500002047,15,9,30,745,1,1,2,1,3,49347,M,4762635.0,-45098.0,49
201500002048,15,10,4,1700,1,1,1,3,6,49347,M,4763855.0,-41924.0,49
201500002049,15,11,2,1730,2,1,1,1,5,49065,M,4764890.0,-56186.0,49
201500002050,15,11,29,615,5,2,6,2,7,49347,M,4761469.0,-47321.0,49
201500002051,15,5,10,1,3,1,1,1,7,53201,M,4804288.0,-82239.0,53
201500002052,15,5,31,1630,1,1,1,2,6,53011,M,4797114.0,-84505.0,53
201500002053,15,6,28,1030,1,1,1,1,2,53175,M,4802197.0,-68423.0,53
201500002054,15,8,11,45,3,1,1,1,7,53094,M,4799476.0,-71930.0,53
201500002055,15,10,19,500,3,2,1,1,6,53094,M,4799975.0,-72139.0,53
201500002056,15,2,26,2015,3,1,1,1,1,53087,M,4796200.0,-48045.0,53
201500002057,15,3,8,15,3,1,1,1,6,53025,M,4802381.0,-60961.0,53
201500002058,15,3,8,1445,1,2,1,1,6,53007,M,4808791.0,-63612.0,53
201500002059,15,4,3,1845,1,1,1,1,6,53076,M,4796657.0,-35721.0,53
201500002060,15,8,22,1915,1,1,1,1,6,53152,M,4795335.0,-58916.0,53
201500002061,15,8,30,1830,1,1,2,1,3,53264,M,4803304.0,-35081.0,53
201500002062,15,9,30,1745,1,1,1,1,7,53056,M,0.0,0.0,53
201500002063,15,12,14,2145,3,1,1,8,6,53007,M,4810447.0,-61482.0,53
201500002064,15,3,30,815,1,1,1,8,1,53105,M,4814400.0,-60911.0,53
201500002065,15,4,9,1130,1,2,1,1,2,53097,M,4815884.0,-39421.0,53
201500002066,15,5,13,1115,1,1,1,1,3,53065,M,4814294.0,-41923.0,53
201500002067,15,5,20,1415,1,1,1,1,6,53043,M,4814531.0,-53093.0,53
201500002068,15,5,23,1845,1,1,1,1,6,53276,M,4813618.0,-32199.0,53
201500002069,15,7,7,1500,1,1,1,1,1,53097,M,4813390.0,-38346.0,53
201500002070,15,7,25,1600,1,1,1,1,7,53218,M,4822640.0,-35514.0,53
201500002071,15,8,18,430,3,2,1,1,7,53153,M,4819179.0,-43133.0,53
201500002072,15,10,1,830,2,1,1,7,3,53105,M,4814613.0,-61157.0,53
201500002073,15,10,31,1630,1,1,1,1,6,53105,M,4814321.0,-60670.0,53
201500002074,15,11,2,945,1,2,1,1,1,53097,M,4816451.0,-40778.0,53
201500002075,15,12,13,2000,3,1,1,5,6,53097,M,4812198.0,-37424.0,53
201500002076,15,1,13,2130,3,1,1,2,6,53232,M,4807467.0,-45240.0,53
201500002077,15,10,12,1715,1,1,1,1,1,53050,M,4806156.0,-35004.0,53
201500002078,15,1,2,1130,1,1,1,8,7,53231,M,4775992.0,-53973.0,53
201500002079,15,2,17,2030,3,1,1,1,7,53014,M,4781999.0,-66555.0,53
201500002080,15,2,28,645,3,1,1,2,1,53036,M,4787147.0,-48765.0,53
201500002081,15,3,25,1800,1,1,1,1,1,53004,M,4781356.0,-80707.0,53
201500002082,15,4,12,1800,1,2,4,1,3,53036,M,4786364.0,-48162.0,53
201500002083,15,5,24,730,1,1,1,1,7,53150,M,4779635.0,-68461.0,53
201500002084,15,6,6,1815,1,1,1,1,1,53110,M,4786284.0,-52260.0,53
201500002085,15,7,1,1030,1,2,1,1,1,53062,M,4782750.0,-69713.0,53
201500002086,15,7,11,445,3,1,1,1,6,53215,M,4779735.0,-70837.0,53
201500002087,15,8,6,930,1,1,1,8,6,53117,M,4788613.0,-75012.0,53
201500002088,15,10,2,1230,1,1,1,1,6,53210,M,4780535.0,-47185.0,53
201500002089,15,11,8,1715,1,1,1,1,6,53101,M,4785676.0,-67586.0,53
201500002090,15,11,14,1645,1,1,1,1,6,53036,M,4786542.0,-47093.0,53
201500002091,15,11,16,745,2,2,1,1,3,53210,M,4779097.0,-44224.0,53
201500002092,15,11,26,2130,3,2,1,1,6,53210,M,4778100.0,-46900.0,53
201500002093,15,11,30,1345,1,2,1,1,3,53062,M,0.0,0.0,53
201500002094,15,5,26,1315,1,1,1,1,1,53240,M,4781795.0,-101540.0,53
201500002095,15,7,4,2330,3,1,1,1,2,53077,M,4795542.0,-95381.0,53
201500002096,15,9,11,1700,1,2,1,1,6,53084,M,4785120.0,-95602.0,53
201500002097,15,11,1,2145,3,1,1,1,7,53214,M,4777990.0,-116014.0,53
201500002098,15,12,13,2130,3,1,1,1,6,53084,M,4785597.0,-96929.0,53
201500002099,15,12,13,1845,2,2,1,1,1,53186,M,4792455.0,-80673.0,53
201500002100,15,12,16,1745,2,2,1,1,6,53084,M,4784620.0,-96250.0,53
201500002101,15,12,23,800,2,2,1,1,6,53084,M,4784022.0,-94261.0,53
201500002102,15,1,5,1800,2,2,1,2,6,53147,M,4829014.0,-61921.0,53
201500002103,15,2,7,515,3,1,1,1,6,53023,M,4818023.0,-58798.0,53
201500002104,15,3,13,2015,3,1,1,2,6,53072,M,4823636.0,-65242.0,53
201500002105,15,6,25,1730,1,1,1,1,1,53200,M,4828809.0,-63278.0,53
201500002106,15,8,12,945,1,1,4,1,1,53113,M,4825604.0,-43922.0,53
201500002107,15,10,4,630,3,1,1,5,7,53146,M,4821151.0,-63920.0,53
201500002108,15,3,9,1800,1,1,2,7,3,53177,M,4831351.0,-105147.0,53
201500002109,15,3,15,1300,1,1,3,1,3,53155,M,4826477.0,-91135.0,53
201500002110,15,3,18,930,1,2,1,1,6,53096,M,4829865.0,-93328.0,53
201500002111,15,6,2,1700,1,1,1,1,1,53155,M,4831123.0,-87760.0,53
201500002112,15,6,6,245,3,1,1,1,6,53107,M,4842853.0,-80681.0,53
201500002113,15,6,27,945,1,1,1,1,7,53155,M,4831235.0,-86636.0,53
201500002114,15,7,30,1000,1,1,4,1,1,53071,M,4838801.0,-85180.0,53
201500002115,15,8,10,1045,1,2,1,1,6,53096,M,4829599.0,-93225.0,53
201500002116,15,8,27,730,2,1,1,3,1,53064,M,4835681.0,-76651.0,53
201500002117,15,9,27,1145,1,1,1,1,7,53126,M,4834800.0,-102800.0,53
201500002118,15,12,27,615,3,1,1,1,7,53269,M,4828076.0,-81507.0,53
201500002119,15,8,24,1015,1,1,1,3,7,53114,M,4834382.0,-41469.0,53
201500002120,15,8,21,1515,1,1,2,1,3,53051,M,4835335.0,-49210.0,53
201500002121,15,10,7,1530,1,1,1,1,3,53003,M,4838887.0,-61846.0,53
201500002122,15,11,15,730,2,1,1,1,6,53055,M,4841277.0,-57754.0,53
201500002123,15,6,11,1045,1,2,1,1,1,53121,M,4841802.0,-33613.0,53
201500002124,15,6,13,1515,1,1,1,1,3,53013,M,4832730.0,-22844.0,53
201500002125,15,7,4,1500,1,2,1,1,6,53246,M,4840117.0,-9454.0,53
201500002126,15,7,14,1515,1,1,1,1,5,53164,M,4849301.0,-32802.0,53
201500002127,15,8,7,1515,1,1,1,1,6,53164,M,4849312.0,-32944.0,53
201500002128,15,8,16,2145,3,1,1,1,6,53185,M,4846171.0,-25376.0,53
201500002129,15,10,2,1745,1,1,1,1,3,53246,M,4840996.0,-6126.0,53
201500002130,15,10,6,1415,1,2,3,1,3,53185,M,4845850.0,-20733.0,53
201500002131,15,12,15,1715,5,2,1,3,6,53185,M,4845936.0,-20114.0,53
201500002132,15,12,19,1900,3,1,1,1,1,53271,M,4834031.0,-27175.0,53
201500002133,15,4,11,2128,5,2,2,1,3,01283,M,,,01
201500002134,15,5,11,125,5,2,1,1,7,01283,M,4625443.0,565791.0,01
201500002135,15,9,20,1745,1,2,1,1,6,01283,M,,,01
201500002136,15,10,9,1808,1,2,2,1,3,01283,M,,,01
201500002137,15,10,18,2155,5,2,1,1,3,01283,M,,,01
201500002138,15,11,13,450,3,1,3,1,3,01031,M,4623760.0,562108.0,01
201500002139,15,11,15,1715,2,1,1,1,6,01283,M,,,01
201500002140,15,2,7,800,1,1,1,1,1,72042,M,0.0,0.0,72
201500002141,15,4,19,415,3,2,1,1,6,72064,M,4786000.0,74700.0,72
201500002142,15,10,22,700,3,1,1,2,1,72042,M,4795900.0,62100.0,72
201500002143,15,11,7,2300,3,1,1,2,6,72118,M,0.0,0.0,72
201500002144,15,1,24,1145,1,1,1,1,1,72386,M,4801300.0,26300.0,72
201500002145,15,3,7,900,1,1,1,1,2,72054,M,4803200.0,36700.0,72
201500002146,15,3,28,1830,1,1,1,1,6,72129,M,0.0,0.0,72
201500002147,15,3,31,1700,1,2,1,1,6,72300,M,0.0,0.0,72
201500002148,15,5,5,2030,1,1,6,1,6,72054,M,4801600.0,31800.0,72
201500002149,15,6,3,1645,1,2,1,1,1,72300,M,0.0,0.0,72
201500002150,15,10,10,1200,1,1,1,1,1,72358,M,0.0,0.0,72
201500002151,15,12,1,745,2,1,1,1,1,72271,M,0.0,0.0,72
201500002152,15,12,30,315,3,1,1,1,6,72300,M,0.0,0.0,72
201500002153,15,4,13,1915,1,1,4,1,3,72338,M,0.0,0.0,72
201500002154,15,5,19,2230,3,1,1,1,6,72310,M,0.0,0.0,72
201500002155,15,5,19,2245,3,2,1,1,1,72290,M,0.0,0.0,72
201500002156,15,9,12,1415,1,1,1,8,1,72328,M,0.0,0.0,72
201500002157,15,12,4,1415,1,1,1,8,1,72340,M,0.0,0.0,72
201500002158,15,1,20,1315,1,2,9,1,3,72168,M,0.0,0.0,72
201500002159,15,2,24,1515,1,1,1,1,5,72230,M,0.0,0.0,72
201500002160,15,3,27,1700,1,1,1,8,7,72257,M,4801000.0,15200.0,72
201500002161,15,5,10,1700,1,1,1,1,1,72146,M,4790000.0,13200.0,72
201500002162,15,6,8,1630,1,1,1,1,1,72149,M,0.0,0.0,72
201500002163,15,6,15,1630,1,1,1,1,1,72253,M,0.0,0.0,72
201500002164,15,6,25,1730,1,1,1,1,3,72280,M,0.0,0.0,72
201500002165,15,7,25,2215,3,1,1,1,3,72131,M,0.0,0.0,72
201500002166,15,8,22,115,3,1,1,1,6,72249,M,4803800.0,5700.0,72
201500002167,15,8,23,1615,1,1,1,1,6,72219,M,4807100.0,-3000.0,72
201500002168,15,9,2,1115,1,1,1,1,1,72346,M,0.0,0.0,72
201500002169,15,9,7,1545,1,1,1,1,6,72257,M,4799600.0,14600.0,72
201500002170,15,9,11,1445,1,1,1,1,1,72070,M,0.0,0.0,72
201500002171,15,10,15,1945,3,1,1,1,1,72253,M,0.0,0.0,72
201500002172,15,11,2,2215,3,1,1,1,1,72073,M,4802800.0,6400.0,72
201500002173,15,11,4,815,1,1,1,1,1,72113,M,4803900.0,7600.0,72
201500002174,15,3,9,2115,5,1,1,1,6,72154,M,4769400.0,-3700.0,72
201500002175,15,4,16,1815,1,1,1,1,6,72185,M,4771300.0,-200.0,72
201500002176,15,4,28,100,3,1,1,1,6,72154,M,0.0,0.0,72
201500002177,15,5,15,215,3,1,1,1,2,72022,M,4776000.0,-16800.0,72
201500002178,15,5,21,745,1,1,1,1,1,72154,M,4769200.0,-4400.0,72
201500002179,15,7,20,1345,1,1,1,1,7,72084,M,4775300.0,500.0,72
201500002180,15,10,5,1745,1,2,1,8,3,72154,M,4770800.0,-8500.0,72
201500002181,15,1,15,1745,3,1,1,2,1,72071,M,0.0,0.0,72
201500002182,15,5,8,600,2,2,1,1,6,72071,M,4769500.0,42600.0,72
201500002183,15,8,26,1615,1,1,1,1,3,72173,M,4771084.0,40547.0,72
201500002184,15,11,18,1445,1,2,3,1,3,72071,M,4769800.0,41700.0,72
201500002185,15,11,24,1745,3,1,1,8,7,72028,M,4775600.0,36800.0,72
201500002186,15,2,7,545,3,1,1,1,7,72228,M,4784900.0,-18600.0,72
201500002187,15,2,15,545,4,1,1,2,6,72100,M,0.0,0.0,72
201500002188,15,4,27,700,2,1,1,1,6,72022,M,4778200.0,-18200.0,72
201500002189,15,4,27,1215,1,1,1,1,1,72059,M,4791300.0,-19200.0,72
201500002190,15,5,28,1545,1,1,1,1,6,72195,M,4782100.0,-3000.0,72
201500002191,15,10,24,515,3,2,1,1,6,72100,M,4780100.0,-2900.0,72
201500002192,15,11,8,2200,3,1,1,1,1,72009,M,0.0,0.0,72
201500002193,15,11,11,1815,3,1,1,1,5,72293,M,4787000.0,100.0,72
201500002194,15,11,30,1245,1,1,1,2,1,72223,M,4782200.0,-9000.0,72
201500002195,15,1,15,1000,1,1,1,6,6,72191,M,0.0,0.0,72
201500002196,15,2,3,1645,1,1,1,1,6,72330,M,0.0,0.0,72
201500002197,15,3,4,845,1,1,1,1,1,72191,M,4777300.0,27600.0,72
201500002198,15,3,2,1430,1,2,6,1,3,72226,M,0.0,0.0,72
201500002199,15,3,13,1515,1,1,1,2,3,72013,M,4766700.0,23400.0,72
201500002200,15,4,24,1400,1,1,1,1,6,72135,M,0.0,0.0,72
201500002201,15,5,31,2030,2,1,1,2,6,72191,M,0.0,0.0,72
201500002202,15,5,28,1845,1,2,1,1,1,72191,M,0.0,0.0,72
201500002203,15,6,6,1815,1,1,1,1,1,72357,M,0.0,0.0,72
201500002204,15,6,8,1145,1,2,1,1,3,72226,M,0.0,0.0,72
201500002205,15,6,20,600,2,1,1,1,6,72117,M,0.0,0.0,72
201500002206,15,9,24,645,3,1,1,1,6,72175,M,0.0,0.0,72
201500002207,15,9,28,1100,1,1,9,1,5,72051,M,0.0,0.0,72
201500002208,15,10,13,1715,1,1,1,1,4,72051,M,0.0,0.0,72
201500002209,15,10,21,1615,1,1,1,1,6,72191,M,0.0,0.0,72
201500002210,15,11,12,430,3,2,6,5,6,72226,M,0.0,0.0,72
201500002211,15,12,22,1145,1,1,4,1,1,72243,M,0.0,0.0,72
201500002212,15,7,3,1445,1,1,1,1,1,72232,M,0.0,0.0,72
201500002213,15,7,11,1515,1,2,2,1,3,72336,M,0.0,0.0,72
201500002214,15,7,20,1645,1,1,2,1,3,72378,M,0.0,0.0,72
201500002215,15,11,28,1800,2,1,1,1,6,72264,M,0.0,0.0,72
201500002216,15,12,3,1730,4,2,6,1,6,72264,M,0.0,0.0,72
201500002217,15,4,23,2245,3,1,1,1,7,72112,M,0.0,0.0,72
201500002218,15,4,27,1830,1,1,1,1,6,72048,M,0.0,0.0,72
201500002219,15,7,18,1715,1,1,1,1,1,72088,M,0.0,0.0,72
201500002220,15,7,23,730,1,2,9,1,7,72180,M,0.0,0.0,72
201500002221,15,8,5,1630,1,2,6,1,3,72276,M,0.0,0.0,72
201500002222,15,8,16,730,1,1,1,1,5,72104,M,0.0,0.0,72
201500002223,15,8,28,845,1,1,1,1,7,72192,M,0.0,0.0,72
201500002224,15,10,20,1000,1,1,1,1,3,72316,M,0.0,0.0,72
201500002225,15,12,11,1800,3,1,1,2,1,72270,M,0.0,0.0,72
201500002226,15,3,7,1245,1,2,1,1,1,72006,M,0.0,0.0,72
201500002227,15,3,21,1030,1,2,1,1,4,72215,M,0.0,0.0,72
201500002228,15,4,4,1800,1,1,1,8,6,72337,M,0.0,0.0,72
201500002229,15,4,23,2100,3,1,1,1,1,72273,M,0.0,0.0,72
201500002230,15,5,7,1815,1,1,1,1,3,72002,M,0.0,0.0,72
201500002231,15,5,17,1615,1,1,1,1,7,72294,M,0.0,0.0,72
201500002232,15,5,20,1400,1,2,1,2,1,72029,M,0.0,0.0,72
201500002233,15,6,20,900,1,1,2,1,3,72011,M,0.0,0.0,72
201500002234,15,7,1,830,1,1,1,1,1,72199,M,0.0,0.0,72
201500002235,15,8,2,415,3,1,1,1,6,72282,M,0.0,0.0,72
201500002236,15,9,19,1045,1,2,6,3,6,72006,M,0.0,0.0,72
201500002237,15,11,7,945,1,1,1,1,1,72141,M,0.0,0.0,72
201500002238,15,11,24,745,5,2,1,2,1,72006,M,0.0,0.0,72
201500002239,15,12,29,1100,1,1,1,7,6,72029,M,0.0,0.0,72
201500002240,15,5,27,1000,1,1,1,1,3,85127,M,4642402.0,-151610.0,85
201500002241,15,4,29,1815,1,1,1,1,2,85023,M,4653982.0,-116864.0,85
201500002242,15,5,19,1745,1,1,1,1,3,85135,M,4653301.0,-121621.0,85
201500002243,15,6,12,1130,1,1,1,2,3,85213,M,4663281.0,-133261.0,85
201500002244,15,6,18,2315,3,1,1,1,7,85093,M,4666411.0,-126882.0,85
201500002245,15,8,18,1615,1,1,2,1,1,85061,M,0.0,0.0,85
201500002246,15,9,24,1315,1,1,1,1,1,85061,M,4657900.0,-128100.0,85
201500002247,15,10,19,2300,3,1,1,1,6,85175,M,4660500.0,-118800.0,85
201500002248,15,11,16,1200,1,1,1,1,2,85135,M,4654355.0,-124116.0,85
201500002249,15,12,29,1215,1,1,1,7,1,85036,M,4646988.0,-127727.0,85
201500002250,15,3,4,945,1,2,1,1,5,85034,M,4663359.0,-116763.0,85
201500002251,15,3,9,1630,1,1,1,1,1,85084,M,4677973.0,-121474.0,85
201500002252,15,6,27,1800,1,1,1,1,6,85084,M,4676975.0,-126544.0,85
201500002253,15,6,26,1730,1,1,1,1,1,85142,M,4674899.0,-126163.0,85
201500002254,15,8,4,845,1,1,1,7,3,85089,M,0.0,0.0,85
201500002255,15,8,9,1515,1,1,2,1,3,85220,M,4673900.0,-101899.0,85
201500002256,15,11,10,545,2,1,1,5,1,85212,M,4677400.0,-115800.0,85
201500002257,15,11,15,1700,1,1,1,1,1,85051,M,4668600.0,-106600.0,85
201500002258,15,11,22,600,3,2,1,2,7,85034,M,4663818.0,-115657.0,85
201500002259,15,2,18,1900,5,2,1,1,1,85153,M,4678489.0,-106580.0,85
201500002260,15,3,22,2145,3,1,1,1,6,85064,M,4682882.0,-128855.0,85
201500002261,15,4,11,1530,1,2,1,1,6,85109,M,4687356.0,-102200.0,85
201500002262,15,5,19,1700,1,2,1,1,4,85109,M,4687786.0,-101272.0,85
201500002263,15,5,28,2215,3,1,1,1,1,85082,M,4689455.0,-92563.0,85
201500002264,15,6,21,645,1,1,1,1,6,85017,M,4691559.0,-107849.0,85
201500002265,15,6,27,2000,1,1,2,1,3,85038,M,4688270.0,-131321.0,85
201500002266,15,10,11,245,3,1,1,1,1,85186,M,0.0,0.0,85
201500002267,15,10,26,845,1,1,1,1,2,85153,M,4675300.0,-111000.0,85
201500002268,15,1,19,1245,1,1,1,1,7,85224,M,4700130.0,-128854.0,85
201500002269,15,2,18,30,3,1,1,1,6,85107,M,4696488.0,-127742.0,85
201500002270,15,4,17,1845,1,2,1,1,1,85224,M,4700246.0,-133238.0,85
201500002271,15,6,19,1945,1,1,1,1,6,85039,M,4701579.0,-117413.0,85
201500002272,15,9,10,2145,3,1,1,1,7,85295,M,0.0,0.0,85
201500002273,15,10,5,1330,1,1,1,3,1,85217,M,4695600.0,-129300.0,85
201500002274,15,11,5,1245,1,2,1,2,1,85217,M,4695400.0,-129800.0,85
201500002275,15,11,9,2130,3,1,1,5,6,85039,M,4704276.0,-121719.0,85
201500002276,15,11,20,1645,2,1,1,3,6,85295,M,4698551.0,-121944.0,85
201500002277,15,12,11,2315,3,1,1,5,2,85224,M,4699900.0,-132600.0,85
201500002278,15,12,23,1615,1,1,3,1,1,85262,M,4700292.0,-147002.0,85
201500002279,15,1,24,2100,3,1,1,1,3,85097,M,4695300.0,-108453.0,85
201500002280,15,5,14,1500,1,1,1,1,5,85097,M,4695081.0,-41742.0,85
201500002281,15,5,19,845,1,2,6,1,6,85151,M,4699633.0,-94549.0,85
201500002282,15,6,8,2115,2,1,1,7,6,85302,M,4694874.0,-96040.0,85
201500002283,15,9,18,1815,1,1,2,1,3,85247,M,0.0,0.0,85
201500002284,15,10,17,1315,1,1,2,1,5,85151,M,0.0,0.0,85
201500002285,15,10,30,1630,1,1,2,1,3,85151,M,0.0,0.0,85
201500002286,15,1,10,715,3,1,1,2,5,85019,M,4676295.0,-143082.0,85
201500002287,15,1,24,830,2,1,1,2,7,85155,M,4668910.0,-146275.0,85
201500002288,15,4,6,2115,3,1,1,1,3,85178,M,4674460.0,-143273.0,85
201500002289,15,5,1,530,2,1,1,3,6,85098,M,4672931.0,-149907.0,85
201500002290,15,5,4,1730,1,1,1,1,5,85300,M,4668887.0,-154765.0,85
201500002291,15,6,28,1045,1,2,9,1,4,85003,M,4674026.0,-159270.0,85
201500002292,15,8,13,1245,1,2,9,1,3,85003,M,4673957.0,-160590.0,85
201500002293,15,9,8,1730,1,1,1,1,6,85019,M,0.0,0.0,85
201500002294,15,9,8,1915,1,1,1,1,1,85155,M,0.0,0.0,85
201500002295,15,9,12,1130,1,1,1,1,6,85003,M,0.0,0.0,85
201500002296,15,9,14,1845,1,1,2,2,3,85015,M,0.0,0.0,85
201500002297,15,9,16,1230,1,1,1,2,5,85003,M,0.0,0.0,85
201500002298,15,10,10,2100,3,1,1,1,3,85015,M,4681800.0,-148700.0,85
201500002299,15,11,3,830,1,2,1,1,1,85155,M,4671723.0,-145312.0,85
201500002300,15,11,3,1715,3,1,1,3,3,85003,M,4670155.0,-165737.0,85
201500002301,15,11,5,530,3,1,1,1,1,85003,M,4676294.0,-165247.0,85
201500002302,15,12,24,1000,1,1,1,1,7,85003,M,4670300.0,-165100.0,85
201500002303,15,2,9,1630,1,2,6,1,3,85092,M,4646155.0,-80141.0,85
201500002304,15,6,8,845,1,2,1,1,1,85092,M,4645959.0,-79837.0,85
201500002305,15,7,3,1930,1,1,1,1,1,85092,M,4645600.0,-79000.0,85
201500002306,15,7,15,1600,1,1,1,1,7,85091,M,4641700.0,-81900.0,85
201500002307,15,9,26,1830,1,2,9,7,6,85092,M,0.0,0.0,85
201500002308,15,12,24,1330,1,2,1,1,6,85092,M,4646215.0,-80337.0,85
201500002309,15,2,20,1050,1,1,1,3,6,85128,M,4648362.0,-118478.0,85
201500002310,15,5,29,1915,1,1,1,1,5,85128,M,4643599.0,-114645.0,85
201500002311,15,7,5,515,3,1,1,1,6,85128,M,4647967.0,-118224.0,85
201500002312,15,7,29,1745,1,1,1,1,5,85042,M,4640727.0,-98183.0,85
201500002313,15,8,3,1800,1,2,2,1,3,85216,M,4648300.0,-111780.0,85
201500002314,15,9,28,2045,3,1,1,1,1,85131,M,4648200.0,-120800.0,85
201500002315,15,10,3,1900,2,1,1,1,7,85111,M,0.0,0.0,85
201500002316,15,11,11,1,4,2,1,1,6,85042,M,4636992.0,-99550.0,85
201500002317,15,1,6,1930,3,1,6,5,6,85306,M,4642194.0,-71125.0,85
201500002318,15,9,13,2000,2,1,1,2,1,85244,M,0.0,0.0,85
201500002319,15,9,18,1745,1,1,1,1,6,85143,M,4655000.0,-71900.0,85
201500002320,15,2,23,1545,1,1,1,2,1,85182,M,4676178.0,-81883.0,85
201500002321,15,4,16,2100,2,1,1,8,3,85067,M,4666230.0,-78939.0,85
201500002322,15,4,17,1845,1,1,1,1,6,85182,M,4678563.0,-81061.0,85
201500002323,15,4,27,2030,1,1,2,1,3,85140,M,4674406.0,-87777.0,85
201500002324,15,5,16,1400,1,1,1,2,7,85014,M,4663720.0,-88462.0,85
201500002325,15,5,24,630,2,1,1,1,6,85292,M,4658277.0,-82980.0,85
201500002326,15,6,6,1815,1,1,1,1,6,85145,M,4673050.0,-93577.0,85
201500002327,15,6,12,1000,1,1,1,2,2,85154,M,4664251.0,-82426.0,85
201500002328,15,6,27,1745,1,1,1,1,1,85254,M,4678012.0,-76061.0,85
201500002329,15,7,13,2100,1,2,1,1,3,85147,M,4674339.0,-76141.0,85
201500002330,15,7,22,1315,1,1,1,1,1,85154,M,4667632.0,-87594.0,85
201500002331,15,7,29,1330,1,1,1,1,3,85254,M,4680998.0,-70303.0,85
201500002332,15,9,4,1730,1,1,1,1,1,85031,M,4680100.0,-94100.0,85
201500002333,15,11,1,2000,3,1,1,1,3,85292,M,4661295.0,-86610.0,85
201500002334,15,11,10,715,5,1,1,5,3,85059,M,4665300.0,-73100.0,85
201500002335,15,11,14,1615,1,2,1,1,3,85182,M,4677622.0,-82725.0,85