Num_Acc,an,mois,jour,hrmn,lum,agg,int,atm,col,com,gps,lat,long,dep
201500002336,15,12,22,1845,3,1,1,1,1,85125,M,4659734.0,-66430.0,85
201500002337,15,4,11,1900,1,1,1,1,1,85205,M,4655192.0,-86910.0,85
201500002338,15,5,1,1345,1,1,1,3,6,85174,M,4649398.0,-91513.0,85
201500002339,15,7,1,1115,1,1,1,1,2,85223,M,0.0,0.0,85
201500002340,15,7,21,1230,1,1,1,1,3,85181,M,4650927.0,-94566.0,85
201500002341,15,11,24,1730,4,1,1,1,1,85209,M,4653891.0,-102145.0,85
201500002342,15,1,2,1315,1,1,2,2,3,85095,M,4684840.0,-176344.0,85
201500002343,15,3,1,1945,3,1,1,1,3,85130,M,4678881.0,-170304.0,85
201500002344,15,3,20,1345,1,1,1,2,1,85047,M,4679497.0,-183106.0,85
201500002345,15,3,25,945,1,1,1,1,2,85006,M,4678477.0,-173501.0,85
201500002346,15,5,26,1545,1,2,1,1,6,85047,M,4684077.0,-187449.0,85
201500002347,15,6,2,1230,1,2,1,1,3,85047,M,4684223.0,-187363.0,85
201500002348,15,7,2,1645,1,1,1,7,1,85130,M,4679600.0,-170600.0,85
201500002349,15,8,24,1800,1,2,1,1,1,85280,M,4685700.0,-189400.0,85
201500002350,15,8,24,500,2,1,1,3,6,85130,M,0.0,0.0,85
201500002351,15,9,19,830,1,2,1,1,6,85047,M,4685700.0,-184600.0,85
201500002352,15,12,5,915,1,2,1,7,6,85047,M,4685874.0,-187167.0,85
201500002353,15,12,30,345,3,1,1,1,6,85047,M,4684700.0,-185300.0,85
201500002354,15,1,23,515,3,1,1,1,6,85250,M,4657790.0,-170192.0,85
201500002355,15,4,21,1715,1,2,1,1,3,85052,M,4659536.0,-165001.0,85
201500002356,15,9,9,1700,1,1,1,1,7,85161,M,4656600.0,-153500.0,85
201500002357,15,11,9,2000,5,2,1,1,3,85161,M,4657301.0,-150978.0,85
201500002358,15,6,13,1615,1,2,9,1,6,85163,M,4699964.0,-224600.0,85
201500002359,15,7,6,1645,1,1,6,1,3,85011,M,4693642.0,-216723.0,85
201500002360,15,9,11,900,1,2,1,1,6,85106,M,4697200.0,-222600.0,85
201500002361,15,1,8,1600,1,1,1,1,3,85035,M,4664745.0,-184074.0,85
201500002362,15,1,12,1830,3,1,1,1,6,85189,M,4675771.0,-191965.0,85
201500002363,15,3,8,1600,1,1,1,1,5,85088,M,4670107.0,-187816.0,85
201500002364,15,3,8,1900,2,2,2,1,3,85226,M,4671958.0,-196260.0,85
201500002365,15,3,16,1715,1,1,3,1,3,85226,M,4673958.0,-194077.0,85
201500002366,15,5,19,1900,1,2,1,1,6,85070,M,4667915.0,-176455.0,85
201500002367,15,7,19,2330,3,1,2,1,1,85070,M,0.0,0.0,85
201500002368,15,7,26,130,5,2,1,1,1,85222,M,4669530.0,-194113.0,85
201500002369,15,10,3,1600,1,1,3,1,3,85002,M,0.0,0.0,85
201500002370,15,12,11,1800,5,2,1,8,6,85226,M,4672388.0,-195079.0,85
201500002371,15,2,21,800,1,1,1,1,6,85012,M,4686299.0,-207840.0,85
201500002372,15,3,23,1230,1,2,1,1,3,85234,M,4679707.0,-204700.0,85
201500002373,15,3,25,1600,1,2,1,1,2,85234,M,4678988.0,-203839.0,85
201500002374,15,3,30,1515,1,1,1,1,5,85234,M,4682068.0,-206310.0,85
201500002375,15,4,19,545,2,1,1,1,6,85273,M,4689376.0,-200443.0,85
201500002376,15,6,22,1445,1,1,1,1,1,85221,M,4693332.0,-200187.0,85
201500002377,15,7,3,2115,1,1,1,1,1,85029,M,4697372.0,-199580.0,85
201500002378,15,7,13,1545,1,1,1,1,5,85018,M,4688800.0,-208199.0,85
201500002379,15,8,22,1230,1,2,1,3,1,85234,M,4679965.0,-208255.0,85
201500002380,15,10,23,2330,5,2,1,1,6,85234,M,4679408.0,-208493.0,85
201500002381,15,11,19,1830,3,1,1,2,6,85234,M,4685800.0,-205900.0,85
201500002382,15,3,24,1315,1,1,2,1,3,85127,M,4641942.0,-150188.0,85
201500002383,15,3,30,230,3,1,1,2,6,85288,M,4650956.0,-156762.0,85
201500002384,15,4,30,2000,1,1,1,3,1,85277,M,4649072.0,-133367.0,85
201500002385,15,5,2,1330,1,1,1,2,3,85127,M,4643112.0,-148263.0,85
201500002386,15,5,30,1030,1,1,1,1,3,85278,M,4643476.0,-154296.0,85
201500002387,15,7,25,1400,1,1,1,1,3,85103,M,4651708.0,-162331.0,85
201500002388,15,8,2,1530,1,1,1,1,1,85004,M,0.0,0.0,85
201500002389,15,8,4,1145,1,1,1,1,2,85288,M,0.0,0.0,85
201500002390,15,10,11,1530,1,1,1,1,5,85288,M,0.0,0.0,85
201500002391,15,10,25,1045,1,2,1,1,6,85206,M,4646100.0,-133700.0,85
201500002392,15,11,18,1645,2,1,1,2,6,85026,M,4654445.0,-140211.0,85
201500002393,15,12,17,1245,1,1,1,8,6,85179,M,4649327.0,-152514.0,85
201500002394,15,4,11,1445,1,1,1,1,3,33042,M,4448500.0,-79200.0,33
201500002395,15,7,8,1915,1,1,1,1,7,33436,M,4459129.0,-63944.0,33
201500002396,15,11,7,1800,2,1,1,1,3,33436,M,4453200.0,-62300.0,33
201500002397,15,2,23,730,3,1,1,2,5,33051,M,0.0,0.0,33
201500002398,15,6,5,2200,3,1,1,1,1,33284,M,0.0,0.0,33
201500002399,15,5,31,1815,1,2,6,1,1,33051,M,4464576.0,-95059.0,33
201500002400,15,7,20,1645,1,1,1,1,5,33019,M,0.0,0.0,33
201500002401,15,3,5,845,1,2,1,1,3,33312,M,4496420.0,-62684.0,33
201500002402,15,4,12,700,2,1,1,1,7,33056,M,4492500.0,-56190.0,33
201500002403,15,7,14,2215,3,2,1,1,3,33056,M,0.0,0.0,33
201500002404,15,9,7,825,1,2,3,1,6,33312,M,4494770.0,-59269.0,33
201500002405,15,9,21,1730,1,2,1,1,6,33056,M,4491370.0,-60498.0,33
201500002406,15,9,29,2015,5,2,1,1,3,33312,M,4494910.0,-60404.0,33
201500002407,15,10,7,715,2,2,2,2,3,33056,M,4493721.0,-63382.0,33
201500002408,15,10,19,2230,5,2,1,1,7,33056,M,4490111.0,-61741.0,33
201500002409,15,10,23,800,2,2,6,1,3,33519,M,4490915.0,-66892.0,33
201500002410,15,11,6,1900,1,2,3,1,1,33056,M,4491250.0,-62776.0,33
201500002411,15,12,21,1645,1,1,4,1,7,33056,M,4492056.0,-65695.0,33
201500002412,15,4,30,1515,1,2,2,1,3,33011,M,4476287.0,-113244.0,33
201500002413,15,7,12,1130,1,1,1,1,1,33236,M,0.0,0.0,33
201500002414,15,8,26,245,5,1,1,1,7,33236,M,0.0,0.0,33
201500002415,15,9,3,1130,1,1,1,1,1,33236,M,0.0,0.0,33
201500002416,15,12,7,1745,2,2,1,1,6,33236,M,4472269.0,-120677.0,33
201500002417,15,5,9,1045,1,1,6,1,2,33273,M,4483540.0,-80344.0,33
201500002418,15,8,26,1810,1,1,3,1,3,33422,M,4479410.0,-86512.0,33
201500002419,15,1,24,1430,1,2,1,1,2,33449,M,4489300.0,-71914.0,33
201500002420,15,2,13,800,1,2,1,1,3,33449,M,4488160.0,-69423.0,33
201500002421,15,4,20,745,1,2,1,5,3,33449,M,4489350.0,-76905.0,33
201500002422,15,5,29,1800,1,2,1,1,4,33449,M,4489548.0,-71824.0,33
201500002423,15,6,8,1245,1,2,3,1,2,33449,M,4489345.0,-71150.0,33
201500002424,15,7,5,2300,5,2,6,1,2,33449,M,4488130.0,-69705.0,33
201500002425,15,7,31,730,1,2,2,1,1,33449,M,4489180.0,-70921.0,33
201500002426,15,9,21,715,3,1,1,1,3,33449,M,4486048.0,-73565.0,33
201500002427,15,10,2,1130,1,1,1,1,6,33449,M,4490114.0,-79653.0,33
201500002428,15,2,12,1015,1,1,2,1,3,33441,M,4513450.0,-63806.0,33
201500002429,15,2,16,1715,1,1,2,1,3,33458,M,4514097.0,-59731.0,33
201500002430,15,3,11,700,2,2,1,1,7,33325,M,4510168.0,-64269.0,33
201500002431,15,6,11,730,1,1,2,1,3,33458,M,4514105.0,-59742.0,33
201500002432,15,6,14,1200,1,2,1,1,1,33058,M,4513488.0,-65883.0,33
201500002433,15,9,7,1430,1,2,1,1,6,33058,M,4513195.0,-66192.0,33
201500002434,15,9,12,1900,1,1,2,1,3,33101,M,4519480.0,-59566.0,33
201500002435,15,10,28,715,2,1,1,1,6,33101,M,0.0,0.0,33
201500002436,15,1,16,1815,5,2,1,2,3,33341,M,0.0,0.0,33
201500002437,15,4,10,1515,1,2,1,8,6,33341,M,4509512.0,-48130.0,33
201500002438,15,10,9,2230,3,1,1,1,7,33228,M,4506856.0,-51909.0,33
201500002439,15,12,3,730,2,1,1,5,3,33530,M,4509978.0,-53683.0,33
201500002440,15,3,8,1930,3,1,2,1,1,33159,M,4520982.0,-56306.0,33
201500002441,15,4,11,1430,1,1,1,1,6,33326,M,4531659.0,-57645.0,33
201500002442,15,7,1,800,1,1,3,1,3,33380,M,0.0,0.0,33
201500002443,15,1,8,1245,1,1,1,1,1,33233,M,4509402.0,-33446.0,33
201500002444,15,3,7,1000,1,1,2,1,3,33126,M,4511347.0,-46128.0,33
201500002445,15,5,24,130,3,1,1,1,6,33382,M,4514742.0,-47947.0,33
201500002446,15,6,8,800,1,1,1,1,3,33439,M,4511303.0,-38155.0,33
201500002447,15,7,16,245,3,1,1,1,2,33233,M,0.0,0.0,33
201500002448,15,7,19,1000,1,1,3,1,1,33233,M,4515804.0,-33792.0,33
201500002449,15,9,6,1330,1,1,1,1,1,33233,M,4508230.0,-35493.0,33
201500002450,15,12,15,2245,3,1,1,5,7,33126,M,0.0,0.0,33
201500002451,15,12,25,430,3,2,1,5,6,33382,M,4512567.0,-48871.0,33
201500002452,15,1,2,215,5,2,1,1,7,33003,M,4493170.0,-48058.0,33
201500002453,15,1,7,1745,2,2,1,1,6,33434,M,4495895.0,-52144.0,33
201500002454,15,2,7,1630,1,2,1,1,6,33003,M,4492490.0,-49952.0,33
201500002455,15,5,6,715,1,1,1,1,6,33487,M,4496664.0,-48125.0,33
201500002456,15,5,23,2045,1,2,1,1,7,33003,M,4493443.0,-51032.0,33
201500002457,15,6,20,615,1,1,2,1,1,33433,M,4490117.0,-43745.0,33
201500002458,15,2,16,1600,1,2,1,1,1,33554,M,0.0,0.0,33
201500002459,15,10,26,1945,3,1,1,1,2,33049,M,4487580.0,-39450.0,33
201500002460,15,12,7,645,3,1,1,1,2,33049,M,4487595.0,-39449.0,33
201500002461,15,4,6,1815,1,1,1,1,6,33454,M,4465148.0,-52498.0,33
201500002462,15,5,20,1115,1,2,2,3,3,33213,M,4468089.0,-50519.0,33
201500002463,15,7,11,1000,1,1,1,1,6,33213,M,4466696.0,-53389.0,33
201500002464,15,7,30,1230,1,2,1,1,1,33037,M,4470000.0,-45018.0,33
201500002465,15,8,1,345,3,1,1,1,6,33037,M,4469773.0,-47393.0,33
201500002466,15,9,2,1945,1,1,1,1,1,33213,M,4467851.0,-49824.0,33
201500002467,15,11,28,930,1,1,1,1,5,33109,M,4468690.0,-46306.0,33
201500002468,15,12,19,1345,1,2,1,1,3,33109,M,0.0,0.0,33
201500002469,15,1,16,2000,3,1,1,2,6,33093,M,4473974.0,-33731.0,33
201500002470,15,1,27,1315,1,1,1,1,1,33363,M,4476587.0,-36787.0,33
201500002471,15,4,17,1200,1,2,1,1,2,33534,M,4471057.0,-40457.0,33
201500002472,15,6,25,1530,1,1,9,7,2,33140,M,0.0,0.0,33
201500002473,15,7,4,230,5,2,1,1,1,33241,M,4969568.0,-37866.0,33
201500002474,15,7,6,1430,1,1,1,1,2,33263,M,0.0,0.0,33
201500002475,15,9,20,1745,1,1,1,1,5,33505,M,4477177.0,-31725.0,33
201500002476,15,1,25,230,5,2,1,1,1,33165,M,4482533.0,-45117.0,33
201500002477,15,3,14,1130,1,1,1,1,1,33330,M,4486202.0,-45868.0,33
201500002478,15,11,22,130,5,1,1,1,1,33496,M,0.0,0.0,33
201500002479,15,7,2,1430,1,1,5,1,3,33080,M,0.0,0.0,33
201500002480,15,9,24,845,1,2,1,1,6,33080,M,4475565.0,-52966.0,33
201500002481,15,9,25,945,1,2,1,1,3,33501,M,4465348.0,-59653.0,33
201500002482,15,9,29,1000,1,2,1,7,6,33238,M,4473239.0,-59891.0,33
201500002483,15,10,6,1145,1,2,1,1,1,33501,M,4468148.0,-60797.0,33
201500002484,15,11,4,700,2,1,1,1,6,33077,M,4458048.0,-57572.0,33
201500002485,15,4,9,1530,1,1,2,1,3,33337,M,4455065.0,-31690.0,33
201500002486,15,7,31,1000,1,2,1,2,1,33040,M,4465282.0,-31851.0,33
201500002487,15,8,15,2145,5,1,1,1,1,33081,M,4463592.0,-32397.0,33
201500002488,15,10,17,2045,3,1,1,1,6,33081,M,0.0,0.0,33
201500002489,15,2,24,745,1,1,1,2,6,33321,M,4504130.0,-41256.0,33
201500002490,15,2,28,1915,3,1,1,2,1,33495,M,4501471.0,-38989.0,33
201500002491,15,6,7,15,3,1,3,1,5,33425,M,4504780.0,-47034.0,33
201500002492,15,6,8,2045,2,1,1,1,3,33143,M,4497708.0,-43896.0,33
201500002493,15,8,6,1830,1,1,1,1,3,33366,M,4499192.0,-42304.0,33
201500002494,15,1,24,500,3,1,1,1,7,33367,M,4461211.0,-17616.0,33
201500002495,15,3,25,600,1,1,1,1,3,33357,M,4451090.0,-26908.0,33
201500002496,15,4,8,1115,1,2,1,1,3,33227,M,4454030.0,-24202.0,33
201500002497,15,4,29,1800,1,2,1,1,1,33533,M,4455824.0,-26106.0,33
201500002498,15,4,30,1030,1,1,1,1,4,33130,M,4452037.0,-19918.0,33
201500002499,15,9,21,1800,1,2,1,1,1,33227,M,4455282.0,-25438.0,33
201500002500,15,10,10,1730,1,1,3,1,3,33435,M,4456581.0,-23741.0,33
201500002501,15,10,22,1615,1,1,6,1,3,33279,M,4451578.0,-23945.0,33
201500002502,15,11,21,345,3,1,1,3,6,33237,M,4451800.0,-33060.0,33
201500002503,15,11,28,2230,3,2,9,1,3,33533,M,4456056.0,-26779.0,33
201500002504,15,2,20,945,1,1,1,1,6,33178,M,4443691.0,-15578.0,33
201500002505,15,7,8,1230,1,2,5,1,6,33036,M,4443210.0,-21640.0,33
201500002506,15,6,10,1245,1,1,1,2,6,33316,M,4474358.0,6279.0,33
201500002507,15,6,7,1530,1,1,1,1,7,33404,M,4461437.0,6604.0,33
201500002508,15,6,16,1700,1,1,1,1,1,33400,M,4469952.0,9353.0,33
201500002509,15,6,19,945,1,1,2,1,2,33481,M,4464031.0,5065.0,33
201500002510,15,9,30,1545,1,1,1,1,6,33136,M,4465672.0,12633.0,33
201500002511,15,2,10,830,1,1,1,7,1,33002,M,4447430.0,-8999.0,33
201500002512,15,4,10,1145,1,2,1,1,7,33352,M,4458316.0,-3396.0,33
201500002513,15,5,27,1030,1,1,1,1,7,33216,M,4446517.0,-12619.0,33
201500002514,15,6,20,1400,1,1,1,1,1,33021,M,0.0,0.0,33
201500002515,15,10,14,1000,1,1,1,1,1,33331,M,4453545.0,-7792.0,33
201500002516,15,11,14,1400,1,1,1,2,6,33352,M,4456911.0,-4893.0,33
201500002517,15,11,19,2245,3,1,1,2,6,33021,M,4451561.0,-18030.0,33
201500002518,15,11,25,645,3,1,2,2,3,33072,M,4452464.0,-13586.0,33
201500002519,15,7,21,1215,1,2,1,1,7,33484,M,0.0,0.0,33
201500002520,15,2,28,1645,1,1,1,2,6,33215,M,4469836.0,-24116.0,33
201500002521,15,3,7,1200,1,1,1,1,7,33506,M,4469637.0,-8044.0,33
201500002522,15,3,22,1800,1,2,3,1,3,33506,M,4469477.0,-8441.0,33
201500002523,15,4,5,830,1,2,1,1,7,33043,M,0.0,0.0,33
201500002524,15,6,22,730,1,1,1,1,1,33008,M,4466477.0,-26624.0,33
201500002525,15,7,10,1045,1,1,1,1,5,33482,M,0.0,0.0,33
201500002526,15,8,12,2030,2,1,1,1,3,33275,M,4470360.0,-16666.0,33
201500002527,15,6,10,1600,1,1,2,1,3,02681,M,0.0,0.0,02
201500002528,15,2,1,630,3,1,1,1,6,33128,M,4535292.0,-91698.0,33
201500002529,15,2,15,1745,1,2,1,1,1,33240,M,4531297.0,-94132.0,33
201500002530,15,3,10,2015,2,1,1,1,1,33038,M,0.0,0.0,33
201500002531,15,4,23,1145,1,2,9,1,1,33240,M,4529757.0,-93036.0,33
201500002532,15,7,7,1330,1,2,1,1,3,33240,M,4529554.0,-92540.0,33
201500002533,15,7,25,1445,1,1,1,1,3,33300,M,4526097.0,-114518.0,33
201500002534,15,8,25,1820,1,1,2,1,3,33338,M,4532110.0,-90152.0,33
201500002535,15,9,10,1330,1,1,2,7,3,33412,M,4526365.0,-90604.0,33
201500002536,15,9,25,2200,3,1,1,1,1,33177,M,0.0,0.0,33
201500002537,15,10,2,700,2,2,1,1,3,33240,M,4530151.0,-93570.0,33
201500002538,15,10,13,815,2,2,3,8,3,33240,M,4530169.0,-92373.0,33
201500002539,15,10,16,2100,3,1,2,1,3,33055,M,4532593.0,-88362.0,33
201500002540,15,11,24,1035,1,1,1,2,4,33177,M,4532880.0,-96966.0,33
201500002541,15,12,7,1445,1,1,1,1,6,33240,M,4530603.0,-93447.0,33
201500002542,15,2,10,1900,1,1,1,1,1,33248,M,4506535.0,-79523.0,33
201500002543,15,3,13,1845,2,1,1,1,2,33417,M,4496926.0,-92596.0,33
201500002544,15,7,10,1140,1,1,2,1,3,33297,M,4508690.0,-73998.0,33
201500002545,15,8,14,1815,1,1,1,1,1,33494,M,4542205.0,-98605.0,33
201500002546,15,8,28,2230,3,1,1,1,1,33012,M,4497166.0,-69459.0,33
201500002547,15,10,12,1600,1,1,1,1,4,33010,M,4506928.0,-72301.0,33
201500002548,15,11,3,1600,1,1,1,2,6,33012,M,4498156.0,-73825.0,33
201500002549,15,1,30,1445,1,1,1,8,3,33314,M,4518162.0,-77021.0,33
201500002550,15,6,20,2315,3,1,2,1,3,33395,M,4525843.0,-80263.0,33
201500002551,15,7,6,930,1,2,1,1,3,33424,M,4514726.0,-82510.0,33
201500002552,15,7,26,1645,1,2,6,1,7,33314,M,0.0,0.0,33
201500002553,15,9,5,2215,3,1,1,1,1,33424,M,0.0,0.0,33
201500002554,15,10,14,745,1,1,1,1,5,33314,M,4520676.0,-75599.0,33
201500002555,15,7,25,2015,1,2,1,1,3,33514,M,4551304.0,-112403.0,33
201500002556,15,10,14,715,2,1,2,1,1,33541,M,4541552.0,-103519.0,33
201500002557,15,11,1,1815,5,1,1,1,6,33208,M,4542205.0,-98601.0,33
201500002558,15,5,14,1815,1,2,2,1,3,33015,M,4491004.0,-25804.0,33
201500002559,15,7,12,2000,1,1,1,1,6,33015,M,0.0,0.0,33
201500002560,15,8,11,745,1,1,3,1,1,33052,M,4495949.0,-23994.0,33
201500002561,15,9,17,1830,1,1,3,1,3,33015,M,0.0,0.0,33
201500002562,15,9,19,1145,1,1,3,1,1,33222,M,4495458.0,-18762.0,33
201500002563,15,11,4,2015,5,1,3,1,1,33222,M,4494135.0,-20772.0,33
201500002564,15,11,28,2245,5,2,6,1,7,33207,M,4492053.0,-37020.0,33
201500002565,15,12,13,645,3,1,1,2,2,33222,M,0.0,0.0,33
201500002566,15,12,27,1130,1,2,1,1,6,33243,M,4490713.0,-23136.0,33
201500002567,15,1,25,1,3,1,1,9,1,33298,M,4488715.0,-21959.0,33
201500002568,15,2,3,1700,1,1,1,1,3,33141,M,4483570.0,-34278.0,33
201500002569,15,4,12,1030,1,2,1,1,6,33466,M,4482545.0,-29218.0,33
201500002570,15,5,10,1830,2,2,1,1,6,33296,M,4483595.0,-577.0,33
201500002571,15,6,15,1730,1,1,1,1,6,33413,M,4484880.0,-34218.0,33
201500002572,15,6,14,1800,1,1,3,1,1,33531,M,4481780.0,-25372.0,33
201500002573,15,8,17,1445,1,1,1,1,2,33421,M,4481286.0,-14169.0,33
201500002574,15,8,22,2230,5,2,2,1,3,33466,M,0.0,0.0,33
201500002575,15,9,12,815,1,1,1,2,1,33185,M,4486424.0,-25405.0,33
201500002576,15,9,21,1400,1,1,1,1,6,33147,M,4479012.0,-23332.0,33
201500002577,15,11,28,1045,1,1,1,1,3,33071,M,0.0,0.0,33
201500002578,15,12,14,1815,3,2,1,1,2,33185,M,4486295.0,-25537.0,33
201500002579,15,3,10,1815,1,1,1,1,5,33394,M,4486992.0,-14814.0,33
201500002580,15,7,19,1245,1,1,2,1,5,33328,M,0.0,0.0,33
201500002581,15,9,28,1845,2,1,1,1,1,33261,M,4498997.0,-9063.0,33
201500002582,15,10,30,1130,1,1,1,1,2,33394,M,0.0,0.0,33
201500002583,15,5,17,1015,1,1,3,1,1,33154,M,4508959.0,-5292.0,33
201500002584,15,5,15,1000,1,1,1,1,6,33385,M,4510058.0,-417.0,33
201500002585,15,8,17,245,3,1,1,1,6,33154,M,4507821.0,-4121.0,33
201500002586,15,11,29,600,5,1,1,1,1,33332,M,4502548.0,32.0,33
201500002587,15,12,24,1630,1,1,1,1,7,33166,M,4503444.0,-2864.0,33
201500002588,15,5,20,1145,1,2,9,1,6,33393,M,4499198.0,-20768.0,33
201500002589,15,7,31,1615,1,1,1,1,1,33393,M,0.0,0.0,33
201500002590,15,8,27,2030,1,1,1,1,6,33230,M,0.0,0.0,33
201500002591,15,9,13,1500,1,1,1,8,3,33218,M,4508733.0,-16016.0,33
201500002592,15,10,10,2145,5,2,1,1,6,33393,M,4498879.0,-20795.0,33
201500002593,15,11,15,1,3,1,1,5,1,33393,M,4498596.0,-20784.0,33
201500002594,15,12,17,1800,3,1,1,1,1,33362,M,0.0,0.0,33
201500002595,15,2,7,2015,3,1,1,1,6,33324,M,4483020.0,23465.0,33
201500002596,15,6,11,1200,1,1,1,1,1,33186,M,4479381.0,6533.0,33
201500002597,15,12,27,1945,3,1,1,1,6,33269,M,4476695.0,25023.0,33
201500002598,15,5,31,1845,1,1,1,1,1,33259,M,0.0,0.0,33
201500002599,15,6,29,1745,1,1,1,1,3,33219,M,0.0,0.0,33
201500002600,15,7,21,2145,3,1,1,1,7,33317,M,0.0,0.0,33
201500002601,15,10,6,1715,1,1,1,9,2,33451,M,4494550.0,-28720.0,33
201500002602,15,10,12,745,2,2,1,1,6,33219,M,4498025.0,-38005.0,33
201500002603,15,3,5,1200,1,1,1,1,1,24013,M,4513850.0,75609.0,24
201500002604,15,7,26,15,3,1,1,1,6,24571,M,4503690.0,75702.0,24
201500002605,15,12,10,2100,3,1,1,1,7,24115,M,4526100.0,68297.0,24
201500002606,15,3,8,1830,1,1,1,1,7,24042,M,4528870.0,67085.0,24
201500002607,15,3,20,2315,3,1,1,5,7,24064,M,4537540.0,68641.0,24
201500002608,15,5,2,1845,1,2,1,2,1,24064,M,4536000.0,66670.0,24
201500002609,15,5,3,2100,1,1,1,1,6,24002,M,4530410.0,73698.0,24
201500002610,15,7,11,1430,1,1,1,1,1,24579,M,4542930.0,49429.0,24
201500002611,15,7,19,2000,1,1,1,1,1,24079,M,4542020.0,64853.0,24
201500002612,15,7,27,915,1,1,1,1,5,24042,M,4528610.0,67156.0,24
201500002613,15,1,10,1115,1,1,1,2,1,24372,M,4513230.0,51132.0,24
201500002614,15,3,7,1345,1,1,1,1,1,24372,M,4516150.0,54972.0,24
201500002615,15,3,10,1530,1,1,1,1,6,24442,M,4510540.0,49813.0,24
201500002616,15,4,20,1745,1,1,1,1,3,24108,M,4522720.0,63280.0,24
201500002617,15,5,3,1730,1,1,1,1,6,24108,M,4523590.0,65234.0,24
201500002618,15,5,13,1230,1,1,1,1,2,24372,M,4514870.0,54098.0,24
201500002619,15,5,20,1900,1,1,1,1,2,24372,M,4513180.0,50905.0,24
201500002620,15,5,26,1215,1,2,6,1,3,24010,M,4517270.0,59241.0,24
201500002621,15,7,14,1645,1,1,1,1,5,24236,M,4519510.0,56684.0,24
201500002622,15,1,5,1330,1,1,1,1,6,24120,M,4527650.0,111513.0,24
201500002623,15,5,13,1745,1,1,1,1,6,24550,M,4512010.0,109538.0,24
201500002624,15,7,11,2130,3,1,1,1,6,24308,M,4532620.0,87175.0,24
201500002625,15,7,18,1345,1,1,1,1,7,24417,M,4534050.0,100292.0,24
201500002626,15,8,1,2245,5,2,1,1,6,24164,M,4533680.0,104516.0,24
201500002627,15,8,29,1415,1,1,1,1,7,24417,M,4534310.0,98562.0,24
201500002628,15,10,30,1100,1,1,1,1,1,24019,M,4516990.0,112477.0,24
201500002629,15,1,5,15,3,1,1,5,6,24259,M,4490410.0,46467.0,24
201500002630,15,4,22,1430,1,1,2,1,3,24487,M,4486180.0,32494.0,24
201500002631,15,5,2,1700,1,1,1,2,4,24182,M,4487990.0,23693.0,24
201500002632,15,5,18,715,1,1,1,1,6,24499,M,4487750.0,59440.0,24
201500002633,15,6,12,1830,1,1,3,1,2,24340,M,4485080.0,42564.0,24
201500002634,15,8,12,2315,3,1,1,2,6,24277,M,4489410.0,24996.0,24
201500002635,15,8,21,1730,1,1,1,1,3,24242,M,4491380.0,61814.0,24
201500002636,15,9,2,1245,1,1,1,1,1,24472,M,4480550.0,56474.0,24
201500002637,15,1,5,1045,1,1,1,1,1,24068,M,4484410.0,83321.0,24
201500002638,15,4,16,900,1,1,1,1,1,24290,M,4475350.0,87435.0,24
201500002639,15,5,10,1730,1,1,1,1,4,24068,M,4484580.0,89681.0,24
201500002640,15,5,31,1700,1,1,1,1,7,24080,M,4468410.0,99004.0,24
201500002641,15,3,7,1800,1,1,1,1,6,24023,M,4483630.0,68884.0,24
201500002642,15,11,3,1745,2,2,1,2,7,24223,M,4483640.0,73613.0,24
201500002643,15,5,14,1115,1,2,1,1,2,24194,M,4483663.0,33274.0,24
201500002644,15,6,24,1100,1,2,1,1,1,24225,M,4484270.0,38018.0,24
201500002645,15,8,1,1430,1,1,2,1,3,24274,M,4480480.0,49209.0,24
201500002646,15,8,19,745,1,1,1,1,6,24274,M,4480200.0,49200.0,24
201500002647,15,10,18,1430,1,1,1,2,3,24282,M,4472210.0,55542.0,24
201500002648,15,10,16,800,1,2,9,1,1,24167,M,4467550.0,39702.0,24
201500002649,15,12,10,1700,2,1,1,1,2,24274,M,4481110.0,47453.0,24
201500002650,15,6,22,1130,1,1,1,1,2,24335,M,4485020.0,20419.0,24
201500002651,15,12,27,1745,2,2,1,1,1,24370,M,4484580.0,16224.0,24
201500002652,15,10,4,1730,1,2,3,2,1,24498,M,4554320.0,81497.0,24
201500002653,15,10,8,730,1,1,1,1,6,24458,M,4554630.0,63989.0,24
201500002654,15,2,8,1130,1,1,1,1,6,24227,M,4536610.0,112672.0,24
201500002655,15,4,5,645,2,1,1,1,6,24008,M,4544140.0,114372.0,24
201500002656,15,7,25,2045,2,1,1,1,1,24095,M,4551320.0,93402.0,24
201500002657,15,8,2,1130,1,1,1,1,6,24218,M,4549600.0,106500.0,24
201500002658,15,9,5,815,1,1,1,1,6,24519,M,4546300.0,113400.0,24
201500002659,15,11,1,1045,1,1,1,7,1,24453,M,4546280.0,86880.0,24
201500002660,15,12,4,930,1,1,1,1,6,24008,M,4543080.0,114225.0,24
201500002661,15,7,13,2330,3,1,1,1,7,24352,M,4523330.0,32174.0,24
201500002662,15,7,26,1145,1,1,2,1,3,24178,M,4523150.0,26324.0,24
201500002663,15,10,31,1600,1,1,1,1,7,24090,M,4530410.0,41590.0,24
201500002664,15,11,3,1545,1,2,1,8,1,24352,M,4524500.0,33379.0,24
201500002665,15,11,8,1500,1,1,1,1,6,24482,M,4530230.0,27516.0,24
201500002666,15,11,8,2300,3,1,1,1,1,24586,M,4528150.0,34943.0,24