Num_Acc,an,mois,jour,hrmn,lum,agg,int,atm,col,com,gps,lat,long,dep
201500002667,15,11,29,2100,5,2,2,1,3,24352,M,4524940.0,33539.0,24
201500002668,15,3,15,2015,3,1,1,1,3,24264,M,4501380.0,9641.0,24
201500002669,15,4,11,1930,1,1,2,1,3,24449,M,4502100.0,25099.0,24
201500002670,15,4,13,1230,1,2,1,1,6,24418,M,4513740.0,44774.0,24
201500002671,15,5,2,2215,5,2,1,2,6,24294,M,4502150.0,16626.0,24
201500002672,15,5,12,1215,1,2,1,1,1,24436,M,4504030.0,25763.0,24
201500002673,15,6,30,800,1,2,1,1,6,24294,M,4500990.0,16022.0,24
201500002674,15,7,15,45,5,2,1,1,7,24380,M,4507760.0,20973.0,24
201500002675,15,8,2,645,1,2,1,1,7,24299,M,4503380.0,37202.0,24
201500002676,15,10,10,2145,5,2,2,1,3,24294,M,4500900.0,16041.0,24
201500002677,15,7,30,1715,1,1,1,1,1,24159,M,4512130.0,20800.0,24
201500002678,15,10,31,1915,3,1,1,1,6,24118,M,4521280.0,10400.0,24
201500002679,15,5,22,1415,1,1,1,1,6,24577,M,4485200.0,120452.0,24
201500002680,15,6,3,1715,1,1,1,1,1,24255,M,4495220.0,111203.0,24
201500002681,15,6,21,2215,2,1,1,1,6,24050,M,4494440.0,140728.0,24
201500002682,15,11,19,1030,1,1,1,2,6,24366,M,4490850.0,113997.0,24
201500002683,15,11,21,900,1,1,1,1,1,24355,M,4481670.0,121398.0,24
201500002684,15,2,17,1115,1,1,1,1,7,24035,M,4472634.0,96080.0,24
201500002685,15,2,22,1730,1,1,1,1,3,24375,M,4472490.0,126798.0,24
201500002686,15,4,10,1545,1,2,1,1,1,24086,M,4477800.0,111704.0,24
201500002687,15,5,17,800,1,2,6,1,3,24091,M,4479770.0,120410.0,24
201500002688,15,5,19,1730,1,1,1,1,1,24152,M,4482180.0,122683.0,24
201500002689,15,3,23,730,1,2,1,1,6,24510,M,4483650.0,111369.0,24
201500002690,15,4,9,1845,1,1,1,1,1,24142,M,4487160.0,98793.0,24
201500002691,15,4,18,1700,1,1,1,1,7,24067,M,4493710.0,90745.0,24
201500002692,15,5,10,1945,1,1,1,1,2,24041,M,4484840.0,107966.0,24
201500002693,15,7,15,245,5,1,1,1,6,24172,M,4493070.0,99800.0,24
201500002694,15,7,18,945,1,1,2,1,3,24067,M,4490850.0,94167.0,24
201500002695,15,7,24,1845,1,2,3,1,3,24356,M,4504060.0,98237.0,24
201500002696,15,1,1,515,3,1,1,1,7,24326,M,4498540.0,107784.0,24
201500002697,15,3,24,145,3,1,1,1,6,24014,M,4508140.0,118743.0,24
201500002698,15,7,25,145,3,1,1,1,7,24030,M,4514830.0,123921.0,24
201500002699,15,8,2,1715,1,2,1,1,2,24547,M,4512960.0,131196.0,24
201500002700,15,12,2,800,1,1,1,1,1,40273,M,4353589.0,-142592.0,40
201500002701,15,2,13,1345,1,1,1,1,5,40250,M,4392029.0,-44777.0,40
201500002702,15,3,14,730,2,1,1,1,6,40058,M,4408832.0,-47124.0,40
201500002703,15,4,12,1830,1,1,1,1,6,40169,M,4420664.0,-16185.0,40
201500002704,15,5,12,515,3,1,1,5,7,40297,M,4416384.0,-53787.0,40
201500002705,15,8,11,1630,1,1,1,1,6,40320,M,4396392.0,-52988.0,40
201500002706,15,9,26,1130,1,2,1,1,3,40056,M,4404380.0,-53562.0,40
201500002707,15,11,15,815,2,1,1,5,1,40105,M,4407961.0,-67592.0,40
201500002708,15,12,6,1615,1,1,1,1,6,40081,M,4401513.0,-52697.0,40
201500002709,15,12,8,2045,3,1,1,2,1,40234,M,4396041.0,-32848.0,40
201500002710,15,12,10,1245,1,1,1,1,6,40250,M,4394237.0,-40390.0,40
201500002711,15,12,19,530,3,1,1,1,6,40245,M,4404550.0,-32161.0,40
201500002712,15,1,15,730,3,1,9,1,7,40142,M,4383729.0,-102877.0,40
201500002713,15,1,31,1415,1,1,1,4,7,40230,M,4376954.0,-95873.0,40
201500002714,15,2,23,1130,1,1,1,2,1,40309,M,4378826.0,-72207.0,40
201500002715,15,3,25,745,2,1,1,1,2,40313,M,4383120.0,-82574.0,40
201500002716,15,3,31,1445,1,1,1,3,7,40243,M,4395501.0,-98469.0,40
201500002717,15,5,31,130,3,1,1,1,6,40230,M,0.0,0.0,40
201500002718,15,9,7,1900,1,1,1,1,2,40230,M,4376258.0,-96815.0,40
201500002719,15,12,29,945,2,1,1,5,2,40031,M,4382658.0,-85284.0,40
201500002720,15,1,13,1830,3,1,1,1,1,40123,M,4383305.0,-110206.0,40
201500002721,15,4,19,1700,2,1,1,1,6,40123,M,4381898.0,-109079.0,40
201500002722,15,5,10,330,3,1,1,1,7,40277,M,4367309.0,-103437.0,40
201500002723,15,5,18,1830,2,2,1,1,6,40202,M,4369333.0,-101079.0,40
201500002724,15,10,2,2030,3,1,1,1,3,40244,M,4370487.0,-117339.0,40
201500002725,15,10,29,1815,2,1,1,1,1,40202,M,4370258.0,-101937.0,40
201500002726,15,11,6,1920,3,1,1,1,1,40283,M,4373897.0,-101839.0,40
201500002727,15,1,14,745,2,1,3,1,3,40036,M,4362415.0,-137978.0,40
201500002728,15,8,21,1400,1,2,1,1,6,40065,M,4364176.0,-142694.0,40
201500002729,15,8,23,330,3,2,1,2,6,40296,M,4368061.0,-137168.0,40
201500002730,15,9,26,1100,1,2,1,1,7,40133,M,4358397.0,-143151.0,40
201500002731,15,11,10,2215,3,1,1,1,1,40296,M,4367680.0,-141812.0,40
201500002732,15,6,16,1815,1,1,2,1,3,40150,M,4386530.0,-132666.0,40
201500002733,15,8,21,1515,1,1,1,1,5,40123,M,4382608.0,-109651.0,40
201500002734,15,2,26,1445,1,1,1,2,6,40201,M,4374457.0,-72559.0,40
201500002735,15,4,17,15,3,1,1,1,7,40002,M,4360101.0,-76896.0,40
201500002736,15,4,24,1900,1,1,1,1,3,40205,M,4371845.0,-81646.0,40
201500002737,15,7,2,1945,1,1,1,1,7,40194,M,4370390.0,-84660.0,40
201500002738,15,11,27,1800,5,2,2,2,5,40126,M,4370529.0,-94094.0,40
201500002739,15,11,27,1945,3,1,1,2,6,40228,M,4363879.0,-83613.0,40
201500002740,15,2,5,1900,3,1,1,1,1,40183,M,4364445.0,-94441.0,40
201500002741,15,4,6,1330,1,1,1,1,6,40118,M,4356716.0,-93727.0,40
201500002742,15,4,25,530,3,1,1,2,6,40132,M,4354904.0,-101542.0,40
201500002743,15,5,2,1945,1,1,1,1,6,40231,M,4358192.0,-115659.0,40
201500002744,15,6,20,1615,1,2,1,1,1,40034,M,4359236.0,-111676.0,40
201500002745,15,6,22,1100,1,1,1,1,6,40132,M,4354155.0,-101467.0,40
201500002746,15,7,16,1245,1,1,1,1,3,40206,M,4351899.0,-110667.0,40
201500002747,15,7,28,1030,1,1,1,1,1,40120,M,4354078.0,-112794.0,40
201500002748,15,8,24,1015,1,2,1,1,6,40224,M,4354425.0,-110541.0,40
201500002749,15,9,23,1645,1,2,1,1,3,40224,M,4355030.0,-112312.0,40
201500002750,15,9,30,700,2,1,1,1,7,40233,M,4361688.0,-101693.0,40
201500002751,15,10,27,1845,3,1,1,2,3,40077,M,4354476.0,-107644.0,40
201500002752,15,10,31,2315,3,1,1,5,7,40254,M,4354003.0,-104418.0,40
201500002753,15,11,1,1330,1,1,1,1,2,40212,M,4355747.0,-114596.0,40
201500002754,15,11,19,2030,3,1,6,1,6,40095,M,4360736.0,-90941.0,40
201500002755,15,12,25,45,3,1,1,1,6,40231,M,4357616.0,-116218.0,40
201500002756,15,4,3,1400,1,1,1,1,7,40310,M,4376788.0,-130649.0,40
201500002757,15,6,27,1715,1,2,2,7,3,40284,M,4365652.0,-131366.0,40
201500002758,15,7,14,1630,1,1,1,1,3,40181,M,4382432.0,-137209.0,40
201500002759,15,7,30,1830,1,1,1,1,7,40021,M,4379916.0,-130870.0,40
201500002760,15,10,11,1945,2,2,3,1,1,40284,M,4365885.0,-130030.0,40
201500002761,15,10,29,1945,3,1,1,1,6,40261,M,4367361.0,-126699.0,40
201500002762,15,11,2,755,1,1,1,1,1,40310,M,4373734.0,-129521.0,40
201500002763,15,5,19,2245,5,1,1,2,6,40273,M,4352424.0,-140891.0,40
201500002764,15,5,27,1630,1,2,1,1,3,40312,M,4354631.0,-148868.0,40
201500002765,15,12,21,1330,1,2,1,1,1,40312,M,4352158.0,-146460.0,40
201500002766,15,2,28,1745,1,2,1,2,6,40332,M,4432779.0,-95127.0,40
201500002767,15,3,3,1315,1,2,1,2,1,40046,M,4441430.0,-115389.0,40
201500002768,15,3,23,815,1,1,1,1,7,40046,M,4442885.0,-113574.0,40
201500002769,15,4,17,715,1,1,1,2,5,40217,M,4433894.0,-99680.0,40
201500002770,15,4,27,1945,1,1,1,1,6,40287,M,4446291.0,-106979.0,40
201500002771,15,5,21,1715,1,1,1,1,7,40332,M,4433064.0,-97938.0,40
201500002772,15,7,7,2100,3,1,1,1,7,40046,M,4446012.0,-109427.0,40
201500002773,15,10,19,730,2,1,1,1,6,40332,M,4435524.0,-95172.0,40
201500002774,15,1,20,2245,5,2,1,1,6,40197,M,4402784.0,-90972.0,40
201500002775,15,6,7,1500,2,1,1,1,7,40006,M,4402980.0,-78141.0,40
201500002776,15,7,7,730,2,1,1,7,7,40163,M,4420248.0,-94287.0,40
201500002777,15,8,2,730,1,2,1,1,7,40197,M,4421207.0,-92185.0,40
201500002778,15,10,21,745,4,2,1,5,6,40107,M,4401547.0,-92640.0,40
201500002779,15,1,7,230,3,2,1,5,6,40008,M,4437381.0,-64749.0,40
201500002780,15,1,29,100,3,2,1,2,6,40200,M,4436028.0,-76184.0,40
201500002781,15,2,27,1230,1,1,1,1,1,40200,M,4434788.0,-77027.0,40
201500002782,15,5,11,1845,1,1,1,1,6,40246,M,4412634.0,-68801.0,40
201500002783,15,7,21,1630,1,1,1,1,7,40171,M,4442444.0,-65839.0,40
201500002784,15,7,30,1045,1,1,1,1,7,40200,M,4435700.0,-79295.0,40
201500002785,15,8,26,1500,1,1,1,1,6,40085,M,4422805.0,-82806.0,40
201500002786,15,9,16,1200,1,1,1,6,6,40085,M,4421383.0,-87374.0,40
201500002787,15,9,30,2045,3,1,1,1,6,40156,M,4425940.0,-85281.0,40
201500002788,15,8,18,1115,1,1,1,1,6,40182,M,4407233.0,-115579.0,40
201500002789,15,10,30,2200,5,2,1,1,3,40184,M,4420451.0,-122431.0,40
201500002790,15,1,24,2345,3,1,1,1,1,40119,M,4365061.0,-61097.0,40
201500002791,15,1,28,1215,1,1,2,1,3,40253,M,4364857.0,-66501.0,40
201500002792,15,5,1,1215,1,1,1,2,6,40098,M,4370224.0,-53393.0,40
201500002793,15,5,10,1000,1,2,1,1,6,40119,M,4365352.0,-59412.0,40
201500002794,15,5,30,1615,1,1,1,1,6,40196,M,4372684.0,-49208.0,40
201500002795,15,8,22,800,1,1,1,1,6,40119,M,4364675.0,-61482.0,40
201500002796,15,9,8,2300,3,1,1,1,6,40282,M,4374629.0,-54669.0,40
201500002797,15,9,16,845,1,1,1,8,1,40191,M,4375269.0,-60050.0,40
201500002798,15,12,13,200,3,1,1,1,6,40138,M,4361109.0,-59520.0,40
201500002799,15,12,16,1630,1,1,1,1,6,40282,M,4375516.0,-58382.0,40
201500002800,15,1,20,1745,1,1,1,1,6,40146,M,4364056.0,-29528.0,40
201500002801,15,1,27,1545,1,1,1,8,3,40001,M,4369071.0,-24975.0,40
201500002802,15,3,8,1600,1,1,2,1,1,40022,M,4366980.0,-33193.0,40
201500002803,15,4,6,1700,1,1,2,1,3,40070,M,4382513.0,-34024.0,40
201500002804,15,7,2,1500,1,2,1,1,6,40001,M,4370007.0,-26429.0,40
201500002805,15,7,23,1345,1,1,2,1,5,40022,M,4366977.0,-33194.0,40
201500002806,15,9,8,1800,1,2,1,1,3,40001,M,4370442.0,-25500.0,40
201500002807,15,8,18,945,1,1,2,1,3,40022,M,4366491.0,-36641.0,40
201500002808,15,9,26,1930,2,1,1,7,1,40226,M,4356991.0,-39465.0,40
201500002809,15,10,3,1530,1,2,1,1,1,40001,M,4369976.0,-26200.0,40
201500002810,15,10,12,1715,1,1,1,2,1,40270,M,4367052.0,-39119.0,40
201500002811,15,11,6,945,1,1,1,1,3,40286,M,4365073.0,-52573.0,40
201500002812,15,12,12,1145,1,2,1,1,3,40119,M,4365695.0,-59519.0,40
201500002813,15,1,4,2000,5,2,1,1,7,40218,M,4394903.0,1053.0,40
201500002814,15,5,12,1745,1,1,2,1,3,40331,M,4387917.0,-34502.0,40
201500002815,15,6,10,1330,1,1,1,1,3,40267,M,4400320.0,-20346.0,40
201500002816,15,8,8,415,3,1,1,1,6,40102,M,4399428.0,1587.0,40
201500002817,15,8,10,115,3,1,1,1,6,40161,M,4409251.0,-2061.0,40
201500002818,15,8,14,830,1,2,1,8,6,40331,M,4389192.0,-30392.0,40
201500002819,15,10,6,1130,1,1,3,1,6,40331,M,4390109.0,-30534.0,40
201500002820,15,10,27,1900,3,1,1,3,5,40255,M,4388637.0,-33906.0,40
201500002821,15,12,15,845,1,1,1,1,6,40331,M,4389230.0,-27670.0,40
201500002822,15,1,7,1030,1,1,1,9,1,47091,M,4416730.0,58570.0,47
201500002823,15,1,27,1645,1,1,1,1,6,47091,M,0.0,0.0,47
201500002824,15,2,12,530,3,1,1,1,1,47100,M,4423790.0,61731.0,47
201500002825,15,2,28,1600,1,1,1,1,1,47137,M,4411240.0,52585.0,47
201500002826,15,4,28,1715,1,1,1,1,7,47019,M,4423580.0,69452.0,47
201500002827,15,6,13,1700,1,1,1,8,1,47019,M,4424080.0,70358.0,47
201500002828,15,7,21,1915,1,1,1,1,3,47300,M,4421000.0,52900.0,47
201500002829,15,7,25,830,1,1,1,1,6,47015,M,4404980.0,67111.0,47
201500002830,15,9,12,1645,1,1,1,8,6,47091,M,4416660.0,58877.0,47
201500002831,15,9,21,1000,1,1,1,1,1,47069,M,4423350.0,54974.0,47
201500002832,15,10,5,945,1,1,3,2,1,47100,M,0.0,0.0,47
201500002833,15,10,11,1600,1,1,1,1,7,47100,M,4424900.0,60500.0,47
201500002834,15,10,17,2230,3,1,1,1,6,47137,M,0.0,0.0,47
201500002835,15,11,13,1830,3,1,1,1,7,47137,M,4410430.0,54963.0,47
201500002836,15,11,14,730,2,1,6,1,3,47069,M,4421960.0,57935.0,47
201500002837,15,5,11,2245,3,1,1,1,1,47196,M,4433450.0,32297.0,47
201500002838,15,4,24,2030,3,1,1,1,6,47269,M,0.0,0.0,47
201500002839,15,8,9,715,2,1,1,2,6,47171,M,4431380.0,73026.0,47
201500002840,15,8,15,1945,1,1,1,1,6,47269,M,4417640.0,76204.0,47
201500002841,15,1,14,1230,1,2,2,1,6,47157,M,4450380.0,16413.0,47
201500002842,15,1,28,2000,3,1,2,3,3,47157,M,4451140.0,20077.0,47
201500002843,15,4,15,2300,3,2,1,1,6,47157,M,4449900.0,17300.0,47
201500002844,15,5,22,700,1,1,2,1,3,47056,M,4454800.0,14000.0,47
201500002845,15,7,13,845,1,1,1,1,1,47157,M,,,47
201500002846,15,8,17,1800,1,2,8,1,3,47024,M,4451880.0,12786.0,47
201500002847,15,8,24,745,1,1,1,1,3,47157,M,4448880.0,14788.0,47
201500002848,15,9,12,1015,1,1,2,8,3,47157,M,4451120.0,20029.0,47
201500002849,15,9,24,1615,1,1,3,1,3,47326,M,4450540.0,27251.0,47
201500002850,15,10,1,900,1,1,1,1,6,47157,M,0.0,0.0,47
201500002851,15,11,21,1245,1,2,2,1,3,47157,M,4446320.0,13924.0,47
201500002852,15,12,3,730,2,2,1,5,2,47157,M,4450370.0,15316.0,47
201500002853,15,1,27,1600,1,1,1,1,1,47086,M,4466910.0,18687.0,47
201500002854,15,3,15,400,3,1,1,1,6,47303,M,0.0,0.0,47
201500002855,15,5,31,745,1,1,1,1,7,47226,M,4461550.0,33905.0,47
201500002856,15,6,8,2345,3,1,1,1,2,47271,M,4465930.0,18980.0,47
201500002857,15,5,25,2030,1,1,1,1,6,47108,M,4450100.0,9800.0,47
201500002858,15,6,25,1945,1,1,3,7,3,47165,M,4449940.0,7471.0,47
201500002859,15,6,26,1015,1,1,2,1,3,47165,M,4448480.0,5775.0,47
201500002860,15,10,25,845,1,1,1,1,6,47114,M,4438900.0,15900.0,47
201500002861,15,11,22,45,5,2,1,1,6,47233,M,4453120.0,9184.0,47
201500002862,15,12,31,1500,1,2,1,8,7,47095,M,4442340.0,28797.0,47
201500002863,15,1,12,1645,1,2,1,1,6,47310,M,4439810.0,30513.0,47
201500002864,15,2,20,1745,2,1,1,2,1,47095,M,4442990.0,29337.0,47
201500002865,15,7,24,1345,1,1,1,1,7,47317,M,4444140.0,40861.0,47
201500002866,15,8,4,1830,1,2,1,1,6,47310,M,0.0,0.0,47
201500002867,15,8,17,1700,1,2,2,1,6,47310,M,4439210.0,30580.0,47
201500002868,15,11,28,1500,1,2,2,1,6,47310,M,4439050.0,30880.0,47
201500002869,15,5,6,1745,1,2,2,1,3,47220,M,4435200.0,24464.0,47
201500002870,15,6,4,745,1,1,2,1,3,47320,M,4431840.0,20024.0,47
201500002871,15,7,19,2145,2,1,4,1,1,47052,M,4429920.0,9793.0,47
201500002872,15,9,5,1900,2,1,1,1,6,47214,M,4431150.0,25322.0,47
201500002873,15,9,26,1315,1,1,2,1,3,47012,M,4427920.0,16667.0,47
201500002874,15,11,9,1700,1,1,2,1,3,47250,M,4428950.0,32456.0,47
201500002875,15,4,27,645,2,1,6,3,7,47228,M,0.0,0.0,47
201500002876,15,7,16,1,3,1,1,1,7,47237,M,4435100.0,64172.0,47
201500002877,15,8,3,1030,1,1,1,1,7,47146,M,4443010.0,68346.0,47
201500002878,15,11,21,2045,3,1,1,1,6,47146,M,4444360.0,68254.0,47
201500002879,15,2,2,745,3,1,1,8,6,47048,M,4456910.0,62506.0,47
201500002880,15,2,4,1115,1,1,3,1,3,47324,M,0.0,0.0,47
201500002881,15,3,18,1045,1,2,1,1,6,47324,M,4463900.0,74195.0,47
201500002882,15,7,11,100,3,2,1,1,7,47240,M,4461370.0,74427.0,47
201500002883,15,1,15,1445,1,1,1,1,6,47036,M,4444150.0,97176.0,47
201500002884,15,1,18,515,3,1,1,1,7,47070,M,4447720.0,90954.0,47
201500002885,15,7,14,2215,2,1,2,1,3,47314,M,4441660.0,89309.0,47
201500002886,15,12,16,1345,1,1,1,1,7,47064,M,4438500.0,90948.0,47
201500002887,15,3,22,1600,1,1,1,1,6,47252,M,4442300.0,61700.0,47
201500002888,15,7,3,145,3,2,1,1,6,47309,M,4450400.0,45411.0,47
201500002889,15,10,19,1400,1,1,1,1,6,47239,M,0.0,0.0,47
201500002890,15,10,26,1700,1,1,1,1,3,47309,M,0.0,0.0,47
201500002891,15,11,15,1415,1,1,1,1,1,47306,M,4438900.0,48990.0,47
201500002892,15,12,14,1330,1,1,1,1,1,47049,M,4443250.0,64843.0,47
201500002893,15,12,26,1115,1,1,1,1,7,47252,M,4441340.0,58383.0,47
201500002894,15,12,26,1000,1,2,4,7,1,47324,M,4463500.0,74372.0,47
201500002895,15,3,29,1715,1,1,1,1,1,64230,M,4322842.0,-42102.0,64
201500002896,15,4,22,1515,1,2,6,1,3,64067,M,4325264.0,-29566.0,64
201500002897,15,6,17,845,1,1,1,1,3,64376,M,4326745.0,-30030.0,64
201500002898,15,7,18,1130,1,1,1,8,3,64230,M,4320329.0,-41478.0,64
201500002899,15,9,14,845,1,1,1,3,3,64230,M,4317323.0,-39442.0,64
201500002900,15,10,2,1800,1,1,1,1,5,64230,M,4322215.0,-39666.0,64
201500002901,15,10,6,1815,1,2,1,3,7,64067,M,4325832.0,-30242.0,64
201500002902,15,8,11,1800,1,2,1,1,1,64027,M,4340174.0,-29286.0,64
201500002903,15,8,23,745,2,1,1,2,7,64227,M,4336826.0,-23176.0,64
201500002904,15,7,17,2345,5,2,1,1,1,64448,M,4335249.0,-46964.0,64
201500002905,15,10,30,845,1,2,1,1,3,64519,M,4337767.0,-38030.0,64
201500002906,15,1,10,900,1,2,6,5,2,64405,M,0.0,0.0,64
201500002907,15,1,15,1445,1,1,2,2,3,64210,M,0.0,0.0,64
201500002908,15,2,16,1100,1,2,1,1,6,64526,M,4327000.0,-18500.0,64
201500002909,15,4,12,1715,1,1,1,1,6,64472,M,4338000.0,-31500.0,64
201500002910,15,5,26,1245,1,2,3,1,1,64405,M,4333605.0,-27557.0,64
201500002911,15,6,24,1615,1,1,2,1,3,64238,M,4326519.0,-7240.0,64
201500002912,15,7,24,2330,3,2,1,1,7,64027,M,4340687.0,-29100.0,64
201500002913,15,7,27,1700,1,2,2,1,3,64352,M,4328933.0,-16005.0,64
201500002914,15,8,30,1445,1,2,1,1,6,64337,M,4347334.0,-15418.0,64
201500002915,15,9,3,1845,1,2,1,3,3,64238,M,4326073.0,-6559.0,64
201500002916,15,10,30,1515,1,1,1,1,1,64524,M,4343899.0,-17243.0,64
201500002917,15,12,5,730,2,1,1,5,3,64238,M,4324667.0,-4353.0,64
201500002918,15,1,5,1600,1,2,1,1,6,64511,M,4340661.0,-37558.0,64
201500002919,15,1,23,2130,3,1,1,1,1,64138,M,0.0,0.0,64
201500002920,15,4,18,1530,1,2,1,1,1,64270,M,4315931.0,-23528.0,64
201500002921,15,5,29,1715,1,2,1,1,6,64339,M,4313754.0,-21523.0,64
201500002922,15,5,30,1815,1,2,3,1,3,64109,M,4319101.0,-21721.0,64
201500002923,15,7,18,1345,1,2,1,1,7,64266,M,4322861.0,-16978.0,64
201500002924,15,7,28,800,1,2,1,1,7,64191,M,4316960.0,-21617.0,64
201500002925,15,7,30,1945,1,2,1,1,1,64266,M,4322867.0,-16985.0,64
201500002926,15,9,10,1630,1,1,6,1,6,64138,M,4324424.0,-26844.0,64
201500002927,15,10,25,1530,1,2,1,1,3,64101,M,4320422.0,-25714.0,64
201500002928,15,10,27,1800,5,2,1,2,6,64417,M,4317993.0,-26161.0,64
201500002929,15,11,7,1800,5,1,9,1,6,64292,M,4318578.0,-14335.0,64
201500002930,15,2,14,530,5,1,1,2,7,64078,M,4345900.0,-32700.0,64
201500002931,15,6,8,1630,1,2,1,1,6,64063,M,4353553.0,-41175.0,64
201500002932,15,7,25,1830,1,1,2,1,3,64407,M,4347864.0,-141121.0,64
201500002933,15,2,16,1730,1,1,1,2,6,64161,M,0.0,0.0,64
201500002934,15,3,6,1415,1,1,1,1,6,64147,M,4342868.0,-135109.0,64
201500002935,15,3,23,945,1,1,1,8,1,64256,M,0.0,0.0,64
201500002936,15,7,18,1115,1,1,1,3,5,64094,M,4348158.0,-117047.0,64
201500002937,15,8,9,700,2,1,1,8,7,64546,M,4348687.0,-131018.0,64
201500002938,15,11,10,2245,5,2,7,1,6,64546,M,4349370.0,-129007.0,64
201500002939,15,11,25,715,2,1,1,2,3,64123,M,4344939.0,-112682.0,64
201500002940,15,4,12,1645,1,1,1,1,6,64065,M,4335591.0,-163141.0,64
201500002941,15,6,8,1500,1,1,1,1,3,64495,M,4334936.0,-152605.0,64
201500002942,15,6,22,1130,1,2,1,1,3,64495,M,4336105.0,-160569.0,64
201500002943,15,6,22,1915,1,2,1,1,2,64065,M,4335115.0,-162523.0,64
201500002944,15,6,26,1145,1,2,1,1,1,64065,M,4335441.0,-163093.0,64
201500002945,15,6,26,2045,1,1,3,1,1,64495,M,4331705.0,-153145.0,64
201500002946,15,7,7,945,1,1,1,1,6,64065,M,4334223.0,-163377.0,64
201500002947,15,8,5,1700,1,1,1,1,3,64495,M,4336137.0,-158358.0,64
201500002948,15,8,12,1030,1,2,6,1,3,64495,M,0.0,0.0,64
201500002949,15,10,26,1100,1,2,1,1,6,64065,M,4334335.0,-163025.0,64
201500002950,15,12,9,1145,1,2,1,1,6,64065,M,4334847.0,-162394.0,64
201500002951,15,12,21,545,3,1,1,1,6,64495,M,4334457.0,-153069.0,64
201500002952,15,12,29,45,3,1,1,1,6,64009,M,4341037.0,-157345.0,64
201500002953,15,12,31,1130,1,1,1,8,1,64527,M,4332123.0,-148426.0,64
201500002954,15,1,1,1700,1,2,1,1,6,64213,M,4334500.0,-145000.0,64
201500002955,15,1,21,1845,3,1,1,3,5,64547,M,0.0,0.0,64
201500002956,15,1,28,1245,1,1,1,2,1,64527,M,4332500.0,-148200.0,64
201500002957,15,2,12,845,1,1,1,8,1,64527,M,4332600.0,-148100.0,64
201500002958,15,2,27,1600,1,1,1,1,7,64547,M,0.0,0.0,64
201500002959,15,4,20,1315,1,1,1,1,6,64317,M,4337700.0,-146200.0,64
201500002960,15,8,21,1745,1,1,1,1,1,64317,M,4335396.0,-142554.0,64
201500002961,15,8,21,1000,1,1,1,1,1,64100,M,4344622.0,-147481.0,64
201500002962,15,9,6,1845,1,1,1,1,5,64317,M,4337716.0,-143382.0,64
201500002963,15,10,12,1445,1,2,1,2,3,64547,M,4339421.0,-145816.0,64
201500002964,15,10,18,1500,1,2,1,1,7,64035,M,4343684.0,-156323.0,64
201500002965,15,10,14,1645,1,1,1,1,3,64527,M,4332769.0,-147421.0,64
201500002966,15,10,25,1530,1,1,1,1,5,64527,M,4334400.0,-147600.0,64
201500002967,15,11,7,1330,1,1,1,1,1,64160,M,4336699.0,-142360.0,64
201500002968,15,1,20,945,1,1,1,1,1,64247,M,4318700.0,-90300.0,64
201500002969,15,1,20,1130,1,2,1,1,3,64371,M,0.0,0.0,64
201500002970,15,5,12,1130,1,2,1,1,6,64533,M,4311455.0,-86167.0,64
201500002971,15,5,26,645,1,1,1,1,1,64559,M,4323939.0,-87893.0,64
201500002972,15,6,7,1115,1,1,1,1,7,64188,M,4322781.0,-83806.0,64
201500002973,15,6,30,730,1,1,1,1,3,64115,M,4318886.0,-90332.0,64
201500002974,15,8,16,1315,1,1,1,1,7,64316,M,4303981.0,-105731.0,64
201500002975,15,7,14,1730,1,1,1,1,7,64379,M,4305022.0,-106362.0,64
201500002976,15,7,29,1530,1,1,1,2,2,64066,M,4319415.0,-125623.0,64
201500002977,15,8,28,2115,2,2,1,1,3,64485,M,4316192.0,-124086.0,64
201500002978,15,9,7,930,1,1,1,1,7,64092,M,4314977.0,-136547.0,64
201500002979,15,9,30,1600,1,1,1,5,1,64538,M,4320385.0,-126400.0,64
201500002980,15,12,5,1115,1,2,1,1,3,64485,M,4316262.0,-123965.0,64
201500002981,15,4,25,1415,1,1,1,1,6,64425,M,4339580.0,-117614.0,64
201500002982,15,5,8,1845,1,2,7,1,6,64436,M,4324282.0,-128444.0,64
201500002983,15,6,26,1700,1,1,1,1,7,64049,M,4331428.0,-91472.0,64
201500002984,15,7,9,915,1,1,1,1,1,64036,M,4335454.0,-98162.0,64
201500002985,15,7,23,915,1,1,1,1,3,64362,M,4336401.0,-107231.0,64
201500002986,15,8,8,1300,1,1,1,2,1,64436,M,4321159.0,-128167.0,64
201500002987,15,9,26,1600,1,1,1,1,7,64045,M,4325147.0,-102803.0,64
201500002988,15,10,11,1800,1,1,1,2,7,64259,M,4331198.0,-125794.0,64
201500002989,15,11,11,1800,3,1,1,1,7,64051,M,4338898.0,-109723.0,64
201500002990,15,1,3,1530,1,2,1,1,1,64252,M,0.0,0.0,64
201500002991,15,2,9,1900,3,1,1,1,6,64217,M,0.0,0.0,64
201500002992,15,4,7,1900,1,2,1,1,1,64422,M,4318791.0,-60673.0,64