Num_Acc,an,mois,jour,hrmn,lum,agg,int,atm,col,com,gps,lat,long,dep
201500002993,15,5,13,1800,1,1,3,1,3,64261,M,4317062.0,-53180.0,64
201500002994,15,6,1,1500,1,2,1,1,1,64422,M,4319966.0,-60440.0,64
201500002995,15,6,3,1145,1,1,1,1,1,64244,M,4325752.0,-70231.0,64
201500002996,15,6,15,1215,1,2,1,1,3,64422,M,4318193.0,-61181.0,64
201500002997,15,7,28,1400,1,2,6,1,6,64422,M,4319983.0,-60439.0,64
201500002998,15,8,11,1600,1,2,1,1,2,64422,M,4319600.0,-60900.0,64
201500002999,15,12,4,1800,3,1,1,1,5,64421,M,4316482.0,-50930.0,64
201500003000,15,12,11,1415,1,2,6,1,1,64422,M,4319442.0,-61177.0,64
201500003001,15,12,12,1715,1,2,1,1,6,64481,M,0.0,0.0,64
201500003002,15,10,26,1445,1,1,1,1,2,64127,M,4307400.0,-42100.0,64
201500003003,15,6,6,1545,1,1,1,1,7,64542,M,4288988.0,-56330.0,64
201500003004,15,7,11,1845,1,1,1,1,6,64029,M,4312347.0,-73787.0,64
201500003005,15,7,25,1200,1,1,1,1,6,64185,M,4293883.0,-59991.0,64
201500003006,15,9,12,1600,1,1,1,1,6,64310,M,4311700.0,-74400.0,64
201500003007,15,11,7,645,3,1,1,1,1,64029,M,4312708.0,-71818.0,64
201500003008,15,4,2,1215,1,1,1,1,1,64381,M,4332516.0,-75956.0,64
201500003009,15,6,12,1345,1,1,1,1,7,64253,M,4329661.0,-75513.0,64
201500003010,15,1,2,1200,1,1,1,1,5,64430,M,0.0,0.0,64
201500003011,15,7,6,1030,1,2,1,1,6,64430,M,4349645.0,-79085.0,64
201500003012,15,7,11,315,3,1,1,1,6,64510,M,4352096.0,-67276.0,64
201500003013,15,7,12,1415,1,1,1,1,5,64131,M,4346678.0,-75109.0,64
201500003014,15,8,21,1500,1,1,1,1,6,64430,M,4350789.0,-77774.0,64
201500003015,15,10,4,845,1,1,1,8,6,64177,M,4346545.0,-70629.0,64
201500003016,15,10,14,1645,1,1,1,1,6,64177,M,4347242.0,-72548.0,64
201500003017,15,11,10,1745,5,2,1,1,2,64430,M,4349423.0,-77803.0,64
201500003018,15,12,27,930,1,1,1,1,6,64510,M,0.0,0.0,64
201500003019,15,4,19,1945,2,2,1,1,6,86062,M,0.0,0.0,86
201500003020,15,6,25,2200,5,2,1,1,1,86062,M,0.0,0.0,86
201500003021,15,10,26,1900,5,1,6,1,7,86115,M,0.0,0.0,86
201500003022,15,12,4,2130,3,1,1,1,6,86163,M,0.0,0.0,86
201500003023,15,1,7,845,1,1,1,2,3,86148,M,0.0,0.0,86
201500003024,15,2,25,1015,1,2,1,2,3,86211,M,0.0,0.0,86
201500003025,15,3,13,1815,3,1,1,3,3,86045,M,0.0,0.0,86
201500003026,15,3,12,2115,3,1,1,2,6,86213,M,4641939.0,4923.0,86
201500003027,15,4,1,1600,1,2,1,1,3,86139,M,4643662.0,12885.0,86
201500003028,15,5,21,1445,1,1,1,1,3,86293,M,0.0,0.0,86
201500003029,15,6,17,1445,1,1,1,1,6,86213,M,0.0,0.0,86
201500003030,15,6,26,1545,1,1,1,1,7,86045,M,4642774.0,18492.0,86
201500003031,15,8,28,445,3,1,1,2,6,86293,M,0.0,0.0,86
201500003032,15,10,6,1630,1,1,1,1,1,86147,M,0.0,0.0,86
201500003033,15,11,23,845,1,1,1,7,6,86083,M,0.0,0.0,86
201500003034,15,11,27,800,2,1,2,5,3,86113,M,0.0,0.0,86
201500003035,15,12,4,1230,1,2,1,1,6,86213,M,0.0,0.0,86
201500003036,15,12,25,1015,1,1,2,1,3,86150,M,0.0,0.0,86
201500003037,15,3,22,2145,3,1,1,1,6,86038,M,0.0,0.0,86
201500003038,15,5,28,1200,1,2,1,1,6,86178,M,0.0,0.0,86
201500003039,15,7,4,545,2,1,1,1,7,86178,M,0.0,0.0,86
201500003040,15,7,8,1745,1,1,1,1,7,86094,M,4644541.0,55260.0,86
201500003041,15,11,9,2100,3,1,1,5,1,86178,M,4650700.0,46000.0,86
201500003042,15,1,4,2245,3,1,1,1,1,86123,M,4656300.0,6800.0,86
201500003043,15,2,19,1730,1,1,1,1,7,86294,M,0.0,0.0,86
201500003044,15,2,21,715,3,1,1,2,6,86074,M,0.0,0.0,86
201500003045,15,3,6,1715,1,1,1,1,5,86166,M,4656700.0,14100.0,86
201500003046,15,5,12,1645,1,2,7,1,6,86294,M,4664600.0,17100.0,86
201500003047,15,7,31,1445,1,1,1,8,3,86100,M,4652800.0,26600.0,86
201500003048,15,3,1,530,5,2,1,1,6,86019,M,0.0,0.0,86
201500003049,15,11,25,1645,1,1,1,2,7,86272,M,0.0,0.0,86
201500003050,15,2,25,1615,1,1,3,8,3,86127,M,0.0,0.0,86
201500003051,15,4,3,1615,1,2,1,2,6,86128,M,4680263.0,29424.0,86
201500003052,15,9,4,1700,1,1,1,1,4,86049,M,0.0,0.0,86
201500003053,15,10,30,2015,5,2,1,1,6,86137,M,4700452.0,8321.0,86
201500003054,15,4,25,445,3,1,1,2,6,86245,M,0.0,0.0,86
201500003055,15,7,30,945,3,1,1,1,7,86125,M,0.0,0.0,86
201500003056,15,11,28,1215,1,1,2,7,3,86193,M,4677700.0,76100.0,86
201500003057,15,3,22,1500,1,1,1,1,7,86161,M,0.0,0.0,86
201500003058,15,6,16,2145,1,1,1,1,6,86286,M,4685656.0,15338.0,86
201500003059,15,8,25,645,1,2,1,1,1,86167,M,4692700.0,20900.0,86
201500003060,15,9,8,545,2,2,1,1,6,86161,M,4688385.0,-824.0,86
201500003061,15,11,18,900,1,1,2,1,3,86005,M,4694900.0,8400.0,86
201500003062,15,10,29,1800,5,2,1,1,7,86285,M,0.0,0.0,86
201500003063,15,10,31,1115,1,2,9,7,1,86077,M,4644320.0,66287.0,86
201500003064,15,11,16,1430,1,1,1,1,3,86165,M,0.0,0.0,86
201500003065,15,1,31,1930,3,1,1,2,6,86124,M,0.0,0.0,86
201500003066,15,2,23,1730,1,1,1,8,6,86058,M,0.0,0.0,86
201500003067,15,3,11,1445,1,2,1,7,6,86233,M,0.0,0.0,86
201500003068,15,3,20,1230,1,1,1,3,5,86114,M,4656700.0,55900.0,86
201500003069,15,5,21,945,1,1,1,1,1,86098,M,0.0,0.0,86
201500003070,15,6,7,730,1,1,1,1,6,86070,M,4657400.0,60700.0,86
201500003071,15,6,30,1745,1,1,1,1,1,86126,M,0.0,0.0,86
201500003072,15,7,2,930,1,1,1,1,6,86070,M,0.0,0.0,86
201500003073,15,7,15,2000,1,2,1,1,3,86135,M,4660741.0,53469.0,86
201500003074,15,9,9,1545,1,1,1,1,7,86031,M,0.0,0.0,86
201500003075,15,11,10,730,3,1,1,5,3,86256,M,4653400.0,49400.0,86
201500003076,15,12,1,2115,3,1,1,1,7,86059,M,0.0,0.0,86
201500003077,15,12,3,2100,2,2,1,1,5,86226,M,4656300.0,51300.0,86
201500003078,15,4,20,1500,1,1,1,1,1,86029,M,0.0,0.0,86
201500003079,15,9,4,1500,1,1,2,1,3,86104,M,0.0,0.0,86
201500003080,15,9,26,1145,1,1,9,1,3,86061,M,0.0,0.0,86
201500003081,15,2,3,1645,1,1,1,1,7,86015,M,0.0,0.0,86
201500003082,15,5,10,1830,1,1,1,1,7,86289,M,4619600.0,63700.0,86
201500003083,15,7,19,1300,1,1,1,1,6,86152,M,0.0,0.0,86
201500003084,15,8,14,1730,1,1,1,3,6,86015,M,4611400.0,65800.0,86
201500003085,15,9,8,1845,1,1,9,7,3,86203,M,0.0,0.0,86
201500003086,15,8,5,1615,1,1,1,1,3,86170,M,0.0,0.0,86
201500003087,15,1,9,800,2,2,1,8,6,86273,M,4646662.0,104139.0,86
201500003088,15,8,9,945,1,1,1,2,7,86037,M,0.0,0.0,86
201500003089,15,10,4,1200,1,1,1,1,6,86132,M,0.0,0.0,86
201500003090,15,10,10,1145,1,1,1,1,1,86236,M,0.0,0.0,86
201500003091,15,12,9,1715,5,2,1,1,6,86273,M,0.0,0.0,86
201500003092,15,5,29,1700,1,1,3,1,1,16078,M,4570266.0,17469.0,16
201500003093,15,9,25,2300,3,1,1,1,6,16078,M,4574347.0,18817.0,16
201500003094,15,3,22,1750,2,1,1,1,6,16175,M,4553655.0,-3292.0,16
201500003095,15,11,27,1845,3,1,1,8,5,16263,M,4553722.0,4602.0,16
201500003096,15,1,3,930,1,1,1,2,1,16049,M,4523905.0,16113.0,16
201500003097,15,1,19,1015,1,2,3,1,3,16230,M,4540241.0,13418.0,16
201500003098,15,6,28,2200,3,1,1,1,1,16328,M,4537802.0,11322.0,16
201500003099,15,7,17,1500,1,1,1,1,6,16112,M,4529915.0,6945.0,16
201500003100,15,9,7,1600,1,1,1,1,1,16222,M,4531529.0,8690.0,16
201500003101,15,12,22,615,3,1,1,1,2,16167,M,4567107.0,-16248.0,16
201500003102,15,4,12,125,3,1,1,1,7,16169,M,4570947.0,-37560.0,16
201500003103,15,9,8,1945,3,1,1,1,1,16384,M,4537738.0,-18332.0,16
201500003104,15,9,13,545,3,1,1,2,6,16301,M,4542548.0,-5531.0,16
201500003105,15,3,18,745,2,1,1,1,3,16167,M,4569143.0,-14410.0,16
201500003106,15,10,20,1045,1,1,1,1,6,16153,M,4567419.0,-17713.0,16
201500003107,15,6,17,2045,2,1,1,1,7,16186,M,4557449.0,-1196.0,16
201500003108,15,7,17,2000,2,1,8,7,3,16150,M,4566572.0,27094.0,16
201500003109,15,8,20,1615,1,2,1,1,2,16402,M,4564084.0,-6076.0,16
201500003110,15,5,8,1100,1,1,3,1,3,16132,M,4589407.0,80051.0,16
201500003111,15,7,8,545,2,1,1,1,1,16009,M,4595391.0,57048.0,16
201500003112,15,7,20,1645,1,2,3,1,3,16132,M,4589531.0,77806.0,16
201500003113,15,10,3,115,3,1,1,2,6,16337,M,4596787.0,65037.0,16
201500003114,15,12,2,1700,2,1,1,1,2,16016,M,4599969.0,19781.0,16
201500003115,15,1,24,515,3,1,1,9,7,16085,M,4582079.0,43683.0,16
201500003116,15,3,2,1400,1,2,3,1,3,16192,M,4588933.0,58006.0,16
201500003117,15,3,2,445,3,1,1,3,7,16282,M,4581443.0,31197.0,16
201500003118,15,3,20,1145,1,2,3,2,6,16329,M,4594049.0,48175.0,16
201500003119,15,4,18,1215,1,1,2,1,3,16212,M,4577563.0,61004.0,16
201500003120,15,5,8,1045,1,1,1,8,1,16308,M,4588803.0,47344.0,16
201500003121,15,5,15,645,2,1,1,8,6,16308,M,4588679.0,47844.0,16
201500003122,15,5,22,1000,1,2,1,1,6,16085,M,4582452.0,45267.0,16
201500003123,15,6,1,300,3,1,6,2,3,16085,M,4583259.0,46880.0,16
201500003124,15,6,9,1745,1,1,2,1,1,16192,M,4592997.0,56729.0,16
201500003125,15,7,8,845,1,1,1,1,2,16085,M,4579676.0,43374.0,16
201500003126,15,7,16,1115,1,1,2,1,3,16308,M,4590716.0,48741.0,16
201500003127,15,8,23,1215,1,1,1,1,6,16282,M,4579788.0,31006.0,16
201500003128,15,9,1,1445,1,2,3,1,1,16085,M,4582529.0,45104.0,16
201500003129,15,9,26,1530,1,1,1,7,6,16336,M,4586080.0,32875.0,16
201500003130,15,10,14,1245,1,2,3,1,1,16245,M,4586448.0,53713.0,16
201500003131,15,11,18,1830,3,1,1,3,1,16068,M,4585991.0,15036.0,16
201500003132,15,11,19,1630,1,1,1,2,1,16136,M,4601619.0,15036.0,16
201500003133,15,6,5,2315,3,1,1,1,6,16242,M,4600388.0,33065.0,16
201500003134,15,11,11,930,1,2,3,1,3,16292,M,4603269.0,21042.0,16
201500003135,15,12,11,1145,1,2,1,1,6,16292,M,4602619.0,19781.0,16
201500003136,15,4,4,1830,1,1,1,1,6,16320,M,4574710.0,4472.0,16
201500003137,15,9,18,1615,1,1,1,1,2,16234,M,4567323.0,-1767.0,16
201500003138,15,10,1,1230,1,1,1,7,4,16320,M,4574743.0,4373.0,16
201500003139,15,12,1,715,5,2,1,1,2,16138,M,4566493.0,9162.0,16
201500003140,15,2,27,1600,1,1,1,1,6,16237,M,4587722.0,23581.0,16
201500003141,15,6,20,1600,1,2,2,1,3,16393,M,4576653.0,10815.0,16
201500003142,15,9,3,1545,1,2,3,1,1,16421,M,4566817.0,45661.0,16
201500003143,15,9,5,1615,1,1,1,1,6,16223,M,4567726.0,50127.0,16
201500003144,15,9,5,1915,3,1,1,1,6,16124,M,4569083.0,57614.0,16
201500003145,15,11,6,2230,3,1,1,5,6,16203,M,4554700.0,48700.0,16
201500003146,15,12,1,1715,2,1,1,1,7,16274,M,4570795.0,38476.0,16
201500003147,15,10,4,1230,1,1,1,1,7,16317,M,4591384.0,-349.0,16
201500003148,15,1,9,1330,1,1,1,2,6,17396,M,4623351.0,-88112.0,17
201500003149,15,2,13,2230,4,2,1,1,6,17218,M,4630892.0,-99158.0,17
201500003150,15,2,20,2145,5,2,1,8,6,17127,M,0.0,0.0,17
201500003151,15,4,8,1915,1,1,1,1,3,17008,M,4624732.0,-101461.0,17
201500003152,15,4,22,600,2,1,1,1,6,17041,M,4621978.0,-79753.0,17
201500003153,15,6,29,745,1,1,1,1,5,17466,M,4621342.0,-99215.0,17
201500003154,15,6,30,1545,1,1,1,1,3,17349,M,4624930.0,-88142.0,17
201500003155,15,7,26,515,3,1,1,2,6,17303,M,4631903.0,-78546.0,17
201500003156,15,8,15,1100,1,1,1,1,1,17007,M,4617082.0,-89880.0,17
201500003157,15,9,25,1400,1,1,1,1,6,17218,M,4632333.0,-98919.0,17
201500003158,15,9,30,845,2,1,1,1,2,17091,M,4630536.0,-107706.0,17
201500003159,15,9,29,915,1,2,1,1,3,17218,M,4631270.0,-99133.0,17
201500003160,15,10,23,845,1,1,1,1,4,17218,M,4628429.0,-99400.0,17
201500003161,15,10,27,1945,3,1,1,1,7,17208,M,4621829.0,-96815.0,17
201500003162,15,11,21,1715,1,1,1,1,3,17322,M,4625517.0,-84202.0,17
201500003163,15,11,23,1700,2,1,1,1,6,17439,M,4632019.0,-83605.0,17
201500003164,15,12,15,1630,1,1,1,3,1,17008,M,4626421.0,-100853.0,17
201500003165,15,12,27,645,3,1,1,9,6,17008,M,4623598.0,-100620.0,17
201500003166,15,4,29,1530,1,2,2,1,1,17360,M,4615569.0,-133201.0,17
201500003167,15,4,30,1945,1,1,1,3,1,17360,M,4616686.0,-132452.0,17
201500003168,15,7,8,2115,1,1,1,1,1,17360,M,4615228.0,-127975.0,17
201500003169,15,8,22,745,1,1,1,1,6,17121,M,4620403.0,-146804.0,17
201500003170,15,10,7,1445,1,1,1,1,3,17019,M,4622003.0,-152809.0,17
201500003171,15,12,3,1630,1,1,1,1,1,17121,M,4620345.0,-147229.0,17
201500003172,15,3,6,700,2,1,1,1,6,17326,M,4550214.0,-25438.0,17
201500003173,15,4,30,1900,1,1,2,3,1,17295,M,4546639.0,-38869.0,17
201500003174,15,5,8,2000,1,1,1,1,7,17270,M,4540366.0,-40690.0,17
201500003175,15,6,1,1900,2,1,2,1,1,17204,M,4537843.0,-31127.0,17
201500003176,15,6,1,1215,1,2,1,1,3,17197,M,4543561.0,-43671.0,17
201500003177,15,6,9,1630,1,1,2,1,3,17363,M,4546089.0,-44312.0,17
201500003178,15,6,11,1830,1,1,1,1,7,17326,M,4548417.0,-27238.0,17
201500003179,15,7,5,2100,1,2,1,1,6,17197,M,4544877.0,-43367.0,17
201500003180,15,7,24,600,2,1,1,1,1,17403,M,4539814.0,-45251.0,17
201500003181,15,7,25,1945,1,1,1,1,6,17197,M,4544337.0,-42001.0,17
201500003182,15,8,23,2215,3,1,9,2,6,17096,M,4535283.0,-35540.0,17
201500003183,15,8,30,1930,1,2,1,1,6,17197,M,4543628.0,-45061.0,17
201500003184,15,5,12,2315,5,1,1,1,2,17331,M,4547633.0,-59164.0,17
201500003185,15,5,25,1715,1,2,1,1,6,17331,M,4548582.0,-56648.0,17
201500003186,15,7,8,800,1,1,1,1,7,17345,M,4541928.0,-48924.0,17
201500003187,15,8,1,645,1,1,1,1,7,17250,M,4552306.0,-54598.0,17
201500003188,15,10,31,715,2,1,1,1,7,17379,M,4550916.0,-62432.0,17
201500003189,15,11,8,330,3,1,1,5,6,17345,M,4542146.0,-48485.0,17
201500003190,15,2,1,1915,3,1,1,1,6,17104,M,0.0,0.0,17
201500003191,15,2,1,15,3,1,3,1,3,17240,M,4527328.0,-40386.0,17
201500003192,15,5,12,1515,1,2,3,1,3,17240,M,4528842.0,-40099.0,17
201500003193,15,6,6,2000,1,1,1,1,2,17243,M,4524424.0,-27677.0,17
201500003194,15,8,11,1445,1,2,3,1,3,17269,M,4523203.0,-23313.0,17
201500003195,15,9,18,1915,1,1,1,7,7,17243,M,4523611.0,-26116.0,17
201500003196,15,1,22,2200,3,1,1,1,6,17110,M,4519880.0,-21659.0,17
201500003197,15,2,10,1015,1,2,1,1,7,17309,M,4515801.0,-1086.0,17
201500003198,15,2,3,1530,1,1,1,1,3,17351,M,0.0,0.0,17
201500003199,15,3,30,1700,1,1,1,8,1,17189,M,4585654.0,-107985.0,17
201500003200,15,4,22,1215,1,2,1,1,1,17189,M,4586661.0,-107035.0,17
201500003201,15,8,1,1130,1,1,2,1,3,17219,M,4583089.0,-111489.0,17
201500003202,15,8,10,1445,1,1,2,1,3,17219,M,4582296.0,-108682.0,17
201500003203,15,8,14,115,3,1,1,1,1,17351,M,4581039.0,-105440.0,17
201500003204,15,9,20,830,1,1,6,1,3,17351,M,4579912.0,-104697.0,17
201500003205,15,5,31,630,1,1,1,1,7,17375,M,4593137.0,-103065.0,17
201500003206,15,8,11,2145,2,1,1,1,1,17308,M,4585124.0,-95814.0,17
201500003207,15,8,16,730,1,1,2,1,3,17429,M,4591209.0,-98403.0,17
201500003208,15,8,16,615,2,1,1,1,7,17184,M,4576971.0,-93739.0,17
201500003209,15,8,21,745,1,2,2,7,1,17146,M,4590918.0,-94512.0,17
201500003210,15,11,28,1630,1,2,1,2,6,17308,M,4587600.0,-94600.0,17
201500003211,15,5,15,1600,1,2,9,1,6,17485,M,4585771.0,-123098.0,17
201500003212,15,5,18,815,1,1,2,1,1,17093,M,4588131.0,-122254.0,17
201500003213,15,6,7,2000,1,1,1,1,1,17485,M,4587069.0,-122820.0,17
201500003214,15,6,15,300,3,2,1,8,6,17093,M,4587477.0,-121626.0,17
201500003215,15,7,27,2200,5,2,3,1,6,17385,M,4591567.0,-132845.0,17
201500003216,15,6,30,1745,1,1,3,1,3,17140,M,4591663.0,-127426.0,17
201500003217,15,8,9,215,5,1,1,2,2,17385,M,4592429.0,-132416.0,17
201500003218,15,8,11,1100,1,1,1,1,6,17337,M,4597789.0,-132429.0,17
201500003219,15,8,15,1845,1,2,2,1,1,17337,M,4596791.0,-129482.0,17
201500003220,15,10,3,2230,3,1,1,1,7,17337,M,4595929.0,-134045.0,17
201500003221,15,1,14,1115,1,1,1,2,6,17151,M,4570764.0,-97274.0,17
201500003222,15,3,2,745,1,1,1,1,6,17311,M,4569512.0,-110998.0,17
201500003223,15,4,4,1445,1,2,1,1,1,17155,M,4573823.0,-109962.0,17
201500003224,15,4,15,1730,1,1,1,1,7,17151,M,4571099.0,-97275.0,17
201500003225,15,5,9,315,5,2,1,1,6,17452,M,4576328.0,-114201.0,17
201500003226,15,5,10,1115,1,2,1,1,3,17225,M,4568556.0,-117789.0,17
201500003227,15,6,5,1045,1,1,1,1,2,17021,M,4575014.0,-111414.0,17
201500003228,15,7,1,1615,1,1,1,1,6,17225,M,4573095.0,-113394.0,17
201500003229,15,7,2,1445,1,1,1,7,5,17225,M,4572733.0,-117528.0,17
201500003230,15,7,6,800,1,2,2,1,3,17079,M,4572495.0,-107582.0,17
201500003231,15,7,24,1630,1,2,1,2,6,17247,M,4570973.0,-102990.0,17
201500003232,15,8,11,600,3,1,1,1,6,17225,M,4569928.0,-120721.0,17
201500003233,15,8,20,1815,1,1,1,1,1,17225,M,4569800.0,-119800.0,17
201500003234,15,9,25,1715,1,2,3,1,2,17021,M,4574375.0,-112852.0,17
201500003235,15,9,26,2100,5,2,6,1,7,17021,M,4575708.0,-114002.0,17
201500003236,15,10,3,1545,1,2,1,1,6,17021,M,4574600.0,-112400.0,17
201500003237,15,10,29,745,2,1,1,2,2,17064,M,4569996.0,-104165.0,17
201500003238,15,11,7,1330,1,2,1,1,6,17452,M,4577826.0,-114431.0,17
201500003239,15,12,24,2045,3,2,1,1,6,17021,M,4573386.0,-111083.0,17
201500003240,15,1,24,815,2,1,9,4,3,17075,M,4593082.0,-87151.0,17
201500003241,15,4,18,845,1,1,5,1,5,17075,M,4593508.0,-86541.0,17
201500003242,15,4,21,1000,1,1,1,1,6,17463,M,4597312.0,-98877.0,17
201500003243,15,7,14,515,3,1,1,1,6,17253,M,4598796.0,-90014.0,17
201500003244,15,7,20,1930,1,1,1,8,1,17346,M,4591320.0,-90446.0,17
201500003245,15,7,27,2015,1,1,1,1,6,17253,M,4601233.0,-86009.0,17
201500003246,15,9,13,1645,1,1,2,8,3,17216,M,4594345.0,-83446.0,17
201500003247,15,11,15,2200,3,1,1,1,6,17353,M,4599400.0,-104900.0,17
201500003248,15,4,18,445,3,1,6,5,6,17434,M,4610131.0,-73630.0,17
201500003249,15,6,28,545,2,1,1,5,6,17080,M,4610270.0,-85058.0,17
201500003250,15,7,2,40,3,1,1,1,6,17166,M,4610122.0,-87109.0,17
201500003251,15,6,20,1545,1,2,2,1,3,17434,M,4611367.0,-74907.0,17
201500003252,15,7,6,1645,1,2,1,1,6,17003,M,4612127.0,-92950.0,17
201500003253,15,7,12,2130,1,1,1,1,7,17080,M,4611491.0,-82889.0,17
201500003254,15,8,4,1715,1,1,2,1,3,17434,M,4613838.0,-88073.0,17
201500003255,15,8,24,1200,1,1,1,6,1,17447,M,4609891.0,-91218.0,17
201500003256,15,9,22,1800,1,2,2,1,3,17434,M,4611368.0,-74907.0,17
201500003257,15,11,10,1800,2,1,1,1,5,17447,M,4608000.0,-93800.0,17
201500003258,15,12,6,1800,3,1,1,1,3,17434,M,4610412.0,-83274.0,17
201500003259,15,12,27,1800,3,1,1,8,6,17457,M,4605361.0,-73055.0,17
201500003260,15,2,4,1700,1,1,1,1,5,17462,M,4578232.0,-54329.0,17
201500003261,15,4,2,2115,3,1,1,1,1,17444,M,4565748.0,-65422.0,17
201500003262,15,4,26,530,2,1,1,2,6,17100,M,4571315.0,-47156.0,17
201500003263,15,6,14,2045,1,1,2,1,3,17191,M,4564061.0,-57971.0,17
201500003264,15,6,24,2030,1,2,6,1,3,17444,M,4567101.0,-65234.0,17
201500003265,15,7,22,1215,1,1,2,1,3,17143,M,4583127.0,-53980.0,17
201500003266,15,8,8,1645,1,1,1,3,6,17089,M,4576014.0,-54581.0,17
201500003267,15,9,26,630,2,1,1,1,1,17086,M,4573519.0,-53817.0,17
201500003268,15,9,30,1145,1,1,1,1,6,17100,M,4568645.0,-43481.0,17
201500003269,15,10,31,1900,3,1,1,1,6,17089,M,4576285.0,-52996.0,17
201500003270,15,12,7,800,2,1,1,1,3,17462,M,4578700.0,-57000.0,17
201500003271,15,3,14,930,1,2,1,1,6,17172,M,4558667.0,-66728.0,17
201500003272,15,3,20,1615,1,1,1,1,6,17015,M,4554747.0,-86039.0,17
201500003273,15,3,23,1700,1,1,1,1,7,17230,M,4558274.0,-93129.0,17
201500003274,15,4,13,1700,1,1,2,1,3,17172,M,4554483.0,-70072.0,17
201500003275,15,4,28,1945,1,1,1,1,1,17133,M,4558999.0,-70611.0,17
201500003276,15,6,25,1700,1,1,9,1,3,17310,M,4556756.0,-73332.0,17
201500003277,15,9,16,945,1,2,1,2,6,17131,M,4558259.0,-83124.0,17
201500003278,15,9,28,2200,3,2,1,1,6,17152,M,4554581.0,-80081.0,17
201500003279,15,10,25,1945,3,1,1,1,7,17298,M,4563552.0,-70317.0,17
201500003280,15,11,1,1600,1,2,1,1,6,17230,M,4556535.0,-96034.0,17
201500003281,15,12,17,1200,1,2,6,1,3,17131,M,4557760.0,-82441.0,17
201500003282,15,6,9,730,1,1,1,1,7,17056,M,4559949.0,-50875.0,17
201500003283,15,9,20,1700,1,1,1,7,5,17056,M,4560723.0,-48983.0,17
201500003284,15,9,22,1530,1,1,2,2,1,17027,M,4556959.0,-52543.0,17
201500003285,15,1,1,845,1,1,1,1,7,17045,M,4585044.0,-82300.0,17
201500003286,15,3,21,1845,2,1,1,1,5,17284,M,4583052.0,-90132.0,17
201500003287,15,3,27,930,1,1,1,7,6,17141,M,4569570.0,-47939.0,17
201500003288,15,6,18,1515,1,1,1,1,5,17284,M,4582958.0,-89658.0,17
201500003289,15,6,25,1900,1,1,2,1,3,17431,M,4578743.0,-77958.0,17
201500003290,15,9,5,1945,1,1,1,1,2,17284,M,4583339.0,-86813.0,17
201500003291,15,9,18,1745,1,1,1,8,5,17455,M,4588484.0,-86071.0,17
201500003292,15,1,19,1715,1,2,3,1,3,17421,M,4567503.0,-92572.0,17
201500003293,15,2,20,2100,3,1,1,2,1,17228,M,4566005.0,-94768.0,17
201500003294,15,5,27,1430,1,1,2,1,3,17393,M,4568540.0,-84848.0,17
201500003295,15,7,25,1230,1,1,1,1,2,17393,M,4567884.0,-88855.0,17
201500003296,15,9,4,1745,1,2,1,1,2,17421,M,4567505.0,-94532.0,17
201500003297,15,11,10,845,1,1,1,1,3,17097,M,4564900.0,-88700.0,17
201500003298,15,12,17,1145,1,1,1,1,3,17119,M,4563427.0,-87900.0,17
201500003299,15,1,5,15,5,2,1,2,6,17347,M,4594026.0,-51264.0,17
201500003300,15,1,18,745,5,1,1,1,6,17347,M,4593772.0,-52570.0,17
201500003301,15,2,5,1415,1,1,1,1,6,17022,M,4589745.0,-52554.0,17
201500003302,15,2,14,1715,1,1,1,3,1,17459,M,4591712.0,-44484.0,17
201500003303,15,2,17,1630,1,1,2,1,3,17022,M,4589977.0,-52293.0,17
201500003304,15,4,15,1115,1,1,2,1,3,17347,M,4594492.0,-52653.0,17
201500003305,15,5,12,2030,1,1,2,1,3,17459,M,4590889.0,-42494.0,17
201500003306,15,7,2,1615,1,2,2,1,1,17440,M,4594937.0,-55983.0,17
201500003307,15,8,16,830,1,2,1,1,6,17103,M,4605133.0,-70800.0,17
201500003308,15,9,1,1830,1,1,2,1,3,17266,M,4591514.0,-68938.0,17
201500003309,15,9,18,1630,1,1,1,2,1,17397,M,4586123.0,-66108.0,17
201500003310,15,10,4,300,3,1,1,5,6,17022,M,4589900.0,-52100.0,17
201500003311,15,11,25,1730,2,1,1,2,1,17381,M,4601500.0,-45000.0,17
201500003312,15,12,28,2300,5,2,1,2,1,17344,M,4585700.0,-52800.0,17
201500003313,15,12,30,1515,1,1,1,1,1,17465,M,4597015.0,-60623.0,17
201500003314,15,2,8,415,3,1,1,1,6,17271,M,4600900.0,-38700.0,17
201500003315,15,3,21,30,3,1,1,1,1,17477,M,4597293.0,-14570.0,17
201500003316,15,5,9,1800,1,2,1,7,6,17367,M,4594294.0,-36008.0,17
201500003317,15,5,21,1715,1,1,2,1,3,17367,M,4595023.0,-34150.0,17
201500003318,15,9,8,1815,1,2,1,1,1,17474,M,4609659.0,-50252.0,17
201500003319,15,10,9,2245,3,1,1,1,6,17471,M,4608643.0,-29376.0,17
201500003320,15,10,27,1545,1,2,1,8,1,17327,M,4608967.0,-59941.0,17
201500003321,15,3,6,2245,3,1,1,1,7,17062,M,4587533.0,-15616.0,17
201500003322,15,3,22,1445,1,1,2,1,3,17147,M,4583392.0,-49333.0,17
201500003323,15,4,2,2100,5,2,1,1,6,17470,M,4580227.0,-44742.0,17
201500003324,15,4,9,1000,1,1,2,1,3,17224,M,4586600.0,-31100.0,17
201500003325,15,5,10,1100,1,1,2,1,3,17071,M,4589757.0,-38874.0,17