Num_Acc,an,mois,jour,hrmn,lum,agg,int,atm,col,com,gps,lat,long,dep
201500003326,15,5,23,830,1,1,2,1,3,17446,M,4582999.0,-32227.0,17
201500003327,15,7,17,1515,1,1,1,1,3,17188,M,4585252.0,-24454.0,17
201500003328,15,6,24,1515,1,1,1,1,7,79086,M,4642499.0,-36420.0,79
201500003329,15,12,11,645,2,1,1,5,6,79058,M,4617896.0,-31733.0,79
201500003330,15,11,6,730,3,1,1,2,1,79048,M,4637855.0,-32118.0,79
201500003331,15,1,28,1315,1,1,1,2,1,79049,M,4688858.0,-50776.0,79
201500003332,15,5,22,1845,1,1,1,1,1,79049,M,4690413.0,-47127.0,79
201500003333,15,6,12,1200,1,1,2,1,3,79049,M,4684195.0,-51065.0,79
201500003334,15,6,13,730,1,1,1,1,6,79038,M,4680143.0,-44361.0,79
201500003335,15,7,12,715,1,2,6,1,6,79049,M,4684722.0,-52654.0,79
201500003336,15,9,16,1015,1,2,6,6,6,79049,M,4683945.0,-48856.0,79
201500003337,15,11,18,1900,5,2,2,2,3,79116,M,4683022.0,-35267.0,79
201500003338,15,12,3,745,2,1,1,1,2,79049,M,4684504.0,-52794.0,79
201500003339,15,5,8,2030,1,1,1,1,6,79318,M,4657780.0,-26826.0,79
201500003340,15,1,8,730,2,1,1,1,1,87201,M,4586220.0,112661.0,87
201500003341,15,3,17,830,1,1,1,1,3,87143,M,4590310.0,116485.0,87
201500003342,15,4,1,1745,1,1,1,1,1,87001,M,4579050.0,114183.0,87
201500003343,15,4,8,1930,1,1,1,1,1,87201,M,4584170.0,111174.0,87
201500003344,15,4,16,1145,1,1,1,1,5,87118,M,4595820.0,117194.0,87
201500003345,15,5,22,1745,1,2,1,1,1,87021,M,,,87
201500003346,15,11,19,845,1,1,1,2,1,87202,M,4590920.0,111199.0,87
201500003347,15,11,25,1745,3,1,1,2,6,87038,M,4590700.0,127113.0,87
201500003348,15,11,27,1500,1,1,3,7,3,87201,M,4584430.0,117683.0,87
201500003349,15,12,3,1400,1,1,1,1,1,87001,M,4582500.0,113224.0,87
201500003350,15,1,2,1700,1,1,1,3,7,87157,M,4599560.0,145089.0,87
201500003351,15,2,21,1900,3,1,1,4,1,87020,M,4594950.0,131576.0,87
201500003352,15,3,18,2245,4,1,1,1,7,87125,M,4592020.0,135144.0,87
201500003353,15,5,24,1545,1,1,1,1,4,87002,M,4594490.0,137399.0,87
201500003354,15,6,7,1045,1,2,1,1,3,87002,M,,,87
201500003355,15,7,10,1700,1,1,3,1,3,87020,M,4592870.0,130460.0,87
201500003356,15,8,13,830,1,1,1,2,7,87178,M,4587880.0,137050.0,87
201500003357,15,2,24,1245,1,1,1,2,3,87064,M,4573960.0,172643.0,87
201500003358,15,7,3,900,1,2,1,8,6,87105,M,4573170.0,166781.0,87
201500003359,15,10,24,30,3,1,1,1,6,87040,M,4569020.0,162356.0,87
201500003360,15,6,1,1115,1,1,2,1,3,87070,M,4578110.0,149122.0,87
201500003361,15,9,6,1,3,1,1,1,1,87099,M,4587770.0,154946.0,87
201500003362,15,4,10,1530,1,1,1,1,1,87127,M,4560230.0,122471.0,87
201500003363,15,5,30,1930,1,1,1,1,7,87094,M,4570600.0,116442.0,87
201500003364,15,8,11,2345,3,1,1,1,1,87106,M,4568320.0,122373.0,87
201500003365,15,10,19,900,1,2,1,7,1,87027,M,4562850.0,104304.0,87
201500003366,15,11,17,1645,1,2,1,8,6,87032,M,4565350.0,97711.0,87
201500003367,15,12,4,300,3,2,1,1,6,87106,M,4569430.0,117208.0,87
201500003368,15,12,10,745,2,1,1,1,3,87124,M,4567010.0,113390.0,87
201500003369,15,3,20,1615,1,1,1,2,5,87012,M,4609300.0,108031.0,87
201500003370,15,6,30,2000,1,1,1,1,4,87097,M,4610330.0,87434.0,87
201500003371,15,7,14,1530,1,1,1,1,1,87139,M,4615400.0,96228.0,87
201500003372,15,7,27,1045,1,1,1,1,3,87116,M,4612730.0,100492.0,87
201500003373,15,9,22,915,1,1,1,2,1,87011,M,4610120.0,107539.0,87
201500003374,15,11,4,1815,3,1,1,1,6,87018,M,4603150.0,101877.0,87
201500003375,15,12,3,245,3,1,1,1,6,87028,M,4622990.0,89856.0,87
201500003376,15,3,12,1945,3,1,1,1,1,87068,M,4613710.0,139855.0,87
201500003377,15,9,7,1415,1,1,1,1,1,87068,M,4615390.0,142230.0,87
201500003378,15,10,20,1045,1,1,1,1,6,87045,M,4597430.0,102213.0,87
201500003379,15,10,23,2300,5,2,1,1,3,87181,M,,,87
201500003380,15,3,1,1645,2,1,1,2,6,87149,M,,,87
201500003381,15,3,11,830,1,1,1,1,1,87041,M,4613460.0,130313.0,87
201500003382,15,5,13,2030,1,1,1,1,1,87061,M,4618320.0,117874.0,87
201500003383,15,10,2,1230,1,1,1,1,6,87061,M,4615590.0,112948.0,87
201500003384,15,1,21,1845,3,1,6,1,3,87154,M,4590400.0,93450.0,87
201500003385,15,3,6,2230,3,1,1,1,1,87030,M,4585610.0,87235.0,87
201500003386,15,3,7,330,5,2,1,1,6,87154,M,4588660.0,89701.0,87
201500003387,15,4,24,1430,1,2,6,1,6,87154,M,4588770.0,89892.0,87
201500003388,15,5,16,1100,1,2,9,1,3,87126,M,,,87
201500003389,15,6,29,1915,1,2,1,1,6,87154,M,4589560.0,91294.0,87
201500003390,15,6,30,930,1,1,1,1,6,87154,M,4590570.0,94887.0,87
201500003391,15,7,2,2130,1,1,1,1,6,87199,M,4577700.0,84206.0,87
201500003392,15,7,2,1900,1,2,1,1,3,87110,M,4593000.0,103462.0,87
201500003393,15,7,4,1015,1,2,1,1,6,87154,M,4588820.0,88408.0,87
201500003394,15,7,6,1700,1,1,1,1,6,87154,M,4590540.0,94634.0,87
201500003395,15,12,11,1430,1,1,2,1,3,87185,M,4589600.0,103746.0,87
201500003396,15,12,16,1100,1,1,1,5,3,87140,M,4587790.0,97946.0,87
201500003397,15,3,29,1215,1,1,1,2,1,87168,M,4571000.0,79554.0,87
201500003398,15,6,16,900,1,1,1,1,1,87191,M,4575630.0,101970.0,87
201500003399,15,10,20,745,2,1,4,1,3,87036,M,4568450.0,96819.0,87
201500003400,15,12,21,1745,3,1,1,1,6,87034,M,4572320.0,91375.0,87
201500003401,15,5,24,915,1,1,1,1,5,19236,M,4528380.0,191636.0,19
201500003402,15,9,8,1915,2,1,9,1,3,19207,M,4525570.0,163374.0,19
201500003403,15,11,2,1815,3,1,1,1,5,19082,M,4526910.0,166018.0,19
201500003404,15,11,15,1645,1,1,1,1,2,19038,M,4526330.0,173152.0,19
201500003405,15,12,25,300,3,1,1,1,6,19236,M,4528960.0,189831.0,19
201500003406,15,7,19,845,1,1,1,2,6,19007,M,4499420.0,185661.0,19
201500003407,15,7,27,1000,1,1,1,8,1,19010,M,4510660.0,191452.0,19
201500003408,15,7,10,400,5,2,1,1,7,19073,M,4540820.0,206048.0,19
201500003409,15,7,16,1800,1,1,1,1,1,19073,M,4538300.0,189800.0,19
201500003410,15,12,14,1305,1,2,1,2,1,19231,M,4526290.0,198870.0,19
201500003411,15,5,9,1830,1,1,9,1,1,19075,M,4523700.0,187255.0,19
201500003412,15,5,30,1000,1,1,1,1,1,19222,M,4514020.0,198860.0,19
201500003413,15,6,23,1115,1,1,1,1,7,19097,M,4527650.0,208016.0,19
201500003414,15,9,14,1300,1,1,1,1,1,19231,M,4526290.0,198870.0,19
201500003415,15,6,6,1400,1,1,1,1,1,19036,M,4563780.0,174205.0,19
201500003416,15,1,9,1815,5,2,1,3,5,19123,M,4516850.0,156871.0,19
201500003417,15,2,2,830,1,2,1,1,1,19123,M,4516030.0,157145.0,19
201500003418,15,2,22,1515,1,1,1,1,2,19063,M,4515680.0,160710.0,19
201500003419,15,5,17,1015,1,1,1,1,1,19068,M,4516580.0,159516.0,19
201500003420,15,7,11,1915,1,1,2,1,1,19229,M,4513750.0,144844.0,19
201500003421,15,8,7,1715,1,2,1,1,7,19123,M,4516930.0,156069.0,19
201500003422,15,8,9,1400,1,1,1,8,6,19063,M,4515720.0,160329.0,19
201500003423,15,9,5,2000,1,1,1,1,5,19123,M,4517230.0,161835.0,19
201500003424,15,9,7,1215,1,2,1,1,6,19123,M,4517710.0,158769.0,19
201500003425,15,9,15,1215,1,1,1,3,1,19093,M,4510160.0,156719.0,19
201500003426,15,10,9,1100,2,2,1,1,6,19123,M,4516850.0,155760.0,19
201500003427,15,2,18,1700,1,1,1,1,7,19099,M,4510540.0,170122.0,19
201500003428,15,8,12,1745,1,1,4,1,3,19169,M,4503380.0,177776.0,19
201500003429,15,8,13,1230,1,1,1,8,1,19273,M,4506280.0,156389.0,19
201500003430,15,1,7,2315,3,1,6,2,6,19274,M,4519550.0,154137.0,19
201500003431,15,7,11,1830,1,1,3,1,3,19234,M,4532110.0,156954.0,19
201500003432,15,7,21,1730,1,1,1,1,1,19202,M,4522920.0,159327.0,19
201500003433,15,10,4,1945,3,1,1,2,1,19072,M,4522990.0,150604.0,19
201500003434,15,10,1,1300,1,1,1,1,7,19072,M,4522990.0,150602.0,19
201500003435,15,12,1,1900,3,1,1,1,1,19243,M,4537560.0,135013.0,19
201500003436,15,12,25,1715,2,1,1,1,1,19011,M,4542230.0,134938.0,19
201500003437,15,1,28,945,1,2,1,8,6,19253,M,4527580.0,127722.0,19
201500003438,15,2,12,1800,1,1,1,1,6,19288,M,4530040.0,144654.0,19
201500003439,15,9,6,845,1,2,2,1,3,19288,M,4530290.0,141753.0,19
201500003440,15,11,8,830,1,1,1,1,1,19182,M,4523040.0,138329.0,19
201500003441,15,6,3,900,1,2,1,1,6,19080,M,4566120.0,245121.0,19
201500003442,15,3,17,1715,1,1,1,8,6,19113,M,4542230.0,234365.0,19
201500003443,15,4,4,1215,1,1,1,1,6,19252,M,4542900.0,245573.0,19
201500003444,15,4,23,45,5,2,1,1,6,19028,M,4540580.0,250370.0,19
201500003445,15,10,22,2015,3,1,1,2,6,19226,M,4562580.0,203743.0,19
201500003446,15,2,2,2030,3,1,1,1,6,23032,M,4635933.0,222717.0,23
201500003447,15,3,26,1400,1,1,1,8,6,23025,M,4631992.0,186803.0,23
201500003448,15,2,5,845,1,1,1,8,1,23045,M,4618800.0,244000.0,23
201500003449,15,10,22,930,1,2,1,2,6,23100,M,0.0,0.0,23
201500003450,15,11,30,845,1,1,1,1,3,23093,M,4619700.0,222700.0,23
201500003451,15,1,31,1915,4,2,1,1,6,23176,M,4624100.0,147700.0,23
201500003452,15,5,25,2045,1,2,1,1,7,23176,M,4623932.0,149164.0,23
201500003453,15,7,12,1735,1,1,1,1,7,23047,M,4615705.0,155797.0,23
201500003454,15,8,9,1915,1,1,1,1,6,23141,M,4628700.0,167000.0,23
201500003455,15,2,26,2000,3,1,1,3,6,23179,M,4595652.0,225206.0,23
201500003456,15,3,29,1715,1,1,1,2,6,23061,M,4609838.0,217694.0,23
201500003457,15,10,5,1015,1,1,1,2,6,23113,M,4599100.0,234200.0,23
201500003458,15,6,7,1530,1,2,1,1,7,23030,M,4595361.0,175558.0,23
201500003459,15,1,9,1400,1,1,1,1,2,31082,M,0.0,0.0,31
201500003460,15,2,9,915,1,2,1,1,6,31044,M,0.0,0.0,31
201500003461,15,3,15,1130,1,1,3,8,3,31003,M,4356206.0,158536.0,31
201500003462,15,3,17,1715,1,2,1,1,6,31228,M,4369295.0,158402.0,31
201500003463,15,4,4,1700,1,1,1,1,1,31573,M,0.0,0.0,31
201500003464,15,5,28,1815,1,1,1,1,6,31044,M,4360965.0,149422.0,31
201500003465,15,7,16,730,1,1,2,1,1,31271,M,4355100.0,168300.0,31
201500003466,15,7,23,800,1,2,1,1,1,31573,M,4365556.0,166020.0,31
201500003467,15,8,5,1145,1,1,1,1,1,31445,M,4357454.0,154839.0,31
201500003468,15,11,3,800,1,1,1,1,6,31573,M,4366400.0,169443.0,31
201500003469,15,11,14,1500,1,1,1,1,3,31163,M,0.0,0.0,31
201500003470,15,11,18,1945,3,1,1,1,6,31184,M,0.0,0.0,31
201500003471,15,12,19,1300,1,1,1,7,1,31184,M,4358603.0,156627.0,31
201500003472,15,5,7,1845,1,1,1,1,1,31025,M,4348700.0,144700.0,31
201500003473,15,6,9,545,2,1,1,1,6,31048,M,4345152.0,162709.0,31
201500003474,15,7,23,1400,1,2,3,1,3,31429,M,4349024.0,151585.0,31
201500003475,15,10,28,2030,5,2,1,1,7,31113,M,4351621.0,149844.0,31
201500003476,15,2,28,1100,1,1,4,1,3,31587,M,4376359.0,140727.0,31
201500003477,15,3,22,1645,1,1,3,2,3,31311,M,4381856.0,154208.0,31
201500003478,15,4,11,1915,1,1,1,1,6,31584,M,4385502.0,151396.0,31
201500003479,15,5,4,915,1,1,1,1,6,31079,M,4379687.0,140651.0,31
201500003480,15,7,1,1345,1,2,1,7,3,31584,M,4386293.0,150610.0,31
201500003481,15,7,6,1915,1,2,1,1,6,31579,M,4375561.0,149213.0,31
201500003482,15,8,29,200,3,1,1,1,6,31584,M,0.0,0.0,31
201500003483,15,8,30,1745,1,2,1,1,3,31202,M,4384488.0,137833.0,31
201500003484,15,12,17,800,2,1,6,1,6,31118,M,4378880.0,134475.0,31
201500003485,15,5,19,1630,1,2,1,1,5,31356,M,4368917.0,123486.0,31
201500003486,15,8,28,1745,1,2,1,1,2,31507,M,4368910.0,123518.0,31
201500003487,15,9,12,1130,1,2,1,1,6,31232,M,4376382.0,129298.0,31
201500003488,15,9,28,1615,1,2,1,7,6,31232,M,4376359.0,129267.0,31
201500003489,15,9,27,1800,1,2,1,1,6,31232,M,4377047.0,129019.0,31
201500003490,15,3,10,1845,1,1,1,1,7,31291,M,0.0,0.0,31
201500003491,15,3,25,2345,3,1,1,1,6,31291,M,0.0,0.0,31
201500003492,15,5,4,830,1,2,1,1,1,31417,M,4361286.0,126428.0,31
201500003493,15,6,11,1645,1,1,1,8,5,31291,M,4358687.0,122337.0,31
201500003494,15,7,6,2115,1,1,1,1,1,31417,M,4360536.0,128893.0,31
201500003495,15,8,16,1745,1,1,1,1,4,31417,M,0.0,0.0,31
201500003496,15,9,18,815,1,2,1,1,3,31417,M,0.0,0.0,31
201500003497,15,9,26,1630,1,1,1,1,6,31277,M,4362070.0,118986.0,31
201500003498,15,11,27,1000,1,2,1,1,1,31417,M,0.0,0.0,31
201500003499,15,6,25,2130,2,2,1,1,1,31420,M,4351008.0,138874.0,31
201500003500,15,8,2,730,1,1,1,1,6,31433,M,4353258.0,138823.0,31
201500003501,15,10,25,1845,3,1,1,1,6,31433,M,0.0,0.0,31
201500003502,15,2,26,1900,3,2,1,2,6,31446,M,4354924.0,147942.0,31
201500003503,15,3,1,1315,1,2,1,2,3,31446,M,4355436.0,147675.0,31
201500003504,15,3,10,1745,1,1,3,1,3,31506,M,0.0,0.0,31
201500003505,15,5,6,1215,1,2,6,1,6,31446,M,4354089.0,148349.0,31
201500003506,15,7,10,1745,1,2,6,1,7,31254,M,4352911.0,153093.0,31
201500003507,15,3,5,2330,3,1,1,1,1,31490,M,4375323.0,136384.0,31
201500003508,15,3,25,1645,2,1,1,1,6,31136,M,4374679.0,143580.0,31
201500003509,15,7,2,1300,1,2,1,1,6,31182,M,4367926.0,139568.0,31
201500003510,15,7,11,1945,1,2,1,1,5,31293,M,0.0,0.0,31
201500003511,15,7,29,1015,1,2,1,1,2,31182,M,4367327.0,140967.0,31
201500003512,15,8,16,100,1,1,2,1,1,31490,M,4372155.0,138382.0,31
201500003513,15,10,28,730,1,1,3,1,3,31182,M,4369327.0,140196.0,31
201500003514,15,11,30,1830,5,2,1,1,1,31136,M,4375081.0,143262.0,31
201500003515,15,12,24,930,1,2,6,1,7,31293,M,4371062.0,139049.0,31
201500003516,15,12,28,2215,3,1,1,1,1,31490,M,0.0,0.0,31
201500003517,15,2,8,330,3,1,1,1,6,31094,M,4377838.0,161389.0,31
201500003518,15,4,10,1230,1,2,1,1,1,31561,M,4366356.0,147102.0,31
201500003519,15,5,15,2245,3,1,1,1,6,31117,M,0.0,0.0,31
201500003520,15,8,4,1800,1,2,1,1,3,31459,M,4372740.0,163370.0,31
201500003521,15,8,17,1930,1,1,1,1,3,31117,M,4367699.0,152995.0,31
201500003522,15,8,23,1500,1,2,1,8,7,31094,M,4377902.0,162429.0,31
201500003523,15,8,26,1830,1,2,1,1,3,31561,M,4365597.0,147050.0,31
201500003524,15,8,27,915,1,2,1,1,6,31066,M,4379997.0,160741.0,31
201500003525,15,9,1,1245,1,2,3,1,3,31488,M,4366621.0,150502.0,31
201500003526,15,9,19,2045,5,2,1,1,7,31273,M,4368416.0,149586.0,31
201500003527,15,10,14,730,2,2,6,1,3,31561,M,0.0,0.0,31
201500003528,15,12,17,700,2,2,1,1,1,31561,M,4363375.0,149130.0,31
201500003529,15,1,17,1945,3,1,1,1,5,31395,M,4347000.0,126800.0,31
201500003530,15,7,24,1800,1,1,1,1,6,31287,M,0.0,0.0,31
201500003531,15,9,22,830,1,2,1,8,6,31395,M,4345205.0,132820.0,31
201500003532,15,10,1,1645,1,2,1,1,3,31165,M,0.0,0.0,31
201500003533,15,12,16,1500,1,2,1,1,2,31395,M,4346220.0,132098.0,31
201500003534,15,2,6,745,2,1,1,4,6,31330,M,4331896.0,143921.0,31
201500003535,15,3,13,845,1,1,1,2,1,31332,M,0.0,0.0,31
201500003536,15,4,3,2015,2,1,1,1,3,31033,M,4335862.0,149037.0,31
201500003537,15,4,5,1515,1,1,1,1,6,31173,M,0.0,0.0,31
201500003538,15,4,21,1530,1,1,1,1,3,31264,M,4333601.0,139819.0,31
201500003539,15,5,11,915,1,1,1,1,7,31100,M,0.0,0.0,31
201500003540,15,5,17,1,3,1,6,1,6,31345,M,0.0,0.0,31
201500003541,15,6,14,1930,1,2,1,1,1,31574,M,4343900.0,142275.0,31
201500003542,15,5,31,1315,1,1,1,1,2,31345,M,0.0,0.0,31
201500003543,15,6,6,1830,1,1,1,1,1,31128,M,0.0,0.0,31
201500003544,15,6,25,1900,1,1,1,1,1,31206,M,0.0,0.0,31
201500003545,15,7,17,1230,1,1,1,1,6,31574,M,4342916.0,142150.0,31
201500003546,15,7,27,1645,1,2,1,1,5,31033,M,0.0,0.0,31
201500003547,15,8,24,1930,1,1,1,1,6,31100,M,0.0,0.0,31
201500003548,15,8,31,600,3,1,1,1,1,31033,M,0.0,0.0,31
201500003549,15,9,15,645,3,1,1,1,6,31145,M,0.0,0.0,31
201500003550,15,10,18,1830,1,1,1,1,6,31033,M,0.0,0.0,31
201500003551,15,1,4,1200,1,2,1,2,6,31303,M,4335531.0,123936.0,31
201500003552,15,1,10,1515,1,2,1,1,3,31107,M,4329878.0,121962.0,31
201500003553,15,2,16,1115,1,1,1,1,7,31052,M,0.0,0.0,31
201500003554,15,4,8,1930,1,1,1,1,2,31517,M,4332870.0,132958.0,31
201500003555,15,4,24,1545,1,1,2,7,2,31303,M,4334983.0,123266.0,31
201500003556,15,6,9,845,1,1,1,1,6,31365,M,0.0,0.0,31
201500003557,15,7,5,845,1,1,1,1,7,31517,M,4333138.0,136575.0,31
201500003558,15,7,5,1800,1,1,2,1,3,31071,M,0.0,0.0,31
201500003559,15,9,20,1830,1,1,1,7,7,31365,M,0.0,0.0,31
201500003560,15,9,24,1030,1,1,1,1,1,31375,M,4321911.0,127071.0,31
201500003561,15,10,2,1400,1,1,1,1,6,31455,M,0.0,0.0,31
201500003562,15,10,18,1800,1,1,1,1,6,31375,M,0.0,0.0,31
201500003563,15,10,17,30,3,1,1,1,7,31107,M,4331200.0,119800.0,31
201500003564,15,10,24,1145,1,1,1,7,6,31334,M,4336356.0,132528.0,31
201500003565,15,10,29,1130,1,2,1,1,3,31107,M,4330457.0,122878.0,31
201500003566,15,11,6,830,1,1,2,1,3,31286,M,0.0,0.0,31
201500003567,15,12,18,1900,3,1,1,1,6,31107,M,0.0,0.0,31
201500003568,15,3,12,1745,1,1,1,1,1,31349,M,4322485.0,104758.0,31
201500003569,15,3,28,1500,1,1,1,1,6,31229,M,4332253.0,107654.0,31
201500003570,15,4,12,230,3,1,1,1,6,31229,M,0.0,0.0,31
201500003571,15,5,9,1900,1,2,1,1,6,31135,M,4322468.0,108676.0,31
201500003572,15,6,25,800,1,2,3,7,1,31193,M,4327302.0,106906.0,31
201500003573,15,6,25,2145,2,1,1,1,1,31425,M,0.0,0.0,31
201500003574,15,6,30,1415,1,2,1,1,6,31425,M,4316422.0,111913.0,31
201500003575,15,7,26,700,1,2,8,1,7,31324,M,4319722.0,102103.0,31
201500003576,15,8,10,900,1,2,1,7,6,31135,M,4320673.0,108630.0,31
201500003577,15,12,5,1800,5,2,1,1,3,31135,M,4321941.0,108501.0,31
201500003578,15,1,12,1015,1,1,1,1,2,31499,M,4350348.0,120478.0,31
201500003579,15,1,14,945,1,1,1,1,3,31187,M,4352738.0,125126.0,31
201500003580,15,3,6,2045,3,1,1,1,1,31424,M,4353587.0,130484.0,31
201500003581,15,3,27,1945,2,2,2,1,1,31187,M,4353430.0,122833.0,31
201500003582,15,3,27,1630,1,2,1,1,3,31424,M,4356670.0,128807.0,31
201500003583,15,4,3,730,1,1,4,1,1,31424,M,0.0,0.0,31
201500003584,15,4,20,2345,5,2,1,1,6,31424,M,4355585.0,130428.0,31
201500003585,15,6,7,530,2,2,1,1,6,31499,M,4350466.0,119731.0,31
201500003586,15,8,14,2345,4,2,1,1,6,31424,M,4358557.0,127981.0,31
201500003587,15,9,11,1915,1,2,1,1,3,31424,M,4357017.0,129907.0,31
201500003588,15,1,12,1030,1,1,1,7,6,31390,M,0.0,0.0,31
201500003589,15,1,21,800,1,2,2,1,3,31167,M,4304907.0,73877.0,31
201500003590,15,1,21,1145,1,2,1,1,7,31523,M,4310415.0,96034.0,31
201500003591,15,2,8,100,3,1,1,1,6,31031,M,0.0,0.0,31
201500003592,15,3,3,900,1,1,1,1,1,31246,M,0.0,0.0,31
201500003593,15,4,27,2345,3,1,1,2,6,31390,M,0.0,0.0,31
201500003594,15,11,11,1545,1,1,1,7,6,31537,M,0.0,0.0,31
201500003595,15,11,20,1300,1,1,1,1,6,31238,M,4306373.0,60136.0,31
201500003596,15,11,21,2000,3,1,1,2,6,31408,M,0.0,0.0,31
201500003597,15,12,2,330,3,1,1,1,6,31390,M,0.0,0.0,31
201500003598,15,12,30,1700,1,1,1,8,1,31500,M,4276872.0,61856.0,31
201500003599,15,1,13,1130,1,2,1,1,3,31244,M,4280481.0,60836.0,31
201500003600,15,2,20,2000,3,2,1,8,6,31085,M,4291240.0,76924.0,31
201500003601,15,4,12,1730,1,2,1,1,6,31394,M,4281539.0,59733.0,31
201500003602,15,6,1,2230,3,1,1,1,6,31244,M,4281719.0,60634.0,31
201500003603,15,7,19,1345,1,2,1,1,3,31042,M,4279315.0,59251.0,31
201500003604,15,8,28,215,5,2,1,1,6,31471,M,4290587.0,69120.0,31
201500003605,15,11,15,1230,1,1,1,1,7,31042,M,4272690.0,63262.0,31
201500003606,15,12,30,1345,1,2,6,7,6,31042,M,4280519.0,60001.0,31
201500003607,15,1,18,1000,1,2,1,1,6,31121,M,0.0,0.0,31
201500003608,15,12,28,1000,1,1,1,1,6,31001,M,0.0,0.0,31
201500003609,15,2,15,1745,2,1,1,3,6,31005,M,0.0,0.0,31
201500003610,15,4,17,1800,1,2,9,1,3,31251,M,4333488.0,93801.0,31
201500003611,15,5,25,1545,1,1,1,1,6,31385,M,4322625.0,62637.0,31
201500003612,15,8,29,315,5,2,9,1,6,31028,M,0.0,0.0,31
201500003613,15,9,2,945,1,1,1,1,7,31080,M,0.0,0.0,31
201500003614,15,9,13,1900,1,1,1,1,7,31428,M,0.0,0.0,31
201500003615,15,11,25,1815,3,1,1,2,6,31307,M,4334007.0,70418.0,31
201500003616,15,4,26,1800,1,1,1,3,6,31237,M,0.0,0.0,31
201500003617,15,5,2,1800,1,2,1,1,6,31315,M,4308899.0,95116.0,31
201500003618,15,9,9,1045,1,1,1,1,6,31167,M,0.0,0.0,31
201500003619,15,9,26,1115,1,1,1,1,3,31314,M,4315492.0,95187.0,31
201500003620,15,10,11,1345,1,2,1,1,6,31020,M,0.0,0.0,31
201500003621,15,10,31,1415,1,1,1,1,5,31208,M,4306024.0,85397.0,31
201500003622,15,5,7,1745,1,1,2,1,3,31374,M,4341702.0,163987.0,31
201500003623,15,5,30,2130,2,1,2,1,3,31105,M,0.0,0.0,31
201500003624,15,7,13,2115,2,1,1,1,6,31304,M,0.0,0.0,31
201500003625,15,8,17,1445,1,1,2,1,3,31571,M,4358142.0,176598.0,31
201500003626,15,8,18,1630,1,1,2,1,3,31566,M,4342970.0,176838.0,31
201500003627,15,8,29,345,1,1,1,1,6,31582,M,0.0,0.0,31
201500003628,15,9,15,1345,1,1,9,1,1,31560,M,4343214.0,173914.0,31
201500003629,15,11,5,1600,1,2,1,1,6,31582,M,4339477.0,172142.0,31
201500003630,15,11,21,1315,1,1,1,6,6,31495,M,0.0,0.0,31
201500003631,15,12,22,1515,1,1,1,1,3,31495,M,0.0,0.0,31
201500003632,15,10,3,2015,3,1,1,1,6,31249,M,4347366.0,166979.0,31
201500003633,15,11,8,1600,1,1,1,1,7,31381,M,4343500.0,156800.0,31
201500003634,15,4,28,1715,1,2,2,1,3,31384,M,4348845.0,156900.0,31
201500003635,15,6,20,1045,1,1,3,1,3,31192,M,4350743.0,160642.0,31
201500003636,15,7,5,2215,5,1,3,1,6,31048,M,4345189.0,162574.0,31
201500003637,15,3,18,2015,5,1,1,1,2,31451,M,0.0,0.0,31
201500003638,15,6,28,130,5,2,1,1,6,31451,M,0.0,0.0,31
201500003639,15,7,7,830,1,1,3,1,3,31570,M,0.0,0.0,31
201500003640,15,4,5,1800,1,1,1,1,6,09082,M,4300108.0,134718.0,09
201500003641,15,6,27,1415,1,1,1,1,1,09082,M,4299732.0,132932.0,09
201500003642,15,9,18,715,1,1,1,1,1,09246,M,4299460.0,129694.0,09
201500003643,15,11,22,1315,1,2,1,1,7,09167,M,4327519.0,134764.0,09
201500003644,15,3,1,1345,1,1,1,2,7,09215,M,4291271.0,178189.0,09
201500003645,15,3,12,1445,1,2,1,7,6,09160,M,4292884.0,184293.0,09
201500003646,15,4,10,2045,3,2,1,1,7,09281,M,4297617.0,180848.0,09
201500003647,15,9,6,730,1,2,1,1,6,09043,M,4295714.0,190106.0,09
201500003648,15,10,8,1015,2,2,1,2,3,09160,M,4292754.0,184377.0,09
201500003649,15,10,19,1345,1,1,1,1,6,09160,M,4289200.0,179200.0,09
201500003650,15,3,10,30,3,2,1,1,7,09045,M,4287012.0,156736.0,09
201500003651,15,3,13,1845,3,1,1,2,6,09015,M,4286251.0,160493.0,09
201500003652,15,5,12,1745,1,1,1,1,7,09272,M,4291620.0,164863.0,09
201500003653,15,10,10,1530,1,1,1,1,6,09143,M,4278311.0,154464.0,09
201500003654,15,10,24,1915,5,1,1,1,1,09306,M,4285373.0,159855.0,09
201500003655,15,1,30,745,5,2,1,3,1,09264,M,4301490.0,161061.0,09
201500003656,15,2,13,2030,5,2,2,1,3,09238,M,0.0,0.0,09
201500003657,15,6,25,815,1,1,1,7,2,09060,M,4317029.0,160331.0,09
201500003658,15,7,28,1915,1,2,1,1,6,09060,M,4316396.0,160037.0,09
201500003659,15,11,8,1100,1,1,1,1,1,09238,M,4309266.0,170017.0,09
201500003660,15,11,13,745,1,2,1,1,3,09265,M,4309185.0,162657.0,09
201500003661,15,12,12,2245,5,2,1,1,1,09238,M,4308900.0,171900.0,09