Num_Acc,an,mois,jour,hrmn,lum,agg,int,atm,col,com,gps,lat,long,dep
201500003662,15,12,16,1730,2,2,1,1,1,09312,M,4310207.0,164284.0,09
201500003663,15,4,19,1645,1,2,1,8,6,09167,M,4328072.0,134749.0,09
201500003664,15,7,8,1900,1,2,1,1,7,09167,M,4327588.0,134682.0,09
201500003665,15,7,18,1430,1,1,3,1,3,09061,M,4312410.0,134469.0,09
201500003666,15,7,19,1700,1,2,1,1,3,09079,M,4315159.0,139113.0,09
201500003667,15,7,23,1000,1,1,1,1,3,09079,M,4315957.0,137280.0,09
201500003668,15,8,7,1415,1,1,1,1,7,09038,M,4317934.0,130054.0,09
201500003669,15,4,26,1515,1,1,1,3,7,09224,M,4310816.0,145493.0,09
201500003670,15,7,12,2015,1,2,1,1,7,09224,M,0.0,0.0,09
201500003671,15,7,18,445,3,1,1,1,6,09277,M,4323507.0,138485.0,09
201500003672,15,7,25,1630,1,1,1,1,1,09167,M,4330137.0,133457.0,09
201500003673,15,11,8,100,3,1,1,1,7,09105,M,4315657.0,128588.0,09
201500003674,15,9,21,930,1,1,1,1,1,09150,M,4305462.0,192797.0,09
201500003675,15,4,23,2045,2,2,1,1,3,09185,M,4325027.0,167988.0,09
201500003676,15,6,6,2330,3,1,1,3,6,09282,M,4323092.0,156585.0,09
201500003677,15,9,13,1015,1,1,1,8,2,09282,M,4323939.0,162228.0,09
201500003678,15,12,18,1,3,1,6,1,6,09282,M,4320416.0,160892.0,09
201500003679,15,4,6,1145,1,2,1,1,6,09261,M,4298063.0,114964.0,09
201500003680,15,4,25,1800,1,1,1,1,1,09289,M,4302109.0,109861.0,09
201500003681,15,5,7,1630,1,1,9,1,3,09214,M,4295648.0,108399.0,09
201500003682,15,5,22,1830,1,2,1,1,6,09268,M,4300324.0,113027.0,09
201500003683,15,6,27,1130,1,1,1,8,1,09209,M,4302769.0,116392.0,09
201500003684,15,8,20,1745,1,1,1,1,1,09209,M,4299747.0,115995.0,09
201500003685,15,9,2,1345,1,1,1,1,1,09214,M,4295575.0,108283.0,09
201500003686,15,12,26,1145,1,2,9,1,6,09261,M,4298613.0,114326.0,09
201500003687,15,1,5,1645,1,1,1,1,2,09299,M,4291326.0,119556.0,09
201500003688,15,2,18,1930,3,1,1,1,6,09005,M,4289409.0,124811.0,09
201500003689,15,7,21,1045,1,2,1,1,3,09057,M,4289843.0,131234.0,09
201500003690,15,1,1,15,5,2,3,5,1,02168,M,,,02
201500003691,15,1,15,1550,1,2,3,2,6,02168,M,4905341.0,339681.0,02
201500003692,15,4,21,1502,1,2,1,1,6,02168,M,4903843.0,338029.0,02
201500003693,15,7,31,1945,1,1,1,1,6,02168,M,0.0,0.0,02
201500003694,15,10,29,2119,3,1,1,1,2,02168,M,0.0,0.0,02
201500003695,15,11,27,2115,5,2,6,3,6,02168,M,4906122.0,339477.0,02
201500003696,15,12,9,1345,1,2,3,1,2,02168,M,0.0,0.0,02
201500003697,15,5,4,1130,1,1,1,1,1,12120,M,4438880.0,282540.0,12
201500003698,15,10,20,1600,1,1,1,1,2,12202,M,4407980.0,253642.0,12
201500003699,15,1,31,1800,1,1,1,4,1,12056,M,4428420.0,242687.0,12
201500003700,15,5,5,940,1,1,1,1,5,12056,M,4427380.0,242873.0,12
201500003701,15,6,7,1800,1,1,1,3,7,12102,M,4428790.0,262001.0,12
201500003702,15,6,14,1630,1,1,1,1,1,12102,M,,,12
201500003703,15,7,12,1845,1,1,1,1,5,12056,M,4427610.0,245757.0,12
201500003704,15,7,11,1945,1,1,1,1,7,12262,M,4423870.0,230473.0,12
201500003705,15,8,2,1815,1,1,1,1,1,12001,M,,,12
201500003706,15,8,6,1845,1,1,1,1,7,12283,M,4422940.0,259169.0,12
201500003707,15,9,16,1440,1,1,1,1,7,12032,M,4428050.0,238109.0,12
201500003708,15,6,17,815,1,1,1,1,4,12157,M,4438860.0,270274.0,12
201500003709,15,1,24,1650,1,1,1,4,7,12194,M,4424340.0,241085.0,12
201500003710,15,1,30,2150,3,1,1,2,5,12276,M,4414800.0,232261.0,12
201500003711,15,3,16,510,3,1,1,9,7,12267,M,4405580.0,251946.0,12
201500003712,15,5,4,1740,1,2,1,1,1,12169,M,4418700.0,236574.0,12
201500003713,15,5,27,1910,1,1,2,1,3,12043,M,4423980.0,252273.0,12
201500003714,15,10,5,1725,1,1,2,1,1,12043,M,4428560.0,251895.0,12
201500003715,15,10,11,1613,1,1,1,1,1,12046,M,4417780.0,237926.0,12
201500003716,15,10,17,1155,1,2,1,1,3,12197,M,4403790.0,252175.0,12
201500003717,15,2,7,1916,3,1,1,1,7,12008,M,4442860.0,221059.0,12
201500003718,15,4,4,1950,2,1,1,3,6,12215,M,4449290.0,238794.0,12
201500003719,15,6,11,1645,1,1,1,1,1,12066,M,4445040.0,241888.0,12
201500003720,15,11,6,1845,2,2,1,1,6,12138,M,,,12
201500003721,15,11,12,1030,1,2,1,1,6,12215,M,4446660.0,240406.0,12
201500003722,15,12,18,915,1,1,1,1,3,12171,M,,,12
201500003723,15,3,7,1735,1,1,1,1,1,12290,M,4443630.0,219561.0,12
201500003724,15,5,1,755,1,2,1,1,6,12121,M,4442360.0,216387.0,12
201500003725,15,5,13,950,1,2,1,1,7,12206,M,4445060.0,225279.0,12
201500003726,15,8,31,1715,1,1,1,8,3,12206,M,4445500.0,221774.0,12
201500003727,15,10,21,1640,1,1,1,1,1,12101,M,4461090.0,224763.0,12
201500003728,15,5,15,1725,1,2,1,1,1,12026,M,4439340.0,277846.0,12
201500003729,15,6,3,1345,1,1,1,1,1,12157,M,4440080.0,272217.0,12
201500003730,15,6,2,1830,1,2,1,1,3,12157,M,,,12
201500003731,15,6,15,1310,1,1,3,1,3,12117,M,,,12
201500003732,15,7,30,1830,1,1,1,1,7,12088,M,4466190.0,294084.0,12
201500003733,15,12,23,915,1,1,1,2,6,12119,M,4467810.0,289009.0,12
201500003734,15,1,17,1520,1,1,1,1,7,12118,M,4474980.0,263539.0,12
201500003735,15,5,15,1100,1,2,1,1,6,12094,M,4464590.0,256549.0,12
201500003736,15,6,15,1615,1,1,1,1,7,12094,M,4466750.0,254392.0,12
201500003737,15,7,10,1705,1,1,1,1,1,12280,M,4485500.0,276418.0,12
201500003738,15,8,11,1445,1,1,1,1,1,12209,M,,,12
201500003739,15,12,16,915,1,1,1,8,6,12036,M,,,12
201500003740,15,7,18,1530,1,1,1,2,2,12081,M,4441100.0,286834.0,12
201500003741,15,3,7,1130,1,2,7,1,6,12168,M,4402210.0,330246.0,12
201500003742,15,4,3,1325,1,1,2,1,3,12002,M,4416430.0,308589.0,12
201500003743,15,4,16,735,1,1,1,8,6,12122,M,4401510.0,311328.0,12
201500003744,15,8,29,455,5,2,1,1,6,12160,M,4419700.0,321215.0,12
201500003745,15,8,31,1400,1,1,1,2,6,12231,M,,,12
201500003746,15,9,15,1730,1,1,1,6,3,12063,M,4405820.0,312340.0,12
201500003747,15,10,17,1450,1,1,1,1,6,12211,M,4414660.0,321637.0,12
201500003748,15,5,17,1645,1,1,1,1,6,12006,M,4411390.0,268807.0,12
201500003749,15,8,31,1150,1,2,1,2,6,12006,M,4412320.0,267103.0,12
201500003750,15,3,28,1510,1,1,1,2,7,12237,M,4444420.0,307622.0,12
201500003751,15,6,6,1335,1,1,1,1,1,12270,M,4431060.0,310160.0,12
201500003752,15,7,7,1700,1,1,1,1,5,12196,M,4434760.0,296679.0,12
201500003753,15,3,9,715,1,1,1,1,7,12042,M,4395720.0,275578.0,12
201500003754,15,5,13,1145,1,2,1,1,1,12286,M,4394960.0,283732.0,12
201500003755,15,6,6,1915,1,1,1,1,2,12286,M,4395500.0,285643.0,12
201500003756,15,6,30,1251,1,1,1,1,6,12243,M,4402020.0,296496.0,12
201500003757,15,7,8,1700,1,2,1,1,6,12208,M,,,12
201500003758,15,8,14,1115,1,2,1,2,5,12208,M,4395720.0,287537.0,12
201500003759,15,11,15,430,3,1,1,1,7,12163,M,,,12
201500003760,15,3,15,1045,1,1,1,2,6,12136,M,4440780.0,209683.0,12
201500003761,15,4,3,1845,1,2,1,1,5,12300,M,4435000.0,203585.0,12
201500003762,15,6,5,1845,1,1,1,1,1,12300,M,4437570.0,202013.0,12
201500003763,15,6,22,1850,1,1,1,1,3,12136,M,4440240.0,214106.0,12
201500003764,15,7,19,1030,1,2,1,1,1,12300,M,4435000.0,203585.0,12
201500003765,15,7,19,445,3,1,1,1,7,12263,M,4434610.0,195783.0,12
201500003766,15,7,29,900,1,1,1,1,3,12300,M,4434700.0,196075.0,12
201500003767,15,9,5,1100,1,2,1,1,6,12300,M,4435370.0,203202.0,12
201500003768,15,9,11,1155,1,1,1,1,6,12300,M,4438520.0,200997.0,12
201500003769,15,10,1,1111,1,1,1,1,7,12263,M,4436500.0,197337.0,12
201500003770,15,10,19,715,2,1,1,1,1,12136,M,4442270.0,213863.0,12
201500003771,15,12,16,1300,1,1,1,7,2,12300,M,4431360.0,202674.0,12
201500003772,15,1,2,1450,1,2,6,7,3,12052,M,4456180.0,207487.0,12
201500003773,15,3,25,1747,1,1,3,1,3,12257,M,4450670.0,202585.0,12
201500003774,15,4,13,610,3,1,1,1,3,12272,M,4454990.0,212276.0,12
201500003775,15,5,7,1905,1,2,1,1,3,12052,M,,,12
201500003776,15,9,30,1745,1,2,1,1,3,12052,M,,,12
201500003777,15,10,18,920,1,1,1,2,1,12104,M,4451290.0,202680.0,12
201500003778,15,11,17,835,1,1,1,5,6,12242,M,4439350.0,206538.0,12
201500003779,15,2,18,1930,3,1,1,1,1,12029,M,4420080.0,206529.0,12
201500003780,15,5,16,1010,1,1,1,1,3,12278,M,4421190.0,223056.0,12
201500003781,15,8,15,1630,1,1,1,1,7,12258,M,4426030.0,218295.0,12
201500003782,15,1,9,915,1,1,1,1,2,32091,M,4369540.0,52012.0,32
201500003783,15,1,22,930,1,1,1,1,7,32029,M,4361780.0,47964.0,32
201500003784,15,1,31,815,1,2,1,1,1,32307,M,4361500.0,58542.0,32
201500003785,15,4,9,800,1,1,1,7,6,32118,M,4352230.0,57341.0,32
201500003786,15,7,10,1600,1,1,1,1,7,32029,M,4362390.0,40662.0,32
201500003787,15,7,19,1245,1,1,1,1,6,32300,M,4355010.0,61026.0,32
201500003788,15,4,9,1800,1,2,1,1,6,32249,M,4372980.0,87668.0,32
201500003789,15,4,11,1500,1,1,2,1,3,32406,M,4368910.0,82621.0,32
201500003790,15,4,14,1500,1,1,3,7,3,32249,M,4373030.0,86141.0,32
201500003791,15,4,19,1030,1,1,1,2,1,32147,M,4362360.0,89074.0,32
201500003792,15,5,19,1530,1,1,1,2,6,32388,M,4367000.0,84723.0,32
201500003793,15,8,9,300,3,1,1,2,6,32247,M,4357450.0,92592.0,32
201500003794,15,9,9,1230,1,1,1,1,6,32268,M,4360870.0,96210.0,32
201500003795,15,9,13,300,3,1,1,8,6,32268,M,4360340.0,100181.0,32
201500003796,15,9,12,1700,1,1,1,1,3,32237,M,4364780.0,70212.0,32
201500003797,15,9,13,1945,2,1,1,7,5,32237,M,4364760.0,71042.0,32
201500003798,15,11,21,715,3,1,1,4,7,32388,M,4368830.0,88249.0,32
201500003799,15,12,1,1615,1,1,1,7,1,32269,M,4380880.0,84575.0,32
201500003800,15,3,7,1545,1,1,1,1,3,32268,M,4359470.0,97364.0,32
201500003801,15,4,4,1615,1,1,1,1,5,32148,M,4361730.0,92636.0,32
201500003802,15,5,25,1700,1,1,4,1,3,32160,M,4360250.0,103939.0,32
201500003803,15,6,8,515,2,1,1,1,7,32160,M,4362690.0,106908.0,32
201500003804,15,6,24,1045,1,2,1,1,6,32160,M,4361340.0,108583.0,32
201500003805,15,10,24,1215,1,1,1,1,6,32210,M,4356120.0,112799.0,32
201500003806,15,12,8,1615,1,1,1,1,6,32444,M,4367810.0,99331.0,32
201500003807,15,8,5,1915,1,1,1,1,6,32410,M,4347710.0,94603.0,32
201500003808,15,3,16,815,1,1,1,8,6,32301,M,4371110.0,44129.0,32
201500003809,15,3,28,2030,3,1,1,2,6,32162,M,4376600.0,47073.0,32
201500003810,15,3,30,1700,1,1,1,2,1,32301,M,4370940.0,44410.0,32
201500003811,15,6,24,1845,1,1,1,1,3,32462,M,4379420.0,30511.0,32
201500003812,15,10,15,1630,1,1,1,1,6,32462,M,4376130.0,27316.0,32
201500003813,15,10,24,1615,1,1,1,1,1,32162,M,4377970.0,45800.0,32
201500003814,15,12,1,1615,1,1,3,1,3,32301,M,4367460.0,53027.0,32
201500003815,15,1,16,1615,1,1,1,2,1,32095,M,4394930.0,41741.0,32
201500003816,15,7,10,1830,1,1,1,1,6,32079,M,4395120.0,7927.0,32
201500003817,15,7,12,1545,1,1,2,7,3,32290,M,4394660.0,15285.0,32
201500003818,15,8,24,1145,1,1,3,1,3,32133,M,4400480.0,19894.0,32
201500003819,15,9,25,1015,1,1,1,1,6,32290,M,4393100.0,19226.0,32
201500003820,15,11,5,1815,5,2,1,2,3,32149,M,4388480.0,23747.0,32
201500003821,15,12,28,1915,5,2,3,1,1,32107,M,4395640.0,37989.0,32
201500003822,15,1,14,1900,5,2,1,1,3,32155,M,4377730.0,-18834.0,32
201500003823,15,1,15,30,3,1,1,1,6,32155,M,4378000.0,-19671.0,32
201500003824,15,2,11,1400,1,2,1,8,6,32119,M,4385940.0,10054.0,32
201500003825,15,7,5,400,3,1,1,1,6,32458,M,4373650.0,-1317.0,32
201500003826,15,8,6,645,1,1,1,5,6,32096,M,4390250.0,-1637.0,32
201500003827,15,8,25,1430,1,2,1,1,3,32119,M,4386190.0,10246.0,32
201500003828,15,9,21,1115,1,1,1,1,3,32190,M,4376660.0,15934.0,32
201500003829,15,12,31,745,2,1,1,2,6,32132,M,4384590.0,69247.0,32
201500003830,15,1,6,1915,3,1,1,5,7,32311,M,4405620.0,60711.0,32
201500003831,15,1,18,600,2,1,1,1,6,32286,M,4381090.0,64818.0,32
201500003832,15,2,6,900,1,1,1,4,1,32306,M,4389740.0,64184.0,32
201500003833,15,2,12,1100,1,1,1,1,7,32385,M,4386570.0,74778.0,32
201500003834,15,3,10,1400,1,1,2,1,3,32082,M,4396240.0,62917.0,32
201500003835,15,4,15,2045,2,2,2,1,3,32132,M,4384440.0,66634.0,32
201500003836,15,6,13,1530,1,1,1,1,1,32395,M,4398700.0,67747.0,32
201500003837,15,6,29,800,1,2,1,1,6,32132,M,4384640.0,66541.0,32
201500003838,15,7,10,45,3,1,1,1,7,32457,M,4386140.0,69598.0,32
201500003839,15,7,31,1745,1,1,1,1,6,32329,M,4380730.0,59794.0,32
201500003840,15,8,16,1130,1,1,1,1,1,32188,M,4388200.0,57738.0,32
201500003841,15,8,20,1200,1,2,1,1,7,32370,M,4389110.0,77257.0,32
201500003842,15,10,10,215,3,2,1,1,6,32253,M,4399120.0,76413.0,32
201500003843,15,11,21,1745,3,1,1,8,3,32306,M,4387130.0,65811.0,32
201500003844,15,11,26,1830,3,1,2,1,3,32068,M,4383120.0,74958.0,32
201500003845,15,12,12,245,3,1,1,1,6,32457,M,4386440.0,71165.0,32
201500003846,15,1,12,730,3,1,2,1,6,32254,M,4354020.0,45458.0,32
201500003847,15,3,10,830,1,2,1,1,6,32256,M,4351500.0,40736.0,32
201500003848,15,6,26,1045,1,1,1,1,3,32256,M,4352570.0,41672.0,32
201500003849,15,7,16,930,1,1,3,1,6,32256,M,4353380.0,42041.0,32
201500003850,15,8,29,2115,3,1,1,1,6,32389,M,4349910.0,39243.0,32
201500003851,15,10,16,1415,1,1,3,1,3,32252,M,4342450.0,31800.0,32
201500003852,15,11,18,445,3,1,1,1,6,32020,M,4343780.0,28621.0,32
201500003853,15,11,26,745,1,1,1,1,1,32389,M,4349510.0,38085.0,32
201500003854,15,12,4,715,1,1,2,1,3,32067,M,4335140.0,59633.0,32
201500003855,15,12,17,1130,1,2,1,1,6,32426,M,4349200.0,59211.0,32
201500003856,15,1,17,2115,3,1,1,1,6,32167,M,4346160.0,32092.0,32
201500003857,15,1,21,1400,1,1,1,1,2,32205,M,4352890.0,20149.0,32
201500003858,15,1,25,500,3,1,1,1,7,32233,M,4352620.0,17487.0,32
201500003859,15,3,21,1645,1,1,1,2,6,32252,M,4343250.0,32946.0,32
201500003860,15,4,27,1700,1,1,1,3,1,32252,M,4342400.0,29584.0,32
201500003861,15,8,7,1030,1,1,1,1,6,32285,M,4359050.0,37455.0,32
201500003862,15,10,9,1745,1,1,4,1,6,32362,M,4357550.0,7486.0,32
201500003863,15,2,7,2230,5,2,2,1,7,32319,M,4360540.0,4550.0,32
201500003864,15,4,6,115,3,1,1,1,6,32001,M,4369620.0,7666.0,32
201500003865,15,4,24,1945,1,1,2,1,5,32424,M,4363070.0,-27170.0,32
201500003866,15,10,3,930,1,1,2,1,3,32408,M,4382660.0,-3673.0,32
201500003867,15,11,1,1930,5,2,1,1,6,32344,M,4366490.0,-8112.0,32
201500003868,15,11,3,1015,1,1,1,1,1,46221,M,4462273.0,202499.0,46
201500003869,15,1,3,1215,1,1,1,2,7,46105,M,4440458.0,152392.0,46
201500003870,15,6,4,430,3,1,1,1,2,46202,M,4428415.0,150492.0,46
201500003871,15,8,14,1130,1,1,9,3,4,46138,M,4466234.0,156820.0,46
201500003872,15,8,31,1445,1,1,1,2,6,46210,M,0.0,151487.0,46
201500003873,15,5,2,1800,1,1,1,2,6,46013,M,0.0,0.0,46
201500003874,15,8,18,1730,1,1,1,1,1,46263,M,4436261.0,122666.0,46
201500003875,15,11,4,1445,1,1,1,1,1,46091,M,4437525.0,161167.0,46
201500003876,15,11,18,1830,3,1,1,8,2,46197,M,4436317.0,145124.0,46
201500003877,15,8,15,2100,2,2,2,1,3,46335,M,4439902.0,129513.0,46
201500003878,15,8,29,930,1,1,3,1,3,46088,M,4447972.0,135686.0,46
201500003879,15,8,31,1530,1,1,1,2,1,46335,M,0.0,0.0,46
201500003880,15,1,6,1815,5,1,9,1,6,46102,M,0.0,0.0,46
201500003881,15,1,24,1645,1,2,1,4,1,46102,M,4461012.0,203716.0,46
201500003882,15,5,7,1700,1,1,1,1,1,46102,M,4459100.0,200040.0,46
201500003883,15,6,6,1415,1,1,9,1,3,46174,M,4465183.0,210589.0,46
201500003884,15,10,1,2200,3,1,1,1,6,46266,M,4461731.0,212175.0,46
201500003885,15,6,11,1100,1,1,1,1,1,46045,M,4450107.0,185056.0,46
201500003886,15,2,16,1900,3,1,1,1,6,46155,M,4446821.0,178444.0,46
201500003887,15,3,18,730,1,2,1,1,1,46132,M,4474276.0,179161.0,46
201500003888,15,4,2,1730,1,2,1,1,6,46170,M,4478595.0,190136.0,46
201500003889,15,4,7,930,1,1,1,1,6,46090,M,4467116.0,178414.0,46
201500003890,15,8,8,630,3,1,1,1,6,46057,M,4467502.0,202682.0,46
201500003891,15,9,8,915,1,1,1,1,6,46183,M,0.0,0.0,46
201500003892,15,10,25,845,3,1,1,1,6,46279,M,0.0,0.0,46
201500003893,15,12,5,1730,1,1,1,1,6,46243,M,4473391.0,184859.0,46
201500003894,15,3,1,1745,1,1,2,2,3,46251,M,4485807.0,189343.0,46
201500003895,15,3,30,1130,1,2,1,2,2,46029,M,4492706.0,184556.0,46
201500003896,15,6,27,1230,1,1,1,1,1,46251,M,4485370.0,190591.0,46
201500003897,15,10,10,1815,1,1,1,1,7,46177,M,4488181.0,179955.0,46
201500003898,15,10,16,1645,1,1,3,1,3,46311,M,4487723.0,200419.0,46
201500003899,15,12,3,2200,3,1,1,1,7,46122,M,4490814.0,174353.0,46
201500003900,15,2,15,1800,2,1,1,8,6,46200,M,4460641.0,120205.0,46
201500003901,15,4,5,1030,1,1,3,1,3,46066,M,4463252.0,121996.0,46
201500003902,15,5,16,1830,1,1,1,1,1,46334,M,4474598.0,144737.0,46
201500003903,15,6,25,1100,1,1,2,1,1,46316,M,0.0,0.0,46
201500003904,15,6,26,2100,2,1,1,1,1,46215,M,4478896.0,147155.0,46
201500003905,15,8,8,1315,1,1,1,3,1,46209,M,4483904.0,146094.0,46
201500003906,15,3,30,830,1,1,1,2,1,46304,M,0.0,0.0,46
201500003907,15,7,12,830,1,1,1,1,1,46265,M,0.0,0.0,46
201500003908,15,9,10,1515,1,2,3,1,3,46265,M,0.0,0.0,46
201500003909,15,10,8,630,5,2,1,1,3,46083,M,4502485.0,151953.0,46
201500003910,15,2,20,2045,3,1,1,1,4,65019,M,0.0,0.0,65
201500003911,15,4,19,1745,1,1,1,1,5,65401,M,4317830.0,10238.0,65
201500003912,15,5,17,1430,1,1,8,1,3,65002,M,4315640.0,-2005.0,65
201500003913,15,7,6,1515,1,1,1,1,6,65366,M,4311640.0,-7444.0,65
201500003914,15,7,27,1545,1,1,1,1,2,65292,M,4324770.0,-10784.0,65
201500003915,15,8,23,515,3,1,1,8,6,65401,M,4319500.0,10900.0,65
201500003916,15,11,1,1530,1,2,1,1,3,65280,M,4313530.0,-8248.0,65
201500003917,15,11,6,1430,1,2,1,7,3,65340,M,4327100.0,10625.0,65
201500003918,15,12,29,1800,3,1,1,1,6,65344,M,4318650.0,-5156.0,65
201500003919,15,2,2,1945,3,1,1,1,1,65126,M,0.0,0.0,65
201500003920,15,4,10,1,3,1,1,1,6,65274,M,4324500.0,39581.0,65
201500003921,15,5,9,1230,1,1,1,1,6,65129,M,4328770.0,53798.0,65
201500003922,15,5,20,1645,1,1,1,3,5,65187,M,4321470.0,47221.0,65
201500003923,15,5,31,1700,1,1,1,7,7,65183,M,4322180.0,40875.0,65
201500003924,15,9,19,1145,1,1,1,1,6,65184,M,4316750.0,39744.0,65
201500003925,15,10,16,1100,1,1,2,1,3,65373,M,4329980.0,45372.0,65
201500003926,15,8,2,845,1,1,1,1,6,65121,M,4336000.0,6926.0,65
201500003927,15,8,7,1645,1,1,1,1,1,65460,M,4337870.0,6704.0,65
201500003928,15,11,12,1715,1,1,1,1,6,65174,M,4350340.0,3639.0,65
201500003929,15,12,10,1600,1,1,6,1,3,65121,M,4335901.0,6930.0,65
201500003930,15,2,10,330,3,1,1,1,6,65409,M,4338300.0,833300.0,65
201500003931,15,3,17,1430,1,1,1,1,6,65337,M,4324850.0,29060.0,65
201500003932,15,7,16,900,1,1,2,1,5,65409,M,4338610.0,11217.0,65
201500003933,15,8,7,1745,1,1,1,1,7,65367,M,4316850.0,21529.0,65
201500003934,15,9,10,1015,1,1,1,8,1,65447,M,4316920.0,24050.0,65
201500003935,15,2,8,600,5,2,1,1,6,65007,M,0.0,0.0,65
201500003936,15,8,18,1545,1,1,1,1,1,65330,M,4343240.0,4651.0,65
201500003937,15,7,31,915,1,1,1,2,1,65164,M,4310110.0,2833.0,65
201500003938,15,8,8,415,3,2,1,1,6,65040,M,4307530.0,-4742.0,65
201500003939,15,8,11,1145,1,1,1,1,3,65032,M,4296050.0,-21119.0,65
201500003940,15,8,30,1300,1,1,1,1,6,65349,M,4303720.0,-188.0,65
201500003941,15,12,29,1430,1,2,1,1,1,65395,M,4310250.0,-17038.0,65
201500003942,15,7,16,1230,1,1,1,7,7,65481,M,4289720.0,10449.0,65
201500003943,15,8,2,1545,1,1,1,1,1,65295,M,4283340.0,7.0,65
201500003944,15,8,13,2130,3,1,1,1,1,65145,M,4292700.0,-4181.0,65
201500003945,15,9,5,1600,1,1,1,1,6,65145,M,4292880.0,-4279.0,65
201500003946,15,2,21,1745,1,1,1,4,1,65123,M,0.0,0.0,65
201500003947,15,7,1,1800,1,1,3,1,1,65123,M,4300036.0,19795.0,65
201500003948,15,7,24,1630,1,2,3,1,6,65059,M,4306650.0,14793.0,65
201500003949,15,8,1,1630,1,1,1,1,7,65198,M,4305760.0,17975.0,65
201500003950,15,8,16,330,3,1,1,1,6,65320,M,4313160.0,10296.0,65
201500003951,15,8,16,1600,1,1,1,1,2,65042,M,4303730.0,16870.0,65
201500003952,15,9,3,1200,1,1,2,5,6,65059,M,4290900.0,15121.0,65
201500003953,15,10,8,2115,3,1,1,8,6,65016,M,4311750.0,11993.0,65
201500003954,15,10,10,1600,1,1,2,1,6,65320,M,4311550.0,9401.0,65
201500003955,15,10,11,45,5,2,4,1,6,65059,M,4307050.0,15341.0,65
201500003956,15,1,30,2030,3,1,1,3,7,65096,M,4311060.0,24476.0,65
201500003957,15,9,28,1800,1,2,1,1,6,65231,M,4305660.0,37083.0,65
201500003958,15,12,27,1445,1,1,1,1,1,65127,M,4310410.0,33932.0,65
201500003959,15,6,6,1700,1,2,2,1,3,65363,M,4311839.0,42813.0,65
201500003960,15,1,15,2200,3,1,1,1,7,65031,M,4291318.0,35885.0,65
201500003961,15,12,15,1430,1,1,1,1,3,81079,M,4386000.0,218800.0,81
201500003962,15,12,1,1845,3,1,1,5,6,81002,M,4352400.0,230100.0,81
201500003963,15,7,24,1445,1,1,1,1,3,81232,M,0.0,0.0,81
201500003964,15,12,6,1530,1,2,8,1,6,81156,M,0.0,0.0,81
201500003965,15,4,12,1815,1,1,1,1,1,81097,M,4389500.0,222000.0,81
201500003966,15,4,26,1215,1,1,1,1,1,81295,M,4385600.0,235400.0,81
201500003967,15,12,28,1730,2,1,1,6,6,81096,M,4391800.0,241700.0,81
201500003968,15,5,31,930,1,2,1,1,6,81105,M,0.0,0.0,81
201500003969,15,6,26,2000,2,1,1,7,1,81105,M,0.0,0.0,81
201500003970,15,8,21,30,3,1,1,1,7,81105,M,0.0,0.0,81
201500003971,15,2,12,1430,1,1,1,1,6,81124,M,4371200.0,269000.0,81
201500003972,15,6,26,830,1,1,1,1,6,81031,M,4360200.0,247900.0,81
201500003973,15,8,22,2100,2,1,1,1,7,81314,M,4373900.0,260300.0,81
201500003974,15,8,23,300,3,1,1,8,7,81086,M,4369000.0,252300.0,81
201500003975,15,11,6,1700,2,1,1,7,7,81031,M,4361600.0,244400.0,81
201500003976,15,1,17,745,2,1,6,2,7,81271,M,0.0,0.0,81
201500003977,15,2,14,1645,1,1,1,2,6,81104,M,0.0,0.0,81
201500003978,15,3,14,630,2,1,1,2,2,81271,M,0.0,0.0,81
201500003979,15,3,18,1845,2,1,1,1,1,81140,M,4371000.0,180600.0,81
201500003980,15,3,27,2015,3,2,1,1,6,81271,M,0.0,0.0,81
201500003981,15,6,9,730,2,1,1,1,3,81104,M,0.0,0.0,81
201500003982,15,6,24,1715,1,1,1,1,1,81173,M,0.0,0.0,81
201500003983,15,7,2,2145,2,1,1,1,7,81140,M,4367800.0,179100.0,81
201500003984,15,7,26,930,1,1,1,7,7,81140,M,0.0,0.0,81
201500003985,15,9,9,645,3,1,1,1,1,81140,M,4367700.0,173300.0,81
201500003986,15,9,19,1500,1,1,1,1,7,81150,M,0.0,0.0,81
201500003987,15,11,29,1030,1,2,1,1,3,81140,M,0.0,0.0,81
201500003988,15,12,19,2145,5,2,1,1,7,81140,M,4370400.0,181500.0,81
201500003989,15,6,15,1615,1,1,1,1,2,81177,M,0.0,0.0,81
201500003990,15,8,27,1345,1,2,1,1,7,81182,M,0.0,0.0,81
201500003991,15,2,10,1900,5,2,7,1,6,81315,M,4362600.0,208999.0,81
201500003992,15,2,14,345,3,1,1,2,7,81092,M,0.0,0.0,81
201500003993,15,4,2,1400,1,1,1,1,6,81213,M,4364000.0,188300.0,81
201500003994,15,7,17,1900,1,1,1,1,1,81299,M,0.0,0.0,81
201500003995,15,7,23,1430,1,1,1,1,6,81139,M,0.0,0.0,81