Num_Acc,an,mois,jour,hrmn,lum,agg,int,atm,col,com,gps,lat,long,dep
201500003996,15,11,15,1445,1,1,1,1,6,81078,M,0.0,0.0,81
201500003997,15,12,24,1115,1,2,2,1,1,81258,M,4376500.0,206700.0,81
201500003998,15,3,26,1545,1,1,1,1,6,81099,M,4389000.0,186800.0,81
201500003999,15,4,15,1430,1,2,6,1,1,81099,M,0.0,0.0,81
201500004000,15,5,23,815,1,1,1,1,6,81138,M,4384900.0,206599.0,81
201500004001,15,6,13,1430,1,1,4,1,3,81041,M,4396200.0,187100.0,81
201500004002,15,6,26,1130,1,1,1,7,1,81087,M,4395800.0,198200.0,81
201500004003,15,6,26,1230,1,1,1,7,1,81038,M,4389100.0,191300.0,81
201500004004,15,6,29,1415,1,1,2,1,5,81099,M,0.0,0.0,81
201500004005,15,7,7,1015,1,1,1,1,6,81099,M,4388900.0,186600.0,81
201500004006,15,7,29,1915,1,2,1,1,6,81099,M,0.0,0.0,81
201500004007,15,9,7,1715,1,1,1,1,1,81294,M,4383700.0,194500.0,81
201500004008,15,10,10,1900,2,1,1,1,1,81112,M,4392400.0,200800.0,81
201500004009,15,10,10,115,3,1,1,1,6,81093,M,0.0,0.0,81
201500004010,15,10,31,645,1,1,1,1,1,81099,M,4391300.0,184100.0,81
201500004011,15,12,5,1600,1,2,1,1,6,81099,M,4390600.0,189200.0,81
201500004012,15,12,11,1,3,1,1,1,7,81038,M,4389900.0,195800.0,81
201500004013,15,12,22,500,3,1,1,5,6,81112,M,4392500.0,202700.0,81
201500004014,15,12,30,630,3,1,1,1,6,81225,M,4392400.0,198600.0,81
201500004015,15,2,11,1600,1,2,9,1,6,69089,M,0.0,0.0,69
201500004016,15,7,30,1400,1,2,1,1,1,69069,M,0.0,0.0,69
201500004017,15,8,1,900,1,2,1,1,3,69069,M,4574370.0,472731.0,69
201500004018,15,9,6,1230,1,1,1,1,2,69205,M,0.0,0.0,69
201500004019,15,9,25,1230,1,2,1,1,1,69069,M,0.0,0.0,69
201500004020,15,10,9,830,1,2,1,7,2,69205,M,,,69
201500004021,15,12,6,2030,5,2,1,1,3,69069,M,4574740.0,473468.0,69
201500004022,15,1,7,1800,5,2,3,8,3,02408,M,4954590.0,363114.0,02
201500004023,15,1,13,740,5,2,1,1,6,02408,M,4956121.0,361040.0,02
201500004024,15,1,28,1640,1,1,1,3,5,02408,M,,,02
201500004025,15,2,3,1438,1,2,2,1,5,02408,M,4957622.0,363833.0,02
201500004026,15,2,8,620,5,2,1,1,6,02408,M,4957886.0,361505.0,02
201500004027,15,4,17,1820,1,2,1,1,6,02408,M,4956497.0,364755.0,02
201500004028,15,4,18,1655,1,2,1,1,6,02408,M,4956920.0,363690.0,02
201500004029,15,4,18,925,1,2,1,1,6,02408,M,4956958.0,364080.0,02
201500004030,15,8,3,1900,1,2,2,1,1,02408,M,4956522.0,364215.0,02
201500004031,15,8,19,540,5,2,2,1,3,02408,M,4957478.0,363324.0,02
201500004032,15,9,28,1230,1,1,1,1,1,02408,M,0.0,0.0,02
201500004033,15,11,20,800,2,2,2,3,3,02408,M,4957638.0,362995.0,02
201500004034,15,11,25,1620,1,2,1,2,6,02408,M,4955003.0,361345.0,02
201500004035,15,12,1,900,1,1,1,8,2,02408,M,0.0,0.0,02
201500004036,15,5,21,1927,1,2,1,1,3,02408,M,4956983.0,360798.0,02
201500004037,15,1,12,1730,2,1,2,1,3,81272,M,4392600.0,162100.0,81
201500004038,15,1,24,400,3,1,1,1,6,81220,M,4383700.0,174600.0,81
201500004039,15,3,2,1745,1,2,1,1,2,81070,M,4382400.0,172700.0,81
201500004040,15,4,29,715,1,1,2,1,1,81106,M,4383920.0,167561.0,81
201500004041,15,5,9,1645,1,1,2,7,3,81145,M,4391300.0,175800.0,81
201500004042,15,6,19,1430,1,1,1,1,7,81220,M,4383700.0,173000.0,81
201500004043,15,8,7,1900,1,2,7,1,1,81145,M,4385800.0,181100.0,81
201500004044,15,10,19,1000,1,2,1,1,6,81220,M,0.0,0.0,81
201500004045,15,10,24,1115,1,1,1,1,7,81220,M,0.0,0.0,81
201500004046,15,10,25,1415,1,1,2,1,3,81220,M,4385800.0,175400.0,81
201500004047,15,12,16,900,3,1,1,1,7,81145,M,4388400.0,179400.0,81
201500004048,15,1,24,2345,3,1,1,9,6,81195,M,0.0,0.0,81
201500004049,15,2,19,2015,3,1,1,1,1,81242,M,4351800.0,211200.0,81
201500004050,15,9,2,1200,1,1,1,1,6,81312,M,4352200.0,213800.0,81
201500004051,15,9,21,1645,1,1,1,1,1,81325,M,4355400.0,220800.0,81
201500004052,15,10,12,1445,1,2,1,1,3,81307,M,4357400.0,229700.0,81
201500004053,15,12,4,1915,3,1,1,1,2,81120,M,4354700.0,225200.0,81
201500004054,15,2,13,1815,1,1,1,1,5,81219,M,4357100.0,203799.0,81
201500004055,15,8,24,645,2,1,1,8,3,81251,M,4356200.0,208999.0,81
201500004056,15,11,8,1630,1,1,1,1,6,81143,M,4353500.0,210000.0,81
201500004057,15,11,23,1345,1,1,1,1,6,81179,M,4351900.0,193200.0,81
201500004058,15,12,9,2215,3,1,1,1,1,81076,M,4357000.0,191900.0,81
201500004059,15,10,20,1715,1,1,1,1,5,82089,M,0.0,0.0,82
201500004060,15,11,6,1615,1,1,1,1,1,82112,M,0.0,0.0,82
201500004061,15,1,30,1400,1,1,1,2,1,82087,M,0.0,0.0,82
201500004062,15,4,12,1515,1,1,1,1,7,82149,M,0.0,0.0,82
201500004063,15,6,11,1230,1,2,1,1,1,82149,M,4412023.0,148417.0,82
201500004064,15,6,22,930,1,1,6,1,3,82037,M,4414839.0,152321.0,82
201500004065,15,6,21,1045,1,2,7,1,6,82087,M,4412752.0,124090.0,82
201500004066,15,6,27,245,3,1,1,1,6,82076,M,0.0,0.0,82
201500004067,15,7,9,545,2,1,1,1,2,82126,M,4417000.0,155900.0,82
201500004068,15,8,2,1515,1,1,1,1,7,82113,M,4419830.0,135428.0,82
201500004069,15,9,16,1500,1,1,1,1,7,82092,M,0.0,0.0,82
201500004070,15,10,4,1515,1,1,1,2,6,82148,M,0.0,0.0,82
201500004071,15,10,26,1730,1,1,1,1,1,82148,M,0.0,0.0,82
201500004072,15,11,9,1915,5,2,1,1,3,82179,M,0.0,0.0,82
201500004073,15,11,20,700,3,1,1,1,6,82113,M,0.0,0.0,82
201500004074,15,12,5,730,3,1,1,5,6,82039,M,0.0,0.0,82
201500004075,15,1,14,800,3,1,1,1,3,82161,M,0.0,0.0,82
201500004076,15,1,25,645,1,1,1,1,1,82134,M,0.0,0.0,82
201500004077,15,2,14,2115,3,1,1,2,1,82161,M,0.0,0.0,82
201500004078,15,6,11,1700,1,1,1,1,6,82002,M,0.0,0.0,82
201500004079,15,7,28,1930,1,1,1,1,7,82002,M,0.0,0.0,82
201500004080,15,9,6,115,3,1,1,1,6,82161,M,0.0,0.0,82
201500004081,15,9,22,1200,1,1,1,1,6,82018,M,0.0,0.0,82
201500004082,15,12,20,430,3,1,1,1,1,82192,M,0.0,0.0,82
201500004083,15,12,25,1730,2,2,1,1,3,82002,M,0.0,0.0,82
201500004084,15,4,30,2215,1,1,1,1,6,82069,M,0.0,0.0,82
201500004085,15,6,29,45,3,1,1,1,6,82155,M,0.0,0.0,82
201500004086,15,9,23,1030,1,1,1,1,6,82147,M,0.0,0.0,82
201500004087,15,10,25,1430,1,1,1,1,6,82038,M,0.0,0.0,82
201500004088,15,1,23,945,1,1,1,8,1,82180,M,0.0,0.0,82
201500004089,15,7,9,1615,1,1,1,1,1,82180,M,4390500.0,103899.0,82
201500004090,15,8,20,1445,1,1,1,1,3,82071,M,4382420.0,98316.0,82
201500004091,15,9,22,1545,1,1,1,1,6,82055,M,0.0,0.0,82
201500004092,15,11,21,845,1,1,1,1,6,82103,M,0.0,0.0,82
201500004093,15,2,5,1745,1,2,1,1,6,82048,M,0.0,0.0,82
201500004094,15,3,5,615,3,1,1,1,1,82079,M,4393700.0,136100.0,82
201500004095,15,4,26,1730,1,1,1,2,7,82028,M,4385270.0,129291.0,82
201500004096,15,6,4,1630,1,2,2,1,3,82079,M,4392200.0,136900.0,82
201500004097,15,7,19,1900,1,1,3,1,3,82079,M,4394100.0,135585.0,82
201500004098,15,8,14,1815,2,2,1,2,7,82028,M,4385400.0,129900.0,82
201500004099,15,8,21,1945,1,1,1,7,1,82135,M,4391100.0,143700.0,82
201500004100,15,8,22,1730,1,2,1,1,6,82017,M,0.0,0.0,82
201500004101,15,8,25,1945,1,1,1,1,1,82044,M,4396800.0,135900.0,82
201500004102,15,9,5,600,3,1,1,1,7,82079,M,0.0,0.0,82
201500004103,15,9,11,1600,1,1,1,1,5,82142,M,4382400.0,130900.0,82
201500004104,15,10,18,1830,2,1,1,2,6,82150,M,4393500.0,142000.0,82
201500004105,15,10,24,1600,1,2,1,1,2,82114,M,0.0,0.0,82
201500004106,15,3,12,1630,1,1,3,1,5,82117,M,4433200.0,103200.0,82
201500004107,15,5,30,2215,1,1,1,1,6,82116,M,0.0,0.0,82
201500004108,15,6,29,1615,1,1,1,1,6,82116,M,0.0,0.0,82
201500004109,15,8,8,400,3,1,1,1,6,82094,M,0.0,0.0,82
201500004110,15,8,31,1700,1,1,1,1,7,82042,M,4423300.0,119600.0,82
201500004111,15,11,24,2245,3,1,1,2,6,82024,M,4422200.0,97200.0,82
201500004112,15,3,28,1030,1,1,1,2,1,82108,M,0.0,0.0,82
201500004113,15,4,8,1730,1,2,1,1,2,82169,M,4405635.0,102607.0,82
201500004114,15,6,3,1145,1,1,1,1,7,82045,M,0.0,0.0,82
201500004115,15,6,6,2230,5,2,1,1,1,82101,M,0.0,0.0,82
201500004116,15,8,13,2230,3,1,1,2,6,82099,M,0.0,0.0,82
201500004117,15,8,21,1700,1,1,1,1,5,82112,M,0.0,0.0,82
201500004118,15,8,25,730,2,1,1,1,3,82096,M,0.0,0.0,82
201500004119,15,9,26,1515,1,1,1,1,2,82112,M,0.0,0.0,82
201500004120,15,2,14,1745,2,1,2,2,3,82178,M,0.0,0.0,82
201500004121,15,2,28,1515,1,1,1,1,3,82014,M,4378600.0,112200.0,82
201500004122,15,4,11,230,5,2,1,1,6,82062,M,4390900.0,122100.0,82
201500004123,15,5,13,2145,2,1,2,1,3,82125,M,4393230.0,125182.0,82
201500004124,15,5,24,500,3,1,1,1,6,82124,M,4402362.0,127604.0,82
201500004125,15,6,24,1915,1,1,1,1,3,82190,M,4386367.0,124705.0,82
201500004126,15,7,9,1700,1,1,1,1,6,82124,M,0.0,0.0,82
201500004127,15,8,31,1945,2,2,1,6,6,82125,M,0.0,0.0,82
201500004128,15,9,19,2100,3,1,9,1,6,82123,M,0.0,0.0,82
201500004129,15,9,26,1845,1,1,1,1,3,82062,M,0.0,0.0,82
201500004130,15,10,10,1600,1,1,1,1,1,82105,M,0.0,0.0,82
201500004131,15,10,30,1615,1,1,1,1,6,82173,M,0.0,0.0,82
201500004132,15,11,10,530,3,1,1,1,6,82124,M,0.0,0.0,82
201500004133,15,12,5,1900,3,2,1,1,6,82171,M,4400200.0,118500.0,82
201500004134,15,1,15,615,3,1,1,1,6,82054,M,0.0,0.0,82
201500004135,15,6,9,845,1,1,1,1,6,82049,M,0.0,0.0,82
201500004136,15,7,6,945,1,2,1,1,6,82008,M,0.0,0.0,82
201500004137,15,8,28,1145,1,1,2,7,3,82166,M,0.0,0.0,82
201500004138,15,9,18,1545,1,2,1,1,3,82186,M,0.0,0.0,82
201500004139,15,10,4,1430,1,1,1,1,3,82165,M,0.0,0.0,82
201500004140,15,11,16,500,3,1,1,5,6,82165,M,0.0,0.0,82
201500004141,15,12,27,1515,1,1,1,1,3,82165,M,0.0,0.0,82
201500004142,15,1,27,715,2,1,1,8,7,69072,M,,,69
201500004143,15,4,25,430,3,1,1,1,7,69072,M,4582070.0,472812.0,69
201500004144,15,6,6,2100,1,2,1,1,6,69076,M,0.0,0.0,69
201500004145,15,7,24,1445,1,1,1,1,3,69072,M,0.0,0.0,69
201500004146,15,8,7,1115,1,1,1,1,3,69072,M,4582600.0,469700.0,69
201500004147,15,9,3,1730,1,1,1,1,6,69072,M,4579800.0,474200.0,69
201500004148,15,9,25,1715,1,2,1,1,6,69072,M,0.0,0.0,69
201500004149,15,9,28,2045,3,1,1,1,1,69076,M,0.0,0.0,69
201500004150,15,10,2,715,2,2,1,1,6,69127,M,0.0,0.0,69
201500004151,15,1,26,1710,1,2,1,1,6,69191,M,,,69
201500004152,15,2,11,1945,5,2,1,1,3,69040,M,0.0,0.0,69
201500004153,15,4,6,1830,1,1,1,1,7,69059,M,4585520.0,471537.0,69
201500004154,15,5,1,300,3,1,6,2,6,69055,M,0.0,0.0,69
201500004155,15,5,18,1800,1,1,1,1,2,69117,M,0.0,0.0,69
201500004156,15,5,26,945,1,1,1,1,6,69191,M,0.0,0.0,69
201500004157,15,6,3,845,1,1,1,1,7,69117,M,0.0,0.0,69
201500004158,15,6,3,245,3,1,1,1,1,69116,M,0.0,0.0,69
201500004159,15,6,4,2115,1,1,1,1,7,69055,M,4588790.0,473197.0,69
201500004160,15,6,22,1915,1,1,1,1,1,69116,M,4585900.0,477500.0,69
201500004161,15,7,2,1600,1,1,1,1,3,69055,M,0.0,0.0,69
201500004162,15,7,12,1130,1,1,1,1,6,69059,M,4585480.0,471590.0,69
201500004163,15,7,23,800,1,1,6,1,3,69055,M,4591600.0,473400.0,69
201500004164,15,8,26,1400,1,1,1,1,6,69116,M,0.0,0.0,69
201500004165,15,9,9,1330,1,2,1,1,5,69116,M,4579900.0,479100.0,69
201500004166,15,9,3,1745,1,2,1,1,7,69116,M,0.0,0.0,69
201500004167,15,9,19,1530,1,2,1,1,3,69116,M,0.0,0.0,69
201500004168,15,10,18,1715,1,1,1,1,6,69059,M,0.0,0.0,69
201500004169,15,4,5,1145,1,2,1,1,1,69278,M,0.0,0.0,69
201500004170,15,5,7,1330,1,1,1,1,6,69003,M,0.0,0.0,69
201500004171,15,5,27,1530,1,2,1,1,3,69163,M,4592210.0,475321.0,69
201500004172,15,6,11,2045,1,2,1,1,6,69143,M,0.0,0.0,69
201500004173,15,6,23,2030,1,1,6,1,7,69071,M,4587890.0,482817.0,69
201500004174,15,7,21,1500,1,2,6,1,3,69278,M,0.0,0.0,69
201500004175,15,8,3,1345,1,2,1,1,6,69143,M,0.0,0.0,69
201500004176,15,9,11,2015,5,2,1,1,6,69143,M,4588200.0,483900.0,69
201500004177,15,10,3,1315,1,2,1,3,1,69163,M,0.0,0.0,69
201500004178,15,10,9,215,5,2,1,1,3,69143,M,4589900.0,483500.0,69
201500004179,15,10,8,630,5,2,1,1,1,69003,M,0.0,0.0,69
201500004180,15,10,5,1315,1,1,6,2,3,69163,M,4591740.0,477168.0,69
201500004181,15,12,3,2315,5,2,1,1,6,69068,M,0.0,0.0,69
201500004182,15,12,12,930,1,2,3,1,6,69068,M,0.0,0.0,69
201500004183,15,2,16,1600,1,2,1,1,3,69288,M,0.0,0.0,69
201500004184,15,3,25,1045,1,1,1,1,1,69288,M,4568500.0,506800.0,69
201500004185,15,4,21,815,1,1,1,1,7,69289,M,0.0,0.0,69
201500004186,15,4,21,1415,1,2,1,1,1,69289,M,0.0,0.0,69
201500004187,15,5,8,45,3,1,1,1,1,69289,M,0.0,0.0,69
201500004188,15,5,7,1615,1,2,1,1,3,69298,M,0.0,0.0,69
201500004189,15,6,6,345,4,2,1,1,6,69288,M,4568600.0,505400.0,69
201500004190,15,6,5,1745,1,2,1,1,1,69288,M,4568800.0,504900.0,69
201500004191,15,7,10,700,1,2,6,1,1,69288,M,4568620.0,505250.0,69
201500004192,15,9,4,2300,5,1,6,1,2,69287,M,4570000.0,502200.0,69
201500004193,15,10,10,1445,1,2,1,1,6,69289,M,0.0,0.0,69
201500004194,15,10,22,1815,1,2,1,1,1,69287,M,4569860.0,501253.0,69
201500004195,15,10,27,1930,3,2,1,3,3,69298,M,0.0,0.0,69
201500004196,15,11,23,1845,3,1,1,1,1,69298,M,4564960.0,498467.0,69
201500004197,15,12,2,1900,5,2,1,1,3,69287,M,4569200.0,503290.0,69
201500004198,15,1,1,400,5,1,1,1,6,69270,M,4579910.0,484662.0,69
201500004199,15,2,17,1845,2,2,1,8,6,69273,M,0.0,0.0,69
201500004200,15,4,8,1115,1,1,1,1,3,69270,M,4562940.0,492982.0,69
201500004201,15,4,10,1515,1,2,1,1,3,69273,M,0.0,0.0,69
201500004202,15,8,9,130,3,2,1,2,7,69270,M,4564160.0,494305.0,69
201500004203,15,8,19,700,1,2,1,1,6,69273,M,4567100.0,490300.0,69
201500004204,15,9,5,945,1,2,6,1,6,69273,M,0.0,0.0,69
201500004205,15,10,22,1100,1,2,1,1,7,69270,M,4563120.0,492956.0,69
201500004206,15,10,27,2000,3,1,1,2,1,69270,M,4564400.0,496200.0,69
201500004207,15,11,23,830,1,1,1,1,5,69273,M,4564400.0,490051.0,69
201500004208,15,12,11,1815,5,2,1,1,1,69270,M,0.0,0.0,69
201500004209,15,1,1,1145,1,1,1,1,1,69171,M,,,69
201500004210,15,1,19,1045,1,1,1,1,5,69032,M,4584610.0,458995.0,69
201500004211,15,2,14,1800,1,1,1,1,6,69175,M,0.0,0.0,69
201500004212,15,2,20,1845,5,2,1,1,3,69010,M,0.0,0.0,69
201500004213,15,3,5,2215,3,1,1,1,1,69032,M,4584940.0,458136.0,69
201500004214,15,4,9,1030,1,2,1,1,1,69021,M,4578020.0,457432.0,69
201500004215,15,4,30,1700,1,1,1,1,1,69112,M,0.0,0.0,69
201500004216,15,5,4,1800,1,1,1,1,5,69032,M,0.0,0.0,69
201500004217,15,5,7,1130,1,2,1,1,1,69021,M,4578400.0,454700.0,69
201500004218,15,5,15,1700,1,1,1,2,1,69032,M,0.0,0.0,69
201500004219,15,6,22,1830,1,2,1,1,6,69112,M,0.0,0.0,69
201500004220,15,6,29,1830,1,1,1,1,1,69177,M,0.0,0.0,69
201500004221,15,7,5,600,1,1,1,1,6,69175,M,0.0,0.0,69
201500004222,15,7,5,1745,1,1,9,1,7,69021,M,0.0,0.0,69
201500004223,15,9,12,1315,1,1,1,3,6,69208,M,0.0,0.0,69
201500004224,15,9,18,2200,3,1,2,1,3,69112,M,4579760.0,468633.0,69
201500004225,15,9,25,1930,1,1,1,1,3,69208,M,0.0,0.0,69
201500004226,15,10,22,900,1,2,1,2,3,69021,M,0.0,0.0,69
201500004227,15,12,1,945,1,1,9,1,6,69086,M,0.0,0.0,69
201500004228,15,12,11,1500,1,2,1,1,6,69010,M,0.0,0.0,69
201500004229,15,12,18,1915,2,1,1,5,1,69032,M,0.0,0.0,69
201500004230,15,12,23,430,3,1,1,1,6,69021,M,0.0,0.0,69
201500004231,15,2,25,1315,1,1,1,1,1,69031,M,0.0,0.0,69
201500004232,15,3,28,1645,1,1,1,2,1,69203,M,0.0,0.0,69
201500004233,15,6,8,800,1,1,1,1,1,69220,M,0.0,0.0,69
201500004234,15,7,24,1945,1,1,1,1,1,69031,M,0.0,0.0,69
201500004235,15,1,3,2145,5,2,1,1,6,69062,M,4563110.0,445411.0,69
201500004236,15,1,12,1130,1,1,7,1,6,69014,M,4568130.0,447781.0,69
201500004237,15,1,16,1645,1,1,1,3,1,69238,M,4562450.0,444873.0,69
201500004238,15,1,30,1045,1,2,9,1,6,69238,M,4563070.0,445429.0,69
201500004239,15,2,15,1845,3,1,1,4,6,69078,M,0.0,0.0,69
201500004240,15,2,23,615,5,2,1,1,6,69238,M,0.0,0.0,69
201500004241,15,4,10,1415,1,2,9,1,6,69238,M,0.0,0.0,69
201500004242,15,6,4,645,1,1,1,1,1,69132,M,4566680.0,439344.0,69
201500004243,15,10,2,15,3,1,1,1,6,69110,M,0.0,0.0,69
201500004244,15,3,2,1715,1,1,2,1,1,69028,M,4571430.0,471424.0,69
201500004245,15,3,24,1730,1,1,1,1,6,69094,M,0.0,0.0,69
201500004246,15,4,6,1915,1,2,6,1,6,69028,M,4572700.0,469800.0,69
201500004247,15,4,25,1945,1,2,1,1,1,69255,M,0.0,0.0,69
201500004248,15,5,16,2000,1,2,2,1,5,69094,M,4574190.0,469454.0,69
201500004249,15,5,18,800,1,2,1,1,7,69094,M,4574520.0,469024.0,69
201500004250,15,5,23,1815,1,2,1,1,1,69255,M,0.0,0.0,69
201500004251,15,5,30,1430,1,2,1,1,3,69255,M,4573520.0,468040.0,69
201500004252,15,6,7,600,2,1,6,1,6,69094,M,0.0,0.0,69
201500004253,15,5,27,1700,1,2,1,1,6,69131,M,,,69
201500004254,15,8,7,1130,1,1,1,1,6,69190,M,0.0,0.0,69
201500004255,15,8,9,1445,1,1,1,1,3,69255,M,4574000.0,469500.0,69
201500004256,15,10,15,645,3,2,1,2,1,69249,M,0.0,0.0,69
201500004257,15,11,17,1900,3,1,1,1,6,69190,M,0.0,0.0,69
201500004258,15,3,10,730,1,1,1,1,1,69297,M,0.0,0.0,69
201500004259,15,8,23,1145,1,1,6,2,7,69272,M,0.0,0.0,69
201500004260,15,9,27,1530,1,2,1,1,6,69272,M,0.0,0.0,69
201500004261,15,11,28,1645,2,2,1,1,6,69291,M,0.0,0.0,69
201500004262,15,12,16,1630,1,1,1,1,1,69297,M,0.0,0.0,69
201500004263,15,1,5,1415,1,1,1,1,1,69228,M,4577080.0,478816.0,69
201500004264,15,1,14,1200,1,1,1,1,1,69241,M,4577080.0,478816.0,69
201500004265,15,1,28,1945,3,1,1,2,1,69136,M,4564370.0,474641.0,69
201500004266,15,1,30,2245,3,1,1,1,6,69136,M,4563700.0,475100.0,69
201500004267,15,3,16,1930,3,1,1,1,6,69141,M,0.0,0.0,69
201500004268,15,5,25,1745,1,1,1,1,7,69228,M,4554340.0,465223.0,69
201500004269,15,8,20,1845,1,1,1,1,1,69170,M,4565550.0,459813.0,69
201500004270,15,9,1,1445,1,1,1,2,3,69136,M,4565300.0,474700.0,69
201500004271,15,8,26,530,5,2,1,1,7,69176,M,0.0,0.0,69
201500004272,15,10,26,1330,1,1,1,1,3,69148,M,0.0,0.0,69
201500004273,15,12,10,1400,1,2,1,1,3,69176,M,0.0,0.0,69
201500004274,15,5,11,1530,1,1,1,1,6,69074,M,0.0,0.0,69
201500004275,15,8,22,1930,2,1,9,1,3,69192,M,0.0,0.0,69
201500004276,15,10,15,1630,1,1,2,1,3,69215,M,0.0,0.0,69
201500004277,15,11,8,1615,1,1,2,1,3,69074,M,0.0,0.0,69
201500004278,15,1,2,1015,1,1,1,1,6,69140,M,4590100.0,470069.0,69
201500004279,15,1,19,15,5,2,1,1,6,69009,M,4594040.0,471734.0,69
201500004280,15,3,2,900,1,1,1,2,7,69140,M,0.0,0.0,69
201500004281,15,5,15,1300,1,2,2,1,3,69121,M,0.0,0.0,69
201500004282,15,5,29,1030,1,1,1,1,1,69004,M,4592060.0,465551.0,69
201500004283,15,6,19,1845,1,1,1,1,2,69121,M,0.0,0.0,69
201500004284,15,11,28,515,3,1,1,2,6,69052,M,0.0,0.0,69
201500004285,15,11,28,1545,1,2,1,1,6,69009,M,0.0,0.0,69
201500004286,15,12,5,330,3,1,1,2,6,69047,M,0.0,0.0,69
201500004287,15,1,25,1930,3,1,1,1,1,69206,M,4604900.0,472173.0,69
201500004288,15,2,2,2300,3,1,1,1,1,69206,M,0.0,0.0,69
201500004289,15,3,6,1800,1,1,1,1,1,69211,M,0.0,0.0,69
201500004290,15,3,8,1100,1,1,1,1,3,69019,M,0.0,0.0,69
201500004291,15,5,22,830,1,1,1,1,1,69197,M,0.0,0.0,69
201500004292,15,5,22,1130,1,1,6,1,2,69211,M,4612220.0,472809.0,69
201500004293,15,5,30,615,1,1,1,1,6,69211,M,0.0,0.0,69
201500004294,15,6,9,1630,1,1,2,1,3,69045,M,4608500.0,470200.0,69
201500004295,15,7,8,1230,1,1,1,1,1,69019,M,0.0,0.0,69
201500004296,15,7,8,1000,1,1,6,1,3,69019,M,0.0,0.0,69
201500004297,15,7,17,1645,1,1,3,1,3,69019,M,4609590.0,473744.0,69
201500004298,15,8,6,1045,1,1,1,1,3,69019,M,0.0,0.0,69
201500004299,15,8,13,2000,1,2,6,1,2,69211,M,4612400.0,473800.0,69
201500004300,15,9,3,2045,3,1,1,1,6,69206,M,0.0,0.0,69
201500004301,15,10,25,1530,1,1,1,7,6,69197,M,0.0,0.0,69
201500004302,15,11,5,1645,1,1,2,1,3,69019,M,4610600.0,472000.0,69
201500004303,15,1,31,1745,2,1,1,8,1,69050,M,4588180.0,463353.0,69
201500004304,15,2,2,745,2,1,1,8,1,69050,M,4585380.0,465061.0,69
201500004305,15,4,9,1945,1,1,1,1,1,69090,M,0.0,0.0,69
201500004306,15,5,20,1145,1,1,1,8,3,69024,M,4591960.0,456808.0,69
201500004307,15,7,13,900,1,2,1,1,1,69050,M,4586660.0,464122.0,69
201500004308,15,8,16,15,3,1,9,1,1,69017,M,0.0,0.0,69
201500004309,15,8,30,745,1,1,1,1,7,69017,M,4591620.0,461789.0,69
201500004310,15,9,10,1900,1,1,1,1,3,69050,M,4587830.0,464086.0,69
201500004311,15,11,25,1645,2,1,1,2,1,69039,M,0.0,0.0,69
201500004312,15,11,29,2045,3,1,1,8,3,69113,M,0.0,0.0,69
201500004313,15,12,10,745,2,1,1,8,3,69222,M,0.0,0.0,69
201500004314,15,12,15,1600,1,1,1,1,1,69050,M,4585750.0,465426.0,69
201500004315,15,1,30,445,5,2,1,2,1,69243,M,4589800.0,443600.0,69
201500004316,15,5,25,1300,1,1,1,1,1,69254,M,0.0,0.0,69
201500004317,15,8,16,845,1,1,1,1,6,69174,M,0.0,0.0,69
201500004318,15,4,9,1600,1,1,1,1,1,69107,M,0.0,0.0,69
201500004319,15,4,21,1930,1,1,1,1,1,69093,M,4604430.0,446379.0,69
201500004320,15,6,12,2000,2,1,1,3,1,69229,M,0.0,0.0,69
201500004321,15,9,30,1515,1,2,1,1,1,69107,M,4606300.0,449000.0,69
201500004322,15,11,5,700,2,1,1,1,6,69093,M,4605000.0,444000.0,69
201500004323,15,2,19,815,1,1,1,1,3,69214,M,4599600.0,433100.0,69
201500004324,15,4,22,845,1,1,1,1,3,69217,M,0.0,0.0,69
201500004325,15,7,3,245,3,1,1,1,6,69240,M,4606200.0,439700.0,69
201500004326,15,8,12,1615,1,2,6,1,1,69006,M,0.0,0.0,69
201500004327,15,9,12,700,2,1,1,1,7,69169,M,0.0,0.0,69
201500004328,15,1,16,2245,5,2,1,1,6,01065,M,4619683.0,516081.0,01
201500004329,15,5,29,1245,1,1,1,1,6,01405,M,4612424.0,515860.0,01
201500004330,15,8,13,2200,5,2,3,1,6,01301,M,0.0,0.0,01
201500004331,15,9,18,2100,5,2,2,1,7,01065,M,0.0,0.0,01
201500004332,15,10,13,1645,1,1,1,1,5,01301,M,0.0,0.0,01
201500004333,15,11,15,1530,1,2,1,1,7,01336,M,4615189.0,515416.0,01
201500004334,15,12,5,930,1,2,1,5,6,01405,M,0.0,0.0,01
201500004335,15,1,12,1645,1,1,1,1,6,01184,M,4615423.0,543081.0,01
201500004336,15,1,23,1030,1,2,1,1,6,01195,M,4621187.0,532298.0,01
201500004337,15,3,27,1445,1,1,1,1,3,01184,M,0.0,0.0,01
201500004338,15,4,9,1845,1,1,1,1,6,01321,M,4616262.0,534625.0,01
201500004339,15,6,4,415,3,1,1,1,6,01095,M,0.0,0.0,01
201500004340,15,6,28,1930,2,2,1,1,6,01095,M,0.0,0.0,01
201500004341,15,3,17,930,1,1,3,1,3,01402,M,0.0,0.0,01
201500004342,15,5,14,1900,1,2,1,1,3,01305,M,4643418.0,493906.0,01
201500004343,15,6,19,1830,1,1,1,1,2,01232,M,0.0,0.0,01
201500004344,15,7,21,730,1,2,1,7,6,01266,M,0.0,0.0,01
201500004345,15,7,27,1930,1,1,1,8,5,01232,M,0.0,0.0,01
201500004346,15,7,29,1415,1,1,1,8,1,01232,M,0.0,0.0,01
201500004347,15,9,5,2115,3,1,1,1,3,01364,M,0.0,0.0,01
201500004348,15,9,12,2030,3,1,1,2,1,01236,M,0.0,0.0,01
201500004349,15,9,12,1945,3,1,1,2,6,01108,M,0.0,0.0,01
201500004350,15,9,11,1100,1,2,2,1,6,01305,M,0.0,0.0,01
201500004351,15,9,19,1245,1,1,1,1,6,01232,M,0.0,0.0,01
201500004352,15,9,30,1400,1,1,1,1,2,01337,M,0.0,0.0,01
201500004353,15,11,3,1330,1,1,1,1,3,01230,M,0.0,0.0,01