Num_Acc,an,mois,jour,hrmn,lum,agg,int,atm,col,com,gps,lat,long,dep
201500004354,15,12,24,145,5,1,1,1,6,01229,M,4633600.0,514200.0,01
201500004355,15,2,23,1800,3,1,1,2,5,01374,M,4607940.0,532045.0,01
201500004356,15,3,15,700,1,1,1,1,6,01374,M,0.0,0.0,01
201500004357,15,4,24,1715,1,1,1,1,3,01304,M,4604166.0,533672.0,01
201500004358,15,5,24,1400,1,1,1,1,6,01304,M,0.0,0.0,01
201500004359,15,5,30,1845,1,1,1,1,7,01363,M,0.0,0.0,01
201500004360,15,6,13,1600,1,1,1,7,7,01331,M,4609420.0,545982.0,01
201500004361,15,6,30,1800,1,2,1,1,3,01273,M,0.0,0.0,01
201500004362,15,7,20,1630,2,1,1,1,7,01314,M,0.0,0.0,01
201500004363,15,7,30,1345,1,2,9,1,3,01304,M,0.0,0.0,01
201500004364,15,8,7,515,3,1,1,1,7,01363,M,0.0,0.0,01
201500004365,15,8,21,930,1,1,6,1,3,01304,M,0.0,0.0,01
201500004366,15,8,23,1815,1,1,1,2,6,01273,M,0.0,0.0,01
201500004367,15,8,30,1045,1,1,1,7,7,01068,M,0.0,0.0,01
201500004368,15,9,6,2030,3,2,1,1,7,01273,M,0.0,0.0,01
201500004369,15,11,10,1630,1,1,1,1,5,01304,M,0.0,0.0,01
201500004370,15,12,16,915,1,2,1,8,3,01303,M,0.0,0.0,01
201500004371,15,1,14,1515,1,1,1,1,1,01320,M,4628873.0,488069.0,01
201500004372,15,5,5,1745,1,1,2,2,4,01343,M,4627979.0,494830.0,01
201500004373,15,6,5,330,3,1,2,1,3,01144,M,0.0,0.0,01
201500004374,15,9,25,730,2,2,1,1,2,01134,M,0.0,0.0,01
201500004375,15,10,11,545,4,2,1,1,6,01159,M,0.0,0.0,01
201500004376,15,10,16,1730,1,1,1,1,6,01343,M,4627186.0,496739.0,01
201500004377,15,11,1,45,3,1,1,5,6,01134,M,0.0,0.0,01
201500004378,15,11,22,845,1,1,2,1,3,01203,M,0.0,0.0,01
201500004379,15,3,30,1215,1,1,1,2,6,01034,M,0.0,0.0,01
201500004380,15,4,10,1100,1,1,1,1,3,01216,M,0.0,0.0,01
201500004381,15,4,24,1815,1,1,1,1,6,01338,M,0.0,0.0,01
201500004382,15,5,8,1515,1,2,2,2,5,01058,M,0.0,0.0,01
201500004383,15,6,21,1545,1,1,1,1,3,01190,M,0.0,0.0,01
201500004384,15,7,11,730,1,1,1,1,3,01338,M,0.0,0.0,01
201500004385,15,7,25,1145,1,2,6,1,6,01034,M,0.0,0.0,01
201500004386,15,8,12,15,5,2,1,1,3,01034,M,0.0,0.0,01
201500004387,15,8,30,1815,1,2,1,7,2,01034,M,0.0,0.0,01
201500004388,15,9,3,1830,1,2,2,1,2,01034,M,0.0,0.0,01
201500004389,15,9,14,1145,1,1,1,2,3,01358,M,0.0,0.0,01
201500004390,15,9,29,1415,1,2,1,1,1,01403,M,0.0,0.0,01
201500004391,15,11,1,1730,1,1,1,1,1,01034,M,0.0,0.0,01
201500004392,15,12,8,1900,5,2,1,1,6,01034,M,0.0,0.0,01
201500004393,15,12,26,1745,5,2,1,1,1,01403,M,0.0,0.0,01
201500004394,15,2,11,1830,5,2,1,1,6,01004,M,0.0,0.0,01
201500004395,15,3,9,745,1,2,3,1,1,01004,M,0.0,0.0,01
201500004396,15,3,12,1730,1,2,1,1,7,01384,M,0.0,0.0,01
201500004397,15,3,19,1900,3,1,1,1,1,01089,M,0.0,0.0,01
201500004398,15,6,5,1600,1,1,1,1,6,01004,M,0.0,0.0,01
201500004399,15,6,16,2200,3,1,1,1,5,01345,M,0.0,0.0,01
201500004400,15,11,1,615,2,1,1,1,4,01004,M,0.0,0.0,01
201500004401,15,11,7,1600,1,1,1,1,1,01416,M,0.0,0.0,01
201500004402,15,12,7,845,1,1,1,1,5,01004,M,0.0,0.0,01
201500004403,15,1,1,215,5,2,1,1,6,01022,M,0.0,0.0,01
201500004404,15,1,30,815,1,1,1,8,7,01316,M,0.0,0.0,01
201500004405,15,3,10,1730,1,1,1,1,7,01118,M,0.0,0.0,01
201500004406,15,3,20,2030,5,2,1,1,6,01138,M,0.0,0.0,01
201500004407,15,4,28,1530,1,1,1,1,1,01316,M,0.0,0.0,01
201500004408,15,6,18,1345,1,1,1,1,1,01118,M,0.0,0.0,01
201500004409,15,7,18,1745,1,1,1,1,3,01010,M,0.0,0.0,01
201500004410,15,8,14,1700,1,1,1,1,1,01407,M,0.0,0.0,01
201500004411,15,8,26,900,1,1,1,1,6,01330,M,0.0,0.0,01
201500004412,15,10,9,1700,1,1,1,8,6,01073,M,0.0,0.0,01
201500004413,15,11,4,630,2,1,1,1,1,01138,M,0.0,0.0,01
201500004414,15,9,22,1615,1,1,1,2,7,01066,M,0.0,0.0,01
201500004415,15,11,27,1700,2,2,1,1,6,01039,M,0.0,0.0,01
201500004416,15,5,4,1345,1,2,2,1,1,01119,M,0.0,0.0,01
201500004417,15,6,13,1430,1,1,1,1,7,01441,M,0.0,0.0,01
201500004418,15,8,16,400,3,1,1,1,6,01441,M,0.0,0.0,01
201500004419,15,8,21,915,1,1,1,1,6,01191,M,0.0,0.0,01
201500004420,15,1,13,1815,3,1,1,6,5,01386,M,0.0,0.0,01
201500004421,15,3,29,2245,5,2,1,2,6,01444,M,0.0,0.0,01
201500004422,15,4,27,115,3,1,1,3,6,01431,M,0.0,0.0,01
201500004423,15,5,18,715,1,1,1,7,1,01390,M,0.0,0.0,01
201500004424,15,7,18,2215,3,1,1,1,6,01386,M,0.0,0.0,01
201500004425,15,7,18,315,3,1,1,1,6,01213,M,0.0,0.0,01
201500004426,15,9,2,745,1,2,1,5,2,01008,M,0.0,0.0,01
201500004427,15,8,28,1330,1,1,1,1,3,01390,M,0.0,0.0,01
201500004428,15,9,15,2030,3,1,2,1,3,01390,M,0.0,0.0,01
201500004429,15,10,6,1700,1,1,1,1,5,01099,M,0.0,0.0,01
201500004430,15,10,9,715,2,1,1,1,6,01224,M,0.0,0.0,01
201500004431,15,10,30,1545,1,1,1,1,1,01390,M,0.0,0.0,01
201500004432,15,11,2,1815,3,1,1,1,5,01099,M,0.0,0.0,01
201500004433,15,11,23,1145,1,2,1,1,3,01202,M,0.0,0.0,01
201500004434,15,11,26,945,1,1,2,1,3,01099,M,4589200.0,529600.0,01
201500004435,15,12,9,1730,3,1,1,1,1,01202,M,0.0,0.0,01
201500004436,15,12,28,215,5,2,1,1,6,01202,M,0.0,0.0,01
201500004437,15,3,10,2015,5,2,1,1,3,01148,M,0.0,0.0,01
201500004438,15,3,16,1300,1,2,1,1,6,01265,M,4617422.0,557840.0,01
201500004439,15,3,28,1745,1,2,1,2,6,01392,M,0.0,0.0,01
201500004440,15,6,14,1415,1,2,1,2,3,01269,M,0.0,0.0,01
201500004441,15,6,26,2000,1,1,1,1,3,01269,M,0.0,0.0,01
201500004442,15,9,7,1800,1,1,1,1,1,01152,M,0.0,0.0,01
201500004443,15,9,15,1345,1,1,1,1,1,01152,M,0.0,0.0,01
201500004444,15,12,18,1430,1,1,1,1,1,01392,M,0.0,0.0,01
201500004445,15,2,12,1630,1,2,2,1,6,01033,M,4610864.0,582706.0,01
201500004446,15,9,21,1745,1,2,1,1,3,01357,M,0.0,0.0,01
201500004447,15,11,16,1700,2,1,1,1,7,01091,M,0.0,0.0,01
201500004448,15,5,29,1045,1,1,9,1,2,01153,M,0.0,0.0,01
201500004449,15,8,16,1930,1,1,1,8,5,01103,M,0.0,0.0,01
201500004450,15,9,11,1045,1,2,7,1,6,01143,M,4635449.0,613901.0,01
201500004451,15,10,1,1000,1,1,1,1,2,01143,M,0.0,0.0,01
201500004452,15,11,27,1400,1,2,1,1,3,01143,M,4634931.0,613062.0,01
201500004453,15,12,5,1745,3,2,1,5,1,01071,M,0.0,0.0,01
201500004454,15,8,12,1445,1,1,1,1,7,01247,M,0.0,0.0,01
201500004455,15,8,30,1030,1,1,1,1,7,01247,M,0.0,0.0,01
201500004456,15,1,15,345,3,1,1,1,6,01313,M,4627623.0,607032.0,01
201500004457,15,4,11,1045,1,2,1,1,6,01313,M,0.0,0.0,01
201500004458,15,4,18,1810,1,1,1,1,6,01313,M,4625390.0,605537.0,01
201500004459,15,4,28,1715,1,2,1,1,6,01160,M,0.0,0.0,01
201500004460,15,5,20,1730,1,1,3,1,4,01281,M,4627949.0,609148.0,01
201500004461,15,8,3,1215,1,1,1,1,3,01435,M,0.0,0.0,01
201500004462,15,9,9,1215,1,2,1,1,6,01313,M,4625651.0,607701.0,01
201500004463,15,9,29,1430,1,2,1,1,3,01313,M,0.0,0.0,01
201500004464,15,10,6,1645,1,2,9,2,3,01160,M,0.0,0.0,01
201500004465,15,10,27,830,1,2,1,1,3,01160,M,0.0,0.0,01
201500004466,15,10,30,1830,5,2,1,1,6,01281,M,0.0,0.0,01
201500004467,15,1,3,730,2,1,1,5,6,01347,M,4594838.0,479745.0,01
201500004468,15,5,4,1715,1,1,1,1,6,01427,M,0.0,0.0,01
201500004469,15,5,12,800,1,2,1,1,6,01427,M,4595177.0,475545.0,01
201500004470,15,6,4,845,1,2,1,7,6,01194,M,0.0,0.0,01
201500004471,15,10,1,1000,1,2,9,1,6,01427,M,0.0,0.0,01
201500004472,15,10,5,1515,1,1,1,1,1,01285,M,0.0,0.0,01
201500004473,15,11,5,1615,1,2,1,1,1,01427,M,0.0,0.0,01
201500004474,15,11,21,1600,1,1,1,1,3,01250,M,0.0,0.0,01
201500004475,15,11,24,1200,1,2,1,1,3,01250,M,0.0,0.0,01
201500004476,15,3,15,845,1,1,1,1,6,01359,M,0.0,0.0,01
201500004477,15,4,4,1030,1,1,1,2,6,01092,M,0.0,0.0,01
201500004478,15,4,19,830,1,1,1,1,1,01074,M,0.0,0.0,01
201500004479,15,10,31,815,2,1,2,1,3,01359,M,0.0,0.0,01
201500004480,15,2,20,1445,1,2,2,1,1,01328,M,4612167.0,502469.0,01
201500004481,15,4,7,1515,1,1,1,1,1,01093,M,0.0,0.0,01
201500004482,15,4,14,1000,1,2,1,7,6,01093,M,0.0,0.0,01
201500004483,15,5,22,1500,1,1,1,7,1,01096,M,0.0,0.0,01
201500004484,15,5,23,1700,1,1,1,1,7,01328,M,4611889.0,500904.0,01
201500004485,15,6,11,215,3,1,1,1,6,01093,M,0.0,0.0,01
201500004486,15,6,19,1330,1,1,1,1,3,01093,M,0.0,0.0,01
201500004487,15,7,8,2000,1,2,4,1,3,01246,M,0.0,0.0,01
201500004488,15,8,10,1000,1,2,1,2,6,01457,M,4621956.0,499052.0,01
201500004489,15,10,10,1500,1,1,1,1,3,01146,M,0.0,0.0,01
201500004490,15,11,18,1530,1,1,1,1,7,01093,M,4613723.0,495623.0,01
201500004491,15,12,5,1015,1,1,1,5,1,01093,M,0.0,0.0,01
201500004492,15,1,3,700,5,1,1,5,7,01450,M,0.0,0.0,01
201500004493,15,2,14,715,2,1,1,1,7,01290,M,0.0,0.0,01
201500004494,15,2,27,1015,1,2,1,2,6,01244,M,0.0,0.0,01
201500004495,15,3,5,1830,1,1,1,1,5,01290,M,0.0,0.0,01
201500004496,15,3,25,1100,1,1,1,2,3,01325,M,0.0,0.0,01
201500004497,15,4,7,1945,1,1,1,1,2,01088,M,0.0,0.0,01
201500004498,15,6,11,1745,1,2,1,1,5,01244,M,0.0,0.0,01
201500004499,15,8,16,2030,2,1,1,1,2,01290,M,0.0,0.0,01
201500004500,15,10,1,1645,1,1,1,1,1,01088,M,0.0,0.0,01
201500004501,15,11,6,1645,1,1,1,1,1,01156,M,0.0,0.0,01
201500004502,15,11,15,2300,5,2,1,1,1,01290,M,0.0,0.0,01
201500004503,15,1,11,2115,5,2,1,1,2,01275,M,4581012.0,492496.0,01
201500004504,15,1,17,1815,5,2,3,1,3,01043,M,4583385.0,500650.0,01
201500004505,15,2,19,1740,1,2,1,1,3,01376,M,4582817.0,497362.0,01
201500004506,15,6,3,900,1,2,1,1,1,01249,M,0.0,0.0,01
201500004507,15,6,5,500,2,2,1,1,6,01275,M,0.0,0.0,01
201500004508,15,8,7,2115,2,1,1,2,1,01249,M,0.0,0.0,01
201500004509,15,8,20,1915,1,2,1,1,7,01249,M,0.0,0.0,01
201500004510,15,9,29,1745,1,2,1,1,6,01249,M,0.0,0.0,01
201500004511,15,10,17,1630,1,1,1,1,6,01249,M,0.0,0.0,01
201500004512,15,10,31,1700,1,2,3,1,3,01249,M,0.0,0.0,01
201500004513,15,4,14,1930,1,1,2,1,3,01262,M,0.0,0.0,01
201500004514,15,4,24,2015,5,2,1,1,5,01049,M,0.0,0.0,01
201500004515,15,4,17,1330,1,1,1,1,6,01333,M,0.0,0.0,01
201500004516,15,6,29,815,1,1,1,1,3,01105,M,0.0,0.0,01
201500004517,15,7,1,1945,1,1,1,1,1,01333,M,0.0,0.0,01
201500004518,15,7,27,415,5,1,1,1,6,01333,M,0.0,0.0,01
201500004519,15,7,28,1745,1,2,1,1,2,01333,M,0.0,0.0,01
201500004520,15,8,1,2315,3,1,1,1,6,01198,M,0.0,0.0,01
201500004521,15,8,30,145,3,1,1,1,6,01261,M,0.0,0.0,01
201500004522,15,9,17,1215,1,1,1,3,6,01005,M,0.0,0.0,01
201500004523,15,2,11,715,1,1,1,5,1,01258,M,4608361.0,479793.0,01
201500004524,15,2,23,2130,3,1,1,8,6,01389,M,4609054.0,491938.0,01
201500004525,15,5,16,1300,1,1,2,1,3,01258,M,0.0,0.0,01
201500004526,15,5,24,1515,1,1,1,1,3,01252,M,0.0,0.0,01
201500004527,15,5,30,1915,1,1,1,1,5,01165,M,0.0,0.0,01
201500004528,15,8,14,1100,1,1,1,1,7,01258,M,0.0,0.0,01
201500004529,15,8,28,1400,1,1,1,1,3,01389,M,0.0,0.0,01
201500004530,15,9,5,2015,5,2,1,1,6,01351,M,0.0,0.0,01
201500004531,15,10,27,1830,5,2,1,3,3,01263,M,0.0,0.0,01
201500004532,15,11,17,2245,3,1,1,9,6,01225,M,0.0,0.0,01
201500004533,15,11,27,1315,1,1,2,1,3,01167,M,0.0,0.0,01
201500004534,15,1,26,1715,2,1,1,1,1,07289,M,0.0,0.0,07
201500004535,15,2,2,830,1,1,1,1,3,07230,M,0.0,0.0,07
201500004536,15,3,4,830,2,1,1,1,6,07343,M,0.0,0.0,07
201500004537,15,3,13,915,1,1,6,1,1,07289,M,0.0,0.0,07
201500004538,15,5,14,1030,1,1,1,1,1,07139,M,4477500.0,433900.0,07
201500004539,15,11,21,130,3,1,1,1,6,07122,M,4454200.0,435400.0,07
201500004540,15,1,9,1600,1,1,1,1,2,07191,M,0.0,0.0,07
201500004541,15,1,18,1145,1,1,9,1,5,07264,M,0.0,0.0,07
201500004542,15,4,11,1715,1,2,1,1,3,07264,M,0.0,0.0,07
201500004543,15,7,30,1245,1,1,1,1,3,07264,M,0.0,0.0,07
201500004544,15,8,22,1300,1,1,1,1,2,07259,M,0.0,0.0,07
201500004545,15,8,20,1715,1,1,1,1,2,07264,M,0.0,0.0,07
201500004546,15,1,4,1700,1,1,1,1,7,07167,M,0.0,0.0,07
201500004547,15,4,9,1630,1,1,1,1,1,07278,M,0.0,0.0,07
201500004548,15,5,10,1245,1,2,9,1,7,07096,M,0.0,0.0,07
201500004549,15,8,28,215,3,2,1,1,7,07167,M,0.0,0.0,07
201500004550,15,9,12,1030,1,2,1,2,6,07295,M,0.0,0.0,07
201500004551,15,8,14,1900,1,1,1,7,6,07020,M,0.0,0.0,07
201500004552,15,9,9,1415,1,1,1,1,1,07319,M,0.0,0.0,07
201500004553,15,1,2,1000,1,1,1,1,6,07242,M,0.0,0.0,07
201500004554,15,4,11,2245,3,1,1,1,1,07241,M,0.0,0.0,07
201500004555,15,12,27,1345,1,1,1,8,1,07287,M,0.0,0.0,07
201500004556,15,2,7,1900,3,1,1,1,6,07237,M,0.0,0.0,07
201500004557,15,5,27,1730,1,1,3,1,3,07194,M,0.0,0.0,07
201500004558,15,6,18,1630,1,1,1,1,1,07349,M,4480500.0,478600.0,07
201500004559,15,6,20,700,1,1,1,1,1,07260,M,0.0,0.0,07
201500004560,15,6,24,1030,1,1,1,1,5,07022,M,0.0,0.0,07
201500004561,15,8,19,1800,1,1,3,1,3,07240,M,0.0,0.0,07
201500004562,15,8,21,1415,1,1,1,1,6,07022,M,4469300.0,477200.0,07
201500004563,15,9,5,1815,1,1,1,1,6,07255,M,0.0,0.0,07
201500004564,15,9,17,1730,1,2,6,1,6,07181,M,0.0,0.0,07
201500004565,15,10,4,345,5,2,1,2,6,07027,M,0.0,0.0,07
201500004566,15,10,9,1715,2,2,1,1,6,07181,M,4476000.0,474700.0,07
201500004567,15,11,7,915,1,2,1,7,6,07349,M,0.0,0.0,07
201500004568,15,11,25,1915,3,1,1,2,3,07198,M,0.0,0.0,07
201500004569,15,12,19,1745,3,1,1,1,1,07181,M,0.0,0.0,07
201500004570,15,4,24,200,3,1,1,1,7,07171,M,0.0,0.0,07
201500004571,15,8,9,430,3,2,1,1,1,07117,M,0.0,0.0,07
201500004572,15,7,6,1130,1,1,9,1,3,07142,M,0.0,0.0,07
201500004573,15,11,10,1345,1,1,1,1,6,07322,M,0.0,0.0,07
201500004574,15,11,10,945,1,2,1,7,6,07127,M,0.0,0.0,07
201500004575,15,11,17,1000,1,2,1,1,6,07161,M,0.0,0.0,07
201500004576,15,11,25,1545,1,1,1,2,6,07322,M,0.0,0.0,07
201500004577,15,5,24,400,3,1,1,1,6,07127,M,0.0,0.0,07
201500004578,15,1,19,530,3,1,1,8,6,07061,M,0.0,0.0,07
201500004579,15,6,16,1615,1,1,1,1,3,07201,M,0.0,0.0,07
201500004580,15,7,19,1115,1,2,1,1,1,07291,M,0.0,0.0,07
201500004581,15,8,5,945,1,1,1,1,7,07330,M,0.0,0.0,07
201500004582,15,8,11,130,3,1,1,1,6,07304,M,0.0,0.0,07
201500004583,15,5,23,1345,1,1,1,1,3,07031,M,0.0,0.0,07
201500004584,15,7,2,1415,1,1,1,1,3,07028,M,0.0,0.0,07
201500004585,15,7,9,1615,3,1,1,1,6,07031,M,0.0,0.0,07
201500004586,15,1,5,1330,1,2,1,1,2,07097,M,0.0,0.0,07
201500004587,15,1,17,1200,1,2,7,1,7,07324,M,0.0,0.0,07
201500004588,15,1,25,1915,3,1,1,1,6,07152,M,0.0,0.0,07
201500004589,15,3,8,1530,1,1,9,1,4,07040,M,0.0,0.0,07
201500004590,15,3,8,1715,1,1,1,1,7,07169,M,0.0,0.0,07
201500004591,15,10,2,1915,2,1,1,2,3,07217,M,0.0,0.0,07
201500004592,15,3,18,1500,1,1,1,1,6,07056,M,0.0,0.0,07
201500004593,15,6,27,930,1,2,1,1,4,07078,M,0.0,0.0,07
201500004594,15,8,22,2115,5,2,1,1,3,07010,M,0.0,0.0,07
201500004595,15,10,27,1315,1,1,1,1,6,07228,M,0.0,0.0,07
201500004596,15,12,16,1845,3,2,1,1,6,07078,M,0.0,0.0,07
201500004597,15,12,27,530,3,1,1,5,6,07313,M,0.0,0.0,07
201500004598,15,3,16,1700,1,1,1,1,2,07012,M,0.0,0.0,07
201500004599,15,7,3,2030,2,2,1,1,6,07001,M,0.0,0.0,07
201500004600,15,7,10,1730,1,1,1,1,3,07222,M,0.0,0.0,07
201500004601,15,9,27,1145,1,1,1,1,7,07215,M,0.0,0.0,07
201500004602,15,10,6,1045,1,1,1,2,6,07064,M,0.0,0.0,07
201500004603,15,11,15,1900,5,2,1,1,6,07001,M,0.0,0.0,07
201500004604,15,12,22,1145,1,1,1,1,1,07212,M,0.0,0.0,07
201500004605,15,11,10,1800,3,2,1,1,6,07338,M,0.0,0.0,07
201500004606,15,1,6,1615,2,1,1,1,1,07236,M,0.0,0.0,07
201500004607,15,1,23,715,3,1,1,2,6,07188,M,0.0,0.0,07
201500004608,15,2,24,1900,5,2,1,1,6,26108,M,0.0,0.0,26
201500004609,15,3,31,1415,1,2,1,1,3,26035,M,0.0,0.0,26
201500004610,15,4,9,1630,1,1,3,1,1,26020,M,0.0,0.0,26
201500004611,15,4,11,1130,1,2,7,1,6,26108,M,4472410.0,502380.0,26
201500004612,15,4,10,1715,1,2,1,1,3,26108,M,0.0,0.0,26
201500004613,15,5,8,2030,2,1,1,1,1,26125,M,0.0,0.0,26
201500004614,15,5,14,2345,3,1,3,2,3,26020,M,0.0,0.0,26
201500004615,15,8,2,1745,1,1,1,1,1,26108,M,0.0,0.0,26
201500004616,15,8,24,1600,1,1,1,2,3,26166,M,0.0,0.0,26
201500004617,15,8,1,1000,1,1,1,1,2,26113,M,0.0,0.0,26
201500004618,15,3,1,1345,1,1,1,2,6,26290,M,0.0,0.0,26
201500004619,15,9,6,1700,1,1,1,1,6,26364,M,0.0,0.0,26
201500004620,15,5,14,1215,1,1,1,1,7,26040,M,0.0,0.0,26
201500004621,15,3,19,2045,3,1,1,1,6,26220,M,0.0,0.0,26
201500004622,15,8,11,1715,1,1,1,1,6,26220,M,0.0,0.0,26
201500004623,15,11,3,1755,1,2,1,1,6,02691,M,4983726.0,330431.0,02
201500004624,15,11,24,1100,1,2,1,3,2,02691,M,4984701.0,327051.0,02
201500004625,15,12,11,1845,5,2,1,2,6,02691,M,4984543.0,330040.0,02
201500004626,15,1,29,355,5,2,1,1,3,02691,M,4984414.0,327778.0,02
201500004627,15,2,5,945,1,2,1,1,6,02691,M,4985302.0,328326.0,02
201500004628,15,3,22,1630,1,2,3,1,3,02691,M,4983893.0,326385.0,02
201500004629,15,3,30,1435,1,2,2,1,6,02691,M,4985188.0,328451.0,02
201500004630,15,4,2,945,1,2,1,2,6,02691,M,4983812.0,330270.0,02
201500004631,15,6,10,1435,1,2,5,1,2,02691,M,4984343.0,327899.0,02
201500004632,15,9,20,708,2,2,1,1,6,02691,M,4984787.0,326649.0,02
201500004633,15,11,6,556,3,1,3,2,6,02691,M,4984283.0,333725.0,02
201500004634,15,11,10,1705,1,2,1,1,6,02691,M,4983544.0,331942.0,02
201500004635,15,9,18,1715,1,2,1,2,6,02691,M,4985624.0,328893.0,02
201500004636,15,8,19,1945,1,1,1,1,3,26329,M,0.0,0.0,26
201500004637,15,11,12,1800,3,1,1,1,3,26063,M,0.0,0.0,26
201500004638,15,2,2,1445,1,1,1,1,6,26369,M,0.0,0.0,26
201500004639,15,4,6,1115,1,1,1,1,3,26162,M,0.0,0.0,26
201500004640,15,1,29,600,3,2,1,8,1,26311,M,0.0,0.0,26
201500004641,15,7,4,1430,1,1,1,1,6,26320,M,0.0,0.0,26
201500004642,15,11,21,1315,1,1,1,4,7,26311,M,0.0,0.0,26
201500004643,15,3,24,1630,1,2,1,1,7,26010,M,4527160.0,489470.0,26
201500004644,15,12,7,1045,1,1,1,5,5,38405,M,0.0,0.0,38
201500004645,15,12,18,1645,2,1,1,1,2,38381,M,0.0,0.0,38
201500004646,15,2,8,1200,1,1,1,1,6,02243,M,4940754.0,336271.0,02
201500004647,15,2,14,1355,1,2,3,2,3,02722,M,4937355.0,330707.0,02
201500004648,15,2,7,1050,1,2,2,1,3,02722,M,4938250.0,331016.0,02
201500004649,15,1,16,2130,5,2,1,2,5,02722,M,4937501.0,330854.0,02
201500004650,15,2,28,2221,5,2,2,1,3,02722,M,4938215.0,332783.0,02
201500004651,15,3,19,1215,1,2,2,8,3,02722,M,4938499.0,331113.0,02
201500004652,15,6,20,1130,1,1,1,1,5,02243,M,0.0,0.0,02
201500004653,15,6,20,2345,5,2,1,2,6,02064,M,4935723.0,332672.0,02
201500004654,15,7,22,944,1,2,3,1,5,02722,M,4938191.0,332100.0,02
201500004655,15,8,20,1630,1,2,9,1,1,02722,M,4937052.0,332504.0,02
201500004656,15,7,26,2250,1,2,1,1,6,02722,M,4936839.0,330482.0,02
201500004657,15,9,12,1600,1,1,1,3,3,02243,M,0.0,0.0,02
201500004658,15,9,24,1005,1,2,1,7,3,02722,M,4937554.0,333045.0,02
201500004659,15,9,23,1845,1,2,3,7,6,02722,M,4938065.0,332711.0,02
201500004660,15,10,10,1538,1,2,1,1,6,02722,M,4938207.0,332337.0,02
201500004661,15,12,8,1810,4,2,1,3,6,02722,M,4938435.0,332996.0,02
201500004662,15,12,11,1345,1,2,2,2,5,02722,M,4937711.0,331578.0,02
201500004663,15,1,27,1200,1,1,1,2,1,38422,M,4516500.0,584900.0,38
201500004664,15,3,10,1500,1,2,1,1,6,38547,M,4523500.0,589600.0,38
201500004665,15,5,12,1915,1,2,1,1,3,38175,M,4527300.0,592000.0,38
201500004666,15,7,23,930,1,2,1,1,3,38538,M,0.0,0.0,38
201500004667,15,12,5,1415,1,2,1,1,3,38175,M,0.0,0.0,38
201500004668,15,12,27,600,5,2,1,1,6,38271,M,4519700.0,582000.0,38
201500004669,15,9,16,1645,1,2,1,1,7,38158,M,0.0,0.0,38
201500004670,15,9,21,1500,1,2,6,1,3,38158,M,0.0,0.0,38
201500004671,15,4,4,1515,1,1,1,2,3,38317,M,4512339.0,569437.0,38
201500004672,15,7,1,1915,1,2,1,1,3,38317,M,4513661.0,569755.0,38
201500004673,15,7,2,1700,1,2,1,1,6,38317,M,4513318.0,569973.0,38
201500004674,15,7,19,415,5,2,1,1,6,38317,M,4513063.0,569972.0,38
201500004675,15,11,13,1800,5,1,8,1,6,38111,M,0.0,0.0,38
201500004676,15,1,10,1515,1,1,1,7,6,38006,M,4539265.0,610238.0,38
201500004677,15,1,21,1345,1,2,1,1,6,38314,M,4542341.0,600456.0,38
201500004678,15,1,24,1530,1,1,1,4,3,38439,M,4535344.0,603264.0,38
201500004679,15,6,8,1215,1,1,1,1,1,38027,M,0.0,0.0,38
201500004680,15,7,17,1845,1,1,1,1,7,38078,M,4543169.0,610328.0,38
201500004681,15,9,22,1745,1,1,4,1,5,38314,M,4541909.0,601259.0,38
201500004682,15,11,4,600,5,2,1,1,3,38314,M,4542686.0,600470.0,38
201500004683,15,12,20,1300,1,2,1,1,1,38006,M,0.0,0.0,38
201500004684,15,3,18,1230,1,2,1,1,6,38382,M,4522364.0,568262.0,38
201500004685,15,8,5,1745,1,2,1,1,6,38382,M,0.0,0.0,38
201500004686,15,6,20,845,1,1,1,1,3,38405,M,0.0,0.0,38
201500004687,15,10,17,330,3,1,1,8,6,38405,M,4536897.0,568667.0,38
201500004688,15,2,5,1515,1,1,1,4,1,38540,M,0.0,0.0,38
201500004689,15,4,11,915,1,1,1,7,7,38540,M,4526083.0,562537.0,38
201500004690,15,4,20,815,1,1,1,1,4,38540,M,4529200.0,561515.0,38
201500004691,15,6,6,1630,1,1,9,1,6,38474,M,0.0,0.0,38
201500004692,15,7,14,1100,1,1,1,1,3,38153,M,4519330.0,552569.0,38
201500004693,15,7,15,845,1,2,1,1,2,38474,M,4520711.0,566264.0,38
201500004694,15,7,30,630,1,2,1,1,3,38474,M,0.0,0.0,38
201500004695,15,8,28,1045,1,2,6,1,2,38474,M,4521325.0,566144.0,38
201500004696,15,9,14,930,1,1,1,1,6,38281,M,0.0,0.0,38
201500004697,15,9,10,1115,1,2,1,1,7,38474,M,4520111.0,566832.0,38
201500004698,15,10,1,800,1,1,1,1,3,38281,M,4524953.0,563176.0,38
201500004699,15,10,4,300,3,1,6,2,7,38281,M,4523091.0,564729.0,38
201500004700,15,11,1,1645,1,1,1,1,6,38153,M,0.0,0.0,38
201500004701,15,11,20,1700,5,2,2,2,6,38474,M,4520871.0,566246.0,38
201500004702,15,1,10,1200,1,1,1,1,3,38511,M,0.0,0.0,38
201500004703,15,6,5,430,3,1,1,1,6,38002,M,4527032.0,595194.0,38
201500004704,15,12,12,1445,1,1,9,1,2,38511,M,0.0,0.0,38
201500004705,15,4,18,1045,1,1,1,1,1,38436,M,0.0,0.0,38
201500004706,15,4,23,1700,1,1,1,1,6,38187,M,4499630.0,560140.0,38
201500004707,15,5,15,1445,1,1,1,3,1,38545,M,0.0,0.0,38
201500004708,15,7,27,1630,1,2,1,1,4,38545,M,4506393.0,566986.0,38
201500004709,15,8,3,1745,1,1,1,1,4,38545,M,0.0,0.0,38
201500004710,15,8,9,1530,1,2,1,8,7,38524,M,0.0,0.0,38
201500004711,15,8,21,1345,1,1,1,1,3,38187,M,4501137.0,561828.0,38
201500004712,15,8,22,1945,1,2,1,1,3,38545,M,0.0,0.0,38
201500004713,15,11,9,830,1,2,1,1,3,38524,M,0.0,0.0,38
201500004714,15,3,16,115,5,2,1,8,6,38548,M,0.0,0.0,38
201500004715,15,4,10,1715,1,1,1,1,6,38205,M,0.0,0.0,38
201500004716,15,6,7,315,3,1,1,1,6,38225,M,0.0,0.0,38
201500004717,15,7,12,1400,1,1,1,1,1,38548,M,0.0,0.0,38
201500004718,15,8,6,1130,1,1,1,1,1,38548,M,4507325.0,554036.0,38
201500004719,15,10,25,645,3,1,1,1,7,38548,M,0.0,0.0,38
201500004720,15,3,3,1600,1,2,6,2,3,02738,M,4966137.0,328803.0,02
201500004721,15,3,27,1655,1,1,1,1,3,02212,M,4963932.0,327309.0,02