Num_Acc,an,mois,jour,hrmn,lum,agg,int,atm,col,com,gps,lat,long,dep
201500004722,15,4,7,1540,1,2,1,1,7,02304,M,4966376.0,336638.0,02
201500004723,15,5,2,2235,5,2,1,2,6,02738,M,4967596.0,329774.0,02
201500004724,15,4,11,1925,1,2,1,1,6,02738,M,4965628.0,330119.0,02
201500004725,15,5,30,1540,1,2,1,1,6,02738,M,4965599.0,329131.0,02
201500004726,15,4,22,1317,1,2,1,1,6,02738,M,4965132.0,328298.0,02
201500004727,15,6,13,1710,1,1,1,1,5,02165,M,,,02
201500004728,15,6,25,1630,1,2,2,1,2,02738,M,4965554.0,331451.0,02
201500004729,15,6,17,710,1,2,2,7,6,02738,M,4965321.0,328965.0,02
201500004730,15,7,11,740,1,1,2,7,3,02738,M,0.0,0.0,02
201500004731,15,9,10,810,1,1,1,1,4,02738,M,0.0,0.0,02
201500004732,15,9,28,1620,1,1,1,1,6,02165,M,,,02
201500004733,15,10,24,1500,1,1,2,1,3,02059,M,,,02
201500004734,15,12,4,1025,1,2,1,8,7,02304,M,4966131.0,337261.0,02
201500004735,15,12,18,1145,1,2,1,1,6,02059,M,4965930.0,333194.0,02
201500004736,15,12,20,1528,1,2,1,1,4,02738,M,4965404.0,329296.0,02
201500004737,15,2,19,1600,1,2,1,1,6,38565,M,4528610.0,564130.0,38
201500004738,15,2,27,1715,5,2,2,2,1,38170,M,4524852.0,566637.0,38
201500004739,15,3,19,1200,1,1,3,1,3,38565,M,0.0,0.0,38
201500004740,15,4,24,1915,1,2,6,1,3,38565,M,0.0,0.0,38
201500004741,15,5,24,1800,1,1,1,1,1,38061,M,0.0,0.0,38
201500004742,15,6,2,1745,1,1,1,1,2,38061,M,4532723.0,561048.0,38
201500004743,15,7,7,1700,1,1,1,1,4,38565,M,4528662.0,562402.0,38
201500004744,15,11,20,1000,1,1,1,2,7,38565,M,4528808.0,561893.0,38
201500004745,15,12,13,1630,1,1,1,1,7,38312,M,4533422.0,565916.0,38
201500004746,15,12,20,1900,1,1,1,1,6,38312,M,4533619.0,565956.0,38
201500004747,15,5,14,100,3,1,1,1,6,38518,M,0.0,0.0,38
201500004748,15,8,14,1000,1,2,4,1,2,38269,M,4491396.0,579969.0,38
201500004749,15,10,27,1330,1,2,1,1,3,38304,M,0.0,0.0,38
201500004750,15,2,18,945,1,1,1,5,1,38186,M,4490597.0,557011.0,38
201500004751,15,5,1,500,3,1,2,3,6,38321,M,4476600.0,566000.0,38
201500004752,15,6,13,1730,1,2,1,1,3,38242,M,0.0,0.0,38
201500004753,15,6,18,1400,1,1,1,1,3,38103,M,4476145.0,560122.0,38
201500004754,15,8,2,1400,1,1,1,1,6,38419,M,4484947.0,562008.0,38
201500004755,15,1,7,1930,3,1,9,1,1,38277,M,0.0,0.0,38
201500004756,15,3,6,1930,3,1,1,1,1,38068,M,4509135.0,572435.0,38
201500004757,15,4,30,1930,1,1,1,1,3,38388,M,0.0,0.0,38
201500004758,15,5,31,1,5,2,1,1,1,38562,M,4505629.0,577267.0,38
201500004759,15,6,1,1245,1,1,1,1,3,38200,M,0.0,0.0,38
201500004760,15,6,24,745,1,2,1,1,6,38364,M,4504494.0,582541.0,38
201500004761,15,8,1,1645,1,1,1,1,1,38203,M,0.0,0.0,38
201500004762,15,9,20,2200,1,1,1,1,6,38562,M,4504989.0,578458.0,38
201500004763,15,12,10,1145,1,2,3,1,3,38200,M,4508376.0,574279.0,38
201500004764,15,5,24,1515,1,2,1,1,1,38394,M,0.0,0.0,38
201500004765,15,5,30,115,5,2,3,1,3,38410,M,0.0,0.0,38
201500004766,15,10,12,1600,1,1,1,3,1,38454,M,0.0,0.0,38
201500004767,15,11,11,700,2,1,1,1,1,38095,M,4513709.0,527183.0,38
201500004768,15,12,28,545,3,1,1,9,1,38443,M,0.0,0.0,38
201500004769,15,3,3,1500,1,1,1,1,3,38058,M,0.0,0.0,38
201500004770,15,3,23,1515,1,2,1,1,6,38387,M,0.0,0.0,38
201500004771,15,3,24,1500,1,1,1,1,6,38457,M,0.0,0.0,38
201500004772,15,4,14,730,1,1,2,1,3,38171,M,0.0,0.0,38
201500004773,15,6,5,1,3,1,1,1,7,38490,M,0.0,0.0,38
201500004774,15,6,19,1645,1,2,1,1,1,38457,M,4533263.0,526382.0,38
201500004775,15,9,5,1845,1,2,1,1,6,38056,M,0.0,0.0,38
201500004776,15,1,13,1400,1,1,1,7,1,38074,M,0.0,0.0,38
201500004777,15,5,11,1630,1,1,2,1,3,38559,M,0.0,0.0,38
201500004778,15,5,12,730,1,2,1,1,6,38517,M,4530921.0,549652.0,38
201500004779,15,5,30,1415,1,1,1,1,6,38338,M,0.0,0.0,38
201500004780,15,5,29,1845,1,1,1,1,6,38523,M,0.0,0.0,38
201500004781,15,5,31,1700,1,2,1,1,3,38559,M,0.0,0.0,38
201500004782,15,6,16,1415,1,1,1,2,3,38500,M,0.0,0.0,38
201500004783,15,7,5,1615,1,1,1,1,6,38450,M,4524834.0,551530.0,38
201500004784,15,7,14,1815,1,1,1,1,4,38338,M,4521677.0,549080.0,38
201500004785,15,7,24,815,1,1,1,1,1,38117,M,0.0,0.0,38
201500004786,15,8,14,1600,1,1,3,1,1,38559,M,4520845.0,541320.0,38
201500004787,15,10,14,1430,1,2,3,1,7,38559,M,4521004.0,540181.0,38
201500004788,15,10,25,2215,3,1,1,1,6,38450,M,4529031.0,557166.0,38
201500004789,15,10,27,45,3,1,1,1,7,38310,M,0.0,0.0,38
201500004790,15,11,8,1715,1,2,1,1,3,38390,M,0.0,0.0,38
201500004791,15,1,19,2045,3,1,1,3,1,38348,M,0.0,0.0,38
201500004792,15,3,7,1430,1,1,1,1,1,38498,M,0.0,0.0,38
201500004793,15,6,9,2200,3,1,1,1,7,38374,M,0.0,0.0,38
201500004794,15,7,16,1915,1,1,1,1,1,38374,M,0.0,0.0,38
201500004795,15,8,28,1430,1,1,1,1,7,38348,M,0.0,0.0,38
201500004796,15,8,30,1700,1,1,1,1,1,38348,M,0.0,0.0,38
201500004797,15,10,24,1745,2,1,1,1,1,38276,M,0.0,0.0,38
201500004798,15,11,29,430,5,2,1,2,6,38276,M,0.0,0.0,38
201500004799,15,12,13,500,5,2,1,1,6,38024,M,0.0,0.0,38
201500004800,15,4,19,1400,1,2,1,2,6,38488,M,4573303.0,531525.0,38
201500004801,15,9,18,1530,1,2,1,1,6,38138,M,0.0,0.0,38
201500004802,15,10,27,1830,5,2,6,2,3,38138,M,0.0,0.0,38
201500004803,15,11,14,300,3,2,1,1,6,38138,M,4573200.0,526700.0,38
201500004804,15,12,9,1615,1,2,9,7,6,38138,M,4572600.0,523800.0,38
201500004805,15,1,15,1715,2,2,1,1,3,38118,M,0.0,0.0,38
201500004806,15,2,11,945,1,1,1,1,1,38046,M,0.0,0.0,38
201500004807,15,4,14,1600,1,2,1,1,5,38305,M,0.0,0.0,38
201500004808,15,5,14,2245,3,2,1,3,7,38520,M,0.0,0.0,38
201500004809,15,6,12,1630,1,1,1,2,5,38013,M,4538404.0,549741.0,38
201500004810,15,6,28,1845,1,1,1,1,3,38434,M,0.0,0.0,38
201500004811,15,7,11,1845,1,1,1,1,1,38257,M,0.0,0.0,38
201500004812,15,7,12,1845,1,1,1,1,1,38065,M,0.0,0.0,38
201500004813,15,7,26,2215,3,1,1,1,6,38044,M,0.0,0.0,38
201500004814,15,10,26,1715,1,2,1,1,7,38082,M,4543895.0,551488.0,38
201500004815,15,12,24,1345,1,1,1,1,6,38013,M,4539649.0,553206.0,38
201500004816,15,4,9,1815,1,1,1,1,1,38320,M,0.0,0.0,38
201500004817,15,5,10,1815,1,1,4,1,5,38054,M,4579490.0,540302.0,38
201500004818,15,6,5,645,1,1,2,1,3,38083,M,0.0,0.0,38
201500004819,15,6,25,1445,1,1,1,1,3,38320,M,0.0,0.0,38
201500004820,15,7,12,1345,1,1,1,1,1,38026,M,4584014.0,532863.0,38
201500004821,15,8,11,1530,1,1,1,1,1,38135,M,0.0,0.0,38
201500004822,15,12,22,1830,3,1,1,1,3,38295,M,0.0,0.0,38
201500004823,15,1,24,1730,2,1,1,4,1,38001,M,0.0,0.0,38
201500004824,15,4,5,430,3,1,1,1,6,38357,M,4554673.0,551534.0,38
201500004825,15,4,11,1530,1,1,1,1,7,38228,M,0.0,0.0,38
201500004826,15,4,11,1630,1,1,1,1,3,38292,M,0.0,0.0,38
201500004827,15,7,12,1415,1,1,1,1,6,38104,M,4558086.0,556958.0,38
201500004828,15,7,23,800,1,1,1,1,3,38343,M,0.0,0.0,38
201500004829,15,7,23,1815,1,1,1,7,3,38315,M,0.0,0.0,38
201500004830,15,8,17,2130,5,2,1,1,2,38343,M,0.0,0.0,38
201500004831,15,10,27,1930,3,1,1,1,5,38386,M,0.0,0.0,38
201500004832,15,12,18,1045,1,2,1,7,6,38001,M,0.0,0.0,38
201500004833,15,12,28,1100,1,2,9,1,6,38001,M,0.0,0.0,38
201500004834,15,12,23,1515,1,1,1,1,3,38315,M,0.0,0.0,38
201500004835,15,4,20,1830,1,2,3,1,1,38509,M,0.0,0.0,38
201500004836,15,5,16,2045,1,1,1,1,6,38509,M,0.0,0.0,38
201500004837,15,6,6,645,2,1,1,1,4,38076,M,0.0,0.0,38
201500004838,15,7,23,1900,1,1,1,1,3,38076,M,0.0,0.0,38
201500004839,15,7,30,1500,1,1,1,1,7,38076,M,0.0,0.0,38
201500004840,15,10,31,945,5,2,1,1,6,38064,M,0.0,0.0,38
201500004841,15,11,21,1130,1,2,1,2,1,38064,M,4556223.0,537727.0,38
201500004842,15,3,18,745,1,1,1,1,2,44201,M,4733684.0,-153474.0,44
201500004843,15,3,26,930,1,1,1,2,1,44201,M,4736457.0,-154611.0,44
201500004844,15,7,18,1115,1,1,1,1,6,44035,M,4729300.0,-157053.0,44
201500004845,15,7,19,230,3,1,1,1,6,44209,M,4731329.0,-164596.0,44
201500004846,15,8,1,1915,1,1,1,1,3,44066,M,4735180.0,-160588.0,44
201500004847,15,9,22,745,2,1,1,2,3,44066,M,4735713.0,-160413.0,44
201500004848,15,9,23,900,1,1,1,1,1,44209,M,4733612.0,-167498.0,44
201500004849,15,10,31,1700,1,2,6,1,3,44035,M,4730060.0,-155242.0,44
201500004850,15,11,8,1030,1,1,3,1,3,44209,M,4730753.0,-161838.0,44
201500004851,15,10,6,1100,1,1,1,2,1,38336,M,0.0,0.0,38
201500004852,15,1,17,500,3,1,1,1,7,38336,M,0.0,0.0,38
201500004853,15,1,20,1800,3,1,2,2,3,38238,M,4550105.0,501126.0,38
201500004854,15,1,20,1330,1,1,1,2,6,38336,M,0.0,0.0,38
201500004855,15,10,7,915,1,1,1,1,1,38110,M,4555815.0,486898.0,38
201500004856,15,2,12,1915,5,2,1,1,3,38336,M,4549009.0,482970.0,38
201500004857,15,3,23,1345,1,2,1,7,3,38484,M,0.0,0.0,38
201500004858,15,4,7,2300,3,1,1,1,6,38484,M,0.0,0.0,38
201500004859,15,4,15,615,2,2,1,1,6,38336,M,0.0,0.0,38
201500004860,15,7,5,900,1,1,9,1,1,38157,M,4548901.0,494942.0,38
201500004861,15,10,11,1145,1,1,1,1,7,38160,M,4549001.0,498491.0,38
201500004862,15,7,29,1530,1,2,1,1,3,38336,M,0.0,0.0,38
201500004863,15,2,14,2200,3,1,1,2,6,38069,M,4543975.0,529540.0,38
201500004864,15,2,20,1515,1,1,2,1,3,38069,M,4543678.0,529602.0,38
201500004865,15,5,22,745,1,1,1,1,1,38034,M,0.0,0.0,38
201500004866,15,6,18,430,3,1,1,1,6,38244,M,4543834.0,496043.0,38
201500004867,15,6,26,115,3,1,1,1,7,38473,M,0.0,0.0,38
201500004868,15,7,19,1830,1,1,3,1,7,38324,M,4540015.0,506428.0,38
201500004869,15,7,31,1000,1,1,1,1,1,38034,M,0.0,0.0,38
201500004870,15,8,16,1900,1,1,1,1,3,38180,M,0.0,0.0,38
201500004871,15,9,19,730,1,1,2,7,5,38069,M,0.0,0.0,38
201500004872,15,10,1,700,2,2,2,1,5,38130,M,4539504.0,526853.0,38
201500004873,15,10,24,1730,5,2,1,1,6,38069,M,0.0,0.0,38
201500004874,15,10,29,830,1,2,3,1,1,38130,M,4535164.0,526499.0,38
201500004875,15,11,26,1745,3,1,2,1,3,38198,M,0.0,0.0,38
201500004876,15,11,30,1915,3,1,1,1,1,38069,M,0.0,0.0,38
201500004877,15,1,2,1145,1,1,1,1,5,38144,M,0.0,0.0,38
201500004878,15,1,25,400,3,1,2,1,6,38152,M,4549032.0,529560.0,38
201500004879,15,2,2,630,3,1,1,8,1,38399,M,4550890.0,517384.0,38
201500004880,15,2,28,1230,1,2,1,1,1,38189,M,0.0,0.0,38
201500004881,15,3,17,1630,1,1,1,1,3,38389,M,0.0,0.0,38
201500004882,15,4,7,845,1,1,2,7,3,38389,M,4556139.0,509577.0,38
201500004883,15,4,15,830,1,1,1,1,1,38184,M,0.0,0.0,38
201500004884,15,5,6,2230,3,1,1,1,2,38480,M,0.0,0.0,38
201500004885,15,6,20,1945,1,2,1,1,2,38399,M,0.0,0.0,38
201500004886,15,6,21,30,3,1,1,1,6,38144,M,0.0,0.0,38
201500004887,15,6,29,15,3,1,2,1,3,38476,M,4549712.0,506785.0,38
201500004888,15,7,9,1900,1,1,1,1,6,38389,M,0.0,0.0,38
201500004889,15,7,16,1530,1,1,1,1,1,38389,M,0.0,0.0,38
201500004890,15,9,7,1730,1,2,1,1,2,38346,M,0.0,0.0,38
201500004891,15,9,19,2045,3,1,1,1,6,38081,M,0.0,0.0,38
201500004892,15,10,5,745,1,1,1,1,1,38399,M,0.0,0.0,38
201500004893,15,11,1,2000,5,2,1,1,1,38189,M,4563506.0,504991.0,38
201500004894,15,1,1,530,3,1,1,1,1,38197,M,0.0,0.0,38
201500004895,15,3,1,1900,5,2,1,2,1,38097,M,0.0,0.0,38
201500004896,15,4,4,1345,1,2,1,2,3,38507,M,0.0,0.0,38
201500004897,15,4,4,1900,2,1,1,2,1,38197,M,0.0,0.0,38
201500004898,15,4,13,1100,1,2,1,1,3,38316,M,0.0,0.0,38
201500004899,15,4,15,1115,1,2,3,1,1,38316,M,4574091.0,515974.0,38
201500004900,15,5,20,1915,1,2,1,1,1,38316,M,4575889.0,517856.0,38
201500004901,15,6,20,2130,2,2,1,1,1,38085,M,0.0,0.0,38
201500004902,15,9,12,2230,5,2,1,2,1,38085,M,0.0,0.0,38
201500004903,15,12,6,215,3,1,1,1,7,38197,M,0.0,0.0,38
201500004904,15,12,20,200,3,1,1,1,6,38507,M,4572972.0,516248.0,38
201500004905,15,1,8,2130,5,1,2,1,3,38072,M,4531476.0,482486.0,38
201500004906,15,3,3,1300,1,1,1,1,3,38072,M,0.0,0.0,38
201500004907,15,3,22,1815,1,1,1,1,1,38452,M,0.0,0.0,38
201500004908,15,3,26,1345,1,1,3,1,3,38425,M,4539304.0,480589.0,38
201500004909,15,4,10,1545,1,1,1,1,1,38344,M,0.0,0.0,38
201500004910,15,4,11,2245,5,2,1,1,5,38072,M,0.0,0.0,38
201500004911,15,4,13,1745,1,2,1,1,3,38468,M,0.0,0.0,38
201500004912,15,4,15,1100,1,2,1,1,3,38072,M,4532270.0,480747.0,38
201500004913,15,4,25,1845,1,1,1,8,3,38051,M,0.0,0.0,38
201500004914,15,5,10,915,1,2,1,1,3,38344,M,0.0,0.0,38
201500004915,15,5,19,1730,1,2,1,1,6,38298,M,0.0,0.0,38
201500004916,15,5,27,2215,3,1,1,1,6,38009,M,0.0,0.0,38
201500004917,15,7,25,1700,1,1,1,1,3,38349,M,0.0,0.0,38
201500004918,15,8,10,1545,1,1,1,1,6,38003,M,4534994.0,484621.0,38
201500004919,15,9,9,1245,1,2,1,1,6,38349,M,0.0,0.0,38
201500004920,15,10,6,245,3,1,1,2,6,38003,M,4532699.0,487357.0,38
201500004921,15,10,17,1945,2,2,2,1,3,38298,M,4536836.0,479328.0,38
201500004922,15,11,28,1900,4,2,2,8,6,38344,M,4536890.0,479979.0,38
201500004923,15,12,8,1730,3,1,1,1,6,38009,M,0.0,0.0,38
201500004924,15,12,18,1400,1,1,1,1,3,38468,M,0.0,0.0,38
201500004925,15,2,9,2230,3,1,1,9,6,38231,M,4552271.0,521359.0,38
201500004926,15,3,16,1430,1,1,1,1,7,38136,M,0.0,0.0,38
201500004927,15,3,3,715,2,1,1,2,3,38537,M,0.0,0.0,38
201500004928,15,6,1,1245,1,2,9,1,3,38475,M,4566816.0,514293.0,38
201500004929,15,7,22,2115,2,1,1,2,5,38449,M,4565640.0,511055.0,38
201500004930,15,8,20,1045,1,1,1,1,2,38537,M,0.0,0.0,38
201500004931,15,8,25,1800,1,1,1,1,6,38537,M,0.0,0.0,38
201500004932,15,9,30,1500,1,2,1,1,2,38449,M,0.0,0.0,38
201500004933,15,10,31,1200,1,2,1,1,6,38449,M,0.0,0.0,38
201500004934,15,12,20,2030,3,1,2,1,3,38449,M,4562563.0,509014.0,38
201500004935,15,9,9,1330,1,2,1,1,3,42147,M,4562031.0,406562.0,42
201500004936,15,10,13,1045,1,2,1,9,7,42299,M,4561376.0,407718.0,42
201500004937,15,10,31,1815,3,1,1,1,1,42140,M,4545522.0,406494.0,42
201500004938,15,12,15,1000,1,1,1,8,5,42313,M,4573068.0,401374.0,42
201500004939,15,1,14,800,1,1,1,1,1,42023,M,4529837.0,454091.0,42
201500004940,15,1,13,1715,1,1,1,8,1,42172,M,4539332.0,442164.0,42
201500004941,15,2,21,1230,1,1,1,4,1,42172,M,4536627.0,445348.0,42
201500004942,15,4,12,1000,1,2,7,1,6,42023,M,4529611.0,455941.0,42
201500004943,15,4,12,1745,1,1,1,7,7,42246,M,4529248.0,462205.0,42
201500004944,15,5,9,1045,1,1,1,8,7,42023,M,4530296.0,454077.0,42
201500004945,15,6,6,1745,1,1,1,1,7,42310,M,4534202.0,455363.0,42
201500004946,15,6,16,2100,2,1,1,1,6,42115,M,4531721.0,435168.0,42
201500004947,15,6,25,1645,1,1,1,1,2,42224,M,4533965.0,437950.0,42
201500004948,15,6,26,1315,1,1,1,1,6,42224,M,4533506.0,442364.0,42
201500004949,15,6,28,1530,1,1,1,1,7,42224,M,4536915.0,442216.0,42
201500004950,15,7,4,1115,1,1,1,7,1,42139,M,4530690.0,442643.0,42
201500004951,15,7,3,1745,1,1,1,1,6,42017,M,4537228.0,450472.0,42
201500004952,15,7,24,900,1,1,1,9,1,42224,M,4534530.0,448302.0,42
201500004953,15,8,3,1530,1,1,2,1,1,42329,M,4532039.0,449883.0,42
201500004954,15,8,16,1400,1,1,2,1,3,42280,M,4527745.0,444112.0,42
201500004955,15,9,5,1615,1,1,1,1,1,42287,M,4526268.0,447867.0,42
201500004956,15,9,18,900,1,1,1,1,7,42329,M,4531845.0,450847.0,42
201500004957,15,9,18,1200,1,1,1,1,3,42329,M,4532149.0,449449.0,42
201500004958,15,9,24,2115,3,1,1,1,1,42172,M,4539216.0,442874.0,42
201500004959,15,10,10,1745,1,1,1,1,6,42224,M,4536770.0,443670.0,42
201500004960,15,10,31,1845,5,1,1,1,1,42023,M,4529669.0,456093.0,42
201500004961,15,5,31,1115,1,2,6,1,3,42302,M,4548862.0,445006.0,42
201500004962,15,6,6,1030,1,1,6,1,7,42097,M,4552265.0,429376.0,42
201500004963,15,6,14,830,1,2,1,1,6,42092,M,4548582.0,437945.0,42
201500004964,15,7,11,2300,3,2,1,1,6,42208,M,4553655.0,447485.0,42
201500004965,15,8,7,815,1,1,1,7,2,42208,M,4552604.0,446250.0,42
201500004966,15,11,6,1645,1,1,1,1,1,42208,M,4552569.0,446114.0,42
201500004967,15,11,6,1845,3,1,1,1,1,42097,M,4549358.0,432190.0,42
201500004968,15,1,21,1645,1,1,1,2,6,42179,M,4567046.0,404190.0,42
201500004969,15,2,12,1530,1,1,6,1,3,42299,M,4560128.0,409302.0,42
201500004970,15,4,7,1245,1,2,6,1,1,42147,M,4560906.0,405506.0,42
201500004971,15,4,15,1545,1,2,9,1,6,42147,M,4560077.0,407129.0,42
201500004972,15,4,23,1830,1,1,1,7,6,42285,M,4555405.0,413773.0,42
201500004973,15,4,24,1345,1,2,1,1,3,42147,M,4561192.0,405550.0,42
201500004974,15,5,21,145,4,1,1,1,7,42151,M,4565676.0,413356.0,42
201500004975,15,6,5,930,1,2,1,1,6,42147,M,4560982.0,406812.0,42
201500004976,15,6,29,1415,1,2,1,1,2,42147,M,4560625.0,407472.0,42
201500004977,15,7,24,1115,1,2,1,1,2,42147,M,4560624.0,407463.0,42
201500004978,15,9,12,945,1,1,1,1,1,42087,M,4559993.0,404790.0,42
201500004979,15,9,30,1100,1,1,1,1,6,42037,M,4568713.0,407083.0,42
201500004980,15,11,7,230,3,1,1,1,1,42046,M,4562818.0,406152.0,42
201500004981,15,11,24,845,1,1,1,1,2,42285,M,4557924.0,411095.0,42
201500004982,15,1,11,600,3,2,1,2,7,42324,M,4556126.0,426479.0,42
201500004983,15,1,23,1545,1,2,1,2,6,42022,M,4552364.0,421787.0,42
201500004984,15,2,8,830,1,1,1,1,6,42324,M,4555835.0,423960.0,42
201500004985,15,3,28,1800,1,1,1,1,3,42304,M,4553171.0,419889.0,42
201500004986,15,4,4,1500,1,1,2,1,3,42304,M,4553592.0,415013.0,42
201500004987,15,4,18,1900,1,2,2,1,3,42005,M,4552988.0,425147.0,42
201500004988,15,5,31,1600,1,2,1,1,6,42022,M,4552778.0,420772.0,42
201500004989,15,7,1,1615,1,2,1,1,3,42304,M,4553471.0,419047.0,42
201500004990,15,7,7,800,1,2,1,1,3,42005,M,4554056.0,428550.0,42
201500004991,15,7,20,1915,1,2,1,1,6,42005,M,4552567.0,427262.0,42
201500004992,15,8,12,1030,1,2,1,1,3,42304,M,4553297.0,419665.0,42
201500004993,15,9,9,1830,1,1,1,7,1,42324,M,4555919.0,424298.0,42
201500004994,15,9,10,630,2,1,1,1,2,42304,M,4554900.0,420690.0,42
201500004995,15,9,21,1315,1,2,1,1,1,42005,M,4553424.0,428805.0,42
201500004996,15,10,1,1330,1,2,1,1,7,42022,M,4551878.0,420645.0,42
201500004997,15,12,6,645,2,1,1,1,1,42005,M,0.0,0.0,42
201500004998,15,12,11,1830,3,1,1,1,1,42075,M,0.0,0.0,42
201500004999,15,1,6,1115,1,2,1,1,6,42019,M,4574468.0,400499.0,42
201500005000,15,1,8,700,2,1,1,1,3,42291,M,4582320.0,386790.0,42
201500005001,15,3,1,1900,3,1,1,2,7,42247,M,4574680.0,384706.0,42
201500005002,15,3,28,1530,1,2,1,1,6,42221,M,4576807.0,412936.0,42
201500005003,15,4,18,2045,2,1,1,1,6,42159,M,4582500.0,377137.0,42
201500005004,15,4,24,1600,1,1,1,1,1,42150,M,4571795.0,407374.0,42
201500005005,15,4,25,1845,1,1,1,1,1,42119,M,4575083.0,397746.0,42
201500005006,15,4,25,1915,1,1,1,1,1,42227,M,4570245.0,395623.0,42
201500005007,15,5,16,330,3,1,1,8,1,42313,M,4572725.0,402130.0,42
201500005008,15,5,28,1400,1,1,1,1,3,42205,M,4567574.0,398689.0,42
201500005009,15,6,10,745,1,2,1,1,5,42109,M,4577696.0,393068.0,42
201500005010,15,6,28,245,3,1,1,1,7,42227,M,4569525.0,390231.0,42
201500005011,15,7,3,1945,1,1,1,1,6,42195,M,4574056.0,396669.0,42
201500005012,15,7,9,1445,1,1,1,1,3,42313,M,4573098.0,401302.0,42
201500005013,15,7,13,15,3,1,1,1,6,42205,M,4565852.0,389458.0,42
201500005014,15,9,6,1900,1,1,1,1,3,42034,M,4585535.0,372873.0,42
201500005015,15,9,10,745,1,1,1,1,2,42313,M,4573387.0,400858.0,42
201500005016,15,9,10,1715,1,1,1,1,2,42136,M,4571357.0,398081.0,42
201500005017,15,9,14,1400,1,1,2,1,3,42288,M,4577048.0,400451.0,42
201500005018,15,9,20,1430,1,1,1,1,7,42009,M,4576753.0,402853.0,42
201500005019,15,9,27,730,1,1,1,1,6,42238,M,4578084.0,379711.0,42
201500005020,15,10,10,1600,1,1,4,1,1,42205,M,4565818.0,394552.0,42
201500005021,15,10,11,2015,3,1,3,1,3,42245,M,4581350.0,380725.0,42
201500005022,15,11,3,1530,1,2,1,1,6,42019,M,4574194.0,400659.0,42
201500005023,15,11,21,1645,2,1,1,5,1,42245,M,4575662.0,379019.0,42
201500005024,15,12,12,1215,1,1,1,1,6,42134,M,4568262.0,403678.0,42
201500005025,15,12,15,800,2,1,1,8,5,42219,M,4573796.0,412868.0,42
201500005026,15,2,7,30,3,1,1,1,1,42094,M,4574170.0,420024.0,42
201500005027,15,2,20,315,3,1,1,1,7,42319,M,4569920.0,430106.0,42
201500005028,15,2,20,1630,1,1,1,1,1,42251,M,4568356.0,425892.0,42
201500005029,15,3,25,1145,1,1,1,1,1,42319,M,4571168.0,429220.0,42
201500005030,15,4,21,815,1,2,1,1,3,42094,M,4572335.0,422354.0,42
201500005031,15,4,26,345,5,2,1,2,6,42202,M,4572142.0,434387.0,42
201500005032,15,5,2,1145,1,1,1,1,3,42261,M,4575020.0,439897.0,42
201500005033,15,5,6,800,1,1,1,1,5,42088,M,4579776.0,420822.0,42
201500005034,15,6,19,2030,1,2,1,1,6,42094,M,4574285.0,422505.0,42
201500005035,15,6,20,1400,1,2,1,1,3,42094,M,4575042.0,422603.0,42
201500005036,15,8,10,1,3,1,1,1,5,42094,M,4573928.0,425767.0,42
201500005037,15,8,30,1115,1,1,1,1,6,42296,M,4573975.0,429256.0,42
201500005038,15,10,3,2045,3,1,1,2,7,42296,M,4573499.0,427617.0,42
201500005039,15,10,11,1915,5,2,3,1,3,42175,M,4579833.0,423179.0,42
201500005040,15,10,16,1215,1,2,1,1,6,42094,M,4574353.0,422275.0,42
201500005041,15,10,27,900,1,2,1,1,6,42094,M,4574392.0,422595.0,42
201500005042,15,12,7,745,1,1,2,1,3,42066,M,0.0,0.0,42
201500005043,15,4,13,1700,1,1,1,1,7,42006,M,4541233.0,398528.0,42
201500005044,15,6,24,1630,1,1,1,1,7,42192,M,4537717.0,408857.0,42
201500005045,15,8,19,1415,1,1,1,1,6,42006,M,4538321.0,399767.0,42
201500005046,15,8,20,2015,1,2,1,1,6,42204,M,4542689.0,406637.0,42
201500005047,15,9,30,1830,1,1,1,1,6,42228,M,4555153.0,409391.0,42
201500005048,15,10,4,1215,1,1,2,1,3,42318,M,4538740.0,389980.0,42
201500005049,15,10,23,830,1,1,1,2,7,42006,M,4538442.0,400014.0,42
201500005050,15,10,24,1700,1,2,1,1,6,42204,M,4542197.0,406334.0,42
201500005051,15,10,25,1645,1,1,1,8,7,42318,M,4541098.0,397124.0,42
201500005052,15,2,14,1900,3,2,1,1,1,42062,M,0.0,0.0,42
201500005053,15,3,17,1500,1,2,1,1,3,42323,M,4557330.0,430151.0,42
201500005054,15,5,20,845,1,1,1,1,3,42135,M,4565955.0,423033.0,42
201500005055,15,6,2,1815,1,2,1,1,3,42222,M,4559141.0,431452.0,42
201500005056,15,7,8,1645,1,2,3,1,3,42323,M,4556283.0,428994.0,42
201500005057,15,7,29,1815,1,1,1,2,3,42108,M,4559467.0,418541.0,42
201500005058,15,8,21,1600,1,1,1,1,7,42336,M,4568077.0,433600.0,42
201500005059,15,8,25,2130,5,2,1,1,5,42222,M,4560698.0,431271.0,42
201500005060,15,8,25,1745,1,1,6,7,3,42020,M,4563798.0,420608.0,42
201500005061,15,8,28,1615,1,2,1,1,3,42222,M,4559754.0,429571.0,42
201500005062,15,9,1,1330,1,2,1,2,6,42149,M,4564386.0,422937.0,42
201500005063,15,9,13,1400,1,2,1,1,3,42149,M,4564188.0,423686.0,42
201500005064,15,9,24,900,1,2,1,1,3,42013,M,4564664.0,429541.0,42
201500005065,15,11,4,1930,3,1,1,1,6,42264,M,4559048.0,435121.0,42
201500005066,15,11,24,1030,1,2,1,1,6,42149,M,4564409.0,423139.0,42