Num_Acc,an,mois,jour,hrmn,lum,agg,int,atm,col,com,gps,lat,long,dep
201500005067,15,12,9,1800,2,2,1,1,7,42149,M,0.0,0.0,42
201500005068,15,12,21,1945,5,2,1,8,6,42323,M,0.0,0.0,42
201500005069,15,3,8,1030,1,1,1,1,6,42132,M,4538173.0,472884.0,42
201500005070,15,4,8,730,1,2,1,1,3,42168,M,4544453.0,468312.0,42
201500005071,15,4,16,2215,5,1,1,2,1,42132,M,4538902.0,474486.0,42
201500005072,15,4,23,900,1,2,9,1,3,42129,M,4535948.0,467982.0,42
201500005073,15,4,28,1400,1,2,1,7,1,42056,M,4541464.0,473608.0,42
201500005074,15,4,26,1045,1,1,1,1,4,42168,M,4541569.0,470788.0,42
201500005075,15,5,11,1515,1,1,1,1,3,42056,M,4541808.0,470845.0,42
201500005076,15,7,6,1630,1,2,1,1,1,42265,M,4543966.0,473466.0,42
201500005077,15,7,24,1800,1,1,1,1,1,42056,M,4541216.0,473740.0,42
201500005078,15,8,30,1630,1,1,1,1,3,42168,M,4544081.0,465913.0,42
201500005079,15,9,25,645,1,2,1,1,1,42056,M,4541540.0,473503.0,42
201500005080,15,9,29,1100,1,2,1,1,6,42168,M,4541786.0,468515.0,42
201500005081,15,11,25,1630,1,2,1,3,3,42272,M,4538501.0,474713.0,42
201500005082,15,12,4,1215,1,1,1,8,2,42191,M,4564400.0,414200.0,42
201500005083,15,12,17,30,5,1,1,1,7,42132,M,4500600.0,401199.0,42
201500005084,15,1,9,700,2,1,1,9,6,42145,M,4603513.0,420100.0,42
201500005085,15,1,12,1330,1,1,2,1,3,42120,M,4599226.0,399702.0,42
201500005086,15,1,30,1745,2,1,6,2,7,42338,M,4607429.0,409883.0,42
201500005087,15,3,15,1545,1,1,2,1,3,42239,M,4596249.0,397877.0,42
201500005088,15,4,1,1745,1,1,1,1,7,42069,M,4597198.0,404187.0,42
201500005089,15,4,8,800,1,2,1,7,6,42332,M,4599118.0,403653.0,42
201500005090,15,6,5,1900,1,1,1,1,1,42166,M,4600299.0,410039.0,42
201500005091,15,8,29,930,1,1,1,1,7,42162,M,4601534.0,397737.0,42
201500005092,15,11,27,730,2,1,1,1,1,42239,M,4599011.0,399408.0,42
201500005093,15,12,26,1645,1,1,1,1,6,42338,M,0.0,0.0,42
201500005094,15,1,10,1530,1,2,1,7,6,42289,M,4594718.0,420969.0,42
201500005095,15,2,24,1615,1,2,6,1,1,42011,M,4581774.0,419555.0,42
201500005096,15,6,19,1545,1,1,1,1,7,42334,M,4585227.0,432252.0,42
201500005097,15,7,4,630,1,1,1,1,6,42293,M,4600660.0,427244.0,42
201500005098,15,8,8,2000,2,1,1,2,6,42181,M,4600034.0,423351.0,42
201500005099,15,11,30,815,3,1,1,1,7,42277,M,4592762.0,410739.0,42
201500005100,15,12,4,1330,1,1,1,1,6,42098,M,4557400.0,446400.0,42
201500005101,15,1,6,1800,5,2,1,2,3,42026,M,4614977.0,408413.0,42
201500005102,15,1,8,2130,3,1,1,2,1,42112,M,4611421.0,426312.0,42
201500005103,15,2,14,1800,2,1,1,8,7,42016,M,4614616.0,403913.0,42
201500005104,15,5,12,1830,1,1,1,1,6,42141,M,4614917.0,425029.0,42
201500005105,15,5,22,1715,1,1,2,1,3,42300,M,4611101.0,429056.0,42
201500005106,15,6,9,1045,1,1,3,1,1,42267,M,4615223.0,415620.0,42
201500005107,15,6,15,830,1,1,1,1,6,42052,M,4616673.0,415880.0,42
201500005108,15,7,18,1845,1,1,1,3,6,42014,M,4617803.0,441457.0,42
201500005109,15,8,3,1815,1,2,1,1,6,42026,M,4614667.0,408211.0,42
201500005110,15,10,23,1945,3,1,1,1,6,42215,M,4619271.0,420598.0,42
201500005111,15,8,30,1645,1,1,1,1,2,42173,M,4582048.0,406884.0,42
201500005112,15,4,22,1230,1,1,1,1,6,42230,M,4582370.0,401710.0,42
201500005113,15,6,27,1115,1,2,1,1,1,42076,M,4590672.0,392568.0,42
201500005114,15,1,3,515,5,1,1,5,6,73239,M,4578935.0,595691.0,73
201500005115,15,5,17,1845,1,1,1,1,6,73008,M,0.0,0.0,73
201500005116,15,7,14,1445,1,1,1,1,1,73059,M,4575036.0,588187.0,73
201500005117,15,7,31,2250,5,1,7,1,6,73103,M,4566010.0,592090.0,73
201500005118,15,10,1,1130,1,2,1,1,2,73301,M,4570784.0,595689.0,73
201500005119,15,10,16,2345,3,1,1,1,5,73010,M,4576952.0,593938.0,73
201500005120,15,8,6,1415,1,1,3,7,3,73030,M,4556313.0,597999.0,73
201500005121,15,10,14,2030,3,1,1,8,6,73097,M,4557453.0,599984.0,73
201500005122,15,5,16,1830,1,1,1,1,7,73234,M,4568531.0,605949.0,73
201500005123,15,6,10,1515,1,2,1,1,2,73081,M,4569000.0,613199.0,73
201500005124,15,8,16,215,3,1,1,3,7,73004,M,4561293.0,609321.0,73
201500005125,15,9,24,1715,1,2,1,1,6,73005,M,4567391.0,609800.0,73
201500005126,15,10,13,1815,2,1,1,2,6,73005,M,4563690.0,608293.0,73
201500005127,15,5,25,1830,1,1,1,1,7,73042,M,4572113.0,579679.0,73
201500005128,15,1,14,1730,2,1,3,3,5,73270,M,4555438.0,616219.0,73
201500005129,15,4,23,1915,1,1,1,1,1,73159,M,4545027.0,604920.0,73
201500005130,15,4,25,1000,1,1,3,1,3,73171,M,4550202.0,606796.0,73
201500005131,15,8,23,245,3,1,1,1,6,73276,M,4549350.0,611151.0,73
201500005132,15,10,27,2000,3,1,1,2,6,73096,M,4551253.0,608954.0,73
201500005133,15,12,10,1800,5,2,6,2,6,73171,M,4549693.0,605480.0,73
201500005134,15,12,18,1815,5,1,4,1,5,73151,M,4551140.0,600665.0,73
201500005135,15,1,22,145,5,2,1,1,6,73051,M,4563930.0,585897.0,73
201500005136,15,2,3,1800,5,2,1,1,3,73179,M,4559043.0,588155.0,73
201500005137,15,3,11,1145,1,2,3,1,6,73179,M,4560010.0,587322.0,73
201500005138,15,3,30,1930,4,1,1,3,6,73179,M,4559709.0,587745.0,73
201500005139,15,6,28,1815,1,1,4,1,4,73050,M,4567000.0,585482.0,73
201500005140,15,8,21,1745,1,1,9,1,3,73050,M,4567533.0,585315.0,73
201500005141,15,8,30,1845,1,1,1,1,6,73326,M,4552449.0,585388.0,73
201500005142,15,9,20,1400,1,1,1,1,5,73179,M,4564033.0,586728.0,73
201500005143,15,9,20,1615,1,1,3,1,3,73051,M,4564790.0,586471.0,73
201500005144,15,9,24,1920,2,2,6,1,3,73179,M,4559747.0,588479.0,73
201500005145,15,10,19,715,2,1,1,1,1,73051,M,4565115.0,586631.0,73
201500005146,15,12,31,1845,3,1,1,1,1,73050,M,4568070.0,585107.0,73
201500005147,15,1,25,815,2,1,1,1,1,73058,M,4552641.0,573234.0,73
201500005148,15,3,21,1130,1,1,1,2,1,73204,M,4552838.0,569100.0,73
201500005149,15,11,29,1800,5,1,1,2,1,73219,M,4555024.0,577932.0,73
201500005150,15,3,23,1530,1,1,1,1,3,73297,M,4562988.0,632653.0,73
201500005151,15,8,16,1730,1,1,1,3,6,73162,M,4560266.0,627913.0,73
201500005152,15,10,21,1615,1,1,1,1,1,73196,M,4571592.0,640792.0,73
201500005153,15,10,24,1130,1,1,1,1,1,73297,M,4565380.0,632044.0,73
201500005154,15,10,31,1600,1,1,1,1,1,73154,M,4566775.0,633826.0,73
201500005155,15,11,29,945,1,1,1,2,6,73129,M,4559653.0,624229.0,73
201500005156,15,6,6,900,1,1,1,1,3,73006,M,0.0,0.0,73
201500005157,15,9,19,1215,1,2,1,1,7,73142,M,0.0,0.0,73
201500005158,15,5,31,1730,1,1,1,1,7,73034,M,4569798.0,661799.0,73
201500005159,15,6,14,930,1,1,1,1,7,73034,M,4570830.0,657831.0,73
201500005160,15,6,27,1115,1,1,1,1,1,73132,M,4575588.0,659526.0,73
201500005161,15,12,2,1515,1,1,4,1,3,73211,M,4571747.0,644707.0,73
201500005162,15,1,2,615,3,1,1,1,7,73054,M,4559289.0,676842.0,73
201500005163,15,3,1,700,2,1,1,4,1,73285,M,4561820.0,680747.0,73
201500005164,15,3,20,1800,1,2,1,8,6,73285,M,4562099.0,680607.0,73
201500005165,15,6,6,1600,1,1,1,1,7,73054,M,4566830.0,677428.0,73
201500005166,15,6,25,2245,3,1,9,1,7,73077,M,4559245.0,673425.0,73
201500005167,15,11,28,1845,3,1,1,1,1,73285,M,4562567.0,678195.0,73
201500005168,15,12,6,1130,1,1,1,1,6,73285,M,0.0,0.0,73
201500005169,15,12,24,1345,1,2,1,7,6,73054,M,4561648.0,676888.0,73
201500005170,15,1,10,2045,5,2,1,1,1,73015,M,4540005.0,656538.0,73
201500005171,15,4,10,1445,1,1,1,1,2,73201,M,4543240.0,669230.0,73
201500005172,15,5,23,1300,1,1,1,8,6,73071,M,4545890.0,674430.0,73
201500005173,15,12,27,1100,1,2,7,7,6,73055,M,4544279.0,664677.0,73
201500005174,15,12,30,1045,1,2,1,1,6,73015,M,0.0,0.0,73
201500005175,15,3,16,215,3,1,1,1,7,73321,M,4546087.0,654570.0,73
201500005176,15,5,17,1430,1,1,1,1,6,73187,M,4555197.0,646922.0,73
201500005177,15,10,17,2000,3,1,1,1,1,73181,M,4548498.0,654253.0,73
201500005178,15,12,1,1630,1,1,1,1,1,73321,M,4546313.0,653769.0,73
201500005179,15,1,10,530,3,2,1,1,7,73261,M,4520971.0,654833.0,73
201500005180,15,3,24,2115,5,1,1,1,6,73116,M,4521205.0,630679.0,73
201500005181,15,3,25,1830,2,1,1,4,6,73242,M,4519454.0,628395.0,73
201500005182,15,3,28,1600,1,2,6,1,3,73248,M,4527560.0,635564.0,73
201500005183,15,6,26,1100,1,1,1,1,1,73116,M,4523985.0,631561.0,73
201500005184,15,7,19,700,1,1,1,1,7,73248,M,4527105.0,633666.0,73
201500005185,15,8,29,1500,1,1,1,1,1,73306,M,4508378.0,642768.0,73
201500005186,15,11,30,1015,1,1,1,1,2,73248,M,0.0,0.0,73
201500005187,15,4,18,1400,1,1,1,1,1,73019,M,4549210.0,630620.0,73
201500005188,15,7,21,1215,1,2,4,1,3,73235,M,4541619.0,636245.0,73
201500005189,15,7,25,1100,1,2,1,1,1,73278,M,4539557.0,626790.0,73
201500005190,15,4,22,1445,1,1,1,1,1,73290,M,4527356.0,681319.0,73
201500005191,15,7,5,1045,1,1,1,1,5,73143,M,4527634.0,690703.0,73
201500005192,15,12,4,815,1,1,1,4,6,73223,M,4520066.0,659408.0,73
201500005193,15,1,16,2030,5,2,1,2,6,74104,M,0.0,0.0,74
201500005194,15,4,4,330,3,1,1,3,6,74234,M,0.0,0.0,74
201500005195,15,6,2,1915,1,1,4,7,1,74104,M,0.0,0.0,74
201500005196,15,6,7,1000,1,1,1,1,4,74275,M,0.0,0.0,74
201500005197,15,6,21,1845,1,1,1,1,3,74242,M,0.0,0.0,74
201500005198,15,6,24,1800,1,1,2,7,2,74167,M,0.0,0.0,74
201500005199,15,6,29,1545,1,1,1,7,1,74135,M,0.0,0.0,74
201500005200,15,7,1,2010,2,1,1,1,2,74275,M,0.0,0.0,74
201500005201,15,7,3,1515,1,1,1,7,5,74104,M,0.0,0.0,74
201500005202,15,7,18,1530,1,1,1,1,7,74148,M,0.0,0.0,74
201500005203,15,8,8,1715,1,1,1,1,1,74267,M,0.0,0.0,74
201500005204,15,8,29,1915,1,1,1,1,7,74123,M,0.0,0.0,74
201500005205,15,9,21,2200,5,1,1,1,7,74267,M,0.0,0.0,74
201500005206,15,10,4,530,2,2,1,8,6,74234,M,0.0,0.0,74
201500005207,15,10,9,700,1,1,2,2,3,74104,M,0.0,0.0,74
201500005208,15,5,6,1940,2,1,3,1,1,74225,M,0.0,0.0,74
201500005209,15,5,5,1700,1,2,4,1,1,74225,M,0.0,0.0,74
201500005210,15,6,19,1530,1,1,2,1,3,74255,M,0.0,0.0,74
201500005211,15,7,3,1910,1,1,1,1,6,74002,M,0.0,0.0,74
201500005212,15,7,26,145,4,2,2,1,6,74141,M,0.0,0.0,74
201500005213,15,7,30,700,1,1,1,1,2,74233,M,0.0,0.0,74
201500005214,15,8,21,2115,3,1,1,1,1,74225,M,0.0,0.0,74
201500005215,15,9,11,1130,1,1,1,1,1,74148,M,0.0,0.0,74
201500005216,15,9,20,1700,1,2,1,1,1,74289,M,0.0,0.0,74
201500005217,15,10,10,500,3,2,1,1,7,74233,M,0.0,0.0,74
201500005218,15,10,16,2045,3,1,1,1,6,74161,M,0.0,0.0,74
201500005219,15,11,10,1545,1,1,1,1,6,74138,M,0.0,0.0,74
201500005220,15,11,12,1715,2,2,2,1,3,74274,M,0.0,0.0,74
201500005221,15,11,28,1620,1,1,1,1,6,74004,M,0.0,0.0,74
201500005222,15,12,10,1015,1,2,7,1,6,74225,M,0.0,0.0,74
201500005223,15,1,22,1615,1,1,1,1,1,74239,M,0.0,0.0,74
201500005224,15,2,13,810,1,2,9,1,6,74280,M,0.0,0.0,74
201500005225,15,3,18,830,1,1,1,1,1,74080,M,0.0,0.0,74
201500005226,15,3,31,1700,1,2,1,2,6,74302,M,0.0,0.0,74
201500005227,15,4,8,120,3,1,1,1,6,74280,M,0.0,0.0,74
201500005228,15,4,11,1215,1,1,1,1,7,74302,M,0.0,0.0,74
201500005229,15,6,20,1045,1,1,4,1,5,74036,M,0.0,0.0,74
201500005230,15,8,6,2015,1,2,4,1,3,74080,M,0.0,0.0,74
201500005231,15,8,16,1800,1,1,1,1,5,74239,M,0.0,0.0,74
201500005232,15,8,29,2230,3,1,1,1,6,74239,M,0.0,0.0,74
201500005233,15,9,12,615,2,1,1,1,6,74003,M,0.0,0.0,74
201500005234,15,9,21,1730,1,1,1,1,7,74302,M,0.0,0.0,74
201500005235,15,9,25,1410,1,1,1,1,6,74102,M,0.0,0.0,74
201500005236,15,12,8,1115,1,2,1,7,6,74280,M,0.0,0.0,74
201500005237,15,12,12,1600,1,2,4,1,1,74280,M,0.0,0.0,74
201500005238,15,12,28,1200,1,2,1,1,3,74080,M,0.0,0.0,74
201500005239,15,2,8,300,5,2,1,1,6,74087,M,0.0,0.0,74
201500005240,15,3,18,945,1,1,1,1,6,74250,M,0.0,0.0,74
201500005241,15,7,12,1930,1,2,2,1,3,74042,M,4608300.0,640000.0,74
201500005242,15,8,28,1800,1,2,1,1,6,74042,M,0.0,0.0,74
201500005243,15,9,1,2315,3,1,1,2,1,74087,M,4613600.0,632900.0,74
201500005244,15,9,5,800,2,1,1,1,1,74212,M,0.0,0.0,74
201500005245,15,9,8,1800,1,1,2,1,3,74042,M,0.0,0.0,74
201500005246,15,10,21,1500,1,2,9,1,3,74042,M,0.0,0.0,74
201500005247,15,12,1,1715,2,2,3,1,6,74042,M,0.0,0.0,74
201500005248,15,12,12,1545,1,2,6,1,6,74042,M,0.0,0.0,74
201500005249,15,4,5,2315,5,2,1,1,6,74056,M,0.0,0.0,74
201500005250,15,4,30,1445,1,2,4,1,1,74056,M,0.0,0.0,74
201500005251,15,8,14,1000,1,2,1,1,6,74056,M,0.0,0.0,74
201500005252,15,9,30,2100,5,2,1,1,6,74143,M,0.0,0.0,74
201500005253,15,10,27,1415,1,1,1,1,6,74056,M,0.0,0.0,74
201500005254,15,1,8,2145,3,1,1,9,7,74236,M,0.0,0.0,74
201500005255,15,3,3,1225,1,2,9,1,2,74173,M,0.0,0.0,74
201500005256,15,4,2,1730,1,2,1,2,6,74085,M,0.0,0.0,74
201500005257,15,4,14,1600,1,1,1,1,2,74085,M,0.0,0.0,74
201500005258,15,4,22,915,1,2,9,1,6,74173,M,0.0,0.0,74
201500005259,15,8,15,1550,1,1,1,3,7,74085,M,0.0,0.0,74
201500005260,15,8,30,1945,1,2,4,1,7,74099,M,4587200.0,662700.0,74
201500005261,15,9,26,1600,1,2,1,1,7,74236,M,0.0,0.0,74
201500005262,15,10,17,1915,5,2,1,1,6,74083,M,0.0,0.0,74
201500005263,15,12,25,1000,1,1,1,1,6,74173,M,4500000.0,600000.0,74
201500005264,15,1,22,845,1,2,9,1,6,74224,M,0.0,0.0,74
201500005265,15,7,2,2200,2,1,1,1,2,74007,M,0.0,0.0,74
201500005266,15,9,9,1300,1,2,4,1,3,74224,M,0.0,0.0,74
201500005267,15,10,24,415,5,1,6,1,7,74116,M,0.0,0.0,74
201500005268,15,7,28,1545,1,1,1,1,7,74256,M,0.0,0.0,74
201500005269,15,10,31,2000,3,1,1,1,2,74208,M,0.0,0.0,74
201500005270,15,11,13,1815,5,2,3,1,3,74256,M,0.0,0.0,74
201500005271,15,2,8,830,1,1,1,1,5,74276,M,0.0,0.0,74
201500005272,15,2,23,1245,1,2,1,4,1,74134,M,0.0,0.0,74
201500005273,15,4,7,1745,1,2,1,1,3,74183,M,0.0,0.0,74
201500005274,15,5,24,400,3,2,1,1,6,74183,M,0.0,0.0,74
201500005275,15,8,3,920,1,1,1,1,6,74273,M,0.0,0.0,74
201500005276,15,8,11,1045,1,1,4,1,1,74276,M,0.0,0.0,74
201500005277,15,8,18,1200,1,1,1,1,1,74134,M,0.0,0.0,74
201500005278,15,8,22,1715,1,1,1,1,5,74276,M,0.0,0.0,74
201500005279,15,8,27,845,1,2,1,7,6,74190,M,0.0,0.0,74
201500005280,15,12,6,300,5,2,1,1,6,74258,M,0.0,0.0,74
201500005281,15,2,20,830,1,1,6,1,1,74044,M,0.0,0.0,74
201500005282,15,3,11,1730,1,1,1,1,3,74031,M,0.0,0.0,74
201500005283,15,6,25,1500,1,1,1,1,1,74031,M,0.0,0.0,74
201500005284,15,9,5,1515,1,2,3,1,3,74216,M,0.0,0.0,74
201500005285,15,10,28,730,1,1,1,1,3,74201,M,0.0,0.0,74
201500005286,15,11,8,415,3,1,1,1,3,74201,M,0.0,0.0,74
201500005287,15,1,9,15,5,1,6,1,6,74262,M,0.0,0.0,74
201500005288,15,3,12,800,1,1,1,1,6,74040,M,0.0,0.0,74
201500005289,15,3,18,1315,1,1,1,1,1,74158,M,0.0,0.0,74
201500005290,15,7,13,1845,1,1,9,1,3,74094,M,0.0,0.0,74
201500005291,15,9,6,1630,1,1,1,1,2,74094,M,0.0,0.0,74
201500005292,15,10,29,1645,1,1,3,1,1,74021,M,0.0,0.0,74
201500005293,15,11,17,1745,3,1,1,1,6,74229,M,0.0,0.0,74
201500005294,15,3,3,1900,3,1,1,1,1,74309,M,0.0,0.0,74
201500005295,15,5,18,1415,1,1,1,1,1,74096,M,4500000.0,50000.0,74
201500005296,15,7,13,2315,3,2,1,1,6,74309,M,0.0,0.0,74
201500005297,15,7,19,1945,1,2,3,1,3,74314,M,0.0,0.0,74
201500005298,15,9,20,2115,3,1,1,1,7,74101,M,0.0,0.0,74
201500005299,15,12,11,1630,1,1,1,1,1,74259,M,0.0,0.0,74
201500005300,15,3,29,1930,3,1,1,2,3,74075,M,0.0,0.0,74
201500005301,15,4,11,1730,1,1,1,1,6,74184,M,0.0,0.0,74
201500005302,15,5,9,845,1,2,1,1,1,74077,M,0.0,0.0,74
201500005303,15,5,18,1730,1,1,1,1,7,74269,M,0.0,0.0,74
201500005304,15,6,18,1615,1,1,1,1,1,74184,M,0.0,0.0,74
201500005305,15,7,15,1815,1,1,1,1,1,74269,M,0.0,0.0,74
201500005306,15,7,19,1115,1,1,1,1,1,74269,M,0.0,0.0,74
201500005307,15,7,23,1130,1,1,1,1,7,74131,M,0.0,0.0,74
201500005308,15,7,25,145,3,1,1,3,6,74184,M,0.0,0.0,74
201500005309,15,9,10,1630,1,1,1,1,2,74029,M,0.0,0.0,74
201500005310,15,10,4,2000,3,1,1,1,3,74077,M,0.0,0.0,74
201500005311,15,11,30,1045,1,1,1,1,1,74109,M,0.0,0.0,74
201500005312,15,1,24,1715,2,2,1,4,1,74286,M,0.0,0.0,74
201500005313,15,4,11,1345,1,1,1,1,7,74001,M,0.0,0.0,74
201500005314,15,7,25,1730,1,1,1,1,1,74308,M,0.0,0.0,74
201500005315,15,8,29,900,1,1,1,1,1,74063,M,0.0,0.0,74
201500005316,15,11,20,1530,1,1,1,2,1,74308,M,0.0,0.0,74
201500005317,15,2,24,1830,3,1,1,1,6,74037,M,0.0,0.0,74
201500005318,15,4,19,1830,1,1,3,1,3,74226,M,0.0,0.0,74
201500005319,15,4,20,1645,1,1,1,1,7,74222,M,0.0,0.0,74
201500005320,15,5,10,45,3,2,1,1,6,74155,M,0.0,0.0,74
201500005321,15,5,24,1430,1,1,1,1,6,74140,M,0.0,0.0,74
201500005322,15,9,5,1515,1,2,1,1,3,74038,M,0.0,0.0,74
201500005323,15,11,19,930,1,1,1,1,1,74226,M,0.0,0.0,74
201500005324,15,4,15,1030,1,2,1,1,7,74206,M,0.0,0.0,74
201500005325,15,11,28,1245,1,1,1,1,1,74263,M,0.0,0.0,74
201500005326,15,1,2,1830,3,1,1,9,1,74033,M,0.0,0.0,74
201500005327,15,10,16,1430,1,1,1,1,6,74237,M,0.0,0.0,74
201500005328,15,12,22,815,1,1,1,1,1,74166,M,0.0,0.0,74
201500005329,15,12,28,2000,3,1,1,5,1,74200,M,0.0,0.0,74
201500005330,15,1,18,1530,1,1,1,1,6,63345,M,0.0,0.0,63
201500005331,15,3,30,945,1,1,1,2,1,63307,M,0.0,0.0,63
201500005332,15,5,21,1745,1,1,1,1,7,63263,M,0.0,0.0,63
201500005333,15,6,6,815,1,1,1,1,5,63263,M,0.0,0.0,63
201500005334,15,8,13,2115,2,1,1,1,6,63345,M,0.0,0.0,63
201500005335,15,8,25,2115,3,1,1,1,1,63345,M,0.0,0.0,63
201500005336,15,9,8,1600,1,1,1,1,1,63307,M,0.0,0.0,63
201500005337,15,3,23,715,1,1,1,1,7,63453,M,0.0,0.0,63
201500005338,15,5,14,2315,3,1,1,9,7,63229,M,0.0,0.0,63
201500005339,15,6,14,530,2,2,1,8,2,63453,M,0.0,0.0,63
201500005340,15,8,2,2200,2,1,1,1,6,63146,M,4572100.0,339000.0,63
201500005341,15,8,7,2314,3,1,1,1,1,63034,M,0.0,0.0,63
201500005342,15,8,17,1700,1,1,1,1,2,63368,M,0.0,0.0,63
201500005343,15,8,23,1700,1,1,1,2,7,63045,M,0.0,0.0,63
201500005344,15,8,29,1300,1,1,1,1,7,63146,M,0.0,0.0,63
201500005345,15,9,2,645,2,2,1,1,6,63273,M,4572770.0,324270.0,63
201500005346,15,10,20,1730,1,1,1,1,3,63368,M,0.0,0.0,63
201500005347,15,10,27,745,1,2,1,1,7,63239,M,0.0,0.0,63
201500005348,15,11,3,1000,1,1,1,8,1,63146,M,0.0,0.0,63
201500005349,15,11,5,700,2,1,1,1,3,63034,M,0.0,0.0,63
201500005350,15,11,7,2215,5,2,1,1,6,63453,M,0.0,0.0,63
201500005351,15,11,10,1815,2,1,1,1,2,63297,M,0.0,0.0,63
201500005352,15,11,21,1215,1,1,1,1,3,63045,M,0.0,0.0,63
201500005353,15,12,27,1715,3,2,1,1,3,63368,M,0.0,0.0,63
201500005354,15,3,31,2115,3,1,1,1,6,63192,M,4555900.0,267300.0,63
201500005355,15,5,24,1715,1,1,1,1,7,63192,M,0.0,0.0,63
201500005356,15,10,25,1215,1,1,1,1,6,63397,M,4563300.0,269400.0,63
201500005357,15,11,8,1530,1,1,1,7,2,63279,M,0.0,0.0,63
201500005358,15,5,6,745,1,1,2,1,3,63417,M,4583508.0,304660.0,63
201500005359,15,9,30,1745,1,1,1,1,1,63417,M,4583300.0,304800.0,63
201500005360,15,11,25,845,1,1,1,2,7,63417,M,0.0,0.0,63
201500005361,15,1,2,1945,5,2,2,8,3,63213,M,4583740.0,326130.0,63
201500005362,15,1,28,1215,1,2,1,1,1,63284,M,4579515.0,325834.0,63
201500005363,15,3,4,1900,3,1,1,1,3,63200,M,0.0,0.0,63
201500005364,15,4,13,815,1,1,1,7,2,63200,M,0.0,0.0,63
201500005365,15,5,30,400,3,2,1,1,7,63284,M,4578970.0,322489.0,63
201500005366,15,8,14,1845,1,1,1,8,1,63204,M,0.0,0.0,63
201500005367,15,9,12,1245,1,1,1,3,3,63200,M,0.0,0.0,63
201500005368,15,1,17,1545,1,1,1,1,3,63274,M,0.0,0.0,63
201500005369,15,8,3,545,2,1,1,1,7,63399,M,4565900.0,263600.0,63
201500005370,15,9,25,1115,1,1,1,1,7,63451,M,4565700.0,285500.0,63
201500005371,15,10,27,2030,5,1,1,1,6,63257,M,4574100.0,286800.0,63
201500005372,15,12,25,1015,1,1,1,1,7,63071,M,4574600.0,295300.0,63
201500005373,15,2,3,1500,1,1,1,1,6,63282,M,4562500.0,315200.0,63
201500005374,15,3,13,1945,3,1,1,2,6,63396,M,0.0,0.0,63
201500005375,15,5,3,100,3,1,1,3,1,63214,M,0.0,0.0,63
201500005376,15,6,9,1000,1,1,2,1,3,63214,M,4567254.0,320803.0,63
201500005377,15,6,14,1930,1,2,2,2,1,63457,M,4566248.0,321145.0,63
201500005378,15,6,26,1230,1,2,2,1,3,63457,M,4564063.0,324275.0,63
201500005379,15,7,4,2315,3,1,1,1,3,63026,M,4568700.0,297000.0,63
201500005380,15,8,27,1400,1,1,9,1,3,63280,M,4564600.0,328600.0,63
201500005381,15,10,22,1945,4,2,1,2,6,63026,M,4567251.0,297362.0,63
201500005382,15,10,10,2115,3,1,1,1,6,63455,M,4567600.0,318300.0,63
201500005383,15,12,2,700,3,1,1,1,3,63227,M,4568600.0,321600.0,63
201500005384,15,12,5,615,5,2,1,1,6,63227,M,0.0,0.0,63
201500005385,15,2,22,1645,1,2,1,1,3,63003,M,4554200.0,375000.0,63
201500005386,15,3,12,1700,1,1,1,1,6,63003,M,4552600.0,375700.0,63
201500005387,15,3,19,800,1,1,1,5,5,63211,M,0.0,0.0,63
201500005388,15,4,28,1715,1,1,1,1,2,63003,M,4558800.0,373400.0,63
201500005389,15,6,14,900,1,1,1,1,6,63211,M,4548000.0,376400.0,63
201500005390,15,7,23,1545,1,1,1,1,1,63179,M,4563734.0,372860.0,63
201500005391,15,10,16,1045,1,1,1,8,1,63010,M,4542860.0,372078.0,63
201500005392,15,10,3,1330,1,2,1,3,6,63258,M,4568000.0,363400.0,63
201500005393,15,1,31,1145,1,1,1,4,6,63412,M,0.0,0.0,63
201500005394,15,10,11,1500,1,1,1,1,7,63319,M,4557400.0,388500.0,63
201500005395,15,6,14,1545,1,1,1,3,5,63314,M,4558900.0,362800.0,63
201500005396,15,3,31,2115,1,2,2,1,3,63178,M,4554616.0,324895.0,63
201500005397,15,4,14,1500,1,1,1,1,1,63261,M,0.0,0.0,63
201500005398,15,7,20,1130,1,2,1,1,2,63121,M,4560930.0,322110.0,63
201500005399,15,10,10,1345,1,2,3,1,3,63178,M,4555130.0,325000.0,63
201500005400,15,11,24,1330,1,2,1,1,7,63342,M,4555120.0,310880.0,63
201500005401,15,12,6,1345,1,2,1,1,7,63178,M,4554519.0,326877.0,63
201500005402,15,5,29,1445,1,1,1,6,7,63038,M,0.0,0.0,63
201500005403,15,7,12,1000,1,1,1,7,1,63117,M,0.0,0.0,63
201500005404,15,7,19,1730,1,1,1,1,2,63077,M,0.0,0.0,63
201500005405,15,8,26,1915,1,2,1,1,1,63038,M,4550945.0,293817.0,63
201500005406,15,9,4,1515,1,1,1,1,2,63383,M,0.0,0.0,63
201500005407,15,10,1,1600,1,1,1,1,6,63077,M,0.0,0.0,63
201500005408,15,11,18,1330,1,2,1,1,6,63144,M,0.0,0.0,63
201500005409,15,12,31,2230,3,1,1,5,6,63182,M,4543000.0,333500.0,63
201500005410,15,1,9,1115,1,1,1,8,1,63423,M,0.0,0.0,63
201500005411,15,2,15,1145,1,1,1,1,7,63366,M,0.0,0.0,63
201500005412,15,5,3,1400,1,2,1,1,6,63022,M,4543804.0,330656.0,63
201500005413,15,6,19,1300,1,1,1,1,1,63415,M,4555400.0,336000.0,63
201500005414,15,7,4,1030,1,2,9,1,3,63050,M,4541357.0,332005.0,63
201500005415,15,7,17,1815,1,2,6,1,3,63050,M,4541466.0,331956.0,63
201500005416,15,11,7,1015,2,1,1,1,1,63367,M,0.0,0.0,63
201500005417,15,11,11,1545,1,1,3,1,1,63444,M,4552850.0,331110.0,63
201500005418,15,12,27,1900,3,1,1,1,6,63029,M,0.0,0.0,63
201500005419,15,4,15,145,3,1,1,1,6,63203,M,0.0,0.0,63