Num_Acc,an,mois,jour,hrmn,lum,agg,int,atm,col,com,gps,lat,long,dep
201500005420,15,10,31,1630,1,1,1,1,7,63203,M,4584510.0,304490.0,63
201500005421,15,2,19,700,2,1,1,1,3,63068,M,4595100.0,315900.0,63
201500005422,15,6,7,345,5,2,1,1,6,63379,M,4599320.0,313236.0,63
201500005423,15,6,12,45,3,1,6,1,6,63116,M,0.0,0.0,63
201500005424,15,6,20,1730,1,1,1,1,3,63235,M,0.0,0.0,63
201500005425,15,7,1,730,1,2,1,7,1,63012,M,0.0,0.0,63
201500005426,15,7,12,600,1,1,1,1,7,63235,M,0.0,0.0,63
201500005427,15,7,14,1815,1,1,1,1,5,63432,M,4596700.0,325900.0,63
201500005428,15,12,11,2300,3,1,1,1,7,63013,M,4598400.0,317700.0,63
201500005429,15,4,18,15,3,1,1,1,6,63148,M,4589200.0,319200.0,63
201500005430,15,6,24,1900,1,1,1,7,2,63295,M,4602500.0,336600.0,63
201500005431,15,8,11,1145,1,1,1,1,3,63089,M,4587700.0,323100.0,63
201500005432,15,9,20,1015,1,1,1,1,5,63295,M,4600900.0,335800.0,63
201500005433,15,11,1,230,3,1,1,1,7,63443,M,4594400.0,319600.0,63
201500005434,15,8,29,1200,1,1,1,1,7,63339,M,0.0,0.0,63
201500005435,15,12,18,2200,3,1,1,1,6,63238,M,0.0,0.0,63
201500005436,15,5,30,1845,1,2,2,1,3,63338,M,4616498.0,283940.0,63
201500005437,15,7,20,1730,1,1,1,1,3,63419,M,0.0,0.0,63
201500005438,15,8,19,1015,1,1,1,1,1,63338,M,0.0,0.0,63
201500005439,15,10,28,1815,5,2,1,2,6,63338,M,4616200.0,284410.0,63
201500005440,15,2,18,300,3,1,1,1,6,63151,M,0.0,0.0,63
201500005441,15,3,14,1845,1,2,1,1,1,63430,M,4586024.0,354083.0,63
201500005442,15,4,13,900,1,2,2,1,5,63430,M,4585211.0,354157.0,63
201500005443,15,4,22,230,3,1,1,1,7,63430,M,4586651.0,352616.0,63
201500005444,15,5,12,1945,2,1,1,1,3,63430,M,0.0,0.0,63
201500005445,15,5,18,1300,1,2,1,1,6,63430,M,4586199.0,354990.0,63
201500005446,15,6,4,815,1,1,1,1,1,63267,M,4590598.0,363342.0,63
201500005447,15,6,26,1630,1,1,1,1,1,63138,M,0.0,0.0,63
201500005448,15,7,4,300,5,2,1,1,6,63393,M,4588458.0,359214.0,63
201500005449,15,2,14,1200,1,1,1,1,7,63131,M,0.0,0.0,63
201500005450,15,6,9,2300,3,1,1,1,3,63469,M,0.0,0.0,63
201500005451,15,6,5,1345,1,2,1,1,1,63195,M,0.0,0.0,63
201500005452,15,8,17,1515,1,1,1,1,7,63469,M,4579100.0,360200.0,63
201500005453,15,9,25,1145,1,1,1,1,5,63249,M,0.0,0.0,63
201500005454,15,4,4,315,3,1,1,1,7,63210,M,0.0,0.0,63
201500005455,15,6,26,1715,1,1,1,1,2,63180,M,4586500.0,330900.0,63
201500005456,15,11,7,1345,1,1,2,1,3,63210,M,0.0,0.0,63
201500005457,15,12,28,15,3,1,1,1,6,63271,M,0.0,0.0,63
201500005458,15,1,5,930,1,2,1,1,6,03290,M,4663300.0,330700.0,03
201500005459,15,2,22,1700,2,1,1,4,7,03015,M,0.0,0.0,03
201500005460,15,8,24,1645,1,1,1,6,1,03121,M,4661700.0,336600.0,03
201500005461,15,9,6,1300,1,2,1,1,3,03229,M,0.0,0.0,03
201500005462,15,10,7,1015,1,1,1,1,2,03286,M,0.0,0.0,03
201500005463,15,1,24,1300,1,1,1,4,6,03146,M,0.0,0.0,03
201500005464,15,2,2,1845,3,1,1,1,4,03320,M,0.0,0.0,03
201500005465,15,7,31,1700,1,1,1,1,1,03155,M,4677300.0,292800.0,03
201500005466,15,1,16,1815,3,1,1,1,2,03265,M,0.0,0.0,03
201500005467,15,2,17,1330,1,2,9,1,6,03102,M,0.0,0.0,03
201500005468,15,3,5,1200,1,2,2,1,1,03102,M,0.0,0.0,03
201500005469,15,4,20,730,1,2,1,1,1,03102,M,0.0,0.0,03
201500005470,15,7,1,1230,1,1,1,1,6,03300,M,0.0,0.0,03
201500005471,15,7,24,630,2,1,1,1,1,03265,M,0.0,0.0,03
201500005472,15,7,25,800,1,1,1,1,6,03177,M,0.0,0.0,03
201500005473,15,9,9,2130,3,1,1,1,6,03300,M,0.0,0.0,03
201500005474,15,10,30,1130,1,1,1,1,2,03102,M,0.0,0.0,03
201500005475,15,12,14,1345,1,1,1,1,6,03102,M,0.0,0.0,03
201500005476,15,6,17,1945,1,1,1,1,3,03156,M,0.0,0.0,03
201500005477,15,8,2,1745,1,1,1,1,3,03283,M,4683300.0,303300.0,03
201500005478,15,8,28,2000,1,1,1,1,7,03074,M,0.0,0.0,03
201500005479,15,9,24,1530,1,1,1,1,3,03025,M,0.0,0.0,03
201500005480,15,11,17,1630,1,1,1,1,7,03074,M,4656900.0,360700.0,03
201500005481,15,12,7,1900,3,1,1,1,6,03119,M,0.0,0.0,03
201500005482,15,12,13,1115,1,1,1,1,1,03120,M,0.0,0.0,03
201500005483,15,12,18,1800,3,1,1,1,7,03283,M,0.0,0.0,03
201500005484,15,1,14,1745,2,1,1,1,4,03254,M,0.0,0.0,03
201500005485,15,2,3,1915,3,1,1,1,1,03319,M,0.0,0.0,03
201500005486,15,3,3,645,2,1,1,1,5,03148,M,0.0,0.0,03
201500005487,15,4,18,215,3,1,1,2,7,03227,M,0.0,0.0,03
201500005488,15,6,11,1730,1,1,1,2,5,03254,M,0.0,0.0,03
201500005489,15,7,9,1700,1,1,9,1,3,03254,M,0.0,0.0,03
201500005490,15,8,30,445,3,1,9,1,6,03083,M,0.0,0.0,03
201500005491,15,9,24,800,1,1,1,1,3,03053,M,0.0,0.0,03
201500005492,15,9,28,700,1,1,1,1,6,03134,M,0.0,0.0,03
201500005493,15,10,27,1115,1,2,1,1,1,03254,M,0.0,0.0,03
201500005494,15,11,29,1430,1,1,2,1,3,03254,M,0.0,0.0,03
201500005495,15,12,20,2230,3,1,1,1,6,03059,M,0.0,0.0,03
201500005496,15,1,23,1115,1,1,1,5,6,03099,M,4637500.0,302800.0,03
201500005497,15,2,14,200,3,1,1,1,6,03247,M,4659800.0,312600.0,03
201500005498,15,3,31,1330,1,1,1,6,6,03275,M,4651700.0,316000.0,03
201500005499,15,4,3,1215,1,1,1,1,6,03169,M,4640600.0,325100.0,03
201500005500,15,5,21,2300,3,1,1,1,6,03069,M,4646200.0,314800.0,03
201500005501,15,6,11,1130,1,1,1,1,1,03099,M,0.0,0.0,03
201500005502,15,5,30,1745,1,2,1,1,1,03212,M,0.0,0.0,03
201500005503,15,8,30,1015,1,1,1,1,6,03128,M,0.0,0.0,03
201500005504,15,9,12,1500,1,1,1,2,7,03279,M,4626700.0,252800.0,03
201500005505,15,10,5,1115,1,1,1,2,7,03305,M,4638100.0,268100.0,03
201500005506,15,12,1,2345,3,1,1,1,7,03055,M,4642700.0,247600.0,03
201500005507,15,12,19,1815,3,1,1,1,6,03288,M,4636900.0,238700.0,03
201500005508,15,5,12,1030,1,1,2,1,3,03244,M,0.0,0.0,03
201500005509,15,6,20,300,3,1,1,1,7,03206,M,0.0,0.0,03
201500005510,15,8,10,1245,1,1,1,1,6,03314,M,0.0,0.0,03
201500005511,15,7,22,1700,1,1,1,1,1,03106,M,0.0,0.0,03
201500005512,15,10,7,1130,1,1,1,2,6,03052,M,0.0,0.0,03
201500005513,15,12,2,1245,1,2,1,7,3,03082,M,0.0,0.0,03
201500005514,15,1,3,1815,5,2,1,2,6,03027,M,0.0,0.0,03
201500005515,15,2,21,1045,1,2,1,1,1,03315,M,0.0,0.0,03
201500005516,15,7,25,315,4,2,1,1,6,03315,M,0.0,0.0,03
201500005517,15,10,5,530,3,1,1,2,3,03243,M,0.0,0.0,03
201500005518,15,12,3,845,1,1,1,7,6,03186,M,0.0,0.0,03
201500005519,15,12,29,2215,3,2,1,9,6,03315,M,0.0,0.0,03
201500005520,15,12,30,1645,1,2,1,1,1,03186,M,0.0,0.0,03
201500005521,15,1,7,1930,3,1,1,3,7,03273,M,0.0,0.0,03
201500005522,15,9,8,1730,1,1,1,1,7,03110,M,0.0,0.0,03
201500005523,15,3,11,1245,1,1,1,1,1,03182,M,4610100.0,324300.0,03
201500005524,15,5,11,1500,1,1,1,1,1,03022,M,0.0,0.0,03
201500005525,15,5,30,1015,1,1,1,1,2,03268,M,0.0,0.0,03
201500005526,15,8,23,1500,1,1,1,1,3,03182,M,0.0,0.0,03
201500005527,15,11,5,1000,1,2,1,7,6,03107,M,0.0,0.0,03
201500005528,15,4,13,1645,1,2,1,1,1,03028,M,0.0,0.0,03
201500005529,15,8,30,2215,3,1,1,1,7,03017,M,0.0,0.0,03
201500005530,15,7,11,1830,1,1,1,1,6,03138,M,0.0,0.0,03
201500005531,15,7,5,1645,1,1,1,1,6,03071,M,0.0,0.0,03
201500005532,15,3,17,1530,1,1,1,1,7,03008,M,4606000.0,357300.0,03
201500005533,15,5,13,1430,1,1,1,1,3,03165,M,0.0,0.0,03
201500005534,15,5,24,1515,1,1,1,1,7,03165,M,4614500.0,365000.0,03
201500005535,15,5,25,1645,1,2,1,2,1,03165,M,4608100.0,366600.0,03
201500005536,15,3,12,1700,1,1,1,1,1,03235,M,0.0,0.0,03
201500005537,15,5,14,1715,1,2,1,1,1,03298,M,0.0,0.0,03
201500005538,15,5,25,1,5,2,1,1,7,03298,M,4633500.0,338900.0,03
201500005539,15,7,31,915,1,2,1,1,6,03298,M,4632200.0,339600.0,03
201500005540,15,10,7,1645,1,1,2,1,3,03215,M,0.0,0.0,03
201500005541,15,2,16,1715,1,1,1,7,5,15267,M,4493700.0,234100.0,15
201500005542,15,4,5,1945,1,2,1,1,6,15165,M,4502600.0,213900.0,15
201500005543,15,4,8,1445,1,1,1,1,1,15221,M,4489000.0,235100.0,15
201500005544,15,8,8,1900,1,1,1,2,6,15221,M,4488700.0,234700.0,15
201500005545,15,2,11,1415,1,1,1,1,3,15184,M,0.0,0.0,15
201500005546,15,7,15,1815,1,1,1,1,1,15194,M,0.0,0.0,15
201500005547,15,7,17,1515,1,1,1,1,1,15194,M,0.0,0.0,15
201500005548,15,7,25,1745,1,1,1,1,6,15122,M,0.0,0.0,15
201500005549,15,11,14,1415,1,1,1,1,1,15196,M,4486300.0,229300.0,15
201500005550,15,7,13,1230,1,2,1,1,2,15260,M,4465200.0,239900.0,15
201500005551,15,5,3,1530,1,1,1,1,6,15118,M,0.0,0.0,15
201500005552,15,5,22,1545,1,2,1,1,5,15258,M,0.0,0.0,15
201500005553,15,7,8,1645,1,1,1,1,3,15236,M,0.0,0.0,15
201500005554,15,10,22,1945,5,2,1,8,1,15255,M,4489700.0,252000.0,15
201500005555,15,7,15,1915,1,1,1,1,6,15063,M,4515500.0,238900.0,15
201500005556,15,1,3,930,1,2,1,8,6,15124,M,4530000.0,258400.0,15
201500005557,15,7,4,1130,1,1,1,1,1,15040,M,4539100.0,281900.0,15
201500005558,15,5,24,1100,1,1,1,1,6,15202,M,4510300.0,240300.0,15
201500005559,15,6,28,1100,1,1,1,1,3,15219,M,4514800.0,250600.0,15
201500005560,15,8,17,1615,1,1,1,1,7,15219,M,0.0,0.0,15
201500005561,15,8,29,1500,1,1,1,1,3,15066,M,0.0,0.0,15
201500005562,15,4,7,1500,1,1,1,1,7,15250,M,4537600.0,250600.0,15
201500005563,15,5,24,1600,1,1,1,1,7,15038,M,4537600.0,258100.0,15
201500005564,15,6,19,1715,1,1,1,1,2,15265,M,0.0,0.0,15
201500005565,15,7,3,2145,3,1,1,1,7,15038,M,0.0,0.0,15
201500005566,15,8,8,1745,1,1,1,2,1,15019,M,4531500.0,240900.0,15
201500005567,15,10,23,2045,5,2,1,1,6,15037,M,0.0,0.0,15
201500005568,15,1,8,930,1,1,1,5,6,15188,M,4501600.0,311900.0,15
201500005569,15,1,19,1815,5,2,6,2,6,15187,M,0.0,0.0,15
201500005570,15,1,20,1545,1,1,1,1,3,15195,M,0.0,0.0,15
201500005571,15,5,6,1215,1,1,1,7,3,15187,M,0.0,0.0,15
201500005572,15,8,9,2130,2,1,1,8,1,15231,M,4512400.0,302800.0,15
201500005573,15,8,16,800,1,2,1,1,2,15187,M,4503600.0,308500.0,15
201500005574,15,10,17,1500,1,2,1,1,7,15187,M,4503900.0,310000.0,15
201500005575,15,12,2,800,2,1,1,5,6,15187,M,4504500.0,308100.0,15
201500005576,15,2,4,1145,1,1,1,8,3,15127,M,4522000.0,310500.0,15
201500005577,15,7,29,1100,1,1,1,7,7,15069,M,4518100.0,310500.0,15
201500005578,15,5,13,1530,1,1,1,1,1,15213,M,0.0,0.0,15
201500005579,15,5,23,1630,1,1,1,1,7,15001,M,0.0,0.0,15
201500005580,15,6,28,1945,1,1,1,1,1,15061,M,0.0,0.0,15
201500005581,15,7,18,1615,1,1,1,1,7,15025,M,0.0,0.0,15
201500005582,15,11,26,1530,1,1,1,4,1,15155,M,0.0,0.0,15
201500005583,15,3,12,1330,1,1,1,1,1,43154,M,4478450.0,388476.0,43
201500005584,15,5,7,1415,1,1,1,1,2,43215,M,4480980.0,388022.0,43
201500005585,15,9,24,1115,1,2,1,1,6,43077,M,4489370.0,384819.0,43
201500005586,15,10,5,1045,1,2,1,1,6,43077,M,4489290.0,384896.0,43
201500005587,15,10,10,445,5,1,1,5,6,43039,M,4494530.0,384775.0,43
201500005588,15,10,25,1145,1,1,1,1,7,43039,M,,,43
201500005589,15,12,20,1700,2,2,4,8,1,43042,M,4492150.0,380852.0,43
201500005590,15,5,11,1305,1,1,1,1,6,43189,M,4528300.0,388371.0,43
201500005591,15,8,28,1815,1,2,3,7,1,43080,M,4533000.0,384699.0,43
201500005592,15,7,16,1545,1,1,1,1,7,43150,M,,,43
201500005593,15,8,8,1400,1,1,1,8,6,43253,M,4496890.0,430024.0,43
201500005594,15,8,10,1015,1,1,1,2,6,43078,M,4502850.0,394482.0,43
201500005595,15,8,13,1600,1,1,1,2,6,43078,M,4502890.0,394451.0,43
201500005596,15,8,19,1645,1,1,1,1,6,43115,M,4498310.0,406013.0,43
201500005597,15,8,21,1545,1,1,3,1,3,43218,M,4503690.0,404739.0,43
201500005598,15,8,29,1515,1,1,1,1,6,43115,M,4496050.0,406609.0,43
201500005599,15,10,4,830,1,1,1,7,7,43253,M,,,43
201500005600,15,11,24,1330,1,1,1,1,6,43218,M,4503500.0,403239.0,43
201500005601,15,12,7,815,1,1,1,1,6,43150,M,,,43
201500005602,15,1,8,2015,3,1,1,8,3,43152,M,4507010.0,384836.0,43
201500005603,15,1,10,1400,1,1,1,1,6,43217,M,,,43
201500005604,15,4,6,1300,1,1,3,1,6,43230,M,4514770.0,392054.0,43
201500005605,15,5,2,930,1,1,1,1,6,43061,M,4509710.0,389823.0,43
201500005606,15,7,25,1800,1,1,1,7,1,43254,M,,,43
201500005607,15,8,30,45,3,2,1,1,6,43122,M,4513140.0,375282.0,43
201500005608,15,9,19,445,5,2,1,1,6,43152,M,4505040.0,387485.0,43
201500005609,15,11,16,1600,1,1,1,1,6,43061,M,4510700.0,389648.0,43
201500005610,15,8,11,1545,1,1,1,1,1,43117,M,4524960.0,343517.0,43
201500005611,15,11,9,1710,2,2,3,7,3,43040,M,,,43
201500005612,15,12,15,1400,1,2,3,1,3,43040,M,,,43
201500005613,15,4,23,1345,1,1,1,1,1,43132,M,4513230.0,348395.0,43
201500005614,15,8,15,445,3,1,1,1,7,43070,M,4516390.0,344374.0,43
201500005615,15,12,6,1430,1,1,2,1,3,43222,M,4519630.0,346076.0,43
201500005616,15,12,17,1220,1,1,4,1,3,43234,M,4496610.0,354216.0,43
201500005617,15,1,15,1445,1,2,2,7,3,43099,M,4538840.0,330438.0,43
201500005618,15,2,20,900,1,2,1,7,6,43038,M,4536430.0,330940.0,43
201500005619,15,5,20,1249,1,1,1,1,6,43123,M,4533230.0,327045.0,43
201500005620,15,5,23,1830,1,1,1,1,3,43088,M,4530390.0,324940.0,43
201500005621,15,6,12,2115,2,1,1,1,6,43016,M,4538720.0,334119.0,43
201500005622,15,8,25,1715,1,1,3,1,3,43258,M,4538730.0,334017.0,43
201500005623,15,9,9,1630,1,1,1,1,6,43120,M,4538390.0,327877.0,43
201500005624,15,10,1,1845,1,2,3,1,3,43185,M,,,43
201500005625,15,11,5,2245,3,1,4,1,3,43016,M,4538880.0,336318.0,43
201500005626,15,8,16,15,3,1,1,1,6,43007,M,4508970.0,415941.0,43
201500005627,15,9,27,1600,1,1,1,1,6,43162,M,4523120.0,406332.0,43
201500005628,15,2,20,45,3,1,1,1,1,43127,M,4533550.0,414623.0,43
201500005629,15,3,28,1730,2,1,2,8,3,43249,M,4534060.0,403751.0,43
201500005630,15,5,7,1800,1,1,3,7,3,43020,M,4532710.0,413386.0,43
201500005631,15,5,13,1815,1,1,1,1,6,43211,M,,,43
201500005632,15,5,24,1800,1,1,2,1,3,43249,M,4534420.0,403823.0,43
201500005633,15,6,11,800,1,1,1,1,6,43020,M,4529800.0,412315.0,43
201500005634,15,8,1,100,5,1,1,2,1,43012,M,4538350.0,422698.0,43
201500005635,15,8,1,1800,1,1,1,8,5,43137,M,4526130.0,415104.0,43
201500005636,15,9,14,1800,1,1,1,1,3,43020,M,,,43
201500005637,15,9,19,1615,1,1,1,3,1,43012,M,,,43
201500005638,15,11,10,1200,1,1,3,1,1,43020,M,4532590.0,412932.0,43
201500005639,15,3,23,830,1,1,1,1,7,43130,M,4505130.0,424751.0,43
201500005640,15,2,1,1245,1,1,1,4,3,43224,M,4525740.0,420259.0,43
201500005641,15,5,30,1815,1,2,1,1,6,43153,M,,,43
201500005642,15,8,26,1800,1,1,2,1,3,43213,M,4524180.0,427434.0,43
201500005643,15,10,28,1915,3,1,1,2,6,43184,M,4536690.0,426814.0,43
201500005644,15,10,4,1215,1,1,1,1,3,43227,M,4529880.0,431649.0,43
201500005645,15,7,9,1315,1,1,1,1,1,43244,M,4511680.0,424653.0,43
201500005646,15,7,19,1400,1,1,1,1,7,43199,M,4513170.0,420135.0,43
201500005647,15,1,16,945,1,2,7,2,6,03185,M,,,03
201500005648,15,11,10,500,4,2,3,1,3,03101,M,,,03
201500005649,15,1,16,1308,1,2,3,1,6,03185,M,,,03
201500005650,15,2,7,2055,5,2,2,1,3,03185,M,,,03
201500005651,15,10,29,1525,1,2,3,1,6,03185,M,,,03
201500005652,15,1,16,1700,1,2,3,1,6,03185,M,,,03
201500005653,15,11,17,1305,1,2,2,1,3,03185,M,,,03
201500005654,15,4,1,1250,1,2,2,1,3,03185,M,,,03
201500005655,15,1,18,418,3,1,1,1,1,03101,M,,,03
201500005656,15,11,13,850,1,2,1,1,6,03185,M,,,03
201500005657,15,4,14,1535,1,2,3,1,3,03101,M,,,03
201500005658,15,2,5,1645,1,2,1,1,2,03185,M,,,03
201500005659,15,12,9,1415,1,2,7,1,6,03185,M,,,03
201500005660,15,6,22,830,1,2,1,1,6,03185,M,,,03
201500005661,15,12,18,820,1,2,2,1,6,03185,M,,,03
201500005662,15,6,28,2100,1,1,1,1,1,03101,M,,,03
201500005663,15,7,2,230,5,2,1,1,6,03185,M,,,03
201500005664,15,8,19,1325,1,2,4,1,6,03185,M,,,03
201500005665,15,8,30,1505,1,2,1,1,6,03185,M,,,03
201500005666,15,7,15,1720,1,2,1,1,3,03101,M,,,03
201500005667,15,7,7,1705,1,1,2,1,3,03211,M,,,03
201500005668,15,7,21,1015,1,2,3,1,6,03185,M,,,03
201500005669,15,11,16,1740,2,2,1,1,4,03185,M,,,03
201500005670,15,10,30,1930,5,2,3,1,3,03185,M,,,03
201500005671,15,9,27,220,5,2,1,1,6,03185,M,,,03
201500005672,15,1,16,815,2,2,1,2,6,03190,M,,,03
201500005673,15,12,3,1325,1,2,1,1,1,03190,M,,,03
201500005674,15,2,8,630,5,2,1,1,7,03190,M,,,03
201500005675,15,5,13,1900,1,1,1,1,5,03321,M,,,03
201500005676,15,6,8,1805,1,2,1,1,6,03321,M,,,03
201500005677,15,6,24,835,1,2,6,1,1,03190,M,,,03
201500005678,15,9,23,1330,1,2,1,1,3,03321,M,,,03
201500005679,15,10,9,850,2,2,6,7,6,03190,M,,,03
201500005680,15,1,6,1745,5,2,1,5,6,57593,M,4919891.0,603585.0,57
201500005681,15,1,29,515,3,2,1,1,7,57017,M,0.0,0.0,57
201500005682,15,2,11,445,5,1,1,1,5,57543,M,0.0,0.0,57
201500005683,15,4,1,2100,5,2,1,1,6,57415,M,0.0,0.0,57
201500005684,15,4,30,2330,3,1,1,3,7,57415,M,0.0,0.0,57
201500005685,15,5,16,1915,1,2,1,1,3,57134,M,0.0,0.0,57
201500005686,15,6,30,1845,1,1,1,1,1,57017,M,0.0,0.0,57
201500005687,15,7,26,945,1,1,1,1,1,57543,M,0.0,0.0,57
201500005688,15,8,18,1715,1,1,1,1,3,57481,M,0.0,0.0,57
201500005689,15,8,17,2315,5,1,1,1,2,57543,M,0.0,0.0,57
201500005690,15,8,22,1515,1,1,1,1,3,57481,M,0.0,0.0,57
201500005691,15,10,15,1930,3,1,1,1,7,57634,M,0.0,0.0,57
201500005692,15,7,13,1500,1,1,1,1,3,57350,M,0.0,0.0,57
201500005693,15,7,17,1745,1,1,1,1,2,57352,M,4909692.0,610049.0,57
201500005694,15,9,20,800,1,1,9,1,6,57350,M,0.0,0.0,57
201500005695,15,9,19,1700,1,1,1,8,3,57153,M,4903803.0,606998.0,57
201500005696,15,10,14,1800,1,1,3,1,3,57039,M,4903282.0,612863.0,57
201500005697,15,12,11,45,3,1,1,1,6,57350,M,4905621.0,607397.0,57
201500005698,15,1,17,1745,5,2,1,1,6,57443,M,4921678.0,611814.0,57
201500005699,15,2,3,1645,1,2,1,1,2,57663,M,0.0,0.0,57
201500005700,15,3,28,1515,1,2,1,2,2,57433,M,4921080.0,616069.0,57
201500005701,15,4,22,1730,1,1,9,1,1,57645,M,0.0,0.0,57
201500005702,15,5,14,1900,1,2,1,3,1,57433,M,4921544.0,616089.0,57
201500005703,15,5,17,530,5,2,6,1,1,57303,M,4921781.0,617795.0,57
201500005704,15,8,30,45,3,1,1,1,2,57433,M,0.0,0.0,57
201500005705,15,9,10,1015,1,2,8,1,6,57433,M,4921229.0,616009.0,57
201500005706,15,10,6,1830,1,2,1,8,3,57433,M,4921640.0,616669.0,57
201500005707,15,12,15,1700,2,2,1,1,3,57511,M,4917400.0,615100.0,57
201500005708,15,3,10,1630,1,1,1,1,6,57572,M,0.0,0.0,57
201500005709,15,3,16,1900,3,1,1,1,1,57231,M,0.0,0.0,57
201500005710,15,3,21,1830,2,1,1,1,6,57162,M,0.0,0.0,57
201500005711,15,3,28,1030,1,2,1,1,5,57605,M,4893949.0,629943.0,57
201500005712,15,6,29,1200,1,1,1,1,6,57139,M,4901312.0,625905.0,57
201500005713,15,8,14,1400,1,2,2,1,1,57652,M,0.0,0.0,57
201500005714,15,12,5,1915,1,2,1,1,3,57708,M,4900304.0,620073.0,57
201500005715,15,2,20,1900,1,1,1,1,5,57575,M,0.0,0.0,57
201500005716,15,6,30,830,1,1,1,1,1,57193,M,0.0,0.0,57
201500005717,15,7,8,2200,3,1,1,1,1,57043,M,0.0,0.0,57
201500005718,15,7,25,1200,1,1,1,1,1,57043,M,0.0,0.0,57
201500005719,15,8,7,1730,1,1,1,7,1,57200,M,0.0,0.0,57
201500005720,15,8,23,1430,1,1,2,1,3,57694,M,4914826.0,624672.0,57
201500005721,15,9,21,1745,1,1,1,1,2,57716,M,4915356.0,626316.0,57
201500005722,15,10,10,1815,1,1,1,1,1,57438,M,4917900.0,623000.0,57
201500005723,15,10,16,915,1,1,2,1,3,57482,M,4911769.0,631923.0,57
201500005724,15,1,21,2145,3,1,1,1,5,57097,M,0.0,0.0,57
201500005725,15,6,14,915,1,1,1,1,7,57167,M,0.0,0.0,57
201500005726,15,7,3,100,3,1,1,1,6,57235,M,0.0,0.0,57
201500005727,15,7,9,915,1,1,2,1,3,57610,M,0.0,0.0,57
201500005728,15,10,2,1730,1,1,1,1,1,57695,M,0.0,0.0,57
201500005729,15,11,4,915,1,1,1,1,1,57172,M,0.0,0.0,57
201500005730,15,11,5,1515,1,1,1,1,2,57097,M,0.0,0.0,57
201500005731,15,3,7,1045,1,2,1,1,6,57765,M,0.0,0.0,57
201500005732,15,6,10,800,1,1,1,1,7,57160,M,0.0,0.0,57
201500005733,15,6,13,1945,1,2,1,1,6,57550,M,4915344.0,666101.0,57
201500005734,15,8,3,1045,1,1,1,1,6,57205,M,0.0,0.0,57
201500005735,15,8,9,2045,3,1,1,1,6,57681,M,0.0,0.0,57
201500005736,15,1,8,1045,1,2,1,1,6,57209,M,0.0,0.0,57
201500005737,15,2,11,1745,1,1,1,1,1,57276,M,0.0,0.0,57
201500005738,15,3,8,1815,2,1,1,1,3,57319,M,0.0,0.0,57
201500005739,15,3,28,2245,3,1,1,8,1,57190,M,0.0,0.0,57
201500005740,15,5,21,1100,1,2,1,1,6,57209,M,0.0,0.0,57
201500005741,15,8,10,1800,1,2,1,1,3,57159,M,4907659.0,658705.0,57
201500005742,15,4,4,1630,1,1,1,2,1,57018,M,0.0,0.0,57
201500005743,15,5,18,1615,1,1,1,1,1,57712,M,0.0,0.0,57
201500005744,15,6,27,2200,3,1,1,1,6,57434,M,0.0,0.0,57
201500005745,15,7,26,1900,1,1,1,2,7,57625,M,0.0,0.0,57
201500005746,15,8,31,1900,1,1,1,6,6,57040,M,0.0,0.0,57
201500005747,15,11,14,845,1,1,1,1,1,57490,M,0.0,0.0,57
201500005748,15,5,10,1630,1,1,1,1,7,57494,M,0.0,0.0,57
201500005749,15,5,10,645,2,1,1,1,6,57270,M,0.0,0.0,57
201500005750,15,5,19,100,3,1,1,1,6,57011,M,0.0,0.0,57
201500005751,15,6,3,945,1,1,1,1,1,57071,M,0.0,0.0,57
201500005752,15,10,2,2115,5,2,1,1,6,57255,M,4879336.0,700150.0,57
201500005753,15,11,3,830,1,2,1,1,1,57177,M,4881164.0,671750.0,57
201500005754,15,11,14,1515,1,1,1,1,6,57086,M,0.0,0.0,57
201500005755,15,3,10,1830,5,1,1,2,5,57596,M,0.0,0.0,57
201500005756,15,3,24,1430,1,2,9,1,6,57013,M,4918474.0,698668.0,57
201500005757,15,9,26,430,3,1,1,1,7,57665,M,4912207.0,693016.0,57
201500005758,15,1,5,845,1,1,1,4,1,57466,M,0.0,0.0,57
201500005759,15,1,5,2200,5,2,1,5,1,57669,M,0.0,0.0,57
201500005760,15,1,12,1830,5,2,1,1,6,57316,M,4909654.0,685363.0,57
201500005761,15,1,12,1215,1,2,1,1,6,57207,M,0.0,0.0,57
201500005762,15,1,23,2030,3,2,1,8,6,57644,M,0.0,0.0,57
201500005763,15,1,27,400,3,1,1,9,7,57207,M,0.0,0.0,57
201500005764,15,3,10,1130,1,2,1,1,1,57207,M,4911695.0,686951.0,57
201500005765,15,4,16,1,5,1,6,1,6,57669,M,0.0,0.0,57
201500005766,15,4,15,1315,1,1,1,1,1,57337,M,0.0,0.0,57
201500005767,15,4,16,1600,1,2,3,1,3,57207,M,4915095.0,692441.0,57
201500005768,15,5,22,1515,1,2,1,1,6,57207,M,0.0,0.0,57
201500005769,15,5,22,1945,1,2,1,1,1,57144,M,0.0,0.0,57
201500005770,15,10,14,1400,1,1,1,8,7,57466,M,0.0,0.0,57
201500005771,15,11,24,1700,3,1,1,4,1,57316,M,0.0,0.0,57
201500005772,15,5,21,1615,1,1,1,1,3,57115,M,0.0,0.0,57
201500005773,15,6,3,1630,1,2,1,1,6,57560,M,0.0,0.0,57
201500005774,15,7,9,2230,3,1,1,1,7,57409,M,0.0,0.0,57
201500005775,15,1,5,1545,1,1,1,8,1,57302,M,0.0,0.0,57
201500005776,15,5,16,145,5,2,1,2,6,57003,M,0.0,0.0,57
201500005777,15,6,4,1245,1,1,1,7,7,57763,M,0.0,0.0,57
201500005778,15,12,28,500,3,1,6,1,7,57468,M,0.0,0.0,57
201500005779,15,2,2,1830,5,2,1,1,6,57589,M,0.0,0.0,57
201500005780,15,5,1,1800,1,2,6,1,3,57260,M,0.0,0.0,57
201500005781,15,5,19,1045,1,1,1,1,5,57408,M,4915532.0,698281.0,57
201500005782,15,7,4,2100,1,1,1,1,2,57631,M,0.0,0.0,57
201500005783,15,9,27,145,5,1,1,1,3,57633,M,0.0,0.0,57