Num_Acc,an,mois,jour,hrmn,lum,agg,int,atm,col,com,gps,lat,long,dep
201500005784,15,5,31,1145,1,1,1,1,2,57103,M,0.0,0.0,57
201500005785,15,9,29,1530,1,1,1,1,3,57188,M,0.0,0.0,57
201500005786,15,11,17,2330,3,2,1,1,6,57658,M,0.0,0.0,57
201500005787,15,4,15,1100,1,2,1,1,3,57206,M,0.0,0.0,57
201500005788,15,4,19,2145,5,2,1,1,3,57206,M,0.0,0.0,57
201500005789,15,8,9,1715,1,1,1,1,7,57724,M,0.0,0.0,57
201500005790,15,11,14,1700,2,1,1,1,1,57206,M,0.0,0.0,57
201500005791,15,4,18,815,1,1,1,7,7,57179,M,0.0,0.0,57
201500005792,15,4,29,1445,1,1,1,1,3,57464,M,0.0,0.0,57
201500005793,15,7,6,1745,1,1,1,1,1,57067,M,0.0,0.0,57
201500005794,15,8,20,1715,1,1,1,1,6,57331,M,0.0,0.0,57
201500005795,15,8,23,1145,1,1,1,1,7,57359,M,0.0,0.0,57
201500005796,15,9,8,1745,1,1,1,1,2,57287,M,0.0,0.0,57
201500005797,15,9,12,1015,1,2,1,1,1,57179,M,4933484.0,626901.0,57
201500005798,15,10,5,1700,1,1,1,1,7,57359,M,0.0,0.0,57
201500005799,15,12,9,1915,5,2,1,1,1,57370,M,4939990.0,628881.0,57
201500005800,15,4,9,930,1,2,9,7,6,57474,M,4925965.0,616992.0,57
201500005801,15,7,4,1730,1,1,4,1,3,57582,M,4929204.0,616756.0,57
201500005802,15,8,22,2145,3,1,1,1,6,57582,M,0.0,0.0,57
201500005803,15,9,8,1030,1,2,1,1,6,57474,M,4925925.0,616987.0,57
201500005804,15,10,1,830,1,2,1,7,6,57474,M,0.0,0.0,57
201500005805,15,2,4,800,1,1,1,9,6,54320,M,4888206.0,609229.0,54
201500005806,15,10,11,400,5,2,1,1,7,54424,M,0.0,0.0,54
201500005807,15,12,5,1230,1,1,1,1,7,54276,M,0.0,0.0,54
201500005808,15,12,18,730,2,1,1,1,1,54188,M,0.0,0.0,54
201500005809,15,1,30,1115,1,1,1,4,3,54113,M,4874128.0,632904.0,54
201500005810,15,5,8,1500,1,2,1,1,6,54462,M,4859789.0,635478.0,54
201500005811,15,7,9,1715,1,2,1,1,1,54311,M,4866353.0,630306.0,54
201500005812,15,7,19,1100,1,1,1,1,3,54301,M,4880275.0,631313.0,54
201500005813,15,8,17,415,3,1,1,1,6,54296,M,4872300.0,627500.0,54
201500005814,15,8,17,1900,1,1,1,1,7,54089,M,4875700.0,625900.0,54
201500005815,15,8,21,130,3,1,1,1,6,54358,M,4875700.0,625300.0,54
201500005816,15,10,23,200,3,1,1,1,6,54296,M,4873300.0,630500.0,54
201500005817,15,12,13,245,3,1,1,1,7,54250,M,4865700.0,635000.0,54
201500005818,15,12,28,800,2,2,9,5,6,54462,M,4859500.0,633300.0,54
201500005819,15,2,20,1615,1,2,1,1,3,54430,M,4877698.0,613405.0,54
201500005820,15,7,1,2245,5,2,1,1,3,54430,M,4877399.0,613037.0,54
201500005821,15,7,9,1445,1,1,1,1,6,54150,M,4881321.0,616789.0,54
201500005822,15,7,16,645,1,1,1,1,2,54215,M,4875675.0,613872.0,54
201500005823,15,8,14,1100,1,2,6,1,6,54150,M,4879005.0,614293.0,54
201500005824,15,9,3,1800,1,2,1,1,3,54430,M,4876200.0,616400.0,54
201500005825,15,10,4,1345,1,2,9,1,1,54150,M,0.0,0.0,54
201500005826,15,10,7,245,5,1,1,2,7,54351,M,4879300.0,618000.0,54
201500005827,15,10,14,15,5,2,1,2,3,54215,M,0.0,0.0,54
201500005828,15,10,25,815,2,2,1,1,3,54215,M,0.0,0.0,54
201500005829,15,11,5,1945,3,1,1,1,3,54115,M,4874200.0,615585.0,54
201500005830,15,11,23,1600,1,2,1,1,6,54115,M,4873243.0,616709.0,54
201500005831,15,3,9,1400,1,1,2,1,3,54196,M,4892400.0,631400.0,54
201500005832,15,3,22,1800,1,2,1,1,3,54123,M,4862790.0,612290.0,54
201500005833,15,4,6,1645,1,2,2,1,3,54111,M,4861690.0,609098.0,54
201500005834,15,5,1,1930,1,2,1,2,6,54397,M,4861978.0,610565.0,54
201500005835,15,6,20,1245,1,1,1,1,3,54196,M,4855300.0,618700.0,54
201500005836,15,8,2,1615,1,1,1,1,5,54336,M,4857779.0,606091.0,54
201500005837,15,9,18,1645,1,1,1,1,1,54437,M,4891600.0,621100.0,54
201500005838,15,9,29,800,1,2,1,1,3,54366,M,4802200.0,620400.0,54
201500005839,15,11,17,1445,1,2,1,1,3,54397,M,4862335.0,611140.0,54
201500005840,15,11,23,645,2,1,1,9,1,54142,M,4845900.0,624200.0,54
201500005841,15,11,24,1315,1,1,1,1,1,54397,M,4862000.0,608700.0,54
201500005842,15,8,19,1115,1,1,1,1,6,54275,M,4897843.0,589059.0,54
201500005843,15,1,4,1745,3,1,3,1,3,54513,M,4847109.0,611465.0,54
201500005844,15,8,14,1500,1,1,3,1,3,54434,M,4844400.0,612500.0,54
201500005845,15,9,27,1745,1,1,1,1,3,54109,M,4852000.0,615700.0,54
201500005846,15,1,5,730,1,2,1,1,6,03310,M,,,03
201500005847,15,3,16,1240,1,2,1,1,3,03023,M,,,03
201500005848,15,1,10,1850,5,2,3,1,3,03310,M,,,03
201500005849,15,3,27,1150,1,2,1,1,6,03310,M,,,03
201500005850,15,3,28,1215,1,2,3,1,3,03095,M,,,03
201500005851,15,1,16,1835,5,2,4,2,3,03310,M,,,03
201500005852,15,1,22,1635,1,2,3,1,6,03310,M,,,03
201500005853,15,4,8,940,1,1,2,1,3,03310,M,,,03
201500005854,15,1,22,1830,5,2,3,1,3,03023,M,,,03
201500005855,15,4,9,750,1,2,3,1,3,03310,M,,,03
201500005856,15,1,30,2200,5,1,2,8,2,03095,M,,,03
201500005857,15,4,14,1410,1,2,6,1,7,03095,M,,,03
201500005858,15,2,5,423,5,2,1,1,6,03023,M,,,03
201500005859,15,4,15,600,5,1,1,1,6,03023,M,,,03
201500005860,15,2,15,500,4,1,1,8,6,03023,M,,,03
201500005861,15,4,16,1030,1,1,1,1,6,03095,M,,,03
201500005862,15,2,15,1305,1,2,6,1,6,03023,M,,,03
201500005863,15,2,21,2310,5,2,6,8,6,03310,M,,,03
201500005864,15,5,8,1305,1,2,1,1,1,03095,M,,,03
201500005865,15,3,6,1330,1,1,3,1,6,03095,M,,,03
201500005866,15,5,11,1400,1,2,7,1,6,03095,M,,,03
201500005867,15,3,11,2030,5,2,1,1,6,03310,M,,,03
201500005868,15,5,22,1305,1,2,2,1,3,03310,M,,,03
201500005869,15,3,14,2330,5,2,2,1,6,03310,M,,,03
201500005870,15,5,29,815,1,1,1,1,2,03095,M,,,03
201500005871,15,5,30,1715,1,2,3,1,6,03310,M,,,03
201500005872,15,6,3,1757,1,2,6,1,2,03310,M,,,03
201500005873,15,6,7,1915,1,2,2,1,3,03310,M,,,03
201500005874,15,6,8,750,1,2,3,1,3,03310,M,,,03
201500005875,15,6,17,1115,1,2,3,1,6,03310,M,,,03
201500005876,15,6,30,1950,1,1,3,1,3,03023,M,4614120.0,340623.0,03
201500005877,15,6,30,2200,2,2,2,1,3,03095,M,4613567.0,344623.0,03
201500005878,15,7,9,1920,1,2,1,1,6,03310,M,4612624.0,342186.0,03
201500005879,15,7,16,1225,1,2,3,1,6,03310,M,4612458.0,342975.0,03
201500005880,15,7,29,1110,1,2,1,2,1,03310,M,4612808.0,342482.0,03
201500005881,15,8,10,530,5,2,1,1,6,03310,M,4613215.0,342338.0,03
201500005882,15,8,14,1045,1,2,3,1,3,03310,M,,,03
201500005883,15,9,4,1550,1,2,2,1,3,03310,M,4613521.0,341813.0,03
201500005884,15,9,8,1115,1,2,1,1,1,03095,M,,,03
201500005885,15,9,10,1620,1,2,3,1,3,03310,M,4612259.0,342787.0,03
201500005886,15,9,15,2215,5,2,2,2,6,03310,M,4612349.0,343117.0,03
201500005887,15,9,18,1525,1,2,1,1,3,03095,M,,,03
201500005888,15,10,6,1850,1,2,3,8,3,03095,M,4614097.0,344475.0,03
201500005889,15,10,9,930,1,2,3,1,6,03310,M,4613223.0,342339.0,03
201500005890,15,10,10,1600,1,1,2,1,7,03310,M,4612343.0,341757.0,03
201500005891,15,10,15,1350,1,2,1,1,6,03310,M,,,03
201500005892,15,10,27,1750,2,2,1,2,2,03310,M,4614172.0,341659.0,03
201500005893,15,11,3,755,1,2,1,2,6,03310,M,4612984.0,343224.0,03
201500005894,15,11,8,1455,1,2,1,1,1,03001,M,4609844.0,344331.0,03
201500005895,15,11,4,1800,2,2,3,1,6,03310,M,4612813.0,342774.0,03
201500005896,15,11,18,1600,1,2,2,1,3,03310,M,4613649.0,343123.0,03
201500005897,15,11,28,2150,5,2,1,1,6,03310,M,4611870.0,343546.0,03
201500005898,15,12,11,1740,3,2,1,1,1,03023,M,4611639.0,340395.0,03
201500005899,15,12,4,1820,5,2,1,1,6,03023,M,4611466.0,341180.0,03
201500005900,15,12,14,1105,1,2,3,1,6,03310,M,,,03
201500005901,15,12,24,255,5,2,1,1,6,03095,M,4613207.0,345490.0,03
201500005902,15,12,22,1845,5,2,1,1,6,03310,M,4612230.0,342768.0,03
201500005903,15,12,26,1105,1,2,1,1,5,03095,M,4614134.0,344883.0,03
201500005904,15,1,22,745,2,1,1,1,7,54413,M,4922083.0,583264.0,54
201500005905,15,3,20,1700,1,1,1,1,1,54249,M,4909377.0,584611.0,54
201500005906,15,4,2,1715,1,1,1,1,6,54353,M,4910413.0,587709.0,54
201500005907,15,4,16,2300,3,1,1,1,1,54082,M,4916272.0,582273.0,54
201500005908,15,6,27,1845,1,2,1,1,7,54093,M,4912400.0,581500.0,54
201500005909,15,7,4,2245,1,1,1,1,7,54171,M,4915214.0,594252.0,54
201500005910,15,7,9,1000,1,1,2,1,3,54478,M,4912264.0,597866.0,54
201500005911,15,7,20,1945,1,1,1,1,3,54477,M,4902175.0,591232.0,54
201500005912,15,8,23,1445,1,1,1,2,7,54171,M,4915100.0,591900.0,54
201500005913,15,12,23,1815,3,1,1,1,6,54581,M,4911700.0,588300.0,54
201500005914,15,2,19,1345,1,1,1,1,7,54096,M,4943500.0,587100.0,54
201500005915,15,4,23,1815,1,2,1,1,3,54533,M,4932531.0,592584.0,54
201500005916,15,5,17,1845,1,1,3,1,3,54598,M,4935228.0,576643.0,54
201500005917,15,5,30,1700,1,1,1,1,1,54069,M,4937600.0,590700.0,54
201500005918,15,9,21,1030,1,2,1,1,6,54425,M,4952800.0,530600.0,54
201500005919,15,5,15,800,1,1,9,1,1,54269,M,4861309.0,637130.0,54
201500005920,15,6,4,1745,1,1,8,1,3,54125,M,0.0,0.0,54
201500005921,15,12,18,1215,1,1,1,1,6,54083,M,0.0,0.0,54
201500005922,15,12,24,1445,1,1,1,1,6,54083,M,0.0,0.0,54
201500005923,15,9,5,1615,1,1,1,1,7,54393,M,4849300.0,658600.0,54
201500005924,15,2,12,845,1,1,1,5,6,54222,M,4850400.0,650200.0,54
201500005925,15,3,27,2015,5,2,1,1,7,54076,M,4855620.0,639800.0,54
201500005926,15,5,4,1345,1,1,1,1,1,54222,M,4851915.0,647869.0,54
201500005927,15,8,20,2000,2,1,1,1,3,54595,M,4853509.0,646122.0,54
201500005928,15,9,26,30,5,2,1,1,7,54152,M,4855900.0,638700.0,54
201500005929,15,11,24,1745,3,2,1,2,6,54152,M,4856700.0,636700.0,54
201500005930,15,12,13,1315,1,1,1,1,7,54565,M,4855900.0,632400.0,54
201500005931,15,12,29,715,3,1,9,1,1,54565,M,4857700.0,635300.0,54
201500005932,15,4,5,1030,1,2,1,1,6,54040,M,4849750.0,689692.0,54
201500005933,15,5,9,745,1,1,1,1,6,54129,M,4858300.0,698100.0,54
201500005934,15,9,7,1615,1,1,1,1,6,54406,M,4854300.0,672400.0,54
201500005935,15,11,5,2030,3,1,1,1,6,54230,M,4860635.0,685592.0,54
201500005936,15,11,21,115,3,1,1,8,7,54039,M,4845148.0,673221.0,54
201500005937,15,2,5,700,3,1,1,9,6,54135,M,4851100.0,588300.0,54
201500005938,15,4,3,1645,1,1,1,2,6,54046,M,4853163.0,586653.0,54
201500005939,15,6,14,2030,1,1,4,1,3,54223,M,4855429.0,599926.0,54
201500005940,15,6,30,1215,1,1,1,1,3,54232,M,4868918.0,599257.0,54
201500005941,15,6,28,45,3,1,1,1,6,54414,M,0.0,0.0,54
201500005942,15,8,2,2130,3,1,1,1,6,54494,M,4847700.0,593600.0,54
201500005943,15,8,16,2330,5,2,1,1,6,54073,M,4862631.0,591316.0,54
201500005944,15,9,11,1915,1,1,1,1,6,54105,M,4855700.0,585100.0,54
201500005945,15,9,14,1315,1,1,1,3,6,54080,M,4860100.0,584200.0,54
201500005946,15,11,15,630,3,1,1,1,1,54405,M,4855900.0,595200.0,54
201500005947,15,12,12,1400,1,2,1,1,6,54242,M,4817600.0,560100.0,54
201500005948,15,1,20,1800,3,1,1,1,4,54466,M,4878170.0,586173.0,54
201500005949,15,2,24,1615,1,1,1,1,7,54208,M,0.0,0.0,54
201500005950,15,3,13,1800,1,1,1,1,6,54584,M,0.0,0.0,54
201500005951,15,3,22,2115,2,1,2,1,1,54584,M,4874558.0,594730.0,54
201500005952,15,3,27,730,1,1,1,1,2,54490,M,4879181.0,603809.0,54
201500005953,15,4,10,1615,1,1,1,1,3,54490,M,4880509.0,602918.0,54
201500005954,15,5,10,1245,1,2,1,1,3,54225,M,4883390.0,601361.0,54
201500005955,15,5,31,245,3,1,1,1,6,54007,M,4874227.0,604996.0,54
201500005956,15,8,7,1730,1,1,1,1,6,54584,M,4871282.0,596491.0,54
201500005957,15,8,19,1345,1,1,1,1,5,54340,M,4889180.0,596191.0,54
201500005958,15,12,15,1845,3,1,1,2,3,54557,M,4870100.0,605300.0,54
201500005959,15,2,7,1615,1,1,1,1,6,55378,M,0.0,0.0,55
201500005960,15,4,15,2000,1,1,1,1,6,55178,M,0.0,0.0,55
201500005961,15,4,16,1700,1,1,2,1,3,55177,M,0.0,0.0,55
201500005962,15,5,4,1900,1,1,1,1,7,55427,M,0.0,0.0,55
201500005963,15,7,14,1345,1,1,1,1,6,55101,M,0.0,0.0,55
201500005964,15,10,9,1545,1,1,1,1,1,55366,M,0.0,0.0,55
201500005965,15,12,21,1615,1,2,1,7,6,55011,M,0.0,0.0,55
201500005966,15,2,10,2200,3,1,1,1,6,55326,M,0.0,0.0,55
201500005967,15,2,1,1230,1,1,1,4,6,55315,M,0.0,0.0,55
201500005968,15,3,4,1045,1,2,3,1,1,55519,M,4872100.0,528653.0,55
201500005969,15,5,26,2100,2,1,1,1,7,55470,M,0.0,0.0,55
201500005970,15,7,20,1845,1,2,1,1,3,55010,M,0.0,0.0,55
201500005971,15,9,6,1800,1,1,1,1,6,55296,M,0.0,0.0,55
201500005972,15,9,18,1930,1,2,1,1,1,55061,M,0.0,0.0,55
201500005973,15,10,18,1815,1,1,1,1,1,55335,M,0.0,0.0,55
201500005974,15,10,21,645,3,1,1,1,7,55466,M,0.0,0.0,55
201500005975,15,11,7,1045,1,2,1,1,6,55221,M,0.0,0.0,55
201500005976,15,4,5,1745,1,1,1,1,6,55184,M,0.0,0.0,55
201500005977,15,4,10,1845,1,2,6,1,7,55288,M,0.0,0.0,55
201500005978,15,4,21,1630,1,2,1,7,6,55122,M,0.0,0.0,55
201500005979,15,12,5,2130,3,1,1,1,7,55553,M,4877100.0,560000.0,55
201500005980,15,12,9,1715,5,2,1,1,6,55122,M,0.0,0.0,55
201500005981,15,12,25,1015,1,2,1,7,6,55122,M,0.0,0.0,55
201500005982,15,6,17,545,1,1,1,1,1,55312,M,4892671.0,552421.0,55
201500005983,15,8,19,1400,1,1,1,1,6,55159,M,4894200.0,549300.0,55
201500005984,15,12,25,2315,3,1,1,1,7,55463,M,4890100.0,544800.0,55
201500005985,15,2,6,315,3,1,1,4,7,55533,M,0.0,0.0,55
201500005986,15,4,26,300,3,1,1,1,6,55059,M,0.0,0.0,55
201500005987,15,9,1,2245,1,1,1,3,1,55573,M,4868500.0,562400.0,55
201500005988,15,10,9,1415,1,1,1,1,1,55472,M,0.0,0.0,55
201500005989,15,4,27,615,2,2,1,1,1,55351,M,0.0,0.0,55
201500005990,15,9,15,1330,1,1,1,2,3,55351,M,0.0,0.0,55
201500005991,15,1,16,1745,5,2,1,2,6,55347,M,0.0,0.0,55
201500005992,15,3,18,1815,2,1,1,1,5,55073,M,0.0,0.0,55
201500005993,15,6,23,1700,1,1,1,1,1,55154,M,4909200.0,542100.0,55
201500005994,15,6,30,1700,1,1,2,1,3,55537,M,4921300.0,548700.0,55
201500005995,15,1,7,1130,1,2,1,8,6,55117,M,0.0,0.0,55
201500005996,15,1,10,1845,3,2,1,2,6,55346,M,0.0,0.0,55
201500005997,15,5,12,1445,1,1,1,1,6,55065,M,0.0,0.0,55
201500005998,15,4,13,1430,1,2,1,1,6,55181,M,4900000.0,500000.0,55
201500005999,15,4,14,1400,1,2,1,1,6,55461,M,0.0,0.0,55
201500006000,15,4,16,1530,1,1,1,1,6,55515,M,0.0,0.0,55
201500006001,15,5,6,1745,1,1,1,3,6,55244,M,4918109.0,560916.0,55
201500006002,15,7,19,2015,1,2,1,1,6,55317,M,4911240.0,559706.0,55
201500006003,15,9,11,645,2,2,1,1,5,55002,M,0.0,0.0,55
201500006004,15,12,28,800,2,1,1,5,6,55198,M,0.0,0.0,55
201500006005,15,1,30,1830,3,1,1,4,3,88388,M,4813135.0,637786.0,88
201500006006,15,3,25,1115,1,1,1,8,6,88178,M,4817598.0,640937.0,88
201500006007,15,5,6,815,1,1,1,1,1,88134,M,4814149.0,648310.0,88
201500006008,15,6,12,1600,1,2,1,1,6,88134,M,4813699.0,647288.0,88
201500006009,15,12,23,1600,2,1,1,8,5,88136,M,4822810.0,645426.0,88
201500006010,15,6,10,1000,1,2,1,1,6,88078,M,4820872.0,672158.0,88
201500006011,15,6,18,1545,1,1,1,1,6,88091,M,4817934.0,659294.0,88
201500006012,15,11,7,1400,1,1,1,7,3,88078,M,4820199.0,672191.0,88
201500006013,15,1,10,1100,1,1,3,2,3,88513,M,4835048.0,631824.0,88
201500006014,15,1,20,2115,5,1,1,1,7,88513,M,4833463.0,632539.0,88
201500006015,15,6,10,1830,1,2,3,1,3,88070,M,4833446.0,623310.0,88
201500006016,15,9,20,1815,1,1,3,1,1,88090,M,4836809.0,627523.0,88
201500006017,15,9,26,1530,1,1,1,1,6,88090,M,4836463.0,629001.0,88
201500006018,15,9,28,1815,2,1,2,1,3,88513,M,4835051.0,631855.0,88
201500006019,15,9,29,1615,1,1,2,1,3,88513,M,4835051.0,631855.0,88
201500006020,15,11,2,1500,1,1,1,1,2,88327,M,4832254.0,636168.0,88
201500006021,15,11,12,1445,1,2,1,1,6,88090,M,4837224.0,629285.0,88
201500006022,15,4,16,1530,1,1,1,1,6,88061,M,4807961.0,594462.0,88
201500006023,15,5,2,1845,1,1,1,2,6,88421,M,4800629.0,530147.0,88
201500006024,15,7,7,1445,1,1,1,1,3,88162,M,4816322.0,605458.0,88
201500006025,15,8,28,1645,1,2,9,2,6,88310,M,4803070.0,598037.0,88
201500006026,15,10,17,1630,1,1,1,1,6,88475,M,4809377.0,574491.0,88
201500006027,15,11,9,545,3,1,1,1,6,88124,M,4806729.0,608322.0,88
201500006028,15,2,28,2300,3,1,1,8,6,88410,M,4838173.0,678538.0,88
201500006029,15,6,7,1830,1,1,1,1,2,88077,M,4835126.0,670800.0,88
201500006030,15,7,21,1430,1,1,1,1,1,88395,M,4835619.0,689308.0,88
201500006031,15,8,30,1815,1,1,1,1,3,88251,M,4832491.0,672674.0,88
201500006032,15,10,13,1230,1,1,1,1,1,88008,M,4837583.0,667783.0,88
201500006033,15,1,13,1515,1,2,1,1,6,88327,M,4830688.0,638354.0,88
201500006034,15,1,24,2245,3,1,1,1,1,88454,M,4826420.0,654797.0,88
201500006035,15,1,31,715,2,2,1,4,7,88465,M,4825736.0,653396.0,88
201500006036,15,2,14,1945,5,2,1,2,1,88454,M,4825718.0,653392.0,88
201500006037,15,2,21,1915,5,2,1,8,7,88094,M,4831995.0,640240.0,88
201500006038,15,2,28,445,3,1,1,1,6,88327,M,4829404.0,637707.0,88
201500006039,15,3,28,745,1,1,1,1,6,88327,M,4832322.0,636021.0,88
201500006040,15,4,23,2230,3,1,1,1,6,88204,M,4824257.0,644582.0,88
201500006041,15,5,1,2045,3,1,1,2,1,88327,M,4831690.0,636889.0,88
201500006042,15,5,24,1630,1,2,6,1,7,88465,M,4826213.0,640812.0,88
201500006043,15,7,31,1830,1,1,1,1,6,88497,M,4829569.0,641561.0,88
201500006044,15,8,2,1345,1,2,1,7,3,88247,M,4827384.0,639318.0,88
201500006045,15,9,7,1735,1,1,1,1,7,88040,M,4826208.0,647634.0,88
201500006046,15,10,14,2015,5,2,2,1,3,88200,M,4823149.0,633796.0,88
201500006047,15,11,23,130,3,1,1,1,6,88379,M,4835008.0,650350.0,88
201500006048,15,12,24,1900,1,1,1,1,1,88313,M,4833472.0,641966.0,88
201500006049,15,1,22,2000,5,2,1,2,1,88225,M,4809826.0,649576.0,88
201500006050,15,9,6,700,2,2,1,1,6,88134,M,4814232.0,647225.0,88
201500006051,15,9,6,530,2,1,1,1,6,88530,M,4804177.0,641286.0,88
201500006052,15,12,6,215,3,1,1,1,6,88225,M,4806790.0,648383.0,88
201500006053,15,12,31,500,3,1,1,8,6,88530,M,4805150.0,637644.0,88
201500006054,15,3,18,1445,1,2,7,1,6,88321,M,4835688.0,569210.0,88
201500006055,15,4,8,1815,1,2,3,7,3,88460,M,4840391.0,573335.0,88
201500006056,15,4,18,430,3,1,1,1,6,88074,M,4836472.0,548547.0,88
201500006057,15,8,19,2330,3,1,1,1,1,88241,M,4829698.0,589217.0,88
201500006058,15,9,9,1000,1,2,1,1,4,88321,M,4836322.0,569398.0,88
201500006059,15,9,21,1245,1,2,1,1,6,88321,M,4835863.0,569261.0,88
201500006060,15,5,11,1400,1,1,1,1,7,21652,M,4722498.0,462130.0,21
201500006061,15,1,9,1930,5,2,2,1,6,88304,M,4830597.0,613389.0,88
201500006062,15,3,1,2145,3,1,1,1,1,88525,M,4827466.0,615428.0,88
201500006063,15,3,29,1530,1,1,9,1,1,88237,M,4821748.0,628453.0,88
201500006064,15,4,6,1445,1,1,2,1,1,88368,M,4830796.0,659883.0,88
201500006065,15,4,9,800,1,2,1,1,3,88006,M,4834558.0,613909.0,88
201500006066,15,6,15,945,1,1,1,2,7,88508,M,4818657.0,620038.0,88
201500006067,15,12,24,1045,1,2,2,1,6,88304,M,4830707.0,613385.0,88
201500006068,15,5,6,1330,1,1,1,1,2,88524,M,4817650.0,571925.0,88
201500006069,15,5,30,1900,1,1,1,1,6,88285,M,4821725.0,590093.0,88
201500006070,15,8,26,2115,3,1,1,1,1,88332,M,4820127.0,593208.0,88
201500006071,15,12,17,1845,4,1,1,1,2,88516,M,4819162.0,592468.0,88
201500006072,15,4,25,1430,1,1,1,1,3,88464,M,4810674.0,669002.0,88
201500006073,15,6,23,1115,1,1,1,1,5,88487,M,4792181.0,646781.0,88
201500006074,15,10,18,1445,1,1,1,1,3,88487,M,4796809.0,648754.0,88
201500006075,15,3,7,1615,1,1,1,1,3,88447,M,4795610.0,674445.0,88
201500006076,15,3,28,930,1,1,1,2,7,88075,M,4801302.0,694747.0,88
201500006077,15,5,30,915,1,2,1,1,6,88486,M,4800912.0,671653.0,88
201500006078,15,7,21,1745,1,1,1,1,6,88116,M,4798082.0,683339.0,88
201500006079,15,10,5,830,5,2,7,3,6,88447,M,4794822.0,677323.0,88
201500006080,15,12,17,1730,2,2,1,1,6,88075,M,4800353.0,687477.0,88
201500006081,15,2,23,1015,1,1,1,4,4,88426,M,4785737.0,682166.0,88
201500006082,15,3,8,1545,1,1,1,1,3,88170,M,4791041.0,670206.0,88
201500006083,15,5,1,300,5,2,1,3,6,88426,M,4786378.0,682648.0,88
201500006084,15,7,6,1730,1,1,1,7,1,88170,M,4789689.0,673182.0,88
201500006085,15,8,12,1730,1,1,1,1,6,88302,M,4791359.0,679831.0,88
201500006086,15,9,1,2230,3,1,6,1,7,88408,M,4790707.0,669597.0,88
201500006087,15,3,8,1745,1,1,1,1,7,88386,M,4826051.0,699199.0,88
201500006088,15,4,6,2215,3,1,1,1,7,88182,M,4829128.0,705851.0,88
201500006089,15,11,7,300,3,1,1,3,3,88445,M,4825148.0,695726.0,88
201500006090,15,12,13,315,3,1,1,1,6,88375,M,4826425.0,704873.0,88
201500006091,15,1,6,1745,1,2,1,1,1,88009,M,4820085.0,694543.0,88
201500006092,15,5,10,1100,1,2,1,1,3,88009,M,4819154.0,695118.0,88
201500006093,15,5,23,1730,1,1,1,1,7,88349,M,4812855.0,702882.0,88
201500006094,15,6,12,1000,1,1,1,1,2,88009,M,4817249.0,692609.0,88
201500006095,15,9,6,1830,1,1,1,1,3,88198,M,4810352.0,690613.0,88
201500006096,15,9,12,1000,1,2,1,1,2,88181,M,4818381.0,700273.0,88
201500006097,15,10,9,1600,1,1,1,1,6,88218,M,4814200.0,682228.0,88
201500006098,15,12,16,2015,4,2,1,2,1,88423,M,4821539.0,694477.0,88
201500006099,15,12,22,1715,3,1,1,8,1,88492,M,4805708.0,701062.0,88
201500006100,15,4,22,2330,3,1,1,1,6,88196,M,4807332.0,682639.0,88
201500006101,15,6,10,2130,2,1,1,1,6,88196,M,4806441.0,686272.0,88
201500006102,15,7,6,1615,1,1,1,1,6,88196,M,4807206.0,686343.0,88
201500006103,15,9,20,1830,2,1,1,1,3,88531,M,4805470.0,700512.0,88
201500006104,15,1,6,1000,1,1,1,1,7,88245,M,4835015.0,694543.0,88
201500006105,15,1,29,1745,5,2,1,2,6,88451,M,4839101.0,698014.0,88
201500006106,15,3,13,700,1,1,2,1,3,88328,M,4832163.0,684722.0,88
201500006107,15,4,18,1745,1,1,1,1,7,88033,M,4836126.0,702766.0,88
201500006108,15,7,14,2245,3,2,1,1,6,88372,M,4840380.0,684504.0,88
201500006109,15,1,13,1830,1,2,3,1,3,67028,M,0.0,0.0,67
201500006110,15,5,6,1845,1,2,1,1,7,67028,M,0.0,0.0,67
201500006111,15,5,24,430,5,1,1,1,6,67246,M,0.0,0.0,67
201500006112,15,6,20,1045,1,1,1,1,7,67412,M,0.0,0.0,67
201500006113,15,7,27,1015,1,2,1,1,3,67397,M,0.0,0.0,67
201500006114,15,8,17,1915,1,1,1,1,1,67146,M,0.0,0.0,67
201500006115,15,10,11,345,3,1,1,1,6,67464,M,0.0,0.0,67
201500006116,15,10,21,2200,5,2,1,1,3,67216,M,0.0,0.0,67
201500006117,15,11,1,800,2,1,1,5,6,67028,M,0.0,0.0,67
201500006118,15,11,26,700,5,2,1,2,6,67028,M,0.0,0.0,67
201500006119,15,5,19,815,1,1,1,1,1,67268,M,0.0,0.0,67
201500006120,15,9,13,515,5,2,1,2,6,67131,M,0.0,0.0,67
201500006121,15,12,4,800,1,2,1,1,3,67131,M,0.0,0.0,67
201500006122,15,12,7,1545,1,2,1,1,6,67378,M,0.0,0.0,67
201500006123,15,1,13,1830,5,2,1,1,1,67130,M,0.0,0.0,67
201500006124,15,1,21,830,1,1,1,1,1,67526,M,0.0,0.0,67
201500006125,15,1,27,645,3,1,1,1,7,67130,M,0.0,0.0,67
201500006126,15,2,13,1515,1,1,6,1,1,67130,M,0.0,0.0,67
201500006127,15,3,22,1500,1,2,9,1,3,67130,M,0.0,0.0,67
201500006128,15,5,19,800,1,2,1,8,6,67130,M,0.0,0.0,67