Num_Acc,an,mois,jour,hrmn,lum,agg,int,atm,col,com,gps,lat,long,dep
201500006129,15,6,7,1700,1,2,1,1,6,67130,M,0.0,0.0,67
201500006130,15,6,27,1230,1,2,3,1,1,67154,M,0.0,0.0,67
201500006131,15,7,21,1000,1,2,1,1,3,67130,M,0.0,0.0,67
201500006132,15,8,16,1615,1,1,1,1,1,67130,M,0.0,0.0,67
201500006133,15,9,3,1000,1,1,9,1,6,67130,M,0.0,0.0,67
201500006134,15,9,7,745,1,2,1,1,3,67130,M,0.0,0.0,67
201500006135,15,9,15,1200,1,2,1,1,3,67130,M,0.0,0.0,67
201500006136,15,10,8,1615,1,2,1,1,6,67336,M,0.0,0.0,67
201500006137,15,10,30,2230,5,2,9,1,1,67526,M,0.0,0.0,67
201500006138,15,12,6,1845,3,1,9,1,1,67130,M,0.0,0.0,67
201500006139,15,1,2,2045,3,1,1,8,6,67348,M,0.0,0.0,67
201500006140,15,1,16,1745,5,2,1,2,6,67348,M,0.0,0.0,67
201500006141,15,3,25,730,1,2,1,1,3,67348,M,0.0,0.0,67
201500006142,15,5,19,915,1,1,9,1,3,67248,M,0.0,0.0,67
201500006143,15,6,6,1630,1,2,1,1,1,67348,M,0.0,0.0,67
201500006144,15,6,21,1400,1,1,1,1,6,67348,M,0.0,0.0,67
201500006145,15,6,29,2200,5,2,1,1,6,67286,M,0.0,0.0,67
201500006146,15,9,16,1530,1,1,1,1,3,67248,M,0.0,0.0,67
201500006147,15,11,18,1415,1,1,1,1,1,67348,M,0.0,0.0,67
201500006148,15,12,8,1015,1,1,1,5,7,67348,M,0.0,0.0,67
201500006149,15,12,15,1430,1,2,1,1,2,67348,M,0.0,0.0,67
201500006150,15,1,6,815,2,1,1,5,1,67331,M,0.0,0.0,67
201500006151,15,3,13,1415,1,1,1,1,7,67540,M,0.0,0.0,67
201500006152,15,6,9,1200,1,1,2,1,1,67087,M,0.0,0.0,67
201500006153,15,7,13,1745,1,1,1,1,1,67203,M,0.0,0.0,67
201500006154,15,7,17,1700,1,1,1,1,2,67359,M,0.0,0.0,67
201500006155,15,10,26,445,3,1,1,1,1,67087,M,0.0,0.0,67
201500006156,15,12,18,1315,1,2,1,1,6,67458,M,0.0,0.0,67
201500006157,15,6,9,2230,3,1,1,1,2,67046,M,0.0,0.0,67
201500006158,15,6,10,1215,1,1,6,1,7,67046,M,0.0,0.0,67
201500006159,15,10,16,1830,2,2,1,1,3,67449,M,0.0,0.0,67
201500006160,15,4,29,1330,1,1,1,1,6,67188,M,0.0,0.0,67
201500006161,15,6,5,1000,1,1,1,1,2,67080,M,0.0,0.0,67
201500006162,15,9,6,600,2,2,1,8,6,67128,M,0.0,0.0,67
201500006163,15,9,12,145,3,1,1,8,7,67168,M,0.0,0.0,67
201500006164,15,11,3,845,1,2,9,1,6,67300,M,0.0,0.0,67
201500006165,15,11,8,1400,1,1,1,7,1,67127,M,0.0,0.0,67
201500006166,15,11,23,1630,2,2,1,1,6,67101,M,0.0,0.0,67
201500006167,15,6,26,1100,1,1,1,1,6,67167,M,0.0,0.0,67
201500006168,15,8,21,1730,1,1,1,1,1,67299,M,0.0,0.0,67
201500006169,15,9,25,1700,1,1,1,1,1,67411,M,0.0,0.0,67
201500006170,15,12,9,315,3,1,1,2,6,67052,M,0.0,0.0,67
201500006171,15,1,2,945,1,1,1,1,1,67059,M,0.0,0.0,67
201500006172,15,3,24,715,1,2,1,1,3,67020,M,0.0,0.0,67
201500006173,15,4,20,2130,3,1,1,1,6,67420,M,0.0,0.0,67
201500006174,15,5,7,1745,1,1,1,1,7,67543,M,0.0,0.0,67
201500006175,15,5,15,1830,1,2,1,1,6,67066,M,0.0,0.0,67
201500006176,15,5,28,1200,1,1,1,1,6,67420,M,0.0,0.0,67
201500006177,15,7,13,1100,1,1,1,1,1,67165,M,0.0,0.0,67
201500006178,15,4,13,1200,1,1,2,1,1,67122,M,0.0,0.0,67
201500006179,15,4,16,1745,1,2,2,1,1,67520,M,0.0,0.0,67
201500006180,15,5,11,1500,1,1,6,1,3,67240,M,0.0,0.0,67
201500006181,15,6,15,1630,1,2,1,1,6,67030,M,0.0,0.0,67
201500006182,15,6,18,1130,1,1,1,1,1,67313,M,0.0,0.0,67
201500006183,15,6,19,1515,1,1,1,1,7,67520,M,0.0,0.0,67
201500006184,15,8,31,1700,1,2,1,1,6,67525,M,0.0,0.0,67
201500006185,15,9,26,1830,1,2,1,1,7,67282,M,0.0,0.0,67
201500006186,15,9,24,1945,5,2,1,8,2,67372,M,0.0,0.0,67
201500006187,15,3,8,2100,3,1,1,1,6,67191,M,0.0,0.0,67
201500006188,15,8,10,500,5,1,6,1,6,67091,M,0.0,0.0,67
201500006189,15,9,1,1645,1,1,1,3,1,67156,M,4871500.0,775700.0,67
201500006190,15,2,5,1515,1,1,1,1,6,67548,M,0.0,0.0,67
201500006191,15,3,20,1900,5,2,1,1,3,67202,M,0.0,0.0,67
201500006192,15,4,4,1630,1,1,1,1,6,67138,M,0.0,0.0,67
201500006193,15,5,17,1500,1,1,1,1,1,67109,M,0.0,0.0,67
201500006194,15,6,12,2100,2,1,1,2,1,67214,M,0.0,0.0,67
201500006195,15,7,2,830,1,1,2,7,1,67363,M,0.0,0.0,67
201500006196,15,7,23,1800,1,1,3,1,3,67548,M,0.0,0.0,67
201500006197,15,8,1,1445,1,1,1,1,1,67173,M,0.0,0.0,67
201500006198,15,10,4,130,5,1,1,2,1,67173,M,0.0,0.0,67
201500006199,15,10,31,815,1,1,1,2,6,67253,M,0.0,0.0,67
201500006200,15,2,7,1800,5,2,9,1,6,67205,M,0.0,0.0,67
201500006201,15,2,10,1830,3,1,1,1,6,67519,M,0.0,0.0,67
201500006202,15,2,20,1130,1,2,1,1,6,67205,M,0.0,0.0,67
201500006203,15,3,15,530,3,1,1,1,6,67151,M,0.0,0.0,67
201500006204,15,4,3,1,3,1,1,1,1,67529,M,0.0,0.0,67
201500006205,15,7,31,1430,1,1,1,1,1,67519,M,0.0,0.0,67
201500006206,15,8,26,1530,1,1,1,1,2,67237,M,0.0,0.0,67
201500006207,15,2,21,1700,1,2,1,1,6,67065,M,0.0,0.0,67
201500006208,15,3,28,45,3,1,1,1,4,67226,M,0.0,0.0,67
201500006209,15,4,5,645,2,1,1,1,6,67001,M,0.0,0.0,67
201500006210,15,4,7,1630,1,1,1,1,6,67001,M,0.0,0.0,67
201500006211,15,4,25,430,5,2,1,1,6,67001,M,0.0,0.0,67
201500006212,15,7,20,1530,1,1,1,1,6,67551,M,0.0,0.0,67
201500006213,15,7,31,745,1,2,1,1,6,67118,M,0.0,0.0,67
201500006214,15,8,13,1630,1,2,1,1,6,67118,M,0.0,0.0,67
201500006215,15,9,3,1145,1,1,1,1,1,67065,M,0.0,0.0,67
201500006216,15,12,4,1715,2,1,1,2,1,67065,M,0.0,0.0,67
201500006217,15,2,23,1515,1,1,1,2,1,67115,M,0.0,0.0,67
201500006218,15,4,1,1715,1,2,1,1,1,67115,M,0.0,0.0,67
201500006219,15,5,4,1445,1,1,1,1,3,67073,M,0.0,0.0,67
201500006220,15,6,21,1700,1,1,1,1,6,67505,M,0.0,0.0,67
201500006221,15,8,19,1100,1,1,1,1,1,67445,M,0.0,0.0,67
201500006222,15,8,20,1000,1,2,1,1,6,67317,M,0.0,0.0,67
201500006223,15,10,2,1300,1,1,1,1,1,67073,M,0.0,0.0,67
201500006224,15,11,19,1715,5,2,1,2,6,67507,M,0.0,0.0,67
201500006225,15,2,21,1130,1,1,1,1,1,67295,M,0.0,0.0,67
201500006226,15,5,16,1630,1,1,1,1,1,67051,M,0.0,0.0,67
201500006227,15,1,7,745,1,1,1,8,7,67090,M,0.0,0.0,67
201500006228,15,2,10,2015,3,1,1,1,6,67360,M,0.0,0.0,67
201500006229,15,2,14,1915,3,1,1,1,1,67486,M,0.0,0.0,67
201500006230,15,2,23,1630,1,1,1,2,3,67277,M,0.0,0.0,67
201500006231,15,3,9,1645,1,2,1,1,6,67281,M,0.0,0.0,67
201500006232,15,3,18,600,2,1,1,1,3,67310,M,0.0,0.0,67
201500006233,15,3,20,1230,1,2,1,1,1,67311,M,0.0,0.0,67
201500006234,15,4,27,1445,1,2,1,1,3,67461,M,0.0,0.0,67
201500006235,15,6,13,1345,1,1,1,1,6,67195,M,0.0,0.0,67
201500006236,15,6,13,1800,1,1,1,1,6,67281,M,0.0,0.0,67
201500006237,15,7,2,1400,1,1,1,1,3,67398,M,0.0,0.0,67
201500006238,15,8,16,115,3,1,1,3,7,67311,M,0.0,0.0,67
201500006239,15,11,3,700,1,2,1,8,1,67311,M,0.0,0.0,67
201500006240,15,12,15,730,3,1,1,1,6,67486,M,0.0,0.0,67
201500006241,15,12,28,1545,1,2,1,1,7,67461,M,0.0,0.0,67
201500006242,15,12,4,1700,1,1,1,1,7,67453,M,0.0,0.0,67
201500006243,15,5,20,1400,1,2,1,1,6,67544,M,0.0,0.0,67
201500006244,15,6,12,1615,1,1,1,8,3,67451,M,0.0,0.0,67
201500006245,15,6,26,2145,2,2,1,1,1,67351,M,0.0,0.0,67
201500006246,15,7,1,745,1,1,1,1,1,67494,M,0.0,0.0,67
201500006247,15,9,6,1330,1,1,1,1,1,67544,M,0.0,0.0,67
201500006248,15,11,2,1715,5,2,1,1,2,67544,M,0.0,0.0,67
201500006249,15,12,8,830,1,1,1,5,1,67544,M,0.0,0.0,67
201500006250,15,4,10,1545,1,2,1,1,3,67463,M,0.0,0.0,67
201500006251,15,10,5,1645,1,1,1,1,6,67025,M,4885700.0,809099.0,67
201500006252,15,3,23,1445,1,2,3,1,3,67184,M,0.0,0.0,67
201500006253,15,3,31,1530,1,1,3,6,3,67206,M,0.0,0.0,67
201500006254,15,7,26,1145,1,1,1,1,3,67474,M,0.0,0.0,67
201500006255,15,8,9,400,3,1,1,1,6,67474,M,0.0,0.0,67
201500006256,15,9,12,1730,1,2,1,2,1,67474,M,0.0,0.0,67
201500006257,15,5,12,1745,1,1,1,1,7,67303,M,0.0,0.0,67
201500006258,15,6,7,1545,1,1,1,1,2,67260,M,0.0,0.0,67
201500006259,15,10,10,1730,1,1,1,1,6,67550,M,0.0,0.0,67
201500006260,15,10,25,1000,1,2,1,2,2,67550,M,0.0,0.0,67
201500006261,15,1,24,1645,1,1,1,4,6,68009,M,4811534.0,753076.0,68
201500006262,15,3,21,1545,1,2,1,1,1,68146,M,0.0,0.0,68
201500006263,15,3,27,1400,1,2,3,1,3,68145,M,4808081.0,739402.0,68
201500006264,15,4,24,1145,1,1,6,1,3,68009,M,4811609.0,753568.0,68
201500006265,15,5,22,1700,1,1,1,1,3,68295,M,4801413.0,737308.0,68
201500006266,15,6,23,700,1,1,2,7,3,68157,M,4812290.0,746810.0,68
201500006267,15,6,24,2000,1,1,6,1,3,68366,M,4810983.0,743869.0,68
201500006268,15,9,23,945,1,1,1,1,3,68295,M,0.0,0.0,68
201500006269,15,11,13,1530,1,1,1,1,6,68172,M,4808522.0,753460.0,68
201500006270,15,1,6,945,1,2,1,1,6,68175,M,4815281.0,716857.0,68
201500006271,15,2,1,345,3,1,1,4,6,68249,M,4811314.0,714414.0,68
201500006272,15,2,23,2215,3,1,1,2,6,68175,M,4814995.0,717419.0,68
201500006273,15,4,15,1330,1,1,2,1,3,68175,M,4814587.0,717964.0,68
201500006274,15,5,4,930,1,2,1,1,3,68164,M,4813711.0,722784.0,68
201500006275,15,6,3,1400,1,1,1,1,1,68162,M,4813488.0,726885.0,68
201500006276,15,6,15,745,1,1,1,2,5,68310,M,4813149.0,731699.0,68
201500006277,15,6,18,2045,1,1,1,8,3,68023,M,4816121.0,733733.0,68
201500006278,15,8,3,1600,1,1,1,7,6,68249,M,4812525.0,709647.0,68
201500006279,15,11,14,1730,3,1,3,1,3,68005,M,4812482.0,724870.0,68
201500006280,15,2,4,730,2,2,1,8,6,68329,M,4805137.0,710811.0,68
201500006281,15,2,10,1400,1,2,1,7,1,68226,M,4803923.0,714351.0,68
201500006282,15,2,10,2330,3,2,1,1,6,68226,M,4804775.0,721084.0,68
201500006283,15,2,14,1115,1,2,3,1,3,68226,M,4804293.0,716057.0,68
201500006284,15,3,1,1830,2,1,1,2,3,68317,M,4805746.0,710267.0,68
201500006285,15,5,17,1015,1,1,1,1,1,68311,M,4798729.0,705985.0,68
201500006286,15,6,11,730,1,2,3,1,7,68204,M,4801311.0,707144.0,68
201500006287,15,6,16,1630,1,2,1,1,1,68142,M,4805388.0,718282.0,68
201500006288,15,6,28,1500,1,1,1,1,5,68317,M,4806762.0,705982.0,68
201500006289,15,6,29,1445,1,2,1,1,1,68173,M,4811116.0,718705.0,68
201500006290,15,9,19,2130,3,2,3,2,1,68223,M,4802541.0,705246.0,68
201500006291,15,12,19,2030,3,1,1,1,6,68226,M,4804548.0,712375.0,68
201500006292,15,9,28,1840,1,1,1,1,5,68379,M,4803204.0,750586.0,68
201500006293,15,10,28,830,1,2,1,1,6,68352,M,4801645.0,753831.0,68
201500006294,15,11,5,1045,1,1,1,1,6,68352,M,4800935.0,754133.0,68
201500006295,15,4,12,1345,1,1,1,1,7,68296,M,4825858.0,730076.0,68
201500006296,15,6,9,615,1,1,1,1,1,68153,M,4816865.0,746288.0,68
201500006297,15,6,14,1730,1,1,1,1,7,68028,M,4823792.0,731601.0,68
201500006298,15,6,30,2030,1,1,3,1,3,68269,M,4818912.0,735028.0,68
201500006299,15,7,3,2145,2,1,1,1,6,68113,M,4818701.0,741948.0,68
201500006300,15,7,28,1130,1,2,1,1,6,68269,M,4819383.0,731549.0,68
201500006301,15,10,13,745,2,1,1,1,7,68269,M,4820334.0,726868.0,68
201500006302,15,7,5,1300,1,1,1,1,3,68298,M,4822804.0,722634.0,68
201500006303,15,12,29,600,5,2,1,8,6,68283,M,0.0,0.0,68
201500006304,15,2,3,1345,1,2,1,1,1,68338,M,4808723.0,728787.0,68
201500006305,15,4,20,945,1,1,6,1,7,68155,M,4810391.0,730353.0,68
201500006306,15,7,24,930,1,2,1,1,6,68374,M,4808563.0,731639.0,68
201500006307,15,8,31,1645,1,1,4,7,1,68338,M,4805383.0,725844.0,68
201500006308,15,9,24,1830,1,1,1,1,1,68134,M,4801668.0,733596.0,68
201500006309,15,9,24,915,1,1,1,1,4,68374,M,0.0,0.0,68
201500006310,15,10,30,1845,5,2,1,8,3,68338,M,0.0,0.0,68
201500006311,15,11,3,1600,1,2,1,1,3,68066,M,4808233.0,732539.0,68
201500006312,15,12,23,1900,5,2,1,1,6,68155,M,4809256.0,730968.0,68
201500006313,15,2,18,1300,1,2,1,1,3,68138,M,4758549.0,752957.0,68
201500006314,15,6,23,1300,1,2,6,7,3,68004,M,4761686.0,723625.0,68
201500006315,15,6,29,1900,1,1,1,1,1,68139,M,4759868.0,722999.0,68
201500006316,15,7,10,1815,1,1,1,1,6,68004,M,4762677.0,724280.0,68
201500006317,15,7,10,1000,1,1,1,1,6,68062,M,4762948.0,720081.0,68
201500006318,15,7,12,2215,5,2,1,1,3,68108,M,4756772.0,729571.0,68
201500006319,15,7,25,830,2,1,1,1,3,68004,M,4763263.0,726161.0,68
201500006320,15,9,10,1815,1,1,1,1,3,68004,M,4757754.0,728422.0,68
201500006321,15,12,19,1915,5,2,1,1,3,68108,M,4756772.0,729571.0,68
201500006322,15,12,21,800,1,1,1,2,1,68062,M,4760123.0,716130.0,68
201500006323,15,7,19,1915,1,1,1,1,6,68002,M,4759861.0,710159.0,68
201500006324,15,9,23,700,2,1,1,1,1,68282,M,0.0,0.0,68
201500006325,15,12,16,1845,5,2,1,2,6,68068,M,0.0,0.0,68
201500006326,15,4,7,1515,1,1,1,1,6,68340,M,4753889.0,714519.0,68
201500006327,15,4,19,1715,1,1,1,1,7,68312,M,4747502.0,734032.0,68
201500006328,15,5,24,315,3,1,1,1,6,68305,M,4753241.0,715563.0,68
201500006329,15,5,28,2000,1,1,1,1,3,68186,M,4747122.0,728910.0,68
201500006330,15,5,30,1730,1,1,1,1,3,68176,M,4756828.0,719543.0,68
201500006331,15,5,31,2115,3,1,1,1,6,68087,M,4753241.0,723839.0,68
201500006332,15,7,22,1645,1,1,1,1,1,68380,M,4744498.0,738028.0,68
201500006333,15,8,3,1830,1,2,1,1,1,68202,M,4759200.0,713099.0,68
201500006334,15,9,6,30,5,2,3,1,6,68098,M,4756557.0,714969.0,68
201500006335,15,9,11,1630,1,1,1,1,1,68259,M,4746501.0,735502.0,68
201500006336,15,12,9,1600,1,2,1,1,6,68087,M,4753460.0,726477.0,68
201500006337,15,1,9,1315,1,1,1,2,6,68082,M,4786810.0,746850.0,68
201500006338,15,1,10,1845,3,1,4,2,3,68258,M,4782624.0,728525.0,68
201500006339,15,3,20,1700,1,1,3,1,3,68228,M,4792814.0,735827.0,68
201500006340,15,4,12,1330,1,2,1,7,6,68091,M,4791439.0,735827.0,68
201500006341,15,5,16,1600,1,2,1,1,2,68258,M,4752848.0,730915.0,68
201500006342,15,5,22,230,3,1,1,1,6,68235,M,4798211.0,743174.0,68
201500006343,15,6,14,1615,1,1,1,7,7,68091,M,4191278.0,757411.0,68
201500006344,15,6,15,645,2,1,1,2,6,68082,M,4783907.0,734308.0,68
201500006345,15,6,14,1345,1,1,1,1,6,68140,M,4790556.0,741309.0,68
201500006346,15,6,19,1730,1,2,1,1,1,68082,M,4785856.0,733947.0,68
201500006347,15,6,26,2000,2,1,2,1,3,68228,M,4792388.0,735745.0,68
201500006348,15,7,11,2030,1,1,1,1,1,68235,M,4799759.0,736589.0,68
201500006349,15,7,21,1030,1,1,1,1,1,68140,M,4792075.0,744794.0,68
201500006350,15,8,15,2215,2,2,1,1,6,68228,M,4792820.0,734375.0,68
201500006351,15,9,9,345,3,1,1,1,6,68091,M,4791402.0,757467.0,68
201500006352,15,10,21,1445,1,1,9,1,3,68041,M,4787360.0,751482.0,68
201500006353,15,10,21,2345,3,1,1,1,6,68041,M,4785914.0,751934.0,68
201500006354,15,11,5,1730,5,2,3,1,3,68082,M,4786749.0,733828.0,68
201500006355,15,11,18,900,1,1,1,1,7,68241,M,4794440.0,736303.0,68
201500006356,15,12,7,1545,2,1,2,7,3,68234,M,4794235.0,741711.0,68
201500006357,15,12,20,1115,1,2,1,1,3,68266,M,0.0,0.0,68
201500006358,15,12,28,1745,3,1,1,1,3,68258,M,0.0,0.0,68
201500006359,15,1,7,1730,3,1,1,1,3,68318,M,4797960.0,722571.0,68
201500006360,15,4,3,2005,3,1,1,2,7,68123,M,4801326.0,730794.0,68
201500006361,15,4,23,1415,1,1,1,1,7,68318,M,4795524.0,721053.0,68
201500006362,15,7,11,1330,1,2,1,1,1,68251,M,4798613.0,722019.0,68
201500006363,15,8,25,1310,1,1,1,1,2,68318,M,4796026.0,721422.0,68
201500006364,15,2,24,815,1,2,1,1,6,68154,M,4776934.0,736025.0,68
201500006365,15,3,18,1630,1,2,1,1,2,68154,M,4778066.0,734218.0,68
201500006366,15,5,12,1145,1,2,1,1,6,68154,M,4776978.0,734715.0,68
201500006367,15,9,10,1700,1,2,6,1,6,68154,M,4777773.0,735327.0,68
201500006368,15,9,30,930,1,2,4,1,6,68154,M,4778246.0,734493.0,68
201500006369,15,12,10,1915,5,2,3,1,3,68154,M,4777659.0,734693.0,68
201500006370,15,12,19,1215,1,2,1,1,6,68154,M,0.0,0.0,68
201500006371,15,1,30,1400,1,2,1,1,6,68094,M,4754959.0,743916.0,68
201500006372,15,2,20,1230,1,1,1,1,5,68135,M,4758120.0,752398.0,68
201500006373,15,3,12,1200,1,2,1,1,6,68135,M,4756870.0,750988.0,68
201500006374,15,5,15,745,2,2,1,2,6,68120,M,4753739.0,749115.0,68
201500006375,15,5,13,1915,1,1,1,1,3,68094,M,4755455.0,744480.0,68
201500006376,15,6,6,1230,1,1,1,1,1,68135,M,4758911.0,754723.0,68
201500006377,15,6,27,1800,1,2,1,1,6,68232,M,4752485.0,751082.0,68
201500006378,15,6,30,2345,3,1,6,1,3,68135,M,4757284.0,750078.0,68
201500006379,15,7,25,1700,1,1,1,1,7,68120,M,4753357.0,748599.0,68
201500006380,15,10,22,1815,1,1,1,1,2,68042,M,4760664.0,750057.0,68
201500006381,15,12,3,900,1,2,1,1,3,68149,M,4760062.0,758568.0,68
201500006382,15,12,28,1800,5,2,1,1,1,68263,M,0.0,0.0,68
201500006383,15,1,28,745,1,1,1,9,3,68163,M,4766771.0,750900.0,68
201500006384,15,4,17,1145,1,1,1,1,6,68309,M,4763569.0,749310.0,68
201500006385,15,5,25,1100,1,1,3,1,3,68021,M,4763677.0,750183.0,68
201500006386,15,6,18,2200,5,1,1,2,1,68163,M,4767990.0,750020.0,68
201500006387,15,8,28,1345,1,1,3,1,1,68301,M,4769132.0,742222.0,68
201500006388,15,9,1,1650,1,1,2,1,1,68021,M,4763618.0,749806.0,68
201500006389,15,9,21,815,1,1,1,5,2,68324,M,4765793.0,734623.0,68
201500006390,15,11,8,1430,1,2,4,1,1,68174,M,4768512.0,738831.0,68
201500006391,15,1,16,2230,5,2,2,2,3,68348,M,4780463.0,711964.0,68
201500006392,15,3,13,945,1,2,1,1,6,68040,M,4783188.0,707610.0,68
201500006393,15,5,27,1715,1,2,3,1,2,68334,M,4779592.0,711247.0,68
201500006394,15,2,5,1815,3,2,1,6,6,68063,M,4776117.0,717289.0,68
201500006395,15,3,13,1615,1,2,4,1,3,68342,M,4751383.0,718482.0,68
201500006396,15,3,21,1715,1,1,1,1,6,68342,M,0.0,0.0,68
201500006397,15,3,28,1145,1,1,1,1,3,68063,M,0.0,0.0,68
201500006398,15,4,22,1345,1,2,3,1,1,68063,M,4779807.0,717177.0,68
201500006399,15,5,4,1345,1,2,1,1,3,68063,M,4781351.0,718378.0,68
201500006400,15,5,6,1245,1,2,3,1,3,68063,M,4780241.0,715992.0,68
201500006401,15,5,9,1715,1,1,1,1,7,68359,M,4784019.0,715031.0,68
201500006402,15,7,25,1130,1,1,1,1,3,68063,M,4778555.0,714918.0,68
201500006403,15,8,14,830,1,2,1,1,6,68063,M,4780646.0,717842.0,68
201500006404,15,9,25,845,1,1,1,1,1,68063,M,4778807.0,717789.0,68
201500006405,15,9,25,945,1,2,1,7,6,68063,M,0.0,0.0,68
201500006406,15,9,18,1930,2,1,1,1,6,68342,M,4783321.0,715710.0,68
201500006407,15,10,15,1215,1,2,1,2,7,68063,M,4781055.0,715154.0,68
201500006408,15,11,28,330,3,1,1,1,6,68359,M,0.0,0.0,68
201500006409,15,12,21,1745,3,1,1,1,6,68342,M,4782897.0,716236.0,68
201500006410,15,7,16,1400,1,2,1,7,6,68217,M,4786339.0,704557.0,68
201500006411,15,9,26,1530,1,1,1,1,3,68370,M,4798636.0,696609.0,68
201500006412,15,11,3,1345,1,2,1,1,1,68292,M,0.0,0.0,68
201500006413,15,11,3,1730,5,2,1,1,3,68217,M,0.0,0.0,68
201500006414,15,12,16,1715,3,2,9,2,3,68292,M,0.0,0.0,68
201500006415,15,4,28,2115,3,1,1,1,6,68115,M,4775061.0,710723.0,68
201500006416,15,5,24,430,5,2,3,1,7,68059,M,4771404.0,716259.0,68
201500006417,15,7,5,1130,1,1,1,1,6,68011,M,4775308.0,715271.0,68
201500006418,15,7,28,2315,3,1,1,8,6,68059,M,4772710.0,718823.0,68
201500006419,15,10,18,945,1,1,2,1,3,68060,M,4773300.0,712600.0,68
201500006420,15,12,6,900,1,1,1,1,6,68059,M,4772768.0,718020.0,68
201500006421,15,1,15,745,2,1,1,8,1,51018,M,0.0,0.0,51
201500006422,15,4,26,2200,3,1,1,3,6,51227,M,4891137.0,436308.0,51
201500006423,15,5,8,500,3,2,1,1,6,51303,M,4901173.0,418658.0,51
201500006424,15,7,7,1330,1,1,1,1,7,51617,M,4903411.0,431981.0,51
201500006425,15,7,25,1200,1,1,1,1,1,51548,M,4897517.0,465591.0,51
201500006426,15,9,18,1915,2,1,1,3,6,51409,M,4887110.0,428117.0,51
201500006427,15,9,28,730,1,1,1,1,1,51161,M,4903325.0,417509.0,51
201500006428,15,1,3,30,3,1,3,5,6,51097,M,0.0,0.0,51
201500006429,15,1,18,300,3,1,1,9,6,51559,M,0.0,0.0,51
201500006430,15,3,9,2200,3,1,1,1,1,51587,M,4906438.0,440894.0,51
201500006431,15,4,1,1315,1,2,1,1,6,51388,M,4913811.0,436562.0,51
201500006432,15,4,12,145,4,2,1,8,6,51544,M,0.0,0.0,51
201500006433,15,5,4,1800,1,2,7,1,1,51559,M,4911780.0,454176.0,51
201500006434,15,5,10,445,2,2,1,1,6,51388,M,4908652.0,434755.0,51
201500006435,15,7,1,715,1,2,1,1,1,51559,M,4913215.0,453360.0,51
201500006436,15,7,14,30,3,1,1,1,7,51097,M,4909083.0,453611.0,51
201500006437,15,8,20,1215,1,1,1,1,6,51203,M,4903792.0,443797.0,51
201500006438,15,9,29,1800,1,1,1,9,7,51559,M,4910530.0,454083.0,51
201500006439,15,10,1,715,2,1,1,7,5,51486,M,4917754.0,445137.0,51
201500006440,15,3,1,345,5,2,1,2,6,51142,M,4899378.0,391998.0,51
201500006441,15,8,11,1145,1,1,2,1,3,51434,M,4901379.0,407240.0,51
201500006442,15,8,15,615,1,1,1,1,7,51281,M,4896636.0,397293.0,51
201500006443,15,9,23,1200,1,2,1,1,6,51612,M,4890206.0,400418.0,51
201500006444,15,10,24,145,3,1,1,1,2,51630,M,4893047.0,394508.0,51
201500006445,15,10,26,630,2,1,1,5,7,51435,M,4894114.0,416049.0,51
201500006446,15,10,31,1900,3,1,1,1,1,51434,M,4901419.0,406797.0,51
201500006447,15,11,6,900,1,1,1,1,1,51093,M,4896533.0,386150.0,51
201500006448,15,12,12,1815,1,1,1,2,1,51378,M,4900677.0,394467.0,51
201500006449,15,12,20,600,5,2,3,1,3,51469,M,4893387.0,410025.0,51
201500006450,15,2,9,1800,2,2,1,1,6,51085,M,0.0,0.0,51
201500006451,15,5,2,1630,1,2,1,1,6,51217,M,4908406.0,365260.0,51
201500006452,15,5,13,430,5,2,1,1,6,51346,M,4908134.0,375773.0,51
201500006453,15,5,16,1845,1,1,1,1,6,51085,M,4899218.0,366825.0,51
201500006454,15,5,19,1645,1,2,1,1,6,51346,M,0.0,0.0,51
201500006455,15,6,18,2030,2,1,1,1,6,51217,M,4906639.0,363032.0,51
201500006456,15,6,18,1730,1,1,1,1,6,51136,M,4909635.0,375099.0,51
201500006457,15,6,18,1515,1,1,1,1,6,51396,M,4902841.0,371954.0,51
201500006458,15,7,1,1830,1,1,1,1,7,51199,M,4913779.0,382647.0,51
201500006459,15,9,10,630,2,1,1,1,2,51609,M,4909405.0,369106.0,51
201500006460,15,10,27,1830,2,2,1,1,6,51217,M,4907793.0,364231.0,51
201500006461,15,10,20,930,1,1,3,5,6,51425,M,4914420.0,370684.0,51
201500006462,15,11,7,1900,3,1,1,1,1,51410,M,4907965.0,377476.0,51
201500006463,15,4,26,145,3,1,1,2,6,51165,M,4873125.0,390576.0,51
201500006464,15,6,19,815,1,1,1,1,6,51545,M,4873939.0,420632.0,51
201500006465,15,3,27,1100,1,2,1,7,3,51381,M,4892355.0,380476.0,51
201500006466,15,7,26,1630,1,2,1,3,3,51542,M,4880872.0,373011.0,51
201500006467,15,8,21,1945,2,1,1,7,7,51042,M,4883529.0,375749.0,51
201500006468,15,9,20,2100,3,1,1,1,6,51381,M,4893181.0,382316.0,51
201500006469,15,11,18,1730,5,2,1,1,6,51380,M,4887193.0,354146.0,51
201500006470,15,12,22,715,2,1,1,1,1,51235,M,4877577.0,364824.0,51
201500006471,15,1,15,1315,1,2,1,2,1,51343,M,0.0,0.0,51
201500006472,15,4,19,545,3,1,1,1,6,51056,M,4862456.0,359816.0,51
201500006473,15,5,11,1845,1,1,2,1,1,51402,M,4873082.0,350463.0,51
201500006474,15,8,4,1615,1,2,1,1,3,51511,M,4861366.0,375238.0,51
201500006475,15,8,27,1430,1,1,1,1,6,51535,M,4871892.0,375012.0,51
201500006476,15,10,3,400,5,2,1,1,6,51056,M,4861370.0,361331.0,51
201500006477,15,3,19,700,1,2,3,1,3,51534,M,4925123.0,376190.0,51