Num_Acc,an,mois,jour,hrmn,lum,agg,int,atm,col,com,gps,lat,long,dep
201500006478,15,6,6,115,5,2,6,1,6,51250,M,4931322.0,367934.0,51
201500006479,15,5,20,1745,1,1,1,1,1,51532,M,4913176.0,399169.0,51
201500006480,15,6,10,730,1,1,2,1,1,51118,M,4927363.0,394465.0,51
201500006481,15,6,16,1400,1,1,1,1,1,51391,M,4927315.0,388895.0,51
201500006482,15,6,19,745,1,1,6,1,3,51140,M,4918380.0,385161.0,51
201500006483,15,8,27,15,3,1,1,2,6,51391,M,4927640.0,385213.0,51
201500006484,15,8,27,2000,2,1,1,2,6,51072,M,4920518.0,389883.0,51
201500006485,15,10,7,845,1,1,1,2,1,51111,M,4918706.0,383908.0,51
201500006486,15,12,15,1730,1,1,1,1,2,51102,M,4934734.0,394790.0,51
201500006487,15,4,18,1830,1,1,1,7,3,51643,M,0.0,0.0,51
201500006488,15,8,4,100,3,1,1,1,6,51643,M,4900875.0,390933.0,51
201500006489,15,8,9,630,2,2,1,1,1,51597,M,4906001.0,388069.0,51
201500006490,15,9,30,1730,1,2,9,1,3,51210,M,4906531.0,396597.0,51
201500006491,15,10,11,1845,3,1,1,1,6,51002,M,4900952.0,386254.0,51
201500006492,15,11,29,1630,1,1,1,1,1,51393,M,4913511.0,391824.0,51
201500006493,15,1,13,430,3,1,1,1,6,51295,M,0.0,0.0,51
201500006494,15,1,2,800,3,1,1,3,6,51340,M,0.0,0.0,51
201500006495,15,4,29,1700,1,2,3,1,6,51649,M,4872762.0,458480.0,51
201500006496,15,5,14,1530,1,2,2,1,2,51649,M,4873365.0,458976.0,51
201500006497,15,5,23,700,1,1,1,1,6,51557,M,4878132.0,458368.0,51
201500006498,15,8,4,1200,1,2,1,1,6,51649,M,4872631.0,458415.0,51
201500006499,15,8,6,1245,1,1,3,1,3,51649,M,4872258.0,462985.0,51
201500006500,15,8,29,2000,2,1,1,1,6,51134,M,4868196.0,454776.0,51
201500006501,15,8,30,615,2,1,1,1,1,51065,M,4873348.0,455958.0,51
201500006502,15,9,7,1715,1,2,1,1,3,51649,M,4872972.0,458253.0,51
201500006503,15,10,8,1115,1,2,1,1,6,51649,M,4872847.0,458924.0,51
201500006504,15,10,31,1100,1,2,1,1,2,51065,M,4872912.0,457447.0,51
201500006505,15,11,15,1815,3,1,1,1,1,51328,M,4875300.0,454800.0,51
201500006506,15,11,12,1745,5,2,3,1,1,51649,M,4871552.0,458475.0,51
201500006507,15,12,6,1745,3,1,1,1,1,51275,M,4871437.0,455239.0,51
201500006508,15,12,24,1710,5,2,1,1,6,51649,M,4872262.0,459499.0,51
201500006509,15,1,3,630,3,1,1,2,6,51270,M,0.0,0.0,51
201500006510,15,2,21,2345,3,1,1,8,6,51060,M,4876418.0,477973.0,51
201500006511,15,6,4,730,1,1,1,1,1,51358,M,4873825.0,485691.0,51
201500006512,15,7,19,1800,1,2,1,1,6,51349,M,4855450.0,452031.0,51
201500006513,15,8,26,1700,1,2,1,1,5,51423,M,4876832.0,483421.0,51
201500006514,15,10,2,715,2,1,1,1,1,51040,M,4879683.0,466171.0,51
201500006515,15,10,7,345,3,1,1,2,6,51442,M,4889650.0,491644.0,51
201500006516,15,10,18,1700,1,1,1,1,6,51288,M,4867334.0,476961.0,51
201500006517,15,10,19,1500,1,2,1,1,1,51094,M,4874683.0,469797.0,51
201500006518,15,11,27,2200,3,1,1,1,6,51590,M,4884728.0,477803.0,51
201500006519,15,4,5,1230,1,1,2,1,3,51191,M,4914611.0,481786.0,51
201500006520,15,6,5,1830,1,2,1,1,6,51283,M,4910933.0,474888.0,51
201500006521,15,11,13,1530,1,1,1,2,6,51621,M,4920266.0,497660.0,51
201500006522,15,6,17,615,2,1,1,7,6,08199,M,4979645.0,481717.0,08
201500006523,15,7,26,1700,1,1,1,2,7,08214,M,5000247.0,481588.0,08
201500006524,15,6,17,1500,1,2,1,1,6,08488,M,4973186.0,482748.0,08
201500006525,15,6,16,2200,3,2,1,1,6,08445,M,4965232.0,494456.0,08
201500006526,15,5,8,1900,1,2,1,1,7,08362,M,4951118.0,436133.0,08
201500006527,15,5,21,1900,1,1,2,7,3,08313,M,4949298.0,429739.0,08
201500006528,15,5,26,1645,1,1,1,1,6,08144,M,4950828.0,444138.0,08
201500006529,15,7,5,300,3,1,1,1,7,08452,M,4948460.0,440918.0,08
201500006530,15,9,9,1730,1,2,1,1,6,08362,M,4950732.0,435210.0,08
201500006531,15,10,9,1400,1,1,1,1,2,08362,M,4953079.0,437424.0,08
201500006532,15,8,21,1915,1,1,1,1,7,08107,M,4951910.0,424618.0,08
201500006533,15,7,15,1115,1,2,1,1,5,10429,M,4853450.0,410630.0,10
201500006534,15,2,6,1800,1,1,1,1,3,10373,M,4820499.0,400468.0,10
201500006535,15,2,28,1630,1,1,1,1,3,10371,M,4816365.0,394268.0,10
201500006536,15,3,21,1415,1,2,1,1,1,10140,M,4803828.0,390435.0,10
201500006537,15,4,3,1700,1,1,1,2,6,10140,M,4804454.0,390186.0,10
201500006538,15,4,16,1545,1,1,1,1,1,10359,M,4813752.0,399346.0,10
201500006539,15,4,30,1100,1,1,1,1,3,10018,M,4809115.0,392149.0,10
201500006540,15,5,1,2000,2,1,1,2,5,10116,M,4814631.0,400983.0,10
201500006541,15,6,2,2000,1,1,2,1,3,10435,M,4819093.0,406511.0,10
201500006542,15,6,14,1545,1,1,1,1,7,10278,M,0.0,0.0,10
201500006543,15,6,21,1015,1,1,1,1,6,10080,M,4803594.0,413463.0,10
201500006544,15,6,25,1245,1,1,1,1,7,10140,M,4806369.0,391818.0,10
201500006545,15,7,4,1945,1,2,1,1,6,10140,M,4803742.0,390955.0,10
201500006546,15,8,14,745,1,1,1,1,3,10373,M,4820632.0,401215.0,10
201500006547,15,9,6,1145,1,2,1,1,7,10018,M,4808781.0,389518.0,10
201500006548,15,9,19,1630,1,1,1,1,4,10359,M,4813982.0,400270.0,10
201500006549,15,9,30,1745,1,2,2,1,3,10140,M,4804126.0,390786.0,10
201500006550,15,11,29,1015,1,1,1,1,7,10051,M,4819412.0,400759.0,10
201500006551,15,12,12,1330,1,2,1,8,6,10049,M,4819174.0,411957.0,10
201500006552,15,2,14,515,3,1,9,1,7,10191,M,4833337.0,409562.0,10
201500006553,15,3,30,1645,1,1,1,1,1,10100,M,4820276.0,419461.0,10
201500006554,15,4,4,1345,1,1,1,3,6,10406,M,4824138.0,417072.0,10
201500006555,15,6,13,600,1,2,1,1,7,10100,M,4821040.0,418205.0,10
201500006556,15,7,28,700,2,1,1,1,7,10173,M,4821325.0,411810.0,10
201500006557,15,8,9,1000,1,1,1,1,6,10030,M,4832736.0,402869.0,10
201500006558,15,8,12,1400,1,1,1,1,1,10363,M,4822024.0,414105.0,10
201500006559,15,8,30,1100,1,2,1,1,7,10352,M,4832572.0,408374.0,10
201500006560,15,9,23,1815,1,1,1,1,5,10030,M,4833083.0,402424.0,10
201500006561,15,9,23,815,1,1,1,1,2,10349,M,4834376.0,400723.0,10
201500006562,15,11,6,1645,1,1,2,1,1,10363,M,4818660.0,416890.0,10
201500006563,15,11,7,15,5,1,6,1,7,10340,M,4826178.0,403505.0,10
201500006564,15,11,12,2130,3,1,9,1,1,10340,M,4823691.0,402004.0,10
201500006565,15,4,11,1545,1,2,2,1,1,10003,M,4822300.0,373800.0,10
201500006566,15,4,24,2230,5,2,8,1,3,10142,M,4827321.0,381400.0,10
201500006567,15,8,15,1030,1,1,1,2,7,10263,M,4826500.0,379700.0,10
201500006568,15,10,9,1530,1,2,1,1,6,10142,M,4827300.0,380600.0,10
201500006569,15,12,14,1745,1,2,1,1,3,10263,M,4826200.0,378700.0,10
201500006570,15,1,31,215,3,2,1,1,6,10238,M,4825300.0,433600.0,10
201500006571,15,5,17,1230,1,1,1,1,6,10255,M,4821743.0,426171.0,10
201500006572,15,6,7,1430,1,1,2,1,3,10019,M,4840300.0,437100.0,10
201500006573,15,6,14,1500,1,2,1,1,2,10287,M,4836700.0,436100.0,10
201500006574,15,8,1,2130,3,1,1,1,7,10287,M,4835800.0,434400.0,10
201500006575,15,10,5,1830,1,2,1,2,4,10287,M,4836340.0,432801.0,10
201500006576,15,1,5,2100,5,2,1,1,6,10033,M,4823597.0,470293.0,10
201500006577,15,1,18,645,5,2,1,1,7,10033,M,4823188.0,471878.0,10
201500006578,15,1,25,1400,1,1,1,2,1,10426,M,0.0,0.0,10
201500006579,15,4,1,800,1,1,1,1,7,10423,M,4823581.0,439135.0,10
201500006580,15,4,7,715,2,1,1,1,6,10076,M,4809152.0,469919.0,10
201500006581,15,6,8,1700,1,2,1,1,1,10050,M,4827644.0,461403.0,10
201500006582,15,6,27,1915,1,1,1,1,7,10011,M,4825289.0,475641.0,10
201500006583,15,7,14,1730,1,2,9,1,2,10401,M,4823571.0,446887.0,10
201500006584,15,7,26,530,2,1,1,1,6,10215,M,4823524.0,451718.0,10
201500006585,15,8,2,245,3,1,1,1,7,10384,M,4830952.0,460391.0,10
201500006586,15,8,6,1830,1,1,1,1,7,10401,M,4822636.0,443847.0,10
201500006587,15,10,21,1900,3,1,1,1,7,10440,M,4823800.0,476580.0,10
201500006588,15,10,21,1815,3,2,1,1,3,10102,M,0.0,0.0,10
201500006589,15,10,23,1715,1,1,1,2,1,10033,M,4822400.0,473850.0,10
201500006590,15,10,27,1845,3,1,1,1,5,10217,M,4825110.0,456550.0,10
201500006591,15,12,31,1230,1,1,1,1,3,10401,M,4823830.0,448690.0,10
201500006592,15,10,22,2300,3,1,1,2,2,10283,M,4841600.0,438700.0,10
201500006593,15,11,7,1630,1,1,1,1,1,10228,M,4835600.0,443800.0,10
201500006594,15,1,5,1700,2,2,1,8,7,10295,M,4807600.0,437200.0,10
201500006595,15,5,1,1615,1,1,1,2,1,10437,M,4814700.0,428800.0,10
201500006596,15,5,16,1530,1,1,1,1,6,10029,M,4802366.0,435357.0,10
201500006597,15,5,25,1445,1,1,1,8,7,10438,M,4814000.0,459900.0,10
201500006598,15,6,30,915,1,1,1,1,3,10055,M,4812489.0,436449.0,10
201500006599,15,7,4,1345,1,1,1,7,1,10025,M,4800300.0,431000.0,10
201500006600,15,7,25,1745,1,2,1,1,6,10437,M,0.0,0.0,10
201500006601,15,8,1,1545,1,1,1,1,3,10317,M,4800615.0,439516.0,10
201500006602,15,8,30,15,5,2,1,1,6,10399,M,4817642.0,418245.0,10
201500006603,15,11,18,1730,5,2,1,1,3,10317,M,4799270.0,436891.0,10
201500006604,15,6,3,845,1,1,2,1,1,10153,M,0.0,0.0,10
201500006605,15,6,28,545,2,1,1,1,6,10298,M,4852936.0,359744.0,10
201500006606,15,7,19,1415,1,1,1,1,6,10268,M,4848378.0,351156.0,10
201500006607,15,7,21,1745,1,1,1,1,1,10334,M,4849605.0,353340.0,10
201500006608,15,9,12,2045,5,1,1,1,6,10339,M,4840027.0,377496.0,10
201500006609,15,9,21,1530,1,2,1,1,6,10370,M,4841311.0,353887.0,10
201500006610,15,10,24,1500,1,2,1,1,6,10420,M,4858910.0,355480.0,10
201500006611,15,11,10,1230,1,2,1,1,6,10268,M,4849484.0,50567.0,10
201500006612,15,12,18,1415,1,1,1,8,6,10277,M,4827352.0,367027.0,10
201500006613,15,12,28,845,1,2,1,1,7,10020,M,4843641.0,356459.0,10
201500006614,15,7,16,2130,1,2,1,1,6,10323,M,0.0,0.0,10
201500006615,15,10,10,845,2,2,1,5,6,10157,M,4844080.0,365140.0,10
201500006616,15,2,24,1130,1,1,2,1,3,52274,M,4798105.0,489400.0,52
201500006617,15,5,26,900,1,1,1,1,1,52165,M,4795930.0,488035.0,52
201500006618,15,7,6,1915,1,1,1,1,1,52469,M,4805681.0,505321.0,52
201500006619,15,7,20,1815,1,1,1,1,1,52069,M,4809290.0,495742.0,52
201500006620,15,7,31,1230,1,1,1,1,6,52193,M,4813862.0,506211.0,52
201500006621,15,9,26,2045,3,1,1,1,1,52274,M,4796397.0,482211.0,52
201500006622,15,12,8,1600,1,1,3,7,3,52423,M,4826122.0,532923.0,52
201500006623,15,2,7,215,3,1,1,4,7,52287,M,4811994.0,557761.0,52
201500006624,15,2,27,700,2,2,1,3,6,52074,M,4809693.0,560273.0,52
201500006625,15,4,30,1400,1,1,1,1,3,52353,M,4804038.0,537676.0,52
201500006626,15,5,13,1500,1,1,1,1,1,52353,M,4804768.0,535992.0,52
201500006627,15,5,17,1345,1,1,9,1,7,52488,M,4798163.0,526750.0,52
201500006628,15,6,20,1830,1,2,1,1,7,52320,M,4805391.0,559034.0,52
201500006629,15,10,17,1545,1,2,1,1,1,52353,M,4803325.0,535006.0,52
201500006630,15,11,29,45,5,2,1,2,6,52050,M,4808833.0,530033.0,52
201500006631,15,3,6,1915,4,1,1,1,6,52211,M,4828532.0,513525.0,52
201500006632,15,4,10,1530,1,1,6,7,7,52260,M,4821165.0,512463.0,52
201500006633,15,5,13,1900,1,1,1,1,3,52211,M,4828825.0,512406.0,52
201500006634,15,7,16,715,1,2,1,1,1,52251,M,4813551.0,508446.0,52
201500006635,15,1,27,1200,1,2,1,1,6,52269,M,4786170.0,533381.0,52
201500006636,15,5,31,1515,1,1,1,1,7,52541,M,4797677.0,535453.0,52
201500006637,15,5,31,1800,1,1,1,1,6,52307,M,4792831.0,521325.0,52
201500006638,15,6,25,1200,1,1,1,1,5,52037,M,4790856.0,540144.0,52
201500006639,15,7,13,2015,1,1,1,1,7,52307,M,4791749.0,517864.0,52
201500006640,15,7,20,2200,3,1,1,1,6,52307,M,4791472.0,520513.0,52
201500006641,15,7,25,1900,1,2,1,1,3,52269,M,4787046.0,532762.0,52
201500006642,15,12,15,300,3,1,1,1,6,52269,M,4787073.0,530615.0,52
201500006643,15,5,23,2215,3,1,1,1,7,52162,M,4796978.0,561321.0,52
201500006644,15,6,5,930,1,1,2,1,3,52332,M,4802392.0,561612.0,52
201500006645,15,8,29,2245,3,2,1,1,6,52332,M,4800255.0,549876.0,52
201500006646,15,10,5,2015,5,2,1,2,3,52060,M,4795481.0,573395.0,52
201500006647,15,1,18,245,3,1,1,9,1,52119,M,4781805.0,548835.0,52
201500006648,15,5,29,1715,1,2,1,1,6,52043,M,4772324.0,554648.0,52
201500006649,15,6,19,1630,1,2,1,1,5,52093,M,4780563.0,542428.0,52
201500006650,15,11,7,1330,1,1,8,7,1,52374,M,4778006.0,540213.0,52
201500006651,15,10,14,1000,1,1,2,1,1,52119,M,4781653.0,549643.0,52
201500006652,15,5,26,900,1,1,1,1,3,52405,M,4768410.0,526574.0,52
201500006653,15,7,14,1130,1,1,1,1,6,52016,M,4785289.0,500934.0,52
201500006654,15,7,17,1745,1,2,1,1,1,52145,M,4769163.0,545836.0,52
201500006655,15,11,27,745,1,1,1,5,6,52384,M,4779439.0,522158.0,52
201500006656,15,5,31,1715,1,2,1,1,6,52331,M,4847336.0,477299.0,52
201500006657,15,7,14,1445,1,1,1,1,7,52294,M,4854155.0,490782.0,52
201500006658,15,11,21,745,2,1,3,8,3,52235,M,4864633.0,487339.0,52
201500006659,15,2,1,2000,3,1,1,3,7,52212,M,4838672.0,515342.0,52
201500006660,15,3,31,1145,1,2,1,1,6,52175,M,4836259.0,515557.0,52
201500006661,15,4,30,1500,1,1,1,1,6,52212,M,4840116.0,511430.0,52
201500006662,15,7,4,1245,1,1,1,7,1,52511,M,4837393.0,520169.0,52
201500006663,15,7,11,1345,1,1,1,1,3,52118,M,4847464.0,512592.0,52
201500006664,15,7,14,2045,1,2,1,1,7,52302,M,4849437.0,506688.0,52
201500006665,15,8,2,1830,1,2,3,1,3,52265,M,4856129.0,505376.0,52
201500006666,15,8,12,30,3,1,1,1,1,52250,M,4843406.0,515330.0,52
201500006667,15,9,11,1745,1,1,1,1,1,52250,M,4842880.0,515843.0,52
201500006668,15,10,1,1430,1,1,1,1,1,52181,M,4846460.0,529854.0,52
201500006669,15,10,24,1900,5,2,1,9,2,52265,M,4854337.0,508952.0,52
201500006670,15,9,11,2230,3,1,1,1,7,52359,M,4838300.0,481500.0,52
201500006671,15,12,4,730,2,1,1,2,6,52149,M,4841151.0,494760.0,52
201500006672,15,7,2,1145,1,1,1,1,6,21514,M,0.0,0.0,21
201500006673,15,3,13,1615,1,1,1,1,6,21555,M,4741395.0,514821.0,21
201500006674,15,3,18,2330,3,1,1,1,7,21021,M,4735696.0,521055.0,21
201500006675,15,1,20,715,3,1,1,1,5,21609,M,4720978.0,527630.0,21
201500006676,15,3,20,1715,1,1,1,1,7,21371,M,4716452.0,533696.0,21
201500006677,15,7,16,845,1,2,2,7,3,21038,M,4718845.0,539009.0,21
201500006678,15,8,16,1015,1,1,1,1,6,21701,M,4716252.0,540333.0,21
201500006679,15,9,3,1515,1,2,1,1,1,21028,M,4723053.0,537239.0,21
201500006680,15,10,30,1815,2,2,1,1,1,21038,M,4719422.0,538362.0,21
201500006681,15,11,6,2215,3,1,1,1,6,21038,M,0.0,0.0,21
201500006682,15,11,14,2115,3,1,1,1,6,21331,M,4717112.0,538262.0,21
201500006683,15,6,5,1930,1,2,2,1,1,21292,M,4724540.0,522844.0,21
201500006684,15,6,14,515,1,2,1,1,7,21352,M,4722021.0,525060.0,21
201500006685,15,6,25,815,1,2,9,1,1,21292,M,4723177.0,524168.0,21
201500006686,15,7,13,1845,1,2,6,1,1,21126,M,4728026.0,522279.0,21
201500006687,15,8,5,830,1,1,1,5,2,21106,M,4723856.0,510662.0,21
201500006688,15,11,10,1630,1,2,1,7,6,21292,M,4724109.0,521902.0,21
201500006689,15,11,18,2130,5,2,1,1,3,21106,M,4724054.0,510421.0,21
201500006690,15,3,22,1300,1,2,1,1,1,21390,M,4727651.0,500127.0,21
201500006691,15,3,25,545,5,2,6,2,3,21390,M,4727980.0,500708.0,21
201500006692,15,5,7,1330,1,2,6,1,6,21390,M,4728123.0,501681.0,21
201500006693,15,7,3,2115,2,2,1,1,7,21458,M,4720000.0,508200.0,21
201500006694,15,7,24,1845,1,1,6,2,7,21265,M,4725726.0,499356.0,21
201500006695,15,7,24,1800,1,2,9,1,3,21390,M,4727234.0,500233.0,21
201500006696,15,9,6,1015,1,1,1,1,2,21295,M,4722268.0,494976.0,21
201500006697,15,10,1,1100,1,1,9,1,3,21586,M,4722298.0,504901.0,21
201500006698,15,10,4,115,3,1,1,8,2,21265,M,4724975.0,499008.0,21
201500006699,15,10,19,1715,1,1,1,1,1,21481,M,4726212.0,502260.0,21
201500006700,15,10,23,1,3,1,1,2,6,21625,M,4720216.0,481024.0,21
201500006701,15,11,11,930,1,1,6,1,3,21263,M,4725882.0,503466.0,21
201500006702,15,11,15,1115,2,1,1,5,3,21295,M,4721700.0,507100.0,21
201500006703,15,11,25,1015,1,1,1,1,6,21295,M,4723300.0,499100.0,21
201500006704,15,6,12,1830,1,2,1,1,6,21562,M,4757884.0,540753.0,21
201500006705,15,4,9,1715,1,2,1,1,6,21599,M,4758803.0,518418.0,21
201500006706,15,7,8,1500,1,1,1,1,6,21665,M,4764448.0,514796.0,21
201500006707,15,8,10,2030,1,1,1,2,6,21361,M,4749553.0,524269.0,21
201500006708,15,8,16,1530,1,2,1,1,1,21638,M,4752433.0,518223.0,21
201500006709,15,8,27,1300,1,1,1,1,5,21245,M,4745890.0,506952.0,21
201500006710,15,2,3,1315,1,1,1,1,1,21037,M,4698711.0,474129.0,21
201500006711,15,2,20,1445,1,1,1,1,1,21712,M,4699194.0,479367.0,21
201500006712,15,2,24,700,2,1,1,9,7,21054,M,4705213.0,479056.0,21
201500006713,15,2,24,900,2,1,1,8,7,21054,M,4704313.0,480034.0,21
201500006714,15,3,12,1645,1,2,3,1,3,21461,M,4695002.0,462877.0,21
201500006715,15,3,29,1600,1,2,1,2,7,21712,M,4700151.0,478772.0,21
201500006716,15,5,31,1600,1,1,1,1,7,21527,M,4694894.0,467109.0,21
201500006717,15,9,6,1815,1,1,1,1,1,21150,M,4692573.0,473939.0,21
201500006718,15,9,14,1700,1,1,1,3,3,21492,M,4700040.0,478638.0,21
201500006719,15,9,22,545,2,2,1,1,3,21461,M,4695240.0,463298.0,21
201500006720,15,9,28,900,1,1,3,1,1,21541,M,4695264.0,471710.0,21
201500006721,15,10,31,1,3,1,1,5,7,21411,M,4698074.0,493303.0,21
201500006722,15,4,22,2115,3,1,1,1,1,21009,M,4718272.0,441070.0,21
201500006723,15,6,1,1500,1,1,1,1,1,21360,M,4709249.0,467504.0,21
201500006724,15,7,7,1400,1,1,1,9,7,21009,M,4717745.0,441803.0,21
201500006725,15,7,25,530,2,1,1,6,7,21210,M,4724904.0,456546.0,21
201500006726,15,8,30,1415,1,1,1,1,1,21715,M,4709033.0,437028.0,21
201500006727,15,11,1,1530,1,1,2,1,3,21567,M,4711451.0,450650.0,21
201500006728,15,11,6,1845,3,1,1,2,1,21128,M,4726771.0,447752.0,21
201500006729,15,12,6,1715,5,2,9,8,6,21634,M,4716682.0,470167.0,21
201500006730,15,4,26,1300,1,1,1,1,1,21564,M,4713199.0,509314.0,21
201500006731,15,6,30,845,1,2,1,1,6,21464,M,4713637.0,495005.0,21
201500006732,15,9,19,1145,1,1,2,1,3,21464,M,4712281.0,494609.0,21
201500006733,15,12,20,1630,1,1,1,1,3,21022,M,4707638.0,502742.0,21
201500006734,15,7,25,1030,1,1,1,1,6,21103,M,4713324.0,521555.0,21
201500006735,15,10,11,530,3,2,1,1,6,21356,M,4708521.0,525224.0,21
201500006736,15,6,6,1730,1,1,1,1,2,21435,M,4790315.0,455587.0,21
201500006737,15,11,12,1800,2,1,1,1,1,21078,M,4785798.0,442944.0,21
201500006738,15,12,2,1800,5,2,1,1,6,21201,M,4775027.0,449275.0,21
201500006739,15,12,23,1830,3,1,1,1,6,21252,M,4769976.0,442602.0,21
201500006740,15,12,26,1430,1,1,1,1,3,21700,M,4793126.0,453726.0,21
201500006741,15,2,13,15,3,1,1,1,6,21326,M,4762066.0,461521.0,21
201500006742,15,2,13,1645,1,1,1,1,3,21043,M,4759811.0,466615.0,21
201500006743,15,8,8,230,3,1,1,2,6,21250,M,4775276.0,479165.0,21
201500006744,15,5,12,1415,1,2,3,1,3,21425,M,0.0,0.0,21
201500006745,15,7,5,2345,3,1,1,1,6,21603,M,0.0,0.0,21
201500006746,15,7,23,1215,1,2,1,1,6,21425,M,4761739.0,433231.0,21
201500006747,15,7,27,1015,1,1,1,1,1,21272,M,4745511.0,433818.0,21
201500006748,15,9,27,1615,1,1,1,1,1,21429,M,4758258.0,433539.0,21
201500006749,15,10,31,815,1,1,1,7,3,21026,M,4771509.0,428547.0,21
201500006750,15,11,30,1015,1,2,1,1,6,21425,M,4711445.0,450648.0,21
201500006751,15,12,9,1815,5,2,1,1,6,21603,M,4749164.0,433568.0,21
201500006752,15,12,17,1345,1,2,1,1,6,21425,M,4761931.0,433815.0,21
201500006753,15,1,16,1215,1,1,1,5,6,21395,M,4738991.0,458048.0,21
201500006754,15,5,9,1545,1,1,1,1,3,21500,M,4751002.0,447388.0,21
201500006755,15,10,4,645,3,1,1,1,6,21288,M,4754600.0,463500.0,21
201500006756,15,10,19,1200,1,1,1,1,5,21271,M,4748961.0,449340.0,21
201500006757,15,1,4,1200,1,1,1,1,3,21584,M,4742300.0,426600.0,21
201500006758,15,1,31,1115,1,1,1,8,6,21232,M,4739589.0,425018.0,21
201500006759,15,2,21,1715,1,1,1,8,6,21083,M,4718642.0,426362.0,21
201500006760,15,5,24,1500,1,1,1,1,6,21584,M,4738100.0,417999.0,21
201500006761,15,6,13,1545,1,1,1,7,1,21417,M,4730683.0,436313.0,21
201500006762,15,7,3,1400,1,1,1,1,3,21101,M,4740200.0,443900.0,21
201500006763,15,12,13,1745,3,1,1,1,2,21615,M,4721504.0,434383.0,21
201500006764,15,12,14,1430,1,2,7,7,6,21083,M,4719600.0,424300.0,21
201500006765,15,12,19,815,1,1,1,1,7,21434,M,4735744.0,428411.0,21
201500006766,15,1,14,1500,1,1,1,4,1,21611,M,4732034.0,472213.0,21
201500006767,15,1,17,2145,3,1,1,4,7,21033,M,4729320.0,466049.0,21
201500006768,15,2,9,1245,1,1,1,1,6,21485,M,4733724.0,496557.0,21
201500006769,15,6,15,45,5,2,1,2,6,21300,M,0.0,0.0,21
201500006770,15,1,1,230,5,2,1,2,6,58095,M,0.0,0.0,58
201500006771,15,2,21,1145,1,2,1,1,3,58095,M,0.0,0.0,58
201500006772,15,8,27,1345,1,2,1,1,6,58095,M,0.0,0.0,58
201500006773,15,9,16,1230,1,2,1,8,6,58151,M,0.0,0.0,58
201500006774,15,10,13,1830,1,2,1,1,6,58095,M,0.0,0.0,58
201500006775,15,12,15,1800,5,2,1,2,6,58151,M,0.0,0.0,58
201500006776,15,12,26,1145,1,1,1,1,6,58241,M,0.0,0.0,58
201500006777,15,1,25,2030,5,1,1,1,6,58051,M,0.0,0.0,58
201500006778,15,4,1,2330,3,1,1,1,7,58051,M,0.0,0.0,58
201500006779,15,4,19,1230,1,1,1,1,3,58160,M,0.0,0.0,58
201500006780,15,5,12,1515,1,2,1,1,6,58117,M,0.0,0.0,58
201500006781,15,5,13,1230,1,1,1,1,3,58160,M,0.0,0.0,58
201500006782,15,7,28,2145,5,2,1,1,6,58117,M,0.0,0.0,58
201500006783,15,10,3,1815,1,1,1,8,1,58160,M,0.0,0.0,58
201500006784,15,3,9,1645,1,1,1,1,6,58112,M,0.0,0.0,58
201500006785,15,5,7,1715,1,1,1,1,6,58247,M,0.0,0.0,58
201500006786,15,6,10,1830,1,1,1,1,6,58278,M,0.0,0.0,58
201500006787,15,7,2,1600,1,2,1,1,6,58134,M,0.0,0.0,58
201500006788,15,9,8,1300,1,1,1,1,1,58273,M,0.0,0.0,58
201500006789,15,10,4,830,1,2,1,1,6,58278,M,0.0,0.0,58
201500006790,15,11,25,1845,3,1,1,2,7,58238,M,0.0,0.0,58
201500006791,15,6,7,1800,1,1,2,1,1,58294,M,0.0,0.0,58
201500006792,15,10,18,1215,1,1,1,1,1,58138,M,0.0,0.0,58
201500006793,15,2,25,745,1,1,1,5,6,58267,M,0.0,0.0,58
201500006794,15,4,9,1930,1,1,1,1,6,58223,M,0.0,0.0,58
201500006795,15,8,5,2200,3,2,1,1,1,58030,M,0.0,0.0,58
201500006796,15,10,4,1630,1,2,1,1,6,58065,M,0.0,0.0,58
201500006797,15,8,15,1145,1,1,1,8,6,58062,M,0.0,0.0,58
201500006798,15,9,8,1930,3,1,1,1,7,58142,M,0.0,0.0,58
201500006799,15,3,21,1200,1,2,1,2,6,58079,M,0.0,0.0,58
201500006800,15,4,15,1545,1,2,1,1,6,58200,M,0.0,0.0,58
201500006801,15,7,11,2100,1,1,1,1,6,58079,M,4758300.0,308300.0,58
201500006802,15,11,19,445,3,2,1,2,6,58079,M,0.0,0.0,58
201500006803,15,5,10,1900,1,2,1,1,6,58145,M,0.0,0.0,58
201500006804,15,6,13,1700,1,1,1,1,3,58180,M,0.0,0.0,58
201500006805,15,9,28,1115,1,2,1,1,6,58083,M,0.0,0.0,58
201500006806,15,7,4,1515,1,1,1,8,7,58304,M,0.0,0.0,58
201500006807,15,1,13,1515,1,2,4,1,1,58086,M,0.0,0.0,58
201500006808,15,3,14,930,1,1,1,1,3,58086,M,0.0,0.0,58