Num_Acc,an,mois,jour,hrmn,lum,agg,int,atm,col,com,gps,lat,long,dep
201500006809,15,7,4,1000,1,1,1,1,6,58270,M,0.0,0.0,58
201500006810,15,8,18,1300,1,1,1,1,7,58251,M,0.0,0.0,58
201500006811,15,10,13,1,3,1,1,1,7,58036,M,0.0,0.0,58
201500006812,15,4,14,1530,1,2,1,1,3,58059,M,4700000.0,300000.0,58
201500006813,15,5,10,1515,1,2,1,1,6,58279,M,0.0,0.0,58
201500006814,15,6,30,930,1,1,1,1,6,58059,M,0.0,0.0,58
201500006815,15,8,2,1630,1,1,1,1,6,58295,M,0.0,0.0,58
201500006816,15,8,5,1545,1,1,1,1,7,58122,M,0.0,0.0,58
201500006817,15,8,21,1145,1,1,1,1,3,58061,M,0.0,0.0,58
201500006818,15,9,1,1015,1,1,3,3,3,58059,M,4718500.0,306500.0,58
201500006819,15,5,2,1500,1,1,1,2,1,58027,M,0.0,0.0,58
201500006820,15,1,14,830,1,1,2,1,3,71250,M,4637240.0,480588.0,71
201500006821,15,1,26,145,3,1,1,2,6,71210,M,4628801.0,475250.0,71
201500006822,15,3,2,140,3,1,1,3,7,71574,M,4638462.0,473809.0,71
201500006823,15,4,11,1545,1,1,1,1,3,71250,M,4637341.0,478813.0,71
201500006824,15,5,22,2045,1,1,1,1,3,71360,M,4632705.0,475670.0,71
201500006825,15,6,3,830,1,1,1,1,4,71448,M,0.0,0.0,71
201500006826,15,6,25,1400,1,1,1,1,5,71250,M,4637195.0,480940.0,71
201500006827,15,10,6,1500,1,2,1,1,3,71556,M,4627280.0,479878.0,71
201500006828,15,10,31,1215,1,2,1,1,1,71526,M,0.0,0.0,71
201500006829,15,10,31,1400,1,2,1,1,3,71250,M,0.0,0.0,71
201500006830,15,11,16,930,1,1,1,1,2,71299,M,0.0,0.0,71
201500006831,15,11,16,1515,1,1,1,1,4,71299,M,0.0,0.0,71
201500006832,15,2,13,2000,3,1,1,1,3,71372,M,4618633.0,473170.0,71
201500006833,15,5,4,1600,1,2,1,1,1,71150,M,0.0,0.0,71
201500006834,15,5,29,900,1,2,1,1,6,71481,M,0.0,0.0,71
201500006835,15,6,2,845,1,1,1,1,3,71481,M,4619789.0,476366.0,71
201500006836,15,7,3,2230,5,2,2,1,3,71150,M,0.0,0.0,71
201500006837,15,7,4,1600,1,2,1,1,6,71372,M,4619045.0,473643.0,71
201500006838,15,7,7,1330,1,1,2,1,3,71090,M,0.0,0.0,71
201500006839,15,8,8,30,5,2,1,1,6,71372,M,4618260.0,474962.0,71
201500006840,15,9,6,45,3,1,1,1,2,71090,M,4619890.0,476425.0,71
201500006841,15,9,9,1545,1,1,2,1,3,71090,M,0.0,0.0,71
201500006842,15,11,3,1830,3,1,1,2,6,71090,M,0.0,0.0,71
201500006843,15,5,2,1200,1,1,1,1,6,71546,M,4632861.0,454299.0,71
201500006844,15,5,10,130,3,1,1,1,6,71545,M,0.0,0.0,71
201500006845,15,5,16,1000,1,2,1,1,3,71289,M,4630861.0,449180.0,71
201500006846,15,6,10,1000,1,1,1,1,7,71137,M,0.0,0.0,71
201500006847,15,6,27,800,1,1,1,1,6,71030,M,0.0,0.0,71
201500006848,15,4,1,1845,1,1,2,1,3,71305,M,4646522.0,488800.0,71
201500006849,15,4,30,2200,5,2,1,2,6,71584,M,0.0,0.0,71
201500006850,15,7,14,1845,1,2,1,1,6,71543,M,4657502.0,491209.0,71
201500006851,15,2,11,1545,1,1,1,1,6,71313,M,0.0,0.0,71
201500006852,15,2,17,815,1,2,1,1,6,71014,M,4695185.0,429719.0,71
201500006853,15,4,15,1145,1,2,9,1,3,71014,M,4695795.0,429720.0,71
201500006854,15,4,21,1600,1,2,1,1,6,71014,M,4694981.0,429938.0,71
201500006855,15,5,14,1430,1,2,9,1,6,71014,M,4695796.0,430069.0,71
201500006856,15,7,14,845,1,2,3,1,1,71014,M,4695634.0,431560.0,71
201500006857,15,8,4,600,2,2,1,2,6,71014,M,4697793.0,430909.0,71
201500006858,15,9,18,1700,1,1,1,1,6,71438,M,4702473.0,440535.0,71
201500006859,15,10,4,815,2,1,1,8,7,71509,M,0.0,0.0,71
201500006860,15,11,2,30,3,2,1,5,6,71015,M,4695087.0,440679.0,71
201500006861,15,11,11,2230,3,1,1,5,6,71014,M,4692544.0,436706.0,71
201500006862,15,11,14,1800,3,1,1,1,3,71014,M,0.0,0.0,71
201500006863,15,12,3,1415,1,1,2,8,3,71190,M,4699576.0,450802.0,71
201500006864,15,1,31,1930,3,1,1,2,6,71046,M,0.0,0.0,71
201500006865,15,3,13,1030,1,2,1,1,3,71192,M,0.0,0.0,71
201500006866,15,7,20,1800,1,1,1,7,7,71062,M,4691127.0,421416.0,71
201500006867,15,2,8,30,3,1,1,1,7,71378,M,0.0,0.0,71
201500006868,15,4,30,830,1,1,1,1,1,71422,M,0.0,0.0,71
201500006869,15,6,19,1900,1,1,1,1,1,71430,M,4680053.0,469399.0,71
201500006870,15,6,22,1630,1,1,1,1,1,71225,M,0.0,0.0,71
201500006871,15,7,28,1600,1,2,1,1,3,71520,M,4674249.0,484540.0,71
201500006872,15,9,19,1900,2,1,1,1,6,71277,M,0.0,0.0,71
201500006873,15,12,19,1015,1,2,1,8,3,71404,M,4675324.0,470664.0,71
201500006874,15,12,21,930,1,1,1,1,6,71324,M,0.0,0.0,71
201500006875,15,3,31,900,1,1,1,1,1,71117,M,0.0,0.0,71
201500006876,15,4,15,945,1,2,9,1,3,71189,M,4675390.0,489809.0,71
201500006877,15,6,25,1500,1,1,1,1,3,71420,M,0.0,0.0,71
201500006878,15,8,20,1200,1,1,1,1,7,71004,M,4680003.0,497348.0,71
201500006879,15,8,26,1500,1,1,1,1,2,71138,M,0.0,0.0,71
201500006880,15,9,2,1630,1,1,1,1,6,71138,M,0.0,0.0,71
201500006881,15,10,18,1430,1,1,1,1,7,71117,M,4678792.0,489678.0,71
201500006882,15,10,31,1100,1,1,1,5,1,71131,M,0.0,0.0,71
201500006883,15,11,19,1445,1,1,1,8,6,71167,M,0.0,0.0,71
201500006884,15,12,6,515,5,2,1,1,6,71398,M,4676185.0,498892.0,71
201500006885,15,5,7,1545,1,2,2,1,3,71512,M,4664055.0,486625.0,71
201500006886,15,5,29,1130,1,2,1,1,3,71052,M,4658048.0,488239.0,71
201500006887,15,6,6,545,2,2,1,1,6,71328,M,4663020.0,482436.0,71
201500006888,15,7,20,1615,1,1,1,1,1,71555,M,4668925.0,487347.0,71
201500006889,15,8,30,1815,1,2,1,1,2,71512,M,4664467.0,487131.0,71
201500006890,15,12,8,2115,3,1,1,2,3,71555,M,4670434.0,486764.0,71
201500006891,15,12,18,1730,3,2,1,1,6,71512,M,4663767.0,486955.0,71
201500006892,15,11,21,1915,3,1,1,2,5,71082,M,0.0,0.0,71
201500006893,15,11,27,1400,1,1,1,5,7,71564,M,4645775.0,438315.0,71
201500006894,15,2,13,845,1,1,1,1,1,71120,M,0.0,0.0,71
201500006895,15,7,29,1300,1,1,1,2,6,71483,M,0.0,0.0,71
201500006896,15,9,8,1645,1,1,2,1,3,71110,M,0.0,0.0,71
201500006897,15,9,14,1215,1,2,1,8,6,71120,M,4619917.0,434066.0,71
201500006898,15,4,15,830,1,2,1,1,1,71176,M,4648370.0,398098.0,71
201500006899,15,7,4,1430,1,2,1,7,6,71176,M,4648428.0,398739.0,71
201500006900,15,7,29,1130,1,1,1,1,6,71325,M,4649127.0,396627.0,71
201500006901,15,12,12,1515,1,2,1,1,6,71176,M,4647499.0,400391.0,71
201500006902,15,1,9,900,3,1,1,2,6,71012,M,4625374.0,401354.0,71
201500006903,15,2,26,2215,3,1,1,2,6,71291,M,4621028.0,401588.0,71
201500006904,15,4,11,1330,1,2,1,1,6,71291,M,0.0,0.0,71
201500006905,15,6,6,1715,1,2,1,1,3,71275,M,4626903.0,404133.0,71
201500006906,15,6,30,1145,1,2,1,1,6,71238,M,0.0,0.0,71
201500006907,15,9,17,1515,1,1,1,1,1,71011,M,0.0,0.0,71
201500006908,15,12,6,1500,1,1,1,1,3,71238,M,4622384.0,406043.0,71
201500006909,15,2,12,1815,2,1,1,1,3,71439,M,0.0,0.0,71
201500006910,15,4,19,615,1,1,1,1,6,71232,M,0.0,0.0,71
201500006911,15,5,27,1530,1,1,1,1,6,71342,M,4646942.0,410744.0,71
201500006912,15,6,2,1545,1,1,1,1,6,71588,M,0.0,0.0,71
201500006913,15,6,6,1915,1,1,1,1,7,71354,M,4636680.0,416457.0,71
201500006914,15,10,14,1600,1,2,1,1,6,71342,M,4646106.0,411238.0,71
201500006915,15,12,26,1630,1,2,1,1,3,71342,M,4646518.0,410861.0,71
201500006916,15,5,15,945,1,1,1,1,1,71047,M,4662299.0,376909.0,71
201500006917,15,6,2,1145,1,1,1,1,3,71346,M,0.0,0.0,71
201500006918,15,6,3,900,1,2,1,1,1,71356,M,0.0,0.0,71
201500006919,15,6,15,1030,1,1,1,2,3,71330,M,0.0,0.0,71
201500006920,15,6,22,2300,3,1,1,1,6,71542,M,0.0,0.0,71
201500006921,15,8,26,1645,1,1,1,1,1,71340,M,0.0,0.0,71
201500006922,15,8,26,1745,1,1,1,1,1,71490,M,4650493.0,412922.0,71
201500006923,15,10,5,515,3,1,1,5,1,71340,M,0.0,0.0,71
201500006924,15,10,30,1615,1,1,1,1,3,71346,M,0.0,0.0,71
201500006925,15,11,26,1430,1,1,1,1,3,71281,M,0.0,0.0,71
201500006926,15,11,26,1545,1,1,1,1,3,71565,M,4662538.0,408537.0,71
201500006927,15,12,19,945,3,1,1,8,5,71542,M,0.0,0.0,71
201500006928,15,3,18,1030,1,1,3,1,3,71056,M,4664560.0,516399.0,71
201500006929,15,6,4,1415,1,1,1,7,1,71056,M,0.0,0.0,71
201500006930,15,7,5,1900,1,1,1,1,5,71157,M,0.0,0.0,71
201500006931,15,7,14,515,2,1,1,1,7,71209,M,4654694.0,528174.0,71
201500006932,15,4,3,1515,1,2,1,1,3,71261,M,4659099.0,499921.0,71
201500006933,15,11,2,1745,1,1,1,5,6,71261,M,0.0,0.0,71
201500006934,15,3,29,400,3,1,1,1,6,71538,M,0.0,0.0,71
201500006935,15,4,24,945,1,1,1,1,2,71419,M,4675903.0,523412.0,71
201500006936,15,6,25,1400,1,1,1,1,7,71516,M,4676451.0,522811.0,71
201500006937,15,7,25,1430,1,1,1,1,6,71364,M,4682803.0,516957.0,71
201500006938,15,8,12,2115,5,2,1,1,1,71254,M,4692680.0,524835.0,71
201500006939,15,1,28,1830,3,1,1,2,5,71187,M,0.0,0.0,71
201500006940,15,2,15,330,3,1,1,1,6,71412,M,0.0,0.0,71
201500006941,15,3,28,2200,3,1,1,2,6,71436,M,0.0,0.0,71
201500006942,15,4,22,1600,1,1,1,7,6,71390,M,4671402.0,431363.0,71
201500006943,15,8,23,1915,1,1,1,2,1,71282,M,0.0,0.0,71
201500006944,15,11,6,1745,5,2,1,1,6,71310,M,4674545.0,447097.0,71
201500006945,15,1,2,1330,1,1,1,5,4,89341,M,4771902.0,376020.0,89
201500006946,15,2,22,1015,1,1,1,5,2,89438,M,4780084.0,364500.0,89
201500006947,15,3,1,1030,1,1,1,2,2,89053,M,4787505.0,347769.0,89
201500006948,15,3,3,45,3,1,1,1,2,89133,M,4797910.0,319206.0,89
201500006949,15,5,22,1545,1,1,1,1,2,89484,M,4791119.0,332873.0,89
201500006950,15,6,6,1800,1,1,1,1,2,89484,M,4791025.0,330334.0,89
201500006951,15,9,19,845,1,1,1,1,7,89484,M,4791139.0,332179.0,89
201500006952,15,10,22,1,3,1,1,1,2,89024,M,4783191.0,362231.0,89
201500006953,15,10,31,1545,1,1,1,1,6,89313,M,4797384.0,319886.0,89
201500006954,15,11,2,2300,3,1,1,1,5,89024,M,4783058.0,362290.0,89
201500006955,15,1,2,1730,3,1,9,5,6,89261,M,4824682.0,354392.0,89
201500006956,15,1,30,215,3,1,1,4,6,89298,M,4805891.0,310858.0,89
201500006957,15,2,3,1230,1,1,1,1,6,89136,M,4824738.0,326801.0,89
201500006958,15,2,22,1415,1,1,1,1,1,89172,M,4823490.0,342438.0,89
201500006959,15,5,8,1300,1,1,1,1,5,89350,M,4802694.0,313010.0,89
201500006960,15,7,20,715,1,1,1,1,2,89466,M,4818786.0,318374.0,89
201500006961,15,8,29,1545,1,1,1,1,2,89342,M,4824199.0,326204.0,89
201500006962,15,10,18,215,3,1,1,8,6,89080,M,4826948.0,329281.0,89
201500006963,15,10,20,745,2,1,1,5,6,89380,M,4806478.0,310955.0,89
201500006964,15,11,9,830,1,1,1,1,2,89459,M,4812430.0,314256.0,89
201500006965,15,11,25,1715,2,1,1,3,6,89380,M,4806078.0,310366.0,89
201500006966,15,2,20,2345,3,1,1,3,6,89438,M,4781122.0,361150.0,89
201500006967,15,2,19,1600,1,2,1,7,2,89295,M,4781896.0,353929.0,89
201500006968,15,4,25,1515,1,2,1,1,1,89102,M,4775919.0,350503.0,89
201500006969,15,12,19,1715,3,1,1,1,1,89013,M,4784920.0,350291.0,89
201500006970,15,6,30,2030,1,1,4,1,3,89155,M,4772043.0,361171.0,89
201500006971,15,12,23,1145,1,1,1,8,7,89256,M,4766766.0,351480.0,89
201500006972,15,1,25,900,1,1,1,9,6,89076,M,4803835.0,365325.0,89
201500006973,15,2,2,930,1,2,1,2,3,89345,M,4800434.0,372413.0,89
201500006974,15,2,16,1800,2,2,3,1,3,89076,M,4802287.0,366681.0,89
201500006975,15,3,14,1100,1,2,1,1,6,89439,M,4798428.0,373189.0,89
201500006976,15,7,24,1500,1,2,1,1,6,89345,M,4800207.0,372851.0,89
201500006977,15,9,13,1415,1,1,1,8,1,89345,M,4799974.0,371448.0,89
201500006978,15,12,11,1715,5,1,3,1,5,89345,M,4800511.0,367494.0,89
201500006979,15,12,13,515,2,2,1,2,6,89069,M,0.0,0.0,89
201500006980,15,5,15,1030,1,1,1,1,3,89068,M,4780942.0,383093.0,89
201500006981,15,5,21,945,1,1,1,1,7,89034,M,4781308.0,370636.0,89
201500006982,15,7,25,1615,1,1,1,1,2,89463,M,4785375.0,363751.0,89
201500006983,15,8,2,615,2,1,1,1,6,89201,M,4789995.0,365702.0,89
201500006984,15,9,12,45,3,1,1,1,6,89077,M,4773867.0,360582.0,89
201500006985,15,9,29,1545,1,2,1,1,1,89263,M,0.0,0.0,89
201500006986,15,10,10,1,3,1,1,1,6,89265,M,4786449.0,364929.0,89
201500006987,15,10,13,1000,1,1,3,1,3,89002,M,4771747.0,390998.0,89
201500006988,15,10,19,715,5,1,1,5,3,89263,M,4782926.0,358279.0,89
201500006989,15,11,22,1315,1,1,1,1,6,89198,M,4787993.0,354737.0,89
201500006990,15,2,10,1415,1,1,1,1,6,89408,M,4775200.0,311647.0,89
201500006991,15,5,6,1715,1,1,1,1,6,89073,M,4778757.0,308549.0,89
201500006992,15,5,18,1745,1,2,1,1,5,89419,M,4772405.0,331165.0,89
201500006993,15,6,18,1030,1,2,1,1,6,89419,M,4773492.0,329625.0,89
201500006994,15,7,5,1900,1,1,1,1,6,89420,M,4757526.0,317998.0,89
201500006995,15,7,10,1415,1,1,1,1,1,89273,M,4760512.0,321538.0,89
201500006996,15,8,12,930,1,1,1,1,2,89325,M,4766038.0,310481.0,89
201500006997,15,8,27,1800,1,2,1,1,1,89419,M,4772167.0,331328.0,89
201500006998,15,9,17,800,1,1,1,1,3,89046,M,4769530.0,293720.0,89
201500006999,15,10,5,1700,1,1,1,3,4,89147,M,4775097.0,325894.0,89
201500007000,15,10,22,1115,1,1,1,2,6,89179,M,4764714.0,329890.0,89
201500007001,15,10,30,930,1,1,1,1,6,89419,M,4771195.0,332592.0,89
201500007002,15,11,1,345,3,1,1,1,6,89344,M,4768738.0,311145.0,89
201500007003,15,11,10,2315,3,1,1,1,6,89419,M,4773366.0,331238.0,89
201500007004,15,11,14,1530,1,2,1,1,1,89150,M,4781400.0,336300.0,89
201500007005,15,11,27,1830,3,1,1,5,3,89367,M,4762322.0,324836.0,89
201500007006,15,11,30,1800,3,1,1,2,3,89416,M,4757097.0,328683.0,89
201500007007,15,12,12,1045,1,1,1,8,2,89254,M,4767863.0,313654.0,89
201500007008,15,12,14,1200,1,1,1,1,1,89272,M,4771342.0,335458.0,89
201500007009,15,5,2,1445,1,1,1,3,1,89232,M,4756501.0,388731.0,89
201500007010,15,7,26,1730,1,1,2,9,2,89044,M,4753788.0,376753.0,89
201500007011,15,8,8,1745,1,1,1,1,1,89159,M,4751866.0,390809.0,89
201500007012,15,8,10,915,1,1,1,1,6,89349,M,0.0,0.0,89
201500007013,15,10,23,1015,1,1,1,1,1,89306,M,4749238.0,387553.0,89
201500007014,15,11,3,1300,1,1,1,2,1,89159,M,4751321.0,390888.0,89
201500007015,15,4,30,1415,1,2,6,2,3,89206,M,4797764.0,338592.0,89
201500007016,15,5,11,745,1,2,1,1,3,89206,M,4798079.0,341535.0,89
201500007017,15,9,23,1130,1,2,1,1,4,89206,M,0.0,0.0,89
201500007018,15,9,13,300,3,1,1,8,7,89167,M,0.0,0.0,89
201500007019,15,11,5,1045,1,2,1,1,6,89003,M,4787628.0,334991.0,89
201500007020,15,3,26,2015,5,2,1,2,1,89257,M,0.0,0.0,89
201500007021,15,4,4,1915,5,2,1,1,3,89257,M,4795918.0,350469.0,89
201500007022,15,4,23,1745,1,1,1,1,6,89085,M,4795000.0,350400.0,89
201500007023,15,6,11,1430,1,2,1,1,6,89257,M,4796586.0,350488.0,89
201500007024,15,9,12,1800,1,2,1,1,3,89257,M,4796481.0,351026.0,89
201500007025,15,9,16,730,1,2,1,2,3,89257,M,4796253.0,350438.0,89
201500007026,15,9,30,1215,1,1,1,1,1,89056,M,4799124.0,346113.0,89
201500007027,15,10,10,1945,5,2,1,1,3,89257,M,4795589.0,349979.0,89
201500007028,15,11,15,1700,1,2,1,1,6,89156,M,4799693.0,357718.0,89
201500007029,15,11,17,1045,1,1,1,1,6,89156,M,4798933.0,359503.0,89
201500007030,15,12,1,1500,1,2,6,1,3,89257,M,4796169.0,350424.0,89
201500007031,15,12,10,930,1,2,1,5,6,89257,M,4796066.0,350473.0,89
201500007032,15,9,5,1630,1,1,1,1,1,89111,M,0.0,0.0,89
201500007033,15,9,16,1615,1,1,4,1,6,89195,M,4815544.0,326959.0,89
201500007034,15,10,10,800,1,1,1,1,6,89240,M,4820212.0,336790.0,89
201500007035,15,3,26,1745,1,1,1,2,1,89189,M,4828233.0,323973.0,89
201500007036,15,6,5,1530,1,1,1,7,1,89414,M,4829996.0,333863.0,89
201500007037,15,7,31,1715,1,2,1,1,6,89124,M,0.0,0.0,89
201500007038,15,8,29,1330,1,1,1,1,1,89309,M,0.0,0.0,89
201500007039,15,10,2,1515,1,1,1,1,5,89414,M,4829818.0,340657.0,89
201500007040,15,1,20,1145,1,2,1,1,1,89370,M,4817924.0,309371.0,89
201500007041,15,4,6,2115,3,1,1,1,7,89126,M,4811889.0,309413.0,89
201500007042,15,4,9,845,1,1,2,1,3,89450,M,4822464.0,315642.0,89
201500007043,15,7,11,2200,2,1,1,1,7,89054,M,4822771.0,312671.0,89
201500007044,15,12,31,1745,2,1,1,1,7,89180,M,0.0,0.0,89
201500007045,15,2,21,2230,3,1,1,1,6,89464,M,4809916.0,328985.0,89
201500007046,15,3,21,1615,1,1,1,1,6,89060,M,4806808.0,326339.0,89
201500007047,15,4,1,1645,1,2,1,1,1,89464,M,4807983.0,329919.0,89
201500007048,15,4,30,1415,1,1,1,2,1,89388,M,4793249.0,321525.0,89
201500007049,15,5,23,1545,1,1,1,1,3,89298,M,4805768.0,313120.0,89
201500007050,15,5,29,1100,1,1,1,1,1,89051,M,4811031.0,336106.0,89
201500007051,15,6,21,30,3,2,1,1,6,89094,M,4808865.0,323124.0,89
201500007052,15,7,3,1645,1,1,1,1,2,89464,M,4806668.0,329093.0,89
201500007053,15,7,12,1100,1,2,1,1,6,89464,M,4808322.0,328889.0,89
201500007054,15,7,16,1630,1,1,1,1,5,89327,M,4809631.0,328045.0,89
201500007055,15,8,29,2000,2,2,1,1,6,89348,M,4802999.0,329706.0,89
201500007056,15,9,6,700,2,2,1,1,3,89464,M,4808968.0,328664.0,89
201500007057,15,9,21,2145,3,1,1,1,6,89063,M,4798386.0,327524.0,89
201500007058,15,4,19,345,3,2,1,1,6,89017,M,4775677.0,410842.0,89
201500007059,15,1,16,1715,3,2,1,3,6,25112,M,0.0,0.0,25
201500007060,15,2,14,1145,1,2,1,1,6,25056,M,0.0,0.0,25
201500007061,15,3,28,215,5,2,1,1,6,25417,M,4721700.0,623900.0,25
201500007062,15,7,9,730,1,2,1,7,1,25245,M,4718900.0,605900.0,25
201500007063,15,8,30,2145,3,1,1,1,1,25410,M,4722800.0,607800.0,25
201500007064,15,10,24,900,1,1,1,1,6,25027,M,4718252.0,600555.0,25
201500007065,15,11,11,1715,1,1,1,1,1,25078,M,4724667.0,625989.0,25
201500007066,15,1,13,1830,5,2,1,1,3,25558,M,0.0,0.0,25
201500007067,15,5,26,1015,1,1,1,5,6,25199,M,4700200.0,607000.0,25
201500007068,15,7,31,1115,1,2,1,1,3,25630,M,4710100.0,625100.0,25
201500007069,15,8,7,1415,1,1,1,1,3,25535,M,0.0,0.0,25
201500007070,15,11,12,1530,1,1,1,1,1,25558,M,4717100.0,611200.0,25
201500007071,15,11,18,1745,5,2,1,1,6,25015,M,4703769.0,607126.0,25
201500007072,15,3,2,1515,1,2,1,1,3,25287,M,0.0,0.0,25
201500007073,15,3,15,1200,1,1,1,1,1,25154,M,4711100.0,589400.0,25
201500007074,15,3,26,745,1,1,1,1,6,25149,M,4713800.0,592300.0,25
201500007075,15,4,3,700,2,1,1,5,5,25527,M,4719300.0,583300.0,25
201500007076,15,5,7,1530,1,1,1,1,7,25287,M,4719600.0,589500.0,25
201500007077,15,5,24,615,2,1,1,1,6,25488,M,4701600.0,585400.0,25
201500007078,15,6,13,2115,1,2,1,1,6,25502,M,0.0,0.0,25
201500007079,15,7,2,2245,5,2,1,1,2,25021,M,0.0,0.0,25
201500007080,15,7,7,745,1,2,1,7,1,25154,M,4711100.0,588900.0,25
201500007081,15,8,15,1145,1,1,1,2,6,25527,M,0.0,0.0,25
201500007082,15,9,11,700,2,1,1,1,6,25002,M,4712200.0,588100.0,25
201500007083,15,12,23,345,3,2,1,1,7,25084,M,4715535.0,590117.0,25
201500007084,15,2,24,1545,1,2,1,1,3,25428,M,0.0,0.0,25
201500007085,15,3,15,1900,3,1,1,1,3,25207,M,0.0,0.0,25
201500007086,15,4,2,1800,1,1,1,3,3,25350,M,4745900.0,668100.0,25
201500007087,15,4,25,1600,1,2,8,2,1,25632,M,0.0,0.0,25
201500007088,15,5,9,1145,1,1,1,8,7,25632,M,0.0,0.0,25
201500007089,15,7,30,2130,2,1,9,1,7,25608,M,0.0,0.0,25
201500007090,15,12,2,1845,3,1,1,1,5,25043,M,4748633.0,677307.0,25
201500007091,15,12,28,1815,3,1,1,9,3,25469,M,0.0,0.0,25
201500007092,15,2,10,1315,1,2,1,1,1,25228,M,4751800.0,687000.0,25
201500007093,15,4,10,1645,1,1,3,1,3,25228,M,4751200.0,686400.0,25
201500007094,15,5,24,2000,1,2,1,1,1,25196,M,4748400.0,689500.0,25
201500007095,15,5,31,515,2,1,1,1,6,25071,M,4744400.0,684500.0,25
201500007096,15,9,20,1230,1,1,1,3,6,25196,M,0.0,0.0,25
201500007097,15,10,3,1400,1,1,1,1,3,25196,M,4748900.0,690000.0,25
201500007098,15,11,5,1930,5,2,1,1,3,25190,M,4751000.0,691400.0,25
201500007099,15,1,17,2045,5,1,1,9,1,25193,M,4722900.0,686500.0,25
201500007100,15,5,7,1845,1,1,1,1,6,25356,M,4726300.0,680300.0,25
201500007101,15,5,16,1415,1,1,1,1,7,25588,M,0.0,0.0,25
201500007102,15,5,24,1200,1,1,1,1,1,25238,M,0.0,0.0,25
201500007103,15,6,3,945,1,2,1,1,6,25356,M,0.0,0.0,25
201500007104,15,7,6,1745,1,1,1,1,7,25193,M,4723000.0,686600.0,25
201500007105,15,8,10,1715,1,2,1,8,1,25255,M,4716791.0,682782.0,25
201500007106,15,9,11,230,3,1,1,1,7,25571,M,0.0,0.0,25
201500007107,15,11,14,1530,1,1,1,1,3,25091,M,4727478.0,681551.0,25
201500007108,15,12,5,1045,1,2,1,1,6,25356,M,4725319.0,680162.0,25
201500007109,15,2,23,1530,1,1,1,2,1,25519,M,0.0,0.0,25
201500007110,15,3,16,700,2,1,1,1,7,25370,M,0.0,0.0,25
201500007111,15,3,19,1015,1,2,1,1,6,25463,M,0.0,0.0,25
201500007112,15,3,23,1500,1,1,1,1,6,25519,M,0.0,0.0,25
201500007113,15,4,4,1645,1,1,1,3,7,25519,M,0.0,0.0,25
201500007114,15,7,19,2145,1,1,1,1,5,25370,M,0.0,0.0,25
201500007115,15,7,31,1415,1,1,1,1,3,25387,M,0.0,0.0,25
201500007116,15,8,2,1730,1,1,1,1,4,25463,M,0.0,0.0,25
201500007117,15,1,14,1730,2,2,1,2,6,25411,M,4705500.0,660100.0,25
201500007118,15,3,29,2100,3,2,1,3,3,25181,M,0.0,0.0,25
201500007119,15,4,22,1145,1,1,1,1,2,25032,M,0.0,0.0,25
201500007120,15,4,27,115,3,1,1,3,6,25313,M,0.0,0.0,25
201500007121,15,4,30,1330,1,1,1,1,3,25047,M,0.0,0.0,25
201500007122,15,5,29,1800,1,1,1,1,1,25047,M,0.0,0.0,25
201500007123,15,6,14,1815,1,1,1,1,1,25574,M,4747200.0,643400.0,25
201500007124,15,6,14,900,1,1,1,1,7,25590,M,4728900.0,643600.0,25
201500007125,15,8,8,1545,1,1,1,1,6,25492,M,0.0,0.0,25
201500007126,15,12,31,2010,3,1,1,2,7,25047,M,4734500.0,638000.0,25
201500007127,15,1,6,1815,3,1,1,1,3,25372,M,4745900.0,659900.0,25
201500007128,15,2,14,1015,1,1,1,7,1,25595,M,4734200.0,660100.0,25
201500007129,15,3,25,2130,5,2,1,2,1,25315,M,4745300.0,658600.0,25
201500007130,15,8,14,1900,1,1,1,8,1,25083,M,4750000.0,649600.0,25
201500007131,15,9,15,1930,2,1,1,8,6,25530,M,4730300.0,661200.0,25
201500007132,15,10,4,445,3,1,1,9,6,25232,M,4748900.0,662000.0,25
201500007133,15,11,9,800,1,1,1,1,6,25246,M,4741900.0,647500.0,25
201500007134,15,11,12,2230,3,2,9,5,7,25019,M,4744900.0,656800.0,25
201500007135,15,12,11,1915,5,2,1,1,3,25394,M,4748576.0,666719.0,25
201500007136,15,7,11,1900,1,1,1,1,1,25163,M,0.0,0.0,25
201500007137,15,12,22,1815,3,1,1,9,3,25508,M,4731898.0,624648.0,25
201500007138,15,1,5,500,3,1,1,9,5,25262,M,0.0,0.0,25
201500007139,15,1,11,345,3,1,1,3,6,25453,M,0.0,0.0,25
201500007140,15,3,25,1815,3,1,1,2,3,25222,M,4714900.0,627000.0,25
201500007141,15,4,16,1330,1,2,1,1,6,25578,M,4714880.0,633527.0,25
201500007142,15,7,14,215,3,1,1,1,7,25453,M,0.0,0.0,25
201500007143,15,12,4,2045,3,1,1,1,1,25432,M,4713249.0,653730.0,25
201500007144,15,12,8,1545,1,1,1,1,1,25262,M,4713395.0,658515.0,25
201500007145,15,4,9,1215,1,1,1,1,5,25157,M,0.0,0.0,25
201500007146,15,4,21,1545,1,1,1,1,1,25462,M,0.0,0.0,25
201500007147,15,4,27,1315,1,1,1,2,1,25334,M,0.0,0.0,25
201500007148,15,7,11,2030,1,1,1,1,6,25334,M,0.0,0.0,25
201500007149,15,2,6,1245,1,1,1,6,2,25131,M,0.0,0.0,25
201500007150,15,2,21,1330,1,1,1,8,3,25405,M,0.0,0.0,25
201500007151,15,2,27,1,3,1,1,1,6,25318,M,0.0,0.0,25