Num_Acc,an,mois,jour,hrmn,lum,agg,int,atm,col,com,gps,lat,long,dep
201500007152,15,3,23,1815,1,2,2,1,1,25320,M,4678000.0,628500.0,25
201500007153,15,4,8,1530,1,2,1,1,6,25318,M,0.0,0.0,25
201500007154,15,5,10,830,1,2,1,1,1,25494,M,4674900.0,629800.0,25
201500007155,15,7,11,1745,1,1,1,1,7,25096,M,4675600.0,625500.0,25
201500007156,15,7,17,645,1,1,1,1,1,25320,M,4680300.0,627400.0,25
201500007157,15,7,18,1530,1,2,1,1,3,25362,M,4682801.0,629081.0,25
201500007158,15,9,2,1300,1,1,1,1,3,25320,M,4679200.0,627900.0,25
201500007159,15,11,14,1645,1,2,1,1,6,25380,M,4678100.0,637400.0,25
201500007160,15,3,18,1430,1,2,1,1,1,25522,M,4721700.0,671700.0,25
201500007161,15,4,21,615,1,1,9,1,3,25321,M,0.0,0.0,25
201500007162,15,6,6,1430,1,2,1,1,1,25160,M,0.0,0.0,25
201500007163,15,6,27,1800,1,2,1,1,3,25411,M,0.0,0.0,25
201500007164,15,6,30,1630,1,2,1,1,7,25403,M,0.0,0.0,25
201500007165,15,7,17,1745,1,1,1,1,3,25160,M,4703400.0,654300.0,25
201500007166,15,8,10,845,1,1,1,2,1,25411,M,0.0,0.0,25
201500007167,15,8,23,515,1,1,1,1,6,25389,M,0.0,0.0,25
201500007168,15,9,16,1815,1,2,1,1,3,25248,M,0.0,0.0,25
201500007169,15,10,8,1945,3,1,1,1,1,25271,M,0.0,0.0,25
201500007170,15,10,24,2315,5,2,1,1,3,25512,M,4715700.0,672600.0,25
201500007171,15,12,27,530,3,1,1,1,7,25062,M,0.0,0.0,25
201500007172,15,2,11,1140,1,2,1,1,6,04070,M,4409658.0,623980.0,04
201500007173,15,3,6,650,2,2,1,1,6,04070,M,4409277.0,623793.0,04
201500007174,15,2,21,710,5,2,1,2,6,04070,M,4409120.0,623140.0,04
201500007175,15,5,15,1840,1,2,3,1,6,04070,M,4410730.0,623036.0,04
201500007176,15,6,2,1020,1,2,1,1,6,04070,M,4409724.0,624324.0,04
201500007177,15,7,7,1905,1,2,1,1,3,04070,M,4409228.0,623657.0,04
201500007178,15,8,9,1100,1,2,1,1,1,04070,M,4407703.0,620967.0,04
201500007179,15,9,23,1310,1,2,3,1,2,04070,M,4409500.0,623546.0,04
201500007180,15,9,30,940,1,2,1,1,6,04070,M,4409070.0,623088.0,04
201500007181,15,11,16,1750,5,2,1,1,6,04070,M,4409564.0,623026.0,04
201500007182,15,11,16,1818,5,2,1,1,6,04070,M,4409490.0,623950.0,04
201500007183,15,11,28,1300,1,1,1,1,2,04070,M,4412096.0,623400.0,04
201500007184,15,12,15,1705,2,2,1,1,6,04070,M,4409191.0,623102.0,04
201500007185,15,12,24,1205,1,2,1,1,6,04070,M,4409205.0,623366.0,04
201500007186,15,3,4,1645,1,2,1,1,5,39306,M,0.0,0.0,39
201500007187,15,3,7,715,2,1,1,1,7,39171,M,0.0,0.0,39
201500007188,15,8,26,900,1,1,1,1,3,39061,M,0.0,0.0,39
201500007189,15,9,18,845,1,1,1,8,6,39061,M,0.0,0.0,39
201500007190,15,10,13,1700,1,2,1,1,6,39164,M,0.0,0.0,39
201500007191,15,3,22,1815,1,2,1,1,6,39397,M,0.0,0.0,39
201500007192,15,4,21,700,1,1,1,1,6,39253,M,0.0,0.0,39
201500007193,15,6,3,1815,1,1,4,7,1,39045,M,0.0,0.0,39
201500007194,15,10,24,1045,1,2,7,1,6,39397,M,0.0,0.0,39
201500007195,15,3,3,815,1,1,1,1,6,39199,M,0.0,0.0,39
201500007196,15,5,10,430,5,2,1,1,6,39456,M,0.0,0.0,39
201500007197,15,5,11,1015,1,1,1,1,3,39279,M,0.0,0.0,39
201500007198,15,5,27,2045,2,1,3,1,3,39104,M,0.0,0.0,39
201500007199,15,6,3,715,1,1,1,1,1,39229,M,0.0,0.0,39
201500007200,15,6,20,1715,1,1,1,1,6,39482,M,0.0,0.0,39
201500007201,15,7,4,930,1,1,3,1,3,39489,M,0.0,0.0,39
201500007202,15,7,23,1915,1,2,4,1,1,39574,M,0.0,0.0,39
201500007203,15,9,2,2130,3,1,1,2,2,39489,M,0.0,0.0,39
201500007204,15,10,7,930,1,1,1,1,2,39379,M,0.0,0.0,39
201500007205,15,10,9,2005,3,1,1,1,1,39191,M,0.0,0.0,39
201500007206,15,11,14,1600,1,1,1,1,6,39310,M,0.0,0.0,39
201500007207,15,12,14,1015,1,1,1,1,7,39482,M,0.0,0.0,39
201500007208,15,6,6,1730,1,1,1,1,7,39035,M,0.0,0.0,39
201500007209,15,7,20,1745,1,1,9,1,1,39395,M,0.0,0.0,39
201500007210,15,7,31,1830,1,1,1,1,7,39389,M,0.0,0.0,39
201500007211,15,10,5,1530,1,2,1,8,1,39437,M,0.0,0.0,39
201500007212,15,5,17,1530,1,1,1,1,6,39227,M,0.0,0.0,39
201500007213,15,9,19,1015,1,1,1,2,1,39129,M,0.0,0.0,39
201500007214,15,11,10,1045,1,1,1,1,1,39129,M,0.0,0.0,39
201500007215,15,1,18,215,5,2,1,1,6,39434,M,4683700.0,571000.0,39
201500007216,15,9,19,1015,1,1,1,1,7,39013,M,4690100.0,573700.0,39
201500007217,15,10,8,1945,5,2,1,1,6,39434,M,4685100.0,570100.0,39
201500007218,15,10,9,1730,1,2,1,1,3,39434,M,4685000.0,569600.0,39
201500007219,15,12,2,1800,5,2,1,1,1,39434,M,4684600.0,569500.0,39
201500007220,15,12,15,1000,1,1,1,1,7,39355,M,4695100.0,577600.0,39
201500007221,15,1,29,1400,1,2,3,2,3,39206,M,0.0,0.0,39
201500007222,15,2,22,530,3,1,1,2,6,39176,M,0.0,0.0,39
201500007223,15,4,8,1545,1,1,1,1,5,39315,M,0.0,0.0,39
201500007224,15,8,8,1115,1,2,1,3,1,39500,M,0.0,0.0,39
201500007225,15,10,2,1630,1,1,1,1,1,39403,M,0.0,0.0,39
201500007226,15,10,14,1945,5,2,1,2,6,39500,M,0.0,0.0,39
201500007227,15,10,25,2300,3,1,1,1,7,39133,M,0.0,0.0,39
201500007228,15,12,2,1715,5,2,2,1,3,39370,M,0.0,0.0,39
201500007229,15,1,16,1430,1,1,1,3,5,39526,M,4706100.0,569100.0,39
201500007230,15,6,3,1730,1,2,1,1,6,39526,M,0.0,0.0,39
201500007231,15,6,5,615,1,1,1,1,1,39526,M,0.0,0.0,39
201500007232,15,7,7,15,3,1,2,1,1,39099,M,0.0,0.0,39
201500007233,15,10,16,1645,2,1,1,8,3,39030,M,0.0,0.0,39
201500007234,15,2,26,1915,5,2,1,1,1,39211,M,0.0,0.0,39
201500007235,15,4,1,1815,1,2,1,1,2,39448,M,0.0,0.0,39
201500007236,15,11,27,1815,3,1,2,1,3,39546,M,0.0,0.0,39
201500007237,15,4,18,1430,1,1,1,1,7,39335,M,0.0,0.0,39
201500007238,15,6,29,50,3,1,6,1,7,39451,M,0.0,0.0,39
201500007239,15,3,7,1930,3,1,1,1,1,39286,M,4663500.0,532600.0,39
201500007240,15,3,27,1045,1,1,1,8,2,39286,M,0.0,0.0,39
201500007241,15,4,19,1445,1,1,1,1,6,39478,M,0.0,0.0,39
201500007242,15,5,23,1545,1,1,1,1,1,39579,M,0.0,0.0,39
201500007243,15,7,1,715,1,2,1,1,1,39478,M,0.0,0.0,39
201500007244,15,8,1,630,3,1,1,3,6,39068,M,0.0,0.0,39
201500007245,15,9,7,1015,1,1,1,1,1,39106,M,0.0,0.0,39
201500007246,15,10,3,1345,1,1,1,8,7,39184,M,0.0,0.0,39
201500007247,15,11,1,530,3,1,1,5,6,39269,M,0.0,0.0,39
201500007248,15,11,23,1400,1,2,1,1,6,39478,M,0.0,0.0,39
201500007249,15,12,24,1015,1,1,1,1,6,39478,M,0.0,0.0,39
201500007250,15,4,25,345,3,1,1,2,7,39470,M,0.0,0.0,39
201500007251,15,6,10,1600,1,1,1,1,3,39470,M,4648800.0,605300.0,39
201500007252,15,6,20,1800,1,1,1,1,6,39368,M,0.0,0.0,39
201500007253,15,7,18,1915,1,1,1,1,3,39063,M,0.0,0.0,39
201500007254,15,7,25,1545,1,1,3,1,3,39494,M,0.0,0.0,39
201500007255,15,8,2,1045,1,1,1,1,4,39258,M,4654200.0,592200.0,39
201500007256,15,8,2,1115,1,1,1,1,5,39487,M,0.0,0.0,39
201500007257,15,8,11,1645,1,1,9,1,1,39470,M,4648600.0,604600.0,39
201500007258,15,2,28,1005,1,2,1,1,6,04112,M,4382031.0,578774.0,04
201500007259,15,4,23,1210,1,2,1,1,1,04112,M,4380662.0,581412.0,04
201500007260,15,9,5,1725,1,2,1,1,6,04112,M,4382390.0,578098.0,04
201500007261,15,9,10,2225,3,1,1,1,1,04112,M,,,04
201500007262,15,10,8,1800,1,2,2,1,3,04112,M,4383250.0,577998.0,04
201500007263,15,10,14,1700,1,2,1,1,3,04112,M,,,04
201500007264,15,12,27,35,5,2,1,1,6,04112,M,4383100.0,579175.0,04
201500007265,15,1,9,1815,5,2,6,1,3,04112,M,4379152.0,581068.0,04
201500007266,15,2,17,1720,1,2,2,1,3,04112,M,4382201.0,578977.0,04
201500007267,15,3,25,1230,1,2,1,1,6,04112,M,4383601.0,577937.0,04
201500007268,15,3,4,1015,1,1,1,1,3,70019,M,4759300.0,610100.0,70
201500007269,15,6,8,830,1,1,1,1,7,70367,M,4762500.0,605800.0,70
201500007270,15,6,9,1700,1,1,1,1,7,70163,M,4766300.0,621300.0,70
201500007271,15,7,1,445,2,1,1,1,1,70020,M,4758700.0,611700.0,70
201500007272,15,7,2,2015,1,1,1,1,1,70162,M,4761700.0,623300.0,70
201500007273,15,8,1,30,3,1,1,1,7,70199,M,0.0,0.0,70
201500007274,15,8,22,1845,1,1,1,1,1,70367,M,4762500.0,605800.0,70
201500007275,15,8,23,1645,1,1,1,2,3,70163,M,0.0,0.0,70
201500007276,15,9,2,315,3,1,1,1,7,70111,M,4764252.0,626433.0,70
201500007277,15,10,25,2045,3,1,1,1,6,70390,M,4760853.0,631943.0,70
201500007278,15,3,1,730,2,1,1,2,6,70404,M,0.0,0.0,70
201500007279,15,6,3,1015,1,2,1,7,3,70228,M,0.0,0.0,70
201500007280,15,7,10,145,3,1,1,1,6,70170,M,0.0,0.0,70
201500007281,15,7,11,1145,1,2,1,7,6,70177,M,0.0,0.0,70
201500007282,15,3,19,1445,1,1,1,1,7,70165,M,0.0,0.0,70
201500007283,15,3,26,2100,3,1,1,1,6,70324,M,0.0,0.0,70
201500007284,15,4,6,45,5,2,1,1,6,70504,M,0.0,0.0,70
201500007285,15,5,25,1730,1,1,9,1,3,70386,M,0.0,0.0,70
201500007286,15,6,16,815,1,2,1,1,6,70386,M,0.0,0.0,70
201500007287,15,8,24,2215,3,1,1,8,6,70421,M,0.0,0.0,70
201500007288,15,9,11,1845,1,2,1,1,6,70421,M,4768929.0,604213.0,70
201500007289,15,10,26,1815,3,1,1,1,1,70133,M,4773276.0,600951.0,70
201500007290,15,11,13,900,1,2,1,1,7,70275,M,4750657.0,599734.0,70
201500007291,15,6,5,1830,1,1,1,1,1,70449,M,4748700.0,621400.0,70
201500007292,15,7,2,730,1,1,1,1,1,70085,M,4739000.0,600900.0,70
201500007293,15,7,17,930,1,1,1,1,6,70326,M,0.0,0.0,70
201500007294,15,10,16,845,1,1,1,8,5,70208,M,4752817.0,612992.0,70
201500007295,15,4,9,2045,5,2,1,1,6,70310,M,0.0,0.0,70
201500007296,15,4,17,330,5,2,1,1,6,70310,M,0.0,0.0,70
201500007297,15,5,10,1800,1,1,1,1,7,70310,M,4767700.0,650100.0,70
201500007298,15,6,12,1345,1,2,1,1,6,70310,M,4768600.0,649900.0,70
201500007299,15,6,13,1845,1,1,1,1,7,70464,M,4773800.0,651800.0,70
201500007300,15,6,25,330,3,1,1,1,6,70464,M,0.0,0.0,70
201500007301,15,6,25,445,3,1,9,1,1,70081,M,0.0,0.0,70
201500007302,15,7,4,900,1,1,1,1,3,70081,M,4769000.0,645600.0,70
201500007303,15,7,14,915,1,2,1,1,6,70310,M,4769100.0,649600.0,70
201500007304,15,7,26,2100,2,2,2,8,3,70310,M,0.0,0.0,70
201500007305,15,8,8,2330,3,1,1,1,2,70464,M,0.0,0.0,70
201500007306,15,8,24,1630,1,1,1,1,1,70310,M,4768600.0,650300.0,70
201500007307,15,9,1,830,1,1,1,1,3,70455,M,4766363.0,654789.0,70
201500007308,15,12,24,1815,5,2,1,1,6,70310,M,4767965.0,650148.0,70
201500007309,15,2,6,1915,3,1,1,4,1,70248,M,0.0,0.0,70
201500007310,15,4,15,1500,1,2,1,1,1,70318,M,4769900.0,663200.0,70
201500007311,15,4,16,1400,1,1,1,1,2,70339,M,4776000.0,659900.0,70
201500007312,15,6,15,1100,1,1,1,2,6,70120,M,4769100.0,668400.0,70
201500007313,15,8,22,1845,1,1,1,1,3,70283,M,0.0,0.0,70
201500007314,15,9,6,1345,1,1,1,1,7,70413,M,4770750.0,672484.0,70
201500007315,15,10,25,1430,1,1,1,1,2,70498,M,4780300.0,665800.0,70
201500007316,15,11,28,1900,3,1,1,1,1,70283,M,4783054.0,670765.0,70
201500007317,15,2,9,815,1,1,1,1,4,70317,M,0.0,0.0,70
201500007318,15,3,1,1300,1,1,1,2,7,70307,M,4758900.0,643100.0,70
201500007319,15,4,18,1515,1,1,1,1,2,70064,M,4762800.0,666700.0,70
201500007320,15,5,30,1400,1,1,1,1,3,70005,M,0.0,0.0,70
201500007321,15,9,9,1745,1,2,1,1,2,70117,M,4764604.0,677924.0,70
201500007322,15,9,16,2115,2,1,1,1,7,70317,M,4753435.0,641611.0,70
201500007323,15,12,8,1715,5,1,1,1,1,70117,M,4764660.0,677757.0,70
201500007324,15,5,13,1900,1,1,1,1,2,70263,M,4774000.0,631600.0,70
201500007325,15,6,2,1812,1,1,1,1,1,70478,M,0.0,0.0,70
201500007326,15,6,4,315,3,1,1,1,1,70537,M,0.0,0.0,70
201500007327,15,6,5,745,1,1,1,1,3,70435,M,4784100.0,643700.0,70
201500007328,15,6,11,1500,1,2,1,1,6,70016,M,0.0,0.0,70
201500007329,15,6,20,1800,1,1,1,1,6,70380,M,4775200.0,619900.0,70
201500007330,15,8,15,1500,1,1,1,1,6,70473,M,0.0,0.0,70
201500007331,15,1,8,930,1,1,1,8,1,70168,M,0.0,0.0,70
201500007332,15,1,11,430,3,1,1,2,7,70338,M,0.0,0.0,70
201500007333,15,2,17,1330,1,1,1,1,3,70467,M,0.0,0.0,70
201500007334,15,2,24,1845,2,1,1,1,3,70006,M,0.0,0.0,70
201500007335,15,3,20,1930,3,1,1,1,1,70249,M,0.0,0.0,70
201500007336,15,3,24,2000,5,2,1,1,5,70245,M,0.0,0.0,70
201500007337,15,7,14,1915,1,2,1,1,7,70467,M,0.0,0.0,70
201500007338,15,8,9,1530,1,1,1,1,1,70245,M,0.0,0.0,70
201500007339,15,8,10,1630,1,1,1,1,1,70006,M,0.0,0.0,70
201500007340,15,9,14,1730,1,1,1,7,3,70245,M,4788349.0,640993.0,70
201500007341,15,10,1,1130,1,1,1,1,3,70245,M,4790085.0,640436.0,70
201500007342,15,1,19,1545,1,1,1,8,1,70185,M,0.0,0.0,70
201500007343,15,2,22,1845,3,1,1,1,7,70132,M,0.0,0.0,70
201500007344,15,3,4,1630,1,2,1,1,6,70026,M,0.0,0.0,70
201500007345,15,5,10,1345,1,2,1,1,1,70279,M,0.0,0.0,70
201500007346,15,6,7,1900,1,2,1,1,6,70371,M,0.0,0.0,70
201500007347,15,7,10,1915,1,2,1,1,3,70026,M,0.0,0.0,70
201500007348,15,8,17,2115,5,2,1,1,3,70402,M,0.0,0.0,70
201500007349,15,8,28,1300,1,2,1,1,1,70371,M,0.0,0.0,70
201500007350,15,10,8,1545,1,1,1,1,3,70376,M,4755536.0,554674.0,70
201500007351,15,11,3,1845,3,1,1,5,7,70132,M,4748348.0,556817.0,70
201500007352,15,12,10,1845,3,2,1,1,4,70371,M,4750026.0,563900.0,70
201500007353,15,5,28,930,1,1,1,1,6,70247,M,4764800.0,567800.0,70
201500007354,15,7,31,1730,1,1,1,1,1,70491,M,4753800.0,577000.0,70
201500007355,15,11,10,1145,1,1,1,1,7,70247,M,4767306.0,566095.0,70
201500007356,15,12,10,1742,3,1,1,5,7,70299,M,4762313.0,577826.0,70
201500007357,15,6,11,1630,1,1,1,1,3,70130,M,4736800.0,574200.0,70
201500007358,15,11,7,2345,3,1,1,1,7,70060,M,4730684.0,583436.0,70
201500007359,15,11,22,1715,2,1,1,1,1,70282,M,4741866.0,581954.0,70
201500007360,15,3,19,545,2,2,7,1,6,90087,M,,,90
201500007361,15,5,10,1830,1,2,1,1,1,90022,M,,,90
201500007362,15,6,4,2030,2,2,6,1,3,90093,M,0.0,0.0,90
201500007363,15,4,5,1300,1,1,1,1,6,90043,M,0.0,0.0,90
201500007364,15,4,23,2045,3,1,1,1,6,90045,M,4751000.0,695000.0,90
201500007365,15,4,29,630,3,1,1,1,1,90033,M,4750000.0,701700.0,90
201500007366,15,5,4,2030,2,2,1,1,3,90009,M,,,90
201500007367,15,7,15,2015,1,2,1,1,1,90009,M,,,90
201500007368,15,1,7,1745,3,1,6,2,6,90091,M,0.0,0.0,90
201500007369,15,2,22,115,3,1,6,1,6,90091,M,,,90
201500007370,15,4,15,1500,1,2,1,1,3,90065,M,0.0,0.0,90
201500007371,15,5,1,1845,2,2,1,3,2,90023,M,0.0,0.0,90
201500007372,15,5,24,815,1,2,1,1,3,90065,M,,,90
201500007373,15,6,24,1830,1,1,1,1,7,90065,M,,,90
201500007374,15,7,25,1000,1,2,1,7,1,90058,M,,,90
201500007375,15,8,17,1645,1,1,1,1,6,90003,M,0.0,0.0,90
201500007376,15,9,9,1745,1,2,1,1,1,90023,M,0.0,0.0,90
201500007377,15,10,15,1400,1,1,1,8,6,90005,M,0.0,0.0,90
201500007378,15,10,31,1630,1,1,1,1,6,90065,M,0.0,0.0,90
201500007379,15,11,1,1715,1,1,1,1,6,90005,M,0.0,0.0,90
201500007380,15,11,11,2030,5,2,1,1,1,90052,M,0.0,0.0,90
201500007381,15,11,25,2130,3,1,1,8,3,90058,M,0.0,0.0,90
201500007382,15,12,29,1500,1,1,1,1,1,90100,M,0.0,0.0,90
201500007383,15,2,15,400,5,2,1,2,7,90053,M,0.0,0.0,90
201500007384,15,3,30,1145,1,1,1,1,1,90018,M,0.0,0.0,90
201500007385,15,6,21,1330,1,2,6,8,6,90101,M,0.0,0.0,90
201500007386,15,6,23,1445,1,2,1,1,6,90053,M,,,90
201500007387,15,9,4,1630,1,2,1,1,6,90053,M,0.0,0.0,90
201500007388,15,9,13,115,5,2,1,1,6,90071,M,4760700.0,698900.0,90
201500007389,15,9,27,830,1,1,1,1,7,90018,M,0.0,0.0,90
201500007390,15,2,2,1315,1,1,1,1,7,38035,M,0.0,0.0,38
201500007391,15,2,21,2015,3,1,1,8,5,38072,M,0.0,0.0,38
201500007392,15,2,28,1915,5,1,1,1,6,38336,M,0.0,0.0,38
201500007393,15,3,13,1800,2,1,1,1,6,38019,M,0.0,0.0,38
201500007394,15,4,26,1545,1,1,1,1,6,26002,M,0.0,0.0,26
201500007395,15,5,1,1915,2,1,1,2,6,38019,M,0.0,0.0,38
201500007396,15,5,15,1,3,1,1,8,1,38019,M,0.0,0.0,38
201500007397,15,6,26,1530,1,1,1,1,5,38072,M,0.0,0.0,38
201500007398,15,6,26,1830,1,1,1,1,7,26002,M,0.0,0.0,26
201500007399,15,8,20,2145,5,1,1,1,6,38468,M,4534916.0,480649.0,38
201500007400,15,9,1,245,3,1,1,1,2,26332,M,0.0,0.0,26
201500007401,15,9,14,930,1,1,1,1,6,26332,M,0.0,0.0,26
201500007402,15,10,10,845,1,1,1,1,3,26002,M,0.0,0.0,26
201500007403,15,11,6,215,3,1,1,1,5,38344,M,4539499.0,480828.0,38
201500007404,15,1,31,1015,1,1,2,1,3,26197,M,4494350.0,497330.0,26
201500007405,15,2,3,2100,3,1,1,2,6,26362,M,4495510.0,493090.0,26
201500007406,15,2,10,730,2,1,1,1,2,26156,M,0.0,0.0,26
201500007407,15,2,19,2015,5,1,1,1,1,26358,M,0.0,0.0,26
201500007408,15,2,23,1330,1,1,1,1,2,26124,M,0.0,0.0,26
201500007409,15,3,6,1945,3,1,9,1,3,26144,M,0.0,0.0,26
201500007410,15,3,11,1600,1,1,3,1,3,26124,M,0.0,0.0,26
201500007411,15,3,14,1015,1,1,1,1,6,26165,M,0.0,0.0,26
201500007412,15,3,15,1515,1,1,1,1,3,26156,M,0.0,0.0,26
201500007413,15,3,28,1915,3,1,1,1,6,26100,M,0.0,0.0,26
201500007414,15,4,18,400,3,1,1,2,6,26208,M,0.0,0.0,26
201500007415,15,4,23,1945,1,1,1,1,3,26206,M,0.0,0.0,26
201500007416,15,4,25,715,1,1,1,2,2,26295,M,0.0,0.0,26
201500007417,15,5,10,1715,1,1,1,1,2,26165,M,0.0,0.0,26
201500007418,15,5,13,1530,1,1,1,1,2,26362,M,0.0,0.0,26
201500007419,15,5,18,1915,1,1,1,1,1,26124,M,0.0,0.0,26
201500007420,15,5,17,1915,1,1,2,1,3,26365,M,0.0,0.0,26
201500007421,15,5,22,715,1,1,1,1,1,26084,M,0.0,0.0,26
201500007422,15,5,25,1615,1,1,1,1,6,26179,M,0.0,0.0,26
201500007423,15,5,29,1200,1,1,1,1,6,26362,M,0.0,0.0,26
201500007424,15,5,30,1230,1,1,1,1,6,26365,M,0.0,0.0,26
201500007425,15,6,14,500,3,1,1,3,6,26252,M,0.0,0.0,26
201500007426,15,6,23,1745,1,1,1,1,4,26072,M,0.0,0.0,26
201500007427,15,6,24,1845,1,1,1,1,6,26362,M,0.0,0.0,26
201500007428,15,7,6,1630,1,1,1,1,7,26037,M,4487260.0,494310.0,26
201500007429,15,7,8,730,1,1,1,1,2,26179,M,0.0,0.0,26
201500007430,15,7,9,1015,1,1,3,1,3,26206,M,0.0,0.0,26
201500007431,15,7,6,645,1,1,1,1,3,26166,M,0.0,0.0,26
201500007432,15,7,19,600,3,1,1,1,6,26208,M,0.0,0.0,26
201500007433,15,7,20,2130,2,1,1,1,7,26197,M,0.0,0.0,26
201500007434,15,7,23,930,1,1,1,1,7,26208,M,4479920.0,493500.0,26
201500007435,15,7,28,1730,1,1,4,1,2,26064,M,0.0,0.0,26
201500007436,15,8,5,1415,1,1,2,1,3,26165,M,0.0,0.0,26
201500007437,15,8,8,945,1,2,2,1,3,26006,M,0.0,0.0,26
201500007438,15,8,11,1945,1,1,1,1,3,26037,M,0.0,0.0,26
201500007439,15,8,11,1330,1,1,1,1,3,26250,M,0.0,0.0,26
201500007440,15,9,11,2345,3,1,1,1,1,26124,M,0.0,0.0,26
201500007441,15,10,5,1900,2,1,1,1,6,26124,M,0.0,0.0,26
201500007442,15,10,9,1900,3,1,1,1,1,26144,M,0.0,0.0,26
201500007443,15,11,30,345,5,2,1,1,6,26006,M,0.0,0.0,26
201500007444,15,12,2,1800,3,1,1,1,1,26124,M,0.0,0.0,26
201500007445,15,12,8,1945,3,1,1,1,7,26064,M,0.0,0.0,26
201500007446,15,12,9,845,3,1,1,1,2,26179,M,0.0,0.0,26
201500007447,15,12,11,845,2,1,2,8,3,26064,M,0.0,0.0,26
201500007448,15,12,11,1900,3,1,1,1,1,26064,M,0.0,0.0,26
201500007449,15,12,17,1830,5,1,2,1,6,26124,M,0.0,0.0,26
201500007450,15,12,21,1030,1,1,1,1,5,26165,M,0.0,0.0,26
201500007451,15,12,15,1600,1,1,3,1,3,26197,M,0.0,0.0,26
201500007452,15,3,24,845,1,1,2,1,5,13087,M,4348927.0,562983.0,13
201500007453,15,4,5,1800,1,1,1,1,6,13087,M,0.0,0.0,13
201500007454,15,4,10,1545,1,1,1,1,1,13087,M,0.0,0.0,13
201500007455,15,4,22,430,3,1,1,1,2,13107,M,0.0,0.0,13
201500007456,15,5,30,1945,1,1,1,1,6,13080,M,4365343.0,547596.0,13
201500007457,15,7,6,1645,1,1,6,1,6,13060,M,4346872.0,549731.0,13
201500007458,15,2,9,1600,1,2,1,1,6,13051,M,4359509.0,513016.0,13
201500007459,15,2,27,1615,1,1,1,1,1,13051,M,0.0,0.0,13
201500007460,15,3,2,700,2,1,1,8,6,13114,M,0.0,0.0,13
201500007461,15,4,2,515,4,1,9,1,6,13076,M,0.0,0.0,13
201500007462,15,6,4,1745,1,1,4,1,3,13037,M,4353563.0,519246.0,13
201500007463,15,6,25,2145,3,1,2,1,3,13034,M,0.0,0.0,13
201500007464,15,7,7,1945,1,1,1,1,7,13044,M,0.0,0.0,13
201500007465,15,9,27,145,4,1,1,1,6,13051,M,0.0,0.0,13
201500007466,15,10,3,800,1,1,1,1,1,13089,M,0.0,0.0,13
201500007467,15,10,9,815,1,1,1,1,6,13112,M,0.0,0.0,13
201500007468,15,11,29,1645,1,1,1,1,6,13105,M,0.0,0.0,13
201500007469,15,12,26,2215,3,1,1,1,6,13051,M,0.0,0.0,13
201500007470,15,10,14,1215,1,1,1,1,3,13109,M,0.0,0.0,13
201500007471,15,2,13,1215,1,1,1,8,1,13041,M,0.0,0.0,13
201500007472,15,4,26,1530,1,2,1,1,1,13041,M,0.0,0.0,13
201500007473,15,6,15,1000,1,1,1,1,6,13060,M,0.0,0.0,13
201500007474,15,7,5,830,1,1,1,1,1,13041,M,0.0,0.0,13
201500007475,15,7,26,500,5,1,1,1,3,13060,M,0.0,0.0,13
201500007476,15,7,29,1415,1,1,6,1,2,13060,M,0.0,0.0,13
201500007477,15,9,17,1015,1,1,1,3,5,13041,M,0.0,0.0,13
201500007478,15,9,17,1730,1,2,6,1,3,13041,M,0.0,0.0,13
201500007479,15,10,20,1900,5,2,1,1,6,13041,M,0.0,0.0,13
201500007480,15,11,2,1200,1,2,1,1,5,13107,M,4344948.0,544889.0,13
201500007481,15,11,11,1600,1,1,1,1,1,13041,M,0.0,0.0,13
201500007482,15,12,5,1345,1,2,1,2,1,13041,M,0.0,0.0,13
201500007483,15,2,7,1900,5,1,1,1,1,13059,M,0.0,0.0,13
201500007484,15,5,27,1745,1,1,1,1,3,13099,M,0.0,0.0,13
201500007485,15,6,25,245,5,2,1,1,2,13048,M,0.0,0.0,13
201500007486,15,9,9,1800,1,1,1,1,1,13074,M,4365014.0,560567.0,13
201500007487,15,9,23,815,1,1,1,1,5,13059,M,0.0,0.0,13
201500007488,15,10,12,1200,1,1,1,2,3,13099,M,0.0,0.0,13
201500007489,15,10,28,645,2,1,1,1,1,13059,M,4365109.0,552200.0,13
201500007490,15,1,5,1545,1,2,1,1,6,13107,M,0.0,0.0,13
201500007491,15,1,21,1915,3,2,6,3,6,13015,M,0.0,0.0,13
201500007492,15,5,21,930,1,2,1,1,6,13015,M,0.0,0.0,13
201500007493,15,5,17,1700,1,2,1,1,1,13015,M,0.0,0.0,13
201500007494,15,6,23,1730,1,2,2,1,1,13015,M,0.0,0.0,13
201500007495,15,9,4,1545,1,2,1,1,1,13015,M,0.0,0.0,13
201500007496,15,10,25,1730,2,2,1,1,1,13015,M,4345068.0,542023.0,13
201500007497,15,2,7,1715,1,1,1,1,3,13072,M,0.0,0.0,13
201500007498,15,3,16,1330,1,1,3,2,4,13110,M,0.0,0.0,13
201500007499,15,7,7,1715,1,1,6,1,4,13072,M,4345003.0,563828.0,13
201500007500,15,7,25,845,1,1,1,1,3,13079,M,0.0,0.0,13
201500007501,15,12,30,1615,1,1,1,1,3,13110,M,0.0,0.0,13
201500007502,15,5,6,1600,1,1,1,1,6,13004,M,0.0,0.0,13
201500007503,15,5,9,1800,1,1,1,1,7,13004,M,0.0,0.0,13
201500007504,15,6,9,1245,1,1,1,7,6,13004,M,4364729.0,468970.0,13
201500007505,15,6,18,800,1,1,1,1,3,13004,M,0.0,0.0,13
201500007506,15,6,28,530,2,1,1,1,6,13004,M,0.0,0.0,13
201500007507,15,6,29,1500,1,1,1,1,5,13004,M,0.0,0.0,13
201500007508,15,7,14,1545,1,1,1,1,2,13004,M,0.0,0.0,13
201500007509,15,7,19,2345,3,1,1,1,6,13004,M,0.0,0.0,13
201500007510,15,8,23,1815,2,1,1,3,1,13004,M,0.0,0.0,13
201500007511,15,8,29,115,3,1,1,1,7,13004,M,0.0,0.0,13
201500007512,15,9,1,1830,1,1,1,1,3,13004,M,0.0,0.0,13
201500007513,15,11,24,2245,3,1,1,1,6,13004,M,0.0,0.0,13
201500007514,15,12,12,900,1,1,1,1,7,13004,M,0.0,0.0,13
201500007515,15,12,30,745,2,1,1,1,6,13004,M,0.0,0.0,13
201500007516,15,4,21,1045,1,1,9,1,3,13027,M,0.0,0.0,13
201500007517,15,6,16,930,1,1,2,1,3,13027,M,0.0,0.0,13
201500007518,15,10,4,1145,1,2,1,3,3,13027,M,4388410.0,486181.0,13