Num_Acc,an,mois,jour,hrmn,lum,agg,int,atm,col,com,gps,lat,long,dep
201500007519,15,11,29,2000,3,2,1,1,1,13027,M,0.0,0.0,13
201500007520,15,11,30,715,2,2,1,1,6,13066,M,4387659.0,490248.0,13
201500007521,15,12,20,1745,3,1,1,9,3,13066,M,0.0,0.0,13
201500007522,15,4,18,115,3,1,1,1,7,13096,M,0.0,0.0,13
201500007523,15,7,21,1530,1,2,2,1,3,13096,M,0.0,0.0,13
201500007524,15,8,10,145,5,2,1,1,1,13096,M,4344988.0,441732.0,13
201500007525,15,8,25,1130,1,1,9,1,1,13096,M,0.0,0.0,13
201500007526,15,9,28,200,3,1,1,1,6,13096,M,4348607.0,438617.0,13
201500007527,15,2,1,1730,2,1,1,1,6,13097,M,0.0,0.0,13
201500007528,15,2,12,545,3,1,1,1,6,13097,M,0.0,0.0,13
201500007529,15,3,6,1445,1,1,1,1,7,13097,M,0.0,0.0,13
201500007530,15,3,16,1730,1,1,1,2,1,13097,M,0.0,0.0,13
201500007531,15,3,31,1415,1,1,1,1,7,13004,M,0.0,0.0,13
201500007532,15,4,11,1830,1,2,2,1,3,13097,M,0.0,0.0,13
201500007533,15,6,29,1830,1,2,1,7,3,13097,M,0.0,0.0,13
201500007534,15,7,14,1300,1,1,1,1,7,13097,M,0.0,0.0,13
201500007535,15,8,8,1745,1,1,1,1,6,13004,M,0.0,0.0,13
201500007536,15,9,4,900,1,1,1,1,2,13097,M,0.0,0.0,13
201500007537,15,9,23,1530,1,1,1,1,3,13097,M,0.0,0.0,13
201500007538,15,10,12,1615,1,1,1,1,6,13097,M,0.0,0.0,13
201500007539,15,12,12,715,2,1,1,5,3,13097,M,0.0,0.0,13
201500007540,15,12,17,1200,1,1,1,1,1,13097,M,0.0,0.0,13
201500007541,15,1,16,915,3,1,1,1,6,13100,M,0.0,0.0,13
201500007542,15,1,20,1915,3,1,1,3,1,13100,M,0.0,0.0,13
201500007543,15,3,15,2045,3,1,1,2,1,13100,M,0.0,0.0,13
201500007544,15,3,21,2030,3,1,1,2,7,13100,M,0.0,0.0,13
201500007545,15,3,24,1215,1,1,1,1,7,13094,M,0.0,0.0,13
201500007546,15,4,7,730,1,1,2,1,3,13094,M,0.0,0.0,13
201500007547,15,7,18,1100,1,2,1,1,3,13100,M,0.0,0.0,13
201500007548,15,10,29,845,1,1,1,1,2,13100,M,0.0,0.0,13
201500007549,15,11,4,730,1,1,1,1,2,13100,M,0.0,0.0,13
201500007550,15,11,5,600,2,1,1,1,1,13094,M,0.0,0.0,13
201500007551,15,12,11,1900,3,1,1,1,6,13094,M,0.0,0.0,13
201500007552,15,3,7,1030,1,1,1,1,1,13042,M,0.0,0.0,13
201500007553,15,5,3,1800,1,1,1,1,1,13030,M,0.0,0.0,13
201500007554,15,5,17,1415,1,1,1,1,1,13042,M,0.0,0.0,13
201500007555,15,6,20,1545,1,1,1,1,6,13030,M,0.0,0.0,13
201500007556,15,6,24,1500,1,1,1,1,7,13030,M,0.0,0.0,13
201500007557,15,7,4,1545,1,1,1,1,3,13030,M,0.0,0.0,13
201500007558,15,7,12,1800,1,1,1,1,6,13030,M,0.0,0.0,13
201500007559,15,7,15,730,1,1,1,1,3,13030,M,0.0,0.0,13
201500007560,15,7,21,1615,1,2,1,1,2,13030,M,0.0,0.0,13
201500007561,15,8,1,1615,1,1,1,1,6,13030,M,0.0,0.0,13
201500007562,15,8,2,1030,1,1,1,1,5,13030,M,0.0,0.0,13
201500007563,15,9,6,1730,1,1,1,1,3,13042,M,0.0,0.0,13
201500007564,15,9,4,1730,1,1,1,1,3,13042,M,0.0,0.0,13
201500007565,15,9,12,1700,1,1,1,1,1,13030,M,0.0,0.0,13
201500007566,15,9,19,845,1,1,1,1,1,13030,M,0.0,0.0,13
201500007567,15,10,19,845,1,1,1,8,5,13042,M,0.0,0.0,13
201500007568,15,11,16,900,1,1,1,1,6,13030,M,0.0,0.0,13
201500007569,15,12,4,2100,5,1,9,1,3,13042,M,0.0,0.0,13
201500007570,15,12,18,1700,5,1,1,1,7,13042,M,0.0,0.0,13
201500007571,15,5,15,1615,1,2,1,1,1,13022,M,0.0,0.0,13
201500007572,15,8,9,1800,1,1,1,1,1,13022,M,0.0,0.0,13
201500007573,15,8,15,815,1,2,1,1,6,13022,M,0.0,0.0,13
201500007574,15,8,22,1245,1,1,1,1,6,13022,M,0.0,0.0,13
201500007575,15,10,29,1545,1,1,1,1,1,13022,M,0.0,0.0,13
201500007576,15,11,1,2000,5,2,1,1,2,13022,M,0.0,0.0,13
201500007577,15,1,5,1715,2,1,1,1,6,13085,M,0.0,0.0,13
201500007578,15,3,29,715,1,1,1,1,1,13085,M,0.0,0.0,13
201500007579,15,4,11,1815,1,2,1,1,1,13119,M,0.0,0.0,13
201500007580,15,7,18,30,3,1,1,1,6,13085,M,0.0,0.0,13
201500007581,15,1,30,1515,1,2,1,1,6,13046,M,0.0,0.0,13
201500007582,15,2,28,1445,1,1,3,1,3,13073,M,0.0,0.0,13
201500007583,15,4,19,1830,1,1,1,1,7,13013,M,0.0,0.0,13
201500007584,15,9,12,2230,3,1,1,1,1,13020,M,0.0,0.0,13
201500007585,15,2,2,1545,1,1,1,1,1,13086,M,4332772.0,560054.0,13
201500007586,15,3,22,1415,1,1,1,2,1,13007,M,0.0,0.0,13
201500007587,15,4,7,1515,1,1,1,1,7,13086,M,0.0,0.0,13
201500007588,15,4,17,1600,1,2,1,1,3,13086,M,4335200.0,561900.0,13
201500007589,15,5,21,1715,1,2,1,1,6,13016,M,0.0,0.0,13
201500007590,15,6,6,1115,1,2,1,1,4,13016,M,0.0,0.0,13
201500007591,15,10,7,1845,1,2,1,1,3,13086,M,0.0,0.0,13
201500007592,15,11,21,1415,1,1,1,1,3,13086,M,0.0,0.0,13
201500007593,15,12,12,1145,1,2,9,1,3,13086,M,0.0,0.0,13
201500007594,15,8,28,1700,1,1,1,1,7,13049,M,0.0,0.0,13
201500007595,15,10,27,730,2,1,1,1,4,13049,M,0.0,0.0,13
201500007596,15,1,5,1215,1,2,1,1,3,13053,M,0.0,0.0,13
201500007597,15,4,14,1645,1,1,1,1,4,13105,M,0.0,0.0,13
201500007598,15,4,28,915,1,1,1,1,5,13105,M,0.0,0.0,13
201500007599,15,6,6,1645,1,1,1,1,1,13105,M,0.0,0.0,13
201500007600,15,7,11,430,3,1,1,1,6,13035,M,0.0,0.0,13
201500007601,15,9,12,1700,1,1,1,1,6,13053,M,0.0,0.0,13
201500007602,15,12,22,530,5,2,1,1,1,13105,M,0.0,0.0,13
201500007603,15,1,18,1515,1,2,1,1,3,13067,M,0.0,0.0,13
201500007604,15,3,8,845,1,1,1,1,6,13034,M,0.0,0.0,13
201500007605,15,4,2,1945,2,1,1,6,3,13089,M,0.0,0.0,13
201500007606,15,7,24,1745,1,1,1,1,5,13089,M,0.0,0.0,13
201500007607,15,10,2,2030,3,1,1,1,3,13067,M,0.0,0.0,13
201500007608,15,10,22,715,2,2,1,1,3,13076,M,0.0,0.0,13
201500007609,15,11,26,745,1,1,1,1,5,13067,M,0.0,0.0,13
201500007610,15,3,27,1630,1,2,1,1,6,13081,M,0.0,0.0,13
201500007611,15,4,30,1845,1,1,1,1,3,13081,M,0.0,0.0,13
201500007612,15,5,4,1730,1,2,1,1,1,13081,M,0.0,0.0,13
201500007613,15,11,14,1400,1,2,6,1,3,13081,M,0.0,0.0,13
201500007614,15,11,11,1830,3,1,3,1,3,13081,M,0.0,0.0,13
201500007615,15,11,19,1715,1,1,1,1,1,13081,M,0.0,0.0,13
201500007616,15,12,18,1815,5,2,1,1,3,13081,M,0.0,0.0,13
201500007617,15,6,10,1700,1,1,9,9,1,13082,M,0.0,0.0,13
201500007618,15,5,2,1815,1,1,1,1,6,04046,M,0.0,0.0,04
201500007619,15,5,10,1800,1,1,1,1,6,04167,M,0.0,0.0,04
201500007620,15,5,28,1800,1,1,1,1,6,04001,M,4406683.0,611797.0,04
201500007621,15,5,30,1215,1,1,1,1,5,04001,M,0.0,0.0,04
201500007622,15,6,13,1100,1,1,1,1,3,04113,M,0.0,0.0,04
201500007623,15,7,30,1945,1,1,1,1,3,04046,M,0.0,0.0,04
201500007624,15,8,1,1430,1,1,1,1,5,04001,M,0.0,0.0,04
201500007625,15,8,3,1215,1,1,1,1,6,04001,M,0.0,0.0,04
201500007626,15,8,14,2145,3,1,1,2,1,04110,M,0.0,0.0,04
201500007627,15,8,30,615,2,1,1,1,6,04097,M,0.0,0.0,04
201500007628,15,8,30,1830,1,1,1,1,1,04024,M,0.0,0.0,04
201500007629,15,10,20,1915,3,1,1,1,5,04001,M,0.0,0.0,04
201500007630,15,12,25,2030,3,1,1,1,7,04113,M,0.0,0.0,04
201500007631,15,1,20,1330,1,1,1,1,3,04230,M,0.0,0.0,04
201500007632,15,1,21,1730,3,1,1,2,6,04094,M,4379700.0,584200.0,04
201500007633,15,3,24,1630,1,1,1,1,5,04189,M,4377100.0,593900.0,04
201500007634,15,4,26,1300,1,1,1,1,1,04094,M,0.0,0.0,04
201500007635,15,5,2,1230,1,1,1,1,3,04230,M,4383600.0,586500.0,04
201500007636,15,5,12,2030,1,1,1,1,3,04230,M,4384000.0,596400.0,04
201500007637,15,6,15,1645,1,1,1,1,5,04230,M,0.0,0.0,04
201500007638,15,6,27,1830,1,1,1,1,1,04230,M,4381440.0,590639.0,04
201500007639,15,7,12,1530,1,1,1,1,1,04189,M,4378100.0,597700.0,04
201500007640,15,8,4,2130,5,2,1,1,1,04094,M,4376200.0,589300.0,04
201500007641,15,9,15,1600,1,1,1,1,5,04094,M,4378200.0,587500.0,04
201500007642,15,10,31,1200,1,1,1,1,5,04189,M,0.0,0.0,04
201500007643,15,11,26,1430,1,1,1,1,1,04094,M,4377500.0,587900.0,04
201500007644,15,5,10,515,2,1,1,1,6,04108,M,0.0,0.0,04
201500007645,15,6,20,915,1,2,1,1,1,04116,M,0.0,0.0,04
201500007646,15,6,21,600,1,1,1,1,6,04116,M,0.0,0.0,04
201500007647,15,6,26,2045,1,2,1,1,6,04143,M,0.0,0.0,04
201500007648,15,7,2,1600,1,1,1,1,1,04108,M,0.0,0.0,04
201500007649,15,7,25,1900,1,1,1,1,7,04106,M,0.0,0.0,04
201500007650,15,8,14,1430,1,1,1,1,1,04108,M,0.0,0.0,04
201500007651,15,12,31,1030,1,2,1,1,6,04143,M,4391740.0,591797.0,04
201500007652,15,1,26,730,2,1,1,2,1,04055,M,0.0,0.0,04
201500007653,15,4,11,1330,1,1,1,1,6,04204,M,0.0,0.0,04
201500007654,15,6,3,1100,1,1,1,7,7,04055,M,0.0,0.0,04
201500007655,15,7,3,1800,1,1,1,1,6,04121,M,0.0,0.0,04
201500007656,15,7,19,1845,1,1,1,1,6,04084,M,0.0,0.0,04
201500007657,15,9,18,1700,1,1,1,1,7,04204,M,0.0,0.0,04
201500007658,15,7,6,1430,1,2,1,1,2,04116,M,0.0,0.0,04
201500007659,15,6,24,1015,1,1,1,1,3,04193,M,0.0,0.0,04
201500007660,15,7,23,1215,1,1,1,1,2,04100,M,0.0,0.0,04
201500007661,15,7,24,830,1,1,1,1,7,04062,M,0.0,0.0,04
201500007662,15,8,27,1315,1,1,1,1,6,04120,M,0.0,0.0,04
201500007663,15,4,12,1545,1,1,1,1,6,04126,M,0.0,0.0,04
201500007664,15,5,30,1730,1,1,1,1,6,04102,M,4441900.0,641800.0,04
201500007665,15,9,18,1815,2,1,1,1,7,04102,M,0.0,0.0,04
201500007666,15,1,17,1100,1,1,1,1,7,04033,M,0.0,0.0,04
201500007667,15,7,1,1130,1,1,1,1,7,04237,M,0.0,0.0,04
201500007668,15,7,31,900,1,1,1,1,7,04033,M,0.0,0.0,04
201500007669,15,8,16,115,3,1,1,1,7,04203,M,0.0,0.0,04
201500007670,15,8,18,1145,1,1,1,1,3,04102,M,0.0,0.0,04
201500007671,15,6,29,845,1,1,1,1,7,04039,M,0.0,0.0,04
201500007672,15,8,11,1630,1,1,1,1,7,04092,M,0.0,0.0,04
201500007673,15,9,10,1445,1,1,1,1,6,04039,M,0.0,0.0,04
201500007674,15,9,12,1230,1,2,1,1,2,04039,M,0.0,0.0,04
201500007675,15,5,1,1345,1,1,1,2,7,04236,M,0.0,0.0,04
201500007676,15,6,6,1600,1,1,1,1,7,04174,M,0.0,0.0,04
201500007677,15,6,12,1230,1,1,1,1,6,04008,M,0.0,0.0,04
201500007678,15,6,12,1145,1,1,1,1,1,04008,M,0.0,0.0,04
201500007679,15,6,24,2215,3,1,1,1,6,04008,M,0.0,0.0,04
201500007680,15,8,7,1445,1,1,1,1,6,04076,M,4395500.0,687700.0,04
201500007681,15,3,15,430,3,1,1,4,7,04005,M,0.0,0.0,04
201500007682,15,7,25,1830,1,1,1,1,2,04007,M,4394100.0,653200.0,04
201500007683,15,2,11,1930,3,1,1,1,1,04157,M,4389616.0,612889.0,04
201500007684,15,5,12,1645,1,1,1,1,7,04081,M,0.0,0.0,04
201500007685,15,6,14,1530,1,1,1,1,1,04158,M,4371400.0,604500.0,04
201500007686,15,6,28,1445,1,1,1,1,6,04166,M,0.0,0.0,04
201500007687,15,7,1,200,3,1,1,1,6,04186,M,0.0,0.0,04
201500007688,15,7,2,1200,1,1,1,1,2,04157,M,0.0,0.0,04
201500007689,15,7,17,1400,1,1,1,1,1,04166,M,4381100.0,611500.0,04
201500007690,15,8,3,1445,1,1,1,1,2,04172,M,0.0,0.0,04
201500007691,15,8,28,1330,1,1,1,1,7,04135,M,0.0,0.0,04
201500007692,15,9,18,1200,1,1,2,1,3,04124,M,4377000.0,609700.0,04
201500007693,15,9,23,1145,1,1,1,1,7,04135,M,4380690.0,625445.0,04
201500007694,15,11,26,1600,1,1,1,7,6,04158,M,0.0,0.0,04
201500007695,15,1,13,1745,2,1,1,1,5,04241,M,0.0,0.0,04
201500007696,15,1,15,1915,3,1,1,1,2,04160,M,0.0,0.0,04
201500007697,15,3,4,1600,1,1,1,1,6,04160,M,0.0,0.0,04
201500007698,15,5,15,500,2,1,1,1,6,04242,M,0.0,0.0,04
201500007699,15,7,13,1500,1,1,1,1,6,04045,M,0.0,0.0,04
201500007700,15,8,5,1830,1,1,1,1,5,04188,M,0.0,0.0,04
201500007701,15,8,20,1030,1,1,1,1,6,04111,M,0.0,0.0,04
201500007702,15,10,1,1000,1,1,1,1,3,04242,M,0.0,0.0,04
201500007703,15,5,31,1215,1,1,1,1,3,04208,M,4398265.0,555950.0,04
201500007704,15,8,9,1200,1,1,1,1,7,04141,M,4401600.0,570000.0,04
201500007705,15,9,11,1245,1,1,1,1,6,04208,M,4401400.0,553700.0,04
201500007706,15,9,27,1530,1,1,1,1,3,04109,M,4407000.0,587400.0,04
201500007707,15,6,19,745,1,1,1,1,1,04197,M,0.0,0.0,04
201500007708,15,1,7,1845,3,1,1,1,1,04145,M,4414500.0,597200.0,04
201500007709,15,1,11,1530,1,2,1,7,6,04049,M,4409200.0,601000.0,04
201500007710,15,2,25,2305,4,2,1,1,6,04049,M,0.0,0.0,04
201500007711,15,4,6,1815,1,2,1,1,6,04209,M,4421700.0,594100.0,04
201500007712,15,4,16,900,1,1,6,8,3,04209,M,4422900.0,591500.0,04
201500007713,15,7,24,1245,1,1,1,1,4,04123,M,4426600.0,586300.0,04
201500007714,15,8,6,2145,5,2,1,1,3,04049,M,4409634.0,601050.0,04
201500007715,15,12,2,1045,1,1,1,1,1,04123,M,4425600.0,588100.0,04
201500007716,15,12,16,900,1,2,1,1,6,04049,M,4408300.0,599700.0,04
201500007717,15,2,6,2345,3,1,1,1,6,04137,M,0.0,0.0,04
201500007718,15,7,18,1815,1,2,1,1,7,04234,M,0.0,0.0,04
201500007719,15,1,14,745,2,1,1,8,1,05070,M,4431315.0,584200.0,05
201500007720,15,4,8,1900,2,1,3,1,1,05078,M,4438804.0,593850.0,05
201500007721,15,5,7,2145,3,1,3,1,1,05034,M,4426866.0,581972.0,05
201500007722,15,5,11,1830,1,1,1,1,3,05034,M,4427711.0,581684.0,05
201500007723,15,6,16,845,1,2,1,1,6,05070,M,4431402.0,582200.0,05
201500007724,15,11,10,1515,1,2,1,1,6,05070,M,4431557.0,582481.0,05
201500007725,15,3,29,1615,1,1,1,1,6,05039,M,4474758.0,601650.0,05
201500007726,15,5,28,1615,1,1,1,1,6,05009,M,4480554.0,595609.0,05
201500007727,15,6,29,1400,1,2,3,1,3,05132,M,4468160.0,607362.0,05
201500007728,15,8,9,645,2,1,1,1,6,05029,M,4464300.0,616937.0,05
201500007729,15,8,10,1115,1,2,1,1,6,05132,M,4468420.0,607635.0,05
201500007730,15,10,8,1715,1,1,1,1,7,05104,M,4469212.0,604384.0,05
201500007731,15,10,11,1930,3,1,1,1,6,05096,M,4468322.0,628662.0,05
201500007732,15,10,31,1915,3,1,9,1,3,05148,M,4463144.0,612553.0,05
201500007733,15,12,24,1515,1,2,1,8,6,05004,M,4463279.0,620467.0,05
201500007734,15,6,27,1915,1,1,3,1,2,05068,M,4447861.0,609734.0,05
201500007735,15,8,16,1700,1,1,4,1,3,05059,M,4454409.0,600704.0,05
201500007736,15,11,21,1515,1,1,1,1,1,05166,M,4441748.0,572145.0,05
201500007737,15,6,3,2145,2,1,1,1,6,05179,M,4456320.0,585721.0,05
201500007738,15,9,10,1915,1,1,1,1,7,05087,M,4455107.0,586280.0,05
201500007739,15,9,21,2230,3,1,1,1,7,05019,M,4454875.0,564720.0,05
201500007740,15,10,23,1700,1,1,3,1,3,05179,M,4454101.0,584175.0,05
201500007741,15,10,27,1400,1,2,1,2,1,05010,M,4452244.0,575445.0,05
201500007742,15,11,28,1915,3,1,1,1,6,05179,M,4456074.0,588696.0,05
201500007743,15,12,18,1545,1,1,1,1,5,05123,M,4455359.0,596171.0,05
201500007744,15,2,21,1700,2,1,1,4,3,05175,M,4483243.0,650856.0,05
201500007745,15,5,30,1815,1,2,3,1,3,05175,M,4483981.0,649524.0,05
201500007746,15,5,29,1545,1,1,1,1,1,05151,M,4481553.0,657703.0,05
201500007747,15,7,18,315,5,2,1,1,1,05006,M,4479884.0,656533.0,05
201500007748,15,8,13,1730,1,1,1,1,1,05122,M,4472687.0,658659.0,05
201500007749,15,9,10,1930,2,1,1,1,3,05107,M,4486519.0,659943.0,05
201500007750,15,12,6,115,3,1,1,1,6,05058,M,4475182.0,654091.0,05
201500007751,15,10,4,1430,1,1,1,1,1,05063,M,4504028.0,635763.0,05
201500007752,15,1,26,230,3,1,1,1,6,05183,M,4486401.0,661054.0,05
201500007753,15,6,29,1215,1,1,3,1,2,05161,M,4495314.0,655149.0,05
201500007754,15,8,5,1500,1,1,1,1,1,05079,M,4499565.0,647959.0,05
201500007755,15,8,7,1015,1,1,1,1,2,05107,M,4486490.0,659908.0,05
201500007756,15,8,16,1700,1,1,1,1,7,05183,M,4485163.0,665215.0,05
201500007757,15,9,27,1700,1,1,1,1,2,05079,M,4499334.0,648127.0,05
201500007758,15,11,22,30,3,1,1,4,7,05027,M,4487816.0,675296.0,05
201500007759,15,2,8,1430,1,1,1,1,7,05128,M,4456537.0,652275.0,05
201500007760,15,2,25,1645,1,1,1,8,7,05046,M,4457871.0,651078.0,05
201500007761,15,9,21,1145,1,1,1,1,1,05045,M,4452140.0,647150.0,05
201500007762,15,10,6,1845,2,2,1,2,6,05164,M,4452615.0,640226.0,05
201500007763,15,10,28,1200,1,2,1,1,6,05046,M,4456254.0,649126.0,05
201500007764,15,6,11,1630,1,1,1,1,1,05007,M,4475077.0,676455.0,05
201500007765,15,7,5,1500,1,2,1,1,6,05038,M,4475804.0,679414.0,05
201500007766,15,7,21,1500,1,1,1,8,7,05106,M,4455308.0,633267.0,05
201500007767,15,7,29,615,1,1,1,1,7,05040,M,4450901.0,629853.0,05
201500007768,15,8,2,1945,1,1,1,1,1,05040,M,4455120.0,625859.0,05
201500007769,15,8,21,2145,3,1,1,1,7,05106,M,4453047.0,633160.0,05
201500007770,15,5,30,1315,1,1,1,1,7,05134,M,4463804.0,656669.0,05
201500007771,15,6,2,1715,1,1,1,1,7,05065,M,4464314.0,666141.0,05
201500007772,15,6,23,1045,1,1,1,1,3,05065,M,4464273.0,666190.0,05
201500007773,15,6,28,1045,1,1,3,1,3,05052,M,4468392.0,661449.0,05
201500007774,15,7,9,1615,1,1,1,1,7,05065,M,4465967.0,663068.0,05
201500007775,15,8,17,1030,1,1,1,1,6,05065,M,4463472.0,667426.0,05
201500007776,15,12,8,1530,1,1,1,1,1,05065,M,4466068.0,660484.0,05
201500007777,15,4,12,1300,1,1,1,1,1,06039,M,0.0,0.0,06
201500007778,15,7,5,1130,1,1,1,1,5,06048,M,0.0,0.0,06
201500007779,15,7,26,1915,1,2,1,1,2,06048,M,0.0,0.0,06
201500007780,15,9,5,1930,1,2,1,1,1,06048,M,0.0,0.0,06
201500007781,15,9,11,2345,3,1,1,1,6,06048,M,0.0,0.0,06
201500007782,15,1,8,2015,3,1,1,1,6,06048,M,4378940.0,734851.0,06
201500007783,15,3,9,1930,3,1,1,1,6,06048,M,0.0,0.0,06
201500007784,15,3,27,1800,1,1,1,1,3,06077,M,0.0,0.0,06
201500007785,15,3,28,1500,1,1,1,1,1,06048,M,0.0,0.0,06
201500007786,15,3,29,1900,1,1,1,1,6,06091,M,0.0,0.0,06
201500007787,15,7,25,845,1,1,1,2,6,06092,M,0.0,0.0,06
201500007788,15,6,12,645,1,1,1,9,7,06147,M,0.0,0.0,06
201500007789,15,7,23,1430,1,2,1,8,1,06075,M,4382800.0,726300.0,06
201500007790,15,10,16,1000,1,1,1,1,6,06147,M,4376000.0,728000.0,06
201500007791,15,1,25,1545,1,1,1,1,1,06127,M,4404929.0,727513.0,06
201500007792,15,1,31,1345,1,1,1,1,1,06151,M,4387446.0,719304.0,06
201500007793,15,2,27,1345,1,1,1,1,1,06127,M,4388244.0,724300.0,06
201500007794,15,3,13,1945,3,1,1,1,1,06151,M,4387400.0,718800.0,06
201500007795,15,7,9,700,1,1,1,1,1,06020,M,0.0,0.0,06
201500007796,15,12,18,1545,1,1,1,1,4,06127,M,0.0,0.0,06
201500007797,15,1,30,1245,1,2,1,1,3,06149,M,0.0,0.0,06
201500007798,15,4,1,1045,1,1,1,1,3,06149,M,0.0,0.0,06
201500007799,15,4,28,1145,1,1,1,1,7,06060,M,0.0,0.0,06
201500007800,15,6,9,2100,1,1,1,1,6,06149,M,0.0,0.0,06
201500007801,15,8,14,2115,3,1,1,1,1,06149,M,0.0,0.0,06
201500007802,15,8,28,945,1,2,1,1,1,06149,M,0.0,0.0,06
201500007803,15,2,7,2215,5,2,1,1,7,06011,M,4370607.0,732771.0,06
201500007804,15,3,27,715,1,2,1,1,1,06011,M,0.0,0.0,06
201500007805,15,9,6,845,1,2,1,1,7,06011,M,0.0,0.0,06
201500007806,15,1,21,1130,1,2,1,3,3,06090,M,4361059.0,691653.0,06
201500007807,15,1,25,1445,1,2,1,1,1,06138,M,0.0,0.0,06
201500007808,15,2,19,1615,1,2,1,1,1,06079,M,4355938.0,695130.0,06
201500007809,15,2,28,1215,1,1,1,1,3,06138,M,0.0,0.0,06
201500007810,15,4,1,1530,1,2,1,1,6,06079,M,0.0,0.0,06
201500007811,15,4,8,1445,1,2,1,1,3,06090,M,0.0,0.0,06
201500007812,15,4,22,945,1,1,1,2,3,06138,M,0.0,0.0,06
201500007813,15,4,29,1900,1,1,1,7,1,06108,M,4358755.0,693508.0,06
201500007814,15,5,20,745,1,2,6,1,3,06090,M,0.0,0.0,06
201500007815,15,5,19,1630,1,1,1,1,1,06090,M,0.0,0.0,06
201500007816,15,6,8,1415,1,2,1,1,3,06079,M,0.0,0.0,06
201500007817,15,7,17,330,5,2,1,1,6,06079,M,0.0,0.0,06
201500007818,15,6,26,1645,1,1,1,1,1,06079,M,0.0,0.0,06
201500007819,15,6,27,115,5,1,1,1,6,06079,M,0.0,0.0,06
201500007820,15,7,24,1845,1,1,1,1,6,06138,M,0.0,0.0,06
201500007821,15,9,18,1815,1,1,3,1,1,06079,M,0.0,0.0,06
201500007822,15,9,19,1645,1,2,1,1,6,06079,M,0.0,0.0,06
201500007823,15,9,21,1615,1,1,1,1,2,06108,M,0.0,0.0,06
201500007824,15,10,6,1630,1,2,9,1,6,06079,M,0.0,0.0,06
201500007825,15,11,1,730,2,2,1,1,6,06090,M,0.0,0.0,06
201500007826,15,12,8,1815,5,2,1,1,4,06108,M,0.0,0.0,06
201500007827,15,1,10,1415,1,1,1,1,7,06087,M,4388294.0,683227.0,06
201500007828,15,4,13,1200,1,1,1,1,1,06134,M,0.0,0.0,06
201500007829,15,5,9,1445,1,1,1,1,1,06003,M,0.0,0.0,06
201500007830,15,5,30,330,5,2,1,1,6,06058,M,0.0,0.0,06
201500007831,15,7,23,1500,1,1,1,2,6,06134,M,0.0,0.0,06
201500007832,15,7,25,1,3,1,1,1,3,06003,M,0.0,0.0,06
201500007833,15,8,16,100,3,1,1,1,7,06134,M,0.0,0.0,06
201500007834,15,10,10,2200,3,1,1,1,6,06003,M,0.0,0.0,06
201500007835,15,10,15,1400,1,2,1,1,1,06058,M,0.0,0.0,06
201500007836,15,10,30,845,5,1,1,1,7,06058,M,0.0,0.0,06
201500007837,15,4,15,1200,1,2,1,1,6,06157,M,4372534.0,709476.0,06
201500007838,15,4,28,1515,1,2,1,1,3,06157,M,0.0,0.0,06
201500007839,15,9,6,45,5,2,1,1,1,06065,M,0.0,0.0,06
201500007840,15,11,7,915,3,1,1,1,1,06157,M,0.0,0.0,06
201500007841,15,11,5,1730,5,2,1,1,3,06157,M,0.0,0.0,06
201500007842,15,11,30,1830,4,2,1,1,1,06122,M,0.0,0.0,06
201500007843,15,2,12,1615,1,2,1,1,3,06006,M,4378251.0,724513.0,06
201500007844,15,3,4,2000,5,1,6,2,6,06034,M,0.0,0.0,06
201500007845,15,3,11,845,1,1,1,1,1,06033,M,0.0,0.0,06
201500007846,15,3,27,1300,1,2,1,1,1,06033,M,0.0,0.0,06
201500007847,15,12,11,1545,1,1,1,1,1,06126,M,0.0,0.0,06
201500007848,15,5,7,1600,1,1,1,1,6,06023,M,0.0,0.0,06
201500007849,15,6,20,1600,1,1,1,1,7,06163,M,4410500.0,758700.0,06
201500007850,15,4,28,1000,1,2,1,1,1,06059,M,0.0,0.0,06
201500007851,15,5,16,1515,1,1,1,1,2,06059,M,0.0,0.0,06
201500007852,15,8,2,2015,1,1,1,1,1,06059,M,4372700.0,736800.0,06
201500007853,15,8,4,1845,1,2,1,1,6,06059,M,0.0,0.0,06
201500007854,15,8,9,1715,1,1,1,1,3,06150,M,4375000.0,740000.0,06
201500007855,15,9,3,1430,1,2,1,1,1,06150,M,0.0,0.0,06
201500007856,15,10,8,330,5,1,1,1,6,06059,M,0.0,0.0,06
201500007857,15,10,30,1230,1,2,1,1,5,06083,M,0.0,0.0,06
201500007858,15,9,6,1615,1,1,1,1,1,06146,M,0.0,0.0,06
201500007859,15,3,9,1315,1,1,1,1,7,06101,M,4403900.0,697800.0,06
201500007860,15,5,8,1100,1,1,1,1,6,06071,M,0.0,0.0,06
201500007861,15,5,8,1630,1,1,1,1,1,06056,M,0.0,0.0,06
201500007862,15,7,26,1815,1,1,1,1,7,06160,M,0.0,0.0,06
201500007863,15,9,8,1215,1,1,1,1,7,06056,M,4423300.0,675100.0,06
201500007864,15,3,3,1245,1,1,1,1,6,06066,M,4383700.0,718800.0,06
201500007865,15,5,27,1145,1,1,1,1,1,06047,M,0.0,0.0,06
201500007866,15,1,27,815,1,1,1,1,6,06120,M,4424639.0,693362.0,06
201500007867,15,3,18,730,1,1,1,1,1,06102,M,0.0,0.0,06
201500007868,15,4,12,1400,1,1,1,1,1,83004,M,0.0,0.0,83
201500007869,15,6,30,1530,1,1,1,1,3,83004,M,0.0,0.0,83
201500007870,15,11,12,1230,1,1,1,1,5,83004,M,0.0,0.0,83
201500007871,15,11,13,1045,1,2,1,1,6,83004,M,4346288.0,647802.0,83
201500007872,15,11,15,1615,1,1,1,1,1,83086,M,0.0,0.0,83
201500007873,15,12,19,1130,1,1,1,1,6,83086,M,0.0,0.0,83
201500007874,15,1,3,715,2,1,1,1,6,83028,M,0.0,0.0,83
201500007875,15,4,11,1000,1,2,1,1,1,83028,M,0.0,0.0,83
201500007876,15,4,22,1730,1,1,1,1,3,83038,M,0.0,0.0,83
201500007877,15,5,28,1745,1,1,1,1,1,83041,M,0.0,0.0,83
201500007878,15,6,7,1,5,1,1,1,6,83056,M,0.0,0.0,83
201500007879,15,6,6,1430,1,1,1,1,6,83056,M,0.0,0.0,83
201500007880,15,6,7,1315,1,1,1,1,7,83040,M,4380390.0,659710.0,83
201500007881,15,9,10,1815,1,1,1,1,1,83038,M,0.0,0.0,83