Num_Acc,an,mois,jour,hrmn,lum,agg,int,atm,col,com,gps,lat,long,dep
201500007882,15,11,4,900,1,1,1,1,6,83082,M,0.0,0.0,83
201500007883,15,1,18,1830,3,1,1,1,6,83138,M,0.0,0.0,83
201500007884,15,1,19,900,1,1,1,1,1,83133,M,0.0,0.0,83
201500007885,15,2,15,1330,1,1,1,2,6,83138,M,0.0,0.0,83
201500007886,15,3,6,1730,1,1,1,1,3,83081,M,0.0,0.0,83
201500007887,15,4,26,1615,1,1,1,1,6,83081,M,0.0,0.0,83
201500007888,15,5,1,915,1,1,1,1,3,83138,M,0.0,0.0,83
201500007889,15,5,8,2300,5,1,1,1,1,83029,M,0.0,0.0,83
201500007890,15,6,11,815,1,1,1,1,6,83081,M,0.0,0.0,83
201500007891,15,7,8,1245,1,1,1,1,1,83080,M,4367972.0,669639.0,83
201500007892,15,8,15,915,1,1,1,1,2,83081,M,0.0,0.0,83
201500007893,15,8,28,1800,1,1,1,1,3,83133,M,0.0,0.0,83
201500007894,15,9,16,2030,3,1,1,1,1,83138,M,0.0,0.0,83
201500007895,15,9,23,115,3,1,1,1,6,83081,M,0.0,0.0,83
201500007896,15,11,16,1445,1,1,1,1,1,83055,M,0.0,0.0,83
201500007897,15,12,2,900,1,1,1,1,2,83055,M,4360774.0,668065.0,83
201500007898,15,6,25,1745,1,1,1,1,3,83081,M,0.0,0.0,83
201500007899,15,4,11,2315,3,1,1,1,6,83003,M,0.0,0.0,83
201500007900,15,10,5,1345,1,1,1,1,6,83058,M,4353822.0,639299.0,83
201500007901,15,1,14,1630,1,1,1,1,2,83073,M,0.0,0.0,83
201500007902,15,1,30,900,2,1,1,8,1,83092,M,0.0,0.0,83
201500007903,15,1,30,2030,5,2,1,1,6,83092,M,4349800.0,636900.0,83
201500007904,15,2,11,1130,1,1,1,1,1,83092,M,0.0,0.0,83
201500007905,15,2,16,1715,1,1,1,1,7,83092,M,0.0,0.0,83
201500007906,15,2,16,1600,1,1,1,1,7,83073,M,0.0,0.0,83
201500007907,15,3,2,900,3,1,1,1,3,83073,M,0.0,0.0,83
201500007908,15,3,15,1915,5,1,1,3,3,83057,M,0.0,0.0,83
201500007909,15,3,15,1815,2,1,1,2,3,83073,M,4365700.0,632200.0,83
201500007910,15,6,7,1645,1,1,1,1,3,83057,M,0.0,0.0,83
201500007911,15,6,14,1745,1,1,1,1,7,83073,M,0.0,0.0,83
201500007912,15,6,20,1200,1,1,1,1,3,83031,M,0.0,0.0,83
201500007913,15,9,5,115,5,2,1,1,7,83018,M,4334807.0,617052.0,83
201500007914,15,11,9,730,2,1,1,1,4,83018,M,0.0,0.0,83
201500007915,15,11,15,1115,1,1,1,1,6,83073,M,4338900.0,631900.0,83
201500007916,15,11,26,2030,3,1,1,1,6,83067,M,0.0,0.0,83
201500007917,15,1,20,900,1,1,1,1,7,83128,M,0.0,0.0,83
201500007918,15,5,27,945,1,1,1,1,1,83139,M,4359200.0,628700.0,83
201500007919,15,5,28,1530,1,2,9,1,3,83014,M,0.0,0.0,83
201500007920,15,8,19,2345,3,2,1,1,6,83121,M,0.0,0.0,83
201500007921,15,10,26,1030,1,1,1,1,1,83007,M,0.0,0.0,83
201500007922,15,2,4,1830,5,2,1,2,6,83023,M,4367600.0,613300.0,83
201500007923,15,2,17,815,1,2,1,2,2,83023,M,4340847.0,606412.0,83
201500007924,15,5,19,1000,1,2,1,1,3,83023,M,0.0,0.0,83
201500007925,15,6,2,1800,1,1,1,1,6,83037,M,0.0,0.0,83
201500007926,15,6,4,1445,1,1,1,1,1,83023,M,0.0,0.0,83
201500007927,15,6,30,2345,3,1,1,1,1,83023,M,0.0,0.0,83
201500007928,15,7,15,900,1,1,1,1,3,83023,M,0.0,0.0,83
201500007929,15,7,27,1030,1,1,1,1,3,83023,M,0.0,0.0,83
201500007930,15,8,14,1630,1,1,1,1,1,83023,M,4339536.0,614632.0,83
201500007931,15,8,14,1545,1,1,3,1,1,83023,M,4337756.0,608491.0,83
201500007932,15,8,15,945,1,2,1,1,6,83023,M,4340820.0,605691.0,83
201500007933,15,12,4,945,1,2,2,1,3,83023,M,4341211.0,606205.0,83
201500007934,15,3,7,1545,1,1,1,1,2,83025,M,0.0,0.0,83
201500007935,15,4,1,2215,1,1,1,1,2,83032,M,0.0,0.0,83
201500007936,15,5,22,930,1,1,1,1,1,83145,M,0.0,0.0,83
201500007937,15,7,7,1230,1,1,1,1,3,83051,M,4348422.0,625709.0,83
201500007938,15,7,29,2215,3,1,1,1,7,83012,M,4353380.0,601034.0,83
201500007939,15,9,12,730,1,1,1,1,1,83135,M,0.0,0.0,83
201500007940,15,9,27,30,5,1,1,1,7,83145,M,4359765.0,596042.0,83
201500007941,15,9,27,1030,1,1,1,1,7,83095,M,0.0,0.0,83
201500007942,15,11,28,1445,1,1,1,1,3,83046,M,0.0,0.0,83
201500007943,15,1,11,1115,1,1,1,1,7,83104,M,0.0,0.0,83
201500007944,15,3,1,1645,1,1,1,1,3,83006,M,0.0,0.0,83
201500007945,15,5,2,430,3,1,1,1,6,83066,M,0.0,0.0,83
201500007946,15,5,24,2030,3,1,1,1,6,83006,M,0.0,0.0,83
201500007947,15,6,8,1115,1,2,1,1,6,83150,M,4373485.0,579845.0,83
201500007948,15,6,9,1445,1,1,1,1,1,83113,M,0.0,0.0,83
201500007949,15,7,14,1730,1,1,1,1,5,83104,M,4363754.0,579817.0,83
201500007950,15,7,19,1915,1,1,1,1,6,83146,M,4366755.0,599367.0,83
201500007951,15,7,21,1415,1,1,1,1,7,83104,M,0.0,0.0,83
201500007952,15,9,7,1915,1,1,1,1,6,83066,M,0.0,0.0,83
201500007953,15,1,11,30,3,1,1,1,6,83108,M,0.0,0.0,83
201500007954,15,2,15,1730,1,1,2,3,3,83088,M,0.0,0.0,83
201500007955,15,2,17,800,1,1,1,1,1,83059,M,0.0,0.0,83
201500007956,15,3,26,1700,1,1,1,1,2,83059,M,0.0,0.0,83
201500007957,15,5,26,1030,1,1,1,1,5,83088,M,0.0,0.0,83
201500007958,15,6,7,230,3,1,1,1,6,83106,M,0.0,0.0,83
201500007959,15,6,21,1615,1,1,1,1,5,83064,M,0.0,0.0,83
201500007960,15,8,8,2340,5,2,1,1,6,83064,M,4333022.0,604487.0,83
201500007961,15,8,12,1715,1,1,1,1,1,83059,M,0.0,0.0,83
201500007962,15,9,5,1545,1,2,1,1,7,83077,M,0.0,0.0,83
201500007963,15,10,1,1145,1,2,7,1,6,83108,M,4334027.0,597578.0,83
201500007964,15,10,4,1545,1,1,1,1,1,83059,M,0.0,0.0,83
201500007965,15,10,7,1745,3,1,1,1,6,83064,M,0.0,0.0,83
201500007966,15,11,11,1230,1,1,1,1,1,83077,M,0.0,0.0,83
201500007967,15,12,17,1900,3,1,1,1,3,83064,M,0.0,0.0,83
201500007968,15,2,3,1615,1,2,1,4,6,83093,M,0.0,0.0,83
201500007969,15,2,24,730,1,1,1,1,1,83097,M,0.0,0.0,83
201500007970,15,6,19,1830,1,1,1,1,2,83089,M,4349738.0,580857.0,83
201500007971,15,7,28,1000,1,1,1,1,6,83120,M,4338234.0,573840.0,83
201500007972,15,8,11,1830,1,1,1,1,6,83140,M,0.0,0.0,83
201500007973,15,8,22,1015,1,1,1,1,1,83120,M,0.0,0.0,83
201500007974,15,10,8,1300,1,1,1,1,1,83116,M,0.0,0.0,83
201500007975,15,10,10,1745,1,1,1,1,1,83116,M,0.0,0.0,83
201500007976,15,11,7,2130,5,2,1,1,6,83116,M,4345177.0,586238.0,83
201500007977,15,11,21,1200,1,1,1,1,6,83125,M,0.0,0.0,83
201500007978,15,11,29,1800,3,1,1,1,6,83087,M,0.0,0.0,83
201500007979,15,12,5,1445,1,1,1,2,5,83140,M,0.0,0.0,83
201500007980,15,12,16,2130,3,1,1,1,1,83116,M,0.0,0.0,83
201500007981,15,12,18,1715,1,1,9,1,6,83116,M,0.0,0.0,83
201500007982,15,12,19,1445,1,1,1,1,1,83087,M,0.0,0.0,83
201500007983,15,1,25,230,3,1,1,1,7,83107,M,4347579.0,663719.0,83
201500007984,15,2,1,1130,1,1,1,1,3,83107,M,0.0,0.0,83
201500007985,15,3,31,1030,1,2,1,1,6,83107,M,0.0,0.0,83
201500007986,15,6,11,130,3,1,1,1,1,83099,M,0.0,0.0,83
201500007987,15,6,14,1800,1,2,1,1,5,83107,M,0.0,0.0,83
201500007988,15,6,16,900,1,1,1,1,1,83107,M,4345200.0,663300.0,83
201500007989,15,7,6,800,1,2,1,1,1,83099,M,0.0,0.0,83
201500007990,15,7,19,100,3,1,1,1,7,83107,M,4346866.0,665952.0,83
201500007991,15,8,10,715,1,1,1,1,6,83107,M,0.0,0.0,83
201500007992,15,8,11,1745,1,2,1,1,7,83099,M,4346475.0,669575.0,83
201500007993,15,8,15,1945,1,2,1,1,5,83107,M,0.0,0.0,83
201500007994,15,8,28,1130,1,1,1,1,4,83099,M,0.0,0.0,83
201500007995,15,11,26,1745,5,2,1,1,6,83107,M,4344583.0,663644.0,83
201500007996,15,1,6,945,1,2,1,1,6,83042,M,4324837.0,653303.0,83
201500007997,15,1,30,1515,1,1,1,1,3,83042,M,4323149.0,651997.0,83
201500007998,15,1,30,1800,2,2,1,1,6,83042,M,4325000.0,653400.0,83
201500007999,15,2,24,830,1,1,1,1,1,83042,M,0.0,0.0,83
201500008000,15,2,27,1645,1,1,1,1,1,83042,M,4323565.0,652452.0,83
201500008001,15,3,24,2015,5,2,6,2,6,83068,M,0.0,0.0,83
201500008002,15,5,9,1215,1,1,1,1,3,83063,M,4332000.0,647200.0,83
201500008003,15,5,10,1400,1,2,1,1,1,83063,M,4331500.0,647090.0,83
201500008004,15,5,22,1830,1,1,1,1,3,83068,M,0.0,0.0,83
201500008005,15,6,5,1015,1,1,1,1,1,83042,M,4323950.0,656493.0,83
201500008006,15,6,28,2245,5,1,1,1,6,83068,M,0.0,0.0,83
201500008007,15,8,4,1515,1,2,1,1,6,83042,M,4324982.0,653582.0,83
201500008008,15,8,5,2330,5,1,1,1,1,83068,M,0.0,0.0,83
201500008009,15,8,6,930,1,1,6,1,1,83068,M,4327500.0,657600.0,83
201500008010,15,9,3,1600,1,1,1,1,3,83068,M,0.0,0.0,83
201500008011,15,10,24,1530,1,1,1,1,1,83063,M,4630100.0,648700.0,83
201500008012,15,11,20,1130,1,1,1,1,5,83068,M,4325400.0,655700.0,83
201500008013,15,1,21,1715,5,2,1,3,6,83115,M,4331200.0,663200.0,83
201500008014,15,1,22,1715,3,1,1,1,3,83115,M,0.0,0.0,83
201500008015,15,1,27,1145,1,2,1,1,2,83107,M,4333800.0,668500.0,83
201500008016,15,4,1,1515,1,1,1,6,1,83107,M,0.0,0.0,83
201500008017,15,4,18,1845,1,2,1,1,7,83115,M,0.0,0.0,83
201500008018,15,5,6,1600,1,2,1,1,6,83115,M,4351700.0,605900.0,83
201500008019,15,5,11,1445,1,2,6,1,3,83115,M,0.0,0.0,83
201500008020,15,5,13,1445,1,1,1,1,6,83115,M,4351400.0,606000.0,83
201500008021,15,6,20,1930,1,2,1,1,3,83107,M,4334722.0,671489.0,83
201500008022,15,6,20,2100,3,2,9,1,6,83107,M,4334849.0,671521.0,83
201500008023,15,6,25,800,1,2,1,1,6,83115,M,0.0,0.0,83
201500008024,15,7,20,815,1,1,1,1,1,83115,M,4333500.0,667100.0,83
201500008025,15,7,23,1845,1,1,1,1,1,83115,M,4333095.0,696800.0,83
201500008026,15,8,27,1815,1,2,1,1,3,83115,M,0.0,0.0,83
201500008027,15,9,19,1800,1,1,1,1,3,83115,M,4332300.0,660800.0,83
201500008028,15,10,8,900,1,1,9,1,1,83115,M,4331700.0,658300.0,83
201500008029,15,10,19,1445,1,1,1,1,6,83115,M,4332900.0,665900.0,83
201500008030,15,12,22,1645,1,2,1,1,6,83115,M,0.0,0.0,83
201500008031,15,3,8,700,2,1,1,1,1,83065,M,4325700.0,660100.0,83
201500008032,15,3,9,1845,2,1,1,1,7,83119,M,4323600.0,656900.0,83
201500008033,15,3,16,1000,1,1,1,1,6,83119,M,4526810.0,664072.0,83
201500008034,15,4,13,945,1,1,1,1,2,83065,M,0.0,0.0,83
201500008035,15,5,7,2145,3,1,1,1,1,83101,M,0.0,0.0,83
201500008036,15,5,8,2030,2,2,1,1,1,83119,M,0.0,0.0,83
201500008037,15,5,22,215,3,1,1,8,7,83065,M,4321900.0,656900.0,83
201500008038,15,6,1,1830,1,1,1,1,3,83065,M,4325700.0,659100.0,83
201500008039,15,6,12,700,2,2,1,1,6,83119,M,0.0,0.0,83
201500008040,15,6,22,1900,1,2,1,1,6,83119,M,0.0,0.0,83
201500008041,15,6,26,1245,1,2,1,1,6,83119,M,4326768.0,663177.0,83
201500008042,15,6,26,1300,1,1,1,1,3,83065,M,4325987.0,659046.0,83
201500008043,15,7,8,2115,1,1,1,1,7,83065,M,0.0,0.0,83
201500008044,15,7,14,1715,1,1,1,1,1,83101,M,4323731.0,664953.0,83
201500008045,15,8,9,1630,1,2,1,1,3,83119,M,4326656.0,662716.0,83
201500008046,15,8,11,1200,1,1,1,1,2,83065,M,4326106.0,659556.0,83
201500008047,15,8,12,2015,2,2,1,1,6,83119,M,4326953.0,663647.0,83
201500008048,15,8,29,1900,1,1,3,1,3,83101,M,4325500.0,659000.0,83
201500008049,15,9,7,1715,1,1,1,1,3,83065,M,4323900.0,660300.0,83
201500008050,15,1,26,2200,3,1,1,1,6,83035,M,0.0,0.0,83
201500008051,15,2,27,1045,1,2,1,2,1,83016,M,4320300.0,580100.0,83
201500008052,15,3,8,1615,1,1,1,1,7,83035,M,0.0,0.0,83
201500008053,15,3,21,1615,1,1,1,2,1,83127,M,0.0,0.0,83
201500008054,15,5,9,1500,1,1,1,1,3,83016,M,0.0,0.0,83
201500008055,15,6,18,1745,1,1,1,1,2,83035,M,4319994.0,576305.0,83
201500008056,15,6,22,1630,1,2,1,1,3,83016,M,0.0,0.0,83
201500008057,15,7,10,1030,1,2,1,1,3,83016,M,4319603.0,579900.0,83
201500008058,15,7,12,1700,1,1,1,1,1,83016,M,4322671.0,581000.0,83
201500008059,15,7,17,1930,1,1,1,1,1,83127,M,4328300.0,582400.0,83
201500008060,15,8,16,1730,1,2,1,1,5,83016,M,0.0,0.0,83
201500008061,15,9,7,1730,1,1,1,1,1,83016,M,0.0,0.0,83
201500008062,15,9,8,2000,2,1,1,1,6,83016,M,0.0,0.0,83
201500008063,15,9,19,930,1,1,1,1,6,83016,M,0.0,0.0,83
201500008064,15,11,1,1145,1,1,1,1,3,83016,M,0.0,0.0,83
201500008065,15,11,19,1615,1,1,9,1,3,83035,M,0.0,0.0,83
201500008066,15,6,13,430,5,1,1,1,6,83047,M,0.0,0.0,83
201500008067,15,6,20,1900,1,2,6,1,2,83047,M,4314586.0,606736.0,83
201500008068,15,7,19,1430,1,2,1,1,1,83047,M,4315494.0,607945.0,83
201500008069,15,10,23,745,3,1,1,1,6,83047,M,0.0,0.0,83
201500008070,15,10,26,1745,5,2,1,3,6,83047,M,0.0,0.0,83
201500008071,15,11,13,1500,1,1,1,1,2,83047,M,0.0,0.0,83
201500008072,15,8,6,1530,1,1,1,1,1,83071,M,0.0,0.0,83
201500008073,15,10,12,1530,1,1,1,3,1,83071,M,4313409.0,623608.0,83
201500008074,15,10,31,1015,1,1,1,1,6,83071,M,0.0,0.0,83
201500008075,15,1,2,900,1,2,6,1,2,83112,M,0.0,0.0,83
201500008076,15,1,29,1900,3,2,1,1,6,83112,M,4318015.0,568714.0,83
201500008077,15,2,9,1430,1,2,1,1,1,83112,M,0.0,0.0,83
201500008078,15,4,29,1500,1,2,1,1,6,83112,M,0.0,0.0,83
201500008079,15,6,1,1700,1,1,1,1,3,83112,M,0.0,0.0,83
201500008080,15,8,2,1830,1,2,1,1,3,83112,M,0.0,0.0,83
201500008081,15,11,16,1645,2,2,1,7,6,83112,M,4318401.0,569636.0,83
201500008082,15,12,13,445,3,1,1,1,1,83027,M,0.0,0.0,83
201500008083,15,4,4,1045,1,1,1,1,2,84141,M,4396774.0,492164.0,84
201500008084,15,5,13,1130,1,1,1,1,3,84081,M,0.0,0.0,84
201500008085,15,5,28,1845,1,1,1,1,3,84132,M,4396526.0,496352.0,84
201500008086,15,7,4,1100,1,1,1,1,1,84036,M,4393168.0,492446.0,84
201500008087,15,8,3,1300,1,1,1,1,4,84119,M,4388873.0,492569.0,84
201500008088,15,8,8,1130,1,1,1,1,4,84034,M,4388312.0,496585.0,84
201500008089,15,9,2,745,1,2,1,1,1,84081,M,4393411.0,490164.0,84
201500008090,15,9,13,1915,1,2,1,1,3,84141,M,4395767.0,489709.0,84
201500008091,15,9,16,2100,3,1,1,1,6,84119,M,4396503.0,496236.0,84
201500008092,15,12,2,1530,1,1,6,1,3,84141,M,4398260.0,488665.0,84
201500008093,15,1,15,1345,1,1,2,1,3,84132,M,4393997.0,498365.0,84
201500008094,15,1,16,830,1,1,1,1,1,84132,M,4392743.0,500755.0,84
201500008095,15,3,31,930,1,2,2,1,7,84132,M,4392857.0,499535.0,84
201500008096,15,4,23,1000,1,1,1,1,3,84054,M,4388566.0,504114.0,84
201500008097,15,5,5,615,1,1,1,1,6,84054,M,4387350.0,506692.0,84
201500008098,15,6,8,1715,1,1,1,1,3,84132,M,4393646.0,500749.0,84
201500008099,15,6,10,2215,3,1,1,1,3,84124,M,4391912.0,509707.0,84
201500008100,15,6,10,1745,1,2,1,1,3,84054,M,4392048.0,504777.0,84
201500008101,15,6,20,115,3,2,1,1,7,84054,M,4392216.0,504307.0,84
201500008102,15,6,26,945,1,1,4,1,2,84132,M,4392356.0,496924.0,84
201500008103,15,7,23,1915,1,1,1,1,7,84054,M,4390199.0,508276.0,84
201500008104,15,9,7,1730,1,1,3,1,3,84054,M,4392885.0,503070.0,84
201500008105,15,9,12,1245,1,1,1,1,1,84054,M,4391916.0,502922.0,84
201500008106,15,9,25,2300,5,2,1,1,7,84054,M,4391782.0,505250.0,84
201500008107,15,9,29,2345,3,1,1,1,6,84132,M,0.0,0.0,84
201500008108,15,10,5,2030,3,1,2,1,2,84132,M,4390292.0,501079.0,84
201500008109,15,10,23,855,1,2,1,7,7,84054,M,4391744.0,505451.0,84
201500008110,15,11,11,1930,3,1,1,1,3,84054,M,4390319.0,501249.0,84
201500008111,15,11,28,1830,5,2,9,1,6,84054,M,4391616.0,504793.0,84
201500008112,15,12,13,1530,1,2,1,1,1,84054,M,4395393.0,507136.0,84
201500008113,15,3,18,2100,5,1,1,1,7,84092,M,4397550.0,487216.0,84
201500008114,15,5,16,1200,1,2,6,1,2,84092,M,4397634.0,485802.0,84
201500008115,15,10,9,15,5,1,1,1,3,84092,M,4397632.0,485803.0,84
201500008116,15,10,28,1215,1,2,1,1,3,84092,M,4395000.0,485000.0,84
201500008117,15,4,1,1430,1,2,6,1,7,84129,M,4400790.0,487438.0,84
201500008118,15,5,19,1500,1,2,3,1,7,84129,M,4400370.0,488417.0,84
201500008119,15,12,10,1615,1,2,6,1,3,84129,M,4401007.0,487118.0,84
201500008120,15,2,14,245,5,2,1,1,6,84003,M,4387607.0,540514.0,84
201500008121,15,2,28,530,5,2,1,1,1,84003,M,4388420.0,537881.0,84
201500008122,15,3,13,2245,3,1,1,1,6,84047,M,4390753.0,534606.0,84
201500008123,15,4,13,2130,2,2,1,1,6,84003,M,4388440.0,535955.0,84
201500008124,15,4,21,815,1,2,6,7,6,84003,M,4388209.0,538438.0,84
201500008125,15,4,26,430,3,1,1,1,6,84105,M,4387830.0,542618.0,84
201500008126,15,5,29,2130,5,2,2,1,3,84003,M,4387729.0,539657.0,84
201500008127,15,8,3,1130,1,1,1,1,5,84003,M,4386344.0,536375.0,84
201500008128,15,8,15,1045,1,1,1,1,1,84103,M,4392635.0,550310.0,84
201500008129,15,8,30,1800,1,2,1,1,2,84003,M,4387694.0,539252.0,84
201500008130,15,9,25,1045,1,1,1,1,3,84003,M,4386132.0,536220.0,84
201500008131,15,12,25,1745,3,2,1,1,3,84003,M,4389458.0,538274.0,84
201500008132,15,5,6,1215,1,1,2,1,5,84074,M,4374729.0,518066.0,84
201500008133,15,5,10,1830,1,1,1,1,2,84074,M,4375530.0,516494.0,84
201500008134,15,5,26,2015,1,2,1,1,6,84065,M,4374661.0,531383.0,84
201500008135,15,9,1,1230,1,2,3,1,3,84147,M,4372204.0,543612.0,84
201500008136,15,9,20,1815,1,1,9,1,1,84095,M,4373978.0,534242.0,84
201500008137,15,11,6,1245,1,1,1,1,2,84093,M,0.0,0.0,84
201500008138,15,11,22,2300,3,1,1,1,7,84147,M,0.0,0.0,84
201500008139,15,12,10,1230,1,1,1,1,7,84042,M,4379935.0,544804.0,84
201500008140,15,12,13,1130,1,1,1,8,1,84026,M,4374657.0,536312.0,84
201500008141,15,4,15,2145,3,1,1,1,1,84073,M,4385780.0,520509.0,84
201500008142,15,5,23,1545,1,1,1,1,3,84086,M,4386364.0,517104.0,84
201500008143,15,6,19,600,2,1,9,1,4,84020,M,4386142.0,527509.0,84
201500008144,15,8,15,1345,1,1,1,1,7,84085,M,0.0,0.0,84
201500008145,15,1,10,1415,1,1,1,1,6,84014,M,4370870.0,571466.0,84
201500008146,15,3,30,1130,1,2,9,1,2,84089,M,4370674.0,550542.0,84
201500008147,15,4,2,1045,1,1,1,1,1,84076,M,0.0,0.0,84
201500008148,15,4,17,2015,2,2,1,8,3,84089,M,4368825.0,550549.0,84
201500008149,15,5,3,1645,1,1,1,1,4,84014,M,4372740.0,573234.0,84
201500008150,15,5,26,1145,1,2,9,1,1,84089,M,4369248.0,549790.0,84
201500008151,15,7,5,1300,1,1,1,1,3,84002,M,0.0,0.0,84
201500008152,15,8,8,1545,1,1,2,1,3,84089,M,4372733.0,550872.0,84
201500008153,15,8,12,2130,2,1,1,1,6,84014,M,4373800.0,568600.0,84
201500008154,15,8,25,945,1,2,1,1,6,84089,M,0.0,0.0,84
201500008155,15,9,21,1045,1,2,4,1,3,84089,M,4370106.0,550572.0,84
201500008156,15,11,24,1845,5,2,1,1,6,84089,M,4368646.0,549870.0,84
201500008157,15,6,5,1315,1,1,1,1,1,84069,M,4416510.0,514512.0,84
201500008158,15,6,11,1615,1,1,1,1,1,84069,M,4415374.0,513002.0,84
201500008159,15,9,10,1830,1,1,1,1,3,84069,M,0.0,0.0,84
201500008160,15,3,28,1800,1,1,1,1,6,84142,M,4393733.0,506201.0,84
201500008161,15,7,12,45,3,1,1,1,7,84043,M,4399721.0,493972.0,84
201500008162,15,8,15,1800,1,2,1,1,1,84088,M,4398520.0,506837.0,84
201500008163,15,11,24,1845,3,1,2,1,5,84088,M,4401240.0,507292.0,84
201500008164,15,1,18,1445,1,2,1,1,6,84106,M,4424833.0,488743.0,84
201500008165,15,7,21,1200,1,1,1,1,6,84029,M,0.0,0.0,84
201500008166,15,10,25,1200,1,1,1,1,6,84106,M,0.0,0.0,84
201500008167,15,10,26,600,3,1,1,1,6,84061,M,4423277.0,485195.0,84
201500008168,15,3,23,1745,2,2,1,7,1,84004,M,4408950.0,503619.0,84
201500008169,15,4,25,945,3,1,1,1,6,84130,M,4416007.0,506915.0,84
201500008170,15,5,15,1515,1,1,1,1,1,84122,M,4412435.0,497925.0,84
201500008171,15,6,5,1300,1,1,1,1,6,84122,M,4409584.0,499331.0,84
201500008172,15,7,20,2245,5,2,1,1,6,84004,M,4409918.0,502563.0,84
201500008173,15,7,26,1815,1,1,1,1,6,84067,M,4407630.0,499569.0,84
201500008174,15,8,7,1700,1,2,1,1,3,84004,M,4410102.0,502475.0,84
201500008175,15,10,30,1100,1,1,1,1,1,84067,M,4407165.0,500776.0,84
201500008176,15,1,6,1700,2,1,1,1,3,84078,M,4425539.0,468137.0,84
201500008177,15,5,21,1430,1,1,1,6,6,84063,M,4426437.0,467513.0,84
201500008178,15,6,1,800,2,1,1,1,3,84019,M,4432269.0,473410.0,84
201500008179,15,6,30,1900,1,2,1,1,3,84019,M,4428658.0,475117.0,84
201500008180,15,7,15,1130,1,2,1,1,4,84078,M,4423376.0,471168.0,84
201500008181,15,12,5,1045,1,2,1,1,6,84019,M,4428161.0,474707.0,84
201500008182,15,11,27,1630,1,2,1,1,1,84019,M,4430962.0,473509.0,84
201500008183,15,3,8,1530,1,1,1,1,7,84021,M,0.0,0.0,84
201500008184,15,6,12,1530,1,1,1,1,7,84008,M,4414268.0,510490.0,84
201500008185,15,6,22,1445,1,1,1,1,5,84045,M,4425560.0,515459.0,84
201500008186,15,9,12,1445,1,1,1,1,3,84098,M,0.0,0.0,84
201500008187,15,9,20,1445,1,1,1,1,6,84022,M,0.0,0.0,84
201500008188,15,10,9,1615,1,1,1,1,3,84126,M,4420509.0,500068.0,84
201500008189,15,1,27,1500,2,2,1,3,3,84138,M,0.0,0.0,84
201500008190,15,2,28,1345,1,2,3,1,3,84138,M,4438507.0,498797.0,84
201500008191,15,12,11,2100,5,2,1,1,6,84097,M,4436086.0,491143.0,84
201500008192,15,3,20,2015,5,2,1,1,1,34057,M,4362880.0,389468.0,34
201500008193,15,5,22,1500,1,2,1,1,3,34057,M,4363085.0,390262.0,34
201500008194,15,1,15,945,1,1,1,1,1,34327,M,4365893.0,398107.0,34
201500008195,15,2,15,1630,1,1,6,2,1,34058,M,4366866.0,397463.0,34
201500008196,15,1,27,1830,3,1,1,1,1,34058,M,4369468.0,401210.0,34
201500008197,15,2,18,900,1,1,1,1,6,34227,M,4371162.0,402841.0,34
201500008198,15,3,27,2230,3,1,1,1,6,34227,M,4372870.0,404296.0,34
201500008199,15,3,31,1700,1,1,1,1,5,34249,M,4369669.0,401468.0,34
201500008200,15,4,9,845,1,1,1,1,4,34227,M,4371608.0,403165.0,34
201500008201,15,6,11,1415,1,2,1,1,6,34022,M,4365762.0,401093.0,34
201500008202,15,7,17,645,2,2,1,1,1,34022,M,4366002.0,402123.0,34
201500008203,15,8,25,1930,1,1,1,1,3,34327,M,4366712.0,396415.0,34
201500008204,15,8,30,630,2,2,1,1,6,34327,M,4365385.0,396842.0,34
201500008205,15,9,13,600,2,1,1,2,7,34249,M,4373782.0,397850.0,34
201500008206,15,9,13,1345,1,2,2,1,1,34058,M,4367630.0,398275.0,34
201500008207,15,9,20,45,5,2,2,1,3,34058,M,4367991.0,398571.0,34
201500008208,15,9,22,830,1,2,1,1,3,34058,M,4369712.0,396097.0,34
201500008209,15,9,22,1830,1,2,3,1,3,34327,M,4365359.0,397024.0,34
201500008210,15,10,10,1015,1,1,1,1,6,34227,M,4373372.0,404859.0,34
201500008211,15,11,8,1530,1,2,1,1,3,34244,M,4366350.0,403219.0,34
201500008212,15,11,17,1515,1,2,1,1,3,34022,M,4365947.0,401778.0,34
201500008213,15,11,19,1800,5,1,9,1,3,34022,M,4365511.0,400176.0,34
201500008214,15,11,25,1945,5,2,1,1,3,34022,M,4365688.0,400819.0,34
201500008215,15,12,16,1215,1,1,3,1,3,34327,M,4364397.0,395013.0,34
201500008216,15,3,11,1615,1,2,1,1,1,34344,M,4356046.0,407657.0,34
201500008217,15,7,16,2100,1,1,1,1,6,34344,M,4356130.0,406339.0,34
201500008218,15,8,6,1000,1,2,1,1,6,34344,M,4356192.0,408725.0,34
201500008219,15,11,1,1515,1,2,9,1,6,34344,M,4356339.0,409217.0,34
201500008220,15,3,29,1745,1,1,1,1,1,34145,M,4366889.0,414339.0,34
201500008221,15,4,12,2245,3,1,1,1,1,34145,M,4368185.0,415038.0,34
201500008222,15,4,28,1545,1,1,1,1,3,34145,M,4365197.0,413898.0,34
201500008223,15,5,15,1045,1,2,1,1,6,34151,M,4366340.0,418043.0,34
201500008224,15,5,23,1125,1,2,1,1,6,34145,M,4367552.0,413014.0,34
201500008225,15,6,2,730,1,2,6,7,1,34145,M,4366643.0,412277.0,34
201500008226,15,6,17,1745,1,1,6,1,7,34294,M,4370392.0,412167.0,34
201500008227,15,6,25,1730,1,1,1,1,5,34151,M,4362263.0,412197.0,34