Num_Acc,an,mois,jour,hrmn,lum,agg,int,atm,col,com,gps,lat,long,dep
201500008228,15,7,8,700,1,1,1,1,7,34294,M,4372453.0,412718.0,34
201500008229,15,7,12,1300,1,2,1,1,3,34288,M,4372890.0,410716.0,34
201500008230,15,7,28,1445,1,2,1,1,1,34145,M,4365598.0,413828.0,34
201500008231,15,8,15,1230,1,2,1,1,1,34151,M,4366299.0,418031.0,34
201500008232,15,9,4,1030,1,2,1,1,3,34145,M,4367891.0,414327.0,34
201500008233,15,9,23,930,1,2,1,1,3,34145,M,0.0,0.0,34
201500008234,15,10,6,700,2,1,9,2,6,34296,M,4376000.0,405600.0,34
201500008235,15,11,18,1730,2,1,1,1,3,34151,M,4361328.0,411136.0,34
201500008236,15,11,30,1800,4,2,1,1,6,34145,M,4368222.0,415196.0,34
201500008237,15,12,18,1,3,2,1,1,6,34033,M,4375583.0,407608.0,34
201500008238,15,12,31,15,3,1,1,1,1,34151,M,4358602.0,410429.0,34
201500008239,15,2,7,1445,1,2,1,1,1,34154,M,4362647.0,403078.0,34
201500008240,15,2,14,730,2,1,1,2,6,34176,M,4363571.0,405574.0,34
201500008241,15,4,15,1915,1,1,1,1,3,34154,M,4305000.0,365000.0,34
201500008242,15,4,20,2030,3,1,1,1,2,34240,M,4364373.0,398877.0,34
201500008243,15,4,25,445,3,1,1,2,6,34154,M,4364300.0,408600.0,34
201500008244,15,5,6,1515,1,1,1,1,3,34240,M,4363771.0,399421.0,34
201500008245,15,7,13,1345,1,1,4,1,3,34154,M,4359284.0,393882.0,34
201500008246,15,8,23,2130,5,1,1,2,2,34154,M,4359308.0,394020.0,34
201500008247,15,9,22,30,3,1,1,1,7,34154,M,4359591.0,395248.0,34
201500008248,15,9,25,1145,1,1,1,1,3,34154,M,4361754.0,398284.0,34
201500008249,15,11,23,1600,1,2,1,1,6,34154,M,4359913.0,401274.0,34
201500008250,15,1,13,2310,3,1,1,1,6,34276,M,4377674.0,387059.0,34
201500008251,15,2,28,1600,1,1,1,1,1,34276,M,4379249.0,387540.0,34
201500008252,15,9,21,1200,1,1,1,1,6,34297,M,4385148.0,391160.0,34
201500008253,15,10,3,1645,1,1,1,2,1,34048,M,4378043.0,404664.0,34
201500008254,15,11,21,545,3,1,1,1,6,34131,M,4383465.0,389516.0,34
201500008255,15,12,16,715,2,1,1,5,1,34297,M,4385432.0,392871.0,34
201500008256,15,12,20,230,3,1,1,1,6,34066,M,4376281.0,377919.0,34
201500008257,15,1,6,1000,1,2,1,1,6,34028,M,4361273.0,315250.0,34
201500008258,15,3,14,1,3,1,1,1,6,34119,M,4357985.0,314058.0,34
201500008259,15,5,17,1545,1,1,1,1,1,34055,M,4367876.0,297400.0,34
201500008260,15,5,19,1045,1,1,1,1,6,34200,M,4360734.0,327297.0,34
201500008261,15,9,4,1600,1,2,1,1,6,34126,M,4358887.0,308316.0,34
201500008262,15,5,20,1330,1,2,1,1,6,34052,M,4333078.0,304924.0,34
201500008263,15,6,19,1400,1,2,1,1,1,34081,M,4331093.0,314216.0,34
201500008264,15,6,26,830,1,1,1,1,3,34161,M,4332889.0,311125.0,34
201500008265,15,8,5,845,1,1,1,1,6,34161,M,4332627.0,310094.0,34
201500008266,15,9,2,900,1,2,1,1,7,34161,M,4333338.0,312687.0,34
201500008267,15,9,20,1930,1,1,1,1,2,34183,M,4327653.0,308712.0,34
201500008268,15,10,3,1845,1,2,1,1,7,34161,M,4333561.0,313381.0,34
201500008269,15,10,1,1430,1,1,1,1,7,34225,M,4336497.0,308608.0,34
201500008270,15,1,12,1330,1,2,1,1,2,34074,M,4345122.0,305061.0,34
201500008271,15,2,2,1300,1,1,1,1,7,34178,M,4345681.0,311845.0,34
201500008272,15,2,5,1315,1,2,1,6,6,34074,M,4344949.0,304405.0,34
201500008273,15,3,14,1700,1,2,1,1,6,34140,M,4338143.0,317079.0,34
201500008274,15,3,15,1000,1,1,1,2,6,34092,M,4334236.0,294671.0,34
201500008275,15,3,22,1200,1,1,1,1,1,34069,M,4340311.0,309251.0,34
201500008276,15,5,25,1515,1,1,1,1,6,34074,M,4343642.0,308644.0,34
201500008277,15,6,27,1745,1,1,1,1,7,34223,M,4345075.0,319097.0,34
201500008278,15,7,18,1915,1,1,1,1,1,34069,M,4340328.0,309251.0,34
201500008279,15,7,18,2245,3,1,1,1,6,34258,M,4344268.0,318660.0,34
201500008280,15,7,26,815,1,1,1,1,1,34100,M,4345553.0,289593.0,34
201500008281,15,8,2,130,3,1,1,1,6,34074,M,4343794.0,308417.0,34
201500008282,15,8,8,1915,1,1,1,2,5,34070,M,4341522.0,297419.0,34
201500008283,15,9,1,1630,1,1,1,1,1,34100,M,4345574.0,289601.0,34
201500008284,15,11,14,1400,1,1,3,1,5,34147,M,4349089.0,319055.0,34
201500008285,15,7,3,1615,1,1,1,1,1,34190,M,4327455.0,277805.0,34
201500008286,15,1,27,1730,2,1,1,1,6,34162,M,4348681.0,347055.0,34
201500008287,15,2,22,1515,1,1,1,1,6,34162,M,4347888.0,346416.0,34
201500008288,15,3,20,2145,5,2,1,1,1,34166,M,4339586.0,336725.0,34
201500008289,15,4,14,1030,1,1,1,1,6,34009,M,4348950.0,334972.0,34
201500008290,15,4,25,1500,1,1,1,2,5,34162,M,0.0,0.0,34
201500008291,15,6,10,1000,1,2,9,1,6,34199,M,4345572.0,342339.0,34
201500008292,15,8,20,1645,1,2,2,1,3,34166,M,4339739.0,336164.0,34
201500008293,15,9,22,1400,1,1,1,1,6,34063,M,4349816.0,337926.0,34
201500008294,15,11,13,915,1,1,1,1,3,34162,M,4348055.0,347204.0,34
201500008295,15,12,11,2000,5,2,1,1,1,34199,M,4345188.0,340661.0,34
201500008296,15,12,22,1045,1,2,1,1,6,34199,M,4345454.0,342180.0,34
201500008297,15,1,27,1015,1,1,1,5,1,34293,M,4356609.0,272115.0,34
201500008298,15,4,12,1045,1,1,1,1,6,34086,M,4347876.0,266833.0,34
201500008299,15,4,18,1545,1,1,1,1,6,34284,M,4348112.0,276770.0,34
201500008300,15,8,8,1500,1,1,1,2,5,34293,M,4359892.0,271510.0,34
201500008301,15,11,30,1015,1,2,1,1,6,34284,M,4348867.0,275948.0,34
201500008302,15,2,15,1315,1,1,1,2,6,34109,M,4352453.0,324908.0,34
201500008303,15,3,28,1845,1,1,2,1,3,34214,M,4348236.0,328943.0,34
201500008304,15,5,27,1545,1,1,1,1,1,34147,M,4345306.0,320827.0,34
201500008305,15,6,20,1400,1,1,1,1,6,34214,M,4346159.0,326911.0,34
201500008306,15,7,28,330,5,1,1,1,6,34300,M,4343608.0,329898.0,34
201500008307,15,8,22,215,3,1,1,1,6,34214,M,4346431.0,326833.0,34
201500008308,15,9,4,1700,1,1,1,1,3,34025,M,4341008.0,323907.0,34
201500008309,15,10,15,1200,1,1,1,1,6,34300,M,4343114.0,331439.0,34
201500008310,15,10,16,1730,1,2,1,1,1,34001,M,4344565.0,329593.0,34
201500008311,15,12,18,1315,1,1,1,1,1,34139,M,4342621.0,324816.0,34
201500008312,15,1,4,1830,3,1,1,1,7,34209,M,4331350.0,334003.0,34
201500008313,15,1,15,730,3,1,1,8,7,34209,M,4331311.0,333050.0,34
201500008314,15,2,4,1330,1,2,1,8,3,34298,M,4329620.0,325091.0,34
201500008315,15,2,8,630,3,1,1,1,6,34209,M,4331312.0,333039.0,34
201500008316,15,2,25,1930,3,1,1,1,3,34209,M,4352200.0,356300.0,34
201500008317,15,3,29,1215,1,1,1,1,1,34135,M,4328164.0,316254.0,34
201500008318,15,4,18,2115,3,1,1,1,1,34135,M,4325827.0,315988.0,34
201500008319,15,4,24,1730,1,1,1,1,6,34299,M,4329526.0,329147.0,34
201500008320,15,5,3,530,3,1,1,1,6,34299,M,4349600.0,348700.0,34
201500008321,15,7,28,1445,1,1,1,1,2,34209,M,4331325.0,333402.0,34
201500008322,15,8,13,930,1,2,1,2,1,34329,M,4326926.0,322038.0,34
201500008323,15,9,4,915,1,1,1,1,1,34299,M,0.0,0.0,34
201500008324,15,9,18,700,3,1,1,1,7,34209,M,4331342.0,333978.0,34
201500008325,15,4,2,900,1,2,1,1,6,34142,M,4372485.0,332176.0,34
201500008326,15,6,5,1830,1,2,1,1,3,34268,M,4371350.0,342183.0,34
201500008327,15,8,17,1245,1,1,1,1,3,34186,M,4365094.0,331500.0,34
201500008328,15,9,7,1800,1,1,1,1,6,34267,M,4370592.0,355699.0,34
201500008329,15,9,20,1000,1,2,1,1,1,34114,M,4365041.0,354580.0,34
201500008330,15,1,28,645,3,1,1,1,1,34031,M,4333805.0,344777.0,34
201500008331,15,3,3,1530,1,2,1,1,6,34150,M,4335552.0,352050.0,34
201500008332,15,3,12,345,3,1,1,1,6,34332,M,4330805.0,342750.0,34
201500008333,15,3,20,1700,1,2,1,1,6,34031,M,4336218.0,342440.0,34
201500008334,15,3,20,1715,1,1,1,1,6,34031,M,4330016.0,343479.0,34
201500008335,15,3,29,1815,1,2,6,1,3,34150,M,4335721.0,352235.0,34
201500008336,15,4,24,930,1,1,1,1,3,34332,M,4331430.0,336446.0,34
201500008337,15,7,14,1645,1,2,9,1,1,34150,M,4331806.0,353571.0,34
201500008338,15,8,13,1915,1,1,6,1,3,34101,M,4337110.0,349693.0,34
201500008339,15,8,15,1345,1,2,1,1,1,34150,M,4332125.0,353753.0,34
201500008340,15,8,16,1430,1,1,1,1,3,34031,M,4336874.0,341436.0,34
201500008341,15,9,11,2145,3,1,1,1,7,34150,M,4335642.0,385171.0,34
201500008342,15,9,29,1315,1,1,1,2,6,34166,M,4335193.0,335438.0,34
201500008343,15,11,20,1215,1,1,1,1,7,34101,M,4341228.0,344540.0,34
201500008344,15,1,15,1730,1,1,1,1,5,34165,M,4351333.0,367777.0,34
201500008345,15,12,3,1645,1,1,1,1,1,34113,M,4351264.0,372545.0,34
201500008346,15,12,26,2130,5,2,1,1,1,34023,M,4344123.0,368367.0,34
201500008347,15,1,4,1815,3,1,1,1,6,34157,M,4342259.0,354965.0,34
201500008348,15,1,15,2100,3,1,6,2,7,34157,M,4343972.0,357690.0,34
201500008349,15,4,21,1630,1,1,9,1,6,34213,M,4347366.0,368747.0,34
201500008350,15,6,9,1730,1,1,2,1,3,34143,M,4344365.0,363206.0,34
201500008351,15,8,12,1100,1,2,6,1,6,34157,M,4342755.0,360494.0,34
201500008352,15,8,26,1145,1,2,1,1,3,34157,M,4340275.0,360967.0,34
201500008353,15,9,19,1800,1,2,1,7,3,34157,M,4343053.0,360803.0,34
201500008354,15,10,9,830,1,2,1,1,1,34157,M,4343895.0,358713.0,34
201500008355,15,11,5,800,1,1,3,1,3,34213,M,4347442.0,367844.0,34
201500008356,15,12,5,700,2,1,1,1,7,34213,M,4347957.0,369532.0,34
201500008357,15,3,6,1745,1,1,1,1,6,11410,M,4326426.0,242276.0,11
201500008358,15,4,6,1630,1,1,1,1,1,11367,M,4339306.0,211904.0,11
201500008359,15,4,12,1830,1,2,1,1,6,11089,M,4332716.0,212135.0,11
201500008360,15,4,26,1200,1,1,1,1,7,11099,M,4328789.0,240429.0,11
201500008361,15,6,23,1415,1,1,1,1,1,11221,M,4341859.0,230626.0,11
201500008362,15,7,11,1915,1,2,1,1,6,11410,M,4325934.0,241778.0,11
201500008363,15,7,15,1730,1,1,1,1,7,11205,M,4330965.0,239260.0,11
201500008364,15,7,20,615,1,2,1,1,6,11115,M,4336670.0,226966.0,11
201500008365,15,7,25,1900,1,1,1,1,1,11367,M,4337888.0,214393.0,11
201500008366,15,8,21,1600,1,1,1,1,1,11279,M,4324441.0,229826.0,11
201500008367,15,9,13,1800,1,2,1,1,6,11280,M,4329733.0,268088.0,11
201500008368,15,10,19,615,3,1,1,8,7,11429,M,4324667.0,239305.0,11
201500008369,15,11,4,1830,3,1,1,1,6,11413,M,4332940.0,230603.0,11
201500008370,15,12,23,1330,1,1,1,1,1,11099,M,4325826.0,239508.0,11
201500008371,15,6,5,1800,1,1,1,1,7,11271,M,4295900.0,263400.0,11
201500008372,15,6,21,1900,1,1,1,1,6,11378,M,4309255.0,250739.0,11
201500008373,15,8,2,1245,1,1,1,1,7,11185,M,4308379.0,261589.0,11
201500008374,15,5,24,1545,1,2,1,1,7,11260,M,4295923.0,252729.0,11
201500008375,15,4,11,1700,1,2,1,1,1,11286,M,4329800.0,256900.0,11
201500008376,15,11,13,100,3,1,1,1,7,11081,M,4330539.0,252372.0,11
201500008377,15,1,25,1230,1,1,1,6,6,11076,M,4333300.0,195200.0,11
201500008378,15,4,9,1645,1,1,1,1,3,11313,M,4333729.0,188761.0,11
201500008379,15,6,6,1215,1,1,1,1,6,11076,M,4329900.0,196300.0,11
201500008380,15,10,8,1045,1,2,1,1,6,11076,M,4331718.0,195244.0,11
201500008381,15,12,4,1815,5,2,1,1,1,11076,M,4331238.0,195538.0,11
201500008382,15,1,15,2300,3,1,1,1,6,11049,M,4324148.0,213178.0,11
201500008383,15,2,8,345,3,1,1,1,6,11254,M,4322200.0,215800.0,11
201500008384,15,2,15,1515,1,1,1,2,7,11434,M,4327899.0,209342.0,11
201500008385,15,4,17,1700,1,1,1,1,3,11084,M,4321219.0,225110.0,11
201500008386,15,6,7,230,3,1,1,1,7,11018,M,4321210.0,223525.0,11
201500008387,15,6,9,1115,1,1,1,1,5,11084,M,4323600.0,227200.0,11
201500008388,15,6,23,1830,1,1,1,1,1,11199,M,4321200.0,226900.0,11
201500008389,15,8,1,630,1,1,1,1,6,11072,M,4320600.0,202500.0,11
201500008390,15,9,30,2030,5,2,1,1,6,11288,M,4325700.0,226900.0,11
201500008391,15,10,18,1630,1,2,1,1,3,11049,M,4324357.0,211701.0,11
201500008392,15,10,25,1500,1,1,1,1,1,11084,M,4321235.0,224269.0,11
201500008393,15,11,4,630,5,2,1,1,6,11153,M,4319700.0,209300.0,11
201500008394,15,10,31,1700,1,1,1,1,2,11254,M,4319417.0,212347.0,11
201500008395,15,1,15,2030,3,1,1,1,6,11236,M,4324769.0,170556.0,11
201500008396,15,5,29,1645,1,1,1,1,6,11226,M,4323700.0,183150.0,11
201500008397,15,7,27,1730,1,2,1,8,6,11033,M,0.0,0.0,11
201500008398,15,8,29,1530,1,1,1,1,7,11026,M,4333431.0,180974.0,11
201500008399,15,8,29,2030,2,1,1,1,6,11033,M,4320008.0,173397.0,11
201500008400,15,1,21,930,1,2,1,1,6,11344,M,4309517.0,231056.0,11
201500008401,15,2,23,1845,2,1,1,2,1,11293,M,4311400.0,228100.0,11
201500008402,15,3,5,1700,1,1,1,1,5,11197,M,4309178.0,218163.0,11
201500008403,15,4,16,2045,3,1,1,2,3,11058,M,4314143.0,212055.0,11
201500008404,15,5,12,1800,1,2,1,1,1,11206,M,4305400.0,222100.0,11
201500008405,15,6,26,1500,1,2,1,1,3,11206,M,4303300.0,220300.0,11
201500008406,15,7,7,145,3,2,1,1,6,11197,M,4310200.0,217300.0,11
201500008407,15,8,29,1445,1,2,1,1,6,11206,M,4305700.0,221600.0,11
201500008408,15,9,15,1945,2,2,1,1,6,11206,M,4305300.0,221000.0,11
201500008409,15,9,19,1345,1,1,4,1,3,11408,M,4312400.0,231300.0,11
201500008410,15,10,10,1645,1,1,1,1,7,11394,M,4302759.0,216431.0,11
201500008411,15,11,23,2230,3,1,1,1,6,11206,M,4312420.0,212736.0,11
201500008412,15,12,4,2115,3,1,1,1,6,11293,M,4310800.0,229900.0,11
201500008413,15,1,6,1130,1,1,1,1,6,11316,M,0.0,0.0,11
201500008414,15,2,4,930,1,2,1,4,1,11091,M,4298209.0,200267.0,11
201500008415,15,12,25,1700,1,1,1,1,6,11336,M,4295295.0,195564.0,11
201500008416,15,1,31,1500,1,1,1,2,3,11129,M,4293551.0,223498.0,11
201500008417,15,8,5,145,3,1,1,1,6,11377,M,4295028.0,233555.0,11
201500008418,15,9,18,900,1,1,1,1,1,11063,M,4291312.0,219912.0,11
201500008419,15,10,12,1400,1,1,1,1,6,11063,M,4289764.0,218586.0,11
201500008420,15,11,28,845,1,2,1,2,6,11304,M,4287453.0,218253.0,11
201500008421,15,1,17,1100,1,2,1,1,6,11106,M,4323277.0,305803.0,11
201500008422,15,2,14,1500,1,1,1,2,6,11040,M,4313529.0,287638.0,11
201500008423,15,2,19,1945,5,2,1,1,1,11116,M,4326016.0,301323.0,11
201500008424,15,3,7,1000,1,1,1,1,6,11255,M,4318635.0,291720.0,11
201500008425,15,3,6,1045,1,1,1,1,1,11262,M,4316017.0,305631.0,11
201500008426,15,3,11,1745,1,1,1,1,1,11269,M,4328147.0,296037.0,11
201500008427,15,4,15,900,1,1,1,1,3,11262,M,4316210.0,316823.0,11
201500008428,15,7,4,445,3,1,1,1,6,11116,M,4323831.0,300016.0,11
201500008429,15,7,10,400,3,1,1,1,7,11145,M,4322439.0,321296.0,11
201500008430,15,7,16,1500,1,1,1,1,3,11262,M,4315035.0,305204.0,11
201500008431,15,8,2,2145,3,1,1,1,6,11258,M,4321095.0,294334.0,11
201500008432,15,7,26,2200,3,1,1,1,7,11145,M,4323441.0,318820.0,11
201500008433,15,8,7,1345,1,1,1,1,5,11145,M,4321432.0,313406.0,11
201500008434,15,8,13,1945,2,1,1,8,5,11106,M,4322489.0,307736.0,11
201500008435,15,8,25,1515,1,2,1,1,6,11024,M,4311402.0,295066.0,11
201500008436,15,8,30,145,3,1,1,1,1,11170,M,4311742.0,308763.0,11
201500008437,15,9,26,400,3,1,1,1,6,11106,M,4322036.0,304078.0,11
201500008438,15,10,7,1215,1,1,1,1,7,11255,M,4321317.0,284913.0,11
201500008439,15,10,10,600,3,1,1,1,6,11106,M,4322548.0,304690.0,11
201500008440,15,11,16,1645,1,1,1,1,5,11024,M,4311891.0,295304.0,11
201500008441,15,11,27,1600,1,1,1,1,3,11106,M,4324902.0,306782.0,11
201500008442,15,12,13,830,1,1,1,1,3,11262,M,4322431.0,304546.0,11
201500008443,15,12,25,1830,3,1,1,1,3,11024,M,4313019.0,296232.0,11
201500008444,15,12,24,1730,2,1,1,1,1,11255,M,4316914.0,291467.0,11
201500008445,15,7,16,345,3,1,1,1,6,11431,M,4295000.0,276000.0,11
201500008446,15,8,13,1545,1,1,1,8,6,11152,M,4305447.0,281622.0,11
201500008447,15,10,4,1430,1,1,1,1,6,11401,M,4290970.0,270583.0,11
201500008448,15,5,1,1330,1,1,1,1,6,11132,M,4310000.0,272000.0,11
201500008449,15,5,8,1645,1,1,1,1,1,11212,M,4331957.0,283604.0,11
201500008450,15,5,24,345,3,1,1,1,6,11267,M,4319000.0,283500.0,11
201500008451,15,6,30,1130,1,1,1,1,7,11203,M,4323908.0,285422.0,11
201500008452,15,7,3,1445,1,1,2,1,3,11012,M,4331200.0,292900.0,11
201500008453,15,7,12,1630,1,2,1,1,6,11172,M,4326666.0,272601.0,11
201500008454,15,7,21,1215,1,2,1,1,2,11360,M,4324487.0,290325.0,11
201500008455,15,8,8,630,2,1,9,1,6,11353,M,4324800.0,291400.0,11
201500008456,15,10,31,930,1,1,1,1,3,11360,M,4326686.0,289854.0,11
201500008457,15,11,6,1915,3,1,1,1,1,11203,M,4322774.0,279425.0,11
201500008458,15,7,26,1715,1,1,1,1,2,11188,M,4299100.0,297700.0,11
201500008459,15,7,28,1315,1,2,2,1,3,11379,M,4302864.0,297523.0,11
201500008460,15,8,8,315,3,1,1,1,1,11379,M,4307287.0,294352.0,11
201500008461,15,12,27,2315,5,1,6,1,6,11266,M,4301903.0,304644.0,11
201500008462,15,3,16,30,3,1,6,2,7,30003,M,4356003.0,415315.0,30
201500008463,15,5,12,2300,3,1,6,1,6,30133,M,4355078.0,413982.0,30
201500008464,15,5,21,1730,1,2,1,6,6,30133,M,4352043.0,413112.0,30
201500008465,15,5,23,1515,1,1,6,1,3,30003,M,4357234.0,417453.0,30
201500008466,15,7,11,345,3,1,1,1,7,30276,M,4358731.0,422266.0,30
201500008467,15,7,28,300,2,1,1,1,7,30133,M,4354533.0,415531.0,30
201500008468,15,8,7,1545,1,2,1,1,1,30133,M,4351763.0,414117.0,30
201500008469,15,8,10,2345,3,1,6,1,6,30003,M,4357847.0,418684.0,30
201500008470,15,8,11,1730,1,2,1,1,3,30133,M,0.0,0.0,30
201500008471,15,8,15,1445,1,1,1,1,3,30276,M,4358327.0,423893.0,30
201500008472,15,10,31,1715,1,2,1,1,7,30003,M,4356834.0,418889.0,30
201500008473,15,12,5,2100,3,1,1,2,3,30276,M,4358113.0,426039.0,30
201500008474,15,12,8,1015,1,2,1,8,6,30133,M,0.0,0.0,30
201500008475,15,1,14,945,1,1,1,1,1,30138,M,4381561.0,424012.0,30
201500008476,15,2,14,1100,1,1,1,2,3,30114,M,4381450.0,409549.0,30
201500008477,15,5,17,1745,1,1,9,7,7,30249,M,4381131.0,421722.0,30
201500008478,15,6,27,800,1,1,1,1,6,30306,M,4382718.0,404699.0,30
201500008479,15,8,4,1800,1,1,1,1,6,30306,M,4382517.0,405063.0,30
201500008480,15,12,26,1900,3,1,1,1,1,30352,M,4380508.0,409752.0,30
201500008481,15,1,17,815,2,1,1,1,6,30156,M,4388088.0,443893.0,30
201500008482,15,2,17,2000,3,1,1,8,6,30155,M,4382287.0,446840.0,30
201500008483,15,4,13,1045,1,1,1,1,6,30156,M,4386409.0,442771.0,30
201500008484,15,4,21,1015,1,1,1,1,1,30156,M,4386373.0,443444.0,30
201500008485,15,5,23,930,1,1,1,1,6,30156,M,4387002.0,443917.0,30
201500008486,15,7,26,1645,1,2,1,1,1,30258,M,0.0,0.0,30
201500008487,15,8,23,2015,1,1,1,3,4,30258,M,4366680.0,437598.0,30
201500008488,15,9,11,1445,1,1,1,1,1,30258,M,4369909.0,442464.0,30
201500008489,15,9,18,1900,1,2,1,1,2,30258,M,4366903.0,444591.0,30
201500008490,15,11,4,1330,1,1,1,2,1,30258,M,4367184.0,440990.0,30
201500008491,15,1,17,845,1,1,1,1,1,30004,M,4371916.0,420506.0,30
201500008492,15,1,23,745,2,1,1,1,1,30347,M,4372457.0,427021.0,30
201500008493,15,2,28,1830,1,1,1,1,1,30347,M,4373606.0,427979.0,30
201500008494,15,4,14,1730,1,2,1,7,6,30004,M,4374240.0,418810.0,30
201500008495,15,4,20,700,2,1,1,2,1,30341,M,4354739.0,434864.0,30
201500008496,15,4,25,1800,1,1,1,1,1,30059,M,4368886.0,424023.0,30
201500008497,15,5,25,845,1,1,1,1,6,30341,M,0.0,0.0,30
201500008498,15,5,30,445,3,1,1,1,1,30059,M,4368879.0,424261.0,30
201500008499,15,5,20,700,1,2,1,1,1,30123,M,0.0,0.0,30
201500008500,15,6,2,345,3,1,1,1,7,30006,M,4370737.0,421236.0,30
201500008501,15,6,4,1830,1,2,1,7,1,30341,M,4365403.0,429563.0,30
201500008502,15,6,5,1645,1,1,1,1,1,30083,M,4371344.0,421869.0,30
201500008503,15,6,21,600,1,1,1,1,3,30006,M,4368700.0,419943.0,30
201500008504,15,6,29,900,1,1,1,1,1,30006,M,4368117.0,419355.0,30
201500008505,15,7,1,2100,1,2,1,1,6,30006,M,0.0,0.0,30
201500008506,15,7,21,1800,1,1,1,1,7,30341,M,4371586.0,428017.0,30
201500008507,15,8,1,300,3,1,1,1,6,30004,M,4371742.0,422128.0,30
201500008508,15,10,7,900,1,2,1,7,6,30006,M,4368791.0,421367.0,30
201500008509,15,11,16,600,3,1,2,1,3,30033,M,4365482.0,434368.0,30
201500008510,15,12,9,1100,1,1,1,1,6,30004,M,4372134.0,420898.0,30
201500008511,15,12,24,1600,1,1,1,8,6,30123,M,4371738.0,418001.0,30
201500008512,15,1,23,2000,5,2,6,1,3,30027,M,4407254.0,405213.0,30
201500008513,15,2,23,1030,1,1,1,1,6,30329,M,4406184.0,391849.0,30
201500008514,15,3,18,1545,1,1,1,1,1,30329,M,4407357.0,393822.0,30
201500008515,15,8,23,630,2,1,1,2,6,30329,M,4407611.0,392897.0,30
201500008516,15,2,2,1715,1,2,1,1,3,30307,M,4419632.0,404527.0,30
201500008517,15,2,27,145,3,1,1,2,7,30132,M,4422304.0,404444.0,30
201500008518,15,5,25,1445,1,2,1,1,1,30307,M,4420684.0,403538.0,30
201500008519,15,6,16,1330,1,2,1,2,6,30132,M,4422041.0,401790.0,30
201500008520,15,12,4,1330,1,2,1,1,3,30307,M,4420049.0,403651.0,30
201500008521,15,1,7,1130,1,1,1,9,7,30055,M,4412485.0,423071.0,30
201500008522,15,1,10,2115,3,1,1,1,5,30275,M,4411596.0,424811.0,30
201500008523,15,3,28,430,5,1,1,1,7,30223,M,4418409.0,413798.0,30
201500008524,15,4,3,1930,2,1,1,1,1,30270,M,4410844.0,402946.0,30
201500008525,15,4,11,1515,1,1,1,1,1,30294,M,4416096.0,411988.0,30
201500008526,15,4,30,1615,1,2,1,8,1,30284,M,4416227.0,407998.0,30
201500008527,15,5,6,1330,1,1,1,1,3,30223,M,4417810.0,417497.0,30
201500008528,15,6,3,1145,1,1,1,1,3,30305,M,4417321.0,414581.0,30
201500008529,15,6,29,1745,1,1,1,1,3,30305,M,4418419.0,418616.0,30
201500008530,15,7,4,1900,1,1,1,1,5,30294,M,4416370.0,412467.0,30
201500008531,15,12,28,1515,1,2,1,1,1,30305,M,4417724.0,416667.0,30
201500008532,15,1,25,555,5,2,1,1,6,30348,M,4405010.0,413938.0,30
201500008533,15,2,11,2215,3,1,1,1,6,30002,M,4396264.0,409825.0,30
201500008534,15,2,22,1445,1,1,1,1,7,30101,M,4408621.0,414845.0,30
201500008535,15,4,19,2215,3,1,1,1,7,30264,M,4404548.0,423228.0,30
201500008536,15,5,17,1330,1,1,1,1,6,30002,M,4395880.0,410917.0,30
201500008537,15,5,22,745,1,1,2,1,3,30267,M,4400058.0,407928.0,30
201500008538,15,5,26,845,1,1,2,1,3,30002,M,4395703.0,409924.0,30
201500008539,15,7,10,1530,1,2,1,1,3,30259,M,4410388.0,412789.0,30
201500008540,15,7,12,1545,1,1,1,1,1,30104,M,4396956.0,416159.0,30
201500008541,15,7,17,1700,1,1,1,1,2,30259,M,4410573.0,410005.0,30
201500008542,15,9,8,1030,1,1,1,1,7,30147,M,4401964.0,405455.0,30
201500008543,15,9,19,1700,1,1,1,1,7,30046,M,4399988.0,418022.0,30
201500008544,15,10,29,1545,1,1,1,1,1,30109,M,4406517.0,425000.0,30
201500008545,15,12,31,1145,1,2,1,2,1,30259,M,4407382.0,411738.0,30
201500008546,15,4,4,915,1,1,1,1,6,30316,M,4432569.0,401030.0,30
201500008547,15,4,6,1200,1,1,1,1,1,30201,M,4442153.0,398191.0,30
201500008548,15,4,28,1700,1,1,1,1,3,30080,M,4430496.0,398740.0,30
201500008549,15,6,20,1515,1,1,1,1,3,30153,M,4442743.0,403106.0,30
201500008550,15,8,8,900,1,1,1,1,6,30130,M,4436171.0,394137.0,30
201500008551,15,9,25,930,1,1,1,1,1,30153,M,4442519.0,398074.0,30
201500008552,15,10,5,1745,1,1,1,1,6,30080,M,4429453.0,398108.0,30