Num_Acc,an,mois,jour,hrmn,lum,agg,int,atm,col,com,gps,lat,long,dep
201500008553,15,10,10,1700,1,2,1,1,6,30345,M,4428770.0,400741.0,30
201500008554,15,1,25,730,2,1,1,1,6,30266,M,4424691.0,428619.0,30
201500008555,15,1,24,1615,1,1,1,1,7,30293,M,4428135.0,435035.0,30
201500008556,15,2,2,830,1,1,1,1,1,30237,M,4429316.0,418262.0,30
201500008557,15,2,19,1700,1,2,1,7,6,30227,M,4426623.0,419839.0,30
201500008558,15,3,4,1145,1,2,1,1,6,30227,M,0.0,0.0,30
201500008559,15,3,10,900,1,2,1,1,6,30227,M,4425205.0,420077.0,30
201500008560,15,4,24,2230,3,1,1,1,6,30008,M,4420307.0,424155.0,30
201500008561,15,5,3,1000,1,1,1,1,1,30048,M,4412940.0,431180.0,30
201500008562,15,5,17,1430,1,2,1,1,6,30029,M,4430729.0,434805.0,30
201500008563,15,5,22,1015,1,2,1,7,3,30029,M,4430524.0,435560.0,30
201500008564,15,5,24,100,3,1,1,1,7,30167,M,4427296.0,415279.0,30
201500008565,15,6,10,915,1,1,1,1,7,30227,M,4424024.0,418858.0,30
201500008566,15,6,14,1745,1,1,1,1,2,30152,M,4424173.0,417593.0,30
201500008567,15,7,21,1300,1,2,1,1,3,30037,M,4427696.0,413410.0,30
201500008568,15,8,9,300,3,1,1,2,6,30227,M,4424977.0,418130.0,30
201500008569,15,9,23,1800,1,1,1,1,7,30227,M,0.0,0.0,30
201500008570,15,10,5,2015,5,2,1,1,1,30029,M,4430674.0,434319.0,30
201500008571,15,11,8,1645,1,1,1,1,6,30218,M,4423683.0,426660.0,30
201500008572,15,11,14,1830,3,1,1,1,3,30008,M,4418828.0,420601.0,30
201500008573,15,11,23,1500,1,2,1,1,1,30268,M,4423547.0,413754.0,30
201500008574,15,12,21,800,2,1,1,2,3,30268,M,4423804.0,412361.0,30
201500008575,15,1,4,1900,3,1,1,1,6,30262,M,4403019.0,447600.0,30
201500008576,15,2,6,1145,1,1,1,1,6,30334,M,4401338.0,441439.0,30
201500008577,15,1,29,1715,2,2,1,1,6,30334,M,0.0,0.0,30
201500008578,15,2,28,315,3,1,1,1,7,30334,M,4401744.0,442878.0,30
201500008579,15,3,3,1615,1,1,4,1,3,30299,M,4402655.0,447006.0,30
201500008580,15,4,17,1900,1,2,1,1,7,30174,M,0.0,0.0,30
201500008581,15,5,18,1715,1,1,1,1,2,30109,M,4406516.0,424995.0,30
201500008582,15,6,1,1815,1,1,1,1,3,30030,M,4405459.0,428512.0,30
201500008583,15,6,9,1500,1,1,1,1,3,30337,M,4405693.0,447447.0,30
201500008584,15,6,18,1230,1,2,1,1,6,30334,M,0.0,0.0,30
201500008585,15,6,28,515,2,1,1,1,6,30334,M,4402041.0,443342.0,30
201500008586,15,7,4,1030,1,2,1,1,3,30334,M,4401132.0,441521.0,30
201500008587,15,7,14,1515,1,1,1,1,6,30111,M,4404666.0,429475.0,30
201500008588,15,7,15,1715,1,1,1,1,1,30343,M,4419060.0,448211.0,30
201500008589,15,7,22,900,1,1,1,1,1,30334,M,4400209.0,443147.0,30
201500008590,15,8,21,530,2,1,1,1,7,30014,M,4399355.0,434788.0,30
201500008591,15,9,20,1400,1,1,1,1,4,30286,M,0.0,0.0,30
201500008592,15,9,30,1715,1,1,1,1,2,30151,M,4415838.0,435904.0,30
201500008593,15,10,7,1715,1,2,1,1,3,30334,M,4402116.0,441484.0,30
201500008594,15,10,22,1200,1,1,2,1,1,30295,M,4404089.0,445450.0,30
201500008595,15,12,13,1145,1,1,1,2,6,30282,M,4413750.0,447486.0,30
201500008596,15,2,2,1045,1,1,1,1,2,30202,M,4425088.0,462218.0,30
201500008597,15,2,25,1230,1,1,1,6,6,30230,M,4423335.0,445252.0,30
201500008598,15,3,12,2300,3,1,1,1,7,30290,M,4427453.0,460292.0,30
201500008599,15,3,16,1330,1,1,1,1,7,30131,M,4419590.0,447773.0,30
201500008600,15,4,13,1500,1,1,1,1,2,30277,M,4421158.0,451816.0,30
201500008601,15,5,18,2015,1,1,9,1,3,30202,M,4427563.0,462537.0,30
201500008602,15,5,27,2145,5,2,1,1,3,30202,M,0.0,0.0,30
201500008603,15,6,24,1000,1,2,1,1,7,30202,M,4426746.0,463573.0,30
201500008604,15,7,27,545,2,1,1,1,1,30273,M,4428187.0,458795.0,30
201500008605,15,8,28,930,1,1,1,1,1,30226,M,4422011.0,463361.0,30
201500008606,15,9,1,915,1,2,9,1,7,30202,M,4425450.0,464928.0,30
201500008607,15,11,6,1630,1,2,1,7,6,30202,M,4424074.0,463996.0,30
201500008608,15,11,8,600,3,1,1,5,3,30226,M,4421901.0,463370.0,30
201500008609,15,11,9,2115,5,2,1,1,6,30202,M,4426361.0,464132.0,30
201500008610,15,11,13,1115,1,2,1,1,6,30202,M,0.0,0.0,30
201500008611,15,1,8,1745,5,1,1,1,1,30012,M,0.0,0.0,30
201500008612,15,1,9,2330,3,1,1,1,7,30336,M,4383208.0,464031.0,30
201500008613,15,1,30,615,3,1,1,6,7,30116,M,4391501.0,460997.0,30
201500008614,15,3,7,1015,1,2,1,1,7,30179,M,4387186.0,458989.0,30
201500008615,15,3,28,100,3,1,1,1,6,30346,M,4395651.0,453085.0,30
201500008616,15,4,5,900,1,1,1,1,1,30346,M,4395825.0,452117.0,30
201500008617,15,4,13,2215,5,2,6,1,3,30012,M,4389610.0,469041.0,30
201500008618,15,4,18,2015,2,2,1,1,7,30107,M,4393706.0,463724.0,30
201500008619,15,5,16,2145,3,1,1,1,6,30336,M,4384280.0,462156.0,30
201500008620,15,6,12,1930,1,1,1,8,1,30089,M,4384486.0,457211.0,30
201500008621,15,6,12,1615,1,1,1,3,1,30179,M,4387518.0,460726.0,30
201500008622,15,6,19,1145,1,1,1,1,1,30166,M,4389140.0,457413.0,30
201500008623,15,6,21,1830,1,1,1,1,6,30012,M,4389458.0,469119.0,30
201500008624,15,7,1,1515,1,2,1,1,5,30340,M,4400253.0,457853.0,30
201500008625,15,7,5,1600,1,1,1,1,6,30346,M,4395971.0,451883.0,30
201500008626,15,7,14,1230,1,2,2,1,3,30073,M,4396990.0,455445.0,30
201500008627,15,7,25,2215,3,1,1,1,6,30340,M,4402095.0,458180.0,30
201500008628,15,8,4,745,1,1,1,2,7,30116,M,4394131.0,461623.0,30
201500008629,15,8,13,830,1,1,1,1,3,30336,M,4387996.0,462844.0,30
201500008630,15,9,17,545,3,1,1,2,5,30116,M,4394033.0,461005.0,30
201500008631,15,9,21,945,1,2,1,1,3,30179,M,4387042.0,458423.0,30
201500008632,15,10,4,1745,1,1,1,1,6,30346,M,4395614.0,453195.0,30
201500008633,15,12,6,2100,3,1,1,1,6,30346,M,4395922.0,451961.0,30
201500008634,15,2,21,1700,1,2,1,2,1,30312,M,4401063.0,480522.0,30
201500008635,15,3,12,1920,3,1,1,1,1,30254,M,4406188.0,473195.0,30
201500008636,15,3,16,1645,1,1,1,1,4,30326,M,4401143.0,469030.0,30
201500008637,15,4,6,400,5,2,1,1,6,30209,M,4401095.0,480091.0,30
201500008638,15,7,10,830,1,1,1,1,2,30278,M,4406179.0,470866.0,30
201500008639,15,7,13,2200,3,1,1,1,7,30149,M,4403289.0,469346.0,30
201500008640,15,8,28,1715,1,1,1,1,2,30221,M,4402377.0,474662.0,30
201500008641,15,10,19,215,3,1,1,2,6,30221,M,4401990.0,474267.0,30
201500008642,15,10,25,1830,2,2,1,1,2,30217,M,4396531.0,470629.0,30
201500008643,15,11,10,2230,3,1,1,1,7,30326,M,4400808.0,473166.0,30
201500008644,15,11,14,1830,5,1,1,1,1,30326,M,4400764.0,473494.0,30
201500008645,15,3,3,1900,3,1,1,1,5,30233,M,4392368.0,417833.0,30
201500008646,15,3,4,1030,1,1,1,8,3,30193,M,4387017.0,421308.0,30
201500008647,15,3,30,1615,1,1,1,1,6,30189,M,4391905.0,438913.0,30
201500008648,15,4,3,1530,1,1,1,1,1,30126,M,4399003.0,429183.0,30
201500008649,15,4,7,1715,1,1,1,1,5,30241,M,4395646.0,427042.0,30
201500008650,15,6,17,1700,1,1,1,1,2,30046,M,4397250.0,420827.0,30
201500008651,15,6,19,1545,1,2,1,1,1,30021,M,0.0,0.0,30
201500008652,15,6,30,1945,1,1,1,1,3,30313,M,4395769.0,424048.0,30
201500008653,15,7,15,1445,1,2,1,1,3,30184,M,4398138.0,422959.0,30
201500008654,15,7,23,1930,1,1,1,7,1,30126,M,4399219.0,432531.0,30
201500008655,15,8,2,1430,1,1,1,1,6,30102,M,4391833.0,428487.0,30
201500008656,15,8,5,1930,1,1,1,1,1,30189,M,4391841.0,438848.0,30
201500008657,15,8,11,1345,1,1,3,1,3,30281,M,4388311.0,419399.0,30
201500008658,15,8,12,1315,1,2,1,1,1,30228,M,4394349.0,435893.0,30
201500008659,15,10,10,1000,1,1,1,1,4,30281,M,4388398.0,419455.0,30
201500008660,15,11,13,1630,1,1,1,7,3,30228,M,4394128.0,431312.0,30
201500008661,15,1,18,145,3,1,1,1,6,30272,M,4397644.0,368617.0,30
201500008662,15,6,3,730,1,2,9,1,5,30229,M,4400101.0,366069.0,30
201500008663,15,9,19,1200,1,1,1,1,3,30009,M,4396819.0,344307.0,30
201500008664,15,5,28,1415,1,2,1,1,6,30140,M,0.0,0.0,30
201500008665,15,7,11,1130,1,2,1,1,3,30140,M,4404622.0,385597.0,30
201500008666,15,8,17,945,1,1,1,1,7,30195,M,4410914.0,381996.0,30
201500008667,15,2,19,2145,5,2,6,1,7,30210,M,4391702.0,399358.0,30
201500008668,15,3,15,1800,2,1,1,2,6,30314,M,4396224.0,406899.0,30
201500008669,15,6,4,1645,1,1,1,1,1,30054,M,4385791.0,397011.0,30
201500008670,15,7,1,1400,1,1,1,1,5,30093,M,4396048.0,390025.0,30
201500008671,15,10,17,1115,1,1,1,1,1,30148,M,4389494.0,400912.0,30
201500008672,15,12,4,1615,1,2,1,1,1,30263,M,4396142.0,385718.0,30
201500008673,15,5,12,1400,1,1,1,1,1,48111,M,0.0,0.0,48
201500008674,15,3,17,1715,1,2,1,2,6,48080,M,0.0,0.0,48
201500008675,15,4,30,1430,1,1,1,1,7,48070,M,0.0,0.0,48
201500008676,15,6,25,945,1,2,1,1,3,48080,M,0.0,0.0,48
201500008677,15,8,15,2015,1,1,2,1,3,48043,M,0.0,0.0,48
201500008678,15,8,25,1230,1,2,1,1,6,48010,M,4475315.0,372811.0,48
201500008679,15,4,11,1700,1,1,1,1,1,48135,M,4441700.0,393600.0,48
201500008680,15,4,11,1945,1,1,1,1,1,48135,M,4440800.0,393300.0,48
201500008681,15,11,17,1300,1,1,1,1,6,48198,M,4445500.0,393300.0,48
201500008682,15,8,8,1300,1,2,3,1,3,48061,M,0.0,0.0,48
201500008683,15,8,20,1645,1,1,1,1,6,48162,M,0.0,0.0,48
201500008684,15,11,5,1315,1,1,1,1,6,48116,M,0.0,0.0,48
201500008685,15,11,8,1600,1,1,1,1,6,48162,M,0.0,0.0,48
201500008686,15,11,29,1100,1,2,4,1,3,48061,M,4433010.0,359079.0,48
201500008687,15,5,2,1430,1,1,1,1,7,48067,M,4417850.0,371000.0,48
201500008688,15,5,9,1645,1,1,1,1,7,48115,M,0.0,0.0,48
201500008689,15,5,12,2200,3,1,1,1,6,48148,M,0.0,0.0,48
201500008690,15,7,2,1100,1,1,1,1,6,48148,M,4419180.0,384122.0,48
201500008691,15,7,5,1715,1,1,1,1,6,48036,M,0.0,0.0,48
201500008692,15,8,14,1530,1,1,1,1,7,48178,M,0.0,0.0,48
201500008693,15,8,18,1915,2,1,1,1,3,48097,M,0.0,0.0,48
201500008694,15,5,23,1015,1,1,1,1,6,48146,M,0.0,0.0,48
201500008695,15,6,19,1115,1,1,1,1,6,48176,M,0.0,0.0,48
201500008696,15,10,9,1600,1,1,1,1,3,48094,M,0.0,0.0,48
201500008697,15,11,4,745,1,1,1,8,7,48074,M,0.0,0.0,48
201500008698,15,1,17,830,1,1,1,1,1,48049,M,0.0,0.0,48
201500008699,15,6,4,1200,1,1,1,7,6,48187,M,0.0,0.0,48
201500008700,15,6,19,1415,1,1,1,1,6,48063,M,4472000.0,337300.0,48
201500008701,15,8,8,1445,1,1,1,3,6,48091,M,0.0,0.0,48
201500008702,15,8,23,1600,1,1,1,2,7,48001,M,0.0,0.0,48
201500008703,15,12,6,300,3,1,1,9,7,48104,M,0.0,0.0,48
201500008704,15,4,20,1715,1,1,1,1,6,48121,M,4482805.0,333110.0,48
201500008705,15,4,26,330,3,1,1,1,6,48002,M,4487800.0,325700.0,48
201500008706,15,8,19,1800,1,1,1,1,3,48177,M,4483300.0,330900.0,48
201500008707,15,10,19,1300,1,1,1,1,3,48128,M,4478600.0,328800.0,48
201500008708,15,12,9,1430,1,1,1,1,2,48177,M,4484500.0,331900.0,48
201500008709,15,1,2,1630,1,1,9,1,1,66037,M,0.0,0.0,66
201500008710,15,1,25,1420,1,2,1,1,7,66037,M,4270395.0,303767.0,66
201500008711,15,2,13,2145,5,2,1,1,6,66037,M,0.0,0.0,66
201500008712,15,3,19,1130,1,2,1,1,1,66037,M,4269774.0,303238.0,66
201500008713,15,5,4,400,1,1,1,1,1,66037,M,4268738.0,303465.0,66
201500008714,15,6,7,1115,1,2,1,1,3,66037,M,0.0,0.0,66
201500008715,15,6,12,1545,1,2,1,1,3,66037,M,0.0,0.0,66
201500008716,15,7,25,1745,1,2,1,1,2,66182,M,4272875.0,302384.0,66
201500008717,15,8,29,630,2,1,1,1,5,66037,M,0.0,0.0,66
201500008718,15,2,27,1600,1,2,1,1,6,66065,M,4259890.0,297695.0,66
201500008719,15,7,1,1630,1,1,1,1,5,66026,M,0.0,0.0,66
201500008720,15,5,9,1945,2,1,1,7,6,66107,M,0.0,0.0,66
201500008721,15,5,12,1915,1,1,1,1,6,66107,M,0.0,0.0,66
201500008722,15,5,18,1130,1,1,1,1,1,66107,M,0.0,0.0,66
201500008723,15,7,1,430,3,1,1,1,6,66071,M,0.0,0.0,66
201500008724,15,7,21,1730,1,1,1,1,5,66187,M,0.0,0.0,66
201500008725,15,8,24,1615,1,1,1,1,7,66046,M,0.0,0.0,66
201500008726,15,3,27,2000,3,1,1,1,3,66108,M,0.0,0.0,66
201500008727,15,9,12,1700,1,1,1,1,6,66108,M,0.0,0.0,66
201500008728,15,4,15,1030,1,1,1,1,1,66190,M,0.0,0.0,66
201500008729,15,5,2,1530,1,1,1,1,4,66164,M,0.0,0.0,66
201500008730,15,8,14,1630,1,1,1,1,3,66190,M,0.0,0.0,66
201500008731,15,9,26,1115,1,1,1,1,6,66190,M,4283527.0,290954.0,66
201500008732,15,10,24,2045,3,1,1,1,2,66164,M,0.0,0.0,66
201500008733,15,10,31,900,1,1,1,1,1,66231,M,0.0,0.0,66
201500008734,15,12,14,700,2,1,1,1,7,66069,M,0.0,0.0,66
201500008735,15,5,23,1030,1,2,1,1,6,66171,M,4262927.0,303214.0,66
201500008736,15,6,21,345,1,2,1,1,7,66171,M,0.0,0.0,66
201500008737,15,12,28,1615,1,2,6,7,1,66002,M,4263966.0,297330.0,66
201500008738,15,2,10,1045,1,2,1,1,6,66212,M,4275792.0,299166.0,66
201500008739,15,3,5,1530,1,2,1,1,3,66180,M,4277410.0,299003.0,66
201500008740,15,4,15,715,1,1,1,1,2,66180,M,0.0,0.0,66
201500008741,15,6,20,130,3,1,1,1,1,66212,M,0.0,0.0,66
201500008742,15,7,14,730,1,1,1,1,7,66212,M,0.0,0.0,66
201500008743,15,7,21,1200,1,2,1,1,1,66017,M,4282437.0,303515.0,66
201500008744,15,8,14,515,3,1,1,1,6,66212,M,0.0,0.0,66
201500008745,15,12,21,1245,1,2,1,1,6,66017,M,4278733.0,303486.0,66
201500008746,15,2,13,1915,4,2,1,1,6,66226,M,0.0,0.0,66
201500008747,15,3,7,1715,1,1,1,1,2,66144,M,0.0,0.0,66
201500008748,15,3,14,1845,1,2,1,6,6,66101,M,4262013.0,277192.0,66
201500008749,15,4,26,1915,1,1,1,1,1,66217,M,0.0,0.0,66
201500008750,15,4,30,745,1,1,1,1,3,66210,M,0.0,0.0,66
201500008751,15,5,4,745,2,1,1,1,7,66177,M,0.0,0.0,66
201500008752,15,5,8,1745,1,1,1,1,7,66084,M,0.0,0.0,66
201500008753,15,7,2,600,2,1,1,1,7,66101,M,0.0,0.0,66
201500008754,15,7,4,1130,1,1,1,1,1,66217,M,4261240.0,280450.0,66
201500008755,15,7,23,1000,1,1,1,1,3,66210,M,4262967.0,274226.0,66
201500008756,15,10,24,2300,5,2,1,1,1,66134,M,0.0,0.0,66
201500008757,15,11,10,915,1,2,1,7,6,66226,M,4258931.0,283772.0,66
201500008758,15,2,11,1400,1,1,1,1,6,66009,M,0.0,0.0,66
201500008759,15,8,1,1845,1,1,1,1,7,66009,M,0.0,0.0,66
201500008760,15,11,23,1415,1,2,1,1,6,66009,M,0.0,0.0,66
201500008761,15,1,2,1100,1,2,1,1,6,66008,M,4254926.0,301905.0,66
201500008762,15,6,7,1645,1,1,1,1,5,66008,M,0.0,0.0,66
201500008763,15,7,12,2315,3,2,1,1,6,66008,M,0.0,0.0,66
201500008764,15,7,31,2245,5,2,1,3,1,66168,M,4254962.0,297643.0,66
201500008765,15,12,16,1615,1,2,6,7,6,66008,M,4255134.0,300956.0,66
201500008766,15,4,20,2145,3,1,1,1,6,66196,M,4253623.0,298619.0,66
201500008767,15,6,4,2200,3,1,1,1,1,66225,M,0.0,0.0,66
201500008768,15,8,10,700,1,1,1,1,6,66175,M,4254289.0,291222.0,66
201500008769,15,9,7,2200,3,1,1,1,6,66115,M,0.0,0.0,66
201500008770,15,10,2,530,3,1,1,1,5,66175,M,0.0,0.0,66
201500008771,15,11,10,2215,3,1,1,1,7,66133,M,0.0,0.0,66
201500008772,15,4,18,845,2,1,1,1,3,66106,M,0.0,0.0,66
201500008773,15,5,10,1900,1,1,1,1,2,66137,M,0.0,0.0,66
201500008774,15,6,2,1330,1,2,1,1,6,66137,M,0.0,0.0,66
201500008775,15,7,5,2300,3,1,1,1,7,66106,M,0.0,0.0,66
201500008776,15,7,16,800,1,1,1,1,1,66106,M,0.0,0.0,66
201500008777,15,7,24,800,1,1,1,1,1,66106,M,0.0,0.0,66
201500008778,15,7,24,2015,2,1,1,8,3,66106,M,0.0,0.0,66
201500008779,15,8,26,1700,1,2,1,1,3,66024,M,0.0,0.0,66
201500008780,15,12,19,1600,1,2,1,1,6,66137,M,4246393.0,286318.0,66
201500008781,15,3,2,1200,1,1,1,7,7,66048,M,0.0,0.0,66
201500008782,15,6,11,1745,1,1,1,1,1,66053,M,0.0,0.0,66
201500008783,15,8,11,200,3,1,1,1,6,66016,M,4247761.0,313926.0,66
201500008784,15,11,20,1030,1,1,1,1,2,66148,M,0.0,0.0,66
201500008785,15,6,19,2100,2,1,1,1,3,66090,M,0.0,0.0,66
201500008786,15,1,22,1030,1,2,2,1,6,66124,M,0.0,0.0,66
201500008787,15,3,1,1745,2,1,1,8,1,66105,M,0.0,0.0,66
201500008788,15,5,24,2000,1,1,1,1,6,66082,M,0.0,0.0,66
201500008789,15,8,18,1000,1,1,1,2,1,66192,M,0.0,0.0,66
201500008790,15,5,23,1015,1,1,1,1,3,66027,M,0.0,0.0,66
201500008791,15,6,2,2030,1,2,1,1,6,66023,M,0.0,0.0,66
201500008792,15,7,3,1345,1,2,1,1,6,66088,M,0.0,0.0,66
201500008793,15,11,30,945,1,1,2,1,1,66165,M,0.0,0.0,66
201500008794,15,1,24,1045,1,1,1,1,3,20228,M,4183486.0,877880.0,201
201500008795,15,3,16,1830,3,2,1,2,7,20130,M,4190469.0,881435.0,201
201500008796,15,11,30,1100,1,2,1,1,6,20228,M,4189996.0,881056.0,201
201500008797,15,5,13,745,1,1,1,1,3,20209,M,0.0,0.0,201
201500008798,15,6,19,1300,1,1,3,1,3,20271,M,4195842.0,880337.0,201
201500008799,15,6,21,1800,1,1,1,3,1,20040,M,4210700.0,910500.0,201
201500008800,15,7,6,930,1,1,1,1,2,20271,M,4195269.0,880332.0,201
201500008801,15,7,24,1815,1,1,1,1,6,20271,M,4198346.0,884061.0,201
201500008802,15,8,3,1030,1,1,9,7,3,20271,M,4195677.0,879952.0,201
201500008803,15,9,28,400,3,1,1,1,7,20017,M,4201452.0,873357.0,201
201500008804,15,10,3,1045,1,1,1,1,1,20271,M,4198759.0,884294.0,201
201500008805,15,11,7,1215,1,1,1,1,1,20323,M,4201317.0,888400.0,201
201500008806,15,11,11,1645,1,1,1,1,1,20006,M,4197170.0,877927.0,201
201500008807,15,11,23,1030,1,2,1,1,5,20209,M,4201800.0,887200.0,201
201500008808,15,12,26,1400,1,1,1,1,1,20062,M,4202800.0,891700.0,201
201500008809,15,6,22,1900,1,1,1,1,6,20212,M,4222225.0,863720.0,201
201500008810,15,9,22,1000,1,1,1,1,1,20212,M,4225882.0,867681.0,201
201500008811,15,5,12,1915,1,2,1,1,7,20215,M,0.0,0.0,201
201500008812,15,8,29,300,3,1,1,1,7,20163,M,4150790.0,902284.0,201
201500008813,15,9,10,930,1,2,1,1,6,20041,M,4138803.0,915904.0,201
201500008814,15,10,9,1900,3,1,1,3,7,20163,M,0.0,0.0,201
201500008815,15,10,10,1445,1,1,1,2,1,20114,M,4149295.0,908011.0,201
201500008816,15,12,22,1430,1,2,1,1,6,20247,M,0.0,0.0,201
201500008817,15,1,11,600,3,1,1,1,2,20247,M,0.0,0.0,201
201500008818,15,1,23,2100,1,1,1,1,2,20247,M,4160246.0,926818.0,201
201500008819,15,2,12,1900,1,1,1,1,1,20247,M,4159761.0,932322.0,201
201500008820,15,2,19,830,1,1,1,1,6,20247,M,4159987.0,920655.0,201
201500008821,15,3,29,1430,1,2,2,1,1,20247,M,4160211.0,927874.0,201
201500008822,15,5,1,2145,5,2,1,1,6,20247,M,4160344.0,927528.0,201
201500008823,15,5,11,1730,1,1,1,1,1,20247,M,4157986.0,925152.0,201
201500008824,15,6,30,430,3,1,1,1,2,20247,M,4152083.0,925949.0,201
201500008825,15,7,18,1030,1,1,1,1,3,20288,M,4155132.0,921272.0,201
201500008826,15,7,28,1545,1,1,1,1,3,20247,M,0.0,0.0,201
201500008827,15,8,25,315,3,1,1,1,7,20247,M,4162778.0,930483.0,201
201500008828,15,8,30,2345,3,2,1,1,7,20247,M,4159232.0,928052.0,201
201500008829,15,9,27,245,5,2,4,1,1,20247,M,4158039.0,927542.0,201
201500008830,15,10,1,1515,1,1,1,1,1,20247,M,4159374.0,926277.0,201
201500008831,15,10,8,1915,5,2,1,1,1,20247,M,4159886.0,927787.0,201
201500008832,15,10,25,1515,1,1,1,1,1,20247,M,4157162.0,927770.0,201
201500008833,15,12,9,615,3,1,1,1,6,20247,M,4154600.0,926900.0,201
201500008834,15,6,29,1815,1,1,1,7,1,20272,M,0.0,0.0,201
201500008835,15,7,21,1215,1,1,1,1,2,20272,M,0.0,0.0,201
201500008836,15,9,17,1830,1,1,1,1,3,20035,M,0.0,0.0,201
201500008837,15,6,6,1300,1,1,1,1,1,20024,M,4176833.0,905431.0,201
201500008838,15,4,21,1400,1,1,1,1,7,20132,M,4182500.0,893633.0,201
201500008839,15,1,23,1700,1,1,1,1,1,20189,M,4170610.0,883216.0,201
201500008840,15,2,13,1530,1,2,1,1,2,20249,M,4167775.0,891278.0,201
201500008841,15,11,27,730,1,2,1,1,6,20272,M,4162213.0,897136.0,201
201500008842,15,11,27,1730,3,1,1,1,6,20189,M,4168987.0,891890.0,201
201500008843,15,3,8,1145,1,1,1,1,1,20148,M,0.0,0.0,202
201500008844,15,4,9,1215,1,2,1,1,1,20042,M,0.0,0.0,202
201500008845,15,5,5,1445,1,1,1,1,2,20148,M,0.0,0.0,202
201500008846,15,5,18,700,2,1,1,1,1,20355,M,0.0,0.0,202
201500008847,15,5,29,15,3,1,3,1,3,20042,M,0.0,0.0,202
201500008848,15,8,5,1900,1,1,1,1,6,20148,M,0.0,0.0,202
201500008849,15,8,21,1030,1,1,1,1,3,20148,M,0.0,0.0,202
201500008850,15,9,27,1345,1,2,1,1,1,20350,M,0.0,0.0,202
201500008851,15,10,1,700,2,1,1,2,1,20355,M,0.0,0.0,202
201500008852,15,10,3,1015,1,1,1,1,6,20355,M,0.0,0.0,202
201500008853,15,10,22,1100,1,1,1,1,6,20042,M,0.0,0.0,202
201500008854,15,10,24,1345,1,2,1,1,3,20148,M,0.0,0.0,202
201500008855,15,11,1,1300,1,1,1,1,1,20148,M,0.0,0.0,202
201500008856,15,11,24,1100,1,1,1,1,3,20350,M,0.0,0.0,202
201500008857,15,11,28,1845,5,2,1,1,1,20148,M,0.0,0.0,202
201500008858,15,10,28,2330,5,2,1,8,1,20305,M,0.0,0.0,202
201500008859,15,11,4,1730,5,2,1,8,6,20305,M,0.0,0.0,202
201500008860,15,2,16,1200,1,2,1,3,6,20109,M,0.0,0.0,202
201500008861,15,5,21,1145,1,1,1,1,7,20185,M,4262400.0,934700.0,202
201500008862,15,8,24,1045,1,2,1,1,7,20298,M,0.0,0.0,202
201500008863,15,8,31,1630,1,2,1,1,3,20298,M,0.0,0.0,202
201500008864,15,9,11,2300,3,1,1,1,6,20298,M,0.0,0.0,202
201500008865,15,12,14,1300,1,1,1,1,7,20183,M,0.0,0.0,202
201500008866,15,12,24,1645,1,1,1,1,1,20029,M,0.0,0.0,202
201500008867,15,4,14,1545,1,1,1,1,3,20121,M,4268600.0,812900.0,202
201500008868,15,7,22,2100,2,2,1,1,6,20050,M,4293800.0,826099.0,202
201500008869,15,7,26,800,1,2,1,1,6,20150,M,4295000.0,838299.0,202
201500008870,15,8,9,1130,1,2,1,1,3,20050,M,0.0,0.0,202
201500008871,15,5,11,1715,1,1,1,7,2,20093,M,0.0,0.0,202
201500008872,15,6,19,930,1,1,1,1,1,20093,M,0.0,0.0,202
201500008873,15,6,25,1215,1,1,1,1,5,20093,M,0.0,0.0,202
201500008874,15,8,9,700,2,2,1,1,7,20020,M,0.0,0.0,202
201500008875,15,12,4,1815,3,1,1,1,5,20010,M,4201100.0,844100.0,202
201500008876,15,1,14,1300,1,1,1,1,6,20201,M,0.0,0.0,202
201500008877,15,3,10,800,1,2,1,1,3,20074,M,0.0,0.0,202
201500008878,15,3,13,1600,1,1,1,1,1,20096,M,0.0,0.0,202
201500008879,15,3,25,645,1,1,1,2,6,20201,M,0.0,0.0,202
201500008880,15,4,13,2045,3,1,1,1,1,20096,M,0.0,0.0,202
201500008881,15,5,5,1830,1,2,1,1,6,20096,M,0.0,0.0,202
201500008882,15,5,11,1415,1,2,9,1,2,20096,M,0.0,0.0,202
201500008883,15,5,11,2315,3,1,1,1,7,20096,M,0.0,0.0,202
201500008884,15,6,16,800,1,2,1,1,6,20096,M,0.0,0.0,202
201500008885,15,7,11,1630,1,1,1,1,6,20341,M,0.0,0.0,202
201500008886,15,8,3,1515,1,1,1,1,6,20126,M,0.0,0.0,202
201500008887,15,8,6,645,1,2,1,1,7,20096,M,0.0,0.0,202
201500008888,15,9,13,1000,1,1,1,8,5,20126,M,0.0,0.0,202
201500008889,15,9,15,1145,1,1,1,1,1,20341,M,0.0,0.0,202
201500008890,15,9,19,1030,1,1,1,1,4,20354,M,0.0,0.0,202
201500008891,15,9,29,1200,1,1,1,1,1,20354,M,4212000.0,913100.0,202
201500008892,15,12,21,145,3,1,1,1,7,20201,M,0.0,0.0,202
201500008893,15,6,3,1645,1,1,1,1,7,20007,M,0.0,0.0,202
201500008894,15,8,14,1545,1,1,1,1,3,20047,M,0.0,0.0,202
201500008895,15,12,14,1945,3,1,1,1,6,20073,M,0.0,0.0,202
201500008896,15,2,6,600,3,1,1,3,7,20220,M,0.0,0.0,202
201500008897,15,2,16,1200,1,1,1,3,7,20136,M,0.0,0.0,202
201500008898,15,3,14,1745,2,1,1,3,5,20169,M,0.0,0.0,202
201500008899,15,3,18,600,2,1,1,2,1,20079,M,0.0,0.0,202