Num_Acc,an,mois,jour,hrmn,lum,agg,int,atm,col,com,gps,lat,long,dep
201500008900,15,5,21,1400,1,1,1,1,3,20193,M,4235400.0,916800.0,202
201500008901,15,5,25,1700,1,1,1,1,7,20169,M,4276000.0,935900.0,202
201500008902,15,5,26,1500,1,1,1,1,1,20059,M,0.0,0.0,202
201500008903,15,6,19,800,1,1,1,1,5,20289,M,0.0,0.0,202
201500008904,15,7,21,2000,1,1,1,1,7,20332,M,0.0,0.0,202
201500008905,15,8,17,1315,1,1,1,1,6,20193,M,0.0,0.0,202
201500008906,15,8,28,45,3,1,1,1,7,20332,M,0.0,0.0,202
201500008907,15,9,29,1130,1,1,1,1,5,20220,M,0.0,0.0,202
201500008908,15,11,1,445,3,1,1,1,7,20169,M,0.0,0.0,202
201500008909,15,1,6,1315,1,1,1,1,1,20135,M,0.0,0.0,202
201500008910,15,1,25,1715,1,2,1,1,2,20251,M,0.0,0.0,202
201500008911,15,1,25,2115,3,1,1,1,6,20342,M,0.0,0.0,202
201500008912,15,3,10,1200,1,2,1,1,2,20123,M,0.0,0.0,202
201500008913,15,4,8,1715,1,2,1,1,5,20342,M,0.0,0.0,202
201500008914,15,8,2,15,5,2,9,1,1,20251,M,0.0,0.0,202
201500008915,15,8,31,815,1,1,1,1,1,20342,M,0.0,0.0,202
201500008916,15,9,3,1430,1,1,1,1,7,20123,M,0.0,0.0,202
201500008917,15,6,29,1345,1,1,1,1,1,20087,M,0.0,0.0,202
201500008918,15,7,17,315,5,2,1,1,3,20307,M,0.0,0.0,202
201500008919,15,8,8,830,1,1,1,1,7,20303,M,0.0,0.0,202
201500008920,15,10,20,1215,1,1,1,1,7,20087,M,0.0,0.0,202
201500008921,15,11,10,1300,1,1,1,1,6,20347,M,0.0,0.0,202
201500008922,15,3,4,1915,2,1,6,2,6,20242,M,0.0,0.0,202
201500008923,15,6,18,1845,1,2,9,1,6,20207,M,0.0,0.0,202
201500008924,15,6,25,1845,1,2,6,1,6,20207,M,0.0,0.0,202
201500008925,15,8,15,1100,1,1,1,1,3,20318,M,0.0,0.0,202
201500008926,15,10,8,1430,1,2,1,1,6,20319,M,0.0,0.0,202
201500008927,15,10,22,1645,1,1,1,1,1,20343,M,0.0,0.0,202
201500008928,15,12,16,1030,1,1,1,1,1,20318,M,0.0,0.0,202
201500008929,15,3,16,1900,2,1,1,1,7,05023,M,4490976.0,666503.0,05
201500008930,15,1,20,215,5,2,1,4,6,05023,M,4490545.0,663555.0,05
201500008931,15,1,30,727,2,1,1,4,1,05023,M,4489246.0,662940.0,05
201500008932,15,5,24,1225,1,2,4,1,3,05023,M,4489281.0,662867.0,05
201500008933,15,3,5,855,1,2,1,1,5,05023,M,4490500.0,662814.0,05
201500008934,15,6,17,1550,1,2,3,1,3,05023,M,4489108.0,662901.0,05
201500008935,15,7,5,900,1,2,6,1,6,05023,M,4489665.0,663479.0,05
201500008936,15,7,8,1447,1,2,9,1,2,05023,M,4490365.0,662851.0,05
201500008937,15,7,8,1010,1,1,3,1,6,05023,M,4490176.0,664609.0,05
201500008938,15,9,28,1315,1,2,3,1,3,05023,M,4490060.0,664066.0,05
201500008939,15,11,1,1630,1,2,4,1,3,05023,M,4491655.0,662239.0,05
201500008940,15,10,30,1150,1,2,1,1,6,05023,M,4489566.0,663299.0,05
201500008941,15,12,14,1400,1,2,6,1,6,05023,M,4489490.0,663666.0,05
201500008942,15,12,29,1725,2,2,1,1,3,05023,M,4490843.0,662705.0,05
201500008943,15,3,15,1445,1,2,1,1,2,05061,M,4456484.0,609082.0,05
201500008944,15,3,19,1150,1,1,2,1,3,05061,M,4450376.0,604382.0,05
201500008945,15,4,3,1700,1,2,4,1,3,05061,M,4455488.0,607554.0,05
201500008946,15,4,28,1730,1,2,1,1,6,05061,M,4454890.0,606511.0,05
201500008947,15,5,11,1235,1,1,1,1,1,05061,M,4457479.0,611089.0,05
201500008948,15,5,11,1715,1,2,1,1,3,05061,M,4456946.0,608657.0,05
201500008949,15,5,13,1110,1,2,1,1,2,05061,M,4456471.0,607902.0,05
201500008950,15,5,20,1105,1,2,1,1,6,05061,M,4455626.0,607631.0,05
201500008951,15,6,4,1300,1,2,2,1,3,05061,M,4455999.0,608441.0,05
201500008952,15,6,22,25,3,1,1,1,7,05061,M,4452643.0,608993.0,05
201500008953,15,6,27,1129,1,2,3,1,3,05061,M,4454975.0,606517.0,05
201500008954,15,7,10,1300,1,2,1,1,6,05061,M,4456311.0,608618.0,05
201500008955,15,8,5,1600,1,1,1,1,3,05061,M,4459491.0,608064.0,05
201500008956,15,9,11,1710,1,2,1,1,6,05061,M,4456270.0,608392.0,05
201500008957,15,9,18,1425,1,2,1,1,1,05061,M,4454485.0,605333.0,05
201500008958,15,9,18,1735,1,2,2,1,3,05061,M,4455982.0,608435.0,05
201500008959,15,9,2,1525,1,2,1,1,6,05061,M,4456352.0,609149.0,05
201500008960,15,10,1,2010,5,2,3,1,3,05061,M,4456856.0,609992.0,05
201500008961,15,10,10,1640,1,2,6,1,3,05061,M,4454524.0,605344.0,05
201500008962,15,11,10,1822,2,2,4,1,6,05061,M,4454432.0,608818.0,05
201500008963,15,11,6,1610,1,2,1,1,3,05061,M,4457615.0,608257.0,05
201500008964,15,11,18,756,2,2,3,1,3,05061,M,4456874.0,608328.0,05
201500008965,15,11,26,1717,2,2,3,1,6,05061,M,4456289.0,608610.0,05
201500008966,15,12,4,1820,2,2,3,1,3,05061,M,4454827.0,605458.0,05
201500008967,15,12,24,119,5,2,6,1,5,05061,M,4456205.0,608391.0,05
201500008968,15,12,28,1737,3,1,1,1,5,05061,M,4451765.0,605175.0,05
201500008969,15,1,7,2010,5,2,1,1,6,05061,M,4456416.0,608919.0,05
201500008970,15,2,7,1618,1,2,1,1,6,05061,M,4456679.0,608951.0,05
201500008971,15,3,5,1630,1,2,1,1,4,05061,M,4454960.0,606818.0,05
201500008972,15,3,9,1700,1,2,6,1,3,05061,M,4454565.0,606315.0,05
201500008973,15,3,11,1703,1,2,1,1,6,05061,M,4455991.0,607539.0,05
201500008974,15,12,15,1845,3,1,1,3,7,78291,M,0.0,0.0,78
201500008975,15,4,12,1830,1,2,1,1,6,78255,M,0.0,0.0,78
201500008976,15,4,20,2015,1,1,1,1,3,78147,M,4903600.0,183200.0,78
201500008977,15,7,19,700,2,2,1,1,6,78255,M,0.0,0.0,78
201500008978,15,8,21,1745,1,2,1,1,3,78089,M,0.0,0.0,78
201500008979,15,9,26,830,1,2,1,1,6,78089,M,0.0,0.0,78
201500008980,15,10,12,1530,1,1,1,1,6,78147,M,0.0,0.0,78
201500008981,15,12,24,1145,1,2,1,8,7,78089,M,0.0,0.0,78
201500008982,15,1,2,1745,3,1,1,1,1,78107,M,0.0,0.0,78
201500008983,15,4,5,1545,1,1,1,1,2,78324,M,0.0,0.0,78
201500008984,15,7,3,1100,1,1,2,1,3,78444,M,4893900.0,155800.0,78
201500008985,15,12,6,30,5,2,1,1,6,78413,M,4890700.0,155100.0,78
201500008986,15,1,13,700,3,1,1,1,3,78202,M,4905100.0,175500.0,78
201500008987,15,4,12,915,1,2,1,1,3,78113,M,4903500.0,182000.0,78
201500008988,15,8,7,2315,3,1,1,1,6,78202,M,0.0,0.0,78
201500008989,15,10,16,830,1,1,1,1,5,78246,M,0.0,0.0,78
201500008990,15,3,25,1600,1,1,1,1,2,78090,M,0.0,0.0,78
201500008991,15,5,25,1715,1,2,1,1,6,78090,M,0.0,0.0,78
201500008992,15,6,4,1815,1,1,3,1,1,78090,M,0.0,0.0,78
201500008993,15,6,15,800,1,1,3,1,3,78206,M,0.0,0.0,78
201500008994,15,9,10,1245,1,2,1,1,1,78140,M,0.0,0.0,78
201500008995,15,10,10,2000,5,2,2,1,3,78206,M,0.0,0.0,78
201500008996,15,1,9,1500,1,2,1,7,3,78263,M,4877700.0,167900.0,78
201500008997,15,3,2,1815,1,1,1,1,3,78263,M,0.0,0.0,78
201500008998,15,3,27,615,2,1,1,1,1,78520,M,0.0,0.0,78
201500008999,15,4,28,1130,1,2,1,1,6,78310,M,0.0,0.0,78
201500009000,15,5,16,1745,1,1,1,1,6,78263,M,0.0,0.0,78
201500009001,15,7,1,1300,1,2,1,1,2,78310,M,0.0,0.0,78
201500009002,15,7,15,2215,3,1,1,1,6,78381,M,0.0,0.0,78
201500009003,15,8,4,1915,1,1,1,7,7,78310,M,0.0,0.0,78
201500009004,15,9,16,1915,1,2,6,1,3,78381,M,0.0,0.0,78
201500009005,15,12,17,1200,1,1,1,1,2,78381,M,0.0,0.0,78
201500009006,15,1,25,1100,1,2,1,1,3,78380,M,0.0,0.0,78
201500009007,15,8,26,2030,2,1,1,2,7,78305,M,0.0,0.0,78
201500009008,15,9,30,1300,1,1,1,1,5,78368,M,0.0,0.0,78
201500009009,15,10,3,1100,1,2,1,7,6,78380,M,0.0,0.0,78
201500009010,15,12,8,1830,5,2,1,2,1,78451,M,0.0,0.0,78
201500009011,15,1,5,145,4,2,1,5,6,78557,M,0.0,0.0,78
201500009012,15,10,9,1800,1,1,1,1,6,78307,M,0.0,0.0,78
201500009013,15,8,3,830,1,1,1,1,6,78003,M,4851100.0,182600.0,78
201500009014,15,12,7,1200,1,1,1,1,1,78506,M,4851500.0,179600.0,78
201500009015,15,7,21,1915,1,2,1,1,2,78575,M,0.0,0.0,78
201500009016,15,10,28,1345,1,2,1,1,2,78575,M,4870800.0,207700.0,78
201500009017,15,10,31,1315,1,1,1,1,1,78548,M,0.0,0.0,78
201500009018,15,11,15,1530,1,1,1,1,5,78548,M,0.0,0.0,78
201500009019,15,11,28,1130,1,2,1,1,3,78575,M,0.0,0.0,78
201500009020,15,1,4,515,5,2,1,1,6,78389,M,4879700.0,181300.0,78
201500009021,15,5,25,1745,1,1,9,1,2,78443,M,4881100.0,186700.0,78
201500009022,15,9,19,2030,3,1,1,1,1,78289,M,0.0,0.0,78
201500009023,15,10,6,1530,1,1,1,1,1,78389,M,4880500.0,184100.0,78
201500009024,15,10,9,715,5,2,1,1,1,78389,M,4879100.0,181300.0,78
201500009025,15,11,4,1430,1,1,1,1,1,78443,M,4881400.0,187800.0,78
201500009026,15,11,2,715,2,1,1,5,4,78389,M,4880600.0,181600.0,78
201500009027,15,12,23,1100,1,2,1,1,6,78653,M,4882300.0,181800.0,78
201500009028,15,12,22,1000,1,1,1,1,1,78576,M,4876000.0,188200.0,78
201500009029,15,9,2,1515,1,2,1,1,2,78062,M,0.0,0.0,78
201500009030,15,11,4,1815,3,1,1,1,3,78321,M,0.0,0.0,78
201500009031,15,11,15,1645,1,1,1,1,6,78062,M,4885400.0,185000.0,78
201500009032,15,12,10,1230,1,2,1,8,6,78683,M,0.0,0.0,78
201500009033,15,4,4,1000,1,1,1,1,1,78349,M,4855700.0,198500.0,78
201500009034,15,4,18,1200,1,1,1,1,7,78537,M,0.0,0.0,78
201500009035,15,7,5,800,1,1,1,1,1,78601,M,0.0,0.0,78
201500009036,15,7,7,1830,1,1,1,1,1,78120,M,0.0,0.0,78
201500009037,15,7,20,2100,1,1,1,1,7,78601,M,0.0,0.0,78
201500009038,15,8,14,2330,3,1,1,2,1,78537,M,0.0,0.0,78
201500009039,15,8,31,1745,1,1,1,1,7,78120,M,0.0,0.0,78
201500009040,15,11,18,1500,1,1,1,8,2,78601,M,0.0,0.0,78
201500009041,15,12,4,1315,1,1,1,1,1,78087,M,0.0,0.0,78
201500009042,15,7,23,1315,1,2,6,1,3,91235,M,0.0,0.0,91
201500009043,15,1,1,100,5,2,1,1,6,91659,M,0.0,0.0,91
201500009044,15,5,16,1130,1,1,1,8,2,91179,M,4857600.0,248000.0,91
201500009045,15,10,15,1130,1,2,1,2,6,91659,M,0.0,0.0,91
201500009046,15,3,6,1845,1,1,9,1,5,91359,M,0.0,0.0,91
201500009047,15,4,5,1130,1,1,1,1,5,91359,M,0.0,0.0,91
201500009048,15,3,25,745,1,2,6,1,2,91200,M,4852800.0,200300.0,91
201500009049,15,11,9,815,1,2,1,1,5,91200,M,0.0,0.0,91
201500009050,15,12,21,1700,3,1,6,2,6,91200,M,0.0,0.0,91
201500009051,15,7,28,2045,1,2,1,1,3,91226,M,0.0,0.0,91
201500009052,15,8,13,115,5,2,1,1,6,91330,M,4853200.0,226600.0,91
201500009053,15,8,28,530,2,2,1,1,3,91226,M,0.0,0.0,91
201500009054,15,9,30,1715,1,1,1,7,6,91226,M,0.0,0.0,91
201500009055,15,6,6,1630,1,1,1,1,6,91099,M,4842800.0,238400.0,91
201500009056,15,6,17,1900,1,2,1,1,3,91315,M,4853400.0,234100.0,91
201500009057,15,8,2,145,3,1,1,1,3,91080,M,4847800.0,230200.0,91
201500009058,15,8,10,900,1,1,1,1,1,91129,M,0.0,0.0,91
201500009059,15,9,29,1600,1,1,1,1,7,91047,M,4850300.0,237000.0,91
201500009060,15,7,15,2200,2,1,1,1,2,91016,M,0.0,0.0,91
201500009061,15,7,28,2115,3,1,1,2,6,91016,M,0.0,0.0,91
201500009062,15,8,4,1630,1,1,1,1,1,91511,M,0.0,0.0,91
201500009063,15,9,25,2030,2,1,1,1,6,91414,M,0.0,0.0,91
201500009064,15,3,18,745,1,2,2,1,5,91546,M,0.0,0.0,91
201500009065,15,1,13,1815,5,2,1,2,3,91461,M,0.0,0.0,91
201500009066,15,4,7,900,1,1,1,1,2,91156,M,0.0,0.0,91
201500009067,15,4,26,1745,1,1,1,2,3,91041,M,4857700.0,223600.0,91
201500009068,15,6,4,1900,1,1,1,7,2,91041,M,0.0,0.0,91
201500009069,15,6,12,745,1,1,1,1,3,91156,M,0.0,0.0,91
201500009070,15,12,21,915,1,2,1,1,6,91207,M,0.0,0.0,91
201500009071,15,1,12,2045,5,2,1,1,6,91376,M,0.0,0.0,91
201500009072,15,6,22,1800,1,2,6,2,3,91332,M,0.0,0.0,91
201500009073,15,7,25,1745,1,1,6,1,3,91494,M,0.0,0.0,91
201500009074,15,11,26,1845,5,2,1,8,6,91376,M,0.0,0.0,91
201500009075,15,1,27,1600,1,1,3,1,1,91249,M,0.0,0.0,91
201500009076,15,1,29,745,2,1,1,2,1,91249,M,4863400.0,204700.0,91
201500009077,15,3,3,715,1,1,2,1,1,91249,M,0.0,0.0,91
201500009078,15,2,22,430,3,1,1,9,7,91249,M,0.0,0.0,91
201500009079,15,3,5,1930,3,1,1,1,1,91243,M,4867700.0,208999.0,91
201500009080,15,3,16,630,2,1,1,1,6,91249,M,0.0,0.0,91
201500009081,15,5,2,1815,1,1,1,3,3,91338,M,4863600.0,205500.0,91
201500009082,15,5,22,1315,1,1,1,1,6,91186,M,0.0,0.0,91
201500009083,15,6,4,2015,1,1,1,1,1,91186,M,0.0,0.0,91
201500009084,15,6,11,1,3,1,1,1,3,91249,M,0.0,0.0,91
201500009085,15,6,19,900,1,1,1,1,2,91249,M,4864100.0,210400.0,91
201500009086,15,6,25,800,2,2,1,1,3,91338,M,0.0,0.0,91
201500009087,15,6,26,545,2,1,1,1,3,91243,M,4862900.0,217300.0,91
201500009088,15,6,28,530,2,2,6,1,6,91338,M,0.0,0.0,91
201500009089,15,7,8,1730,1,1,1,8,1,91482,M,0.0,0.0,91
201500009090,15,7,18,1800,1,1,1,1,3,91411,M,0.0,0.0,91
201500009091,15,8,22,1030,1,2,6,1,2,91111,M,0.0,0.0,91
201500009092,15,8,27,845,1,1,1,3,6,91338,M,4863500.0,205500.0,91
201500009093,15,9,11,1515,1,1,1,1,3,91338,M,4863300.0,208100.0,91
201500009094,15,9,21,1730,1,1,1,1,2,91338,M,4866000.0,207900.0,91
201500009095,15,9,26,1245,1,1,1,1,7,91482,M,4864290.0,202962.0,91
201500009096,15,10,3,1200,1,1,1,1,1,91338,M,4863300.0,204599.0,91
201500009097,15,10,9,1215,1,1,1,1,3,91249,M,0.0,0.0,91
201500009098,15,10,11,2045,3,1,1,2,7,91243,M,0.0,0.0,91
201500009099,15,10,22,1345,1,1,3,2,3,91338,M,0.0,0.0,91
201500009100,15,11,7,1515,1,1,1,1,2,91249,M,0.0,0.0,91
201500009101,15,11,12,845,1,2,1,5,2,91319,M,0.0,0.0,91
201500009102,15,11,30,1800,1,1,6,1,2,91338,M,4865600.0,207399.0,91
201500009103,15,12,18,1730,5,2,1,2,6,91243,M,0.0,0.0,91
201500009104,15,4,30,1800,1,2,9,2,3,91044,M,0.0,0.0,91
201500009105,15,5,12,2245,3,1,1,1,3,91044,M,0.0,0.0,91
201500009106,15,10,25,115,5,2,1,2,6,91587,M,0.0,0.0,91
201500009107,15,1,21,145,4,1,6,1,6,91534,M,4872400.0,215100.0,91
201500009108,15,4,16,930,1,1,1,1,2,91534,M,0.0,0.0,91
201500009109,15,4,17,1230,1,2,1,1,3,91534,M,0.0,0.0,91
201500009110,15,6,11,1500,1,1,1,1,2,91477,M,0.0,0.0,91
201500009111,15,7,12,1130,1,1,3,1,3,91534,M,4876100.0,217300.0,91
201500009112,15,1,3,1800,2,2,1,2,5,91272,M,4871400.0,212700.0,91
201500009113,15,2,7,2300,5,2,6,1,6,91272,M,0.0,0.0,91
201500009114,15,4,21,1700,1,1,3,1,3,91274,M,4867800.0,209800.0,91
201500009115,15,5,6,1245,1,1,1,1,6,91274,M,4868000.0,212800.0,91
201500009116,15,5,9,1600,1,1,9,1,3,91560,M,0.0,0.0,91
201500009117,15,6,11,1315,1,2,1,1,6,91275,M,0.0,0.0,91
201500009118,15,6,22,1730,1,1,1,3,4,91679,M,4873400.0,212300.0,91
201500009119,15,9,12,1830,1,1,6,3,6,91560,M,4867900.0,216800.0,91
201500009120,15,9,27,945,1,2,1,1,3,91272,M,0.0,0.0,91
201500009121,15,10,9,930,1,2,1,7,1,91272,M,4870600.0,210200.0,91
201500009122,15,12,21,700,3,2,1,1,6,91538,M,0.0,0.0,91
201500009123,15,12,24,1930,3,1,1,2,6,91538,M,0.0,0.0,91
201500009124,15,7,10,1230,1,1,1,1,6,95141,M,4914270.0,180870.0,95
201500009125,15,8,31,1215,1,1,1,1,7,95523,M,4908630.0,164110.0,95
201500009126,15,10,21,2130,3,1,1,2,6,95676,M,4908150.0,173650.0,95
201500009127,15,12,18,1945,3,1,1,2,6,95150,M,4913250.0,167850.0,95
201500009128,15,12,27,600,5,2,1,1,1,95355,M,4915080.0,178770.0,95
201500009129,15,2,18,1415,2,1,1,5,6,95370,M,4915570.0,197630.0,95
201500009130,15,3,29,800,2,1,1,2,6,95177,M,4912230.0,202020.0,95
201500009131,15,6,17,1215,1,1,2,1,3,95102,M,4915880.0,204710.0,95
201500009132,15,1,3,1900,3,1,1,1,1,95078,M,4908250.0,204240.0,95
201500009133,15,8,27,745,2,1,1,3,1,95271,M,4908450.0,205260.0,95
201500009134,15,9,20,1415,1,1,1,1,3,95177,M,4911020.0,200030.0,95
201500009135,15,10,16,500,3,1,1,2,6,95213,M,4911120.0,205530.0,95
201500009136,15,12,11,2345,3,1,1,1,1,95054,M,4914760.0,188610.0,95
201500009137,15,3,10,1615,1,2,1,1,6,95039,M,4907390.0,218510.0,95
201500009138,15,4,18,1945,1,2,1,1,3,95628,M,4910220.0,218210.0,95
201500009139,15,4,26,2000,1,2,1,2,6,95039,M,4907090.0,216390.0,95
201500009140,15,5,16,1930,2,1,1,1,6,95039,M,4909610.0,215870.0,95
201500009141,15,7,6,2115,2,1,1,1,1,95627,M,4913250.0,211390.0,95
201500009142,15,11,1,1430,1,1,2,1,5,95211,M,4908530.0,210270.0,95
201500009143,15,1,11,1745,2,2,1,1,6,95002,M,4909350.0,197750.0,95
201500009144,15,1,22,2245,3,2,1,1,6,95592,M,4903480.0,186490.0,95
201500009145,15,2,15,130,5,2,1,1,6,95625,M,4909920.0,196450.0,95
201500009146,15,2,21,515,3,1,1,5,1,95002,M,4907280.0,196730.0,95
201500009147,15,4,26,2030,1,1,1,2,6,95610,M,4908750.0,191650.0,95
201500009148,15,4,27,1645,1,1,1,1,4,95658,M,4907970.0,193880.0,95
201500009149,15,5,26,730,1,1,1,1,1,95253,M,4906040.0,187530.0,95
201500009150,15,5,28,1700,1,1,1,1,7,95002,M,4909230.0,198480.0,95
201500009151,15,7,8,1800,1,1,1,1,7,95535,M,4906550.0,197640.0,95
201500009152,15,12,17,745,2,1,1,1,5,95170,M,4904130.0,194550.0,95
201500009153,15,5,24,1200,1,2,1,1,6,95199,M,4903080.0,232510.0,95
201500009154,15,6,4,1900,1,2,1,1,1,95199,M,4902710.0,233050.0,95
201500009155,15,6,16,915,1,1,1,1,1,95091,M,4904490.0,228750.0,95
201500009156,15,7,23,1545,1,1,1,1,2,95199,M,4904260.0,233810.0,95
201500009157,15,7,22,830,1,2,1,1,2,95091,M,4904440.0,231970.0,95
201500009158,15,11,7,1015,1,2,1,7,6,95199,M,4903910.0,233990.0,95
201500009159,15,4,17,2115,3,1,1,1,4,95492,M,4903390.0,242720.0,95
201500009160,15,5,2,1600,1,1,1,1,4,95205,M,4903530.0,239250.0,95
201500009161,15,12,19,1145,1,2,1,1,2,95205,M,4902520.0,238690.0,95
201500009162,15,2,2,830,2,1,6,2,6,95351,M,4903010.0,249960.0,95
201500009163,15,4,25,1630,1,2,1,1,3,95351,M,4903960.0,250070.0,95
201500009164,15,2,11,130,3,1,1,1,1,77252,M,4863240.0,269363.0,77
201500009165,15,4,11,745,1,2,1,2,6,77217,M,4868427.0,266649.0,77
201500009166,15,4,18,1715,1,1,1,1,7,77217,M,4868783.0,265432.0,77
201500009167,15,4,27,1815,1,1,3,1,3,77455,M,4860417.0,270038.0,77
201500009168,15,5,4,1700,1,1,1,3,5,77455,M,4864205.0,268755.0,77
201500009169,15,7,2,900,1,1,4,1,5,77217,M,4868708.0,269485.0,77
201500009170,15,7,7,1130,1,1,1,1,1,77127,M,4868001.0,268875.0,77
201500009171,15,9,15,815,1,1,2,3,3,77175,M,4865727.0,261549.0,77
201500009172,15,9,13,2100,3,1,1,2,6,77179,M,4844794.0,279779.0,77
201500009173,15,9,18,1800,1,1,1,1,3,77354,M,0.0,0.0,77
201500009174,15,10,2,1745,1,1,1,1,1,77354,M,0.0,0.0,77
201500009175,15,10,22,415,3,1,1,2,6,77453,M,4853045.0,274299.0,77
201500009176,15,10,26,2345,3,1,1,5,6,77103,M,0.0,0.0,77
201500009177,15,1,29,1730,1,1,1,2,3,77145,M,0.0,0.0,77
201500009178,15,3,21,1430,1,1,2,1,3,77534,M,4864730.0,277488.0,77
201500009179,15,4,18,1830,1,2,1,7,3,77493,M,0.0,0.0,77
201500009180,15,4,30,1845,1,1,1,3,6,77007,M,4865341.0,285089.0,77
201500009181,15,8,22,1315,1,1,1,7,3,77004,M,4862217.0,283110.0,77
201500009182,15,9,18,815,1,1,1,1,1,77222,M,0.0,0.0,77
201500009183,15,11,10,815,1,2,1,1,6,77493,M,4864530.0,283043.0,77
201500009184,15,11,20,2030,3,2,1,2,6,77107,M,4867136.0,284629.0,77
201500009185,15,12,12,1345,1,1,1,1,7,77493,M,4862190.0,283730.0,77
201500009186,15,12,17,1815,3,1,1,1,1,77107,M,0.0,0.0,77
201500009187,15,5,7,1845,1,2,1,1,1,77317,M,4893700.0,246200.0,77
201500009188,15,6,4,1400,1,1,1,1,7,77211,M,4857445.0,301202.0,77
201500009189,15,8,5,1415,1,1,1,1,1,77191,M,4855610.0,292829.0,77
201500009190,15,9,14,545,3,1,1,1,6,77317,M,0.0,0.0,77
201500009191,15,11,30,2030,3,1,1,1,6,77211,M,0.0,0.0,77
201500009192,15,4,24,2230,3,1,1,1,5,77177,M,4879723.0,272752.0,77
201500009193,15,5,31,500,5,1,1,1,6,77104,M,4871054.0,280322.0,77
201500009194,15,9,21,1845,1,1,1,1,1,77470,M,0.0,0.0,77
201500009195,15,1,2,1930,5,1,3,1,1,77128,M,4888408.0,285540.0,77
201500009196,15,7,31,530,2,1,1,1,1,77141,M,0.0,0.0,77
201500009197,15,8,19,715,1,1,1,1,7,77142,M,4884570.0,294637.0,77
201500009198,15,8,27,2230,3,1,1,3,6,77142,M,0.0,0.0,77
201500009199,15,12,6,1800,5,1,1,1,7,77049,M,0.0,0.0,77
201500009200,15,12,14,1730,5,2,9,1,6,77443,M,0.0,0.0,77
201500009201,15,3,8,1215,1,1,3,1,3,77398,M,4885970.0,328701.0,77
201500009202,15,6,5,1715,1,1,1,1,2,77385,M,4885584.0,326939.0,77
201500009203,15,7,10,1945,2,2,1,1,3,77182,M,4878091.0,329918.0,77
201500009204,15,7,16,1100,1,1,3,1,1,77182,M,4876610.0,327887.0,77
201500009205,15,8,31,1545,1,1,1,1,7,77030,M,4886100.0,331200.0,77
201500009206,15,10,25,15,3,1,1,1,7,77398,M,4886783.0,330045.0,77
201500009207,15,11,16,115,5,1,1,1,6,77406,M,0.0,0.0,77
201500009208,15,4,9,2200,5,1,1,1,3,77448,M,0.0,0.0,77
201500009209,15,5,23,1215,1,2,1,1,3,77183,M,4856900.0,321700.0,77
201500009210,15,5,24,400,3,1,1,1,6,77300,M,4893665.0,298761.0,77
201500009211,15,5,30,2145,2,1,1,1,6,77265,M,0.0,0.0,77
201500009212,15,6,1,1715,1,1,1,1,6,77078,M,4899602.0,315378.0,77
201500009213,15,6,1,2000,1,2,1,1,1,77440,M,4857900.0,313800.0,77
201500009214,15,7,11,800,1,1,1,1,1,77401,M,4901002.0,316496.0,77
201500009215,15,8,26,1230,1,1,1,1,5,77265,M,0.0,0.0,77
201500009216,15,10,10,1,5,2,1,1,6,77183,M,4894533.0,312603.0,77
201500009217,15,10,22,2045,3,1,1,2,6,77238,M,4889148.0,306576.0,77
201500009218,15,11,2,1515,1,2,1,1,6,77448,M,4894460.0,311277.0,77
201500009219,15,12,30,1815,3,1,1,1,3,77219,M,4883700.0,296842.0,77
201500009220,15,4,19,1845,1,1,1,1,5,77277,M,4873052.0,289573.0,77
201500009221,15,5,11,800,1,2,1,1,3,77176,M,4880015.0,299247.0,77
201500009222,15,7,21,1800,1,1,1,1,5,77508,M,0.0,0.0,77
201500009223,15,8,28,2330,3,1,2,1,3,77144,M,4876700.0,290000.0,77
201500009224,15,8,29,1530,1,1,1,1,7,77508,M,4881734.0,282048.0,77
201500009225,15,9,8,2100,3,1,1,1,7,77508,M,4881980.0,284192.0,77
201500009226,15,9,29,2130,3,1,3,1,3,77318,M,4877622.0,289851.0,77
201500009227,15,10,31,2000,3,1,1,1,3,77318,M,4877810.0,286572.0,77
201500009228,15,12,26,330,3,1,1,1,2,77144,M,4877151.0,290761.0,77
201500009229,15,3,28,1215,1,1,1,2,7,77402,M,0.0,0.0,77
201500009230,15,9,16,1445,1,1,1,3,1,77472,M,0.0,0.0,77
201500009231,15,10,6,730,3,1,1,3,7,77402,M,0.0,0.0,77
201500009232,15,11,3,1600,1,2,2,1,3,77411,M,4884657.0,315138.0,77
201500009233,15,1,8,1700,2,1,1,2,6,77031,M,4868100.0,292926.0,77
201500009234,15,1,26,1430,1,1,2,2,3,77264,M,4871380.0,296028.0,77
201500009235,15,1,27,1045,1,1,1,2,2,77192,M,0.0,0.0,77
201500009236,15,3,3,1000,1,1,2,1,1,77192,M,4867904.0,283509.0,77
201500009237,15,4,1,830,1,1,1,1,4,77192,M,4870989.0,283957.0,77
201500009238,15,4,27,900,1,1,1,2,1,77360,M,4874677.0,300276.0,77
201500009239,15,7,12,200,5,2,1,1,6,77393,M,4867934.0,296785.0,77
201500009240,15,8,2,845,1,1,1,1,3,77192,M,0.0,0.0,77
201500009241,15,9,19,330,3,1,1,2,2,77486,M,0.0,0.0,77
201500009242,15,9,22,1945,2,2,1,2,7,77486,M,0.0,0.0,77
201500009243,15,12,14,1715,3,1,1,1,7,77393,M,0.0,0.0,77
201500009244,15,5,14,1930,1,2,2,1,1,77178,M,4823190.0,268456.0,77
201500009245,15,3,21,1000,1,1,1,1,3,77056,M,4823127.0,252229.0,77
201500009246,15,4,26,1645,1,1,1,1,1,77328,M,4830724.0,244218.0,77
201500009247,15,4,27,930,1,1,1,8,1,77003,M,4827113.0,252391.0,77