Num_Acc,an,mois,jour,hrmn,lum,agg,int,atm,col,com,gps,lat,long,dep
201500009248,15,5,28,945,1,2,1,1,3,77328,M,4831081.0,241969.0,77
201500009249,15,6,4,915,1,1,1,1,7,77471,M,4832841.0,244875.0,77
201500009250,15,6,21,2130,1,1,1,1,2,77060,M,0.0,0.0,77
201500009251,15,6,24,815,1,2,2,1,2,77477,M,4834304.0,260155.0,77
201500009252,15,8,4,1830,1,1,1,1,4,77477,M,4833280.0,259127.0,77
201500009253,15,1,17,1645,1,1,1,1,2,77027,M,4814410.0,248122.0,77
201500009254,15,1,29,1930,3,1,1,2,7,77340,M,4829910.0,277013.0,77
201500009255,15,1,15,900,1,1,1,1,6,77035,M,4822052.0,298910.0,77
201500009256,15,4,4,815,1,1,1,8,6,77370,M,4824727.0,277464.0,77
201500009257,15,4,18,1530,1,1,3,1,1,77168,M,4818099.0,285363.0,77
201500009258,15,5,17,1515,1,1,1,1,7,77161,M,0.0,0.0,77
201500009259,15,7,4,945,1,1,2,1,3,77465,M,4827404.0,293228.0,77
201500009260,15,7,24,1930,1,1,1,1,2,77261,M,0.0,0.0,77
201500009261,15,8,21,1615,1,2,1,1,6,77184,M,4831243.0,291897.0,77
201500009262,15,9,5,1245,1,1,1,1,6,77050,M,0.0,0.0,77
201500009263,15,10,4,715,3,1,1,1,5,77115,M,0.0,0.0,77
201500009264,15,10,27,1530,1,1,1,1,6,77489,M,4821300.0,296500.0,77
201500009265,15,1,18,2145,3,1,1,1,1,77153,M,4904608.0,268830.0,77
201500009266,15,6,1,1400,1,1,1,1,1,77153,M,0.0,0.0,77
201500009267,15,6,15,1015,1,1,9,1,2,77392,M,4907697.0,272400.0,77
201500009268,15,6,27,1400,1,2,7,1,6,77153,M,4905449.0,267711.0,77
201500009269,15,7,21,1630,1,2,1,1,3,77153,M,0.0,0.0,77
201500009270,15,8,10,1015,1,2,1,1,3,77322,M,0.0,0.0,77
201500009271,15,9,18,1630,1,2,1,2,6,77323,M,0.0,0.0,77
201500009272,15,1,25,1900,3,1,2,1,3,77094,M,4895760.0,280186.0,77
201500009273,15,2,14,1345,1,1,1,8,6,77196,M,0.0,0.0,77
201500009274,15,4,22,1445,1,1,1,1,5,77171,M,4888700.0,280400.0,77
201500009275,15,4,27,1730,1,2,1,1,7,77315,M,4889017.0,282041.0,77
201500009276,15,8,18,915,1,1,1,1,1,77196,M,0.0,0.0,77
201500009277,15,10,9,2015,5,2,1,1,1,77005,M,4893020.0,271954.0,77
201500009278,15,11,3,1630,1,1,1,1,1,77005,M,4891722.0,269780.0,77
201500009279,15,12,2,1715,3,1,1,1,5,77005,M,0.0,0.0,77
201500009280,15,12,23,1430,1,1,1,1,2,77196,M,0.0,0.0,77
201500009281,15,12,31,700,2,1,1,1,1,77382,M,4889768.0,289070.0,77
201500009282,15,2,5,1730,3,1,1,9,1,77460,M,4899549.0,306337.0,77
201500009283,15,2,16,700,2,1,1,5,3,77343,M,4903728.0,306822.0,77
201500009284,15,6,28,1100,1,1,1,1,1,77476,M,0.0,0.0,77
201500009285,15,7,10,2100,1,1,1,1,6,77235,M,4898300.0,307216.0,77
201500009286,15,8,25,1745,1,1,1,2,1,77283,M,4908012.0,303071.0,77
201500009287,15,9,20,600,2,1,1,1,6,77483,M,0.0,0.0,77
201500009288,15,10,12,2115,5,2,3,1,1,77257,M,4902439.0,302793.0,77
201500009289,15,12,17,1730,3,1,2,2,3,77476,M,4905897.0,296265.0,77
201500009290,15,4,16,1600,1,1,1,1,1,77430,M,4908171.0,277201.0,77
201500009291,15,5,1,2330,3,1,1,1,1,77173,M,4903578.0,291934.0,77
201500009292,15,6,20,1600,1,1,2,1,5,77274,M,4903309.0,289668.0,77
201500009293,15,6,30,1930,1,1,1,7,1,77273,M,0.0,0.0,77
201500009294,15,7,16,1500,1,2,1,1,6,77430,M,4907334.0,279615.0,77
201500009295,15,8,7,1415,1,1,1,1,1,77437,M,0.0,0.0,77
201500009296,15,8,22,1845,1,1,1,1,7,77193,M,0.0,0.0,77
201500009297,15,8,25,745,1,1,1,1,1,77344,M,0.0,0.0,77
201500009298,15,9,12,1715,1,1,1,2,1,77273,M,0.0,0.0,77
201500009299,15,10,13,715,2,1,3,1,3,77077,M,0.0,0.0,77
201500009300,15,10,15,1545,1,1,1,1,7,77233,M,0.0,0.0,77
201500009301,15,10,20,1800,1,1,1,1,7,77308,M,0.0,0.0,77
201500009302,15,11,1,1700,1,1,1,1,7,77077,M,0.0,0.0,77
201500009303,15,12,27,2030,3,1,1,1,1,77077,M,0.0,0.0,77
201500009304,15,1,13,1045,1,1,1,1,1,77444,M,4869222.0,339154.0,77
201500009305,15,2,19,745,2,1,4,9,5,77197,M,4869253.0,321511.0,77
201500009306,15,3,31,1900,1,1,1,1,6,77530,M,4859366.0,336007.0,77
201500009307,15,4,2,1700,1,2,1,2,1,77032,M,0.0,0.0,77
201500009308,15,6,16,2315,3,1,1,1,1,77416,M,4862002.0,310265.0,77
201500009309,15,6,27,1630,1,1,1,1,1,77109,M,4862786.0,318825.0,77
201500009310,15,7,1,830,1,1,1,1,6,77137,M,4872131.0,329392.0,77
201500009311,15,7,11,2015,2,1,1,1,1,77036,M,4868253.0,321847.0,77
201500009312,15,8,4,800,1,1,1,2,7,77239,M,0.0,0.0,77
201500009313,15,9,4,1500,1,1,1,1,7,77357,M,0.0,0.0,77
201500009314,15,10,1,1745,1,1,1,1,6,77026,M,4860629.0,337799.0,77
201500009315,15,10,28,1900,1,2,1,1,7,77275,M,4867046.0,331398.0,77
201500009316,15,12,15,1,3,1,1,1,1,77239,M,0.0,0.0,77
201500009317,15,3,3,1830,2,1,1,2,6,77174,M,4847229.0,325345.0,77
201500009318,15,4,4,1045,1,1,1,2,1,77341,M,4844364.0,335160.0,77
201500009319,15,9,4,1945,1,1,1,1,5,77025,M,4839440.0,317513.0,77
201500009320,15,10,10,2230,3,1,1,1,6,77218,M,4843432.0,332694.0,77
201500009321,15,11,2,1930,3,1,1,1,6,77242,M,4849315.0,320872.0,77
201500009322,15,4,21,845,1,2,8,1,3,77327,M,4856099.0,301333.0,77
201500009323,15,4,25,1945,1,1,1,1,6,77383,M,4855700.0,304400.0,77
201500009324,15,8,30,1400,1,1,1,1,6,77481,M,4855900.0,311200.0,77
201500009325,15,12,5,1845,3,1,1,1,2,77327,M,4854995.0,299998.0,77
201500009326,15,1,28,1230,1,2,2,2,6,45248,M,4804529.0,169712.0,45
201500009327,15,1,30,815,2,2,1,8,1,45248,M,4804455.0,169802.0,45
201500009328,15,4,5,900,1,1,1,1,1,45262,M,4805397.0,172132.0,45
201500009329,15,5,17,2100,1,1,1,1,7,45008,M,4808370.0,187303.0,45
201500009330,15,7,8,1730,1,2,1,1,6,45093,M,4802667.0,187438.0,45
201500009331,15,10,1,2040,4,1,1,1,5,45059,M,4792626.0,172272.0,45
201500009332,15,10,20,1230,1,2,2,1,3,45248,M,4805013.0,169344.0,45
201500009333,15,11,20,900,1,2,1,3,6,45248,M,4804766.0,169555.0,45
201500009334,15,12,6,1600,1,1,1,1,1,45046,M,4797682.0,174268.0,45
201500009335,15,3,29,500,3,1,1,8,6,45081,M,4793242.0,159474.0,45
201500009336,15,2,26,445,5,1,1,2,6,45082,M,4788163.0,223602.0,45
201500009337,15,4,14,1815,1,2,3,1,1,45290,M,4785709.0,226717.0,45
201500009338,15,5,17,315,3,1,1,1,6,45101,M,4796429.0,230402.0,45
201500009339,15,6,12,1415,1,1,1,1,5,45316,M,4792521.0,232925.0,45
201500009340,15,9,20,1530,1,1,3,1,2,45082,M,4789885.0,218394.0,45
201500009341,15,11,29,1715,1,1,1,1,6,45082,M,4789469.0,227415.0,45
201500009342,15,12,11,2300,5,2,3,1,3,45290,M,4785804.0,226431.0,45
201500009343,15,10,1,1615,1,2,3,1,6,45194,M,4789179.0,205338.0,45
201500009344,15,11,8,1715,1,1,1,1,7,45072,M,4797846.0,198378.0,45
201500009345,15,6,9,2045,1,1,1,1,6,45200,M,4772646.0,198416.0,45
201500009346,15,6,29,1845,1,2,1,1,7,45146,M,4770735.0,194874.0,45
201500009347,15,8,28,2245,3,1,1,1,6,45098,M,4779285.0,176943.0,45
201500009348,15,9,29,1345,1,1,1,1,2,45146,M,4773727.0,188271.0,45
201500009349,15,10,28,1545,1,1,3,1,3,45146,M,4768466.0,191703.0,45
201500009350,15,11,5,1630,1,1,1,1,5,45098,M,4782679.0,174252.0,45
201500009351,15,1,4,930,3,1,1,2,1,45335,M,4779994.0,215866.0,45
201500009352,15,2,6,2030,5,1,1,1,6,45324,M,4779463.0,220948.0,45
201500009353,15,4,4,1045,1,2,2,2,6,45123,M,4785725.0,209896.0,45
201500009354,15,6,30,2015,1,1,1,7,1,45300,M,4785657.0,199368.0,45
201500009355,15,6,29,1700,1,1,1,1,7,45173,M,4781300.0,209300.0,45
201500009356,15,11,3,2030,5,2,3,1,1,45273,M,4786891.0,213871.0,45
201500009357,15,11,28,1615,1,1,1,1,1,45300,M,4785049.0,206096.0,45
201500009358,15,12,4,1030,1,1,1,1,2,45273,M,4786321.0,215568.0,45
201500009359,15,3,7,300,3,1,1,1,7,45167,M,4788729.0,170384.0,45
201500009360,15,5,22,1445,1,2,3,1,1,45028,M,4777669.0,162614.0,45
201500009361,15,6,12,2315,3,2,9,1,6,45203,M,0.0,0.0,45
201500009362,15,6,15,2145,2,1,1,1,1,45264,M,4792942.0,169512.0,45
201500009363,15,8,16,15,3,2,1,1,6,45203,M,0.0,0.0,45
201500009364,15,11,18,530,3,1,1,1,6,45203,M,0.0,0.0,45
201500009365,15,1,14,1830,5,2,3,2,3,45155,M,4768445.0,262916.0,45
201500009366,15,2,6,1900,5,2,3,1,3,45155,M,4770612.0,262695.0,45
201500009367,15,3,20,1715,1,1,1,1,1,45155,M,4769738.0,273425.0,45
201500009368,15,7,17,2330,5,2,3,1,3,45155,M,4769502.0,261318.0,45
201500009369,15,10,20,2015,3,1,1,1,1,45254,M,4766902.0,262287.0,45
201500009370,15,12,26,2245,3,1,2,1,6,45096,M,4777179.0,260711.0,45
201500009371,15,4,4,845,1,1,1,2,1,45040,M,4757641.0,282418.0,45
201500009372,15,4,25,1230,1,2,4,8,3,45087,M,4759101.0,274766.0,45
201500009373,15,5,22,200,3,2,1,1,6,45053,M,4763698.0,273181.0,45
201500009374,15,6,3,1830,1,1,1,1,6,45016,M,4762658.0,259215.0,45
201500009375,15,11,14,1945,3,1,1,1,6,45053,M,4763249.0,275745.0,45
201500009376,15,5,15,2000,1,1,1,1,6,45315,M,4775866.0,240818.0,45
201500009377,15,7,24,1900,1,2,1,1,3,45270,M,4781503.0,230067.0,45
201500009378,15,7,29,1345,1,1,1,1,6,45039,M,4779643.0,237492.0,45
201500009379,15,8,24,1715,1,1,3,6,2,45244,M,4776919.0,244409.0,45
201500009380,15,9,20,200,3,1,1,1,6,45164,M,4779677.0,228055.0,45
201500009381,15,9,22,1515,1,1,1,8,6,45340,M,4767854.0,236321.0,45
201500009382,15,10,11,1730,1,1,1,1,2,45122,M,4774351.0,255799.0,45
201500009383,15,1,30,745,2,1,1,8,1,45321,M,4792476.0,259030.0,45
201500009384,15,3,21,1000,1,1,3,1,3,45345,M,4793497.0,267099.0,45
201500009385,15,4,12,1945,1,1,1,1,6,45112,M,4789577.0,257754.0,45
201500009386,15,4,20,1245,1,2,6,1,3,45187,M,4788234.0,251825.0,45
201500009387,15,5,11,1745,1,1,1,1,2,45243,M,4799421.0,245854.0,45
201500009388,15,9,25,1845,2,1,2,1,1,45339,M,4798845.0,255788.0,45
201500009389,15,10,4,1500,1,2,1,1,6,45187,M,0.0,0.0,45
201500009390,15,10,25,515,3,1,1,1,6,45259,M,4800573.0,243845.0,45
201500009391,15,2,15,1945,3,1,2,2,3,45307,M,4806441.0,290539.0,45
201500009392,15,2,26,2015,5,1,1,3,6,45026,M,4811645.0,300593.0,45
201500009393,15,6,19,1730,1,2,3,1,3,45083,M,4793239.0,291694.0,45
201500009394,15,7,14,430,1,1,1,1,6,45329,M,4792896.0,300028.0,45
201500009395,15,9,15,1700,1,1,1,1,1,45083,M,4793248.0,291206.0,45
201500009396,15,10,25,600,3,1,1,1,6,45279,M,4795555.0,282128.0,45
201500009397,15,11,14,1145,1,1,2,1,3,45199,M,4788539.0,292197.0,45
201500009398,15,1,20,715,3,1,1,5,2,45278,M,4780064.0,283657.0,45
201500009399,15,7,12,115,3,1,1,1,6,45210,M,4786276.0,281117.0,45
201500009400,15,7,17,1315,1,1,1,1,3,45085,M,4784107.0,283976.0,45
201500009401,15,7,17,1545,1,1,1,1,7,45085,M,0.0,0.0,45
201500009402,15,8,30,330,3,1,1,1,6,45077,M,4787189.0,287017.0,45
201500009403,15,11,1,1700,1,1,1,1,1,45257,M,0.0,0.0,45
201500009404,15,1,9,1445,1,1,1,8,6,45156,M,4806179.0,269515.0,45
201500009405,15,1,11,1915,3,1,1,1,6,45103,M,4808349.0,253677.0,45
201500009406,15,4,15,1315,1,2,1,1,6,45161,M,4807962.0,282951.0,45
201500009407,15,5,30,1900,1,1,1,1,7,45127,M,4812108.0,276529.0,45
201500009408,15,6,30,1715,1,2,1,1,1,45161,M,4806021.0,283239.0,45
201500009409,15,8,27,2000,1,1,1,3,6,45255,M,4809065.0,269529.0,45
201500009410,15,9,30,1100,1,2,2,1,3,45127,M,4814725.0,276388.0,45
201500009411,15,10,27,1900,5,1,6,1,6,45148,M,4806474.0,276519.0,45
201500009412,15,1,15,1830,3,1,2,2,3,45230,M,4791498.0,252053.0,45
201500009413,15,1,3,1300,1,2,1,2,6,45252,M,4817245.0,223881.0,45
201500009414,15,3,6,1630,1,2,1,1,5,45252,M,4818394.0,225070.0,45
201500009415,15,3,30,1815,1,2,1,8,6,45252,M,0.0,0.0,45
201500009416,15,4,10,800,1,2,3,1,6,45252,M,4816822.0,224666.0,45
201500009417,15,5,1,1300,1,1,1,3,6,45253,M,4817184.0,222872.0,45
201500009418,15,7,2,2045,1,1,1,1,3,45119,M,4815512.0,225773.0,45
201500009419,15,7,24,1415,1,1,1,1,6,45253,M,4817239.0,222915.0,45
201500009420,15,9,7,1700,1,2,1,1,6,45252,M,4817432.0,225329.0,45
201500009421,15,11,11,1915,5,2,1,1,6,45253,M,4816414.0,220395.0,45
201500009422,15,11,15,45,3,1,2,1,3,45348,M,4813119.0,233096.0,45
201500009423,15,12,1,1830,5,2,4,1,3,45252,M,4817731.0,226057.0,45
201500009424,15,12,31,845,1,1,1,5,6,45233,M,0.0,0.0,45
201500009425,15,5,8,1600,1,2,1,1,6,45131,M,4816375.0,244339.0,45
201500009426,15,5,23,1545,1,2,1,1,6,45054,M,4822585.0,242898.0,45
201500009427,15,5,31,815,1,1,1,1,1,45030,M,4808533.0,241889.0,45
201500009428,15,7,4,145,3,1,1,1,6,45228,M,4800859.0,229455.0,45
201500009429,15,11,9,1830,3,1,1,1,1,45151,M,4812109.0,244288.0,45
201500009430,15,1,21,1830,5,2,1,2,6,45191,M,4829341.0,240183.0,45
201500009431,15,2,5,2100,3,1,1,1,1,45310,M,4830126.0,220059.0,45
201500009432,15,4,26,600,2,2,6,1,6,45191,M,4828682.0,239919.0,45
201500009433,15,8,11,1245,1,1,1,1,7,45191,M,4826668.0,241446.0,45
201500009434,15,8,29,1400,1,2,1,1,1,45310,M,4829783.0,220299.0,45
201500009435,15,9,10,700,1,2,6,1,3,45191,M,4829404.0,240475.0,45
201500009436,15,3,9,1745,1,1,1,1,6,18241,M,4733491.0,282598.0,18
201500009437,15,8,22,500,3,1,1,1,6,18020,M,4739803.0,289087.0,18
201500009438,15,9,30,1645,1,1,1,1,6,18098,M,0.0,0.0,18
201500009439,15,10,30,1500,1,1,1,1,6,18241,M,0.0,0.0,18
201500009440,15,12,13,1430,1,1,1,5,6,18241,M,0.0,0.0,18
201500009441,15,8,18,1645,1,2,1,1,6,18197,M,4671813.0,252116.0,18
201500009442,15,10,9,1600,1,1,2,1,6,18197,M,0.0,0.0,18
201500009443,15,9,17,1645,1,1,1,8,1,18216,M,4671076.0,213087.0,18
201500009444,15,10,22,1445,1,1,1,2,6,18152,M,0.0,0.0,18
201500009445,15,12,14,945,1,2,1,1,6,18059,M,4664225.0,228192.0,18
201500009446,15,3,8,1400,1,2,1,1,6,18248,M,4695143.0,243651.0,18
201500009447,15,9,17,1130,1,1,1,1,6,18180,M,0.0,0.0,18
201500009448,15,9,12,1430,1,1,1,2,1,18108,M,0.0,0.0,18
201500009449,15,5,9,315,3,1,1,2,6,18185,M,0.0,0.0,18
201500009450,15,5,11,1430,1,1,2,1,3,18149,M,0.0,0.0,18
201500009451,15,12,8,730,2,2,1,1,3,18140,M,0.0,0.0,18
201500009452,15,4,15,730,2,2,6,7,3,18028,M,0.0,0.0,18
201500009453,15,9,2,730,1,2,8,1,3,18096,M,4717924.0,215678.0,18
201500009454,15,12,22,1215,1,1,3,1,2,18281,M,0.0,0.0,18
201500009455,15,12,29,1315,1,1,2,7,3,18005,M,0.0,0.0,18
201500009456,15,4,25,1930,1,1,1,1,7,18055,M,4700326.0,215487.0,18
201500009457,15,5,14,730,1,2,7,8,6,18157,M,4703673.0,227829.0,18
201500009458,15,5,23,1630,1,2,1,1,6,18207,M,4699305.0,224658.0,18
201500009459,15,7,20,1545,1,2,1,1,2,18055,M,0.0,0.0,18
201500009460,15,10,11,230,3,2,1,1,6,18133,M,4696256.0,225075.0,18
201500009461,15,10,25,1930,3,1,2,1,3,18285,M,4702560.0,221023.0,18
201500009462,15,12,6,715,2,1,1,1,6,18133,M,4694100.0,226300.0,18
201500009463,15,12,18,1115,1,1,1,1,6,18133,M,0.0,0.0,18
201500009464,15,4,4,1900,1,1,1,2,6,18145,M,0.0,0.0,18
201500009465,15,5,23,1200,1,1,1,1,6,18162,M,0.0,0.0,18
201500009466,15,6,17,1400,1,2,5,7,3,18109,M,0.0,0.0,18
201500009467,15,7,23,2345,3,1,1,1,2,18166,M,0.0,0.0,18
201500009468,15,3,4,800,1,1,1,1,5,28388,M,4840253.0,145711.0,28
201500009469,15,3,12,1345,1,1,1,1,1,28006,M,4845190.0,141736.0,28
201500009470,15,4,8,1830,1,1,1,7,6,28337,M,4841742.0,134590.0,28
201500009471,15,4,23,730,1,1,1,7,2,28048,M,4830139.0,142331.0,28
201500009472,15,5,8,2045,2,1,1,1,6,28358,M,4849540.0,149665.0,28
201500009473,15,5,30,1130,1,1,1,1,1,28388,M,4836659.0,144532.0,28
201500009474,15,6,1,730,1,1,1,1,1,28201,M,0.0,0.0,28
201500009475,15,6,4,545,1,1,1,1,1,28006,M,4843675.0,142414.0,28
201500009476,15,7,6,1600,1,1,1,1,3,28162,M,4830520.0,148408.0,28
201500009477,15,7,15,945,1,2,6,1,3,28024,M,4841100.0,146265.0,28
201500009478,15,7,21,345,3,1,1,1,6,28173,M,0.0,0.0,28
201500009479,15,8,20,1215,1,1,1,1,2,28301,M,0.0,0.0,28
201500009480,15,9,4,1830,1,1,2,1,1,28006,M,0.0,0.0,28
201500009481,15,9,9,2245,3,1,1,1,7,28358,M,4850109.0,150375.0,28
201500009482,15,9,21,1445,1,1,1,1,3,28388,M,4839291.0,145209.0,28
201500009483,15,9,23,1800,1,1,3,1,1,28388,M,4839382.0,145255.0,28
201500009484,15,10,29,2030,5,1,1,1,7,28380,M,4841514.0,157963.0,28
201500009485,15,10,30,2200,5,2,1,1,6,28048,M,4832673.0,143218.0,28
201500009486,15,12,21,1630,1,1,1,1,2,28173,M,4846766.0,156946.0,28
201500009487,15,5,18,445,3,1,1,1,7,28154,M,4848353.0,129212.0,28
201500009488,15,6,17,815,1,1,2,1,3,28324,M,4850512.0,124033.0,28
201500009489,15,8,30,1230,1,2,2,1,3,28089,M,0.0,0.0,28
201500009490,15,8,14,1415,1,1,1,1,3,28290,M,4840700.0,128800.0,28
201500009491,15,10,23,45,3,1,1,8,6,28360,M,4861218.0,128612.0,28
201500009492,15,5,23,715,1,1,1,1,1,28084,M,4855500.0,155200.0,28
201500009493,15,6,6,1615,1,1,2,1,3,28196,M,4830800.0,118900.0,28
201500009494,15,3,17,1745,1,2,1,1,6,28140,M,4860235.0,168193.0,28
201500009495,15,3,20,730,1,2,4,1,1,28207,M,4836616.0,186743.0,28
201500009496,15,3,30,830,1,1,2,1,3,28363,M,4840095.0,191646.0,28
201500009497,15,5,19,30,3,1,1,8,6,28227,M,4859585.0,159697.0,28
201500009498,15,6,7,330,5,2,1,1,6,28052,M,4856367.0,151267.0,28
201500009499,15,6,27,1900,1,1,1,1,3,28227,M,0.0,0.0,28
201500009500,15,6,30,2130,2,1,1,7,6,28379,M,4852100.0,158000.0,28
201500009501,15,7,19,1715,1,2,1,1,6,28191,M,4860758.0,164251.0,28
201500009502,15,7,19,1645,1,1,1,1,1,28073,M,4847727.0,164356.0,28
201500009503,15,7,22,1230,1,1,2,1,3,28074,M,4842000.0,179900.0,28
201500009504,15,7,27,1730,1,1,1,1,3,28227,M,4859900.0,159400.0,28
201500009505,15,8,15,30,5,2,1,2,7,28168,M,4853800.0,170700.0,28
201500009506,15,9,4,1130,1,1,1,1,6,28015,M,4847179.0,177241.0,28
201500009507,15,10,9,1215,1,2,1,1,2,28140,M,4859736.0,167739.0,28
201500009508,15,12,15,1615,2,2,1,3,6,28168,M,4852483.0,169084.0,28
201500009509,15,12,31,1215,1,1,1,1,1,28135,M,4859318.0,170360.0,28
201500009510,15,3,11,2030,5,2,1,1,1,28199,M,4820256.0,187679.0,28
201500009511,15,3,19,730,2,1,1,1,1,28319,M,4827222.0,197491.0,28
201500009512,15,5,10,1915,1,1,1,1,7,28406,M,4823725.0,168075.0,28
201500009513,15,5,26,1915,1,1,2,1,3,28032,M,4831408.0,163255.0,28
201500009514,15,5,29,1715,1,2,1,1,3,28391,M,0.0,0.0,28
201500009515,15,6,7,1915,1,2,1,1,6,28391,M,4819984.0,193535.0,28
201500009516,15,6,28,1900,1,1,1,7,7,28047,M,4831406.0,167915.0,28
201500009517,15,6,28,1730,1,1,1,1,6,28391,M,0.0,0.0,28
201500009518,15,7,14,2045,1,1,1,1,6,28320,M,4825076.0,158438.0,28
201500009519,15,7,25,1015,1,1,1,8,1,28319,M,4828675.0,198064.0,28
201500009520,15,9,1,1145,1,2,1,2,6,28311,M,4821026.0,186322.0,28
201500009521,15,9,13,1030,1,1,1,3,6,28391,M,4818854.0,191966.0,28
201500009522,15,9,14,1500,1,1,1,6,4,28391,M,4818855.0,191969.0,28
201500009523,15,9,21,1415,1,1,1,1,6,28411,M,4822120.0,156026.0,28
201500009524,15,10,16,1630,1,2,1,1,6,28199,M,4820173.0,187935.0,28
201500009525,15,2,9,1300,1,1,1,1,5,28103,M,4798971.0,125348.0,28
201500009526,15,2,21,600,2,1,1,8,7,28088,M,4809886.0,129845.0,28
201500009527,15,2,24,830,1,1,1,2,3,28356,M,4807745.0,117013.0,28
201500009528,15,2,25,1315,1,2,1,1,6,28083,M,4797138.0,132593.0,28
201500009529,15,3,20,615,2,1,1,1,6,28340,M,4802966.0,126239.0,28
201500009530,15,4,20,1830,1,1,1,1,2,28012,M,4815209.0,108261.0,28
201500009531,15,4,26,1000,1,2,1,8,3,28088,M,4806762.0,133502.0,28
201500009532,15,6,9,1045,1,2,1,1,2,28088,M,4807080.0,133365.0,28
201500009533,15,6,9,1830,1,1,1,1,1,28224,M,4805490.0,140834.0,28
201500009534,15,6,13,2045,2,1,1,1,7,28204,M,0.0,0.0,28
201500009535,15,6,19,2030,1,2,3,1,3,28088,M,4808044.0,134619.0,28
201500009536,15,9,16,1730,1,1,1,3,1,28075,M,4805131.0,129263.0,28
201500009537,15,9,17,1515,1,1,2,2,3,28204,M,4805589.0,117490.0,28
201500009538,15,9,24,1730,1,2,1,1,3,28106,M,4811532.0,144020.0,28
201500009539,15,10,27,715,2,1,1,1,1,28132,M,4809656.0,136877.0,28
201500009540,15,11,30,730,2,1,1,1,7,28389,M,4805824.0,134918.0,28
201500009541,15,12,13,1615,5,2,1,1,6,28088,M,0.0,0.0,28
201500009542,15,12,23,1745,1,1,1,1,2,28205,M,0.0,0.0,28
201500009543,15,4,8,1630,1,1,1,1,6,28287,M,4814349.0,166452.0,28
201500009544,15,4,15,1700,1,1,1,1,7,28306,M,4821900.0,147000.0,28
201500009545,15,5,10,2000,1,1,1,1,7,28382,M,4807900.0,175200.0,28
201500009546,15,5,22,1700,1,1,1,1,6,28051,M,4814900.0,148200.0,28
201500009547,15,6,21,2030,1,1,2,1,1,28283,M,0.0,0.0,28
201500009548,15,7,16,330,3,1,1,1,6,28121,M,4811694.0,185931.0,28
201500009549,15,10,5,1345,1,1,1,3,1,28176,M,4823645.0,148986.0,28
201500009550,15,10,22,730,2,2,1,2,3,28051,M,4818043.0,139857.0,28
201500009551,15,12,14,1800,3,1,1,1,1,28176,M,4826570.0,148560.0,28
201500009552,15,4,11,1115,1,2,1,1,6,28424,M,4820867.0,118615.0,28
201500009553,15,4,21,1015,1,1,1,1,6,28041,M,4833115.0,128754.0,28
201500009554,15,7,16,1045,1,1,1,1,2,28182,M,4816642.0,123774.0,28
201500009555,15,10,9,915,1,1,1,1,6,28066,M,4823642.0,123367.0,28
201500009556,15,10,16,1230,1,1,1,2,1,28225,M,4834326.0,129508.0,28
201500009557,15,12,6,1845,5,2,2,1,3,28061,M,4820889.0,117414.0,28
201500009558,15,4,1,1445,1,1,1,1,6,28170,M,4871204.0,126979.0,28
201500009559,15,6,25,1445,1,2,1,7,1,28136,M,4801200.0,102400.0,28
201500009560,15,7,6,1230,1,1,1,1,7,28170,M,0.0,0.0,28
201500009561,15,7,21,830,1,2,1,1,1,28348,M,4875959.0,119325.0,28
201500009562,15,8,8,1600,1,1,1,1,6,28239,M,0.0,0.0,28
201500009563,15,8,14,2330,3,2,8,3,6,28359,M,4801300.0,-104099.0,28
201500009564,15,8,28,1245,1,1,2,1,3,28143,M,0.0,0.0,28
201500009565,15,9,5,1415,1,1,2,1,3,28405,M,4874350.0,129140.0,28
201500009566,15,9,12,2000,2,1,1,1,6,28170,M,4801200.0,100600.0,28
201500009567,15,9,16,1330,1,1,1,1,6,28124,M,0.0,0.0,28
201500009568,15,11,9,1845,5,2,1,1,6,28369,M,4864145.0,127954.0,28
201500009569,15,6,10,1945,2,2,1,1,6,28371,M,4885556.0,140691.0,28
201500009570,15,6,29,1600,1,1,1,1,1,28347,M,4882231.0,156166.0,28
201500009571,15,7,2,1415,1,1,1,1,7,28187,M,0.0,0.0,28
201500009572,15,8,24,1830,1,1,1,2,6,28001,M,4877706.0,146229.0,28
201500009573,15,11,14,900,1,1,1,1,5,28347,M,4882741.0,156492.0,28
201500009574,15,11,15,2000,3,1,1,1,7,28001,M,4877677.0,140122.0,28
201500009575,15,1,16,2030,3,1,1,1,3,28151,M,4869723.0,104451.0,28
201500009576,15,2,26,1715,1,1,1,3,6,28322,M,4872112.0,95717.0,28
201500009577,15,4,5,1015,1,1,1,1,3,28046,M,4866001.0,91160.0,28
201500009578,15,5,10,1815,1,1,1,1,2,28059,M,0.0,0.0,28
201500009579,15,5,30,1815,1,1,1,1,1,28310,M,4859683.0,95153.0,28
201500009580,15,9,2,1800,1,2,2,1,3,28226,M,4863423.0,114672.0,28
201500009581,15,2,19,715,2,2,1,5,1,28415,M,4867356.0,146147.0,28
201500009582,15,2,28,1745,1,1,1,1,7,28279,M,4867700.0,154600.0,28