Num_Acc,an,mois,jour,hrmn,lum,agg,int,atm,col,com,gps,lat,long,dep
201500009935,15,10,31,1445,1,2,4,1,1,06123,M,,,06
201500009936,15,1,4,1620,1,2,1,1,3,06027,M,,,06
201500009937,15,12,1,1745,5,2,4,1,6,06027,M,,,06
201500009938,15,6,1,1150,1,2,1,1,2,06027,M,,,06
201500009939,15,12,6,1900,1,2,1,2,2,06123,M,,,06
201500009940,15,6,3,1410,1,1,3,1,3,06027,M,,,06
201500009941,15,12,8,1830,5,2,1,1,2,06123,M,,,06
201500009942,15,1,8,1030,1,2,1,1,3,06123,M,4370276.0,717865.0,06
201500009943,15,6,5,820,1,1,3,1,3,06027,M,,,06
201500009944,15,1,8,1645,1,2,1,1,3,06027,M,4366768.0,715218.0,06
201500009945,15,12,9,1040,1,2,2,1,3,06123,M,,,06
201500009946,15,6,5,1135,1,2,1,1,6,06027,M,,,06
201500009947,15,1,13,705,1,2,3,1,5,06027,M,,,06
201500009948,15,12,10,825,1,2,1,1,3,06123,M,,,06
201500009949,15,6,8,1705,1,2,1,1,2,06027,M,,,06
201500009950,15,12,11,705,2,2,1,1,3,06027,M,,,06
201500009951,15,6,11,1215,1,2,6,1,3,06123,M,,,06
201500009952,15,1,13,900,1,2,1,1,3,06027,M,4365790.0,716971.0,06
201500009953,15,1,26,820,1,2,1,1,3,06027,M,,,06
201500009954,15,12,16,1235,1,2,1,1,6,06027,M,,,06
201500009955,15,6,17,1730,1,2,3,1,2,06027,M,,,06
201500009956,15,1,28,1840,5,2,3,1,3,06027,M,,,06
201500009957,15,12,13,2020,5,2,1,1,6,06123,M,,,06
201500009958,15,6,18,730,1,2,1,1,6,06027,M,,,06
201500009959,15,12,17,945,1,2,1,1,6,06027,M,,,06
201500009960,15,6,20,1015,1,2,3,1,3,06027,M,,,06
201500009961,15,1,28,2025,5,2,1,1,3,06027,M,4366850.0,716658.0,06
201500009962,15,1,31,1145,1,2,1,1,2,06027,M,,,06
201500009963,15,12,12,2135,5,2,1,1,3,06123,M,,,06
201500009964,15,6,24,1930,1,2,1,1,3,06027,M,,,06
201500009965,15,2,1,1400,1,2,3,1,5,06027,M,4366019.0,715558.0,06
201500009966,15,12,28,1105,1,2,1,1,6,06027,M,,,06
201500009967,15,6,27,1330,1,2,3,1,1,06027,M,,,06
201500009968,15,2,4,940,1,2,1,1,3,06123,M,,,06
201500009969,15,12,30,2245,5,2,1,1,6,06123,M,,,06
201500009970,15,6,27,1730,1,2,1,1,3,06123,M,,,06
201500009971,15,2,6,2140,5,2,2,1,3,06027,M,,,06
201500009972,15,6,28,1940,1,2,1,1,3,06123,M,,,06
201500009973,15,2,9,1650,1,2,1,1,5,06027,M,,,06
201500009974,15,6,29,810,1,2,3,1,5,06027,M,,,06
201500009975,15,2,10,1505,1,2,1,1,2,06027,M,,,06
201500009976,15,6,29,1810,1,2,2,1,3,06027,M,,,06
201500009977,15,6,29,1720,1,2,1,1,1,06027,M,,,06
201500009978,15,2,12,1645,1,2,1,1,7,06123,M,,,06
201500009979,15,6,29,2320,5,2,1,1,2,06027,M,,,06
201500009980,15,2,16,1800,1,2,1,2,6,06027,M,,,06
201500009981,15,6,30,1735,1,2,3,1,3,06027,M,,,06
201500009982,15,2,17,750,1,2,1,1,3,06027,M,,,06
201500009983,15,6,30,1915,1,2,1,1,4,06027,M,,,06
201500009984,15,7,2,1415,1,2,1,1,3,06027,M,,,06
201500009985,15,7,2,1940,1,2,1,1,1,06123,M,,,06
201500009986,15,2,20,1315,1,2,1,1,6,06027,M,,,06
201500009987,15,7,8,1040,1,2,1,1,6,06027,M,,,06
201500009988,15,2,20,1740,1,2,1,1,3,06027,M,,,06
201500009989,15,7,11,1935,1,2,1,1,3,06123,M,,,06
201500009990,15,2,22,1045,1,2,1,1,3,06123,M,,,06
201500009991,15,7,13,925,1,2,1,1,1,06123,M,,,06
201500009992,15,2,23,1030,1,2,1,1,3,06027,M,,,06
201500009993,15,7,16,930,1,2,2,1,4,06123,M,,,06
201500009994,15,2,27,1740,1,2,1,1,2,06123,M,,,06
201500009995,15,7,17,430,5,2,1,1,6,06027,M,,,06
201500009996,15,3,4,940,1,2,3,1,3,06027,M,,,06
201500009997,15,7,20,1100,1,2,3,1,6,06123,M,,,06
201500009998,15,7,20,1315,1,2,2,1,3,06027,M,,,06
201500009999,15,3,1,1600,1,2,1,1,1,06123,M,,,06
201500010000,15,7,24,2330,5,2,1,1,1,06123,M,,,06
201500010001,15,3,10,1615,1,2,1,1,4,06123,M,,,06
201500010002,15,7,25,1010,1,2,2,1,2,06123,M,,,06
201500010003,15,3,19,1600,1,2,1,1,6,06027,M,,,06
201500010004,15,7,26,810,1,2,1,1,6,06123,M,,,06
201500010005,15,7,26,2115,1,2,1,1,3,06027,M,,,06
201500010006,15,3,20,1525,1,2,1,1,2,06027,M,,,06
201500010007,15,3,21,1940,5,2,1,1,6,06123,M,,,06
201500010008,15,7,28,2000,1,2,1,1,3,06027,M,,,06
201500010009,15,7,29,1515,1,2,1,1,3,06027,M,,,06
201500010010,15,7,29,1730,1,2,1,1,6,06027,M,,,06
201500010011,15,3,24,2330,5,2,1,1,1,06123,M,,,06
201500010012,15,3,25,810,1,2,3,1,3,06123,M,,,06
201500010013,15,7,29,2115,1,2,2,1,3,06123,M,,,06
201500010014,15,8,6,1110,1,2,1,1,3,06123,M,,,06
201500010015,15,3,27,1710,1,2,6,1,3,06123,M,,,06
201500010016,15,4,2,750,1,2,3,1,3,06027,M,,,06
201500010017,15,8,6,1930,1,2,6,1,2,06027,M,,,06
201500010018,15,4,2,1920,1,2,2,1,3,06027,M,,,06
201500010019,15,8,7,1530,1,2,1,1,3,06123,M,,,06
201500010020,15,8,8,1515,1,2,3,1,1,06027,M,,,06
201500010021,15,4,6,1845,1,2,1,1,3,06123,M,4366704.0,718132.0,06
201500010022,15,4,8,2340,5,2,3,1,3,06027,M,,,06
201500010023,15,8,13,2030,2,2,2,1,3,06027,M,,,06
201500010024,15,4,8,2230,5,2,1,1,1,06123,M,,,06
201500010025,15,8,24,930,1,2,1,1,2,06027,M,,,06
201500010026,15,8,26,800,1,2,3,1,7,06123,M,,,06
201500010027,15,4,14,1605,1,2,4,1,3,06123,M,4367185.0,719239.0,06
201500010028,15,8,26,1750,1,2,1,1,3,06123,M,,,06
201500010029,15,4,18,1030,1,2,3,1,3,06123,M,4370327.0,718457.0,06
201500010030,15,8,27,1205,1,2,1,1,2,06027,M,,,06
201500010031,15,4,18,1300,1,2,1,1,6,06123,M,4365703.0,719735.0,06
201500010032,15,8,30,105,5,2,2,1,3,06027,M,,,06
201500010033,15,9,7,1715,1,2,1,1,3,06123,M,,,06
201500010034,15,4,20,2245,5,2,2,1,3,06027,M,4365622.0,715500.0,06
201500010035,15,9,10,1130,1,2,1,1,2,06027,M,,,06
201500010036,15,4,24,1015,1,2,1,1,6,06027,M,4367078.0,716395.0,06
201500010037,15,9,19,2210,5,2,1,1,3,06027,M,,,06
201500010038,15,9,24,1855,1,2,1,1,3,06027,M,,,06
201500010039,15,5,1,230,5,2,3,1,6,06027,M,,,06
201500010040,15,9,27,1640,1,2,3,1,3,06027,M,,,06
201500010041,15,9,28,1615,1,2,1,1,6,06027,M,,,06
201500010042,15,5,15,1730,1,2,1,1,6,06027,M,,,06
201500010043,15,10,4,2130,5,2,1,1,2,06123,M,,,06
201500010044,15,5,18,1150,1,2,1,1,4,06027,M,,,06
201500010045,15,10,3,600,5,2,1,1,2,06123,M,,,06
201500010046,15,5,19,1045,1,2,1,1,6,06027,M,,,06
201500010047,15,10,5,1115,1,2,6,1,2,06027,M,,,06
201500010048,15,5,21,1740,1,2,3,1,2,06027,M,,,06
201500010049,15,10,3,1600,1,2,1,3,6,06123,M,,,06
201500010050,15,10,7,1150,1,2,1,1,4,06027,M,,,06
201500010051,15,5,23,2345,5,2,1,1,2,06027,M,,,06
201500010052,15,10,11,950,1,2,3,1,3,06027,M,,,06
201500010053,15,5,25,1800,1,2,1,1,5,06027,M,,,06
201500010054,15,10,13,1600,1,2,1,1,1,06123,M,,,06
201500010055,15,5,28,1900,1,2,1,1,3,06027,M,,,06
201500010056,15,10,14,355,5,2,4,1,7,06123,M,,,06
201500010057,15,10,13,1805,2,2,4,1,5,06123,M,,,06
201500010058,15,5,31,1605,1,2,1,1,3,06027,M,,,06
201500010059,15,10,13,1950,2,2,1,1,1,06027,M,,,06
201500010060,15,10,15,1005,2,2,1,1,3,06027,M,,,06
201500010061,15,10,15,2020,5,2,1,1,3,06027,M,,,06
201500010062,15,10,19,1400,1,2,1,1,3,06027,M,,,06
201500010063,15,10,22,800,1,2,1,1,1,06027,M,,,06
201500010064,15,10,25,2015,5,2,2,1,3,06027,M,,,06
201500010065,15,10,15,1500,1,2,3,1,3,06027,M,,,06
201500010066,15,11,10,1345,1,2,1,1,4,06027,M,4365574.0,716153.0,06
201500010067,15,11,7,1200,1,2,1,1,4,06027,M,,,06
201500010068,15,11,13,1600,1,2,1,1,3,06027,M,4366002.0,714858.0,06
201500010069,15,11,10,830,1,2,1,1,2,06123,M,,,06
201500010070,15,11,10,1950,5,2,2,1,3,06027,M,,,06
201500010071,15,11,10,800,1,2,1,1,6,06123,M,,,06
201500010072,15,11,5,1050,1,2,1,1,3,06027,M,,,06
201500010073,15,11,25,920,1,2,1,1,4,06027,M,,,06
201500010074,15,11,25,1010,1,2,6,1,3,06027,M,,,06
201500010075,15,4,27,300,5,2,1,1,6,06027,M,4367241.0,712076.0,06
201500010076,15,1,4,1545,1,2,2,1,3,06029,M,4355303.0,701274.0,06
201500010077,15,1,5,1535,1,2,1,1,3,06029,M,,,06
201500010078,15,1,7,745,1,2,1,1,6,06029,M,,,06
201500010079,15,1,8,1720,5,2,1,1,3,06029,M,,,06
201500010080,15,1,12,1650,1,2,1,1,6,06029,M,4355833.0,702684.0,06
201500010081,15,1,16,1605,1,2,1,1,3,06029,M,4355321.0,697464.0,06
201500010082,15,1,17,1720,5,2,1,1,6,06029,M,,,06
201500010083,15,1,17,2215,4,2,1,1,1,06029,M,4355830.0,702708.0,06
201500010084,15,1,20,1400,1,2,1,1,3,06029,M,,,06
201500010085,15,1,22,800,1,2,1,1,3,06030,M,,,06
201500010086,15,1,23,1734,1,2,1,1,6,06029,M,4356670.0,702298.0,06
201500010087,15,1,27,1715,1,2,1,1,3,06030,M,,,06
201500010088,15,2,2,846,1,2,1,1,6,06030,M,,,06
201500010089,15,2,7,1531,1,1,1,1,6,06029,M,,,06
201500010090,15,2,11,1805,5,2,1,1,3,06030,M,,,06
201500010091,15,2,13,1845,1,2,1,1,1,06029,M,,,06
201500010092,15,2,17,1915,5,2,1,1,7,06029,M,,,06
201500010093,15,2,18,1531,1,2,1,1,6,06029,M,,,06
201500010094,15,2,18,1625,1,2,1,1,3,06029,M,,,06
201500010095,15,2,26,1930,5,2,1,1,6,06029,M,,,06
201500010096,15,2,27,914,1,2,1,1,2,06030,M,,,06
201500010097,15,3,6,1144,1,2,1,1,6,06030,M,,,06
201500010098,15,3,9,1130,1,2,1,1,7,06029,M,,,06
201500010099,15,3,15,1310,1,2,1,2,6,06030,M,,,06
201500010100,15,3,17,927,1,2,1,1,7,06029,M,,,06
201500010101,15,3,17,1546,1,2,1,1,6,06029,M,,,06
201500010102,15,3,17,2020,5,2,1,1,3,06029,M,,,06
201500010103,15,3,21,1641,1,2,1,1,6,06029,M,,,06
201500010104,15,3,24,1850,2,2,1,1,3,06030,M,,,06
201500010105,15,3,26,1230,1,2,1,1,6,06030,M,,,06
201500010106,15,3,26,1315,1,2,1,1,3,06029,M,,,06
201500010107,15,3,26,1620,1,2,1,1,6,06029,M,,,06
201500010108,15,3,27,905,1,1,1,1,3,06029,M,,,06
201500010109,15,3,27,2315,5,2,1,1,6,06029,M,,,06
201500010110,15,3,29,2010,5,2,1,1,3,06029,M,,,06
201500010111,15,3,31,1310,1,2,1,1,6,06029,M,,,06
201500010112,15,4,2,1445,1,2,1,1,2,06030,M,4357452.0,699976.0,06
201500010113,15,4,4,1130,1,2,1,1,6,06030,M,4357197.0,701358.0,06
201500010114,15,4,7,1015,1,2,1,1,2,06029,M,4355335.0,696339.0,06
201500010115,15,4,8,820,1,2,1,1,6,06029,M,4355572.0,697326.0,06
201500010116,15,4,9,1355,1,2,1,1,6,06029,M,,,06
201500010117,15,4,14,250,5,2,1,1,7,06030,M,4357943.0,701384.0,06
201500010118,15,4,15,1630,1,2,1,1,6,06029,M,4355520.0,702321.0,06
201500010119,15,4,22,1835,1,2,1,1,6,06029,M,,,06
201500010120,15,4,25,1300,1,2,1,1,2,06029,M,4355397.0,701708.0,06
201500010121,15,4,15,1700,1,2,1,1,6,06029,M,,,06
201500010122,15,4,28,1737,1,2,1,1,3,06029,M,4355436.0,701987.0,06
201500010123,15,4,29,1335,1,2,1,1,6,06029,M,4355139.0,701751.0,06
201500010124,15,4,30,1915,1,2,1,1,6,06029,M,,,06
201500010125,15,5,6,933,1,2,1,1,6,06029,M,,,06
201500010126,15,5,7,755,1,2,1,1,7,06030,M,,,06
201500010127,15,5,9,1350,1,2,1,1,3,06029,M,,,06
201500010128,15,5,10,950,1,2,1,1,3,06029,M,,,06
201500010129,15,5,6,1300,1,2,1,1,2,06029,M,,,06
201500010130,15,5,13,1821,1,2,1,1,6,06029,M,,,06
201500010131,15,5,14,1549,1,2,1,1,6,06029,M,,,06
201500010132,15,5,14,1725,1,2,1,1,6,06029,M,,,06
201500010133,15,5,17,2008,1,2,1,1,6,06029,M,,,06
201500010134,15,5,19,715,1,2,1,1,7,06030,M,,,06
201500010135,15,5,19,825,1,2,1,1,7,06029,M,,,06
201500010136,15,5,19,1523,1,2,1,1,6,06029,M,,,06
201500010137,15,5,20,909,1,2,1,1,3,06030,M,,,06
201500010138,15,5,21,1535,1,2,1,1,6,06029,M,,,06
201500010139,15,5,11,1723,1,2,1,1,3,06029,M,,,06
201500010140,15,5,26,835,1,2,1,1,3,06030,M,,,06
201500010141,15,5,26,2315,5,2,1,1,6,06029,M,,,06
201500010142,15,5,27,805,1,2,1,1,3,06030,M,,,06
201500010143,15,5,29,756,1,2,1,1,6,06029,M,,,06
201500010144,15,5,30,1857,1,2,1,1,6,06029,M,,,06
201500010145,15,6,1,1245,1,2,1,1,3,06029,M,,,06
201500010146,15,6,2,825,1,2,1,1,6,06030,M,,,06
201500010147,15,6,2,1450,1,2,1,1,3,06029,M,,,06
201500010148,15,6,4,1434,1,2,1,1,7,06030,M,,,06
201500010149,15,6,4,1745,1,2,1,1,7,06029,M,,,06
201500010150,15,6,7,931,1,2,1,1,1,06029,M,,,06
201500010151,15,6,7,1701,1,2,1,1,2,06030,M,,,06
201500010152,15,6,8,1002,1,2,1,1,4,06030,M,,,06
201500010153,15,6,8,1802,1,2,1,1,7,06029,M,,,06
201500010154,15,6,9,1813,1,2,1,1,3,06029,M,,,06
201500010155,15,6,11,1209,1,2,1,1,3,06030,M,,,06
201500010156,15,6,11,2320,5,2,1,1,6,06029,M,,,06
201500010157,15,6,13,1130,1,2,1,1,6,06030,M,,,06
201500010158,15,6,16,1722,1,2,1,1,7,06029,M,,,06
201500010159,15,6,21,1220,1,2,1,1,6,06030,M,,,06
201500010160,15,6,22,305,5,2,1,1,7,06029,M,,,06
201500010161,15,6,24,930,1,2,1,1,6,06030,M,,,06
201500010162,15,6,24,736,1,2,1,1,3,06029,M,,,06
201500010163,15,6,24,1933,1,2,1,1,6,06029,M,,,06
201500010164,15,6,26,1510,1,2,1,1,7,06029,M,,,06
201500010165,15,6,26,1215,1,2,1,1,3,06029,M,,,06
201500010166,15,6,28,1910,1,2,1,1,3,06029,M,,,06
201500010167,15,6,27,430,5,2,1,1,3,06029,M,,,06
201500010168,15,6,29,940,1,2,1,1,6,06029,M,,,06
201500010169,15,6,29,1353,1,2,2,1,3,06029,M,,,06
201500010170,15,7,5,1906,1,2,1,1,6,06029,M,,,06
201500010171,15,7,8,1430,1,2,1,7,3,06030,M,,,06
201500010172,15,7,11,1837,1,2,1,1,2,06029,M,,,06
201500010173,15,7,11,1952,1,2,1,1,7,06029,M,,,06
201500010174,15,7,14,1150,1,2,1,7,7,06030,M,,,06
201500010175,15,7,14,2225,5,2,1,1,3,06029,M,,,06
201500010176,15,7,14,2316,5,2,1,1,7,06029,M,,,06
201500010177,15,7,15,1221,1,2,1,1,3,06029,M,,,06
201500010178,15,7,16,2355,5,2,1,1,3,06029,M,,,06
201500010179,15,7,16,1230,1,2,1,1,3,06029,M,,,06
201500010180,15,7,16,1730,1,2,1,1,1,06030,M,,,06
201500010181,15,7,16,2350,5,2,1,1,3,06029,M,,,06
201500010182,15,7,17,25,5,2,1,1,3,06029,M,,,06
201500010183,15,7,18,1358,1,2,1,1,7,06029,M,,,06
201500010184,15,7,20,2158,5,2,1,1,3,06029,M,,,06
201500010185,15,7,21,1731,1,2,1,1,3,06030,M,,,06
201500010186,15,7,22,1031,1,2,1,1,3,06030,M,,,06
201500010187,15,7,23,1700,1,2,1,1,2,06030,M,,,06
201500010188,15,7,25,1300,1,2,1,7,6,06030,M,,,06
201500010189,15,7,29,950,1,2,1,1,6,06029,M,,,06
201500010190,15,7,29,1520,1,2,1,1,6,06029,M,,,06
201500010191,15,8,1,1500,1,2,1,1,6,06029,M,,,06
201500010192,15,8,12,1200,1,2,3,1,6,06029,M,,,06
201500010193,15,8,12,1250,1,2,1,1,3,06029,M,4355613.0,704341.0,06
201500010194,15,8,14,1125,1,2,3,1,3,06029,M,,,06
201500010195,15,8,15,1830,1,2,1,1,3,06029,M,,,06
201500010196,15,8,15,2200,4,2,1,1,6,06029,M,,,06
201500010197,15,8,21,1713,1,2,1,1,2,06029,M,,,06
201500010198,15,8,22,2300,5,2,2,1,6,06029,M,,,06
201500010199,15,8,17,1032,1,2,1,1,3,06029,M,,,06
201500010200,15,8,24,1830,1,2,1,3,6,06029,M,,,06
201500010201,15,8,17,1139,1,2,1,1,6,06029,M,,,06
201500010202,15,8,31,100,5,2,3,1,6,06029,M,,,06
201500010203,15,8,31,841,1,2,1,1,2,06029,M,,,06
201500010204,15,8,31,1150,1,2,1,1,6,06029,M,,,06
201500010205,15,8,31,1800,1,2,1,1,2,06029,M,,,06
201500010206,15,9,1,1622,1,2,1,1,7,06029,M,,,06
201500010207,15,9,6,120,5,2,1,1,1,06029,M,,,06
201500010208,15,9,6,1756,1,2,1,1,2,06029,M,,,06
201500010209,15,9,7,2030,5,2,1,1,6,06030,M,,,06
201500010210,15,9,7,2144,5,2,1,1,3,06029,M,,,06
201500010211,15,9,8,859,1,2,1,1,2,06030,M,,,06
201500010212,15,9,8,1355,1,2,1,1,2,06030,M,,,06
201500010213,15,9,8,1400,1,2,1,1,3,06029,M,,,06
201500010214,15,9,14,2100,5,2,1,1,2,06029,M,,,06
201500010215,15,9,18,936,1,2,1,1,7,06030,M,,,06
201500010216,15,9,18,1406,1,2,1,7,7,06029,M,,,06
201500010217,15,9,20,835,1,2,1,1,3,06029,M,,,06
201500010218,15,9,22,1055,1,2,1,1,6,06029,M,,,06
201500010219,15,9,26,1816,1,2,1,1,3,06029,M,,,06
201500010220,15,9,26,2230,5,2,1,1,2,06029,M,,,06
201500010221,15,10,3,740,1,2,1,1,3,06029,M,,,06
201500010222,15,10,14,1845,2,2,1,1,6,06029,M,,,06
201500010223,15,10,21,1230,1,2,1,1,6,06030,M,,,06
201500010224,15,10,21,1630,1,2,1,1,3,06029,M,,,06
201500010225,15,10,27,1338,1,2,1,1,2,06029,M,,,06
201500010226,15,10,27,2000,5,2,1,1,6,06029,M,,,06
201500010227,15,10,29,1814,5,2,1,1,6,06029,M,,,06
201500010228,15,11,1,1625,1,2,1,1,6,06029,M,,,06
201500010229,15,11,9,810,1,2,1,1,3,06029,M,,,06
201500010230,15,11,12,845,1,2,1,1,3,06029,M,,,06
201500010231,15,11,15,1907,5,2,1,1,2,06029,M,,,06
201500010232,15,11,19,1541,1,2,1,1,3,06029,M,,,06
201500010233,15,11,24,1005,1,2,1,1,6,06029,M,,,06
201500010234,15,11,25,1823,5,2,1,1,7,06029,M,,,06
201500010235,15,11,27,1515,1,2,1,1,6,06029,M,,,06
201500010236,15,11,27,1930,5,2,1,1,3,06029,M,,,06
201500010237,15,12,2,1035,1,2,1,1,6,06029,M,,,06
201500010238,15,12,3,820,1,2,1,1,7,06029,M,,,06
201500010239,15,12,3,1745,2,2,2,1,2,06029,M,,,06
201500010240,15,12,7,1215,1,2,1,1,2,06029,M,,,06
201500010241,15,12,9,1130,1,2,3,1,6,06029,M,,,06
201500010242,15,12,12,1930,5,2,1,1,3,06030,M,,,06
201500010243,15,12,12,1349,1,2,1,1,2,06029,M,,,06
201500010244,15,12,11,1755,5,2,1,1,6,06030,M,,,06
201500010245,15,12,13,2120,5,2,1,1,6,06029,M,,,06
201500010246,15,12,17,715,2,2,2,1,3,06029,M,,,06
201500010247,15,12,21,830,1,2,1,1,6,06029,M,,,06
201500010248,15,12,23,350,5,2,1,1,6,06029,M,,,06
201500010249,15,12,25,1640,1,2,1,1,3,06029,M,,,06
201500010250,15,12,28,1100,1,2,1,1,6,06029,M,,,06
201500010251,15,12,30,1859,2,2,1,1,6,06029,M,,,06
201500010252,15,3,21,10,5,2,1,1,7,06069,M,,,06
201500010253,15,1,2,1835,5,1,1,1,7,06069,M,4364416.0,689861.0,06
201500010254,15,3,23,1700,1,2,1,1,6,06069,M,,,06
201500010255,15,1,3,2135,5,1,1,1,6,06069,M,4365997.0,690204.0,06
201500010256,15,3,31,1610,1,2,1,1,4,06069,M,,,06
201500010257,15,1,6,1640,1,2,1,1,6,06069,M,4362990.0,692529.0,06
201500010258,15,4,2,1,5,2,4,1,7,06069,M,4363728.0,692402.0,06
201500010259,15,1,14,1405,1,2,1,1,6,06069,M,4364950.0,693280.0,06
201500010260,15,4,2,750,1,2,1,1,6,06069,M,4365640.0,692263.0,06
201500010261,15,1,16,915,1,2,1,2,7,06069,M,4362380.0,693338.0,06
201500010262,15,4,4,1515,1,2,1,2,1,06069,M,4367979.0,694867.0,06
201500010263,15,1,16,1035,1,1,1,2,6,06069,M,4366470.0,690375.0,06
201500010264,15,1,16,1455,1,2,1,2,6,06069,M,,,06
201500010265,15,4,5,15,5,2,1,2,3,06069,M,4363875.0,692192.0,06
201500010266,15,1,19,755,5,2,1,2,6,06069,M,,,06
201500010267,15,4,7,1700,1,2,1,1,1,06069,M,4367415.0,695523.0,06
201500010268,15,4,7,1030,1,2,1,1,2,06069,M,4365722.0,692081.0,06
201500010269,15,1,22,1515,1,2,1,1,1,06069,M,4365320.0,692903.0,06
201500010270,15,1,23,930,1,2,1,1,6,06069,M,,,06
201500010271,15,4,8,740,1,2,1,1,3,06069,M,4364153.0,693288.0,06
201500010272,15,4,8,900,1,2,1,1,3,06069,M,4364317.0,690377.0,06
201500010273,15,1,23,1630,2,2,1,1,1,06069,M,4364990.0,691885.0,06
201500010274,15,1,24,915,1,2,1,1,3,06069,M,,,06
201500010275,15,4,8,1209,1,1,1,1,7,06069,M,4364851.0,692954.0,06
201500010276,15,4,9,900,1,2,7,1,6,06069,M,4364171.0,695961.0,06
201500010277,15,1,25,2025,5,2,1,1,2,06069,M,4364260.0,690773.0,06
201500010278,15,1,31,1045,1,2,1,1,4,06069,M,4363667.0,695121.0,06
201500010279,15,4,11,805,1,2,1,1,7,06069,M,4363184.0,693149.0,06
201500010280,15,1,31,1800,5,2,1,1,2,06069,M,4366006.0,693015.0,06
201500010281,15,4,13,740,1,2,1,1,7,06069,M,4365279.0,692984.0,06
201500010282,15,2,2,1650,1,2,1,1,6,06069,M,,,06
201500010283,15,4,14,820,1,2,9,1,7,06069,M,4364135.0,693310.0,06
201500010284,15,2,4,1520,1,1,1,2,6,06069,M,,,06
201500010285,15,4,14,1430,1,2,1,1,3,06069,M,4366088.0,692537.0,06
201500010286,15,2,6,850,1,2,1,8,2,06069,M,,,06
201500010287,15,4,15,1900,2,2,1,1,6,06069,M,4365603.0,693017.0,06
201500010288,15,2,10,730,1,2,6,1,2,06069,M,,,06
201500010289,15,4,16,1600,1,1,1,1,2,06069,M,,,06
201500010290,15,2,10,1620,1,2,1,1,4,06069,M,,,06
201500010291,15,4,16,1725,1,1,1,1,7,06069,M,,,06
201500010292,15,2,11,1805,5,2,1,1,3,06069,M,,,06
201500010293,15,4,19,1800,1,2,1,1,3,06069,M,,,06
201500010294,15,2,11,2020,5,2,1,1,2,06069,M,,,06
201500010295,15,4,20,1030,1,1,1,1,6,06069,M,4359303.0,695912.0,06
201500010296,15,2,13,1315,1,2,1,8,1,06069,M,,,06
201500010297,15,4,20,1430,1,2,1,1,2,06069,M,4364315.0,691442.0,06
201500010298,15,2,16,1720,1,2,1,1,2,06069,M,,,06
201500010299,15,4,21,1600,1,2,1,1,1,06069,M,,,06
201500010300,15,2,19,1510,1,2,1,1,2,06069,M,,,06
201500010301,15,4,22,1015,1,2,1,1,3,06069,M,,,06
201500010302,15,2,22,945,1,2,1,1,6,06069,M,,,06
201500010303,15,4,22,1925,1,2,1,1,3,06069,M,,,06
201500010304,15,2,22,1100,1,2,1,1,1,06069,M,,,06
201500010305,15,4,27,905,1,2,1,3,5,06069,M,,,06
201500010306,15,2,24,1215,1,2,3,1,3,06069,M,,,06
201500010307,15,4,27,1040,1,2,1,2,6,06069,M,,,06
201500010308,15,2,24,1615,1,2,1,1,7,06069,M,,,06
201500010309,15,5,7,1340,1,2,1,1,6,06069,M,,,06
201500010310,15,2,26,1850,3,2,1,1,6,06069,M,,,06
201500010311,15,5,11,1010,1,2,6,1,6,06069,M,,,06
201500010312,15,3,8,336,5,2,1,1,7,06069,M,4365846.0,692032.0,06
201500010313,15,5,11,1750,1,2,1,1,2,06069,M,,,06
201500010314,15,3,9,1540,1,1,1,1,1,06069,M,,,06
201500010315,15,5,11,1740,1,1,1,1,7,06069,M,,,06
201500010316,15,3,5,1520,1,2,1,1,6,06069,M,,,06
201500010317,15,5,12,1815,1,1,1,1,4,06069,M,,,06
201500010318,15,3,11,815,1,2,3,1,3,06069,M,,,06
201500010319,15,5,15,815,1,2,1,1,1,06069,M,,,06
201500010320,15,3,11,1925,5,2,1,1,7,06069,M,,,06
201500010321,15,5,18,1150,1,2,1,1,7,06069,M,,,06
201500010322,15,3,13,1515,1,2,1,1,7,06069,M,,,06
201500010323,15,5,19,945,1,2,1,1,7,06069,M,,,06
201500010324,15,3,13,1750,1,2,1,1,3,06069,M,,,06
201500010325,15,5,19,1200,1,2,3,1,3,06069,M,,,06
201500010326,15,3,13,2240,5,2,1,1,7,06069,M,,,06
201500010327,15,5,19,2150,5,2,1,1,6,06069,M,,,06
201500010328,15,3,15,2145,5,2,1,1,6,06069,M,,,06
201500010329,15,5,21,955,1,2,1,1,6,06069,M,,,06
201500010330,15,3,18,1310,1,2,1,1,7,06069,M,,,06
201500010331,15,5,23,950,1,2,1,1,2,06069,M,4365658.0,693026.0,06
201500010332,15,5,21,1045,1,2,1,1,2,06069,M,,,06
201500010333,15,3,22,1050,1,2,1,2,1,06069,M,,,06
201500010334,15,5,28,1500,1,2,1,1,6,06069,M,,,06
201500010335,15,3,22,1450,1,2,1,2,6,06069,M,,,06
201500010336,15,5,29,700,1,1,1,1,6,06069,M,,,06
201500010337,15,5,29,1400,1,1,1,1,3,06069,M,,,06
201500010338,15,6,3,1240,1,2,1,1,2,06069,M,4364860.0,692575.0,06
201500010339,15,6,4,1420,1,2,1,1,1,06069,M,,,06
201500010340,15,6,4,1205,1,2,1,1,3,06069,M,,,06
201500010341,15,6,3,1430,1,2,1,1,2,06069,M,,,06
201500010342,15,6,5,2030,2,2,1,1,6,06069,M,,,06
201500010343,15,6,8,1100,1,2,1,1,6,06069,M,,,06
201500010344,15,6,9,1230,1,2,6,1,1,06069,M,,,06
201500010345,15,6,11,2150,5,2,1,1,7,06069,M,,,06
201500010346,15,6,12,430,1,1,1,1,7,06069,M,,,06
201500010347,15,6,12,1025,1,2,1,2,7,06069,M,,,06
201500010348,15,6,16,1630,1,2,1,2,7,06069,M,,,06