Num_Acc,an,mois,jour,hrmn,lum,agg,int,atm,col,com,gps,lat,long,dep
201500010349,15,6,18,1415,1,2,1,1,1,06069,M,4364147.0,694443.0,06
201500010350,15,6,20,1050,1,2,1,2,2,06069,M,4364140.0,693697.0,06
201500010351,15,6,20,1615,1,2,1,1,1,06069,M,4362310.0,692612.0,06
201500010352,15,6,20,1530,1,2,6,1,3,06069,M,4364976.0,693160.0,06
201500010353,15,6,26,1425,1,2,1,1,7,06069,M,4364010.0,697893.0,06
201500010354,15,6,27,2250,5,2,1,1,7,06069,M,4363320.0,691721.0,06
201500010355,15,6,30,1800,1,2,3,1,3,06069,M,4362540.0,692744.0,06
201500010356,15,7,5,2015,1,2,1,1,6,06069,M,4365450.0,691872.0,06
201500010357,15,7,7,1130,1,2,1,1,2,06069,M,,,06
201500010358,15,7,9,1930,1,2,1,1,6,06069,M,4363737.0,300000.0,06
201500010359,15,7,16,245,5,2,1,1,6,06069,M,4364905.0,692393.0,06
201500010360,15,7,16,1535,1,2,1,1,1,06069,M,,,06
201500010361,15,7,22,2200,5,2,1,1,1,06069,M,,,06
201500010362,15,7,23,600,2,2,1,1,6,06069,M,4363162.0,693184.0,06
201500010363,15,7,23,1412,1,2,1,1,1,06069,M,4365580.0,692442.0,06
201500010364,15,7,25,1905,1,2,1,1,1,06069,M,4365510.0,694197.0,06
201500010365,15,7,27,1120,1,2,1,1,1,06069,M,,,06
201500010366,15,7,26,1920,1,1,1,1,1,06069,M,4366770.0,692903.0,06
201500010367,15,7,27,1940,1,2,1,1,3,06069,M,4364840.0,693542.0,06
201500010368,15,7,29,830,1,2,1,1,7,06069,M,,,06
201500010369,15,7,29,830,1,2,1,1,7,06069,M,4364914.0,691745.0,06
201500010370,15,7,30,1208,1,2,1,1,2,06069,M,4364518.0,694139.0,06
201500010371,15,7,30,1430,1,2,1,1,7,06069,M,4366752.0,688782.0,06
201500010372,15,8,2,415,5,2,6,1,7,06069,M,4364170.0,691164.0,06
201500010373,15,8,4,1445,1,2,9,1,3,06069,M,4366457.0,691932.0,06
201500010374,15,8,10,1955,1,2,1,1,5,06069,M,4364215.0,691201.0,06
201500010375,15,8,10,1730,1,1,1,1,2,06069,M,4338164.0,711600.0,06
201500010376,15,8,12,2255,5,2,1,1,3,06069,M,4365447.0,691873.0,06
201500010377,15,8,14,1525,1,1,1,2,6,06069,M,,,06
201500010378,15,8,14,1725,1,2,1,2,6,06069,M,4366300.0,693950.0,06
201500010379,15,8,17,100,5,2,1,1,1,06069,M,,,06
201500010380,15,8,17,1535,1,2,6,1,3,06069,M,,,06
201500010381,15,8,19,1815,1,2,1,1,7,06069,M,,,06
201500010382,15,8,23,1045,1,2,1,8,1,06069,M,4363923.0,692779.0,06
201500010383,15,8,24,1150,1,2,1,1,6,06069,M,4365693.0,692022.0,06
201500010384,15,8,24,1825,1,2,1,2,4,06069,M,,,06
201500010385,15,8,26,1940,1,2,1,1,7,06069,M,,,06
201500010386,15,8,27,1400,1,2,1,1,1,06069,M,,,06
201500010387,15,8,27,1620,1,2,1,1,2,06069,M,,,06
201500010388,15,8,28,1805,1,2,1,1,6,06069,M,4364477.0,693966.0,06
201500010389,15,8,30,2100,2,1,1,1,7,06069,M,4365850.0,690308.0,06
201500010390,15,9,2,2025,5,2,1,1,7,06069,M,4364468.0,694195.0,06
201500010391,15,9,3,1030,1,2,1,1,6,06069,M,,,06
201500010392,15,9,3,1130,1,2,1,1,7,06069,M,,,06
201500010393,15,9,7,730,1,2,1,1,1,06069,M,4364093.0,691048.0,06
201500010394,15,9,7,2310,5,2,1,1,6,06069,M,4366330.0,692953.0,06
201500010395,15,9,8,1750,1,2,3,1,3,06069,M,,,06
201500010396,15,9,10,1820,1,2,1,1,2,06069,M,4365340.0,692514.0,06
201500010397,15,9,9,2020,1,2,1,1,7,06069,M,,,06
201500010398,15,9,16,810,1,2,3,1,3,06069,M,4364938.0,693330.0,06
201500010399,15,9,16,1315,1,2,1,8,2,06069,M,4365621.0,693001.0,06
201500010400,15,9,17,1720,1,2,6,8,2,06069,M,4364534.0,694493.0,06
201500010401,15,9,18,1345,1,2,1,1,5,06069,M,,,06
201500010402,15,9,19,2300,5,2,1,1,5,06069,M,4363800.0,695081.0,06
201500010403,15,9,21,1745,1,2,1,1,7,06069,M,4364715.0,694009.0,06
201500010404,15,9,21,2020,5,2,1,1,3,06069,M,4364038.0,691828.0,06
201500010405,15,9,22,800,1,2,1,1,1,06069,M,4365327.0,694863.0,06
201500010406,15,9,23,750,1,2,1,1,3,06069,M,4364525.0,694090.0,06
201500010407,15,9,23,1840,1,2,1,7,1,06069,M,4365973.0,695296.0,06
201500010408,15,9,28,1330,1,2,1,1,2,06069,M,4364046.0,694821.0,06
201500010409,15,9,29,1615,1,2,1,1,1,06069,M,4367807.0,695740.0,06
201500010410,15,9,30,225,3,1,1,1,7,06069,M,,,06
201500010411,15,10,1,1625,1,2,1,1,2,06069,M,4364187.0,691129.0,06
201500010412,15,10,2,930,1,1,1,1,6,06069,M,,,06
201500010413,15,10,2,1520,1,1,1,3,6,06069,M,4363148.0,694705.0,06
201500010414,15,10,6,1815,1,1,1,1,7,06069,M,4366464.0,691582.0,06
201500010415,15,10,9,1855,2,1,1,1,6,06069,M,4367514.0,690003.0,06
201500010416,15,10,12,1645,1,2,1,2,2,06069,M,4366219.0,693427.0,06
201500010417,15,10,13,1830,2,2,1,1,3,06069,M,4365827.0,692580.0,06
201500010418,15,10,13,1905,2,2,1,1,7,06069,M,,,06
201500010419,15,10,16,1615,1,2,1,1,6,06069,M,4365746.0,692330.0,06
201500010420,15,10,16,1710,1,2,1,1,6,06069,M,4364098.0,691045.0,06
201500010421,15,10,18,1755,1,1,1,5,6,06069,M,4366633.0,690186.0,06
201500010422,15,10,19,620,5,2,3,8,3,06069,M,4364480.0,693975.0,06
201500010423,15,10,15,1430,1,2,1,1,3,06069,M,,,06
201500010424,15,10,23,1910,3,2,1,1,4,06069,M,4364276.0,690798.0,06
201500010425,15,10,24,105,5,2,1,1,6,06069,M,4365780.0,691889.0,06
201500010426,15,10,24,2150,5,2,2,1,3,06069,M,4364910.0,692339.0,06
201500010427,15,10,25,800,1,2,1,1,6,06069,M,4365436.0,692159.0,06
201500010428,15,10,28,840,1,2,1,2,3,06069,M,4365621.0,693060.0,06
201500010429,15,10,28,1515,1,1,1,3,6,06069,M,4366608.0,690068.0,06
201500010430,15,10,29,1000,1,2,1,1,4,06069,M,4364810.0,692709.0,06
201500010431,15,11,3,1315,1,2,1,2,6,06069,M,,,06
201500010432,15,11,4,350,5,2,1,1,1,06069,M,,,06
201500010433,15,11,4,900,1,2,9,1,3,06069,M,4366126.0,692267.0,06
201500010434,15,11,4,930,1,2,1,1,1,06069,M,4368136.0,696713.0,06
201500010435,15,11,5,850,1,2,1,1,7,06069,M,4363646.0,691083.0,06
201500010436,15,11,6,1745,5,2,1,1,2,06069,M,4365375.0,694431.0,06
201500010437,15,11,8,615,2,2,1,1,7,06069,M,4364524.0,689466.0,06
201500010438,15,11,9,1010,1,2,1,1,6,06069,M,,,06
201500010439,15,11,10,1030,1,2,1,1,1,06069,M,4362864.0,692865.0,06
201500010440,15,11,13,755,1,2,1,1,2,06069,M,4364488.0,694609.0,06
201500010441,15,11,13,820,1,2,1,1,6,06069,M,,,06
201500010442,15,11,13,1540,1,2,6,1,5,06069,M,4364957.0,693168.0,06
201500010443,15,11,17,856,1,2,1,8,7,06069,M,4366540.0,693521.0,06
201500010444,15,11,17,1745,2,2,1,1,1,06069,M,,,06
201500010445,15,11,18,2000,5,2,1,1,1,06069,M,4364184.0,693767.0,06
201500010446,15,11,24,1500,1,2,1,1,6,06069,M,4365023.0,692006.0,06
201500010447,15,11,25,910,1,2,1,1,7,06069,M,,,06
201500010448,15,11,27,830,1,2,1,1,6,06069,M,,,06
201500010449,15,11,29,135,5,2,1,1,7,06069,M,,,06
201500010450,15,11,30,945,1,2,1,1,7,06069,M,4363404.0,690813.0,06
201500010451,15,11,30,1715,3,2,1,1,6,06069,M,4363580.0,697378.0,06
201500010452,15,12,1,715,2,2,1,1,7,06069,M,4365364.0,692520.0,06
201500010453,15,12,1,1135,1,2,1,1,7,06069,M,4365692.0,692022.0,06
201500010454,15,12,2,940,1,2,1,1,6,06069,M,4364870.0,693657.0,06
201500010455,15,12,2,2200,5,2,1,1,7,06069,M,,,06
201500010456,15,12,3,1345,1,2,1,1,3,06069,M,4364157.0,693647.0,06
201500010457,15,12,5,1800,5,2,1,2,7,06069,M,,,06
201500010458,15,12,7,1355,1,2,1,2,7,06069,M,4365758.0,692109.0,06
201500010459,15,12,8,750,2,2,1,8,1,06069,M,,,06
201500010460,15,12,8,820,1,1,1,8,6,06069,M,,,06
201500010461,15,12,14,910,1,2,1,1,5,06069,M,4367146.0,698889.0,06
201500010462,15,12,16,1515,1,2,1,1,4,06069,M,4364513.0,690124.0,06
201500010463,15,12,17,1820,5,2,1,1,2,06069,M,,,06
201500010464,15,12,19,1910,5,2,6,1,6,06069,M,4365499.0,639653.0,06
201500010465,15,12,21,2040,5,2,1,1,6,06069,M,4364202.0,691147.0,06
201500010466,15,12,22,2149,5,2,1,1,7,06069,M,4364788.0,691661.0,06
201500010467,15,12,24,1250,1,1,1,1,4,06069,M,4363177.0,695669.0,06
201500010468,15,12,25,2145,5,2,1,1,2,06069,M,4365313.0,694566.0,06
201500010469,15,12,26,1450,1,2,6,1,7,06069,M,4366018.0,692249.0,06
201500010470,15,12,28,730,2,2,1,1,7,06069,M,4365533.0,691729.0,06
201500010471,15,12,30,1315,1,2,1,1,4,06069,M,4363429.0,693941.0,06
201500010472,15,6,17,725,1,2,3,1,6,06083,M,4346000.0,730000.0,06
201500010473,15,6,24,1439,1,2,1,1,1,06104,M,4376310.0,745470.0,06
201500010474,15,7,5,250,5,2,1,1,6,06083,M,4377840.0,750720.0,06
201500010475,15,12,30,805,2,2,1,1,6,06083,M,4378560.0,750770.0,06
201500010476,15,7,7,2255,5,2,6,1,3,06083,M,4377550.0,748120.0,06
201500010477,15,7,3,1900,1,1,1,1,6,06104,M,4376253.0,745519.0,06
201500010478,15,7,9,2130,2,2,3,1,3,06083,M,4377100.0,749200.0,06
201500010479,15,12,13,1450,1,2,1,1,2,06104,M,4375770.0,744310.0,06
201500010480,15,12,31,1,5,2,6,1,3,06104,M,,,06
201500010481,15,7,10,1525,1,2,2,1,3,06083,M,4376967.0,749247.0,06
201500010482,15,7,19,1745,1,2,2,1,3,06083,M,4376885.0,749115.0,06
201500010483,15,7,16,1035,1,2,1,1,6,06083,M,4377440.0,750600.0,06
201500010484,15,7,24,110,5,2,3,1,7,06104,M,,,06
201500010485,15,8,1,1715,1,1,1,1,3,06104,M,,,06
201500010486,15,8,25,1345,1,2,1,1,1,06104,M,4376323.0,744793.0,06
201500010487,15,8,31,830,1,2,3,1,6,06083,M,4377100.0,749440.0,06
201500010488,15,9,10,2330,5,2,1,1,1,06012,M,4375200.0,742680.0,06
201500010489,15,9,12,120,5,2,6,1,6,06104,M,4376020.0,745220.0,06
201500010490,15,9,13,120,5,2,1,1,7,06104,M,4376130.0,747440.0,06
201500010491,15,8,21,640,1,2,1,1,2,06104,M,4376037.0,747959.0,06
201500010492,15,8,13,1912,1,2,1,1,1,06083,M,,,06
201500010493,15,9,28,1740,1,2,1,1,1,06104,M,,,06
201500010494,15,10,2,2110,5,2,1,2,7,06083,M,,,06
201500010495,15,9,28,844,1,2,1,1,3,06083,M,4377930.0,747980.0,06
201500010496,15,10,5,1320,1,2,1,1,5,06104,M,4374770.0,743650.0,06
201500010497,15,9,24,2105,5,2,2,1,6,06083,M,4377510.0,749350.0,06
201500010498,15,9,22,1200,1,2,1,1,6,06083,M,4378620.0,748770.0,06
201500010499,15,10,9,2137,5,2,1,1,3,06083,M,4378250.0,748000.0,06
201500010500,15,10,12,800,1,2,1,1,3,06083,M,4377640.0,748620.0,06
201500010501,15,10,17,1755,1,2,3,1,3,06012,M,4377650.0,747950.0,06
201500010502,15,10,20,216,5,2,1,1,5,06083,M,4377430.0,750330.0,06
201500010503,15,10,27,1310,1,2,1,1,1,06104,M,4375250.0,743220.0,06
201500010504,15,10,23,1937,5,2,3,1,3,06012,M,4344220.0,724530.0,06
201500010505,15,11,9,820,1,2,1,1,6,06083,M,4377490.0,746800.0,06
201500010506,15,10,22,1133,1,2,1,1,1,06104,M,4375820.0,746650.0,06
201500010507,15,11,23,1925,5,2,1,1,6,06104,M,,,06
201500010508,15,11,29,140,5,2,1,1,2,06083,M,4377080.0,749430.0,06
201500010509,15,11,30,1720,2,2,1,1,5,06104,M,4375820.0,746450.0,06
201500010510,15,12,3,1655,1,2,1,1,7,06083,M,4378494.0,752299.0,06
201500010511,15,11,28,1105,1,2,6,1,3,06083,M,,,06
201500010512,15,11,26,1410,1,2,3,1,3,06083,M,4377170.0,749680.0,06
201500010513,15,12,5,825,1,2,1,1,3,06083,M,4378480.0,751500.0,06
201500010514,15,12,6,40,5,2,9,2,4,06083,M,4377630.0,749730.0,06
201500010515,15,12,13,1438,1,2,1,1,2,06104,M,,,06
201500010516,15,12,22,2240,5,1,2,1,3,06104,M,4376100.0,746810.0,06
201500010517,15,12,23,940,1,2,9,1,3,06083,M,,,06
201500010518,15,11,18,1200,1,1,2,1,3,06012,M,,,06
201500010519,15,12,24,1910,3,2,1,1,6,06104,M,,,06
201500010520,15,1,3,2145,5,2,1,1,3,06083,M,4377105.0,749488.0,06
201500010521,15,1,3,1145,1,2,3,1,6,06104,M,4376212.0,748472.0,06
201500010522,15,1,6,2225,5,2,1,1,5,06104,M,4376270.0,745397.0,06
201500010523,15,1,6,1200,1,2,1,1,3,06104,M,4376176.0,746311.0,06
201500010524,15,1,12,1300,1,2,4,1,2,06012,M,,,06
201500010525,15,1,21,1620,1,2,2,2,3,06083,M,4377420.0,748942.0,06
201500010526,15,1,25,1115,1,2,1,7,6,06012,M,,,06
201500010527,15,1,22,1930,5,2,1,1,6,06083,M,,,06
201500010528,15,1,28,2250,5,2,1,1,6,06083,M,4376767.0,748433.0,06
201500010529,15,1,31,1115,1,2,1,1,3,06104,M,4375334.0,744351.0,06
201500010530,15,2,12,1330,1,2,1,1,2,06083,M,,,06
201500010531,15,2,27,1233,1,2,3,1,2,06083,M,,,06
201500010532,15,3,7,1050,1,2,1,1,7,06104,M,,,06
201500010533,15,2,12,1410,1,2,2,1,3,06083,M,,,06
201500010534,15,3,7,2020,3,1,1,1,6,06083,M,,,06
201500010535,15,3,11,1920,5,2,1,1,1,06083,M,,,06
201500010536,15,3,17,525,5,2,1,2,6,06083,M,,,06
201500010537,15,2,11,1130,1,2,3,1,3,06083,M,,,06
201500010538,15,3,28,1520,1,2,1,1,3,06083,M,,,06
201500010539,15,3,29,1848,1,2,9,1,3,06083,M,,,06
201500010540,15,4,5,130,5,2,1,3,1,06012,M,,,06
201500010541,15,3,24,925,1,2,4,1,3,06104,M,,,06
201500010542,15,4,19,2135,5,2,2,1,3,06083,M,,,06
201500010543,15,4,17,10,5,2,1,2,7,06104,M,4376492.0,748291.0,06
201500010544,15,5,2,1505,1,2,1,1,1,06083,M,,,06
201500010545,15,4,7,720,1,2,1,1,6,06083,M,4380449.0,748746.0,06
201500010546,15,5,5,2342,5,2,1,1,2,06083,M,,,06
201500010547,15,5,8,15,3,1,1,1,1,06083,M,,,06
201500010548,15,5,2,1010,1,2,1,1,3,06012,M,,,06
201500010549,15,5,20,920,1,2,3,1,3,06104,M,,,06
201500010550,15,5,3,1150,1,2,1,1,6,06083,M,,,06
201500010551,15,6,2,2105,2,2,2,1,6,06083,M,,,06
201500010552,15,6,10,1623,1,2,1,1,3,06083,M,,,06
201500010553,15,6,5,825,1,2,1,1,3,06083,M,,,06
201500010554,15,3,3,1345,1,2,1,1,7,06012,M,,,06
201500010555,15,6,3,2125,5,2,1,1,7,06104,M,,,06
201500010556,15,1,2,2110,5,2,1,1,2,06088,M,4369173.0,724457.0,06
201500010557,15,1,3,2030,5,2,1,1,1,06088,M,4370680.0,726980.0,06
201500010558,15,1,4,1110,1,2,1,1,6,06088,M,,,06
201500010559,15,1,5,745,1,2,3,1,3,06088,M,4370427.0,727364.0,06
201500010560,15,3,16,1645,1,2,1,2,6,06088,M,,,06
201500010561,15,1,5,955,1,2,1,1,3,06088,M,4372490.0,727092.0,06
201500010562,15,3,17,1450,1,2,1,2,6,06088,M,,,06
201500010563,15,1,5,1730,5,2,6,1,3,06088,M,4368314.0,720286.0,06
201500010564,15,3,17,1550,1,2,1,1,4,06088,M,,,06
201500010565,15,1,5,1830,5,2,2,1,3,06088,M,4370821.0,726497.0,06
201500010566,15,1,6,1300,1,2,1,1,6,06088,M,4371913.0,728310.0,06
201500010567,15,3,17,1620,1,2,1,1,6,06088,M,,,06
201500010568,15,3,17,1706,1,2,1,1,6,06088,M,4341141.0,713375.0,06
201500010569,15,1,8,1000,1,2,1,1,5,06088,M,4369190.0,724889.0,06
201500010570,15,1,9,1300,1,2,4,1,3,06088,M,,,06
201500010571,15,3,18,1235,1,2,1,1,3,06088,M,,,06
201500010572,15,1,9,1300,1,2,1,1,2,06088,M,,,06
201500010573,15,3,17,1730,1,2,1,1,6,06159,M,,,06
201500010574,15,1,10,500,5,2,2,1,3,06088,M,,,06
201500010575,15,3,19,755,1,2,2,1,3,06088,M,,,06
201500010576,15,3,19,1154,1,2,1,1,6,06088,M,4340298.0,713014.0,06
201500010577,15,1,10,1215,1,2,1,1,2,06088,M,4372870.0,723759.0,06
201500010578,15,3,20,720,1,2,3,1,3,06088,M,4343010.0,715107.0,06
201500010579,15,1,10,2000,5,2,1,1,6,06088,M,4367500.0,721093.0,06
201500010580,15,1,12,715,1,2,2,1,3,06088,M,,,06
201500010581,15,3,21,930,1,2,1,1,4,06088,M,,,06
201500010582,15,1,13,1400,1,2,1,1,5,06159,M,,,06
201500010583,15,3,22,855,1,2,2,2,3,06088,M,,,06
201500010584,15,1,13,1505,1,2,1,1,1,06088,M,,,06
201500010585,15,3,23,1615,1,2,1,1,3,06088,M,,,06
201500010586,15,3,23,1730,1,2,1,1,1,06088,M,,,06
201500010587,15,1,14,1330,1,2,1,1,2,06088,M,4369290.0,719437.0,06
201500010588,15,3,24,1430,1,2,1,8,2,06088,M,,,06
201500010589,15,1,15,1455,1,2,1,1,6,06088,M,4369190.0,724894.0,06
201500010590,15,3,24,1850,5,2,1,3,3,06088,M,4340555.0,713555.0,06
201500010591,15,1,16,1200,1,2,1,8,3,06088,M,4369390.0,725661.0,06
201500010592,15,3,25,2009,5,2,1,1,7,06088,M,,,06
201500010593,15,1,16,1845,5,2,1,8,6,06088,M,4370540.0,728452.0,06
201500010594,15,1,18,1745,5,2,1,1,1,06088,M,,,06
201500010595,15,3,25,2235,5,2,1,1,3,06088,M,4341468.0,714296.0,06
201500010596,15,3,26,1205,1,2,1,1,6,06088,M,,,06
201500010597,15,1,19,842,1,2,1,2,6,06088,M,4373730.0,730155.0,06
201500010598,15,3,25,1935,5,2,1,1,6,06088,M,4342120.0,715220.0,06
201500010599,15,1,19,900,1,2,1,3,4,06088,M,4367020.0,722276.0,06
201500010600,15,3,26,2005,5,2,1,1,6,06088,M,,,06
201500010601,15,1,19,1050,1,2,2,2,6,06088,M,4370830.0,729223.0,06
201500010602,15,3,28,1545,1,2,1,1,6,06088,M,,,06
201500010603,15,1,19,1900,5,2,1,1,6,06088,M,4368040.0,723094.0,06
201500010604,15,1,20,2225,4,2,1,1,6,06088,M,,,06
201500010605,15,3,29,1300,1,2,1,1,3,06159,M,,,06
201500010606,15,1,21,1000,1,2,1,2,3,06088,M,,,06
201500010607,15,3,27,1700,1,2,1,1,6,06088,M,4342145.0,715524.0,06
201500010608,15,3,30,1005,1,2,2,1,3,06088,M,,,06
201500010609,15,1,22,1620,1,2,1,1,3,06088,M,4369830.0,726459.0,06
201500010610,15,3,30,1140,1,2,2,1,7,06088,M,4341593.0,716188.0,06
201500010611,15,1,22,1720,5,2,1,1,6,06088,M,4369480.0,723744.0,06
201500010612,15,1,24,510,5,2,1,1,3,06088,M,,,06
201500010613,15,3,30,1602,1,2,1,1,2,06088,M,,,06
201500010614,15,1,24,1420,1,2,1,1,2,06088,M,,,06
201500010615,15,3,30,1721,1,2,1,1,6,06088,M,,,06
201500010616,15,3,31,2100,5,2,1,1,2,06088,M,,,06
201500010617,15,1,24,1845,5,2,1,1,3,06088,M,4371020.0,729466.0,06
201500010618,15,3,31,2035,5,2,3,1,3,06088,M,,,06
201500010619,15,1,24,1910,5,2,1,1,1,06088,M,4369114.0,724669.0,06
201500010620,15,1,25,1530,1,2,1,1,3,06088,M,,,06
201500010621,15,4,1,1410,1,2,1,1,4,06088,M,4367095.0,720879.0,06
201500010622,15,4,2,840,1,2,1,1,3,06088,M,4368366.0,722190.0,06
201500010623,15,1,26,1700,1,2,9,1,6,06088,M,4371990.0,725669.0,06
201500010624,15,4,2,1615,1,2,1,1,6,06159,M,4370771.0,730744.0,06
201500010625,15,1,28,930,1,2,1,1,6,06088,M,4369830.0,722914.0,06
201500010626,15,1,28,2140,5,2,2,1,3,06088,M,,,06
201500010627,15,4,3,301,5,2,9,1,3,06088,M,4300000.0,700000.0,06
201500010628,15,1,29,2058,5,2,1,2,3,06088,M,4368605.0,723703.0,06
201500010629,15,4,4,1315,1,2,2,1,3,06088,M,4371309.0,726175.0,06
201500010630,15,1,30,1600,1,2,1,1,2,06088,M,,,06
201500010631,15,4,7,1700,1,2,1,1,6,06088,M,,,06
201500010632,15,4,7,1805,1,2,1,1,3,06088,M,,,06
201500010633,15,1,30,2300,5,2,1,1,1,06159,M,4370710.0,730411.0,06
201500010634,15,1,31,250,5,2,2,1,3,06088,M,4370636.0,726860.0,06
201500010635,15,4,8,1655,1,2,2,1,3,06088,M,4371171.0,728492.0,06
201500010636,15,2,1,1155,1,2,2,1,3,06088,M,,,06
201500010637,15,4,8,1800,1,2,2,1,3,06088,M,,,06
201500010638,15,2,2,2006,5,2,1,1,3,06088,M,,,06
201500010639,15,2,2,2025,5,2,1,1,3,06088,M,,,06
201500010640,15,4,10,1,5,2,3,1,3,06088,M,4370590.0,728303.0,06
201500010641,15,2,3,130,5,2,1,1,6,06088,M,,,06
201500010642,15,4,10,1710,1,2,1,1,3,06088,M,4372031.0,729172.0,06
201500010643,15,2,4,1000,1,2,2,2,3,06088,M,,,06
201500010644,15,4,10,1738,1,2,1,1,2,06088,M,,,06
201500010645,15,2,4,1810,5,2,1,2,6,06088,M,,,06
201500010646,15,4,12,1515,1,2,1,1,3,06088,M,,,06
201500010647,15,2,4,1915,5,2,2,3,3,06088,M,,,06
201500010648,15,4,12,1700,1,2,1,1,2,06088,M,4341381.0,715233.0,06
201500010649,15,2,4,2315,5,2,2,1,3,06088,M,,,06
201500010650,15,4,12,1730,1,2,1,1,6,06088,M,,,06
201500010651,15,2,4,2352,5,2,2,1,3,06088,M,,,06
201500010652,15,4,12,248,5,2,3,1,3,06159,M,4370403.0,732212.0,06
201500010653,15,2,5,1120,1,2,1,2,2,06088,M,,,06
201500010654,15,4,10,1745,1,1,2,1,6,06088,M,4342079.0,717194.0,06
201500010655,15,2,5,1855,5,2,1,2,3,06088,M,,,06
201500010656,15,4,15,845,1,2,1,1,3,06088,M,4368994.0,724163.0,06
201500010657,15,2,6,1225,1,2,3,1,5,06088,M,,,06
201500010658,15,4,15,1910,1,1,1,1,1,06088,M,4369613.0,720422.0,06
201500010659,15,2,6,1650,2,2,1,2,4,06088,M,,,06
201500010660,15,4,16,1420,1,2,1,1,3,06088,M,,,06
201500010661,15,2,6,1705,2,2,1,2,6,06088,M,,,06
201500010662,15,4,14,1750,1,2,1,1,3,06088,M,,,06
201500010663,15,2,6,1810,5,2,1,1,2,06088,M,,,06
201500010664,15,4,17,1400,1,2,1,1,6,06088,M,4342010.0,717121.0,06
201500010665,15,2,7,2050,5,2,3,1,3,06088,M,,,06
201500010666,15,4,17,1650,1,2,1,1,6,06088,M,,,06
201500010667,15,2,8,104,5,2,1,1,2,06088,M,,,06
201500010668,15,4,17,1850,1,2,3,1,3,06088,M,4371938.0,726561.0,06
201500010669,15,2,8,1930,5,2,2,1,3,06088,M,,,06
201500010670,15,4,18,1253,1,2,1,1,3,06088,M,4372560.0,728476.0,06
201500010671,15,2,9,1635,1,2,3,1,6,06088,M,,,06
201500010672,15,4,18,1429,1,2,4,8,3,06088,M,,,06
201500010673,15,2,9,1745,1,2,1,1,3,06088,M,,,06
201500010674,15,4,20,545,5,2,1,1,5,06088,M,,,06
201500010675,15,2,11,930,1,2,1,1,6,06088,M,,,06
201500010676,15,4,20,552,5,2,1,1,3,06088,M,4368621.0,723621.0,06
201500010677,15,2,11,1030,1,2,2,1,3,06088,M,,,06
201500010678,15,4,20,1545,1,2,1,1,2,06088,M,4341252.0,714397.0,06
201500010679,15,2,12,740,1,2,1,1,2,06088,M,,,06
201500010680,15,4,21,1715,1,2,3,1,6,06088,M,4367830.0,721999.0,06
201500010681,15,2,12,745,1,2,1,1,6,06088,M,,,06
201500010682,15,4,23,130,5,2,1,1,6,06088,M,,,06
201500010683,15,2,13,1430,1,2,3,1,3,06088,M,,,06
201500010684,15,4,23,1015,1,2,1,1,6,06088,M,4369862.0,727489.0,06
201500010685,15,2,13,1630,1,2,1,3,6,06088,M,,,06
201500010686,15,4,23,1430,1,2,1,1,3,06088,M,4370049.0,728919.0,06
201500010687,15,2,13,1955,5,2,2,3,5,06088,M,,,06
201500010688,15,4,24,730,1,2,1,1,1,06088,M,4367413.0,722451.0,06
201500010689,15,2,13,2220,5,2,1,3,3,06088,M,,,06
201500010690,15,4,24,125,5,2,1,1,7,06088,M,4370467.0,726314.0,06
201500010691,15,2,13,1535,1,2,1,2,6,06088,M,,,06
201500010692,15,4,24,1245,1,2,1,1,3,06088,M,,,06
201500010693,15,2,13,2250,5,2,1,2,5,06088,M,,,06
201500010694,15,4,24,2205,5,2,1,1,6,06088,M,4373530.0,730195.0,06
201500010695,15,2,14,2020,5,2,2,2,3,06088,M,,,06
201500010696,15,4,25,645,1,2,1,1,2,06088,M,4367339.0,722166.0,06
201500010697,15,2,15,1820,4,2,1,3,6,06088,M,,,06
201500010698,15,4,25,950,1,2,1,2,3,06088,M,,,06
201500010699,15,2,16,1135,1,2,1,1,4,06088,M,,,06
201500010700,15,4,27,1750,1,2,1,1,6,06088,M,4343404.0,715293.0,06
201500010701,15,2,18,1400,1,2,1,1,3,06088,M,,,06
201500010702,15,4,28,900,1,2,1,1,1,06088,M,4372483.0,724744.0,06
201500010703,15,2,18,1650,1,2,6,1,3,06088,M,,,06
201500010704,15,4,28,855,1,2,3,1,3,06088,M,,,06
201500010705,15,2,18,1850,5,2,3,1,3,06088,M,,,06
201500010706,15,4,28,1205,1,2,1,1,2,06088,M,,,06
201500010707,15,2,19,1900,5,2,1,1,3,06088,M,,,06
201500010708,15,4,28,2157,5,2,1,1,3,06088,M,,,06
201500010709,15,4,30,1340,1,2,1,1,2,06088,M,4368643.0,723784.0,06
201500010710,15,2,20,1508,1,2,2,1,6,06088,M,4372562.0,725557.0,06
201500010711,15,2,21,140,5,2,1,1,6,06088,M,,,06
201500010712,15,5,2,1726,1,2,1,1,5,06088,M,,,06
201500010713,15,2,21,1000,1,1,1,3,1,06159,M,,,06
201500010714,15,5,3,1110,1,2,1,1,6,06088,M,,,06