Num_Acc,an,mois,jour,hrmn,lum,agg,int,atm,col,com,gps,lat,long,dep
201500010715,15,2,21,1130,1,2,1,1,6,06088,M,,,06
201500010716,15,5,3,300,5,2,1,1,6,06088,M,,,06
201500010717,15,2,21,1330,1,2,1,2,6,06088,M,,,06
201500010718,15,5,3,1215,1,2,1,1,2,06088,M,,,06
201500010719,15,2,21,1655,1,2,3,3,3,06088,M,,,06
201500010720,15,5,4,845,1,2,1,1,1,06088,M,,,06
201500010721,15,2,21,1920,5,2,3,2,6,06088,M,,,06
201500010722,15,5,4,1120,1,2,3,1,1,06088,M,,,06
201500010723,15,2,22,1145,1,2,1,1,3,06088,M,,,06
201500010724,15,5,2,2310,5,2,1,1,3,06088,M,,,06
201500010725,15,2,23,850,1,2,1,1,3,06088,M,,,06
201500010726,15,5,4,1734,1,2,1,1,5,06088,M,,,06
201500010727,15,2,24,1,5,2,2,1,3,06088,M,,,06
201500010728,15,5,5,1710,1,2,1,1,7,06088,M,,,06
201500010729,15,2,24,1030,1,2,1,8,2,06088,M,,,06
201500010730,15,5,7,920,1,2,1,1,6,06088,M,,,06
201500010731,15,2,24,1800,1,2,1,1,3,06159,M,,,06
201500010732,15,5,7,1145,1,2,1,1,3,06088,M,,,06
201500010733,15,2,24,1820,3,2,2,1,3,06088,M,,,06
201500010734,15,5,7,2152,5,2,1,1,3,06088,M,4341420.0,715521.0,06
201500010735,15,2,25,1035,1,2,2,1,3,06088,M,,,06
201500010736,15,5,8,850,1,2,1,1,3,06159,M,,,06
201500010737,15,2,25,1100,1,2,1,1,3,06088,M,,,06
201500010738,15,5,8,1430,1,2,1,1,3,06088,M,,,06
201500010739,15,2,26,130,4,2,1,1,1,06088,M,,,06
201500010740,15,5,9,941,1,2,1,1,6,06088,M,,,06
201500010741,15,2,27,1115,1,2,3,1,5,06088,M,,,06
201500010742,15,5,9,1050,1,2,8,1,6,06088,M,,,06
201500010743,15,2,27,1700,1,2,1,1,6,06088,M,,,06
201500010744,15,5,9,1800,1,2,1,1,6,06088,M,,,06
201500010745,15,2,27,1715,1,2,1,1,6,06088,M,,,06
201500010746,15,5,10,420,5,2,1,1,3,06088,M,,,06
201500010747,15,2,27,2334,5,2,1,1,6,06088,M,,,06
201500010748,15,5,10,1834,1,2,1,1,2,06088,M,4340212.0,713145.0,06
201500010749,15,2,28,100,5,2,1,1,6,06088,M,,,06
201500010750,15,5,11,1505,1,2,1,1,3,06088,M,4341040.0,713096.0,06
201500010751,15,3,2,1030,1,2,1,1,3,06088,M,,,06
201500010752,15,5,12,755,1,2,1,1,6,06088,M,,,06
201500010753,15,3,2,1735,1,2,5,1,3,06088,M,,,06
201500010754,15,5,12,1350,1,2,1,1,1,06088,M,,,06
201500010755,15,3,3,1245,1,2,1,1,3,06088,M,,,06
201500010756,15,5,12,1430,1,2,1,1,6,06088,M,,,06
201500010757,15,3,4,1140,1,2,3,1,1,06088,M,,,06
201500010758,15,5,13,110,5,2,1,1,2,06088,M,,,06
201500010759,15,3,4,1815,3,2,1,1,6,06088,M,,,06
201500010760,15,5,13,850,1,2,1,1,6,06088,M,,,06
201500010761,15,3,5,1710,1,2,1,1,3,06088,M,,,06
201500010762,15,5,13,1345,1,2,1,1,4,06088,M,,,06
201500010763,15,3,5,1915,5,2,1,1,4,06088,M,,,06
201500010764,15,3,6,115,5,2,3,1,6,06088,M,,,06
201500010765,15,5,14,220,5,2,1,1,7,06088,M,,,06
201500010766,15,3,6,800,1,2,2,1,3,06088,M,,,06
201500010767,15,5,14,1545,1,2,1,1,6,06088,M,4372867.0,725547.0,06
201500010768,15,3,6,1525,1,2,1,1,2,06088,M,,,06
201500010769,15,5,15,1205,1,2,1,1,1,06088,M,,,06
201500010770,15,3,7,2038,5,2,1,1,3,06088,M,,,06
201500010771,15,5,15,1750,1,2,1,1,6,06088,M,,,06
201500010772,15,3,7,2130,5,2,1,1,3,06088,M,,,06
201500010773,15,5,15,1830,1,2,1,1,1,06088,M,,,06
201500010774,15,3,8,740,1,2,1,1,5,06088,M,,,06
201500010775,15,5,16,1645,1,1,1,1,6,06088,M,,,06
201500010776,15,3,8,1640,1,2,1,1,6,06088,M,,,06
201500010777,15,5,16,1650,1,2,2,1,6,06088,M,,,06
201500010778,15,3,9,815,1,2,1,1,4,06088,M,,,06
201500010779,15,3,9,900,1,2,1,1,3,06088,M,,,06
201500010780,15,3,10,800,1,2,1,1,4,06088,M,,,06
201500010781,15,5,17,1330,1,2,1,1,3,06088,M,4369859.0,728559.0,06
201500010782,15,3,10,2210,5,2,3,1,3,06088,M,,,06
201500010783,15,5,17,1700,1,2,9,1,3,06088,M,,,06
201500010784,15,3,11,755,1,2,1,1,2,06088,M,,,06
201500010785,15,5,17,1920,1,2,1,1,6,06088,M,,,06
201500010786,15,3,11,1015,1,2,4,1,3,06088,M,,,06
201500010787,15,5,18,830,1,2,1,1,3,06088,M,,,06
201500010788,15,3,11,1900,5,2,1,1,6,06088,M,,,06
201500010789,15,5,18,1110,1,2,1,1,6,06088,M,,,06
201500010790,15,3,12,1215,1,2,1,1,3,06088,M,,,06
201500010791,15,5,18,1630,1,2,2,1,3,06088,M,,,06
201500010792,15,3,12,1710,1,2,1,1,3,06159,M,,,06
201500010793,15,5,18,1920,1,2,8,1,6,06088,M,,,06
201500010794,15,3,12,1855,5,2,1,1,3,06088,M,,,06
201500010795,15,5,19,820,1,2,4,1,1,06088,M,,,06
201500010796,15,3,13,1910,5,2,1,1,5,06088,M,,,06
201500010797,15,5,19,1210,1,2,2,1,3,06088,M,,,06
201500010798,15,3,13,2115,5,2,1,1,2,06088,M,,,06
201500010799,15,5,19,1805,1,2,1,1,6,06088,M,,,06
201500010800,15,3,14,1000,1,2,1,1,6,06088,M,,,06
201500010801,15,5,20,845,1,2,1,1,3,06088,M,,,06
201500010802,15,3,14,2130,5,2,1,1,2,06088,M,,,06
201500010803,15,5,20,2005,1,2,7,1,3,06088,M,,,06
201500010804,15,3,15,915,1,2,2,1,3,06088,M,,,06
201500010805,15,5,20,2015,1,2,9,1,3,06088,M,,,06
201500010806,15,5,20,2020,2,2,1,1,1,06088,M,,,06
201500010807,15,5,21,1200,1,2,1,1,6,06159,M,,,06
201500010808,15,5,20,2020,2,2,1,1,3,06159,M,,,06
201500010809,15,5,21,2100,2,2,2,1,1,06088,M,,,06
201500010810,15,5,22,220,5,2,1,1,1,06088,M,,,06
201500010811,15,5,22,1410,1,2,1,1,2,06088,M,,,06
201500010812,15,5,23,645,1,2,1,1,6,06159,M,,,06
201500010813,15,5,23,1000,1,2,1,1,6,06088,M,,,06
201500010814,15,5,23,1815,1,2,1,1,6,06088,M,,,06
201500010815,15,5,25,1030,1,2,1,1,6,06088,M,,,06
201500010816,15,5,25,1745,1,2,1,1,1,06088,M,,,06
201500010817,15,5,26,750,1,2,1,1,2,06088,M,,,06
201500010818,15,5,27,639,1,2,1,1,3,06088,M,,,06
201500010819,15,5,27,1240,1,2,1,1,6,06088,M,,,06
201500010820,15,5,27,1355,1,2,1,1,3,06088,M,,,06
201500010821,15,5,27,1540,1,2,1,1,4,06088,M,,,06
201500010822,15,5,28,59,5,2,1,1,3,06088,M,,,06
201500010823,15,5,28,940,1,2,1,1,6,06088,M,,,06
201500010824,15,5,28,1200,1,2,1,1,3,06088,M,,,06
201500010825,15,5,28,1310,1,2,3,1,6,06088,M,,,06
201500010826,15,5,28,1605,1,2,2,1,6,06088,M,,,06
201500010827,15,5,28,1645,1,2,1,1,2,06088,M,,,06
201500010828,15,5,30,140,5,2,1,1,6,06088,M,,,06
201500010829,15,5,30,800,1,2,1,1,1,06088,M,,,06
201500010830,15,5,30,945,1,2,1,1,2,06088,M,,,06
201500010831,15,5,31,20,5,2,1,1,6,06088,M,,,06
201500010832,15,5,31,1435,1,2,2,1,3,06088,M,,,06
201500010833,15,5,31,2038,2,2,2,1,3,06088,M,,,06
201500010834,15,6,1,1345,1,1,1,1,6,06088,M,,,06
201500010835,15,6,2,915,1,2,1,1,5,06088,M,,,06
201500010836,15,6,2,910,1,2,1,1,3,06088,M,,,06
201500010837,15,6,2,1145,1,2,3,1,3,06088,M,,,06
201500010838,15,6,2,1445,1,2,1,1,1,06088,M,,,06
201500010839,15,6,2,1810,1,2,2,1,1,06088,M,,,06
201500010840,15,6,2,1900,1,2,3,1,3,06088,M,,,06
201500010841,15,6,2,2309,5,2,1,1,6,06088,M,,,06
201500010842,15,6,3,2310,5,2,2,1,1,06088,M,,,06
201500010843,15,6,4,725,1,2,1,1,3,06088,M,,,06
201500010844,15,6,4,1200,1,2,1,1,1,06088,M,,,06
201500010845,15,6,4,1300,1,2,1,1,4,06088,M,,,06
201500010846,15,6,4,1510,1,2,1,1,2,06088,M,,,06
201500010847,15,6,4,1900,1,2,1,1,3,06088,M,,,06
201500010848,15,6,4,2010,1,2,2,1,3,06088,M,,,06
201500010849,15,6,5,845,1,2,1,1,3,06088,M,,,06
201500010850,15,6,5,1435,1,2,2,1,7,06088,M,,,06
201500010851,15,6,5,1715,1,2,1,1,3,06088,M,,,06
201500010852,15,6,5,1705,1,2,1,1,2,06088,M,,,06
201500010853,15,6,7,210,5,2,1,1,6,06088,M,,,06
201500010854,15,6,6,1845,1,2,1,1,5,06088,M,,,06
201500010855,15,6,8,845,1,2,1,1,2,06088,M,4370407.0,728856.0,06
201500010856,15,6,7,615,2,1,1,1,6,06088,M,4339542.0,712112.0,06
201500010857,15,6,9,1550,1,2,1,1,3,06088,M,4370015.0,726241.0,06
201500010858,15,6,9,1715,1,2,2,1,6,06088,M,4369421.0,725708.0,06
201500010859,15,6,9,1745,1,2,1,1,4,06088,M,,,06
201500010860,15,6,10,955,1,2,1,1,1,06088,M,4369542.0,729244.0,06
201500010861,15,6,10,1250,1,2,1,1,1,06088,M,,,06
201500010862,15,6,10,1345,1,2,1,1,6,06088,M,4370318.0,727698.0,06
201500010863,15,6,10,1415,1,2,2,1,3,06088,M,,,06
201500010864,15,6,10,1900,1,2,1,1,2,06088,M,,,06
201500010865,15,6,9,2347,5,2,1,1,6,06088,M,,,06
201500010866,15,6,12,35,5,2,2,1,3,06088,M,4370119.0,728806.0,06
201500010867,15,6,12,1500,1,2,1,1,3,06088,M,,,06
201500010868,15,6,12,1845,1,2,3,1,3,06088,M,4369448.0,719990.0,06
201500010869,15,6,13,700,1,2,3,1,3,06088,M,,,06
201500010870,15,6,13,1750,1,2,1,1,3,06088,M,4370942.0,726565.0,06
201500010871,15,6,13,2240,4,2,1,1,4,06088,M,,,06
201500010872,15,6,15,940,1,2,2,1,6,06088,M,4372333.0,728588.0,06
201500010873,15,6,15,1215,1,2,1,1,6,06088,M,,,06
201500010874,15,6,16,1400,1,2,1,1,6,06088,M,4369996.0,728221.0,06
201500010875,15,6,17,940,1,2,1,1,7,06088,M,,,06
201500010876,15,6,17,1035,1,2,1,1,3,06088,M,4369595.0,725512.0,06
201500010877,15,6,17,1315,1,2,1,1,6,06088,M,,,06
201500010878,15,6,21,1220,1,2,1,1,6,06088,M,,,06
201500010879,15,6,21,1300,1,2,1,1,3,06088,M,4371463.0,725856.0,06
201500010880,15,6,21,1810,1,2,1,1,3,06088,M,,,06
201500010881,15,6,22,1445,1,2,1,1,1,06088,M,,,06
201500010882,15,6,22,1600,1,2,1,1,1,06088,M,,,06
201500010883,15,6,23,1445,1,2,1,1,1,06088,M,4371213.0,725543.0,06
201500010884,15,6,23,1550,1,2,1,1,3,06088,M,4370564.0,726275.0,06
201500010885,15,6,24,828,1,2,1,1,6,06088,M,,,06
201500010886,15,6,24,1030,1,2,1,1,4,06088,M,4366984.0,721772.0,06
201500010887,15,6,25,1650,1,2,2,1,3,06088,M,,,06
201500010888,15,6,26,530,2,2,1,1,6,06088,M,4369011.0,724213.0,06
201500010889,15,6,26,910,1,2,1,1,2,06088,M,,,06
201500010890,15,6,26,1110,1,2,1,1,7,06088,M,4371366.0,727966.0,06
201500010891,15,6,26,1500,1,2,2,1,6,06088,M,,,06
201500010892,15,6,26,2257,5,2,1,1,6,06088,M,,,06
201500010893,15,6,27,750,1,2,1,1,1,06088,M,,,06
201500010894,15,6,28,2230,5,2,2,1,3,06088,M,,,06
201500010895,15,6,29,1115,1,2,1,1,3,06088,M,,,06
201500010896,15,6,29,2305,5,2,2,1,1,06088,M,,,06
201500010897,15,6,30,835,1,2,2,1,5,06088,M,,,06
201500010898,15,6,30,1045,1,2,1,1,6,06088,M,,,06
201500010899,15,6,30,1130,1,2,1,1,6,06088,M,4370950.0,725850.0,06
201500010900,15,7,1,2130,2,2,2,1,3,06088,M,,,06
201500010901,15,7,2,625,1,2,1,1,3,06088,M,,,06
201500010902,15,7,2,1145,1,2,1,1,6,06088,M,,,06
201500010903,15,7,2,1445,1,2,6,1,6,06088,M,4373144.0,728930.0,06
201500010904,15,7,3,807,1,2,1,1,1,06088,M,,,06
201500010905,15,7,3,755,1,2,3,1,6,06088,M,4368397.0,719847.0,06
201500010906,15,7,3,1600,1,2,1,1,3,06088,M,4371053.0,726479.0,06
201500010907,15,7,4,10,5,2,2,1,3,06088,M,,,06
201500010908,15,7,4,1600,1,2,1,1,2,06088,M,4369092.0,724663.0,06
201500010909,15,7,5,940,1,2,1,1,6,06088,M,,,06
201500010910,15,7,5,2302,5,1,1,1,3,06088,M,,,06
201500010911,15,7,6,1040,1,2,2,1,3,06088,M,4370829.0,729280.0,06
201500010912,15,7,6,2036,2,2,1,1,1,06088,M,,,06
201500010913,15,7,6,1900,1,2,1,1,2,06088,M,,,06
201500010914,15,7,7,1250,1,2,1,1,3,06088,M,4369826.0,724028.0,06
201500010915,15,3,29,25,5,1,1,1,3,06088,M,,,06
201500010916,15,7,7,1800,1,2,1,1,6,06088,M,4367009.0,722112.0,06
201500010917,15,7,8,1935,1,2,1,1,6,06088,M,4372552.0,727930.0,06
201500010918,15,7,8,2000,2,2,1,1,6,06088,M,,,06
201500010919,15,7,9,1300,1,2,1,1,6,06088,M,4370715.0,0.0,06
201500010920,15,7,9,2100,2,2,1,1,1,06159,M,4370704.0,730401.0,06
201500010921,15,7,10,140,5,2,1,1,3,06088,M,4368652.0,723793.0,06
201500010922,15,7,10,830,1,2,2,1,3,06088,M,4369909.0,725609.0,06
201500010923,15,7,10,1100,1,2,2,1,2,06088,M,,,06
201500010924,15,7,10,2045,1,2,1,1,3,06088,M,4369535.0,729220.0,06
201500010925,15,7,11,26,5,2,1,1,3,06088,M,4367184.0,722356.0,06
201500010926,15,7,11,700,1,2,3,1,3,06088,M,4370393.0,727467.0,06
201500010927,15,7,9,2030,1,2,2,1,1,06088,M,,,06
201500010928,15,7,11,1000,1,2,1,1,3,06088,M,,,06
201500010929,15,7,11,2350,5,2,1,1,2,06088,M,4370633.0,723229.0,06
201500010930,15,7,12,2052,5,2,1,1,6,06088,M,,,06
201500010931,15,7,14,1615,1,2,2,1,3,06088,M,4370476.0,726735.0,06
201500010932,15,7,15,1615,1,2,1,1,2,06088,M,,,06
201500010933,15,7,15,1720,1,2,1,1,2,06088,M,4371390.0,728910.0,06
201500010934,15,7,16,1430,1,2,7,1,3,06088,M,,,06
201500010935,15,7,16,1440,1,2,1,1,2,06088,M,4369947.0,729386.0,06
201500010936,15,7,17,110,5,2,1,1,6,06088,M,4371523.0,723856.0,06
201500010937,15,7,17,1120,1,2,6,1,3,06088,M,4374765.0,718880.0,06
201500010938,15,7,17,2020,1,1,1,1,3,06088,M,4368856.0,724092.0,06
201500010939,15,7,18,1235,1,1,4,1,1,06088,M,4374267.0,730836.0,06
201500010940,15,7,18,1450,1,2,1,1,2,06088,M,,,06
201500010941,15,7,18,1815,1,2,1,1,2,06159,M,4370353.0,732309.0,06
201500010942,15,7,19,1040,1,2,1,1,6,06088,M,4372439.0,725780.0,06
201500010943,15,7,19,1230,1,2,1,1,1,06088,M,4371458.0,725082.0,06
201500010944,15,7,21,135,5,2,3,1,3,06088,M,4367526.0,722721.0,06
201500010945,15,7,21,1155,1,2,1,1,6,06088,M,4370724.0,727615.0,06
201500010946,15,7,21,1800,1,2,9,1,3,06088,M,4369812.0,724814.0,06
201500010947,15,7,21,2351,5,2,1,1,7,06088,M,4369490.0,725618.0,06
201500010948,15,7,22,745,1,2,1,1,6,06159,M,4370436.0,730305.0,06
201500010949,15,7,23,915,1,2,1,1,1,06088,M,4369807.0,728355.0,06
201500010950,15,7,25,254,5,2,2,1,3,06088,M,4370077.0,728677.0,06
201500010951,15,7,25,1500,1,2,2,1,3,06088,M,4370093.0,727107.0,06
201500010952,15,7,25,1740,1,2,1,1,6,06088,M,4369193.0,729389.0,06
201500010953,15,7,26,240,5,2,1,1,2,06088,M,4369063.0,724501.0,06
201500010954,15,7,27,1340,1,2,1,1,3,06088,M,4371306.0,727917.0,06
201500010955,15,7,27,1740,1,2,1,1,2,06088,M,4368883.0,724108.0,06
201500010956,15,7,28,750,1,2,2,1,6,06088,M,4370569.0,728815.0,06
201500010957,15,7,28,1115,1,2,2,1,3,06088,M,4370617.0,726686.0,06
201500010958,15,7,28,1320,1,2,1,1,3,06088,M,4367034.0,721689.0,06
201500010959,15,7,28,1945,1,1,1,1,3,06088,M,,,06
201500010960,15,7,29,945,1,2,1,1,7,06088,M,4368085.0,720028.0,06
201500010961,15,7,29,1140,1,2,1,1,6,06088,M,4371940.0,725661.0,06
201500010962,15,7,28,1740,1,2,1,1,3,06088,M,4373896.0,730791.0,06
201500010963,15,7,29,2010,1,2,1,1,6,06088,M,4370052.0,728029.0,06
201500010964,15,7,29,2005,1,2,1,1,3,06159,M,4370398.0,731093.0,06
201500010965,15,7,30,1540,1,2,2,1,3,06088,M,4369861.0,726395.0,06
201500010966,15,7,31,1445,1,2,1,1,2,06088,M,,,06
201500010967,15,8,1,1908,1,2,1,1,6,06088,M,4370241.0,728107.0,06
201500010968,15,8,2,1215,1,2,1,1,1,06088,M,4371453.0,719579.0,06
201500010969,15,8,4,245,5,2,2,1,3,06088,M,4342022.0,715507.0,06
201500010970,15,8,4,1920,1,2,1,1,3,06088,M,4371689.0,725699.0,06
201500010971,15,8,5,850,1,2,1,1,3,06159,M,4371644.0,733288.0,06
201500010972,15,8,5,1850,1,2,1,1,6,06088,M,4369511.0,727148.0,06
201500010973,15,8,5,155,5,2,1,1,6,06088,M,4339530.0,712120.0,06
201500010974,15,8,6,2235,5,2,2,1,3,06088,M,4369881.0,725538.0,06
201500010975,15,8,7,1220,1,2,1,1,3,06159,M,4370359.0,732278.0,06
201500010976,15,8,7,1500,1,2,9,1,3,06088,M,,,06
201500010977,15,8,8,2330,5,2,2,1,3,06088,M,4370622.0,726856.0,06
201500010978,15,8,9,1029,1,2,1,1,6,06088,M,,,06
201500010979,15,8,9,1645,1,2,1,1,3,06088,M,4366411.0,719962.0,06
201500010980,15,8,10,40,5,2,1,1,1,06088,M,,,06
201500010981,15,8,10,130,5,2,1,1,6,06088,M,,,06
201500010982,15,8,10,2155,5,1,1,1,3,06088,M,,,06
201500010983,15,8,12,250,5,2,1,1,6,06088,M,4369539.0,726539.0,06
201500010984,15,8,12,420,5,2,1,1,6,06088,M,,,06
201500010985,15,8,12,1150,1,2,1,1,3,06088,M,4372118.0,726076.0,06
201500010986,15,8,12,1530,1,2,1,1,3,06088,M,,,06
201500010987,15,8,12,2350,5,2,3,1,7,06088,M,,,06
201500010988,15,8,13,925,1,2,2,1,3,06088,M,4371070.0,728938.0,06
201500010989,15,8,13,920,1,2,2,1,3,06088,M,,,06
201500010990,15,8,13,2210,5,2,2,1,3,06088,M,,,06
201500010991,15,8,15,815,1,2,1,1,1,06088,M,,,06
201500010992,15,8,16,2210,5,2,1,1,6,06088,M,,,06
201500010993,15,8,17,720,1,1,1,1,2,06159,M,,,06
201500010994,15,8,17,250,5,2,1,1,2,06088,M,,,06
201500010995,15,8,18,1615,1,1,1,1,3,06088,M,,,06
201500010996,15,8,19,1700,1,2,2,1,3,06088,M,,,06
201500010997,15,8,19,1845,1,2,1,1,6,06088,M,,,06
201500010998,15,8,20,1315,1,2,1,1,1,06088,M,,,06
201500010999,15,8,20,1830,1,2,1,1,2,06088,M,,,06
201500011000,15,8,20,2050,2,2,1,1,6,06159,M,,,06
201500011001,15,8,21,535,5,2,1,1,6,06088,M,,,06
201500011002,15,8,23,2214,5,1,1,2,6,06088,M,,,06
201500011003,15,8,24,1550,1,2,2,1,3,06088,M,,,06
201500011004,15,8,24,1700,1,2,1,2,6,06088,M,,,06
201500011005,15,8,24,1720,1,2,1,2,1,06088,M,4372743.0,718566.0,06
201500011006,15,8,25,815,1,2,1,1,2,06088,M,,,06
201500011007,15,8,25,1400,1,2,2,1,3,06088,M,,,06
201500011008,15,8,25,1815,1,2,1,1,3,06088,M,,,06
201500011009,15,8,26,1615,1,2,1,1,1,06088,M,,,06
201500011010,15,8,26,2130,5,2,2,1,1,06088,M,,,06
201500011011,15,8,27,1,5,2,2,1,3,06088,M,,,06
201500011012,15,8,27,1000,1,2,1,1,6,06088,M,,,06
201500011013,15,8,28,1050,1,2,1,1,6,06088,M,4370102.0,728558.0,06
201500011014,15,8,28,1840,1,1,1,1,4,06088,M,,,06
201500011015,15,8,28,1210,1,2,1,1,3,06088,M,,,06
201500011016,15,8,30,245,5,2,2,1,3,06088,M,,,06
201500011017,15,8,31,415,5,1,1,1,6,06088,M,4340143.0,712358.0,06
201500011018,15,8,31,1300,1,2,1,1,6,06088,M,4371921.0,725243.0,06
201500011019,15,8,31,1430,1,2,1,1,3,06088,M,4369526.0,725630.0,06
201500011020,15,9,1,915,1,2,2,1,3,06088,M,,,06
201500011021,15,9,2,115,5,2,1,1,2,06088,M,,,06
201500011022,15,9,2,805,1,1,1,1,2,06088,M,4369514.0,724602.0,06
201500011023,15,9,2,1540,1,2,1,1,3,06088,M,4341585.0,715225.0,06
201500011024,15,9,2,1945,2,2,3,1,3,06088,M,4373912.0,723414.0,06
201500011025,15,9,3,1119,1,2,1,1,3,06088,M,,,06
201500011026,15,9,3,2210,5,2,9,1,3,06088,M,,,06
201500011027,15,9,4,830,1,2,1,1,3,06088,M,,,06
201500011028,15,9,4,1610,1,2,1,1,2,06088,M,4341180.0,714276.0,06
201500011029,15,9,6,40,5,2,1,1,3,06088,M,4370726.0,729247.0,06
201500011030,15,9,6,207,5,2,2,1,6,06088,M,4341596.0,715380.0,06
201500011031,15,9,6,530,5,2,2,1,3,06088,M,4367528.0,722726.0,06
201500011032,15,9,6,1815,1,2,1,1,6,06088,M,4370026.0,729605.0,06
201500011033,15,9,7,745,2,2,1,1,3,06159,M,4342354.0,718409.0,06
201500011034,15,9,7,1130,1,2,6,1,3,06088,M,4371085.0,719457.0,06
201500011035,15,9,7,1945,2,2,1,1,2,06088,M,4341180.0,714273.0,06
201500011036,15,9,8,1520,1,2,1,1,6,06088,M,4370167.0,726723.0,06
201500011037,15,9,8,1735,1,2,2,1,6,06088,M,4342068.0,716584.0,06
201500011038,15,9,9,800,1,2,1,1,3,06088,M,4342550.0,713040.0,06
201500011039,15,9,9,835,1,2,1,1,2,06088,M,4370562.0,726250.0,06
201500011040,15,9,10,1320,1,2,1,1,2,06088,M,4372484.0,729567.0,06
201500011041,15,9,10,1715,1,2,1,1,3,06088,M,4343117.0,714473.0,06
201500011042,15,9,11,2108,4,2,1,1,2,06088,M,,,06
201500011043,15,9,12,1730,1,2,2,1,3,06088,M,4370444.0,727351.0,06
201500011044,15,9,14,1300,1,2,3,1,3,06088,M,4372224.0,728691.0,06
201500011045,15,9,14,1935,2,2,3,1,6,06088,M,,,06
201500011046,15,9,15,1310,1,2,1,1,2,06088,M,,,06
201500011047,15,9,15,1805,1,2,1,1,2,06088,M,4370734.0,728242.0,06
201500011048,15,9,16,840,1,1,1,1,3,06088,M,,,06
201500011049,15,9,16,1303,1,2,1,1,6,06088,M,4373474.0,726730.0,06
201500011050,15,9,16,1940,5,2,1,1,1,06088,M,,,06
201500011051,15,9,18,740,1,2,1,1,6,06088,M,,,06
201500011052,15,9,18,1210,1,1,2,1,3,06088,M,,,06
201500011053,15,9,18,2305,5,2,7,1,1,06088,M,,,06
201500011054,15,9,19,425,5,2,1,1,3,06088,M,,,06
201500011055,15,9,18,1931,2,2,1,1,2,06088,M,4370771.0,729260.0,06
201500011056,15,9,19,720,1,2,1,1,6,06088,M,,,06
201500011057,15,9,20,1725,1,2,3,1,6,06088,M,,,06
201500011058,15,9,20,1820,1,2,1,1,2,06088,M,4367094.0,720995.0,06
201500011059,15,9,21,815,1,1,1,1,3,06088,M,,,06
201500011060,15,9,21,840,1,2,3,1,3,06088,M,,,06
201500011061,15,9,21,1350,1,2,3,1,1,06088,M,4370203.0,725709.0,06
201500011062,15,9,21,1830,1,1,1,1,6,06088,M,,,06
201500011063,15,9,23,829,1,2,1,1,1,06088,M,,,06
201500011064,15,9,23,2114,5,2,1,1,1,06088,M,,,06
201500011065,15,9,23,2235,5,2,2,1,3,06088,M,,,06
201500011066,15,9,24,1945,5,2,1,1,2,06088,M,4369341.0,725380.0,06
201500011067,15,9,25,1345,1,2,1,1,3,06088,M,,,06
201500011068,15,9,26,110,5,2,1,1,6,06088,M,4370456.0,729952.0,06
201500011069,15,9,26,1530,1,2,9,1,3,06088,M,,,06
201500011070,15,9,26,1755,1,2,1,1,3,06088,M,,,06
201500011071,15,9,28,930,1,2,1,1,3,06088,M,,,06
201500011072,15,9,28,1050,1,2,1,1,3,06088,M,,,06
201500011073,15,9,28,2140,5,2,1,1,3,06088,M,4366542.0,721044.0,06
201500011074,15,9,30,1600,1,1,1,1,3,06088,M,4370034.0,727251.0,06
201500011075,15,9,30,1445,1,2,1,1,6,06088,M,,,06
201500011076,15,9,30,1630,1,2,1,1,3,06088,M,4370673.0,726958.0,06
201500011077,15,10,1,1015,1,2,1,1,6,06088,M,4370898.0,726282.0,06
201500011078,15,10,2,415,5,2,1,3,6,06088,M,,,06
201500011079,15,10,2,1250,1,2,1,3,1,06088,M,4366564.0,719939.0,06
201500011080,15,10,3,1930,5,2,1,3,4,06088,M,,,06
201500011081,15,10,5,1830,1,2,1,1,6,06088,M,,,06
201500011082,15,10,6,1530,1,2,2,1,3,06088,M,,,06
201500011083,15,10,6,1840,1,2,1,1,4,06159,M,,,06
201500011084,15,10,7,1500,1,2,2,1,7,06088,M,4369896.0,727235.0,06
201500011085,15,10,7,1500,1,2,1,1,6,06088,M,,,06
201500011086,15,10,7,2110,5,2,2,1,3,06088,M,4369959.0,725924.0,06
201500011087,15,10,9,515,5,2,1,1,1,06088,M,,,06
201500011088,15,10,9,1035,1,2,1,1,6,06088,M,4372294.0,728843.0,06
201500011089,15,10,10,115,5,2,1,1,2,06088,M,4367294.0,722137.0,06
201500011090,15,10,10,1645,1,2,1,1,2,06088,M,4371161.0,728418.0,06
201500011091,15,10,11,250,5,2,1,1,6,06088,M,4366918.0,720281.0,06
201500011092,15,10,11,1355,1,2,1,1,5,06088,M,4369496.0,725628.0,06
201500011093,15,10,12,1000,1,2,1,1,4,06088,M,4372701.0,726033.0,06
201500011094,15,10,12,2250,5,2,4,2,1,06088,M,4369628.0,726615.0,06
201500011095,15,10,13,735,2,2,3,1,6,06088,M,,,06
201500011096,15,10,13,1215,1,2,1,1,6,06088,M,,,06
201500011097,15,10,14,1220,1,2,7,1,3,06088,M,4371165.0,728421.0,06
201500011098,15,10,14,1815,2,2,1,1,3,06088,M,4340300.0,713205.0,06
201500011099,15,10,15,845,1,2,1,1,3,06088,M,4340172.0,713022.0,06
201500011100,15,10,16,930,1,2,1,1,3,06088,M,,,06
201500011101,15,10,16,1135,1,2,1,1,6,06088,M,,,06
201500011102,15,10,19,730,2,2,2,1,3,06088,M,,,06
201500011103,15,10,20,1035,1,2,2,1,3,06088,M,,,06
201500011104,15,10,20,1800,2,2,1,1,6,06088,M,,,06
201500011105,15,10,21,253,5,2,2,1,3,06088,M,,,06