Num_Acc,an,mois,jour,hrmn,lum,agg,int,atm,col,com,gps,lat,long,dep
201500011106,15,10,22,1930,5,2,1,1,3,06088,M,,,06
201500011107,15,10,23,1135,1,2,1,1,2,06088,M,4367087.0,721004.0,06
201500011108,15,10,23,1800,1,2,2,1,3,06088,M,,,06
201500011109,15,10,23,1930,3,2,1,1,2,06088,M,4367087.0,721004.0,06
201500011110,15,10,26,1630,1,2,1,1,4,06088,M,,,06
201500011111,15,10,27,123,5,1,6,1,1,06088,M,4373107.0,728841.0,06
201500011112,15,10,27,1100,1,2,1,8,6,06088,M,4371010.0,726129.0,06
201500011113,15,10,27,1430,1,2,1,1,6,06088,M,4368061.0,723084.0,06
201500011114,15,10,30,825,1,2,1,1,3,06088,M,,,06
201500011115,15,10,30,1145,1,2,1,1,3,06088,M,,,06
201500011116,15,10,31,323,5,2,3,1,1,06088,M,4370316.0,727716.0,06
201500011117,15,10,31,400,5,2,1,1,6,06088,M,4370498.0,721862.0,06
201500011118,15,10,31,1655,2,2,1,1,4,06088,M,4366762.0,720881.0,06
201500011119,15,10,31,2215,5,2,2,1,6,06088,M,4370695.0,725967.0,06
201500011120,15,11,1,445,5,2,1,1,6,06088,M,,,06
201500011121,15,11,1,1305,1,2,6,1,3,06088,M,,,06
201500011122,15,11,1,1330,1,2,1,1,6,06088,M,,,06
201500011123,15,11,1,1630,1,2,3,1,6,06088,M,4371620.0,728469.0,06
201500011124,15,11,1,1800,5,2,1,1,7,06088,M,,,06
201500011125,15,11,1,1800,5,2,1,1,2,06088,M,4368431.0,723460.0,06
201500011126,15,11,2,900,1,2,1,1,6,06088,M,4371492.0,728642.0,06
201500011127,15,11,2,1210,1,2,2,1,3,06088,M,,,06
201500011128,15,11,2,1600,1,2,2,1,6,06088,M,4372140.0,725997.0,06
201500011129,15,11,3,1840,5,2,1,2,3,06088,M,,,06
201500011130,15,11,4,1250,1,2,1,1,6,06088,M,4371544.0,725366.0,06
201500011131,15,11,4,1715,1,2,1,1,7,06088,M,4369779.0,726048.0,06
201500011132,15,11,5,2115,5,2,2,1,3,06088,M,4369928.0,728316.0,06
201500011133,15,11,6,745,2,1,1,1,1,06159,M,,,06
201500011134,15,11,6,1940,5,2,1,1,3,06088,M,,,06
201500011135,15,11,7,515,5,2,1,1,3,06088,M,4368984.0,724332.0,06
201500011136,15,11,7,1520,1,2,1,1,4,06088,M,4370556.0,726258.0,06
201500011137,15,11,9,945,1,2,1,1,3,06088,M,4370081.0,727107.0,06
201500011138,15,11,9,1815,5,2,1,1,2,06159,M,,,06
201500011139,15,11,10,835,1,2,1,1,2,06088,M,4372086.0,728732.0,06
201500011140,15,11,10,1045,1,2,1,1,6,06088,M,,,06
201500011141,15,11,10,1345,1,2,1,1,4,06088,M,4371200.0,725549.0,06
201500011142,15,11,10,1815,1,2,2,1,6,06088,M,4369196.0,724681.0,06
201500011143,15,11,11,155,5,2,2,1,3,06088,M,4368124.0,723170.0,06
201500011144,15,11,10,1930,5,2,2,1,5,06088,M,,,06
201500011145,15,11,11,1500,1,2,2,1,3,06088,M,,,06
201500011146,15,11,12,1805,5,2,1,1,5,06088,M,,,06
201500011147,15,11,12,1910,5,2,3,1,5,06088,M,4368784.0,721723.0,06
201500011148,15,11,12,2140,5,2,1,1,6,06088,M,,,06
201500011149,15,11,13,1250,1,2,1,1,2,06088,M,,,06
201500011150,15,11,13,1600,1,2,1,1,2,06088,M,,,06
201500011151,15,11,15,1730,5,2,1,1,6,06088,M,4369523.0,724308.0,06
201500011152,15,11,18,130,5,2,1,1,6,06088,M,4370291.0,728843.0,06
201500011153,15,11,18,1800,2,2,1,1,2,06088,M,,,06
201500011154,15,11,19,1412,1,2,1,1,6,06088,M,,,06
201500011155,15,11,19,1735,5,2,1,1,2,06088,M,,,06
201500011156,15,11,20,840,1,2,1,1,4,06088,M,,,06
201500011157,15,11,20,1525,1,2,7,1,3,06088,M,,,06
201500011158,15,11,21,1505,1,2,1,1,1,06088,M,,,06
201500011159,15,11,22,2220,5,2,2,1,3,06088,M,4370755.0,726588.0,06
201500011160,15,11,23,1835,1,2,2,1,3,06088,M,,,06
201500011161,15,11,24,820,1,2,2,1,3,06088,M,4342057.0,716341.0,06
201500011162,15,11,24,1843,5,2,1,1,3,06088,M,4341289.0,718249.0,06
201500011163,15,11,25,1350,1,2,1,1,6,06088,M,4342805.0,717234.0,06
201500011164,15,11,25,1420,1,2,2,8,6,06088,M,,,06
201500011165,15,11,26,1115,1,2,1,1,3,06088,M,,,06
201500011166,15,11,27,1355,1,2,1,1,2,06088,M,,,06
201500011167,15,11,27,1520,1,2,2,1,3,06088,M,4370227.0,726252.0,06
201500011168,15,11,27,1905,5,1,1,1,1,06088,M,4367090.0,722375.0,06
201500011169,15,11,28,1200,1,2,1,1,2,06088,M,4370317.0,725979.0,06
201500011170,15,11,28,1700,1,2,2,1,1,06088,M,4370912.0,725593.0,06
201500011171,15,11,28,2250,5,2,1,1,1,06088,M,4343297.0,715279.0,06
201500011172,15,11,20,2130,5,2,1,1,3,06088,M,,,06
201500011173,15,11,30,1910,5,2,1,1,3,06088,M,4369331.0,723055.0,06
201500011174,15,12,1,1737,5,2,3,1,3,06088,M,,,06
201500011175,15,12,2,755,1,2,7,1,2,06088,M,,,06
201500011176,15,12,2,920,1,2,1,1,6,06088,M,4371376.0,722043.0,06
201500011177,15,12,3,730,1,2,1,1,3,06088,M,,,06
201500011178,15,12,3,1845,5,2,1,1,2,06088,M,4367084.0,720221.0,06
201500011179,15,12,4,1445,1,2,1,1,4,06088,M,,,06
201500011180,15,12,4,1810,2,2,1,1,6,06088,M,,,06
201500011181,15,12,4,2137,5,2,1,1,7,06088,M,,,06
201500011182,15,12,5,330,5,2,1,1,6,06088,M,4371689.0,725298.0,06
201500011183,15,12,5,1410,1,2,1,2,6,06088,M,4340483.0,713479.0,06
201500011184,15,12,5,1900,5,2,2,2,6,06088,M,4342296.0,717340.0,06
201500011185,15,12,6,1350,1,2,1,1,3,06088,M,,,06
201500011186,15,12,7,900,1,2,1,1,3,06088,M,,,06
201500011187,15,12,7,1720,2,2,1,2,3,06088,M,4371341.0,727161.0,06
201500011188,15,12,7,1730,5,2,3,2,6,06088,M,4369804.0,727419.0,06
201500011189,15,12,7,2330,5,2,1,2,3,06088,M,,,06
201500011190,15,12,8,1800,5,2,1,1,6,06088,M,,,06
201500011191,15,12,8,2000,5,2,1,1,6,06088,M,4368925.0,724073.0,06
201500011192,15,12,9,930,1,2,1,1,6,06088,M,,,06
201500011193,15,12,9,1150,1,2,3,1,1,06088,M,,,06
201500011194,15,12,9,2116,5,2,1,1,5,06088,M,,,06
201500011195,15,12,11,759,1,2,2,1,1,06088,M,4372443.0,725369.0,06
201500011196,15,12,11,845,1,1,2,1,3,06088,M,,,06
201500011197,15,12,11,1250,1,2,2,1,3,06088,M,,,06
201500011198,15,12,11,1535,1,2,2,1,3,06088,M,,,06
201500011199,15,12,12,2340,5,2,1,1,2,06088,M,4370719.0,726095.0,06
201500011200,15,12,14,1250,1,2,1,1,3,06088,M,,,06
201500011201,15,12,14,1320,1,2,1,1,5,06088,M,4341442.0,711592.0,06
201500011202,15,12,15,650,5,2,1,1,1,06088,M,,,06
201500011203,15,12,15,945,1,2,1,1,3,06088,M,,,06
201500011204,15,12,15,1120,1,2,1,1,2,06088,M,,,06
201500011205,15,12,15,1730,5,2,1,1,4,06088,M,4340365.0,713257.0,06
201500011206,15,12,16,1645,2,2,1,1,2,06088,M,,,06
201500011207,15,12,17,1245,1,2,1,1,1,06088,M,,,06
201500011208,15,12,18,1750,5,2,1,1,2,06088,M,,,06
201500011209,15,12,18,2240,5,2,1,1,6,06088,M,,,06
201500011210,15,12,19,610,5,2,1,1,6,06088,M,,,06
201500011211,15,12,19,1715,5,2,1,1,3,06088,M,4370343.0,727648.0,06
201500011212,15,12,19,1918,5,2,1,1,1,06088,M,4371771.0,728103.0,06
201500011213,15,12,20,645,3,2,1,1,6,06088,M,,,06
201500011214,15,12,20,1755,5,2,2,1,3,06088,M,,,06
201500011215,15,12,21,1200,1,2,1,1,2,06088,M,4370358.0,727025.0,06
201500011216,15,12,21,1430,1,2,1,1,3,06088,M,,,06
201500011217,15,12,21,2107,5,2,3,1,3,06088,M,,,06
201500011218,15,12,23,350,5,2,2,1,3,06088,M,4370380.0,728989.0,06
201500011219,15,12,24,1730,2,2,1,1,3,06088,M,,,06
201500011220,15,12,26,2240,5,2,2,1,3,06088,M,,,06
201500011221,15,12,27,1510,1,1,1,1,2,06088,M,,,06
201500011222,15,12,28,110,5,2,2,1,3,06088,M,,,06
201500011223,15,12,29,1400,1,1,1,1,3,06088,M,,,06
201500011224,15,12,30,50,5,2,1,1,5,06088,M,,,06
201500011225,15,12,30,1550,1,2,1,1,2,06088,M,4340149.0,712358.0,06
201500011226,15,3,15,649,2,2,1,1,2,06088,M,4373144.0,728653.0,06
201500011227,15,1,8,745,2,2,1,1,6,33085,M,4476510.0,-48827.0,33
201500011228,15,1,16,1345,1,1,3,2,3,33085,M,4476926.0,-44294.0,33
201500011229,15,3,9,515,3,1,1,1,6,33234,M,4478290.0,-50366.0,33
201500011230,15,3,17,615,2,1,3,1,1,33085,M,4477173.0,-49286.0,33
201500011231,15,9,14,1130,1,1,1,1,1,33099,M,4480150.0,-45991.0,33
201500011232,15,3,9,1045,1,1,1,1,7,58088,M,0.0,0.0,58
201500011233,15,3,10,1030,1,1,1,1,6,58212,M,0.0,0.0,58
201500011234,15,4,20,715,1,1,1,1,3,58300,M,0.0,0.0,58
201500011235,15,8,30,1745,1,2,1,1,3,58303,M,0.0,0.0,58
201500011236,15,9,14,1115,1,2,1,2,6,58303,M,0.0,0.0,58
201500011237,15,10,6,1415,1,1,1,8,4,58212,M,0.0,0.0,58
201500011238,15,11,1,45,5,2,1,1,6,58131,M,0.0,0.0,58
201500011239,15,5,23,600,2,2,1,1,6,21515,M,4731255.0,510530.0,21
201500011240,15,8,12,1100,1,1,1,1,1,15209,M,4477000.0,302800.0,15
201500011241,15,9,17,1400,1,1,1,8,1,15045,M,4482500.0,297700.0,15
201500011242,15,12,20,645,3,1,1,1,7,15152,M,4491300.0,281500.0,15
201500011243,15,5,13,1800,1,1,1,1,5,13040,M,0.0,0.0,13
201500011244,15,6,17,1115,1,2,1,1,1,13040,M,0.0,0.0,13
201500011245,15,6,26,1845,1,1,1,1,1,13040,M,0.0,0.0,13
201500011246,15,6,27,930,1,1,1,1,6,13087,M,0.0,0.0,13
201500011247,15,2,1,630,3,1,1,2,1,47221,M,4405410.0,23579.0,47
201500011248,15,3,16,2015,2,1,1,1,1,47195,M,4407840.0,36674.0,47
201500011249,15,4,2,1700,1,2,1,1,6,47195,M,4413700.0,34700.0,47
201500011250,15,5,20,1245,1,1,1,2,1,47134,M,4401120.0,30774.0,47
201500011251,15,6,10,1600,1,1,1,1,3,47180,M,4414150.0,45822.0,47
201500011252,15,8,28,745,1,1,2,1,3,47041,M,4420680.0,41034.0,47
201500011253,15,9,1,530,3,1,1,1,2,47195,M,4412670.0,30950.0,47
201500011254,15,10,18,2145,3,1,1,1,6,47097,M,4424400.0,37500.0,47
201500011255,15,12,23,1745,5,2,1,1,6,47195,M,4413670.0,33640.0,47
201500011256,15,12,27,2245,3,1,1,1,6,47041,M,4422620.0,40353.0,47
201500011257,15,5,7,2030,1,1,1,1,3,07325,M,,,07
201500011258,15,12,15,1800,5,1,1,1,1,07019,M,4461740.0,440242.0,07
201500011259,15,6,15,1510,1,2,9,1,7,07019,M,,,07
201500011260,15,6,15,1720,1,2,1,1,7,07019,M,,,07
201500011261,15,6,26,1505,1,1,1,1,1,07019,M,,,07
201500011262,15,6,26,2235,5,2,1,1,3,07019,M,,,07
201500011263,15,7,7,930,1,2,1,1,6,07019,M,4462220.0,438431.0,07
201500011264,15,8,2,2245,5,2,1,1,6,07331,M,4465870.0,436792.0,07
201500011265,15,9,6,1700,1,2,4,1,3,07116,M,4464850.0,436711.0,07
201500011266,15,9,30,1430,1,2,9,1,1,07019,M,,,07
201500011267,15,9,4,1630,1,2,1,1,3,07019,M,4461550.0,439336.0,07
201500011268,15,10,13,1903,2,2,1,1,2,07116,M,4463830.0,437283.0,07
201500011269,15,10,2,2015,3,1,1,2,1,07019,M,4460100.0,442181.0,07
201500011270,15,10,7,1245,1,1,1,1,7,07331,M,4465780.0,434889.0,07
201500011271,15,11,13,1620,1,1,9,1,3,07331,M,4467770.0,436619.0,07
201500011272,15,11,19,1215,1,2,1,1,2,07019,M,4461442.0,440014.0,07
201500011273,15,11,22,1930,3,1,1,1,3,07019,M,4459328.0,442386.0,07
201500011274,15,11,15,550,5,2,6,1,7,07019,M,4461330.0,440825.0,07
201500011275,15,11,30,1015,1,1,1,1,6,07019,M,4461502.0,440512.0,07
201500011276,15,12,9,1600,1,1,1,1,6,07019,M,,,07
201500011277,15,12,15,1745,5,2,1,1,6,07019,M,,,07
201500011278,15,2,9,1620,1,1,1,7,3,07019,M,,,07
201500011279,15,2,20,2345,3,1,1,3,1,07116,M,,,07
201500011280,15,2,22,200,5,2,3,1,6,07019,M,,,07
201500011281,15,10,1,800,1,1,1,1,7,54143,M,0.0,0.0,54
201500011282,15,4,2,1800,1,2,3,1,3,07102,M,,,07
201500011283,15,4,27,1130,1,2,1,8,6,07102,M,,,07
201500011284,15,5,2,1450,1,1,1,1,7,07281,M,,,07
201500011285,15,5,3,1125,1,2,1,1,6,07281,M,,,07
201500011286,15,6,2,855,1,2,1,1,5,07102,M,,,07
201500011287,15,6,15,1635,1,1,1,1,3,07102,M,,,07
201500011288,15,6,14,500,5,2,1,3,6,07102,M,,,07
201500011289,15,7,8,900,1,2,2,1,6,07102,M,,,07
201500011290,15,7,14,1945,1,2,4,1,3,07281,M,,,07
201500011291,15,6,24,1030,1,2,7,1,6,07281,M,,,07
201500011292,15,9,15,1045,1,2,3,1,3,07102,M,,,07
201500011293,15,9,27,957,1,1,1,1,7,07281,M,4493340.0,481961.0,07
201500011294,15,10,4,610,5,2,6,2,7,07102,M,,,07
201500011295,15,10,24,1655,1,1,1,1,7,07281,M,4455404.0,0.0,07
201500011296,15,11,4,1600,1,2,1,2,2,07102,M,,,07
201500011297,15,11,30,1840,5,2,1,1,3,07281,M,4494540.0,485406.0,07
201500011298,15,12,8,1344,1,2,1,1,6,07102,M,4493627.0,487319.0,07
201500011299,15,12,12,1730,2,2,6,1,2,07102,M,4493269.0,488008.0,07
201500011300,15,12,15,955,1,2,1,1,1,07281,M,4494100.0,486264.0,07
201500011301,15,5,25,1415,1,1,1,6,6,11144,M,4292403.0,299487.0,11
201500011302,15,8,15,745,1,1,1,1,1,11144,M,4286775.0,298561.0,11
201500011303,15,8,20,1545,1,1,1,1,1,11202,M,4292259.0,301765.0,11
201500011304,15,11,11,1830,5,2,9,1,1,11202,M,4290376.0,304865.0,11
201500011305,15,5,8,1415,1,1,1,1,3,57041,M,0.0,0.0,57
201500011306,15,5,9,600,1,1,1,1,6,57041,M,0.0,0.0,57
201500011307,15,6,11,1645,1,2,1,1,3,57038,M,0.0,0.0,57
201500011308,15,6,16,2000,1,1,3,1,3,57041,M,0.0,0.0,57
201500011309,15,7,4,1145,1,1,1,1,3,57498,M,0.0,0.0,57
201500011310,15,8,6,1830,1,1,1,1,7,57022,M,4938426.0,603839.0,57
201500011311,15,8,13,645,1,1,1,1,5,57041,M,0.0,0.0,57
201500011312,15,11,30,1315,1,1,1,1,6,57038,M,0.0,0.0,57
201500011313,15,12,3,1315,1,2,1,7,7,57038,M,0.0,0.0,57
201500011314,15,4,10,1710,1,1,1,1,7,07146,M,4473993.0,459932.0,07
201500011315,15,12,9,1045,1,2,1,1,6,07186,M,,,07
201500011316,15,5,7,1020,1,1,1,1,7,07072,M,4474162.0,460322.0,07
201500011317,15,5,24,15,3,1,1,1,6,07072,M,,,07
201500011318,15,5,18,1805,1,2,1,1,2,07186,M,4471869.0,460502.0,07
201500011319,15,6,5,1500,1,2,1,1,3,07186,M,4473170.0,459472.0,07
201500011320,15,5,31,1840,1,1,1,1,5,07072,M,4473594.0,463418.0,07
201500011321,15,6,29,1810,1,2,1,1,3,07186,M,4473474.0,460037.0,07
201500011322,15,8,21,1850,1,2,1,1,7,07186,M,4472199.0,461046.0,07
201500011323,15,9,7,2045,3,1,3,1,3,07008,M,,,07
201500011324,15,9,10,730,1,1,1,1,1,07008,M,,,07
201500011325,15,9,22,1200,1,2,1,1,2,07186,M,,,07
201500011326,15,11,12,1810,5,2,1,1,6,07340,M,4472940.0,457494.0,07
201500011327,15,11,7,1550,1,2,1,1,6,07186,M,4472740.0,459744.0,07
201500011328,15,12,2,1625,1,1,1,1,6,07008,M,,,07
201500011329,15,10,23,1210,1,1,1,1,6,07186,M,,,07
201500011330,15,12,21,745,2,2,1,2,6,07186,M,4473447.0,459894.0,07
201500011331,15,1,18,602,2,2,1,1,6,07186,M,,,07
201500011332,15,1,21,2100,5,2,4,4,6,07186,M,,,07
201500011333,15,1,30,1530,1,2,1,1,5,07146,M,,,07
201500011334,15,1,26,1830,2,2,1,1,6,07186,M,,,07
201500011335,15,2,9,1105,1,2,1,1,6,07186,M,,,07
201500011336,15,3,5,730,2,1,1,1,7,07146,M,,,07
201500011337,15,4,10,1710,1,1,1,1,7,07146,M,,,07
201500011338,15,1,16,1745,3,2,1,2,6,34259,M,4301700.0,335000.0,34
201500011339,15,2,13,1445,1,1,1,1,3,34123,M,4361462.0,381538.0,34
201500011340,15,3,5,1800,1,2,1,1,3,34259,M,4360419.0,378344.0,34
201500011341,15,4,14,1045,1,1,1,1,7,34259,M,4360869.0,379605.0,34
201500011342,15,6,1,845,1,1,1,1,1,34134,M,4358913.0,380741.0,34
201500011343,15,7,3,1400,1,1,1,1,3,34202,M,4357408.0,374514.0,34
201500011344,15,9,29,1830,1,2,1,1,3,34163,M,4365072.0,369746.0,34
201500011345,15,12,24,1430,1,1,1,1,3,34259,M,4362448.0,376986.0,34
201500011346,15,4,24,845,1,1,1,1,7,11397,M,4320700.0,247300.0,11
201500011347,15,6,29,2115,1,1,6,1,7,11027,M,4318800.0,250600.0,11
201500011348,15,8,15,900,1,1,1,1,6,11261,M,4317978.0,266933.0,11
201500011349,15,8,18,2200,3,2,1,1,2,11397,M,4320493.0,241639.0,11
201500011350,15,10,4,2015,5,2,1,1,5,11397,M,4320973.0,244612.0,11
201500011351,15,8,14,1315,1,1,1,2,6,23140,M,4592972.0,217949.0,23
201500011352,15,1,1,830,2,2,1,1,7,78420,M,0.0,0.0,78
201500011353,15,1,6,1945,5,2,1,1,6,78537,M,4857500.0,194300.0,78
201500011354,15,1,10,15,3,1,1,1,6,78616,M,0.0,0.0,78
201500011355,15,1,8,1130,1,1,1,3,7,78615,M,0.0,0.0,78
201500011356,15,2,25,1000,1,1,1,8,3,78356,M,0.0,0.0,78
201500011357,15,3,5,715,1,1,1,1,6,28092,M,4836832.0,188326.0,28
201500011358,15,3,12,1615,1,1,1,1,7,78356,M,0.0,0.0,78
201500011359,15,3,17,715,1,1,1,1,6,91111,M,0.0,0.0,91
201500011360,15,4,6,1415,1,1,1,1,6,28092,M,4837172.0,188510.0,28
201500011361,15,4,14,1630,1,2,6,1,6,78575,M,0.0,0.0,78
201500011362,15,4,19,1630,1,1,1,1,3,78615,M,0.0,0.0,78
201500011363,15,4,20,1215,1,1,1,1,6,78389,M,0.0,0.0,78
201500011364,15,4,30,1800,1,1,1,3,1,78356,M,0.0,0.0,78
201500011365,15,5,1,1330,1,1,1,2,6,78003,M,4852400.0,183200.0,78
201500011366,15,5,29,315,3,1,1,1,6,78601,M,0.0,0.0,78
201500011367,15,5,29,630,2,1,1,1,5,28169,M,4843863.0,190684.0,28
201500011368,15,5,28,630,1,1,1,1,3,91319,M,0.0,0.0,91
201500011369,15,6,4,1030,1,1,1,1,5,78356,M,0.0,0.0,78
201500011370,15,6,8,1515,1,1,1,1,6,78623,M,0.0,0.0,78
201500011371,15,6,9,1415,1,1,1,1,1,28092,M,4837000.0,188200.0,28
201500011372,15,6,10,1515,1,1,1,1,5,91634,M,0.0,0.0,91
201500011373,15,6,21,1825,1,2,1,1,3,78655,M,0.0,0.0,78
201500011374,15,6,26,545,1,1,1,1,7,78537,M,4856900.0,197600.0,78
201500011375,15,6,27,1615,1,1,1,1,6,78506,M,4852100.0,178400.0,78
201500011376,15,7,14,2300,3,1,1,1,2,78009,M,4846500.0,191200.0,78
201500011377,15,7,20,415,3,1,1,1,6,28276,M,4830892.0,186224.0,28
201500011378,15,7,19,1430,1,1,1,1,6,78003,M,0.0,0.0,78
201500011379,15,8,8,1000,1,1,1,1,7,28092,M,4837756.0,188748.0,28
201500011380,15,9,5,2000,2,1,1,1,7,78009,M,0.0,0.0,78
201500011381,15,9,10,1845,1,1,9,1,7,78601,M,0.0,0.0,78
201500011382,15,9,19,330,3,1,1,8,6,78003,M,4852200.0,183000.0,78
201500011383,15,9,25,1630,1,1,2,1,3,78522,M,4859900.0,199300.0,78
201500011384,15,9,26,1745,1,1,1,1,5,28092,M,4834244.0,186892.0,28
201500011385,15,10,16,1445,1,1,1,2,7,78349,M,0.0,0.0,78
201500011386,15,10,23,2130,3,1,1,1,6,28169,M,4844271.0,190832.0,28
201500011387,15,11,7,930,1,1,1,5,2,28026,M,4831623.0,186280.0,28
201500011388,15,11,9,815,1,1,1,1,1,78478,M,4847000.0,187700.0,78
201500011389,15,11,25,1315,1,1,1,2,6,78003,M,4853200.0,183500.0,78
201500011390,15,12,8,745,2,1,1,1,7,91319,M,4864300.0,215000.0,91
201500011391,15,12,16,2100,3,1,1,1,4,28092,M,4836794.0,188315.0,28
201500011392,15,12,22,215,3,1,1,1,6,78009,M,0.0,0.0,78
201500011393,15,3,19,645,2,1,3,1,1,51299,M,4935225.0,420316.0,51
201500011394,15,7,31,2200,3,1,1,1,6,51232,M,4928884.0,426157.0,51
201500011395,15,11,20,15,3,1,1,3,6,51662,M,4929177.0,412816.0,51
201500011396,15,3,13,1600,1,1,1,1,6,69189,M,0.0,0.0,69
201500011397,15,3,22,1600,1,1,1,1,6,69007,M,0.0,0.0,69
201500011398,15,4,9,1200,1,2,1,1,1,69119,M,,,69
201500011399,15,8,7,1900,1,1,1,1,7,69118,M,4556500.0,480300.0,69
201500011400,15,8,23,800,1,2,1,1,6,69007,M,0.0,0.0,69
201500011401,15,8,26,1215,1,1,1,1,5,69007,M,0.0,0.0,69
201500011402,15,10,5,1450,1,1,1,3,6,69253,M,,,69
201500011403,15,11,5,1815,3,1,1,1,1,69080,M,0.0,0.0,69
201500011404,15,11,21,1715,2,1,1,1,1,69097,M,0.0,0.0,69
201500011405,15,1,29,815,2,2,7,2,6,37050,M,0.0,0.0,37
201500011406,15,3,16,1815,1,2,2,1,3,37050,M,0.0,0.0,37
201500011407,15,3,28,1145,1,2,1,1,2,37050,M,0.0,0.0,37
201500011408,15,4,9,1830,1,1,1,1,2,37050,M,0.0,0.0,37
201500011409,15,5,28,1900,1,2,7,9,6,37243,M,0.0,0.0,37
201500011410,15,6,26,1615,1,2,1,1,4,37050,M,0.0,0.0,37
201500011411,15,11,30,1945,5,2,6,8,3,37050,M,0.0,0.0,37
201500011412,15,12,3,900,1,1,1,1,2,37018,M,0.0,0.0,37
201500011413,15,3,14,1400,1,1,1,1,5,29045,M,4843951.0,-426678.0,29
201500011414,15,3,30,1745,1,2,2,8,1,33005,M,4474461.0,-110271.0,33
201500011415,15,5,13,2315,5,2,9,1,3,33005,M,4473307.0,-107894.0,33
201500011416,15,5,22,1045,1,2,9,1,6,33005,M,4477490.0,-109315.0,33
201500011417,15,6,2,2245,5,2,2,1,3,33005,M,4474106.0,-109550.0,33
201500011418,15,7,13,1100,1,2,6,1,3,33005,M,4475293.0,-107823.0,33
201500011419,15,8,2,100,3,1,1,1,6,33011,M,4479510.0,-105769.0,33
201500011420,15,8,2,1945,1,1,1,1,1,33229,M,0.0,0.0,33
201500011421,15,7,31,2015,1,2,1,1,3,33005,M,4474486.0,-108487.0,33
201500011422,15,10,10,2045,5,2,1,1,2,33005,M,4473260.0,-108021.0,33
201500011423,15,12,5,2030,3,1,1,5,6,33005,M,0.0,0.0,33
201500011424,15,12,30,1100,1,2,1,1,6,33005,M,4474242.0,-109727.0,33
201500011425,15,6,20,1000,1,2,1,1,2,60432,M,4910949.0,260040.0,60
201500011426,15,8,4,545,2,1,1,2,6,60494,M,4910409.0,256801.0,60
201500011427,15,10,15,1730,2,2,1,1,1,60172,M,4914317.0,246513.0,60
201500011428,15,11,20,415,3,1,1,2,6,60505,M,4915920.0,255215.0,60
201500011429,15,12,28,730,3,1,1,1,6,60494,M,4910415.0,256921.0,60
201500011430,15,6,24,1700,1,1,1,1,7,73257,M,4529965.0,656910.0,73
201500011431,15,10,10,1130,1,1,1,1,7,73257,M,0.0,0.0,73
201500011432,15,12,12,2330,5,2,1,1,6,73257,M,4531699.0,653723.0,73
201500011433,15,2,27,1215,1,1,1,1,2,51099,M,4882713.0,428900.0,51
201500011434,15,3,13,1715,1,1,1,1,2,51205,M,4903411.0,440535.0,51
201500011435,15,5,2,1645,1,1,1,1,7,51634,M,4895703.0,428838.0,51
201500011436,15,7,6,330,3,1,1,1,2,51205,M,4903407.0,438975.0,51
201500011437,15,9,7,800,1,1,1,1,6,51147,M,4903167.0,447081.0,51
201500011438,15,1,14,2100,3,1,1,1,7,77339,M,4836288.0,246706.0,77
201500011439,15,1,27,630,5,2,1,9,7,77340,M,4828633.0,278742.0,77
201500011440,15,1,29,2330,3,1,9,6,6,77333,M,4828010.0,270414.0,77
201500011441,15,2,6,2145,1,1,1,1,6,77359,M,4847200.0,251000.0,77
201500011442,15,2,20,815,1,1,1,1,1,77370,M,0.0,0.0,77
201500011443,15,3,22,1700,1,1,1,1,6,77216,M,0.0,0.0,77
201500011444,15,7,3,2100,1,1,1,7,3,77431,M,0.0,0.0,77
201500011445,15,7,6,600,1,1,1,1,2,77339,M,0.0,0.0,77
201500011446,15,7,10,630,2,1,1,1,5,77339,M,4860800.0,295000.0,77
201500011447,15,7,16,430,3,1,1,1,2,77339,M,4838400.0,255800.0,77
201500011448,15,8,4,245,3,1,1,2,7,77168,M,4816510.0,287116.0,77
201500011449,15,8,27,1515,1,1,1,3,1,77065,M,0.0,0.0,77
201500011450,15,8,28,700,2,1,1,2,6,91441,M,4884100.0,285400.0,91
201500011451,15,9,11,1915,2,1,1,1,7,77412,M,4847420.0,251774.0,77
201500011452,15,10,25,1815,2,1,1,1,5,77520,M,0.0,0.0,77
201500011453,15,11,1,1730,1,1,1,1,6,77168,M,0.0,0.0,77
201500011454,15,11,10,1830,3,1,1,1,7,77333,M,0.0,0.0,77
201500011455,15,11,12,1845,3,1,1,1,4,77407,M,0.0,0.0,77
201500011456,15,12,18,2200,3,1,1,1,6,91441,M,4851500.0,250700.0,91
201500011457,15,12,29,200,3,1,6,1,7,77022,M,4845153.0,262387.0,77
201500011458,15,5,10,1115,1,1,1,1,2,62427,M,0.0,0.0,62
201500011459,15,5,25,1315,1,1,1,1,2,62718,M,0.0,0.0,62
201500011460,15,6,5,2015,2,1,1,1,6,62121,M,0.0,0.0,62
201500011461,15,6,7,845,1,1,1,1,7,62829,M,0.0,0.0,62
201500011462,15,7,7,45,3,1,1,1,6,62829,M,5005248.0,287494.0,62
201500011463,15,7,12,600,1,2,6,1,6,62073,M,5033926.0,285120.0,62
201500011464,15,9,19,1530,1,1,1,1,2,62829,M,0.0,0.0,62
201500011465,15,9,21,745,1,1,1,1,3,62405,M,0.0,0.0,62
201500011466,15,10,22,2300,3,1,1,1,5,62718,M,5029938.0,288744.0,62