Num_Acc,an,mois,jour,hrmn,lum,agg,int,atm,col,com,gps,lat,long,dep
201500011467,15,11,21,1830,3,1,1,3,6,62873,M,5026156.0,286356.0,62
201500011468,15,1,14,1430,1,1,1,1,5,80033,M,0.0,0.0,80
201500011469,15,1,31,630,3,1,1,1,2,80002,M,0.0,0.0,80
201500011470,15,2,9,1145,1,1,1,1,2,80033,M,0.0,0.0,80
201500011471,15,4,14,1015,1,1,1,1,6,80781,M,0.0,0.0,80
201500011472,15,5,5,45,3,1,1,2,1,80033,M,0.0,0.0,80
201500011473,15,8,8,2330,3,1,1,1,5,80417,M,0.0,0.0,80
201500011474,15,8,18,15,3,1,1,1,6,80383,M,0.0,0.0,80
201500011475,15,8,27,2100,3,1,1,2,6,80421,M,0.0,0.0,80
201500011476,15,8,29,615,2,1,1,1,5,80288,M,0.0,0.0,80
201500011477,15,8,30,1345,1,1,1,7,6,80101,M,0.0,0.0,80
201500011478,15,10,21,1145,1,1,1,1,5,80359,M,0.0,0.0,80
201500011479,15,11,6,215,3,1,1,1,5,80685,M,0.0,0.0,80
201500011480,15,11,23,415,3,1,1,8,6,80267,M,0.0,0.0,80
201500011481,15,12,19,1745,3,1,1,1,7,80685,M,0.0,0.0,80
201500011482,15,12,22,1030,1,1,1,1,6,80186,M,0.0,0.0,80
201500011483,15,12,29,300,3,1,1,8,5,80002,M,0.0,0.0,80
201500011484,15,1,6,1545,1,1,1,1,2,13103,M,0.0,0.0,13
201500011485,15,2,8,2030,3,1,1,1,3,13112,M,0.0,0.0,13
201500011486,15,3,2,1145,1,1,1,1,2,13032,M,0.0,0.0,13
201500011487,15,3,2,1045,1,1,1,1,2,13067,M,0.0,0.0,13
201500011488,15,3,4,1015,1,1,1,1,3,13112,M,0.0,0.0,13
201500011489,15,3,31,815,1,1,1,1,5,13067,M,0.0,0.0,13
201500011490,15,4,19,1745,1,1,1,2,6,13097,M,0.0,0.0,13
201500011491,15,4,19,2215,3,1,1,1,6,13051,M,0.0,0.0,13
201500011492,15,5,27,1330,1,1,1,1,6,13051,M,0.0,0.0,13
201500011493,15,6,6,1630,1,1,1,1,6,13018,M,0.0,0.0,13
201500011494,15,6,12,1730,1,1,9,3,4,13051,M,0.0,0.0,13
201500011495,15,7,11,1500,1,1,1,1,7,13049,M,0.0,0.0,13
201500011496,15,7,17,1600,1,1,1,1,5,13051,M,0.0,0.0,13
201500011497,15,7,20,1245,1,1,1,1,5,13103,M,0.0,0.0,13
201500011498,15,8,13,1145,1,1,1,1,2,13051,M,0.0,0.0,13
201500011499,15,8,21,1015,1,1,1,1,4,13118,M,0.0,0.0,13
201500011500,15,8,22,315,3,1,1,1,6,13103,M,4358800.0,512300.0,13
201500011501,15,9,12,245,3,1,1,1,2,13067,M,0.0,0.0,13
201500011502,15,10,3,1845,2,1,1,3,2,13001,M,0.0,0.0,13
201500011503,15,10,27,730,1,1,1,1,2,13001,M,4351900.0,540900.0,13
201500011504,15,4,11,1015,1,1,1,1,6,84087,M,4414240.0,477764.0,84
201500011505,15,4,26,1600,1,1,1,2,6,84083,M,0.0,0.0,84
201500011506,15,8,9,2215,3,1,1,1,6,84039,M,4409579.0,487132.0,84
201500011507,15,12,17,445,3,1,1,1,2,84078,M,0.0,0.0,84
201500011508,15,12,24,145,3,1,1,1,6,84019,M,0.0,0.0,84
201500011509,15,1,3,1715,5,2,1,3,2,60074,M,4921986.0,235997.0,60
201500011510,15,5,15,1,5,1,1,1,1,60513,M,4919322.0,236484.0,60
201500011511,15,7,16,2030,1,2,1,1,7,60044,M,4930052.0,234274.0,60
201500011512,15,12,23,1900,3,2,1,1,6,60584,M,4924023.0,243911.0,60
201500011513,15,12,23,1830,5,2,1,1,6,60584,M,4922034.0,242712.0,60
201500011514,15,2,19,745,1,2,1,1,6,08067,M,4962730.0,517855.0,08
201500011515,15,3,26,930,1,1,1,1,6,25527,M,0.0,0.0,25
201500011516,15,6,16,1045,1,1,1,9,6,25056,M,0.0,0.0,25
201500011517,15,7,5,945,1,1,1,1,3,25056,M,0.0,0.0,25
201500011518,15,8,3,715,1,1,1,1,3,25527,M,0.0,0.0,25
201500011519,15,10,30,1430,1,1,1,1,2,25215,M,4734900.0,624900.0,25
201500011520,15,12,16,815,2,1,1,1,1,25328,M,4718526.0,596374.0,25
201500011521,15,3,18,1130,1,1,1,1,6,27580,M,4934359.0,92276.0,27
201500011522,15,4,19,615,2,1,1,1,2,76484,M,4934300.0,106084.0,76
201500011523,15,5,14,1315,1,1,1,3,6,27646,M,4933342.0,38866.0,27
201500011524,15,7,2,1315,1,1,1,8,2,76484,M,4933647.0,107454.0,76
201500011525,15,7,8,1630,1,1,1,8,2,27662,M,4934721.0,42644.0,27
201500011526,15,7,22,1330,1,1,1,1,6,27227,M,4937201.0,66904.0,27
201500011527,15,8,3,200,3,1,1,1,3,27340,M,4936538.0,80954.0,27
201500011528,15,8,21,1215,1,1,1,1,6,27340,M,0.0,0.0,27
201500011529,15,10,14,1530,1,1,1,1,2,27065,M,4931407.0,30620.0,27
201500011530,15,12,3,645,2,1,1,1,2,76484,M,4934360.0,105690.0,76
201500011531,15,11,11,1000,1,1,1,1,7,76319,M,4933793.0,99779.0,76
201500011532,15,11,16,745,2,1,4,1,6,76484,M,4933930.0,107013.0,76
201500011533,15,11,18,815,1,1,1,1,2,76484,M,4935522.0,103337.0,76
201500011534,15,12,10,1,5,1,1,1,1,76484,M,4933751.0,107281.0,76
201500011535,15,12,20,1730,3,1,1,1,7,27497,M,4937038.0,72006.0,27
201500011536,15,12,27,415,4,1,1,1,6,76484,M,4933531.0,107696.0,76
201500011537,15,12,28,1415,1,2,1,1,6,27103,M,4935486.0,81630.0,27
201500011538,15,1,16,1445,1,1,1,1,7,78089,M,0.0,0.0,78
201500011539,15,3,1,800,1,1,1,1,2,78089,M,0.0,0.0,78
201500011540,15,3,11,2045,3,1,1,1,7,27150,M,4908509.0,137773.0,27
201500011541,15,3,13,1245,1,1,1,1,1,27517,M,4913974.0,130738.0,27
201500011542,15,3,13,1530,1,1,1,1,2,27612,M,4907160.0,140602.0,27
201500011543,15,5,10,1545,1,1,1,1,6,27612,M,4907097.0,140740.0,27
201500011544,15,10,26,2345,3,1,1,1,6,27099,M,4907793.0,118744.0,27
201500011545,15,10,30,100,3,1,1,1,1,27332,M,4918522.0,123670.0,27
201500011546,15,11,20,445,3,1,1,1,2,27701,M,4922577.0,120921.0,27
201500011547,15,2,2,1530,1,1,1,1,4,60369,M,4934514.0,269852.0,60
201500011548,15,2,13,1930,3,1,1,1,4,60541,M,4929307.0,269071.0,60
201500011549,15,2,15,145,5,1,1,1,6,60533,M,4953472.0,272504.0,60
201500011550,15,2,24,415,3,1,1,1,2,60369,M,4935821.0,270285.0,60
201500011551,15,5,14,1,3,1,1,1,2,60071,M,4957220.0,274089.0,60
201500011552,15,5,21,600,1,1,1,1,1,60281,M,4948936.0,271426.0,60
201500011553,15,5,31,945,1,1,1,1,6,60369,M,4934048.0,269619.0,60
201500011554,15,6,2,2000,1,1,1,1,6,60612,M,4921587.0,262758.0,60
201500011555,15,6,20,1745,1,1,1,1,2,60138,M,4922117.0,263865.0,60
201500011556,15,7,12,2030,2,1,1,1,2,60138,M,4921927.0,263400.0,60
201500011557,15,7,18,845,1,1,1,1,6,60533,M,4952431.0,272175.0,60
201500011558,15,8,7,100,3,1,1,1,6,60541,M,4930287.0,268700.0,60
201500011559,15,9,19,730,1,1,1,1,6,60541,M,4930418.0,268595.0,60
201500011560,15,10,15,530,3,1,1,2,5,60100,M,4925620.0,268396.0,60
201500011561,15,11,14,1845,3,1,1,1,6,60125,M,4939643.0,269757.0,60
201500011562,15,11,15,915,1,1,1,1,6,60100,M,4925192.0,268146.0,60
201500011563,15,12,7,1300,1,1,1,1,6,60138,M,4921134.0,261794.0,60
201500011564,15,12,9,1000,1,1,1,1,5,60533,M,4953472.0,272504.0,60
201500011565,15,12,9,1145,1,1,1,7,2,60071,M,4958021.0,274484.0,60
201500011566,15,12,9,1330,1,1,1,1,3,60558,M,4959562.0,275125.0,60
201500011567,15,3,20,800,1,1,1,1,2,21027,M,4741235.0,504636.0,21
201500011568,15,12,15,1545,1,1,1,2,7,21255,M,0.0,0.0,21
201500011569,15,1,7,145,3,1,1,1,2,69108,M,4616800.0,477035.0,69
201500011570,15,2,21,415,3,1,1,1,2,69013,M,0.0,0.0,69
201500011571,15,2,23,1345,1,1,1,1,6,69264,M,0.0,0.0,69
201500011572,15,4,10,645,1,1,1,1,2,69013,M,0.0,0.0,69
201500011573,15,6,9,515,2,1,1,1,6,69013,M,0.0,0.0,69
201500011574,15,8,17,1715,1,1,1,1,6,69077,M,0.0,0.0,69
201500011575,15,2,10,500,3,1,1,8,6,59597,M,0.0,0.0,59
201500011576,15,2,15,2115,3,1,1,1,5,59047,M,0.0,0.0,59
201500011577,15,3,18,1400,1,1,1,1,6,59167,M,5021973.0,324690.0,59
201500011578,15,4,9,1400,1,1,1,1,7,62715,M,0.0,0.0,62
201500011579,15,6,21,615,1,1,1,1,6,59597,M,0.0,0.0,59
201500011580,15,7,19,615,2,1,1,1,2,59377,M,0.0,0.0,59
201500011581,15,8,10,800,1,1,1,1,6,59125,M,0.0,0.0,59
201500011582,15,8,25,1700,1,1,1,2,2,62421,M,0.0,0.0,62
201500011583,15,10,24,745,2,1,1,1,6,59623,M,0.0,0.0,59
201500011584,15,11,1,815,2,1,1,1,6,59244,M,0.0,0.0,59
201500011585,15,11,22,1800,5,1,6,1,7,64448,M,4334658.0,-167326.0,64
201500011586,15,4,13,730,1,2,1,1,6,64496,M,4348200.0,-145300.0,64
201500011587,15,6,18,1830,1,1,9,1,3,64527,M,4334048.0,-152221.0,64
201500011588,15,6,24,1430,1,2,1,1,1,38553,M,0.0,0.0,38
201500011589,15,8,5,1600,1,1,1,1,6,38053,M,0.0,0.0,38
201500011590,15,8,7,1445,1,1,1,1,6,38348,M,0.0,0.0,38
201500011591,15,9,23,2215,3,1,1,1,6,38193,M,0.0,0.0,38
201500011592,15,9,26,30,3,1,1,1,7,38537,M,4564046.0,514804.0,38
201500011593,15,12,7,1730,3,1,1,1,6,38193,M,0.0,0.0,38
201500011594,15,11,5,1145,1,2,1,1,6,68278,M,0.0,0.0,68
201500011595,15,1,9,800,2,1,1,9,3,53169,M,4812469.0,-94749.0,53
201500011596,15,4,10,1830,1,1,1,1,2,53137,M,4806710.0,-93279.0,53
201500011597,15,5,13,1700,1,1,6,1,3,53108,M,4807313.0,-101163.0,53
201500011598,15,6,6,1715,1,1,3,1,3,53048,M,4824830.0,-90290.0,53
201500011599,15,7,10,1630,1,1,1,1,1,53243,M,4812652.0,-87940.0,53
201500011600,15,7,20,845,1,1,1,1,1,53039,M,4814987.0,-95237.0,53
201500011601,15,7,29,1445,1,1,1,1,7,53229,M,4815588.0,-75109.0,53
201500011602,15,8,13,1830,1,1,1,1,6,53045,M,4810357.0,-96180.0,53
201500011603,15,1,1,515,3,1,1,5,6,95371,M,4907590.0,252890.0,95
201500011604,15,2,12,1730,1,2,1,1,6,95250,M,4909890.0,252210.0,95
201500011605,15,5,3,45,3,1,1,2,6,95371,M,4907790.0,252910.0,95
201500011606,15,6,16,1400,1,1,1,1,3,95371,M,4907630.0,250390.0,95
201500011607,15,7,18,1115,1,2,1,7,3,95580,M,4909530.0,252830.0,95
201500011608,15,12,22,2200,3,1,1,1,1,95580,M,4908530.0,254470.0,95
201500011609,15,7,12,1245,1,1,1,1,6,76517,M,4951732.0,119540.0,76
201500011610,15,9,27,1845,1,1,1,1,6,76503,M,4953136.0,101474.0,76
201500011611,15,2,25,1015,1,1,1,2,1,17091,M,4628617.0,-108097.0,17
201500011612,15,3,20,1300,1,1,9,2,5,17222,M,4622017.0,-113072.0,17
201500011613,15,3,30,815,2,1,3,2,3,17396,M,4622517.0,-87904.0,17
201500011614,15,4,24,1445,1,1,2,1,3,17218,M,4632347.0,-99371.0,17
201500011615,15,6,23,845,1,2,3,1,3,17051,M,4618475.0,-139203.0,17
201500011616,15,7,31,1715,1,1,1,1,5,17051,M,4616525.0,-135465.0,17
201500011617,15,8,6,1830,1,1,6,1,3,17121,M,4619607.0,-143168.0,17
201500011618,15,12,9,1100,1,2,1,1,6,17121,M,4619375.0,-142844.0,17
201500011619,15,1,9,800,2,1,9,2,2,17289,M,4565470.0,-63439.0,17
201500011620,15,1,19,900,1,1,1,2,1,17086,M,4574490.0,-57657.0,17
201500011621,15,4,7,1800,1,1,1,1,4,17299,M,4596220.0,-95931.0,17
201500011622,15,6,6,1615,1,1,1,1,2,17444,M,4568635.0,-64584.0,17
201500011623,15,6,25,1430,1,1,1,7,1,17147,M,4581186.0,-51348.0,17
201500011624,15,8,7,915,1,1,1,1,6,17438,M,4555095.0,-60396.0,17
201500011625,15,8,10,1845,1,1,1,1,6,17157,M,4589697.0,-59787.0,17
201500011626,15,10,13,1530,1,1,2,1,3,17367,M,4592731.0,-34089.0,17
201500011627,15,11,2,830,1,1,1,1,1,17421,M,4567559.0,-95570.0,17
201500011628,15,11,24,730,1,1,1,5,6,17280,M,4585830.0,-72920.0,17
201500011629,15,12,30,2145,3,1,1,2,6,17415,M,0.0,0.0,17
201500011630,15,5,23,2145,3,1,1,1,7,25131,M,0.0,0.0,25
201500011631,15,6,11,1645,1,1,1,1,3,25222,M,0.0,0.0,25
201500011632,15,1,9,1930,5,2,3,1,1,31022,M,4367614.0,143458.0,31
201500011633,15,4,20,1000,1,2,2,1,3,31186,M,4368298.0,144806.0,31
201500011634,15,10,3,800,1,2,1,1,1,31282,M,4366900.0,144400.0,31
201500011635,15,1,12,1500,1,1,1,1,6,83116,M,0.0,0.0,83
201500011636,15,2,20,100,3,1,1,1,4,13110,M,0.0,0.0,13
201500011637,15,3,7,2045,3,1,1,1,4,13087,M,0.0,0.0,13
201500011638,15,3,21,1730,1,1,1,2,2,83116,M,0.0,0.0,83
201500011639,15,4,4,330,3,1,1,1,3,13110,M,0.0,0.0,13
201500011640,15,4,17,1015,1,1,1,8,2,13025,M,0.0,0.0,13
201500011641,15,4,18,1615,1,1,1,1,2,83096,M,0.0,0.0,83
201500011642,15,5,7,1700,1,1,1,1,2,83023,M,0.0,0.0,83
201500011643,15,6,27,700,2,1,1,1,6,83116,M,0.0,0.0,83
201500011644,15,8,19,1815,1,1,1,1,3,83023,M,0.0,0.0,83
201500011645,15,8,22,1330,1,1,1,1,6,83116,M,0.0,0.0,83
201500011646,15,10,7,2130,3,1,1,1,6,83116,M,0.0,0.0,83
201500011647,15,10,17,915,1,1,1,1,6,83116,M,0.0,0.0,83
201500011648,15,1,17,800,1,1,9,2,6,74081,M,0.0,0.0,74
201500011649,15,1,24,1030,1,1,1,1,2,74042,M,0.0,0.0,74
201500011650,15,2,22,1915,3,1,1,1,6,74262,M,0.0,0.0,74
201500011651,15,6,12,600,1,1,1,1,6,74018,M,0.0,0.0,74
201500011652,15,10,19,2030,3,1,1,1,2,74042,M,0.0,0.0,74
201500011653,15,11,17,445,3,1,1,1,2,74118,M,0.0,0.0,74
201500011654,15,12,26,815,1,1,1,1,6,74312,M,0.0,0.0,74
201500011655,15,1,5,915,1,1,1,1,4,30347,M,4374843.0,424661.0,30
201500011656,15,1,10,1415,1,1,1,1,6,30317,M,4390625.0,455809.0,30
201500011657,15,3,2,900,1,1,1,1,4,34022,M,4365215.0,398919.0,34
201500011658,15,3,23,1,3,1,1,1,6,30156,M,4387473.0,444959.0,30
201500011659,15,3,22,1930,3,1,1,1,4,30156,M,4387629.0,445329.0,30
201500011660,15,4,5,645,2,1,1,1,4,30169,M,4379020.0,430117.0,30
201500011661,15,4,11,815,1,1,1,1,2,30189,M,4381041.0,434664.0,30
201500011662,15,6,10,1230,1,1,1,1,6,34022,M,4365304.0,399070.0,34
201500011663,15,6,16,1015,1,1,1,1,6,34340,M,4371715.0,413808.0,34
201500011664,15,8,7,1400,1,1,1,1,5,34340,M,4372002.0,414292.0,34
201500011665,15,8,9,130,3,1,1,1,2,34240,M,4366536.0,399114.0,34
201500011666,15,8,17,1300,1,1,1,1,1,30347,M,4374837.0,424593.0,30
201500011667,15,8,23,330,3,1,1,1,6,30347,M,4374849.0,424711.0,30
201500011668,15,8,27,1830,1,1,9,1,2,30123,M,4372475.0,417051.0,30
201500011669,15,9,3,1415,1,1,1,1,2,30060,M,4378320.0,440750.0,30
201500011670,15,9,10,1415,1,1,1,1,2,34294,M,4370281.0,411660.0,34
201500011671,15,10,10,645,2,1,1,1,4,30034,M,4372815.0,449972.0,30
201500011672,15,11,2,1015,1,1,1,1,6,30123,M,4372604.0,417868.0,30
201500011673,15,11,30,2100,3,1,1,1,1,34294,M,4370117.0,411512.0,34
201500011674,15,12,5,730,3,1,1,1,2,30344,M,4374953.0,423345.0,30
201500011675,15,2,18,1500,1,1,1,1,2,11262,M,4317619.0,303377.0,11
201500011676,15,5,22,1930,1,1,1,1,6,11262,M,4315915.0,293449.0,11
201500011677,15,7,18,315,3,1,1,1,1,11379,M,4306125.0,293712.0,11
201500011678,15,7,25,2000,1,1,1,1,2,11188,M,4294953.0,297090.0,11
201500011679,15,9,18,1345,1,1,1,1,6,11262,M,4291344.0,220314.0,11
201500011680,15,12,4,1800,3,1,1,1,4,11014,M,4317963.0,304131.0,11
201500011681,15,12,14,1915,3,1,1,8,1,11040,M,4315460.0,288641.0,11
201500011682,15,1,14,1030,1,1,1,3,3,37156,M,0.0,0.0,37
201500011683,15,1,19,1245,1,1,1,2,5,37273,M,0.0,0.0,37
201500011684,15,7,3,515,3,1,1,1,6,37075,M,0.0,0.0,37
201500011685,15,7,4,200,3,1,1,1,6,37141,M,0.0,0.0,37
201500011686,15,7,6,2315,5,2,1,1,3,37015,M,0.0,0.0,37
201500011687,15,7,12,200,3,1,1,1,1,37075,M,0.0,0.0,37
201500011688,15,7,15,2315,5,2,1,1,6,37156,M,0.0,0.0,37
201500011689,15,8,2,1045,1,1,1,1,1,37008,M,0.0,0.0,37
201500011690,15,9,3,830,1,1,1,1,1,37096,M,0.0,0.0,37
201500011691,15,9,29,1745,1,1,1,1,6,37141,M,0.0,0.0,37
201500011692,15,11,12,730,2,1,1,8,2,37225,M,0.0,0.0,37
201500011693,15,11,22,1915,3,1,1,1,6,37253,M,0.0,0.0,37
201500011694,15,12,4,1745,1,1,1,1,1,37015,M,0.0,0.0,37
201500011695,15,12,28,1700,1,2,1,1,3,37273,M,0.0,0.0,37
201500011696,15,2,15,430,3,1,1,2,6,45093,M,4801564.0,187789.0,45
201500011697,15,3,13,1545,1,1,1,8,6,45203,M,4784262.0,167687.0,45
201500011698,15,4,5,1145,1,1,1,1,3,45317,M,4778058.0,159201.0,45
201500011699,15,4,27,2145,3,1,1,1,6,45302,M,4796614.0,185618.0,45
201500011700,15,5,2,715,2,1,1,1,6,28276,M,4829106.0,186062.0,28
201500011701,15,5,30,1800,1,1,1,1,6,45175,M,4775698.0,185569.0,45
201500011702,15,6,5,530,1,1,1,1,6,45167,M,4786972.0,172443.0,45
201500011703,15,6,12,1000,1,1,1,1,6,45093,M,4801419.0,187811.0,45
201500011704,15,7,10,45,3,1,1,1,2,45202,M,4781769.0,163669.0,45
201500011705,15,7,12,530,2,1,1,1,3,45302,M,4794594.0,184851.0,45
201500011706,15,8,4,545,2,1,1,8,6,45024,M,4782555.0,165214.0,45
201500011707,15,8,21,1445,1,1,1,1,3,28311,M,0.0,0.0,28
201500011708,15,8,27,715,2,1,1,3,3,45203,M,4785034.0,168813.0,45
201500011709,15,9,5,1545,1,1,7,1,6,28164,M,4827040.0,185548.0,28
201500011710,15,10,4,300,3,1,1,1,6,45093,M,4802076.0,184202.0,45
201500011711,15,10,13,1015,1,1,1,1,2,45008,M,4806796.0,184754.0,45
201500011712,15,10,17,1345,1,1,1,1,6,45067,M,4789811.0,179341.0,45
201500011713,15,11,22,1815,4,1,1,1,5,45169,M,4791036.0,184932.0,45
201500011714,15,12,16,815,2,1,1,8,6,45075,M,4789948.0,183667.0,45
201500011715,15,12,22,1230,1,1,1,1,6,28392,M,4823396.0,184948.0,28
201500011716,15,8,22,1530,1,1,1,1,4,73296,M,4548428.0,692697.0,73
201500011717,15,5,8,1100,1,1,1,1,3,13114,M,0.0,0.0,13
201500011718,15,5,24,1745,1,1,1,1,1,13032,M,0.0,0.0,13
201500011719,15,6,5,1830,1,2,1,1,3,13114,M,0.0,0.0,13
201500011720,15,6,30,1545,1,1,1,1,1,13032,M,0.0,0.0,13
201500011721,15,10,3,530,3,1,1,1,5,13037,M,0.0,0.0,13
201500011722,15,10,2,1645,1,1,3,8,3,13114,M,0.0,0.0,13
201500011723,15,7,7,1345,1,1,1,1,1,67405,M,0.0,0.0,67
201500011724,15,7,26,2330,5,2,1,1,1,67472,M,0.0,0.0,67
201500011725,15,9,21,830,1,2,1,7,1,56222,M,4784352.0,-273780.0,56
201500011726,15,5,10,1545,1,1,1,1,7,21436,M,4703491.0,506744.0,21
201500011727,15,7,4,730,1,1,1,1,2,21506,M,4710055.0,494916.0,21
201500011728,15,8,13,1445,1,1,1,1,6,21606,M,4705665.0,492832.0,21
201500011729,15,8,23,400,3,1,1,1,2,21606,M,4707431.0,492414.0,21
201500011730,15,9,20,2130,3,1,1,1,4,21042,M,4704214.0,504923.0,21
201500011731,15,12,18,1215,1,1,1,1,2,21606,M,4706360.0,491466.0,21
201500011732,15,1,16,700,3,1,1,2,7,73239,M,0.0,0.0,73
201500011733,15,5,15,1130,1,1,1,1,2,73184,M,4557735.0,579898.0,73
201500011734,15,6,2,615,2,1,1,2,6,73329,M,0.0,0.0,73
201500011735,15,10,3,2030,3,1,1,3,7,73025,M,0.0,0.0,73
201500011736,15,11,27,1745,5,1,1,1,6,73179,M,0.0,0.0,73
201500011737,15,11,30,730,1,1,1,1,2,73104,M,0.0,0.0,73
201500011738,15,4,5,645,3,1,1,1,6,74002,M,0.0,0.0,74
201500011739,15,9,20,2245,3,1,1,1,7,74002,M,0.0,0.0,74
201500011740,15,11,18,1815,5,1,1,1,2,74245,M,0.0,0.0,74
201500011741,15,1,15,1045,1,1,1,1,2,38118,M,0.0,0.0,38
201500011742,15,3,25,2145,3,1,1,2,6,38565,M,4525985.0,563756.0,38
201500011743,15,6,27,1900,1,1,1,1,6,38565,M,0.0,0.0,38
201500011744,15,7,10,1600,1,1,1,1,5,38257,M,0.0,0.0,38
201500011745,15,7,16,830,1,1,1,1,6,38565,M,0.0,0.0,38
201500011746,15,7,19,915,1,1,1,1,7,38508,M,0.0,0.0,38
201500011747,15,8,8,715,1,1,1,1,7,38118,M,4538392.0,547570.0,38
201500011748,15,8,9,1045,1,1,1,2,7,38481,M,0.0,0.0,38
201500011749,15,9,22,700,1,1,1,1,5,38065,M,0.0,0.0,38
201500011750,15,9,24,1600,1,1,9,1,6,38565,M,4526831.0,562820.0,38
201500011751,15,10,23,1615,1,1,1,1,6,38481,M,0.0,0.0,38
201500011752,15,11,12,1345,1,1,1,1,6,38481,M,4555557.0,535620.0,38
201500011753,15,8,17,1415,1,1,1,1,2,55166,M,4901800.0,558500.0,55
201500011754,15,3,12,1550,1,2,9,1,4,08346,M,4975000.0,469262.0,08
201500011755,15,9,10,1205,1,2,1,1,6,08105,M,4976060.0,471945.0,08
201500011756,15,3,26,1320,1,2,1,1,3,08105,M,4976022.0,471726.0,08
201500011757,15,10,3,1400,1,2,9,1,6,08105,M,4977610.0,471567.0,08
201500011758,15,4,24,1640,1,2,1,1,3,08180,M,4973310.0,471900.0,08
201500011759,15,11,17,1800,5,2,3,3,6,08105,M,4976416.0,469747.0,08
201500011760,15,6,6,2305,5,1,1,1,4,08105,M,4976800.0,471549.0,08
201500011761,15,11,20,1730,5,2,2,1,6,08105,M,4975975.0,471909.0,08
201500011762,15,11,28,1925,5,2,2,1,3,08105,M,4975200.0,471560.0,08
201500011763,15,6,11,1930,1,2,3,1,2,08105,M,4974026.0,472509.0,08
201500011764,15,7,1,1120,1,2,1,1,6,08105,M,4977717.0,470494.0,08
201500011765,15,9,24,1845,1,1,1,1,6,08105,M,4979430.0,471756.0,08
201500011766,15,8,19,1255,1,2,1,1,6,08105,M,4978249.0,472366.0,08
201500011767,15,12,14,1255,1,2,1,1,1,08105,M,4976760.0,471618.0,08
201500011768,15,7,31,1454,1,2,1,1,6,08105,M,4974790.0,472416.0,08
201500011769,15,11,4,1805,2,2,1,1,6,08105,M,4977457.0,471683.0,08
201500011770,15,1,4,1830,5,2,2,1,6,08105,M,,,08
201500011771,15,1,6,1830,5,2,1,1,7,08105,M,,,08
201500011772,15,6,28,930,1,2,3,1,1,24354,M,4515460.0,978.0,24
201500011773,15,1,16,1630,1,1,1,2,6,24523,M,4481240.0,31883.0,24
201500011774,15,1,26,830,1,1,1,2,6,14555,M,4930550.0,29517.0,14
201500011775,15,2,21,1245,1,1,1,4,2,14555,M,4931060.0,30211.0,14
201500011776,15,4,15,1715,1,1,1,1,2,14514,M,4929390.0,20569.0,14
201500011777,15,7,9,450,3,1,1,1,6,14555,M,4930510.0,29433.0,14
201500011778,15,7,17,1850,1,1,1,2,2,14301,M,4916720.0,-28284.0,14
201500011779,15,8,1,955,1,1,1,1,5,14301,M,4916700.0,-28621.0,14
201500011780,15,8,5,1500,1,1,1,1,4,14301,M,,,14
201500011781,15,8,21,1230,1,1,1,1,4,14185,M,4930500.0,17680.0,14
201500011782,15,9,26,1800,1,1,1,1,2,14055,M,4925990.0,11188.0,14
201500011783,15,11,18,1715,2,1,1,1,2,14555,M,,,14
201500011784,15,12,9,2130,3,1,1,1,2,14012,M,,,14
201500011785,15,1,19,2015,5,2,1,2,3,13058,M,4372037.0,480736.0,13
201500011786,15,6,15,1530,1,1,3,1,3,13065,M,4368105.0,489144.0,13
201500011787,15,8,28,100,3,1,1,1,7,13038,M,0.0,0.0,13
201500011788,15,9,7,2100,5,2,1,1,3,13038,M,0.0,0.0,13
201500011789,15,2,17,1030,1,1,1,1,3,44045,M,4731608.0,-181365.0,44
201500011790,15,7,7,1045,1,2,1,1,3,44026,M,4729745.0,-148781.0,44
201500011791,15,11,7,45,5,2,1,1,4,44172,M,4726580.0,-148780.0,44
201500011792,15,8,26,1615,1,1,1,2,7,27297,M,4881662.0,104498.0,27
201500011793,15,11,6,400,3,1,1,1,2,27378,M,4878888.0,119524.0,27
201500011794,15,2,1,1530,1,2,1,1,1,69027,M,0.0,0.0,69
201500011795,15,2,5,1015,1,2,9,1,6,69043,M,0.0,0.0,69
201500011796,15,3,30,1415,1,1,4,1,5,69027,M,4566500.0,475300.0,69
201500011797,15,7,5,1345,1,1,1,1,1,69043,M,0.0,0.0,69
201500011798,15,10,21,1000,1,2,1,1,6,69027,M,0.0,0.0,69
201500011799,15,3,29,1530,1,1,1,2,3,69050,M,0.0,0.0,69
201500011800,15,6,2,1445,1,2,1,1,3,69009,M,0.0,0.0,69
201500011801,15,1,28,1845,2,2,1,1,1,29212,M,4838155.0,-461401.0,29
201500011802,15,2,10,1500,1,2,1,1,1,29130,M,4836980.0,-465720.0,29
201500011803,15,3,22,430,4,2,1,1,6,29069,M,4842700.0,-455982.0,29
201500011804,15,4,15,815,1,1,1,1,7,29069,M,4840705.0,-456420.0,29
201500011805,15,6,2,1345,1,1,1,1,3,29130,M,4837015.0,-465080.0,29
201500011806,15,6,6,2015,1,1,1,1,6,29282,M,4837050.0,-473546.0,29
201500011807,15,7,10,1915,1,1,1,1,7,29069,M,4841927.0,-455111.0,29
201500011808,15,7,12,2015,1,1,1,1,1,29190,M,4836311.0,-468942.0,29
201500011809,15,11,10,2330,5,2,6,1,3,29069,M,4842359.0,-456293.0,29
201500011810,15,11,15,1930,3,1,1,1,6,29190,M,4833705.0,-475181.0,29
201500011811,15,3,16,930,1,1,1,1,1,86178,M,0.0,0.0,86
201500011812,15,5,4,1630,1,1,1,1,7,86237,M,0.0,0.0,86
201500011813,15,6,11,730,1,2,1,1,6,86078,M,4614999.0,29560.0,86
201500011814,15,9,6,1915,1,1,1,1,4,86271,M,0.0,0.0,86