Num_Acc,an,mois,jour,hrmn,lum,agg,int,atm,col,com,gps,lat,long,dep
201500011815,15,10,21,1715,1,1,1,1,4,86089,M,0.0,0.0,86
201500011816,15,11,5,1730,1,1,1,1,7,86276,M,0.0,0.0,86
201500011817,15,1,5,1130,1,1,1,1,7,86254,M,0.0,0.0,86
201500011818,15,3,19,1645,1,1,1,8,6,86107,M,4637000.0,68900.0,86
201500011819,15,4,16,1830,1,1,1,7,3,86118,M,4644722.0,98522.0,86
201500011820,15,7,6,1445,1,2,1,1,1,86153,M,4641700.0,68800.0,86
201500011821,15,9,30,1745,1,1,1,1,1,86170,M,0.0,0.0,86
201500011822,15,10,22,1615,1,1,1,8,1,86118,M,0.0,0.0,86
201500011823,15,1,13,1245,1,1,1,1,4,34336,M,4331765.0,326146.0,34
201500011824,15,1,18,1500,1,1,1,1,6,34157,M,4343988.0,357019.0,34
201500011825,15,2,27,1815,2,1,1,1,1,34095,M,4355072.0,380831.0,34
201500011826,15,4,2,515,3,1,1,1,3,34336,M,4333622.0,328854.0,34
201500011827,15,4,4,1715,1,1,9,1,2,34172,M,4360560.0,393139.0,34
201500011828,15,4,11,2130,3,1,1,1,5,34095,M,4355028.0,380377.0,34
201500011829,15,5,10,1815,1,1,1,1,4,34095,M,4354979.0,380155.0,34
201500011830,15,5,15,1230,1,1,1,1,5,34032,M,4334195.0,330746.0,34
201500011831,15,5,21,945,1,1,1,1,1,34157,M,4342229.0,354119.0,34
201500011832,15,5,26,1030,1,1,9,1,3,34270,M,4356133.0,382845.0,34
201500011833,15,5,29,800,1,1,1,1,7,34270,M,4355724.0,382465.0,34
201500011834,15,6,4,115,3,1,1,1,6,34143,M,4346961.0,364049.0,34
201500011835,15,6,5,315,3,1,1,1,3,34032,M,4330097.0,321101.0,34
201500011836,15,7,4,315,3,1,1,1,1,34166,M,4335786.0,334099.0,34
201500011837,15,7,28,1700,1,1,1,1,6,34203,M,4340766.0,349283.0,34
201500011838,15,8,26,1645,1,1,1,1,4,34172,M,4358420.0,388949.0,34
201500011839,15,9,21,2030,3,1,1,1,1,34101,M,4337801.0,344079.0,34
201500011840,15,12,9,1600,1,1,1,1,1,34032,M,4330539.0,323607.0,34
201500011841,15,12,22,1545,1,1,1,1,2,34336,M,4333889.0,329546.0,34
201500011842,15,12,28,1845,3,1,1,1,3,34143,M,4346995.0,364055.0,34
201500011843,15,1,1,1545,1,1,1,1,6,33130,M,4448439.0,-20792.0,33
201500011844,15,2,28,215,3,1,9,1,6,33021,M,4453008.0,-19551.0,33
201500011845,15,6,17,1600,1,1,1,1,2,33270,M,4441316.0,-25000.0,33
201500011846,15,7,17,2045,1,1,1,1,6,33046,M,4439503.0,-24187.0,33
201500011847,15,8,5,2330,3,1,1,1,6,33452,M,4464623.0,-43612.0,33
201500011848,15,8,10,1145,1,1,1,1,2,33030,M,4457628.0,-32215.0,33
201500011849,15,8,22,345,3,1,1,1,6,33465,M,0.0,0.0,33
201500011850,15,9,12,1630,1,1,1,1,7,33002,M,0.0,0.0,33
201500011851,15,10,30,800,1,1,1,1,2,33343,M,4458543.0,-34606.0,33
201500011852,15,12,23,245,3,1,1,1,3,33452,M,4464257.0,-43080.0,33
201500011853,15,12,28,845,1,1,1,1,6,33036,M,4445332.0,-23051.0,33
201500011854,15,3,20,2030,3,2,1,1,6,31446,M,0.0,0.0,31
201500011855,15,4,9,845,1,2,1,1,3,31506,M,4356012.0,153285.0,31
201500011856,15,4,16,1530,1,1,1,2,3,31254,M,4353210.0,151603.0,31
201500011857,15,6,2,845,1,1,1,1,2,31446,M,4352600.0,145900.0,31
201500011858,15,6,8,1500,1,2,1,1,6,31506,M,4354836.0,153670.0,31
201500011859,15,7,3,715,1,1,1,1,1,31254,M,0.0,0.0,31
201500011860,15,11,27,1245,1,2,6,1,3,31254,M,4354543.0,150612.0,31
201500011861,15,1,16,700,3,1,2,1,1,26004,M,4498660.0,504470.0,26
201500011862,15,1,18,1030,1,2,3,1,6,26049,M,0.0,0.0,26
201500011863,15,1,25,645,3,1,3,1,3,26301,M,0.0,0.0,26
201500011864,15,2,11,1500,1,1,1,1,1,26271,M,0.0,0.0,26
201500011865,15,2,13,1715,1,1,1,2,3,26179,M,0.0,0.0,26
201500011866,15,3,8,2100,3,1,1,1,6,26325,M,0.0,0.0,26
201500011867,15,3,24,1630,1,1,1,8,3,26088,M,0.0,0.0,26
201500011868,15,4,1,1630,1,2,3,1,3,26347,M,0.0,0.0,26
201500011869,15,4,17,100,3,1,1,2,7,26084,M,0.0,0.0,26
201500011870,15,4,18,1430,1,2,3,1,5,26301,M,0.0,0.0,26
201500011871,15,4,25,1915,1,2,1,1,1,26347,M,4506880.0,485180.0,26
201500011872,15,4,29,1645,1,2,1,1,3,26009,M,0.0,0.0,26
201500011873,15,5,3,2230,5,2,1,1,3,26160,M,0.0,0.0,26
201500011874,15,5,3,745,1,2,2,1,3,26301,M,0.0,0.0,26
201500011875,15,5,4,1245,1,1,2,1,5,26271,M,0.0,0.0,26
201500011876,15,5,16,1915,1,1,3,1,3,26096,M,0.0,0.0,26
201500011877,15,6,2,845,1,1,1,1,2,26004,M,0.0,0.0,26
201500011878,15,6,6,1700,1,1,1,1,3,26184,M,0.0,0.0,26
201500011879,15,6,25,1645,1,1,1,1,1,26301,M,0.0,0.0,26
201500011880,15,6,28,1200,1,1,1,1,6,26088,M,4501720.0,508650.0,26
201500011881,15,6,27,2130,5,2,1,1,4,26325,M,0.0,0.0,26
201500011882,15,6,30,1630,1,2,9,1,6,26088,M,4500290.0,508900.0,26
201500011883,15,7,13,2215,3,2,3,1,3,26174,M,0.0,0.0,26
201500011884,15,7,19,1900,1,1,1,1,7,26049,M,0.0,0.0,26
201500011885,15,7,6,1000,1,1,1,1,1,26071,M,0.0,0.0,26
201500011886,15,7,23,1915,1,1,1,1,1,26057,M,4500890.0,506900.0,26
201500011887,15,8,9,730,2,1,1,1,6,26002,M,0.0,0.0,26
201500011888,15,8,8,2145,2,2,1,2,6,26333,M,0.0,0.0,26
201500011889,15,8,27,745,3,1,1,1,7,26092,M,0.0,0.0,26
201500011890,15,8,29,515,3,1,1,1,1,26096,M,0.0,0.0,26
201500011891,15,8,29,800,1,1,1,1,1,26139,M,0.0,0.0,26
201500011892,15,9,8,1400,1,1,1,1,6,26119,M,0.0,0.0,26
201500011893,15,9,10,2045,3,1,1,1,6,26295,M,4516420.0,486110.0,26
201500011894,15,9,22,745,1,1,3,1,3,26333,M,0.0,0.0,26
201500011895,15,9,25,1500,2,1,1,1,2,26250,M,0.0,0.0,26
201500011896,15,10,2,2230,3,1,1,2,1,26038,M,0.0,0.0,26
201500011897,15,10,3,1500,1,1,1,3,3,26231,M,0.0,0.0,26
201500011898,15,10,10,1430,1,1,1,1,5,26084,M,0.0,0.0,26
201500011899,15,11,3,1700,1,1,1,1,6,26271,M,0.0,0.0,26
201500011900,15,11,7,1800,2,1,1,1,7,26039,M,0.0,0.0,26
201500011901,15,11,11,1115,1,2,1,1,6,26347,M,0.0,0.0,26
201500011902,15,11,13,1645,2,1,1,1,5,26034,M,0.0,0.0,26
201500011903,15,12,18,1430,1,1,1,1,5,26301,M,0.0,0.0,26
201500011904,15,12,18,1730,3,1,2,1,5,26139,M,0.0,0.0,26
201500011905,15,12,17,1845,5,2,1,1,6,26301,M,0.0,0.0,26
201500011906,15,12,24,845,5,2,1,1,6,26160,M,0.0,0.0,26
201500011907,15,2,17,800,2,1,1,8,7,63113,M,4578460.0,319610.0,63
201500011908,15,2,21,445,3,1,1,2,7,63272,M,0.0,0.0,63
201500011909,15,10,17,400,3,1,1,1,6,63021,M,4507700.0,330100.0,63
201500011910,15,11,1,1800,2,1,1,1,2,63413,M,0.0,0.0,63
201500011911,15,12,20,1815,3,1,1,1,1,63193,M,4578450.0,320325.0,63
201500011912,15,12,26,100,3,1,1,1,6,63014,M,0.0,0.0,63
201500011913,15,7,1,1630,1,1,1,1,3,64502,M,4352978.0,-118628.0,64
201500011914,15,8,3,1415,1,1,1,1,6,64102,M,4347489.0,-145495.0,64
201500011915,15,11,5,1845,3,1,1,1,2,64102,M,4347590.0,-145158.0,64
201500011916,15,12,13,1715,2,1,1,7,7,64125,M,4342443.0,-159504.0,64
201500011917,15,2,26,857,1,2,2,1,3,08409,M,4970174.0,493857.0,08
201500011918,15,5,14,335,5,2,2,1,3,08409,M,4970210.0,494092.0,08
201500011919,15,9,28,1850,1,2,1,7,6,08409,M,4970040.0,495696.0,08
201500011920,15,12,9,1832,5,2,6,2,6,08409,M,4970217.0,494411.0,08
201500011921,15,12,14,1820,5,2,1,2,6,08409,M,4969898.0,495199.0,08
201500011922,15,1,14,1850,5,2,1,2,6,08409,M,4969715.0,492918.0,08
201500011923,15,2,16,2200,3,1,1,1,2,51061,M,4910934.0,425328.0,51
201500011924,15,3,31,1500,1,1,1,6,5,51171,M,4938808.0,394357.0,51
201500011925,15,4,10,615,3,1,1,1,2,51577,M,4921719.0,380592.0,51
201500011926,15,7,3,100,3,1,1,1,6,51364,M,4923392.0,385855.0,51
201500011927,15,7,7,845,1,1,1,1,2,51562,M,4921148.0,407836.0,51
201500011928,15,7,22,115,3,1,1,1,2,51437,M,4922776.0,382605.0,51
201500011929,15,9,16,1400,1,1,1,3,4,51657,M,0.0,0.0,51
201500011930,15,10,3,1115,1,1,1,1,1,51305,M,4923745.0,387246.0,51
201500011931,15,10,26,1200,1,1,1,1,5,51562,M,4920517.0,408857.0,51
201500011932,15,11,5,845,1,1,1,1,3,51599,M,4910126.0,425530.0,51
201500011933,15,1,5,245,3,1,1,1,6,13004,M,0.0,0.0,13
201500011934,15,5,5,45,3,1,1,1,6,13027,M,0.0,0.0,13
201500011935,15,6,1,1630,1,2,1,1,6,13061,M,0.0,0.0,13
201500011936,15,7,8,400,3,2,1,1,6,13066,M,0.0,0.0,13
201500011937,15,7,12,1115,1,1,1,1,1,13038,M,0.0,0.0,13
201500011938,15,7,25,1145,1,2,1,1,6,13078,M,0.0,0.0,13
201500011939,15,10,18,545,3,1,1,2,1,13010,M,0.0,0.0,13
201500011940,15,11,29,1115,1,1,1,1,6,13097,M,0.0,0.0,13
201500011941,15,1,26,1915,5,2,1,8,6,91105,M,4856900.0,217300.0,91
201500011942,15,2,15,730,1,1,1,1,2,91085,M,4854300.0,221000.0,91
201500011943,15,4,21,2300,5,2,1,1,6,91105,M,0.0,0.0,91
201500011944,15,4,2,1630,1,2,2,8,3,38486,M,4517158.0,569686.0,38
201500011945,15,5,7,2030,1,2,1,1,3,38486,M,0.0,0.0,38
201500011946,15,6,5,1500,1,2,6,1,3,38485,M,4517631.0,568693.0,38
201500011947,15,8,23,1115,1,2,2,1,1,38486,M,4514733.0,567770.0,38
201500011948,15,9,20,1830,1,1,4,1,1,38433,M,4516839.0,563922.0,38
201500011949,15,9,21,1530,1,1,1,1,3,38433,M,4516839.0,563922.0,38
201500011950,15,10,6,830,1,2,4,8,2,38485,M,4516824.0,567870.0,38
201500011951,15,2,8,1415,1,1,1,1,5,38173,M,4504263.0,612821.0,38
201500011952,15,3,31,1615,1,1,1,1,6,38289,M,0.0,0.0,38
201500011953,15,6,28,1400,1,1,1,1,1,38285,M,0.0,0.0,38
201500011954,15,7,18,1300,1,1,1,1,6,38375,M,4495290.0,618322.0,38
201500011955,15,8,26,1200,1,1,1,1,6,38285,M,0.0,0.0,38
201500011956,15,9,15,2015,3,1,1,1,1,38285,M,0.0,0.0,38
201500011957,15,10,1,45,3,1,1,1,6,38212,M,4508250.0,589702.0,38
201500011958,15,10,25,130,3,1,1,1,6,38212,M,4510073.0,591775.0,38
201500011959,15,10,31,745,1,1,1,1,6,38191,M,0.0,0.0,38
201500011960,15,12,3,1045,1,1,1,1,7,38052,M,0.0,0.0,38
201500011961,15,4,19,730,1,1,1,1,6,51572,M,4904653.0,465651.0,51
201500011962,15,4,22,1530,1,1,1,1,4,57762,M,0.0,0.0,57
201500011963,15,5,10,1800,1,1,9,1,6,57606,M,0.0,0.0,57
201500011964,15,7,8,1715,1,1,1,1,4,57204,M,0.0,0.0,57
201500011965,15,10,12,900,1,1,1,1,2,57484,M,0.0,0.0,57
201500011966,15,11,7,15,3,1,1,2,5,57332,M,0.0,0.0,57
201500011967,15,12,27,1515,1,1,1,1,6,57695,M,0.0,0.0,57
201500011968,15,2,17,1615,1,1,1,1,6,86066,M,0.0,0.0,86
201500011969,15,4,10,545,5,1,6,1,7,86092,M,0.0,0.0,86
201500011970,15,4,12,1600,1,1,1,1,2,86280,M,0.0,0.0,86
201500011971,15,6,4,1245,1,1,1,1,6,86158,M,0.0,0.0,86
201500011972,15,6,4,1815,1,1,1,1,6,86174,M,0.0,0.0,86
201500011973,15,6,7,1645,1,1,1,1,6,86146,M,0.0,0.0,86
201500011974,15,7,18,1615,1,1,1,1,6,86007,M,0.0,0.0,86
201500011975,15,10,5,930,1,1,1,3,6,86007,M,4688200.0,51700.0,86
201500011976,15,11,20,1915,3,1,1,2,6,86066,M,0.0,0.0,86
201500011977,15,12,14,1215,1,2,2,1,5,45315,M,4776042.0,237411.0,45
201500011978,15,1,29,730,3,1,1,3,6,17331,M,4547684.0,-58662.0,17
201500011979,15,10,21,1630,1,1,1,1,3,17241,M,4520981.0,-15557.0,17
201500011980,15,10,30,1430,1,1,1,1,6,17113,M,4510162.0,-15735.0,17
201500011981,15,11,26,1900,5,1,1,1,5,17328,M,4548000.0,-71500.0,17
201500011982,15,12,9,1215,1,1,1,1,2,79322,M,4661710.0,-28291.0,79
201500011983,15,9,24,1815,1,1,1,1,1,28083,M,4797594.0,132697.0,28
201500011984,15,1,24,815,1,1,1,9,6,36097,M,4702270.0,178679.0,36
201500011985,15,2,22,1715,1,1,1,1,4,36202,M,4682630.0,163923.0,36
201500011986,15,5,23,230,3,1,1,1,1,36063,M,4684790.0,169464.0,36
201500011987,15,7,11,945,1,1,1,1,7,36063,M,4684550.0,168831.0,36
201500011988,15,9,6,945,1,1,1,1,5,36230,M,4703310.0,179144.0,36
201500011989,15,10,13,430,3,1,1,1,1,37151,M,0.0,0.0,37
201500011990,15,2,1,1430,1,1,1,4,7,49298,M,4744289.0,-74191.0,49
201500011991,15,2,6,1200,1,1,1,1,3,49222,M,4733763.0,-54799.0,49
201500011992,15,3,10,45,3,1,1,1,6,49068,M,4743535.0,-85857.0,49
201500011993,15,3,31,1525,1,1,1,1,6,49266,M,4743820.0,-76666.0,49
201500011994,15,6,19,1945,1,1,1,1,6,49129,M,4750013.0,-51346.0,49
201500011995,15,7,12,830,1,1,1,1,6,49294,M,4747966.0,-66890.0,49
201500011996,15,7,18,1430,2,1,1,1,7,49321,M,4742441.0,-93935.0,49
201500011997,15,8,8,1915,1,1,1,1,2,49007,M,4749081.0,-54016.0,49
201500011998,15,9,7,1400,1,1,1,1,2,49129,M,4749841.0,-51793.0,49
201500011999,15,9,18,845,1,1,1,1,3,49306,M,4742717.0,-69084.0,49
201500012000,15,8,2,1245,1,1,1,1,6,02227,M,0.0,0.0,02
201500012001,15,7,10,1345,1,1,1,1,7,09055,M,4285605.0,109203.0,09
201500012002,15,8,20,1400,1,2,3,1,6,09219,M,4293586.0,94237.0,09
201500012003,15,8,25,2130,5,2,1,1,6,09025,M,4293618.0,97186.0,09
201500012004,15,1,9,1145,1,1,1,1,2,06150,M,4374631.0,737998.0,06
201500012005,15,1,12,930,1,1,1,1,2,06123,M,4366820.0,719717.0,06
201500012006,15,10,1,1830,2,1,1,2,4,06083,M,0.0,0.0,06
201500012007,15,2,18,715,1,1,1,1,2,06067,M,4378233.0,745062.0,06
201500012008,15,3,1,1115,1,1,1,1,2,06113,M,0.0,0.0,06
201500012009,15,3,5,30,3,1,9,1,1,06083,M,0.0,0.0,06
201500012010,15,3,17,715,1,1,1,2,2,06059,M,0.0,0.0,06
201500012011,15,3,31,1645,1,1,1,1,3,06088,M,0.0,0.0,06
201500012012,15,4,16,615,5,1,1,1,7,06088,M,0.0,0.0,06
201500012013,15,4,27,1015,1,1,1,5,1,06150,M,0.0,0.0,06
201500012014,15,5,19,1645,1,1,1,1,2,06088,M,0.0,0.0,06
201500012015,15,7,13,630,1,1,1,1,2,06067,M,0.0,0.0,06
201500012016,15,8,1,1000,1,1,1,1,3,06088,M,0.0,0.0,06
201500012017,15,8,4,1845,1,1,1,1,2,06088,M,0.0,0.0,06
201500012018,15,9,2,2130,5,1,1,1,7,06088,M,0.0,0.0,06
201500012019,15,9,13,1845,1,1,1,1,6,06083,M,0.0,0.0,06
201500012020,15,9,17,1330,1,1,1,1,5,06150,M,0.0,0.0,06
201500012021,15,10,26,1500,1,1,1,1,3,06088,M,0.0,0.0,06
201500012022,15,10,29,1700,1,1,1,1,5,06088,M,0.0,0.0,06
201500012023,15,11,23,930,1,1,1,1,2,06088,M,0.0,0.0,06
201500012024,15,12,1,745,1,1,1,1,1,06150,M,0.0,0.0,06
201500012025,15,12,11,30,3,1,1,1,2,06149,M,0.0,0.0,06
201500012026,15,12,12,45,3,1,1,1,6,06149,M,0.0,0.0,06
201500012027,15,12,15,2100,5,1,9,1,2,06088,M,0.0,0.0,06
201500012028,15,3,22,15,3,1,1,1,6,57747,M,0.0,0.0,57
201500012029,15,4,27,945,1,1,1,2,7,57080,M,0.0,0.0,57
201500012030,15,5,12,230,3,1,1,1,6,57761,M,0.0,0.0,57
201500012031,15,5,27,1530,1,1,1,1,4,67201,M,0.0,0.0,67
201500012032,15,9,3,2045,2,1,1,1,2,67070,M,0.0,0.0,67
201500012033,15,11,14,700,2,1,1,1,6,57080,M,0.0,0.0,57
201500012034,15,11,28,2030,3,1,1,1,6,67201,M,0.0,0.0,67
201500012035,15,1,16,30,3,1,1,1,5,90011,M,0.0,0.0,90
201500012036,15,2,1,1430,1,1,1,1,6,90067,M,0.0,0.0,90
201500012037,15,2,21,2300,3,1,1,1,3,68218,M,0.0,0.0,68
201500012038,15,7,27,1945,1,1,1,1,3,68059,M,0.0,0.0,68
201500012039,15,10,22,900,1,1,1,1,2,68085,M,0.0,0.0,68
201500012040,15,1,10,1945,3,1,1,2,1,67117,M,0.0,0.0,67
201500012041,15,3,6,1330,1,1,1,1,7,67460,M,0.0,0.0,67
201500012042,15,3,15,1,3,1,1,1,5,67067,M,0.0,0.0,67
201500012043,15,6,27,2030,1,1,1,1,6,67067,M,0.0,0.0,67
201500012044,15,7,16,1330,1,1,1,1,2,67460,M,0.0,0.0,67
201500012045,15,7,17,1600,1,1,1,1,6,67033,M,0.0,0.0,67
201500012046,15,1,17,1945,3,1,1,1,2,62286,M,0.0,0.0,62
201500012047,15,11,18,1745,3,1,1,1,2,62073,M,0.0,0.0,62
201500012048,15,4,3,1400,1,1,3,3,5,14578,M,4933600.0,22795.0,14
201500012049,15,6,18,1745,1,1,1,1,2,14578,M,4937810.0,12953.0,14
201500012050,15,3,26,715,2,1,1,2,5,44052,M,4733700.0,-201900.0,44
201500012051,15,8,28,1045,1,1,2,1,3,44069,M,4734833.0,-244290.0,44
201500012052,15,1,1,930,1,1,1,1,3,49064,M,4769550.0,-70919.0,49
201500012053,15,5,18,815,1,2,1,7,6,49367,M,4759964.0,-83837.0,49
201500012054,15,6,8,1630,1,1,1,1,1,53204,M,4847293.0,-26066.0,53
201500012055,15,7,9,1045,1,1,1,1,3,53177,M,4832766.0,-104526.0,53
201500012056,15,10,27,1815,3,1,1,2,1,53164,M,4849183.0,-31284.0,53
201500012057,15,11,3,1715,1,1,1,1,3,53121,M,4840921.0,-36137.0,53
201500012058,15,12,7,715,2,1,1,1,1,53269,M,4830864.0,-79207.0,53
201500012059,15,12,15,1600,1,1,1,3,1,53202,M,4840360.0,-96533.0,53
201500012060,15,1,25,1915,3,1,1,1,5,62282,M,5038827.0,218180.0,62
201500012061,15,8,29,200,3,1,1,1,1,62621,M,5086925.0,201397.0,62
201500012062,15,10,23,1700,1,1,1,1,3,27107,M,4937400.0,62000.0,27
201500012063,15,11,5,830,1,2,2,1,3,27467,M,4935719.0,51606.0,27
201500012064,15,11,6,1600,1,2,1,2,6,27470,M,4933210.0,128776.0,27
201500012065,15,12,1,1600,1,1,1,1,5,27320,M,4924224.0,87593.0,27
201500012066,15,5,29,915,1,2,1,1,3,17140,M,4591007.0,-126453.0,17
201500012067,15,12,7,1630,1,1,1,1,5,17184,M,4577432.0,-93624.0,17
201500012068,15,10,26,1445,1,1,1,1,7,09032,M,4269225.0,182671.0,09
201500012069,15,5,7,1200,1,1,1,1,2,18245,M,0.0,0.0,18
201500012070,15,5,28,145,3,1,1,1,6,18091,M,0.0,0.0,18
201500012071,15,7,10,1800,1,1,1,1,7,18129,M,0.0,0.0,18
201500012072,15,7,22,915,1,1,1,1,7,18033,M,0.0,0.0,18
201500012073,15,5,21,1630,1,1,2,1,3,28147,M,4853343.0,124073.0,28
201500012074,15,12,22,1430,1,1,1,1,2,42003,M,,,42
201500012075,15,2,13,2245,5,2,1,5,6,67101,M,0.0,0.0,67
201500012076,15,7,2,1800,1,1,1,1,3,10035,M,4821217.0,0.0,10
201500012077,15,4,15,1200,1,1,2,1,3,21022,M,4707639.0,502746.0,21
201500012078,15,12,18,930,1,1,1,8,1,39113,M,0.0,0.0,39
201500012079,15,5,20,1945,1,1,1,7,6,13088,M,0.0,0.0,13
201500012080,15,9,7,2030,2,2,1,1,2,13088,M,0.0,0.0,13
201500012081,15,3,6,430,5,1,1,1,6,13073,M,0.0,0.0,13
201500012082,15,6,21,1715,1,1,1,1,1,13086,M,0.0,0.0,13
201500012083,15,7,2,1130,1,1,1,1,2,13030,M,0.0,0.0,13
201500012084,15,2,18,1630,1,1,1,9,1,38002,M,4525910.0,599057.0,38
201500012085,15,3,30,630,2,1,1,3,6,38397,M,0.0,0.0,38
201500012086,15,9,22,400,3,1,1,1,2,38503,M,4532115.0,594716.0,38
201500012087,15,11,8,800,1,1,1,1,6,38249,M,0.0,0.0,38
201500012088,15,1,19,845,1,1,1,2,3,13040,M,0.0,0.0,13
201500012089,15,2,5,1000,1,1,1,8,2,13013,M,0.0,0.0,13
201500012090,15,4,4,1400,1,1,1,1,7,13001,M,0.0,0.0,13
201500012091,15,7,7,930,1,1,1,1,2,13001,M,0.0,0.0,13
201500012092,15,7,14,1715,1,1,1,1,2,13025,M,0.0,0.0,13
201500012093,15,8,20,900,1,1,1,1,3,13025,M,0.0,0.0,13
201500012094,15,9,4,1745,1,1,1,1,2,13031,M,0.0,0.0,13
201500012095,15,9,14,1715,1,1,1,1,3,13005,M,0.0,0.0,13
201500012096,15,9,22,2115,3,1,1,1,2,13086,M,0.0,0.0,13
201500012097,15,10,1,1715,1,1,1,1,4,13007,M,0.0,0.0,13
201500012098,15,10,24,2030,3,1,1,1,6,13001,M,0.0,0.0,13
201500012099,15,11,4,645,2,1,9,1,3,13007,M,0.0,0.0,13
201500012100,15,11,19,2115,3,1,1,1,6,13001,M,0.0,0.0,13
201500012101,15,12,21,1630,1,1,1,2,6,13025,M,0.0,0.0,13
201500012102,15,12,21,1645,3,1,1,1,6,13031,M,0.0,0.0,13
201500012103,15,12,17,1545,1,1,1,8,7,13060,M,0.0,0.0,13
201500012104,15,12,31,1715,2,1,1,1,3,13031,M,0.0,0.0,13
201500012105,15,1,4,115,3,1,1,1,2,83061,M,0.0,0.0,83
201500012106,15,1,18,845,1,1,1,1,2,06004,M,0.0,0.0,06
201500012107,15,2,14,1700,1,1,1,2,3,06085,M,4358613.0,700248.0,06
201500012108,15,2,19,845,1,1,1,1,7,06027,M,4366066.0,715797.0,06
201500012109,15,5,5,1700,1,1,1,1,5,06004,M,0.0,0.0,06
201500012110,15,6,17,915,1,1,1,1,3,06161,M,0.0,0.0,06
201500012111,15,5,22,730,1,1,1,1,7,06161,M,0.0,0.0,06
201500012112,15,6,5,1630,1,1,1,1,2,06004,M,0.0,0.0,06
201500012113,15,6,7,715,2,1,1,1,6,83001,M,0.0,0.0,83
201500012114,15,5,17,345,3,1,1,1,6,06027,M,0.0,0.0,06
201500012115,15,7,7,1430,1,1,1,1,3,06004,M,0.0,0.0,06
201500012116,15,8,9,945,1,1,1,1,6,06085,M,0.0,0.0,06
201500012117,15,8,13,600,2,1,1,1,6,06004,M,0.0,0.0,06
201500012118,15,9,8,930,1,1,1,1,3,06079,M,0.0,0.0,06
201500012119,15,9,16,900,1,1,1,1,5,06027,M,0.0,0.0,06
201500012120,15,9,17,130,3,1,1,8,7,06004,M,0.0,0.0,06
201500012121,15,9,22,1230,1,1,1,1,6,06027,M,0.0,0.0,06
201500012122,15,10,3,545,3,1,1,2,6,06079,M,0.0,0.0,06
201500012123,15,10,11,2015,3,1,1,1,7,06027,M,0.0,0.0,06
201500012124,15,10,18,545,4,1,1,2,7,06155,M,0.0,0.0,06
201500012125,15,11,20,1630,1,1,1,1,7,06030,M,0.0,0.0,06
201500012126,15,11,24,1300,1,1,1,1,5,06079,M,0.0,0.0,06
201500012127,15,4,13,845,1,1,9,1,2,64141,M,4354400.0,-29500.0,64
201500012128,15,11,10,1015,1,1,1,1,6,64343,M,4327764.0,-19988.0,64
201500012129,15,10,11,1730,1,2,1,1,1,66172,M,4270833.0,285050.0,66
201500012130,15,2,22,2030,3,1,1,1,6,63430,M,0.0,0.0,63
201500012131,15,2,7,645,3,1,1,1,1,73244,M,4542629.0,648654.0,73
201500012132,15,1,18,1345,1,2,1,1,2,74081,M,0.0,0.0,74
201500012133,15,2,19,1715,1,2,1,1,6,74081,M,0.0,0.0,74
201500012134,15,3,4,615,3,2,1,3,6,74081,M,0.0,0.0,74
201500012135,15,3,13,1530,1,1,1,1,5,74159,M,0.0,0.0,74
201500012136,15,3,15,1930,2,2,4,1,6,74081,M,0.0,0.0,74
201500012137,15,4,22,1915,1,1,1,1,1,74264,M,0.0,0.0,74
201500012138,15,5,10,1700,1,2,1,1,6,74081,M,0.0,0.0,74
201500012139,15,5,27,1730,1,2,1,1,3,74264,M,0.0,0.0,74
201500012140,15,5,31,1730,1,1,1,1,6,74221,M,0.0,0.0,74
201500012141,15,6,20,1900,1,1,1,1,6,74196,M,0.0,0.0,74
201500012142,15,7,12,930,1,2,2,1,6,74264,M,0.0,0.0,74
201500012143,15,7,27,1215,1,1,1,1,1,74081,M,0.0,0.0,74
201500012144,15,8,6,1730,1,1,1,1,7,74064,M,0.0,0.0,74
201500012145,15,8,29,1145,1,1,1,1,3,74159,M,0.0,0.0,74
201500012146,15,8,31,900,1,2,1,1,6,74264,M,0.0,0.0,74
201500012147,15,9,6,1045,1,1,1,1,1,74081,M,0.0,0.0,74
201500012148,15,9,9,1715,1,2,1,1,1,74159,M,0.0,0.0,74
201500012149,15,10,26,1200,1,2,1,1,6,74159,M,0.0,0.0,74
201500012150,15,11,17,1815,5,2,1,1,3,74081,M,0.0,0.0,74
201500012151,15,12,11,1930,5,1,4,1,3,74064,M,0.0,0.0,74
201500012152,15,12,18,1845,5,2,3,8,1,74081,M,0.0,0.0,74
201500012153,15,12,21,1800,5,2,1,1,6,74081,M,0.0,0.0,74
201500012154,15,2,9,1130,1,1,1,8,6,59132,M,5014940.0,334506.0,59
201500012155,15,10,20,2115,5,2,1,1,3,59485,M,0.0,0.0,59
201500012156,15,12,9,1815,5,2,1,1,6,59141,M,0.0,0.0,59
201500012157,15,2,14,1315,1,1,1,1,7,72353,M,0.0,0.0,72
201500012158,15,2,18,1000,1,1,1,1,6,72080,M,0.0,0.0,72
201500012159,15,5,5,700,1,1,1,1,3,72204,M,0.0,0.0,72
201500012160,15,7,3,645,1,1,1,1,7,72064,M,0.0,0.0,72
201500012161,15,7,5,830,1,1,1,1,7,72080,M,0.0,0.0,72
201500012162,15,7,7,1815,1,1,1,1,1,72122,M,0.0,0.0,72
201500012163,15,8,21,1415,1,1,1,1,5,72042,M,0.0,0.0,72
201500012164,15,9,15,1,3,1,1,1,2,72353,M,0.0,0.0,72
201500012165,15,9,2,1130,1,1,1,1,5,89330,M,4770126.0,380752.0,89
201500012166,15,4,25,2215,5,2,1,1,3,85226,M,4674573.0,-195400.0,85
201500012167,15,5,6,1445,1,1,1,1,1,85003,M,4676466.0,-165575.0,85
201500012168,15,8,26,1600,1,2,1,2,3,85047,M,4684713.0,-187652.0,85
201500012169,15,12,18,900,1,2,1,8,6,85222,M,4669034.0,-192090.0,85
201500012170,15,2,27,1350,1,1,1,1,2,09122,M,4298764.0,161571.0,09
201500012171,15,12,15,1730,2,1,1,1,5,09122,M,4295569.0,162371.0,09
201500012172,15,5,10,148,3,2,1,1,7,09207,M,4292554.0,163570.0,09