Num_Acc,an,mois,jour,hrmn,lum,agg,int,atm,col,com,gps,lat,long,dep
201500012173,15,12,25,1456,1,2,1,1,1,09122,M,4296110.0,161438.0,09
201500012174,15,6,21,1925,1,1,1,1,5,09122,M,4298028.0,161068.0,09
201500012175,15,7,8,1605,1,2,1,1,7,09122,M,4296398.0,160743.0,09
201500012176,15,9,10,1220,1,1,1,1,3,09122,M,4295922.0,157928.0,09
201500012177,15,10,1,1540,1,1,1,1,1,09122,M,4295867.0,159019.0,09
201500012178,15,1,22,1600,1,2,1,1,6,91600,M,4864000.0,247700.0,91
201500012179,15,2,20,1745,2,1,1,3,2,91617,M,0.0,0.0,91
201500012180,15,3,4,800,1,2,1,1,3,91225,M,4866600.0,251800.0,91
201500012181,15,4,7,1215,1,1,1,1,6,91573,M,0.0,0.0,91
201500012182,15,5,23,1215,1,1,1,1,1,38253,M,0.0,0.0,38
201500012183,15,7,17,1715,1,2,1,1,1,38253,M,0.0,0.0,38
201500012184,15,12,9,1210,1,1,2,1,3,09225,M,4312725.0,165050.0,09
201500012185,15,5,22,1435,1,2,1,1,1,09225,M,4310840.0,163057.0,09
201500012186,15,7,25,1645,1,2,1,1,6,09225,M,4310175.0,162529.0,09
201500012187,15,11,21,1220,1,1,4,3,3,09225,M,4311690.0,163033.0,09
201500012188,15,1,22,1500,1,1,1,1,5,31037,M,0.0,0.0,31
201500012189,15,2,9,1515,1,1,1,1,5,31254,M,0.0,0.0,31
201500012190,15,5,27,1000,1,1,1,1,6,31113,M,0.0,0.0,31
201500012191,15,5,29,1200,1,1,1,1,3,11225,M,4331536.0,188326.0,11
201500012192,15,6,6,2000,1,1,1,1,7,31381,M,0.0,0.0,31
201500012193,15,6,8,2230,3,1,1,3,6,31161,M,4349582.0,153991.0,31
201500012194,15,9,1,315,3,1,9,9,6,31450,M,0.0,0.0,31
201500012195,15,10,3,715,3,1,1,8,3,31037,M,4336686.0,176372.0,31
201500012196,15,10,4,2030,3,1,1,8,2,09185,M,0.0,0.0,09
201500012197,15,10,30,615,3,1,1,1,5,31210,M,4339913.0,168714.0,31
201500012198,15,7,17,1330,1,1,1,3,2,14061,M,4894110.0,-79960.0,14
201500012199,15,9,4,1901,1,1,1,1,1,14559,M,4882400.0,-113714.0,14
201500012200,15,3,30,1030,1,1,1,3,4,33498,M,0.0,0.0,33
201500012201,15,4,1,600,3,1,1,8,6,33284,M,0.0,0.0,33
201500012202,15,5,29,830,1,1,1,1,4,33199,M,0.0,0.0,33
201500012203,15,6,27,1145,1,1,1,1,3,33199,M,0.0,0.0,33
201500012204,15,8,3,1215,1,1,1,1,2,33284,M,0.0,0.0,33
201500012205,15,8,20,830,1,1,6,1,3,33199,M,4461452.0,-107326.0,33
201500012206,15,9,18,2215,3,1,1,2,7,33042,M,4443467.0,-81424.0,33
201500012207,15,9,21,2045,3,1,1,1,7,33284,M,0.0,0.0,33
201500012208,15,9,28,1830,1,1,1,7,5,33284,M,0.0,0.0,33
201500012209,15,10,3,2000,3,1,1,1,2,33284,M,0.0,0.0,33
201500012210,15,10,11,745,2,1,1,1,6,33527,M,0.0,0.0,33
201500012211,15,1,18,545,3,1,1,9,7,74143,M,0.0,0.0,74
201500012212,15,7,5,500,3,1,9,1,6,74056,M,0.0,0.0,74
201500012213,15,7,7,1400,1,1,1,1,6,74208,M,0.0,0.0,74
201500012214,15,7,11,1645,1,1,1,1,6,74264,M,0.0,0.0,74
201500012215,15,8,31,1730,1,1,1,1,2,74056,M,0.0,0.0,74
201500012216,15,2,13,2315,3,1,1,2,7,46328,M,4437498.0,173906.0,46
201500012217,15,3,9,1530,1,1,1,1,1,46303,M,4457017.0,167557.0,46
201500012218,15,4,4,1030,1,2,1,8,7,46276,M,4446922.0,174797.0,46
201500012219,15,8,3,1515,1,1,9,1,1,46212,M,4456864.0,166996.0,46
201500012220,15,8,5,1615,1,1,1,1,6,46331,M,4447999.0,156620.0,46
201500012221,15,10,27,1200,1,1,1,1,7,46077,M,4452394.0,155516.0,46
201500012222,15,11,7,815,1,1,1,1,6,46275,M,4456546.0,155519.0,46
201500012223,15,12,13,815,1,1,1,1,6,46092,M,4444478.0,158881.0,46
201500012224,15,2,11,2045,3,1,1,1,6,69086,M,0.0,0.0,69
201500012225,15,5,15,1700,1,1,1,3,1,69017,M,0.0,0.0,69
201500012226,15,7,3,1930,1,1,9,1,3,69086,M,0.0,0.0,69
201500012227,15,7,10,1115,1,1,1,1,6,69157,M,4587900.0,449500.0,69
201500012228,15,7,26,1530,1,1,1,1,6,69200,M,4588400.0,447100.0,69
201500012229,15,9,1,1615,1,1,1,1,6,69086,M,4585200.0,465300.0,69
201500012230,15,10,5,15,3,1,1,1,6,69032,M,0.0,0.0,69
201500012231,15,10,23,745,3,1,1,1,7,69208,M,0.0,0.0,69
201500012232,15,2,21,1445,1,1,1,4,1,72065,M,0.0,0.0,72
201500012233,15,3,4,1515,1,1,1,1,3,72070,M,4801700.0,-13700.0,72
201500012234,15,3,19,1945,3,1,1,1,5,72278,M,0.0,0.0,72
201500012235,15,3,30,1130,1,1,1,1,6,72070,M,0.0,0.0,72
201500012236,15,5,7,900,1,1,1,7,5,72073,M,0.0,0.0,72
201500012237,15,5,18,1,3,1,1,1,6,72237,M,0.0,0.0,72
201500012238,15,5,29,715,1,1,1,1,1,72346,M,0.0,0.0,72
201500012239,15,6,10,1330,1,1,1,9,5,72364,M,0.0,0.0,72
201500012240,15,8,5,2130,2,1,1,1,5,72336,M,0.0,0.0,72
201500012241,15,8,10,945,1,1,1,1,6,72061,M,0.0,0.0,72
201500012242,15,12,21,1815,3,1,1,2,3,72253,M,0.0,0.0,72
201500012243,15,6,10,1600,1,1,1,1,7,68278,M,4777725.0,740670.0,68
201500012244,15,7,15,2000,1,1,1,1,3,68042,M,4762905.0,750528.0,68
201500012245,15,8,2,930,1,1,1,1,2,68278,M,4777166.0,741135.0,68
201500012246,15,9,13,430,3,1,1,1,2,68309,M,4765953.0,748473.0,68
201500012247,15,12,16,1015,1,1,1,2,2,68297,M,4760019.0,753712.0,68
201500012248,15,1,9,1545,1,1,1,1,7,53218,M,4822267.0,-36629.0,53
201500012249,15,1,16,1845,3,1,1,1,2,53007,M,4807531.0,-61577.0,53
201500012250,15,5,12,545,2,1,1,1,7,53262,M,4806531.0,-53897.0,53
201500012251,15,5,14,500,3,1,1,1,6,53267,M,4805254.0,-46874.0,53
201500012252,15,6,5,30,3,1,1,1,7,53034,M,4809580.0,-69338.0,53
201500012253,15,6,13,1845,1,1,1,1,7,53262,M,4806447.0,-53516.0,53
201500012254,15,8,17,2315,3,1,1,1,2,53264,M,4802555.0,-33661.0,53
201500012255,15,11,5,1730,1,1,1,2,3,53267,M,4804153.0,-48437.0,53
201500012256,15,1,23,745,3,1,1,1,7,44035,M,4727520.0,-154090.0,44
201500012257,15,7,6,930,1,1,1,1,5,44179,M,4732714.0,-147714.0,44
201500012258,15,7,31,1400,1,1,2,1,3,44093,M,4748591.0,-114729.0,44
201500012259,15,8,26,830,1,1,1,1,3,44082,M,4739461.0,-138144.0,44
201500012260,15,10,19,1400,1,1,1,1,6,44163,M,4742017.0,-110860.0,44
201500012261,15,6,30,1915,1,1,1,1,2,47186,M,4421700.0,43500.0,47
201500012262,15,10,3,700,2,1,1,2,6,47186,M,0.0,0.0,47
201500012263,15,12,7,830,3,1,1,1,2,47267,M,4427200.0,27550.0,47
201500012264,15,3,7,1815,1,1,1,1,2,82027,M,4389570.0,131675.0,82
201500012265,15,3,21,45,3,1,9,9,7,82123,M,4392860.0,130806.0,82
201500012266,15,5,21,115,3,1,1,1,5,82025,M,0.0,0.0,82
201500012267,15,7,2,2130,2,1,1,1,5,82121,M,0.0,0.0,82
201500012268,15,8,13,1800,1,1,1,3,6,82002,M,0.0,0.0,82
201500012269,15,8,5,845,1,1,1,1,2,20348,M,4215149.0,875506.0,201
201500012270,15,11,7,815,1,1,1,1,7,20048,M,0.0,0.0,201
201500012271,15,12,15,800,2,1,1,8,6,20348,M,0.0,0.0,201
201500012272,15,3,31,1145,1,1,9,2,3,39233,M,0.0,0.0,39
201500012273,15,6,5,1415,1,1,1,1,3,39405,M,0.0,0.0,39
201500012274,15,6,8,1030,1,1,6,1,2,39188,M,0.0,0.0,39
201500012275,15,11,27,1400,1,2,1,1,1,39387,M,4719100.0,593800.0,39
201500012276,15,1,27,1015,1,2,1,2,6,38397,M,4524600.0,583045.0,38
201500012277,15,3,13,1630,1,2,1,1,2,38229,M,4521211.0,577490.0,38
201500012278,15,5,27,1945,1,1,3,1,1,38126,M,4523320.0,575110.0,38
201500012279,15,6,27,2130,2,1,1,1,7,38471,M,4526608.0,577283.0,38
201500012280,15,7,10,1315,1,1,1,1,1,38249,M,4522992.0,582352.0,38
201500012281,15,7,15,2000,1,2,1,1,6,38229,M,0.0,0.0,38
201500012282,15,7,19,1215,1,2,6,1,6,38229,M,0.0,0.0,38
201500012283,15,7,23,1830,1,2,1,1,6,38140,M,0.0,0.0,38
201500012284,15,9,21,1700,1,2,1,7,6,38229,M,0.0,0.0,38
201500012285,15,10,14,730,1,1,1,1,1,38249,M,0.0,0.0,38
201500012286,15,11,11,1615,1,2,1,1,3,38397,M,0.0,0.0,38
201500012287,15,12,8,845,1,2,1,1,3,38229,M,0.0,0.0,38
201500012288,15,2,7,815,1,2,1,1,1,06085,M,4360307.0,700290.0,06
201500012289,15,3,3,1015,1,1,6,1,7,06085,M,0.0,0.0,06
201500012290,15,3,16,1415,1,2,6,9,3,06085,M,0.0,0.0,06
201500012291,15,4,29,2145,3,1,1,1,6,06085,M,0.0,0.0,06
201500012292,15,5,9,1545,1,2,2,1,1,06085,M,0.0,0.0,06
201500012293,15,5,20,2000,1,2,1,1,1,06085,M,0.0,0.0,06
201500012294,15,5,29,1330,1,2,8,1,6,06085,M,0.0,0.0,06
201500012295,15,6,5,930,1,1,1,1,7,06085,M,0.0,0.0,06
201500012296,15,6,1,1745,1,2,6,1,3,06085,M,0.0,0.0,06
201500012297,15,7,7,1800,1,1,1,1,2,06085,M,0.0,0.0,06
201500012298,15,8,2,915,1,2,1,1,3,06085,M,0.0,0.0,06
201500012299,15,8,8,1530,1,2,1,1,6,06085,M,0.0,0.0,06
201500012300,15,12,16,2100,5,2,1,1,3,06085,M,0.0,0.0,06
201500012301,15,1,6,1630,1,1,1,8,1,78189,M,0.0,0.0,78
201500012302,15,1,16,2330,3,1,1,2,1,78466,M,4892900.0,199200.0,78
201500012303,15,4,18,1300,1,2,1,1,2,78466,M,0.0,0.0,78
201500012304,15,7,1,1400,1,2,1,1,3,78466,M,0.0,0.0,78
201500012305,15,7,3,1645,1,1,1,1,3,78466,M,0.0,0.0,78
201500012306,15,1,14,1300,1,1,1,1,1,33122,M,4469990.0,-70311.0,33
201500012307,15,3,4,1845,2,2,9,7,6,33122,M,4477230.0,-69733.0,33
201500012308,15,4,8,1600,1,1,3,1,3,33090,M,4476525.0,-66850.0,33
201500012309,15,4,11,315,3,1,9,1,6,33122,M,4467451.0,-72900.0,33
201500012310,15,6,11,1300,1,1,1,1,6,33122,M,4474594.0,-76608.0,33
201500012311,15,6,24,330,3,2,1,1,2,33122,M,4474308.0,-65785.0,33
201500012312,15,12,7,1530,1,2,1,9,3,33122,M,4476500.0,-67600.0,33
201500012313,15,11,1,1730,1,2,3,1,3,66038,M,4265520.0,283925.0,66
201500012314,15,1,25,1400,1,1,1,1,6,67112,M,0.0,0.0,67
201500012315,15,3,2,200,3,1,1,2,2,67462,M,0.0,0.0,67
201500012316,15,4,28,1145,1,1,1,1,1,67239,M,0.0,0.0,67
201500012317,15,5,6,945,1,1,1,1,6,67115,M,0.0,0.0,67
201500012318,15,5,27,1345,1,1,1,1,4,67481,M,0.0,0.0,67
201500012319,15,6,4,1040,1,1,1,1,6,67073,M,0.0,0.0,67
201500012320,15,7,22,1445,1,1,1,1,2,67101,M,0.0,0.0,67
201500012321,15,8,11,1300,1,1,9,1,2,67462,M,0.0,0.0,67
201500012322,15,11,4,1800,3,1,1,1,5,67073,M,0.0,0.0,67
201500012323,15,11,21,1230,1,2,1,1,6,67010,M,0.0,0.0,67
201500012324,15,12,8,1145,1,1,1,1,1,67239,M,0.0,0.0,67
201500012325,15,4,13,1430,1,1,1,1,6,79231,M,4636976.0,-21921.0,79
201500012326,15,6,28,1630,1,1,1,1,2,79189,M,4640434.0,-15305.0,79
201500012327,15,10,5,900,1,1,1,3,2,79276,M,4638864.0,-20034.0,79
201500012328,15,10,21,1615,1,1,1,1,2,79283,M,4636392.0,-25980.0,79
201500012329,15,11,27,2200,3,1,1,2,2,79316,M,4641671.0,-11159.0,79
201500012330,15,1,18,1715,1,1,1,1,6,17050,M,4547894.0,-61936.0,17
201500012331,15,3,7,530,2,1,1,1,2,33321,M,0.0,0.0,33
201500012332,15,8,7,1700,1,1,1,1,7,17050,M,4545667.0,-61661.0,17
201500012333,15,8,14,2000,1,1,1,1,6,33351,M,4521250.0,-50517.0,33
201500012334,15,10,7,745,2,1,1,1,6,17236,M,0.0,0.0,17
201500012335,15,6,10,1300,1,1,6,1,3,20139,M,4163825.0,933585.0,201
201500012336,15,7,14,645,1,2,1,1,3,20269,M,0.0,0.0,201
201500012337,15,8,16,1600,1,1,1,1,5,20269,M,4180673.0,939831.0,201
201500012338,15,9,13,1830,1,2,1,1,3,20139,M,4168695.0,936556.0,201
201500012339,15,1,10,1030,1,1,1,1,7,74067,M,0.0,0.0,74
201500012340,15,2,9,1745,1,1,1,7,6,74186,M,0.0,0.0,74
201500012341,15,3,12,1345,1,1,3,1,1,74268,M,0.0,0.0,74
201500012342,15,6,27,1030,1,1,3,1,3,74268,M,0.0,0.0,74
201500012343,15,7,12,1415,1,2,1,1,3,74268,M,0.0,0.0,74
201500012344,15,8,22,2345,3,1,6,1,7,74067,M,0.0,0.0,74
201500012345,15,11,10,900,1,2,6,1,6,74268,M,0.0,0.0,74
201500012346,15,12,1,1430,1,2,6,1,6,74268,M,0.0,0.0,74
201500012347,15,12,8,530,3,2,1,5,2,74268,M,0.0,0.0,74
201500012348,15,4,11,445,3,1,1,1,1,69288,M,0.0,0.0,69
201500012349,15,7,10,1445,1,1,1,1,2,01142,M,0.0,0.0,01
201500012350,15,10,9,745,2,1,1,1,3,01089,M,0.0,0.0,01
201500012351,15,10,12,945,1,1,1,1,2,69280,M,0.0,0.0,69
201500012352,15,12,4,2215,3,1,1,5,5,38557,M,0.0,0.0,38
201500012353,15,12,24,530,3,1,1,1,5,01032,M,0.0,0.0,01
201500012354,15,3,20,715,2,1,1,1,2,37194,M,0.0,0.0,37
201500012355,15,11,27,1800,3,1,1,2,1,37027,M,0.0,0.0,37
201500012356,15,1,9,1630,1,1,1,1,3,42279,M,4547158.0,427070.0,42
201500012357,15,1,18,1700,4,2,1,1,6,42279,M,4550956.0,423840.0,42
201500012358,15,2,11,800,1,1,1,1,1,42256,M,4548645.0,414893.0,42
201500012359,15,4,10,1830,1,2,2,1,3,42279,M,4550397.0,424985.0,42
201500012360,15,5,10,400,3,1,1,1,6,42256,M,4548287.0,415103.0,42
201500012361,15,7,6,1715,1,2,1,1,6,42279,M,4550199.0,425468.0,42
201500012362,15,9,27,2215,3,1,1,1,3,42256,M,4549227.0,415954.0,42
201500012363,15,10,28,1730,3,2,1,1,3,42279,M,4548717.0,424318.0,42
201500012364,15,11,6,1345,1,1,1,1,3,42169,M,4544507.0,411301.0,42
201500012365,15,11,16,1630,1,2,1,1,6,42279,M,4549987.0,424285.0,42
201500012366,15,11,26,800,1,1,1,8,3,42042,M,4547786.0,424200.0,42
201500012367,15,12,19,1545,1,2,1,1,3,42279,M,0.0,0.0,42
201500012368,15,9,7,1530,1,2,3,1,7,76276,M,4961834.0,153838.0,76
201500012369,15,2,18,2030,5,1,1,1,6,91135,M,0.0,0.0,91
201500012370,15,3,20,1700,1,1,1,7,3,91244,M,0.0,0.0,91
201500012371,15,4,4,900,1,1,1,1,1,91045,M,0.0,0.0,91
201500012372,15,6,7,1130,1,1,1,1,5,91649,M,4855000.0,235600.0,91
201500012373,15,6,16,1730,1,1,1,1,1,91244,M,0.0,0.0,91
201500012374,15,6,26,100,3,1,1,1,6,91135,M,4852600.0,244000.0,91
201500012375,15,9,4,1730,1,1,1,8,7,91037,M,0.0,0.0,91
201500012376,15,9,29,1745,1,2,6,1,3,91159,M,0.0,0.0,91
201500012377,15,11,25,1045,1,1,1,2,7,91045,M,0.0,0.0,91
201500012378,15,5,9,1815,1,1,1,1,7,51333,M,4914593.0,409583.0,51
201500012379,15,6,28,1515,1,1,1,1,1,51571,M,4914429.0,421949.0,51
201500012380,15,7,16,1730,1,1,3,1,3,51115,M,4919464.0,401302.0,51
201500012381,15,7,19,1000,1,1,1,1,1,51428,M,4912467.0,424217.0,51
201500012382,15,8,3,245,3,1,1,1,6,51333,M,4916481.0,408796.0,51
201500012383,15,9,26,2330,3,1,1,1,7,51447,M,4918412.0,428731.0,51
201500012384,15,8,2,1245,1,2,1,1,1,31157,M,4353341.0,134388.0,31
201500012385,15,11,20,915,1,2,1,1,6,31157,M,4355832.0,133466.0,31
201500012386,15,12,30,1030,1,2,1,7,6,31157,M,0.0,0.0,31
201500012387,15,1,4,845,1,1,1,8,7,06152,M,0.0,0.0,06
201500012388,15,12,29,915,1,1,1,8,6,06152,M,0.0,0.0,06
201500012389,15,2,7,1030,1,1,1,1,7,06152,M,4360640.0,705411.0,06
201500012390,15,2,2,1145,1,2,1,7,1,06152,M,4361423.0,705851.0,06
201500012391,15,2,11,845,1,2,1,7,1,06018,M,4362447.0,710354.0,06
201500012392,15,3,23,1715,1,1,1,1,3,06152,M,0.0,0.0,06
201500012393,15,3,28,815,1,1,1,1,6,06152,M,0.0,0.0,06
201500012394,15,3,26,1015,1,2,1,1,3,06152,M,0.0,0.0,06
201500012395,15,4,10,930,1,2,1,1,7,06152,M,4364245.0,700848.0,06
201500012396,15,4,26,615,2,1,1,1,6,06152,M,0.0,0.0,06
201500012397,15,5,8,2130,3,2,1,1,6,06018,M,0.0,0.0,06
201500012398,15,5,27,1415,1,1,1,1,1,06152,M,0.0,0.0,06
201500012399,15,6,19,545,2,1,1,1,6,06152,M,0.0,0.0,06
201500012400,15,7,31,2100,1,1,1,1,1,06152,M,0.0,0.0,06
201500012401,15,8,20,1230,1,1,1,1,1,06152,M,0.0,0.0,06
201500012402,15,8,21,1715,1,2,1,1,1,06018,M,0.0,0.0,06
201500012403,15,10,12,715,3,2,1,1,6,06152,M,0.0,0.0,06
201500012404,15,10,25,130,3,2,1,1,6,06152,M,0.0,0.0,06
201500012405,15,10,23,1500,1,2,1,7,3,06018,M,0.0,0.0,06
201500012406,15,4,20,845,1,1,1,1,1,69033,M,4586860.0,488203.0,69
201500012407,15,5,7,1900,1,2,1,1,6,69088,M,4582890.0,485360.0,69
201500012408,15,2,8,1515,1,2,1,1,3,69244,M,4576800.0,476900.0,69
201500012409,15,2,9,1715,1,2,1,1,2,69244,M,0.0,0.0,69
201500012410,15,2,12,745,1,2,1,1,6,69244,M,0.0,0.0,69
201500012411,15,3,10,2015,5,2,1,1,5,69244,M,4576200.0,475800.0,69
201500012412,15,3,19,1045,1,2,1,1,2,69244,M,4575300.0,480500.0,69
201500012413,15,4,13,815,1,2,1,1,3,69244,M,0.0,0.0,69
201500012414,15,4,18,2315,5,1,1,1,3,69244,M,0.0,0.0,69
201500012415,15,4,23,1800,1,2,1,1,3,69244,M,4577400.0,478900.0,69
201500012416,15,5,21,900,1,2,1,1,3,69244,M,0.0,0.0,69
201500012417,15,8,31,1930,1,2,1,1,3,69244,M,0.0,0.0,69
201500012418,15,10,23,830,1,2,1,1,3,69244,M,4577000.0,478500.0,69
201500012419,15,11,14,2230,5,2,2,1,3,69244,M,4575260.0,477065.0,69
201500012420,15,11,30,645,5,2,1,1,1,69244,M,0.0,0.0,69
201500012421,15,12,16,1815,5,2,1,5,3,69044,M,0.0,0.0,69
201500012422,15,1,22,730,5,1,1,2,6,38378,M,0.0,0.0,38
201500012423,15,2,17,1800,2,1,1,1,3,38378,M,0.0,0.0,38
201500012424,15,2,21,1415,1,1,1,1,2,38019,M,0.0,0.0,38
201500012425,15,4,24,1845,1,2,1,1,1,38378,M,0.0,0.0,38
201500012426,15,6,3,1130,1,2,2,1,3,38114,M,0.0,0.0,38
201500012427,15,7,12,800,1,2,1,1,1,38448,M,0.0,0.0,38
201500012428,15,10,6,1,3,1,1,8,6,38378,M,0.0,0.0,38
201500012429,15,1,17,1615,1,1,1,4,6,74282,M,0.0,0.0,74
201500012430,15,5,29,2145,5,2,3,3,6,74011,M,0.0,0.0,74
201500012431,15,7,21,1930,1,2,1,1,2,74299,M,0.0,0.0,74
201500012432,15,9,2,1930,1,1,1,1,7,74011,M,0.0,0.0,74
201500012433,15,12,1,1915,5,2,1,1,6,74011,M,0.0,0.0,74
201500012434,15,12,27,1745,3,1,6,1,2,34116,M,4363576.0,375875.0,34
201500012435,15,1,27,815,1,1,1,1,1,34320,M,4364114.0,372576.0,34
201500012436,15,2,20,2045,3,1,1,8,6,34153,M,4373876.0,378597.0,34
201500012437,15,7,9,2030,1,1,1,1,7,34082,M,4366250.0,377015.0,34
201500012438,15,9,21,1330,1,1,1,1,6,34082,M,4366399.0,379619.0,34
201500012439,15,10,20,1730,2,1,1,1,2,34153,M,4373290.0,382144.0,34
201500012440,15,11,30,1815,3,1,1,1,1,34255,M,4367752.0,382095.0,34
201500012441,15,12,28,1745,5,2,1,1,1,34116,M,4364961.0,383312.0,34
201500012442,15,3,7,500,3,1,1,1,7,01029,M,0.0,0.0,01
201500012443,15,3,7,1630,1,1,1,1,2,01304,M,0.0,0.0,01
201500012444,15,4,6,615,3,1,1,1,6,01151,M,0.0,0.0,01
201500012445,15,4,6,1715,1,1,1,1,3,01115,M,4625673.0,505062.0,01
201500012446,15,5,7,845,1,1,1,1,7,01451,M,4625344.0,525328.0,01
201500012447,15,6,29,1430,1,1,1,1,5,01422,M,0.0,0.0,01
201500012448,15,7,6,715,1,1,1,1,2,01069,M,0.0,0.0,01
201500012449,15,7,11,1030,1,1,1,1,6,01232,M,0.0,0.0,01
201500012450,15,8,3,1745,1,1,1,1,2,01029,M,0.0,0.0,01
201500012451,15,9,6,800,1,1,1,1,6,01304,M,0.0,0.0,01
201500012452,15,9,12,1215,1,1,2,8,3,01115,M,0.0,0.0,01
201500012453,15,10,3,1515,1,1,1,2,7,01038,M,0.0,0.0,01
201500012454,15,11,20,1830,3,1,1,3,3,01024,M,0.0,0.0,01
201500012455,15,12,22,630,3,1,1,1,4,01151,M,0.0,0.0,01
201500012456,15,3,30,1930,1,1,1,1,4,78233,M,0.0,0.0,78
201500012457,15,6,1,1630,1,2,1,1,1,78152,M,0.0,0.0,78
201500012458,15,6,6,1730,1,1,1,1,1,78571,M,0.0,0.0,78
201500012459,15,7,3,1815,1,2,1,1,6,78233,M,0.0,0.0,78
201500012460,15,9,5,1230,1,1,1,1,1,78233,M,0.0,0.0,78
201500012461,15,9,19,1400,1,1,1,7,6,78233,M,0.0,0.0,78
201500012462,15,10,22,1700,1,1,1,2,7,78518,M,0.0,0.0,78
201500012463,15,3,22,715,1,1,1,2,5,13118,M,0.0,0.0,13
201500012464,15,6,25,1800,1,2,1,1,6,13037,M,0.0,0.0,13
201500012465,15,10,29,1115,1,2,9,1,6,13118,M,0.0,0.0,13
201500012466,15,12,7,745,1,2,6,1,6,13112,M,0.0,0.0,13
201500012467,15,12,17,845,1,2,9,1,3,13037,M,0.0,0.0,13
201500012468,15,1,31,1830,3,1,1,2,2,95353,M,4908560.0,231250.0,95
201500012469,15,5,27,1530,1,2,1,1,3,95353,M,0.0,0.0,95
201500012470,15,7,10,2330,3,1,1,1,5,95061,M,4905980.0,225710.0,95
201500012471,15,9,17,1630,1,1,1,2,7,95678,M,4906130.0,221870.0,95
201500012472,15,7,27,1600,1,1,1,1,1,09159,M,4277052.0,173272.0,09
201500012473,15,11,19,1415,1,1,1,1,3,09139,M,4260633.0,181544.0,09
201500012474,15,2,19,1415,1,2,1,1,5,35210,M,4814770.0,-177949.0,35
201500012475,15,5,3,1100,1,1,1,2,7,35189,M,4814565.0,-169900.0,35
201500012476,15,6,19,1130,1,2,1,1,6,56005,M,4754833.0,-290818.0,56
201500012477,15,6,24,1700,1,2,1,1,6,56240,M,4754949.0,-272079.0,56
201500012478,15,7,25,200,3,1,1,8,7,56251,M,0.0,0.0,56
201500012479,15,8,1,1215,1,2,1,1,6,56214,M,4750987.0,-283821.0,56
201500012480,15,12,22,1045,1,1,1,3,1,56248,M,4759398.0,-262309.0,56
201500012481,15,12,26,1915,3,1,1,1,1,56214,M,4750517.0,-281944.0,56
201500012482,15,2,23,2345,3,1,1,1,7,42020,M,4561760.0,420421.0,42
201500012483,15,6,16,830,1,1,1,2,3,42038,M,4563896.0,418982.0,42
201500012484,15,6,21,2345,3,1,1,1,2,42130,M,4566729.0,416721.0,42
201500012485,15,7,13,1400,1,1,1,1,6,42155,M,4581662.0,411401.0,42
201500012486,15,11,16,2300,3,1,1,5,4,42038,M,4564890.0,418037.0,42
201500012487,15,2,21,1545,1,1,1,1,7,42004,M,4585835.0,403578.0,42
201500012488,15,12,31,300,3,1,1,1,6,42255,M,4587597.0,386262.0,42
201500012489,15,4,14,900,1,1,1,1,2,78300,M,0.0,0.0,78
201500012490,15,6,27,915,1,1,1,1,2,78597,M,0.0,0.0,78
201500012491,15,7,3,2030,1,1,1,1,7,78439,M,0.0,0.0,78
201500012492,15,12,30,1415,1,1,1,1,6,78505,M,0.0,0.0,78
201500012493,15,2,15,1530,1,1,1,1,6,88440,M,4826673.0,586330.0,88
201500012494,15,10,19,1230,1,1,1,1,2,88123,M,4810147.0,564590.0,88
201500012495,15,11,20,2345,3,1,1,2,2,88390,M,4813998.0,568166.0,88
201500012496,15,6,3,1445,1,2,1,1,3,38553,M,0.0,0.0,38
201500012497,15,10,7,1315,1,2,1,1,6,38553,M,0.0,0.0,38
201500012498,15,10,17,1545,1,2,1,1,6,38553,M,0.0,0.0,38
201500012499,15,5,10,1100,1,1,1,1,2,13059,M,0.0,0.0,13
201500012500,15,6,15,800,1,1,1,1,4,13001,M,0.0,0.0,13
201500012501,15,6,13,1730,1,1,1,3,6,13113,M,0.0,0.0,13
201500012502,15,10,14,1700,1,1,1,1,1,13113,M,0.0,0.0,13
201500012503,15,11,15,500,3,1,1,1,6,13113,M,0.0,0.0,13
201500012504,15,12,10,1715,1,1,1,8,5,13001,M,0.0,0.0,13
201500012505,15,12,20,715,3,1,1,1,6,13113,M,0.0,0.0,13
201500012506,15,5,28,600,2,1,1,1,6,18140,M,0.0,0.0,18
201500012507,15,7,8,645,1,1,1,1,6,18096,M,0.0,0.0,18
201500012508,15,7,22,715,1,1,1,1,2,18279,M,0.0,0.0,18
201500012509,15,8,19,630,2,1,1,1,6,18140,M,0.0,0.0,18
201500012510,15,10,25,45,3,1,1,1,2,18096,M,0.0,0.0,18
201500012511,15,12,28,1030,1,1,1,1,6,18141,M,0.0,0.0,18
201500012512,15,1,6,745,2,1,1,1,5,34333,M,4348310.0,377276.0,34
201500012513,15,1,9,1830,3,1,1,1,4,34333,M,4348889.0,377268.0,34
201500012514,15,10,5,1115,1,1,1,1,1,34333,M,4348424.0,377261.0,34
201500012515,15,4,15,1545,1,1,1,1,1,34337,M,0.0,0.0,34
201500012516,15,6,6,1500,1,1,1,1,3,34333,M,4349877.0,379545.0,34
201500012517,15,8,20,200,3,1,1,1,1,34333,M,4346451.0,381771.0,34
201500012518,15,8,30,1345,1,1,9,1,2,34333,M,4349130.0,374220.0,34
201500012519,15,8,31,1930,1,1,1,1,3,34337,M,4381900.0,329000.0,34
201500012520,15,9,23,1115,1,1,1,1,3,34333,M,4347766.0,377166.0,34
201500012521,15,11,1,330,3,1,2,1,3,34159,M,4351799.0,380870.0,34
201500012522,15,11,3,830,2,1,1,3,1,34337,M,4353897.0,387738.0,34
201500012523,15,1,5,1730,1,1,1,1,6,01181,M,0.0,0.0,01
201500012524,15,2,4,1815,3,1,1,1,6,01014,M,0.0,0.0,01
201500012525,15,2,10,715,2,1,1,1,2,01303,M,0.0,0.0,01
201500012526,15,3,26,1530,1,1,1,1,7,01274,M,0.0,0.0,01
201500012527,15,3,30,1,3,1,1,2,6,01274,M,0.0,0.0,01
201500012528,15,5,29,1800,1,1,9,1,2,01067,M,0.0,0.0,01