Num_Acc,an,mois,jour,hrmn,lum,agg,int,atm,col,com,gps,lat,long,dep
201500012529,15,5,29,1915,1,1,1,1,2,01273,M,0.0,0.0,01
201500012530,15,6,2,1415,1,1,1,1,6,01181,M,0.0,0.0,01
201500012531,15,7,15,1630,1,1,1,1,3,01269,M,0.0,0.0,01
201500012532,15,10,30,700,1,1,1,1,7,01067,M,0.0,0.0,01
201500012533,15,11,20,1115,1,1,1,2,6,01373,M,0.0,0.0,01
201500012534,15,11,21,1630,1,1,1,4,2,01063,M,0.0,0.0,01
201500012535,15,12,26,1530,1,1,1,1,2,01228,M,0.0,0.0,01
201500012536,15,5,5,805,1,1,1,3,1,14685,M,4924700.0,-46740.0,14
201500012537,15,1,20,1330,1,1,1,2,5,13051,M,0.0,0.0,13
201500012538,15,3,25,1945,5,1,6,1,6,13029,M,0.0,0.0,13
201500012539,15,4,21,1715,1,1,1,1,3,13051,M,0.0,0.0,13
201500012540,15,6,7,2215,3,1,1,1,7,13044,M,0.0,0.0,13
201500012541,15,7,29,1545,1,1,6,1,3,13051,M,0.0,0.0,13
201500012542,15,8,2,1000,1,2,1,7,1,13008,M,0.0,0.0,13
201500012543,15,8,22,1930,1,1,1,1,3,13044,M,0.0,0.0,13
201500012544,15,9,2,1930,1,1,2,1,3,13069,M,4363027.0,514937.0,13
201500012545,15,10,1,1515,1,1,1,1,3,13044,M,0.0,0.0,13
201500012546,15,10,4,400,3,1,1,5,7,13069,M,0.0,0.0,13
201500012547,15,10,4,1745,1,1,1,1,1,13051,M,0.0,0.0,13
201500012548,15,10,11,1630,1,1,1,1,7,13069,M,0.0,0.0,13
201500012549,15,10,13,1945,3,2,1,1,6,13051,M,0.0,0.0,13
201500012550,15,10,14,1245,1,1,1,1,1,13029,M,0.0,0.0,13
201500012551,15,11,28,1715,2,1,1,1,5,13044,M,0.0,0.0,13
201500012552,15,12,12,315,3,1,1,5,7,13051,M,0.0,0.0,13
201500012553,15,1,7,745,2,1,1,2,2,03021,M,0.0,0.0,03
201500012554,15,3,13,1100,1,1,1,8,2,03021,M,4612500.0,312100.0,03
201500012555,15,4,26,1600,1,1,1,3,6,03186,M,0.0,0.0,03
201500012556,15,5,9,2300,3,1,1,1,7,03277,M,0.0,0.0,03
201500012557,15,6,11,2045,1,1,1,1,2,03270,M,0.0,0.0,03
201500012558,15,6,26,645,2,1,1,1,6,03277,M,4629400.0,304300.0,03
201500012559,15,8,17,1700,1,1,1,1,7,03243,M,4631900.0,299500.0,03
201500012560,15,10,11,1515,1,1,1,1,7,03186,M,0.0,0.0,03
201500012561,15,10,28,1245,1,1,1,1,7,03118,M,4608300.0,312400.0,03
201500012562,15,12,1,1330,1,1,1,1,2,03277,M,4628400.0,304900.0,03
201500012563,15,2,15,1400,1,1,1,4,7,63035,M,4596300.0,310400.0,63
201500012564,15,4,18,2015,2,1,1,1,2,63300,M,4589200.0,315200.0,63
201500012565,15,4,26,1800,1,1,1,1,3,63082,M,4605900.0,311256.0,63
201500012566,15,6,3,1930,1,1,1,1,6,63113,M,0.0,0.0,63
201500012567,15,7,17,1200,1,1,1,1,6,63113,M,4581000.0,314700.0,63
201500012568,15,10,12,1530,1,1,1,1,2,63327,M,4593600.0,313500.0,63
201500012569,15,11,6,2245,3,1,1,1,6,63135,M,0.0,0.0,63
201500012570,15,11,22,2045,3,1,1,1,3,63116,M,0.0,0.0,63
201500012571,15,11,26,2200,3,1,1,2,3,63300,M,0.0,0.0,63
201500012572,15,12,15,1530,1,1,1,8,2,63327,M,0.0,0.0,63
201500012573,15,5,24,1745,1,1,1,1,1,06084,M,0.0,0.0,06
201500012574,15,12,6,1130,1,1,1,1,6,06084,M,0.0,0.0,06
201500012575,15,3,2,630,3,1,1,1,5,49188,M,4759497.0,-31599.0,49
201500012576,15,7,9,2230,3,1,1,1,6,49127,M,4766528.0,-26656.0,49
201500012577,15,7,12,1345,1,1,1,1,7,49127,M,4766673.0,-26519.0,49
201500012578,15,11,23,1015,1,1,1,8,7,49018,M,4758449.0,-11658.0,49
201500012579,15,11,24,1000,1,1,1,2,6,49377,M,4752166.0,-42766.0,49
201500012580,15,12,29,1100,1,1,1,1,4,49110,M,4754001.0,-34157.0,49
201500012581,15,2,1,1000,1,1,1,4,6,40168,M,4374951.0,-122409.0,40
201500012582,15,2,9,1930,3,1,1,1,6,40036,M,4362346.0,-140126.0,40
201500012583,15,5,20,1245,1,1,1,1,6,40168,M,4380169.0,-120297.0,40
201500012584,15,2,23,1515,1,1,1,1,7,40197,M,4406355.0,-89185.0,40
201500012585,15,1,8,930,1,2,1,1,6,63004,M,0.0,0.0,63
201500012586,15,8,20,900,1,2,1,1,6,63004,M,4593000.0,281900.0,63
201500012587,15,12,14,845,2,1,9,9,7,63004,M,0.0,0.0,63
201500012588,15,5,13,1345,1,2,7,1,6,10387,M,4830744.0,404411.0,10
201500012589,15,11,24,1230,1,2,2,1,3,10387,M,4829760.0,405867.0,10
201500012590,15,12,8,2325,5,2,3,1,3,10387,M,4830380.0,406149.0,10
201500012591,15,12,21,2230,5,2,1,1,6,10387,M,4830036.0,408744.0,10
201500012592,15,12,21,858,1,1,1,1,1,10362,M,4829036.0,399350.0,10
201500012593,15,5,30,1834,1,2,1,1,2,10387,M,4828718.0,407928.0,10
201500012594,15,5,27,1148,1,2,1,1,6,10387,M,4829930.0,406580.0,10
201500012595,15,10,12,725,1,2,6,1,3,10343,M,4816190.0,452823.0,10
201500012596,15,6,1,914,1,2,1,1,2,10333,M,4828030.0,404530.0,10
201500012597,15,12,23,1730,3,2,1,1,6,10297,M,4832450.0,410525.0,10
201500012598,15,6,7,615,1,2,1,1,6,10362,M,4829250.0,401742.0,10
201500012599,15,6,17,2214,5,2,1,1,6,10387,M,4829656.0,407064.0,10
201500012600,15,7,3,2115,1,1,1,1,3,10333,M,,,10
201500012601,15,7,17,807,1,2,6,1,3,10387,M,4828900.0,409000.0,10
201500012602,15,8,5,1119,1,2,1,1,6,10325,M,4826340.0,404880.0,10
201500012603,15,8,7,1715,1,1,1,1,3,10081,M,4832020.0,402288.0,10
201500012604,15,8,27,2202,3,2,1,8,1,10387,M,4830360.0,406069.0,10
201500012605,15,9,8,1637,1,2,1,1,2,10387,M,4829490.0,408169.0,10
201500012606,15,9,9,1821,1,2,1,1,2,10357,M,4830260.0,410163.0,10
201500012607,15,12,25,839,1,2,3,1,3,10333,M,4817056.0,400000.0,10
201500012608,15,9,11,1541,1,1,1,1,2,10357,M,4828561.0,413738.0,10
201500012609,15,9,15,2035,1,2,1,1,6,10387,M,,,10
201500012610,15,9,19,1821,1,2,3,1,2,10387,M,4827369.0,408416.0,10
201500012611,15,10,9,1242,1,2,1,1,3,10343,M,4827411.0,408652.0,10
201500012612,15,9,8,1653,1,2,1,1,6,10387,M,4829890.0,407761.0,10
201500012613,15,11,5,1504,1,2,1,1,6,10357,M,4830000.0,410555.0,10
201500012614,15,8,29,1800,1,2,1,1,3,10387,M,4830710.0,409544.0,10
201500012615,15,11,10,1727,2,2,3,1,3,10297,M,4831786.0,409285.0,10
201500012616,15,11,14,1915,2,2,1,1,1,10387,M,4830580.0,405377.0,10
201500012617,15,11,12,1145,1,2,6,1,3,10387,M,4826850.0,408610.0,10
201500012618,15,1,27,755,2,1,1,1,1,10321,M,,,10
201500012619,15,1,19,1217,1,2,1,9,6,10265,M,4830086.0,403969.0,10
201500012620,15,1,20,1940,5,2,1,1,2,10387,M,,,10
201500012621,15,2,11,1150,1,2,1,1,6,10297,M,4831827.0,409326.0,10
201500012622,15,2,14,1756,1,2,1,1,2,10387,M,,,10
201500012623,15,2,20,1720,1,1,1,2,2,10357,M,,,10
201500012624,15,2,20,1808,5,2,2,2,3,10387,M,,,10
201500012625,15,1,16,1907,5,2,3,1,3,10387,M,,,10
201500012626,15,1,28,1140,1,2,9,1,6,10387,M,,,10
201500012627,15,2,27,916,1,2,1,1,2,10387,M,,,10
201500012628,15,3,7,1926,5,2,9,1,1,10343,M,4828349.0,409238.0,10
201500012629,15,3,15,2000,5,2,6,1,3,10343,M,4827391.0,409284.0,10
201500012630,15,3,9,2028,2,2,1,1,3,10325,M,4826277.0,403704.0,10
201500012631,15,3,6,548,2,2,1,1,6,10321,M,4828722.0,402897.0,10
201500012632,15,4,6,1547,1,2,1,1,2,10265,M,4830317.0,403367.0,10
201500012633,15,4,7,1723,1,2,2,1,3,10387,M,4829691.0,407141.0,10
201500012634,15,4,8,908,1,2,2,1,6,10387,M,4829879.0,407342.0,10
201500012635,15,4,13,1714,1,2,1,1,6,10357,M,4829812.0,411961.0,10
201500012636,15,3,24,927,1,2,6,2,3,10387,M,4829503.0,406737.0,10
201500012637,15,3,4,1150,1,2,1,1,6,10387,M,4830767.0,406851.0,10
201500012638,15,5,17,223,3,1,1,1,6,10333,M,4828790.0,403974.0,10
201500012639,15,4,27,1437,1,2,3,2,3,10343,M,4826519.0,409052.0,10
201500012640,15,4,8,1930,1,2,9,1,6,10387,M,,,10
201500012641,15,4,25,2127,5,2,1,1,6,10387,M,4829086.0,408249.0,10
201500012642,15,6,10,939,1,2,1,1,3,10362,M,4829237.0,404225.0,10
201500012643,15,11,12,1900,3,1,1,1,2,67152,M,0.0,0.0,67
201500012644,15,1,6,700,3,1,1,9,1,67361,M,0.0,0.0,67
201500012645,15,2,2,1200,1,1,1,8,1,67343,M,0.0,0.0,67
201500012646,15,7,6,800,1,2,1,1,1,67471,M,0.0,0.0,67
201500012647,15,7,24,1830,1,1,1,1,1,67389,M,0.0,0.0,67
201500012648,15,8,29,115,5,2,9,1,1,67471,M,0.0,0.0,67
201500012649,15,9,1,1700,1,2,1,2,6,67309,M,0.0,0.0,67
201500012650,15,10,15,1315,1,2,1,1,3,67471,M,0.0,0.0,67
201500012651,15,10,13,1445,1,2,9,1,1,67309,M,0.0,0.0,67
201500012652,15,11,14,1230,1,1,1,1,3,67389,M,0.0,0.0,67
201500012653,15,12,15,1145,1,1,6,8,7,91679,M,4873400.0,212700.0,91
201500012654,15,1,25,1130,1,1,1,1,1,06105,M,0.0,0.0,06
201500012655,15,5,28,1530,1,1,1,1,1,06038,M,4365400.0,697400.0,06
201500012656,15,6,4,1015,1,1,3,1,3,06148,M,0.0,0.0,06
201500012657,15,12,28,400,3,1,1,1,7,06148,M,0.0,0.0,06
201500012658,15,5,18,845,1,1,1,1,1,65429,M,4349060.0,1154.0,65
201500012659,15,2,25,1330,1,1,1,1,6,02697,M,0.0,0.0,02
201500012660,15,5,26,1515,1,1,1,1,7,02559,M,0.0,0.0,02
201500012661,15,6,14,1545,1,1,1,1,6,02638,M,0.0,0.0,02
201500012662,15,1,30,815,1,2,1,2,3,38530,M,0.0,0.0,38
201500012663,15,3,16,745,1,1,1,1,1,38530,M,0.0,0.0,38
201500012664,15,5,7,830,1,2,1,1,3,38193,M,0.0,0.0,38
201500012665,15,5,20,1815,1,1,1,1,5,38530,M,0.0,0.0,38
201500012666,15,5,24,1715,1,2,3,1,2,38193,M,4561768.0,523661.0,38
201500012667,15,6,27,1145,1,2,1,1,1,38193,M,4559638.0,521367.0,38
201500012668,15,6,30,845,1,2,1,1,6,38193,M,0.0,0.0,38
201500012669,15,11,5,1345,1,1,1,1,2,03158,M,4649500.0,266200.0,03
201500012670,15,12,26,1130,1,1,1,1,6,03027,M,4635200.0,284900.0,03
201500012671,15,3,7,1445,1,1,1,1,6,21638,M,4753418.0,519906.0,21
201500012672,15,1,12,500,3,1,1,1,6,04112,M,0.0,0.0,04
201500012673,15,1,18,1900,3,1,1,1,1,04106,M,0.0,0.0,04
201500012674,15,2,9,630,3,1,1,1,7,04091,M,0.0,0.0,04
201500012675,15,4,21,1015,1,1,1,1,2,04149,M,0.0,0.0,04
201500012676,15,6,18,930,1,2,1,1,3,13113,M,0.0,0.0,13
201500012677,15,6,21,930,1,1,1,1,3,13113,M,0.0,0.0,13
201500012678,15,6,22,2000,1,2,1,1,3,13113,M,0.0,0.0,13
201500012679,15,6,25,1730,1,1,1,1,1,13080,M,0.0,0.0,13
201500012680,15,8,14,1100,1,2,1,1,1,13080,M,4366356.0,543852.0,13
201500012681,15,9,16,1600,1,1,1,1,3,13080,M,0.0,0.0,13
201500012682,15,10,17,600,3,1,1,1,6,13113,M,0.0,0.0,13
201500012683,15,11,1,745,1,1,1,7,3,13080,M,0.0,0.0,13
201500012684,15,1,4,845,1,1,1,2,7,73082,M,0.0,0.0,73
201500012685,15,1,17,830,1,1,1,4,1,73220,M,0.0,0.0,73
201500012686,15,2,28,1645,1,1,1,8,7,73241,M,0.0,0.0,73
201500012687,15,8,15,630,2,1,1,8,6,73082,M,0.0,0.0,73
201500012688,15,12,23,1500,1,1,1,1,7,73118,M,0.0,0.0,73
201500012689,15,3,14,700,1,1,1,2,6,26057,M,0.0,0.0,26
201500012690,15,5,13,1145,1,1,1,1,6,26034,M,0.0,0.0,26
201500012691,15,8,26,2130,5,1,1,1,1,26057,M,0.0,0.0,26
201500012692,15,9,22,1145,1,1,9,3,6,38416,M,0.0,0.0,38
201500012693,15,11,7,1830,3,1,1,1,6,38394,M,4510112.0,523634.0,38
201500012694,15,11,21,1245,1,1,1,4,6,38033,M,0.0,0.0,38
201500012695,15,2,18,745,2,1,1,9,1,35352,M,4807158.0,-160412.0,35
201500012696,15,4,10,815,1,1,1,7,1,35352,M,0.0,0.0,35
201500012697,15,4,19,1315,1,2,6,1,3,35032,M,4799651.0,-161612.0,35
201500012698,15,6,23,1900,1,1,1,1,3,35206,M,4804500.0,-165592.0,35
201500012699,15,6,27,2330,4,2,1,1,6,35352,M,4806768.0,-162131.0,35
201500012700,15,9,5,930,1,2,6,1,1,35352,M,4804492.0,-160470.0,35
201500012701,15,2,14,330,3,1,1,5,6,67463,M,0.0,0.0,67
201500012702,15,3,24,2045,3,1,1,1,3,67237,M,0.0,0.0,67
201500012703,15,6,4,2130,2,1,9,1,2,67205,M,0.0,0.0,67
201500012704,15,11,8,1200,1,1,1,1,6,67205,M,0.0,0.0,67
201500012705,15,7,20,1800,1,1,2,1,3,62203,M,5084625.0,190318.0,62
201500012706,15,10,23,2045,5,2,1,1,6,62432,M,5076932.0,191057.0,62
201500012707,15,2,1,629,3,2,1,1,2,11069,M,4321525.0,237439.0,11
201500012708,15,2,9,1634,1,1,1,1,5,11069,M,4322265.0,232528.0,11
201500012709,15,2,20,1008,1,2,1,1,5,11069,M,4321134.0,234197.0,11
201500012710,15,2,21,1935,5,2,1,1,6,11069,M,4321100.0,233789.0,11
201500012711,15,3,27,59,3,2,2,1,3,11069,M,4321344.0,235041.0,11
201500012712,15,3,3,2110,3,2,1,1,6,11069,M,4321532.0,235312.0,11
201500012713,15,3,7,654,2,1,1,1,1,11069,M,4323353.0,236235.0,11
201500012714,15,3,20,1409,1,1,1,1,7,11069,M,4321377.0,238572.0,11
201500012715,15,3,7,140,3,2,1,1,6,11069,M,4322119.0,234450.0,11
201500012716,15,3,7,2056,2,2,2,1,3,11069,M,4321189.0,235344.0,11
201500012717,15,3,10,1220,1,1,1,1,3,11069,M,4320411.0,238639.0,11
201500012718,15,4,13,2021,2,1,1,1,7,11069,M,4320602.0,238914.0,11
201500012719,15,4,5,1908,2,2,6,1,1,11069,M,4322522.0,234497.0,11
201500012720,15,4,18,2300,3,1,1,1,7,11069,M,4321053.0,238911.0,11
201500012721,15,4,20,2020,2,2,1,1,7,11069,M,4321029.0,235655.0,11
201500012722,15,4,23,1645,1,1,1,1,2,11069,M,4322772.0,232924.0,11
201500012723,15,4,30,1845,1,2,1,1,1,11069,M,4321619.0,236275.0,11
201500012724,15,4,30,1425,1,2,1,1,2,11069,M,4321474.0,234513.0,11
201500012725,15,5,26,840,1,2,1,1,7,11069,M,4322756.0,234478.0,11
201500012726,15,5,11,1810,1,2,1,1,6,11069,M,4321343.0,234903.0,11
201500012727,15,5,2,737,1,2,1,1,6,11069,M,4321260.0,235129.0,11
201500012728,15,5,28,1445,1,2,1,1,1,11069,M,4321220.0,232922.0,11
201500012729,15,5,27,1500,1,2,1,1,6,11069,M,4321086.0,234116.0,11
201500012730,15,6,24,736,1,1,6,1,3,11069,M,4322231.0,239143.0,11
201500012731,15,6,16,1408,1,2,1,1,7,11069,M,4321526.0,234774.0,11
201500012732,15,6,29,2203,2,2,3,1,3,11069,M,4321129.0,232632.0,11
201500012733,15,6,24,1951,1,1,1,1,3,11069,M,4321346.0,228520.0,11
201500012734,15,6,3,1628,1,2,1,1,6,11069,M,4321026.0,230482.0,11
201500012735,15,6,11,1239,1,1,1,1,4,11069,M,4322926.0,228057.0,11
201500012736,15,6,30,1608,1,2,1,1,3,11069,M,4322368.0,234589.0,11
201500012737,15,6,16,502,1,1,1,1,7,11069,M,4320902.0,231145.0,11
201500012738,15,7,20,1631,1,1,1,1,7,11069,M,4318842.0,228990.0,11
201500012739,15,6,17,2130,2,1,1,1,3,11069,M,4320940.0,238286.0,11
201500012740,15,6,19,1824,1,1,1,1,3,11069,M,4318866.0,230934.0,11
201500012741,15,6,23,1657,1,1,1,1,3,11069,M,4321265.0,226654.0,11
201500012742,15,6,26,1841,1,2,1,1,7,11069,M,4320919.0,236826.0,11
201500012743,15,6,26,1540,1,1,1,1,2,11069,M,4322875.0,233890.0,11
201500012744,15,6,28,1320,1,1,1,1,3,11069,M,4319238.0,233634.0,11
201500012745,15,7,4,448,2,1,1,1,1,11069,M,4322200.0,233794.0,11
201500012746,15,8,16,615,5,1,1,1,6,11069,M,4320678.0,231178.0,11
201500012747,15,7,21,1348,1,2,1,1,6,11069,M,4322188.0,235906.0,11
201500012748,15,7,22,1025,1,2,1,1,1,11069,M,4321176.0,237448.0,11
201500012749,15,7,30,1202,1,1,1,1,3,11069,M,4321064.0,230369.0,11
201500012750,15,7,27,1822,1,2,1,1,6,11069,M,4321186.0,235544.0,11
201500012751,15,8,12,824,1,2,3,1,3,11069,M,4321143.0,232650.0,11
201500012752,15,8,21,1525,1,2,2,1,3,11069,M,4321112.0,234958.0,11
201500012753,15,8,10,531,3,1,1,1,7,11069,M,4322514.0,232944.0,11
201500012754,15,8,4,1820,1,1,1,1,6,11069,M,4318636.0,240958.0,11
201500012755,15,8,3,1618,1,1,1,1,3,11069,M,4320552.0,238872.0,11
201500012756,15,9,16,2300,3,1,1,1,5,11069,M,4321525.0,232276.0,11
201500012757,15,8,26,1555,1,1,1,1,2,11069,M,4320320.0,237375.0,11
201500012758,15,9,5,1252,1,1,2,1,3,11069,M,4319803.0,239586.0,11
201500012759,15,9,8,1935,2,1,1,1,6,11069,M,4323273.0,232112.0,11
201500012760,15,10,5,1613,1,1,1,1,1,11069,M,4320598.0,238917.0,11
201500012761,15,10,9,1325,1,2,1,1,6,11069,M,4321857.0,235400.0,11
201500012762,15,10,11,435,1,1,1,1,7,11069,M,4320040.0,239289.0,11
201500012763,15,9,26,1043,1,1,1,1,6,11069,M,4320886.0,230864.0,11
201500012764,15,9,27,1830,1,2,1,1,7,11069,M,4322673.0,235981.0,11
201500012765,15,10,6,1645,1,2,1,1,3,11069,M,4322577.0,234881.0,11
201500012766,15,11,3,1355,1,2,1,1,6,11069,M,4321267.0,235470.0,11
201500012767,15,10,20,1758,1,2,2,1,3,11069,M,4321629.0,235693.0,11
201500012768,15,10,23,1930,2,1,1,1,1,11069,M,4322336.0,229550.0,11
201500012769,15,10,30,743,1,2,1,1,3,11069,M,4321005.0,233983.0,11
201500012770,15,11,2,1904,2,1,1,6,1,11069,M,4322536.0,237832.0,11
201500012771,15,11,4,1420,1,2,1,1,3,11069,M,4322265.0,235446.0,11
201500012772,15,11,19,404,5,2,1,1,1,11069,M,4321032.0,234820.0,11
201500012773,15,11,24,1716,2,2,1,1,6,11069,M,4321485.0,236750.0,11
201500012774,15,1,2,1930,3,1,1,1,6,11069,M,4319434.0,236196.0,11
201500012775,15,2,4,748,2,2,1,1,1,11069,M,4320428.0,238295.0,11
201500012776,15,1,10,1820,3,1,1,1,6,11069,M,4322801.0,233557.0,11
201500012777,15,11,14,1025,1,2,3,1,5,11069,M,4321075.0,234319.0,11
201500012778,15,1,19,1338,1,2,1,1,3,11069,M,4321525.0,237442.0,11
201500012779,15,12,18,1750,5,2,1,1,1,11069,M,4321632.0,235615.0,11
201500012780,15,12,23,1445,1,2,1,1,5,11069,M,4320890.0,237601.0,11
201500012781,15,1,30,1520,1,1,1,1,2,11069,M,4321356.0,228100.0,11
201500012782,15,10,14,1824,1,1,2,1,3,11069,M,4321249.0,226572.0,11
201500012783,15,12,11,2350,3,1,1,1,5,11069,M,4319420.0,234805.0,11
201500012784,15,12,9,1850,2,2,1,1,1,11069,M,4322453.0,233660.0,11
201500012785,15,4,13,15,3,1,1,1,5,31516,M,0.0,0.0,31
201500012786,15,7,19,1600,1,1,1,1,3,31091,M,0.0,0.0,31
201500012787,15,9,20,1630,1,1,1,1,2,31117,M,4366469.0,155320.0,31
201500012788,15,10,1,700,3,1,1,1,5,31341,M,0.0,0.0,31
201500012789,15,10,2,545,3,1,1,1,2,31516,M,0.0,0.0,31
201500012790,15,4,28,315,3,1,1,1,7,66101,M,4262375.0,278636.0,66
201500012791,15,4,22,815,1,1,1,1,7,77480,M,0.0,0.0,77
201500012792,15,5,12,445,3,1,1,1,2,77295,M,0.0,0.0,77
201500012793,15,6,20,615,2,1,1,1,7,77453,M,0.0,0.0,77
201500012794,15,8,21,1300,1,1,1,1,7,77453,M,0.0,0.0,77
201500012795,15,3,16,1715,1,2,1,1,6,11262,M,4318704.0,298525.0,11
201500012796,15,3,20,400,5,2,4,1,6,11262,M,4314381.0,300352.0,11
201500012797,15,3,24,1135,1,2,6,8,6,11262,M,4319378.0,298296.0,11
201500012798,15,3,24,1150,1,2,3,8,3,11262,M,4318734.0,301723.0,11
201500012799,15,3,25,800,1,2,6,1,6,11262,M,4318300.0,299835.0,11
201500012800,15,3,26,850,1,2,1,1,6,11262,M,4318207.0,301215.0,11
201500012801,15,3,16,220,5,2,1,8,1,11262,M,4318014.0,300925.0,11
201500012802,15,4,3,1435,1,2,1,1,1,11262,M,4318825.0,300419.0,11
201500012803,15,4,11,515,5,1,1,1,6,11262,M,4317710.0,297165.0,11
201500012804,15,4,12,2025,2,2,1,1,6,11262,M,4318561.0,301172.0,11
201500012805,15,4,12,835,1,2,3,1,2,11262,M,4317576.0,299356.0,11
201500012806,15,4,15,1125,1,2,2,1,3,11262,M,4318573.0,301005.0,11
201500012807,15,4,15,1820,1,2,1,1,6,11262,M,4318247.0,300393.0,11
201500012808,15,4,21,1405,1,2,1,1,7,11262,M,4319435.0,299406.0,11
201500012809,15,4,23,1710,1,2,1,1,3,11262,M,4319158.0,301524.0,11
201500012810,15,4,20,1903,1,2,1,1,1,11262,M,4318181.0,298497.0,11
201500012811,15,4,24,15,5,1,6,1,3,11262,M,4314540.0,297575.0,11
201500012812,15,4,27,1400,1,2,1,1,6,11262,M,4318067.0,300760.0,11
201500012813,15,5,15,1039,1,2,3,1,1,11262,M,4319171.0,301492.0,11
201500012814,15,5,21,1450,1,2,1,1,2,11262,M,4317565.0,299345.0,11
201500012815,15,5,14,2000,1,2,1,1,6,11262,M,4318560.0,298623.0,11
201500012816,15,5,20,1045,1,2,1,6,1,11262,M,4318027.0,296748.0,11
201500012817,15,5,24,1120,1,2,3,1,3,11262,M,4318023.0,299939.0,11
201500012818,15,5,29,1505,1,2,1,1,1,11262,M,4318021.0,300078.0,11
201500012819,15,5,26,1615,1,1,6,1,6,11262,M,4318751.0,300756.0,11
201500012820,15,6,11,1355,1,2,1,1,6,11262,M,4318750.0,300756.0,11
201500012821,15,6,17,1150,1,2,3,1,3,11262,M,4319265.0,301231.0,11
201500012822,15,6,21,2320,5,2,1,1,2,11262,M,4318081.0,300506.0,11
201500012823,15,6,24,1215,1,2,1,1,7,11262,M,4319179.0,300373.0,11
201500012824,15,6,29,1848,1,2,1,1,1,11262,M,4317640.0,302473.0,11
201500012825,15,7,6,1420,1,2,1,1,6,11262,M,4318793.0,300541.0,11
201500012826,15,7,9,655,1,2,1,1,6,11262,M,4318668.0,301257.0,11
201500012827,15,7,7,1705,1,2,1,1,1,11262,M,4318265.0,296790.0,11
201500012828,15,7,13,1410,1,2,1,1,2,11262,M,4319384.0,298440.0,11
201500012829,15,7,10,1800,1,2,1,1,2,11262,M,4318108.0,295577.0,11
201500012830,15,7,19,1500,1,1,1,1,1,11262,M,4320097.0,301777.0,11
201500012831,15,7,22,1150,1,1,1,1,2,11262,M,4314995.0,297851.0,11
201500012832,15,7,22,1525,1,2,1,1,2,11262,M,4318541.0,300991.0,11
201500012833,15,8,4,1501,1,2,1,1,6,11262,M,4316412.0,298009.0,11
201500012834,15,8,4,1320,1,2,1,1,3,11262,M,4318994.0,298551.0,11
201500012835,15,8,4,545,2,2,1,1,7,11262,M,4317491.0,299279.0,11
201500012836,15,8,22,2319,5,2,3,1,3,11262,M,4318051.0,299671.0,11
201500012837,15,8,20,1930,1,2,6,1,6,11262,M,4317990.0,301883.0,11
201500012838,15,8,17,100,5,2,3,1,3,11262,M,4318267.0,299180.0,11
201500012839,15,8,4,1320,1,2,1,1,5,11262,M,4319550.0,301143.0,11
201500012840,15,8,20,1230,1,1,1,1,7,11262,M,4318019.0,300190.0,11
201500012841,15,8,17,1155,1,2,2,1,3,11262,M,4318513.0,299524.0,11
201500012842,15,8,11,1535,1,2,1,1,2,11262,M,4318021.0,300181.0,11
201500012843,15,8,10,1030,1,2,2,1,3,11262,M,4317563.0,302861.0,11
201500012844,15,9,3,750,1,2,1,1,7,11262,M,4316301.0,297890.0,11
201500012845,15,9,3,1200,1,2,1,1,6,11262,M,4318310.0,297917.0,11
201500012846,15,8,19,2330,5,2,2,1,1,11262,M,4318423.0,301249.0,11
201500012847,15,9,17,842,1,2,3,1,3,11262,M,4315714.0,298359.0,11
201500012848,15,9,21,1852,1,2,1,1,6,11262,M,4318486.0,297862.0,11
201500012849,15,9,14,2345,3,2,1,1,6,11262,M,4315521.0,299659.0,11
201500012850,15,9,27,1045,1,2,6,1,6,11262,M,4319190.0,302819.0,11
201500012851,15,9,25,830,1,2,1,1,6,11262,M,4318037.0,299792.0,11
201500012852,15,9,28,1150,1,2,6,1,2,11262,M,4320051.0,301906.0,11
201500012853,15,9,29,1213,2,2,3,2,3,11262,M,4319221.0,300811.0,11
201500012854,15,10,1,835,1,2,1,1,1,11262,M,4319737.0,300088.0,11
201500012855,15,10,6,1525,1,2,1,1,2,11262,M,4315643.0,298144.0,11
201500012856,15,10,7,900,1,2,3,1,6,11262,M,4318504.0,299948.0,11
201500012857,15,10,11,1620,1,2,1,1,6,11262,M,4318352.0,299776.0,11
201500012858,15,11,30,1335,1,2,1,1,6,11262,M,4318372.0,299637.0,11
201500012859,15,10,14,1750,1,2,1,1,6,11262,M,4318522.0,300077.0,11
201500012860,15,10,16,1000,1,2,1,1,6,11262,M,4318183.0,300716.0,11
201500012861,15,10,19,1715,1,2,1,1,6,11262,M,4318852.0,300451.0,11
201500012862,15,10,17,2315,5,2,1,1,1,11262,M,4316574.0,298735.0,11
201500012863,15,10,31,905,1,2,2,1,3,11262,M,4317719.0,299798.0,11
201500012864,15,11,2,1915,2,2,6,1,3,11262,M,4318572.0,298291.0,11
201500012865,15,11,2,1805,3,2,1,3,2,11262,M,4316740.0,298437.0,11
201500012866,15,11,3,1620,1,2,6,1,1,11262,M,4320059.0,301244.0,11
201500012867,15,11,6,900,1,2,2,1,3,11262,M,4317764.0,299625.0,11
201500012868,15,11,3,1905,5,2,1,1,7,11262,M,4318368.0,300823.0,11