Num_Acc,an,mois,jour,hrmn,lum,agg,int,atm,col,com,gps,lat,long,dep
201500012869,15,11,18,1310,1,2,3,1,1,11262,M,4319085.0,301717.0,11
201500012870,15,11,30,1800,1,2,6,1,3,11262,M,4317503.0,300363.0,11
201500012871,15,12,4,1000,1,2,9,1,2,11262,M,4318351.0,299779.0,11
201500012872,15,12,5,2010,5,2,3,1,3,11262,M,4313912.0,297121.0,11
201500012873,15,12,11,2100,5,2,1,1,2,11262,M,4317357.0,299201.0,11
201500012874,15,12,3,755,1,2,1,1,6,11262,M,4318855.0,300449.0,11
201500012875,15,11,15,910,1,2,1,1,6,11262,M,4318859.0,298073.0,11
201500012876,15,1,2,1912,2,2,1,1,5,11262,M,4317205.0,299065.0,11
201500012877,15,1,6,1910,3,1,1,1,3,11262,M,4318092.0,296588.0,11
201500012878,15,2,18,1900,2,2,1,1,1,11262,M,4317512.0,300587.0,11
201500012879,15,2,10,1830,2,2,1,8,6,11262,M,4318342.0,300810.0,11
201500012880,15,2,17,1340,1,2,2,1,3,11262,M,4315869.0,298619.0,11
201500012881,15,12,16,1750,5,2,1,1,6,11262,M,4317518.0,299304.0,11
201500012882,15,2,25,1040,1,2,1,1,6,11262,M,4318117.0,301432.0,11
201500012883,15,1,14,954,1,2,1,1,3,11262,M,4316649.0,298198.0,11
201500012884,15,1,29,855,1,2,1,1,2,11262,M,4318760.0,300357.0,11
201500012885,15,2,25,1355,1,2,1,1,6,11262,M,4318561.0,298723.0,11
201500012886,15,2,25,1730,1,2,1,1,3,11262,M,4315871.0,298621.0,11
201500012887,15,3,9,1700,1,2,1,1,6,11262,M,4314517.0,297436.0,11
201500012888,15,3,14,1515,1,2,1,1,6,11262,M,4317812.0,299501.0,11
201500012889,15,4,13,730,1,1,1,1,6,95504,M,4910380.0,226390.0,95
201500012890,15,7,6,1920,1,1,1,1,3,95134,M,4913980.0,225190.0,95
201500012891,15,9,23,1630,1,1,1,8,1,60057,M,4943017.0,213070.0,60
201500012892,15,1,6,1430,1,1,1,1,3,13091,M,0.0,0.0,13
201500012893,15,4,24,1500,1,1,1,1,2,13091,M,0.0,0.0,13
201500012894,15,6,11,1815,1,2,1,1,3,13050,M,0.0,0.0,13
201500012895,15,8,7,1600,1,2,1,1,6,13091,M,0.0,0.0,13
201500012896,15,9,5,1445,1,2,1,1,6,13050,M,0.0,0.0,13
201500012897,15,11,8,1145,1,1,9,1,3,13050,M,0.0,0.0,13
201500012898,15,7,8,1930,1,1,1,1,2,30169,M,4375738.0,434029.0,30
201500012899,15,8,20,1130,1,1,6,1,3,30344,M,4373511.0,423562.0,30
201500012900,15,8,23,1800,1,1,1,3,1,30333,M,4375007.0,426871.0,30
201500012901,15,10,26,1715,2,1,1,1,1,30333,M,4374742.0,426387.0,30
201500012902,15,11,11,1345,1,1,1,1,1,30344,M,4373553.0,423494.0,30
201500012903,15,11,24,945,1,1,1,1,1,30344,M,4373555.0,423487.0,30
201500012904,15,11,28,245,3,1,1,1,7,30020,M,4374287.0,429599.0,30
201500012905,15,1,10,1315,1,1,1,2,6,85092,M,4643650.0,-83389.0,85
201500012906,15,2,2,1145,1,1,1,1,6,31324,M,0.0,0.0,31
201500012907,15,4,24,2215,3,1,1,1,7,31476,M,0.0,0.0,31
201500012908,15,6,25,2100,2,1,1,1,6,31395,M,0.0,0.0,31
201500012909,15,9,17,700,2,1,1,3,2,31433,M,0.0,0.0,31
201500012910,15,10,9,1700,1,1,1,1,3,31395,M,0.0,0.0,31
201500012911,15,1,15,2130,3,1,1,1,7,76543,M,4960314.0,48674.0,76
201500012912,15,1,21,1615,1,1,9,1,6,14536,M,,,14
201500012913,15,1,21,1945,5,1,1,1,5,76684,M,4948304.0,44219.0,76
201500012914,15,1,22,1330,1,1,1,1,6,14333,M,4941420.0,26936.0,14
201500012915,15,1,25,1845,5,2,2,1,3,76384,M,4951980.0,52845.0,76
201500012916,15,2,5,900,1,1,1,2,6,76657,M,4948263.0,33071.0,76
201500012917,15,4,29,2300,3,1,1,1,6,76657,M,4947997.0,33779.0,76
201500012918,15,5,13,2000,2,1,1,1,2,14536,M,4943950.0,27289.0,14
201500012919,15,6,7,900,1,1,1,1,6,14536,M,4942580.0,27478.0,14
201500012920,15,6,14,1130,1,1,1,1,2,76489,M,4947261.0,27097.0,76
201500012921,15,7,31,1300,1,1,1,1,6,76533,M,4949035.0,26724.0,76
201500012922,15,10,25,1545,1,1,1,1,2,76489,M,4947825.0,26673.0,76
201500012923,15,11,1,800,1,1,1,1,2,76305,M,4949735.0,22843.0,76
201500012924,15,11,22,1300,1,1,1,1,6,76657,M,4948707.0,36890.0,76
201500012925,15,7,13,1315,1,1,1,1,6,20281,M,0.0,0.0,202
201500012926,15,1,30,615,3,1,1,3,4,31457,M,0.0,0.0,31
201500012927,15,2,2,1430,1,1,1,1,6,31324,M,0.0,0.0,31
201500012928,15,9,7,930,1,1,1,1,6,31324,M,0.0,0.0,31
201500012929,15,9,12,830,1,1,1,1,6,31430,M,4310466.0,59821.0,31
201500012930,15,7,29,1530,1,2,2,1,3,49112,M,4719523.0,-12567.0,49
201500012931,15,12,11,1000,1,1,1,5,5,49123,M,4722054.0,-15590.0,49
201500012932,15,4,24,2130,3,1,1,1,1,74241,M,0.0,0.0,74
201500012933,15,5,14,450,3,2,1,1,6,74241,M,0.0,0.0,74
201500012934,15,10,5,1700,1,2,3,3,3,74164,M,0.0,0.0,74
201500012935,15,12,20,2115,3,1,1,1,1,74304,M,0.0,0.0,74
201500012936,15,12,22,1445,1,2,3,1,3,74162,M,0.0,0.0,74
201500012937,15,11,4,915,1,2,1,1,3,01275,M,4582275.0,492177.0,01
201500012938,15,2,6,2130,3,1,1,1,2,80507,M,0.0,0.0,80
201500012939,15,6,8,900,1,1,1,1,4,80160,M,0.0,0.0,80
201500012940,15,6,15,1745,1,1,9,1,1,80724,M,0.0,0.0,80
201500012941,15,7,11,1600,1,1,1,1,7,80114,M,0.0,0.0,80
201500012942,15,7,16,1345,1,1,1,7,5,80131,M,0.0,0.0,80
201500012943,15,8,20,1515,1,1,9,1,6,80670,M,0.0,0.0,80
201500012944,15,8,30,2100,2,1,1,1,1,80702,M,0.0,0.0,80
201500012945,15,9,29,600,3,1,1,1,6,80717,M,0.0,0.0,80
201500012946,15,11,2,445,3,1,1,5,5,80670,M,0.0,0.0,80
201500012947,15,11,5,1845,3,1,1,1,2,80160,M,0.0,0.0,80
201500012948,15,2,1,1715,1,1,1,2,3,80001,M,0.0,0.0,80
201500012949,15,5,24,945,1,1,1,1,6,73252,M,4572900.0,647100.0,73
201500012950,15,4,28,815,1,1,9,9,3,39310,M,0.0,0.0,39
201500012951,15,6,1,2030,2,1,1,1,7,71198,M,0.0,0.0,71
201500012952,15,6,17,1630,1,1,1,8,1,39492,M,0.0,0.0,39
201500012953,15,7,10,200,3,1,9,1,1,71157,M,0.0,0.0,71
201500012954,15,5,15,1840,1,2,1,1,1,12089,M,4455810.0,225426.0,12
201500012955,15,4,29,20,5,2,1,1,6,12013,M,4452690.0,226137.0,12
201500012956,15,6,30,1505,1,2,3,1,3,12089,M,4455490.0,225772.0,12
201500012957,15,8,23,330,5,2,1,1,6,12089,M,4457330.0,225769.0,12
201500012958,15,10,17,2340,5,2,1,1,6,12089,M,,,12
201500012959,15,11,6,1655,1,2,3,1,3,12083,M,4452590.0,228155.0,12
201500012960,15,12,13,1925,5,2,1,1,3,12089,M,,,12
201500012961,15,5,27,740,1,2,1,1,2,12145,M,4410280.0,309113.0,12
201500012962,15,8,28,1850,1,1,1,1,6,12145,M,4411380.0,307923.0,12
201500012963,15,1,10,935,1,2,1,1,1,12145,M,4409640.0,307246.0,12
201500012964,15,6,23,1721,1,1,1,1,3,12145,M,,,12
201500012965,15,2,16,2058,5,2,3,1,3,12145,M,4409980.0,307373.0,12
201500012966,15,6,24,1300,1,2,1,1,3,12145,M,4409490.0,307707.0,12
201500012967,15,2,23,1455,1,2,6,1,3,12145,M,4410180.0,308575.0,12
201500012968,15,9,23,1810,1,2,1,7,6,12145,M,,,12
201500012969,15,3,4,1755,1,2,6,1,2,12145,M,4409270.0,306398.0,12
201500012970,15,9,25,2110,3,1,1,1,1,12145,M,,,12
201500012971,15,3,20,1620,1,2,7,2,3,12145,M,4410150.0,307946.0,12
201500012972,15,10,18,720,3,1,1,2,7,12145,M,4410130.0,311744.0,12
201500012973,15,10,24,2100,4,2,1,1,3,12145,M,,,12
201500012974,15,11,10,1100,1,2,1,1,6,12145,M,,,12
201500012975,15,11,30,1555,1,2,4,1,1,12145,M,4408880.0,306029.0,12
201500012976,15,12,3,1400,1,2,1,1,3,12145,M,,,12
201500012977,15,12,28,1940,3,1,1,1,3,12145,M,,,12
201500012978,15,2,26,1545,1,2,1,2,6,12202,M,4436360.0,257435.0,12
201500012979,15,3,20,2330,5,2,1,1,6,12202,M,4437310.0,254618.0,12
201500012980,15,3,2,1800,1,2,1,1,3,12176,M,4436370.0,260747.0,12
201500012981,15,3,26,1600,1,2,1,1,6,12176,M,4436770.0,259050.0,12
201500012982,15,4,16,1230,1,2,1,1,6,12202,M,4436160.0,256844.0,12
201500012983,15,3,5,1645,1,1,2,1,3,12176,M,4440580.0,255757.0,12
201500012984,15,5,14,115,4,2,1,1,6,12176,M,4437330.0,258814.0,12
201500012985,15,5,14,1700,1,2,2,1,3,12176,M,4436960.0,256970.0,12
201500012986,15,5,20,900,1,1,1,8,6,12202,M,4435170.0,255620.0,12
201500012987,15,5,25,1455,1,2,1,1,2,12202,M,4436090.0,256040.0,12
201500012988,15,5,30,1345,1,2,1,1,7,12176,M,4439370.0,260135.0,12
201500012989,15,6,4,1400,1,1,1,1,6,12176,M,4436100.0,260450.0,12
201500012990,15,6,12,925,1,2,1,1,6,12202,M,4435000.0,257320.0,12
201500012991,15,7,15,1440,1,2,1,1,3,12202,M,4436100.0,258910.0,12
201500012992,15,7,29,1700,1,1,1,2,7,12176,M,4437050.0,264846.0,12
201500012993,15,8,3,1630,1,2,6,1,3,12176,M,4437400.0,259195.0,12
201500012994,15,8,5,1840,1,2,6,1,6,12202,M,4436540.0,256370.0,12
201500012995,15,8,11,1745,1,1,3,1,5,12202,M,4435270.0,255360.0,12
201500012996,15,10,23,1500,1,2,1,1,4,12176,M,4437580.0,259249.0,12
201500012997,15,11,4,1330,1,2,1,1,7,12146,M,,,12
201500012998,15,11,14,1730,2,2,1,1,4,12176,M,,,12
201500012999,15,11,23,755,1,2,1,1,7,12202,M,,,12
201500013000,15,11,30,1705,1,2,1,1,6,12202,M,,,12
201500013001,15,12,9,1805,1,2,1,1,2,12202,M,,,12
201500013002,15,12,16,1515,1,2,6,1,6,12176,M,,,12
201500013003,15,12,18,900,1,1,1,1,5,12202,M,,,12
201500013004,15,12,26,1140,1,2,1,1,7,12202,M,,,12
201500013005,15,3,30,2230,3,1,1,2,2,46145,M,0.0,0.0,46
201500013006,15,1,1,1515,1,1,1,1,6,45040,M,4761418.0,281671.0,45
201500013007,15,1,11,915,1,1,1,1,6,45345,M,4796703.0,267262.0,45
201500013008,15,2,8,2130,3,1,1,1,6,45345,M,4797967.0,267216.0,45
201500013009,15,2,21,1615,1,1,1,4,4,45073,M,4803320.0,296858.0,45
201500013010,15,6,1,1345,1,1,1,1,6,45155,M,4769465.0,273984.0,45
201500013011,15,6,16,1400,1,1,1,1,6,45247,M,4770807.0,274054.0,45
201500013012,15,7,8,745,1,1,1,1,6,45053,M,4763502.0,277779.0,45
201500013013,15,8,16,715,1,1,1,1,6,45189,M,4804423.0,289964.0,45
201500013014,15,9,17,1515,1,1,1,3,6,45222,M,4812645.0,271238.0,45
201500013015,15,10,28,1630,1,1,1,1,2,45036,M,4777071.0,271284.0,45
201500013016,15,2,14,945,1,1,1,4,7,19002,M,4557850.0,238969.0,19
201500013017,15,4,5,1715,1,1,1,1,2,19002,M,4562660.0,240894.0,19
201500013018,15,4,17,1930,2,1,1,8,7,19263,M,4543420.0,204496.0,19
201500013019,15,8,26,1730,1,1,1,1,6,19002,M,4561470.0,241432.0,19
201500013020,15,10,24,1645,1,1,1,8,1,19247,M,4546870.0,236264.0,19
201500013021,15,12,18,1530,1,1,1,1,6,63048,M,0.0,0.0,63
201500013022,15,2,23,900,1,1,1,3,6,10216,M,4869673.0,419421.0,10
201500013023,15,2,22,1215,1,1,1,1,6,10092,M,4817386.0,430744.0,10
201500013024,15,3,2,1430,1,1,1,4,5,10130,M,4860023.0,417973.0,10
201500013025,15,3,28,1730,1,1,1,2,6,10438,M,0.0,0.0,10
201500013026,15,5,27,1915,1,1,1,1,6,10142,M,4827500.0,379000.0,10
201500013027,15,7,7,1615,1,1,1,1,6,10438,M,4814465.0,461286.0,10
201500013028,15,7,11,1945,1,1,1,1,6,10300,M,4844726.0,436497.0,10
201500013029,15,7,13,1645,1,1,1,1,6,10379,M,4849826.0,416493.0,10
201500013030,15,8,14,330,3,1,1,1,6,10156,M,4827451.0,384801.0,10
201500013031,15,10,13,1000,1,1,1,1,6,10438,M,4813990.0,462160.0,10
201500013032,15,3,24,1330,1,1,2,1,3,13001,M,4358758.0,543620.0,13
201500013033,15,3,28,1705,1,2,1,1,2,13001,M,4352320.0,544242.0,13
201500013034,15,3,29,330,5,2,1,1,6,13001,M,,,13
201500013035,15,3,30,1815,1,1,1,1,2,13001,M,,,13
201500013036,15,4,3,2045,2,2,1,1,7,13001,M,4350782.0,541734.0,13
201500013037,15,4,7,2130,5,2,1,1,3,13001,M,4350331.0,538698.0,13
201500013038,15,4,11,1035,1,2,1,1,6,13001,M,4352537.0,544053.0,13
201500013039,15,4,15,1545,1,2,1,1,3,13001,M,4351921.0,544217.0,13
201500013040,15,4,23,2020,5,2,3,1,3,13001,M,4352306.0,545595.0,13
201500013041,15,4,26,500,4,1,1,1,6,13001,M,,,13
201500013042,15,4,28,1655,1,1,1,1,4,13001,M,,,13
201500013043,15,5,6,1915,1,1,1,1,3,13001,M,4357159.0,546893.0,13
201500013044,15,5,5,1150,1,1,2,1,3,13001,M,4357947.0,544905.0,13
201500013045,15,5,9,1830,1,2,2,1,6,13001,M,4351926.0,544274.0,13
201500013046,15,5,7,1145,1,1,1,1,1,13001,M,,,13
201500013047,15,5,11,745,1,1,1,1,6,13001,M,4350816.0,542140.0,13
201500013048,15,5,18,1745,1,2,1,1,6,13001,M,,,13
201500013049,15,5,19,830,1,2,1,1,6,13001,M,4350820.0,540840.0,13
201500013050,15,5,23,10,3,1,1,1,6,13001,M,,,13
201500013051,15,5,22,1100,1,2,2,1,3,13001,M,4355899.0,544277.0,13
201500013052,15,5,28,430,5,2,1,1,7,13001,M,4351381.0,545912.0,13
201500013053,15,5,3,515,3,1,1,1,3,13001,M,4349093.0,538747.0,13
201500013054,15,5,31,2015,2,2,1,1,2,13001,M,,,13
201500013055,15,6,6,1840,1,1,1,1,7,13001,M,,,13
201500013056,15,6,21,30,5,1,1,1,2,13001,M,,,13
201500013057,15,6,24,1200,1,1,1,1,2,13001,M,,,13
201500013058,15,6,30,700,1,1,3,1,3,13001,M,4356617.0,540623.0,13
201500013059,15,6,21,1540,1,2,5,1,3,13001,M,4351774.0,546503.0,13
201500013060,15,7,4,1830,1,1,1,1,5,13001,M,,,13
201500013061,15,7,4,220,4,2,1,1,6,13001,M,,,13
201500013062,15,7,6,615,1,1,1,1,1,13001,M,,,13
201500013063,15,7,7,2140,2,2,2,1,3,13001,M,4353706.0,543465.0,13
201500013064,15,7,7,845,1,1,1,1,3,13001,M,,,13
201500013065,15,7,8,1140,1,1,4,1,3,13001,M,4348948.0,540784.0,13
201500013066,15,7,11,1940,1,2,1,1,1,13001,M,4352503.0,546063.0,13
201500013067,15,7,14,2130,2,2,1,1,6,13001,M,,,13
201500013068,15,7,19,2040,1,2,1,1,1,13001,M,,,13
201500013069,15,7,24,920,1,1,2,1,3,13001,M,4359882.0,546409.0,13
201500013070,15,7,18,1915,1,2,2,1,3,13001,M,4351746.0,543518.0,13
201500013071,15,7,30,2135,5,2,3,1,3,13001,M,4352715.0,544360.0,13
201500013072,15,7,31,1730,1,1,1,1,3,13001,M,,,13
201500013073,15,8,1,1430,1,1,1,1,3,13001,M,,,13
201500013074,15,8,3,2325,5,1,1,1,1,13001,M,,,13
201500013075,15,8,11,715,2,2,1,1,6,13001,M,,,13
201500013076,15,8,16,1725,1,1,1,1,3,13001,M,,,13
201500013077,15,8,24,2010,2,2,1,8,6,13001,M,4352689.0,544409.0,13
201500013078,15,8,26,720,1,1,1,1,1,13001,M,4347487.0,543342.0,13
201500013079,15,9,1,1530,1,1,1,1,3,13001,M,,,13
201500013080,15,5,29,1435,1,1,1,1,6,13001,M,,,13
201500013081,15,9,3,2350,5,2,6,1,6,13001,M,4352863.0,541599.0,13
201500013082,15,6,28,1054,1,1,1,1,3,13001,M,,,13
201500013083,15,9,7,1930,1,1,1,1,1,13001,M,4349958.0,543423.0,13
201500013084,15,9,10,1450,1,2,1,1,2,13001,M,4352875.0,543293.0,13
201500013085,15,9,10,1530,1,1,1,1,5,13001,M,,,13
201500013086,15,9,9,1525,1,2,9,1,3,13001,M,,,13
201500013087,15,9,15,1600,1,2,1,1,3,13001,M,4352630.0,545604.0,13
201500013088,15,9,12,1825,1,2,1,1,6,13001,M,,,13
201500013089,15,9,12,1310,1,1,1,1,1,13001,M,,,13
201500013090,15,9,19,210,3,2,1,1,7,13001,M,4354560.0,539816.0,13
201500013091,15,9,19,1820,1,2,1,1,6,13001,M,4352473.0,543060.0,13
201500013092,15,9,24,545,5,2,2,1,1,13001,M,4351933.0,544273.0,13
201500013093,15,9,24,928,1,2,1,1,3,13001,M,,,13
201500013094,15,9,25,130,5,2,8,1,6,13001,M,4352828.0,544370.0,13
201500013095,15,9,25,1400,1,2,1,1,6,13001,M,,,13
201500013096,15,9,30,715,2,2,7,1,3,13001,M,4353039.0,541018.0,13
201500013097,15,10,2,545,5,2,6,1,6,13001,M,4353016.0,541685.0,13
201500013098,15,10,8,1605,1,2,1,1,6,13001,M,,,13
201500013099,15,10,10,1105,1,2,1,1,6,13001,M,4352377.0,545546.0,13
201500013100,15,10,10,1715,1,1,1,1,5,13001,M,,,13
201500013101,15,10,14,1900,2,2,9,1,1,13001,M,4353654.0,540935.0,13
201500013102,15,10,15,1850,5,2,1,1,6,13001,M,4350841.0,540385.0,13
201500013103,15,10,18,2115,5,2,1,2,3,13001,M,,,13
201500013104,15,10,21,1550,1,2,1,1,6,13001,M,4351981.0,544277.0,13
201500013105,15,10,20,1230,1,1,3,1,3,13001,M,4356415.0,546382.0,13
201500013106,15,10,29,1300,1,2,1,1,2,13001,M,4350907.0,544027.0,13
201500013107,15,11,4,2135,5,2,1,5,6,13001,M,,,13
201500013108,15,11,5,945,1,2,1,1,6,13001,M,4352733.0,545544.0,13
201500013109,15,11,5,1805,5,2,1,1,2,13001,M,4351576.0,546633.0,13
201500013110,15,11,6,505,5,2,2,1,5,13001,M,4351859.0,543319.0,13
201500013111,15,11,7,2010,5,1,1,1,1,13001,M,0.0,0.0,13
201500013112,15,10,5,235,5,1,1,1,6,13001,M,4354993.0,543021.0,13
201500013113,15,11,23,1440,1,2,1,1,6,13001,M,4350625.0,540159.0,13
201500013114,15,11,26,1930,5,2,6,1,2,13001,M,4351421.0,543895.0,13
201500013115,15,11,29,750,1,2,1,1,6,13001,M,4351281.0,547195.0,13
201500013116,15,12,9,1643,1,1,1,1,1,13001,M,,,13
201500013117,15,12,17,1140,1,2,1,1,6,13001,M,4348167.0,538632.0,13
201500013118,15,12,29,1630,1,2,2,1,3,13001,M,4353205.0,542083.0,13
201500013119,15,1,13,1520,1,2,2,1,3,13001,M,4352731.0,544317.0,13
201500013120,15,1,16,300,5,2,1,1,6,13001,M,4351869.0,545842.0,13
201500013121,15,1,10,1635,1,2,1,1,6,13001,M,,,13
201500013122,15,1,20,925,1,2,2,1,3,13001,M,4351902.0,543283.0,13
201500013123,15,1,23,1400,1,1,1,1,1,13001,M,4351042.0,535013.0,13
201500013124,15,1,24,2130,3,2,1,1,1,13001,M,4351050.0,541499.0,13
201500013125,15,1,16,1915,5,1,1,3,6,13001,M,,,13
201500013126,15,1,28,935,1,1,1,1,3,13001,M,,,13
201500013127,15,1,28,1130,1,1,1,1,1,13001,M,4351653.0,531564.0,13
201500013128,15,2,11,725,2,1,1,1,3,13001,M,4358086.0,545757.0,13
201500013129,15,2,9,1125,1,2,1,7,6,13001,M,,,13
201500013130,15,2,15,600,4,1,1,2,7,13001,M,,,13
201500013131,15,2,12,1945,3,1,1,1,5,13001,M,,,13
201500013132,15,2,19,2010,5,1,1,1,4,13001,M,,,13
201500013133,15,2,20,130,5,2,1,1,6,13001,M,4352036.0,544270.0,13
201500013134,15,2,27,725,1,1,3,3,3,13001,M,4347279.0,539939.0,13
201500013135,15,3,2,1730,1,1,1,1,2,13001,M,,,13
201500013136,15,2,26,2140,4,2,3,1,3,13001,M,4353194.0,544478.0,13
201500013137,15,3,6,1725,1,2,6,7,6,13001,M,4353041.0,541017.0,13
201500013138,15,3,6,1530,1,1,1,1,2,13001,M,,,13
201500013139,15,3,13,2100,5,2,3,1,3,13001,M,4352817.0,543135.0,13
201500013140,15,3,3,945,1,2,1,1,6,13001,M,,,13
201500013141,15,1,13,1507,1,2,1,1,2,13004,M,4369069.0,463761.0,13
201500013142,15,3,20,2110,5,2,1,1,3,13004,M,4367819.0,463922.0,13
201500013143,15,1,22,1930,3,1,1,1,3,13004,M,4366266.0,468173.0,13
201500013144,15,12,31,2008,5,2,1,2,6,13004,M,,,13
201500013145,15,3,21,2000,5,2,1,2,2,13004,M,4369367.0,463960.0,13
201500013146,15,3,25,810,1,1,1,2,6,13004,M,,,13
201500013147,15,2,14,1620,1,2,2,8,3,13004,M,4366838.0,463032.0,13
201500013148,15,4,4,1550,1,2,1,1,2,13004,M,,,13
201500013149,15,4,6,2105,5,2,6,1,3,13004,M,4366748.0,463532.0,13
201500013150,15,5,1,2230,5,2,3,1,3,13004,M,4367077.0,463547.0,13
201500013151,15,3,1,1735,1,2,6,1,2,13004,M,4366955.0,461996.0,13
201500013152,15,5,7,5,3,1,1,1,6,13004,M,,,13
201500013153,15,3,12,910,1,2,1,1,7,13004,M,4367521.0,462904.0,13
201500013154,15,5,19,2240,3,1,1,1,2,13004,M,,,13
201500013155,15,5,29,2105,2,2,1,1,3,13004,M,,,13
201500013156,15,6,15,1355,1,2,1,1,2,13004,M,4367388.0,460771.0,13
201500013157,15,6,15,1820,1,1,1,1,7,13004,M,,,13
201500013158,15,6,20,1903,1,2,3,1,6,13004,M,4369822.0,463388.0,13
201500013159,15,6,10,1140,1,2,4,1,7,13004,M,4367944.0,463480.0,13
201500013160,15,6,28,2050,1,2,2,1,3,13004,M,4367153.0,464206.0,13
201500013161,15,7,4,423,5,2,1,1,6,13004,M,,,13
201500013162,15,7,10,820,1,1,1,1,2,13004,M,,,13
201500013163,15,7,8,555,1,1,9,1,6,13004,M,4364858.0,469013.0,13
201500013164,15,8,10,1110,1,2,1,1,6,13004,M,,,13
201500013165,15,8,24,1340,1,2,3,1,7,13004,M,4367053.0,462200.0,13
201500013166,15,8,31,910,1,2,1,1,3,13004,M,4367925.0,463576.0,13
201500013167,15,9,8,1940,1,1,1,1,6,13004,M,,,13
201500013168,15,9,23,1550,1,2,6,1,2,13004,M,4367846.0,460701.0,13
201500013169,15,9,26,1730,1,2,9,1,6,13004,M,,,13
201500013170,15,10,12,930,1,2,2,8,3,13004,M,4366140.0,464107.0,13
201500013171,15,10,16,2115,5,2,1,1,6,13004,M,4367309.0,464035.0,13
201500013172,15,10,9,1700,1,1,1,1,6,13004,M,0.0,0.0,13
201500013173,15,10,19,1930,3,1,1,1,6,13004,M,,,13
201500013174,15,10,25,20,3,1,1,1,3,13004,M,,,13
201500013175,15,11,7,350,5,2,6,5,6,13004,M,,,13
201500013176,15,11,15,1440,1,2,1,1,6,13004,M,4367202.0,464497.0,13
201500013177,15,12,10,48,5,2,9,1,6,13004,M,,,13
201500013178,15,3,16,1330,1,2,1,8,2,13070,M,4328273.0,553037.0,13
201500013179,15,3,18,1840,2,2,1,1,7,13005,M,4328865.0,557356.0,13
201500013180,15,3,19,1845,2,2,3,1,4,13005,M,4329118.0,556967.0,13
201500013181,15,3,21,1805,1,2,1,2,3,13005,M,0.0,0.0,13
201500013182,15,3,22,1740,1,2,1,1,6,13070,M,4327905.0,552936.0,13
201500013183,15,3,24,1600,1,2,1,2,6,13005,M,4329419.0,559364.0,13
201500013184,15,3,29,1720,1,1,1,1,6,13005,M,4332313.0,558944.0,13
201500013185,15,3,28,1015,1,2,1,1,3,13070,M,4328120.0,551947.0,13
201500013186,15,4,2,830,1,2,1,1,3,13005,M,4328848.0,557095.0,13
201500013187,15,4,2,845,1,2,1,1,4,13005,M,0.0,0.0,13
201500013188,15,4,5,1040,1,2,9,1,3,13070,M,4335714.0,536707.0,13
201500013189,15,4,9,1630,1,2,3,1,3,13005,M,4329445.0,556706.0,13
201500013190,15,4,9,1740,1,2,1,1,2,13070,M,4327605.0,552512.0,13
201500013191,15,4,11,1145,1,2,1,1,3,13005,M,4329530.0,558431.0,13
201500013192,15,4,17,1605,1,2,1,1,2,13005,M,4328608.0,557561.0,13
201500013193,15,4,18,900,1,2,9,7,6,13005,M,4329498.0,556809.0,13
201500013194,15,4,20,845,1,2,1,1,2,13005,M,4329762.0,556588.0,13
201500013195,15,4,26,1640,1,1,2,1,6,13005,M,4328632.0,558726.0,13
201500013196,15,4,26,1845,1,1,1,2,7,13005,M,4332496.0,559250.0,13
201500013197,15,4,30,930,1,2,3,1,3,13070,M,4328575.0,551416.0,13
201500013198,15,4,30,1100,1,1,1,1,3,13005,M,4328817.0,554039.0,13
201500013199,15,3,20,1910,3,1,1,1,1,13005,M,4330930.0,558726.0,13
201500013200,15,4,30,1630,1,2,1,1,7,13005,M,4328630.0,554850.0,13
201500013201,15,5,5,1150,1,1,3,1,3,13005,M,4328871.0,559613.0,13
201500013202,15,5,5,1455,1,2,1,1,2,13005,M,4328439.0,559404.0,13
201500013203,15,5,6,1252,1,2,1,1,3,13005,M,4328301.0,558373.0,13
201500013204,15,5,11,1130,1,2,1,1,3,13005,M,4327895.0,555136.0,13
201500013205,15,5,12,1410,1,2,3,1,1,13005,M,4329913.0,556923.0,13
201500013206,15,5,12,1705,1,2,1,1,6,13005,M,4329163.0,557112.0,13
201500013207,15,5,13,815,1,1,1,1,7,13005,M,4329115.0,556968.0,13
201500013208,15,5,13,1745,1,2,6,1,6,13005,M,4329447.0,555815.0,13
201500013209,15,5,13,2020,1,2,1,1,2,13005,M,4328806.0,552269.0,13
201500013210,15,5,15,1050,1,1,3,1,2,13005,M,4328769.0,558714.0,13
201500013211,15,5,17,1700,1,1,1,1,5,13005,M,4332325.0,558961.0,13
201500013212,15,5,18,650,1,2,1,1,1,13005,M,4329033.0,559588.0,13
201500013213,15,5,18,1743,1,1,3,1,3,13005,M,4332477.0,559224.0,13
201500013214,15,5,19,1650,1,2,1,1,3,13070,M,4328450.0,551644.0,13
201500013215,15,5,21,1050,1,2,1,1,1,13005,M,4329628.0,537408.0,13
201500013216,15,5,22,1000,1,1,1,1,3,13005,M,4329275.0,556775.0,13
201500013217,15,5,23,1410,1,2,1,1,6,13005,M,4329574.0,556575.0,13
201500013218,15,5,24,1720,1,1,3,1,3,13005,M,4331253.0,560284.0,13
201500013219,15,5,28,1725,1,2,1,1,6,13005,M,4329487.0,559085.0,13