Num_Acc,an,mois,jour,hrmn,lum,agg,int,atm,col,com,gps,lat,long,dep
201500013220,15,5,26,1430,1,1,3,1,3,13005,M,4332581.0,559397.0,13
201500013221,15,5,29,1500,1,2,1,1,6,13005,M,4329487.0,559085.0,13
201500013222,15,5,31,1530,1,2,1,1,6,13070,M,4328082.0,550969.0,13
201500013223,15,6,1,1015,1,2,3,1,3,13070,M,4328376.0,551503.0,13
201500013224,15,6,1,1320,1,2,3,1,2,13005,M,4328780.0,557891.0,13
201500013225,15,6,1,2140,2,2,3,1,3,13005,M,4328789.0,557803.0,13
201500013226,15,6,2,932,1,2,6,1,3,13005,M,4329638.0,556871.0,13
201500013227,15,6,3,715,1,2,1,1,3,13005,M,4329830.0,559058.0,13
201500013228,15,6,3,1150,1,2,1,1,6,13070,M,4328121.0,551960.0,13
201500013229,15,6,5,1845,1,2,1,1,1,13005,M,4328430.0,554602.0,13
201500013230,15,6,8,845,1,2,1,1,2,13070,M,4328366.0,551354.0,13
201500013231,15,6,4,1900,1,2,3,1,3,13005,M,4328808.0,552334.0,13
201500013232,15,6,15,1346,1,2,1,1,6,13005,M,4329462.0,559081.0,13
201500013233,15,6,16,810,1,2,1,1,2,13005,M,4329425.0,555869.0,13
201500013234,15,6,8,730,1,1,2,1,3,13005,M,4330868.0,560809.0,13
201500013235,15,6,17,1105,1,1,1,1,2,13005,M,0.0,0.0,13
201500013236,15,6,17,1600,1,2,1,1,6,13070,M,,,13
201500013237,15,6,20,1750,1,2,1,1,6,13005,M,4327783.0,553263.0,13
201500013238,15,6,21,1830,1,2,1,1,2,13005,M,4329279.0,556874.0,13
201500013239,15,6,23,1850,1,1,1,1,3,13005,M,4326715.0,558784.0,13
201500013240,15,6,26,1745,1,1,1,1,2,13005,M,4332358.0,559018.0,13
201500013241,15,6,26,1655,1,1,1,1,3,13005,M,4328928.0,559362.0,13
201500013242,15,6,28,2140,5,2,3,1,3,13005,M,4329861.0,556914.0,13
201500013243,15,6,30,820,1,2,1,1,6,13005,M,4328718.0,558378.0,13
201500013244,15,6,30,1825,1,2,1,1,2,13005,M,4329620.0,556137.0,13
201500013245,15,6,30,1930,1,2,9,1,6,13005,M,4328765.0,558718.0,13
201500013246,15,7,2,850,1,2,6,1,2,13005,M,4329815.0,559695.0,13
201500013247,15,7,3,1405,1,2,1,1,2,13005,M,4329254.0,556544.0,13
201500013248,15,7,3,1630,1,2,1,1,2,13070,M,4327688.0,552254.0,13
201500013249,15,7,11,820,1,2,1,1,1,13070,M,4328142.0,551617.0,13
201500013250,15,7,10,1620,1,2,1,1,6,13005,M,4331089.0,557704.0,13
201500013251,15,7,14,1555,1,1,1,1,3,13005,M,4329294.0,558962.0,13
201500013252,15,7,17,1720,1,2,1,1,3,13005,M,4328525.0,554875.0,13
201500013253,15,7,20,1730,1,1,1,1,4,13070,M,4328708.0,551282.0,13
201500013254,15,7,23,1030,1,1,1,1,6,13005,M,,,13
201500013255,15,7,23,1750,1,1,6,1,3,13005,M,4329783.0,558874.0,13
201500013256,15,7,29,820,1,2,1,7,2,13005,M,4328772.0,558132.0,13
201500013257,15,8,1,1850,1,2,1,1,6,13070,M,0.0,0.0,13
201500013258,15,8,2,450,5,2,1,1,7,13005,M,4328311.0,559697.0,13
201500013259,15,8,6,935,1,2,1,1,6,13005,M,4329760.0,556898.0,13
201500013260,15,8,7,2200,5,2,1,1,3,13005,M,4328593.0,557617.0,13
201500013261,15,8,10,1645,1,2,1,1,2,13005,M,4328603.0,559446.0,13
201500013262,15,8,10,1630,1,2,1,1,6,13005,M,4329484.0,559499.0,13
201500013263,15,8,11,1430,1,2,3,1,1,13005,M,4328626.0,558736.0,13
201500013264,15,8,12,1150,1,2,1,1,2,13005,M,4331107.0,557710.0,13
201500013265,15,1,2,2205,5,2,1,1,6,13005,M,4328292.0,555496.0,13
201500013266,15,8,12,1235,1,1,6,1,7,13005,M,4328359.0,559397.0,13
201500013267,15,8,17,1050,1,2,3,1,3,13005,M,4328902.0,557291.0,13
201500013268,15,8,25,1015,1,2,6,1,4,13005,M,4330390.0,557232.0,13
201500013269,15,8,14,1100,1,2,2,1,3,13070,M,4328193.0,551504.0,13
201500013270,15,8,24,1815,1,1,1,1,2,13005,M,4330308.0,557165.0,13
201500013271,15,8,27,820,1,2,1,1,2,13070,M,4328120.0,551911.0,13
201500013272,15,8,30,1130,1,2,3,1,3,13005,M,4329773.0,556899.0,13
201500013273,15,8,30,1420,1,1,1,1,3,13005,M,4329167.0,559027.0,13
201500013274,15,8,31,1030,1,2,2,1,3,13005,M,4328778.0,558117.0,13
201500013275,15,9,8,2045,5,2,3,1,3,13070,M,4328264.0,552998.0,13
201500013276,15,9,9,1325,1,2,1,1,5,13005,M,4328710.0,554840.0,13
201500013277,15,9,10,1540,1,2,6,1,6,13005,M,4329261.0,556769.0,13
201500013278,15,9,11,1003,1,2,9,1,6,13005,M,4329566.0,556807.0,13
201500013279,15,9,11,1400,1,2,6,1,3,13005,M,4328639.0,559452.0,13
201500013280,15,9,12,915,1,1,2,1,3,13005,M,4330876.0,560799.0,13
201500013281,15,9,12,1530,1,2,6,1,3,13005,M,4329629.0,559021.0,13
201500013282,15,9,16,1710,1,2,9,1,6,13005,M,4328402.0,554316.0,13
201500013283,15,9,21,1030,1,2,1,1,6,13005,M,4329281.0,556264.0,13
201500013284,15,9,21,1250,1,2,1,1,4,13005,M,4331970.0,558501.0,13
201500013285,15,9,22,1815,1,2,1,1,3,13005,M,0.0,0.0,13
201500013286,15,1,3,1330,1,2,2,1,3,13005,M,,,13
201500013287,15,9,14,1100,1,2,1,1,3,13005,M,0.0,0.0,13
201500013288,15,9,23,1730,1,2,1,1,6,13005,M,4329025.0,557128.0,13
201500013289,15,9,24,1230,1,2,2,1,1,13005,M,4328735.0,557929.0,13
201500013290,15,9,25,1605,1,1,2,1,3,13005,M,4330867.0,560809.0,13
201500013291,15,9,25,1130,1,1,2,1,1,13005,M,4330868.0,560809.0,13
201500013292,15,9,26,1700,1,2,3,1,3,13005,M,4328772.0,553763.0,13
201500013293,15,10,3,930,1,2,1,2,6,13005,M,4328816.0,554301.0,13
201500013294,15,10,4,400,5,2,3,8,6,13005,M,4327919.0,553045.0,13
201500013295,15,1,3,1805,4,2,3,1,3,13005,M,4328455.0,552352.0,13
201500013296,15,10,5,2050,5,1,3,1,2,13005,M,4331514.0,560076.0,13
201500013297,15,10,5,2000,5,2,1,1,2,13070,M,4328165.0,551526.0,13
201500013298,15,10,8,715,2,2,1,1,4,13005,M,0.0,0.0,13
201500013299,15,10,8,1015,1,2,1,1,3,13005,M,4329043.0,559951.0,13
201500013300,15,10,10,1310,1,2,1,1,2,13005,M,4328735.0,554510.0,13
201500013301,15,10,10,1950,3,1,2,1,1,13005,M,4329599.0,554761.0,13
201500013302,15,10,13,1355,1,2,3,1,1,13005,M,4329108.0,556485.0,13
201500013303,15,10,14,1220,1,2,9,1,6,13005,M,4329692.0,559238.0,13
201500013304,15,10,16,1520,1,2,1,1,6,13005,M,4329194.0,559408.0,13
201500013305,15,10,23,1210,1,2,1,1,2,13005,M,4329395.0,556368.0,13
201500013306,15,10,25,930,1,2,3,1,5,13005,M,4328784.0,558157.0,13
201500013307,15,10,26,1805,2,1,1,1,6,13005,M,4328636.0,559517.0,13
201500013308,15,10,27,900,1,2,1,1,2,13005,M,4330697.0,558728.0,13
201500013309,15,10,30,1935,5,2,1,1,1,13005,M,4328428.0,554596.0,13
201500013310,15,11,2,930,1,1,3,1,3,13005,M,4331992.0,558533.0,13
201500013311,15,11,5,800,1,2,6,1,3,13005,M,4329643.0,558345.0,13
201500013312,15,1,4,505,5,1,3,1,3,13005,M,4330157.0,559153.0,13
201500013313,15,11,5,810,1,1,1,1,3,13005,M,4330623.0,557374.0,13
201500013314,15,11,5,1245,1,1,1,1,6,13005,M,4329702.0,559394.0,13
201500013315,15,11,9,845,1,2,1,1,6,13005,M,4329488.0,556214.0,13
201500013316,15,11,9,1305,1,1,3,1,3,13005,M,4328663.0,558578.0,13
201500013317,15,11,9,1845,5,2,1,1,6,13005,M,4329273.0,556392.0,13
201500013318,15,11,12,2000,5,2,1,1,6,13005,M,4329518.0,556817.0,13
201500013319,15,11,13,1100,1,2,1,1,2,13005,M,0.0,0.0,13
201500013320,15,11,13,1445,1,2,1,1,2,13005,M,4329833.0,559589.0,13
201500013321,15,11,18,1515,1,2,1,1,6,13005,M,4331423.0,557886.0,13
201500013322,15,11,20,1730,5,2,1,1,3,13070,M,4328211.0,552629.0,13
201500013323,15,11,22,1130,1,2,1,1,6,13070,M,4328347.0,551505.0,13
201500013324,15,11,24,1530,1,2,1,1,3,13005,M,0.0,0.0,13
201500013325,15,11,28,2100,5,2,1,1,3,13005,M,4328323.0,553319.0,13
201500013326,15,11,28,1545,1,2,1,1,3,13005,M,4327467.0,555918.0,13
201500013327,15,11,30,1330,1,2,3,1,3,13005,M,4329239.0,555584.0,13
201500013328,15,11,30,1500,1,2,1,1,2,13005,M,,,13
201500013329,15,12,7,745,1,1,1,1,1,13005,M,4330974.0,557489.0,13
201500013330,15,12,8,1500,1,2,1,1,3,13070,M,4328126.0,552004.0,13
201500013331,15,12,9,700,5,2,1,1,3,13070,M,4328122.0,551915.0,13
201500013332,15,12,9,1220,1,2,6,1,4,13005,M,4328358.0,559421.0,13
201500013333,15,12,10,930,1,2,1,1,4,13005,M,0.0,0.0,13
201500013334,15,12,11,1445,1,1,2,1,1,13005,M,4330867.0,560815.0,13
201500013335,15,12,22,1610,1,2,1,1,3,13005,M,4328443.0,554700.0,13
201500013336,15,12,30,1000,1,2,1,1,6,13005,M,4328566.0,558128.0,13
201500013337,15,1,6,1330,1,2,9,1,3,13005,M,4329176.0,556140.0,13
201500013338,15,1,7,1205,1,2,1,1,2,13005,M,4328692.0,554843.0,13
201500013339,15,1,8,1150,1,2,2,1,3,13005,M,4330157.0,559143.0,13
201500013340,15,1,8,1715,2,2,3,1,3,13005,M,4328438.0,554644.0,13
201500013341,15,1,8,1900,3,1,1,1,3,13005,M,4328715.0,553157.0,13
201500013342,15,1,19,1950,4,2,1,2,6,13005,M,4328964.0,559760.0,13
201500013343,15,1,21,900,1,2,1,3,4,13005,M,,,13
201500013344,15,3,10,2000,5,2,1,1,2,13005,M,4328581.0,555559.0,13
201500013345,15,1,29,1045,1,1,1,1,3,13005,M,4328792.0,552142.0,13
201500013346,15,1,29,1145,1,2,1,1,2,13005,M,4328814.0,557387.0,13
201500013347,15,1,29,1625,1,2,1,2,3,13005,M,4330342.0,557185.0,13
201500013348,15,1,29,2010,5,2,1,2,2,13005,M,4328945.0,559801.0,13
201500013349,15,1,31,1330,1,2,3,1,3,13005,M,4328779.0,557897.0,13
201500013350,15,2,5,800,1,1,6,1,7,13005,M,4328360.0,559400.0,13
201500013351,15,2,10,900,1,1,1,1,1,13005,M,,,13
201500013352,15,2,11,1130,1,2,1,1,7,13005,M,,,13
201500013353,15,2,22,645,1,1,3,1,3,13005,M,4330562.0,559222.0,13
201500013354,15,2,24,1120,1,2,1,1,2,13005,M,4329330.0,555640.0,13
201500013355,15,2,27,1920,5,2,1,1,6,13005,M,4328871.0,557339.0,13
201500013356,15,3,4,740,1,2,1,1,2,13005,M,4329475.0,557441.0,13
201500013357,15,3,5,1045,1,2,1,1,7,13005,M,,,13
201500013358,15,3,6,1850,4,2,1,1,2,13005,M,4328640.0,558700.0,13
201500013359,15,3,7,1455,1,2,1,1,3,13005,M,4329641.0,557004.0,13
201500013360,15,3,8,150,5,2,1,1,6,13005,M,,,13
201500013361,15,3,11,1725,1,2,1,1,3,13005,M,4328581.0,555559.0,13
201500013362,15,3,13,840,1,2,1,1,6,13070,M,4328121.0,551622.0,13
201500013363,15,1,6,1415,1,1,1,1,3,13028,M,4320776.0,560024.0,13
201500013364,15,3,16,730,1,2,6,1,3,13028,M,4319219.0,560916.0,13
201500013365,15,1,9,1228,1,2,1,1,2,13028,M,4318683.0,560050.0,13
201500013366,15,3,19,1315,1,2,3,1,3,13028,M,4317715.0,561069.0,13
201500013367,15,1,19,1220,1,2,1,3,3,13028,M,4319204.0,560479.0,13
201500013368,15,3,18,2130,5,2,6,1,3,13028,M,4318964.0,560356.0,13
201500013369,15,1,20,915,1,2,6,2,2,13028,M,4319259.0,560935.0,13
201500013370,15,3,31,900,1,2,3,1,3,13028,M,4317990.0,561189.0,13
201500013371,15,1,26,900,1,2,1,1,2,13028,M,4318365.0,560602.0,13
201500013372,15,4,1,1200,1,2,1,1,7,13028,M,4319617.0,561289.0,13
201500013373,15,1,28,1215,1,1,1,1,3,13028,M,4319691.0,559754.0,13
201500013374,15,4,3,1300,1,2,1,1,1,13028,M,4319950.0,558969.0,13
201500013375,15,1,28,1530,1,2,1,1,3,13028,M,4318412.0,560958.0,13
201500013376,15,4,3,2220,5,2,1,1,7,13028,M,,,13
201500013377,15,1,28,1650,1,2,2,1,3,13028,M,4319872.0,562641.0,13
201500013378,15,4,6,1225,1,2,1,1,6,13028,M,4318110.0,560931.0,13
201500013379,15,1,31,1230,1,2,9,1,2,13028,M,,,13
201500013380,15,4,7,1725,1,2,3,1,3,13028,M,4317817.0,560093.0,13
201500013381,15,2,2,735,2,2,1,1,3,13028,M,4318987.0,560359.0,13
201500013382,15,4,8,1020,1,2,1,1,3,13028,M,,,13
201500013383,15,2,4,1340,1,2,1,8,2,13028,M,4318845.0,565244.0,13
201500013384,15,4,8,1300,1,1,3,1,3,13028,M,4319438.0,559987.0,13
201500013385,15,2,10,2015,5,2,6,1,3,13028,M,4319222.0,560903.0,13
201500013386,15,4,10,1445,1,2,6,1,2,13028,M,4319219.0,560913.0,13
201500013387,15,2,11,1155,1,2,1,1,6,13028,M,4317877.0,560863.0,13
201500013388,15,4,10,1800,1,2,1,1,3,13028,M,4318356.0,561036.0,13
201500013389,15,2,15,1825,5,2,6,3,3,13028,M,4318432.0,559951.0,13
201500013390,15,4,11,1630,1,1,1,1,7,13028,M,4318734.0,565824.0,13
201500013391,15,2,23,1500,1,2,3,1,3,13028,M,4318946.0,561674.0,13
201500013392,15,4,13,1335,1,2,1,1,3,13028,M,4318189.0,561415.0,13
201500013393,15,2,24,845,1,2,6,1,2,13028,M,4318956.0,562848.0,13
201500013394,15,4,14,850,1,1,6,1,3,13028,M,4320944.0,562839.0,13
201500013395,15,3,3,105,5,2,1,1,7,13028,M,4320355.0,562590.0,13
201500013396,15,4,15,1040,1,2,3,1,6,13028,M,4317703.0,560693.0,13
201500013397,15,4,15,1315,1,2,3,1,3,13028,M,4318420.0,561339.0,13
201500013398,15,4,21,1545,1,2,1,1,2,13028,M,4318571.0,559985.0,13
201500013399,15,4,21,1900,1,1,3,1,3,13028,M,4318532.0,566171.0,13
201500013400,15,4,23,1205,1,2,1,1,2,13028,M,4318478.0,561827.0,13
201500013401,15,4,24,1950,2,2,2,1,3,13028,M,4319875.0,562645.0,13
201500013402,15,4,26,1115,1,2,1,1,1,13028,M,4318475.0,560706.0,13
201500013403,15,4,30,1540,1,1,3,1,1,13028,M,4319826.0,559244.0,13
201500013404,15,5,3,1600,1,2,1,1,2,13028,M,4318130.0,560716.0,13
201500013405,15,5,6,2015,2,2,1,1,1,13028,M,4318646.0,560032.0,13
201500013406,15,5,7,900,1,2,3,1,7,13028,M,4318575.0,562051.0,13
201500013407,15,5,14,955,1,2,1,1,2,13028,M,4318679.0,560050.0,13
201500013408,15,5,17,1900,1,2,1,1,7,13028,M,4318478.0,561827.0,13
201500013409,15,5,19,1145,1,2,1,1,2,13028,M,4317678.0,560582.0,13
201500013410,15,5,22,1920,1,2,1,1,7,13028,M,4319116.0,561796.0,13
201500013411,15,5,23,1200,1,2,2,1,5,13028,M,4317876.0,559749.0,13
201500013412,15,5,24,1015,1,2,3,1,3,13028,M,4319146.0,563936.0,13
201500013413,15,5,24,1430,1,2,3,1,3,13028,M,4318171.0,560952.0,13
201500013414,15,5,24,1800,1,1,1,1,2,13028,M,4318472.0,560894.0,13
201500013415,15,5,30,1120,1,2,1,1,6,13028,M,4318901.0,562730.0,13
201500013416,15,6,2,1645,1,2,1,1,6,13028,M,4319626.0,561658.0,13
201500013417,15,6,4,1525,1,2,3,1,3,13028,M,4319947.0,560621.0,13
201500013418,15,6,4,1615,1,1,1,1,1,13028,M,4318740.0,559306.0,13
201500013419,15,6,6,500,5,2,3,1,4,13028,M,4318924.0,560889.0,13
201500013420,15,6,8,1130,1,2,1,1,6,13028,M,4319519.0,561204.0,13
201500013421,15,6,14,1800,1,2,6,1,3,13028,M,,,13
201500013422,15,6,15,1035,1,2,1,1,6,13028,M,4319548.0,561218.0,13
201500013423,15,6,17,2210,5,2,2,1,3,13028,M,4317876.0,559749.0,13
201500013424,15,6,18,1350,1,2,1,1,2,13028,M,4320634.0,560432.0,13
201500013425,15,6,19,1850,1,2,1,1,2,13028,M,4318725.0,559850.0,13
201500013426,15,6,20,1050,1,2,1,1,2,13028,M,4317728.0,560210.0,13
201500013427,15,6,25,1300,1,1,1,1,1,13028,M,4320231.0,558889.0,13
201500013428,15,6,27,1330,1,1,3,1,3,13028,M,4318666.0,565748.0,13
201500013429,15,6,27,845,1,2,1,1,7,13028,M,4318892.0,562880.0,13
201500013430,15,6,28,1800,1,2,3,1,3,13028,M,4318412.0,560648.0,13
201500013431,15,6,30,1805,1,2,1,1,3,13028,M,4319288.0,560287.0,13
201500013432,15,7,2,915,1,2,1,1,3,13028,M,4319062.0,563854.0,13
201500013433,15,7,5,1440,1,2,1,1,3,13028,M,4319042.0,563786.0,13
201500013434,15,7,8,1200,1,1,1,1,7,13028,M,4320172.0,562335.0,13
201500013435,15,7,9,910,1,2,1,1,3,13028,M,4319074.0,563973.0,13
201500013436,15,7,9,1215,1,2,1,1,2,13028,M,4318916.0,560255.0,13
201500013437,15,7,11,1730,1,2,6,1,4,13028,M,4319162.0,561790.0,13
201500013438,15,7,15,1320,1,2,6,1,5,13028,M,4319217.0,560915.0,13
201500013439,15,7,19,1710,1,2,3,1,3,13028,M,4319821.0,563279.0,13
201500013440,15,7,21,1800,1,2,1,1,5,13028,M,4319416.0,561088.0,13
201500013441,15,7,22,1430,1,2,1,1,2,13028,M,4319062.0,563854.0,13
201500013442,15,7,26,2118,2,2,2,1,3,13028,M,4317895.0,560010.0,13
201500013443,15,7,27,1255,1,2,2,1,3,13028,M,4318746.0,562013.0,13
201500013444,15,7,27,2140,5,2,1,1,7,13028,M,4318795.0,560234.0,13
201500013445,15,7,30,2005,1,2,1,1,6,13028,M,4318707.0,562328.0,13
201500013446,15,8,4,1800,1,2,2,1,1,13028,M,4317876.0,559750.0,13
201500013447,15,8,5,1400,1,2,1,1,2,13028,M,,,13
201500013448,15,8,6,1436,1,2,6,1,3,13028,M,4319244.0,560897.0,13
201500013449,15,8,6,1850,1,2,1,1,2,13028,M,4318934.0,563026.0,13
201500013450,15,8,7,1044,1,2,6,1,2,13028,M,4319198.0,560426.0,13
201500013451,15,8,7,2005,1,2,1,1,4,13028,M,,,13
201500013452,15,8,14,230,5,2,1,2,4,13028,M,4318612.0,560008.0,13
201500013453,15,8,15,1515,1,2,1,1,2,13028,M,4317927.0,560343.0,13
201500013454,15,8,31,1540,1,1,3,1,3,13028,M,4318083.0,567181.0,13
201500013455,15,9,6,1635,1,2,3,1,1,13028,M,4318420.0,561339.0,13
201500013456,15,9,7,1530,1,2,1,1,4,13028,M,4319563.0,561228.0,13
201500013457,15,9,8,815,1,2,6,1,2,13028,M,4319892.0,561655.0,13
201500013458,15,9,16,2145,5,2,3,1,1,13028,M,4317709.0,560785.0,13
201500013459,15,9,17,830,1,2,1,1,6,13028,M,4318454.0,559070.0,13
201500013460,15,9,18,1920,1,2,1,1,2,13028,M,4319070.0,564027.0,13
201500013461,15,9,21,750,1,2,1,1,1,13028,M,4318475.0,560706.0,13
201500013462,15,9,22,1630,1,2,1,1,7,13028,M,4318649.0,561234.0,13
201500013463,15,9,23,1635,1,2,1,1,6,13028,M,4317751.0,560928.0,13
201500013464,15,9,24,730,1,2,3,1,1,13028,M,4318239.0,560535.0,13
201500013465,15,9,30,1740,1,2,1,1,2,13028,M,4318683.0,560054.0,13
201500013466,15,10,1,1225,1,2,1,8,3,13028,M,4318519.0,560735.0,13
201500013467,15,10,2,940,1,2,1,2,6,13028,M,4319039.0,560405.0,13
201500013468,15,10,4,2120,5,2,1,1,3,13028,M,4318475.0,560706.0,13
201500013469,15,10,7,1545,1,2,1,1,1,13028,M,4318116.0,561312.0,13
201500013470,15,10,11,1230,1,2,3,1,1,13028,M,4318990.0,564334.0,13
201500013471,15,10,12,1600,1,2,1,3,1,13028,M,4319750.0,563663.0,13
201500013472,15,10,15,1205,1,2,1,1,1,13028,M,4319073.0,561210.0,13
201500013473,15,10,17,1615,1,1,3,1,5,13028,M,4318987.0,564332.0,13
201500013474,15,10,23,1745,1,2,1,1,5,13028,M,4319071.0,563929.0,13
201500013475,15,10,24,1045,1,2,1,1,6,13028,M,4318972.0,560225.0,13
201500013476,15,10,30,45,5,2,2,1,3,13028,M,4318303.0,561266.0,13
201500013477,15,10,31,1500,1,2,3,1,3,13028,M,4318366.0,561017.0,13
201500013478,15,11,2,1105,1,2,1,1,3,13028,M,4318362.0,560123.0,13
201500013479,15,11,3,1925,2,2,1,8,4,13028,M,4318916.0,560255.0,13
201500013480,15,11,7,1700,2,2,1,1,1,13028,M,4319960.0,561845.0,13
201500013481,15,11,8,1630,1,1,1,1,1,13028,M,4318408.0,556602.0,13
201500013482,15,11,8,1915,1,2,3,1,1,13028,M,4317896.0,560009.0,13
201500013483,15,11,9,1530,1,2,1,1,1,13028,M,4318729.0,562598.0,13
201500013484,15,11,10,1010,1,2,1,1,2,13028,M,4318221.0,561253.0,13
201500013485,15,11,14,1645,1,1,1,1,3,13028,M,4318942.0,565076.0,13
201500013486,15,11,16,900,1,2,1,1,1,13028,M,4319724.0,562745.0,13
201500013487,15,11,16,1030,1,2,1,1,3,13028,M,4319003.0,560907.0,13
201500013488,15,11,18,1845,5,2,1,1,1,13028,M,4318478.0,561827.0,13
201500013489,15,11,19,1630,1,2,1,1,1,13028,M,4318795.0,560534.0,13
201500013490,15,11,21,1200,1,2,1,1,1,13028,M,4317883.0,561113.0,13
201500013491,15,11,24,1310,1,2,3,1,1,13028,M,4318036.0,560519.0,13
201500013492,15,11,27,1820,3,1,1,1,3,13028,M,4320171.0,562336.0,13
201500013493,15,11,28,1555,1,2,6,1,3,13028,M,4319898.0,561681.0,13
201500013494,15,12,2,1545,1,2,1,1,3,13028,M,4317927.0,560189.0,13
201500013495,15,12,3,1500,1,2,1,1,6,13028,M,4316993.0,559462.0,13
201500013496,15,12,7,1750,5,2,6,1,3,13028,M,4319244.0,560948.0,13
201500013497,15,12,8,800,2,1,1,1,1,13028,M,4320660.0,558470.0,13
201500013498,15,12,8,1245,1,2,1,1,1,13028,M,4318475.0,560706.0,13
201500013499,15,12,9,1750,5,2,1,1,5,13028,M,4319271.0,560329.0,13
201500013500,15,12,12,1120,1,2,3,1,2,13028,M,4318575.0,559973.0,13
201500013501,15,12,15,830,1,2,1,1,5,13028,M,4320012.0,562244.0,13
201500013502,15,12,15,845,1,2,6,1,1,13028,M,4319899.0,561666.0,13
201500013503,15,12,16,1220,1,2,1,1,5,13028,M,4320439.0,561642.0,13
201500013504,15,12,16,1245,1,2,1,1,2,13028,M,4319256.0,561783.0,13
201500013505,15,12,17,835,1,2,2,1,6,13028,M,4317875.0,559749.0,13
201500013506,15,12,17,905,1,2,1,1,3,13028,M,4318517.0,560733.0,13
201500013507,15,12,18,1345,1,1,1,1,3,13028,M,4320321.0,560560.0,13
201500013508,15,12,23,1220,1,2,1,8,2,13028,M,4317682.0,560666.0,13
201500013509,15,3,15,1945,3,1,1,3,5,13047,M,,,13
201500013510,15,12,2,120,3,1,1,1,2,13098,M,,,13
201500013511,15,4,28,1615,1,1,1,1,5,13047,M,,,13
201500013512,15,1,24,15,3,1,1,1,7,13063,M,,,13
201500013513,15,1,9,1550,1,2,1,1,6,13054,M,,,13
201500013514,15,4,11,2240,3,2,2,1,3,13054,M,4342087.0,522819.0,13
201500013515,15,1,19,1809,2,2,1,2,6,13054,M,,,13
201500013516,15,4,11,2320,5,2,2,1,3,13054,M,4341617.0,521916.0,13
201500013517,15,1,23,1430,1,2,1,1,1,13102,M,4341026.0,525288.0,13
201500013518,15,4,21,625,2,2,3,1,3,13054,M,,,13
201500013519,15,1,25,250,5,1,1,1,3,13043,M,4338427.0,521904.0,13
201500013520,15,4,17,2000,1,2,1,1,2,13054,M,,,13
201500013521,15,1,30,1125,1,2,1,1,1,13043,M,,,13
201500013522,15,4,28,1005,1,2,3,1,3,13054,M,4342693.0,521013.0,13
201500013523,15,2,2,1845,3,2,1,8,1,13054,M,,,13
201500013524,15,5,2,2350,5,2,2,1,3,13054,M,4341946.0,521791.0,13
201500013525,15,2,14,50,5,2,6,2,3,13102,M,4341923.0,525135.0,13
201500013526,15,5,17,840,1,2,1,1,6,13054,M,,,13
201500013527,15,2,19,1755,2,2,1,1,3,13043,M,,,13
201500013528,15,6,3,725,1,1,3,1,3,13054,M,4341562.0,521670.0,13
201500013529,15,2,22,2200,3,2,1,1,6,13102,M,,,13
201500013530,15,6,11,2055,2,2,2,1,3,13054,M,4340369.0,521704.0,13
201500013531,15,3,10,1550,1,2,1,1,6,13054,M,4340204.0,525604.0,13
201500013532,15,6,23,1925,1,2,3,1,1,13102,M,4341891.0,524415.0,13
201500013533,15,6,26,1300,1,2,1,1,6,13054,M,,,13
201500013534,15,6,26,2015,1,2,1,1,2,13054,M,,,13
201500013535,15,6,26,2245,4,1,1,1,2,13043,M,,,13
201500013536,15,7,2,2030,1,2,3,1,3,13043,M,4339483.0,523961.0,13
201500013537,15,7,17,1430,1,2,1,1,1,13102,M,4341317.0,524908.0,13
201500013538,15,7,26,930,1,1,1,1,2,13043,M,,,13
201500013539,15,7,31,1150,1,2,3,1,3,13102,M,4340502.0,525878.0,13
201500013540,15,8,6,1605,1,1,1,1,1,13102,M,,,13
201500013541,15,9,9,1710,1,2,1,1,1,13054,M,4340945.0,520395.0,13
201500013542,15,9,15,840,1,2,1,1,4,13102,M,4341147.0,525141.0,13
201500013543,15,9,17,1700,1,2,1,1,6,13054,M,,,13
201500013544,15,9,17,1055,1,2,1,2,6,13054,M,,,13
201500013545,15,9,22,940,1,1,1,1,2,13043,M,4339762.0,525457.0,13
201500013546,15,10,1,1405,1,2,3,1,5,13102,M,4341591.0,527207.0,13
201500013547,15,10,2,1515,1,2,1,1,6,13054,M,,,13
201500013548,15,10,6,455,3,1,1,1,6,13043,M,4339789.0,525518.0,13
201500013549,15,10,9,1145,1,2,1,1,6,13054,M,4340693.0,522183.0,13
201500013550,15,10,13,1655,1,2,1,1,3,13102,M,,,13
201500013551,15,10,13,1950,3,1,6,1,3,13054,M,,,13
201500013552,15,10,19,1250,1,1,1,1,2,13054,M,,,13