Num_Acc,an,mois,jour,hrmn,lum,agg,int,atm,col,com,gps,lat,long,dep
201500013553,15,10,24,1745,1,2,1,1,3,13054,M,4342309.0,520796.0,13
201500013554,15,10,29,1600,1,2,2,1,3,13054,M,4342111.0,520777.0,13
201500013555,15,11,5,1825,3,1,1,1,4,13043,M,,,13
201500013556,15,11,13,2150,5,2,3,1,3,13043,M,4338792.0,522980.0,13
201500013557,15,11,24,1756,2,2,1,1,4,13043,M,,,13
201500013558,15,11,26,1214,1,1,1,1,1,13102,M,,,13
201500013559,15,12,1,1540,1,2,1,1,4,13054,M,,,13
201500013560,15,12,6,1630,1,2,6,2,3,13102,M,4341862.0,522951.0,13
201500013561,15,12,7,1945,4,2,3,1,6,13054,M,,,13
201500013562,15,12,10,1735,3,1,1,1,3,13054,M,,,13
201500013563,15,12,13,1005,1,2,1,1,1,13054,M,,,13
201500013564,15,12,31,2340,5,2,1,1,6,13055,M,4330933.0,540298.0,13
201500013565,15,3,12,930,1,2,2,1,3,13055,M,,,13
201500013566,15,1,2,1920,5,2,6,1,6,13055,M,4325060.0,540345.0,13
201500013567,15,3,17,1415,1,2,1,1,3,13055,M,4333727.0,539170.0,13
201500013568,15,3,17,1445,1,2,1,1,5,13055,M,4334612.0,542572.0,13
201500013569,15,3,17,1520,1,2,2,1,7,13055,M,4334406.0,535945.0,13
201500013570,15,3,13,1035,1,2,2,1,3,13055,M,4336134.0,533725.0,13
201500013571,15,3,17,1200,1,2,1,1,6,13055,M,4325086.0,541339.0,13
201500013572,15,4,13,755,1,2,1,1,6,13055,M,4330838.0,536822.0,13
201500013573,15,3,17,1610,1,2,1,1,3,13055,M,4327932.0,537962.0,13
201500013574,15,12,27,1530,1,2,1,1,3,13055,M,,,13
201500013575,15,3,18,1430,1,2,1,1,4,13075,M,4334592.0,545486.0,13
201500013576,15,12,3,1345,1,2,1,1,7,13055,M,4330110.0,538779.0,13
201500013577,15,3,18,1730,1,2,1,1,1,13055,M,4330427.0,536693.0,13
201500013578,15,3,18,1940,1,2,1,1,3,13055,M,4334579.0,542482.0,13
201500013579,15,4,30,725,1,2,1,1,2,13055,M,4329063.0,542342.0,13
201500013580,15,3,14,1042,1,2,2,1,3,13055,M,4327545.0,539593.0,13
201500013581,15,3,18,1545,1,2,3,1,3,13055,M,4329116.0,538303.0,13
201500013582,15,12,31,1130,1,2,1,1,6,13055,M,4328088.0,538884.0,13
201500013583,15,3,17,1355,1,2,2,1,3,13055,M,4329461.0,538897.0,13
201500013584,15,3,19,550,2,2,1,1,2,13055,M,,,13
201500013585,15,3,19,723,1,2,3,1,2,13055,M,4326175.0,541441.0,13
201500013586,15,3,19,1045,1,2,1,1,3,13055,M,4332025.0,537169.0,13
201500013587,15,3,16,850,1,2,1,1,3,13055,M,4327553.0,539603.0,13
201500013588,15,3,16,650,1,2,1,1,3,13055,M,4330279.0,538462.0,13
201500013589,15,3,19,1615,1,2,1,1,6,13002,M,4333638.0,545976.0,13
201500013590,15,3,19,1745,1,2,9,1,6,13055,M,4328925.0,538734.0,13
201500013591,15,3,20,815,1,2,1,2,6,13055,M,4330791.0,537208.0,13
201500013592,15,3,20,1350,1,2,2,1,3,13055,M,4330193.0,540054.0,13
201500013593,15,3,20,1725,1,2,1,1,3,13055,M,4330267.0,539736.0,13
201500013594,15,3,20,2250,5,2,2,1,3,13075,M,4334747.0,546376.0,13
201500013595,15,3,21,120,5,2,1,1,6,13055,M,4328620.0,547694.0,13
201500013596,15,3,19,1800,2,2,1,1,3,13055,M,4326700.0,539441.0,13
201500013597,15,3,16,1215,1,2,1,1,2,13055,M,4323431.0,541165.0,13
201500013598,15,3,20,1355,1,2,1,1,3,13055,M,4327923.0,541175.0,13
201500013599,15,3,21,552,5,2,2,1,3,13055,M,4329762.0,538109.0,13
201500013600,15,3,21,2140,5,2,9,2,1,13055,M,4330027.0,538888.0,13
201500013601,15,3,22,315,5,2,1,2,3,13055,M,4324892.0,544214.0,13
201500013602,15,3,20,1340,1,2,6,1,1,13055,M,4325023.0,538880.0,13
201500013603,15,3,17,1145,1,1,1,8,6,13002,M,,,13
201500013604,15,6,3,920,1,1,1,8,6,13002,M,,,13
201500013605,15,3,17,1220,1,2,1,1,6,13055,M,4330380.0,542634.0,13
201500013606,15,3,16,1800,1,2,1,2,6,13055,M,4327397.0,541428.0,13
201500013607,15,12,15,1915,5,2,3,1,1,13055,M,4329250.0,538262.0,13
201500013608,15,1,2,1630,1,2,1,1,6,13055,M,4327420.0,541465.0,13
201500013609,15,3,23,1530,1,2,1,1,1,13055,M,4332854.0,537489.0,13
201500013610,15,3,19,900,1,2,3,1,3,13055,M,4328222.0,536337.0,13
201500013611,15,3,23,1030,1,2,2,1,1,13055,M,4330218.0,538339.0,13
201500013612,15,1,11,1415,1,2,1,1,7,13055,M,4334857.0,537295.0,13
201500013613,15,3,23,1145,1,2,1,1,3,13055,M,4330920.0,537055.0,13
201500013614,15,3,23,1950,5,2,1,1,6,13055,M,4328369.0,549372.0,13
201500013615,15,3,18,1500,1,2,8,1,6,13055,M,4329929.0,537382.0,13
201500013616,15,3,24,1600,1,2,1,8,3,13055,M,4325376.0,541534.0,13
201500013617,15,3,24,1830,2,2,1,1,3,13055,M,4327905.0,542270.0,13
201500013618,15,1,2,2020,5,2,1,1,1,13055,M,4329404.0,547510.0,13
201500013619,15,3,24,1915,5,2,1,1,6,13055,M,4331102.0,538462.0,13
201500013620,15,3,25,935,1,2,1,2,2,13055,M,4325505.0,540093.0,13
201500013621,15,3,25,1200,1,2,3,2,3,13055,M,4327290.0,539076.0,13
201500013622,15,1,3,1849,5,2,1,1,1,13055,M,4327124.0,540903.0,13
201500013623,15,3,22,1150,1,2,1,1,6,13055,M,,,13
201500013624,15,3,19,2010,5,2,2,1,3,13055,M,4334728.0,537838.0,13
201500013625,15,3,25,1615,1,2,1,1,6,13055,M,4329866.0,538410.0,13
201500013626,15,3,25,1214,1,2,7,1,1,13055,M,4332352.0,544542.0,13
201500013627,15,3,25,2130,4,2,1,1,3,13055,M,4327294.0,536295.0,13
201500013628,15,3,26,750,1,2,1,1,2,13055,M,4326182.0,539733.0,13
201500013629,15,3,26,940,1,2,1,1,6,13055,M,4330662.0,537353.0,13
201500013630,15,1,5,900,1,2,1,1,6,13055,M,,,13
201500013631,15,1,6,1050,1,2,2,1,3,13055,M,,,13
201500013632,15,3,26,1805,1,2,2,1,6,13055,M,4329042.0,537577.0,13
201500013633,15,1,5,1630,1,2,1,1,1,13055,M,4324130.0,536341.0,13
201500013634,15,1,4,1430,1,2,1,1,2,13055,M,4330709.0,542299.0,13
201500013635,15,3,26,2130,5,2,3,1,3,13055,M,4328229.0,540308.0,13
201500013636,15,1,5,1420,1,2,3,1,3,13055,M,4331355.0,541307.0,13
201500013637,15,3,26,1315,1,2,1,1,1,13055,M,4327156.0,539159.0,13
201500013638,15,3,27,820,1,2,2,1,6,13055,M,4329611.0,548662.0,13
201500013639,15,1,6,1810,5,2,1,1,6,13055,M,4329741.0,539847.0,13
201500013640,15,3,27,1000,1,1,1,1,6,13055,M,4327451.0,540872.0,13
201500013641,15,1,5,1840,5,2,1,1,6,13055,M,,,13
201500013642,15,3,27,945,1,2,1,1,6,13055,M,4327743.0,538355.0,13
201500013643,15,3,27,1830,1,1,1,1,2,13055,M,,,13
201500013644,15,3,27,2120,5,2,1,1,1,13055,M,4332108.0,541037.0,13
201500013645,15,3,28,5,5,2,1,1,6,13055,M,4331223.0,541130.0,13
201500013646,15,1,3,1215,1,2,1,1,2,13055,M,4335180.0,543408.0,13
201500013647,15,3,27,730,1,2,1,1,3,13055,M,,,13
201500013648,15,1,1,235,5,2,1,1,1,13055,M,4333101.0,548862.0,13
201500013649,15,3,28,1430,1,2,1,1,6,13055,M,4332852.0,542127.0,13
201500013650,15,1,6,2140,5,2,1,1,7,13055,M,,,13
201500013651,15,3,28,1535,1,2,1,1,3,13055,M,4330895.0,540043.0,13
201500013652,15,3,28,1510,1,1,1,1,6,13055,M,4330840.0,537727.0,13
201500013653,15,3,22,2140,5,2,1,1,3,13055,M,4330396.0,540723.0,13
201500013654,15,1,7,700,5,2,1,1,6,13055,M,4327441.0,539992.0,13
201500013655,15,3,27,1950,5,2,1,6,6,13055,M,4331404.0,544742.0,13
201500013656,15,1,6,755,1,2,1,1,6,13055,M,4325912.0,540017.0,13
201500013657,15,3,24,850,1,2,1,1,6,13055,M,4330378.0,536506.0,13
201500013658,15,1,2,2300,5,2,3,1,6,13055,M,4335745.0,535747.0,13
201500013659,15,3,30,900,1,2,1,1,6,13055,M,4328859.0,545359.0,13
201500013660,15,3,27,1500,1,2,1,1,6,13055,M,4333029.0,537013.0,13
201500013661,15,3,24,1900,5,2,3,1,3,13055,M,4329178.0,540749.0,13
201500013662,15,3,30,1645,1,2,2,1,3,13055,M,4324417.0,539643.0,13
201500013663,15,3,11,1640,1,2,1,1,5,13055,M,,,13
201500013664,15,12,9,2105,5,2,1,1,6,13055,M,4329239.0,539743.0,13
201500013665,15,3,30,2000,2,2,1,1,6,13055,M,4328688.0,545493.0,13
201500013666,15,1,9,1800,5,2,1,1,6,13055,M,4334085.0,540745.0,13
201500013667,15,3,30,1710,1,2,1,1,1,13055,M,4335206.0,534201.0,13
201500013668,15,1,12,1700,1,2,1,1,6,13055,M,4329406.0,537400.0,13
201500013669,15,3,31,819,1,2,1,1,3,13055,M,4327772.0,535581.0,13
201500013670,15,1,8,2130,5,2,2,1,3,13055,M,4327908.0,538285.0,13
201500013671,15,3,31,835,1,2,1,1,3,13055,M,0.0,0.0,13
201500013672,15,1,6,1730,2,2,1,1,6,13055,M,4329901.0,548066.0,13
201500013673,15,3,31,950,1,2,3,1,2,13055,M,4328663.0,538626.0,13
201500013674,15,1,10,1530,1,1,1,1,7,13055,M,,,13
201500013675,15,3,31,1330,1,2,7,1,3,13055,M,4327655.0,539941.0,13
201500013676,15,1,8,900,1,2,1,1,6,13055,M,4329205.0,538396.0,13
201500013677,15,3,31,1740,1,2,3,1,6,13055,M,4331996.0,536747.0,13
201500013678,15,1,12,1330,1,2,2,1,6,13055,M,4327622.0,538920.0,13
201500013679,15,3,31,2130,5,2,2,1,3,13055,M,4328039.0,538720.0,13
201500013680,15,1,8,1310,1,2,1,1,4,13055,M,4324265.0,537829.0,13
201500013681,15,4,1,855,1,1,1,1,6,13055,M,4326849.0,540907.0,13
201500013682,15,1,7,1815,5,2,1,1,6,13055,M,4326866.0,538566.0,13
201500013683,15,4,1,1230,1,2,1,1,3,13055,M,,,13
201500013684,15,1,1,2210,5,2,2,1,6,13055,M,4327986.0,538684.0,13
201500013685,15,4,1,1400,1,2,1,6,2,13055,M,0.0,0.0,13
201500013686,15,4,1,1335,1,2,1,1,3,13055,M,4329105.0,541749.0,13
201500013687,15,1,6,130,5,2,2,1,6,13055,M,4334252.0,535967.0,13
201500013688,15,4,1,1530,1,2,1,1,1,13055,M,4323568.0,540331.0,13
201500013689,15,3,26,1815,1,2,1,1,2,13055,M,4328885.0,539472.0,13
201500013690,15,4,1,1830,1,2,2,1,6,13055,M,4328898.0,537763.0,13
201500013691,15,4,2,750,1,2,1,1,6,13055,M,4333532.0,540009.0,13
201500013692,15,1,7,1130,1,1,1,1,6,13055,M,4330223.0,542266.0,13
201500013693,15,4,2,730,1,2,1,1,1,13055,M,4332669.0,543782.0,13
201500013694,15,3,25,1645,1,1,7,1,7,13055,M,4332504.0,543425.0,13
201500013695,15,1,8,1840,5,2,1,1,6,13055,M,4331501.0,544742.0,13
201500013696,15,4,2,1620,1,2,1,1,1,13055,M,4331730.0,537106.0,13
201500013697,15,12,24,900,1,2,1,1,2,13055,M,4334956.0,543129.0,13
201500013698,15,1,7,720,2,2,1,1,7,13055,M,4330040.0,551199.0,13
201500013699,15,4,2,1730,1,2,1,1,3,13055,M,4328206.0,539077.0,13
201500013700,15,1,16,1400,1,2,1,8,6,13055,M,4330399.0,542492.0,13
201500013701,15,4,2,2100,5,2,1,1,6,13055,M,4334895.0,535888.0,13
201500013702,15,4,2,815,1,2,1,1,7,13055,M,4328481.0,536112.0,13
201500013703,15,1,13,1900,3,2,1,1,6,13055,M,4330030.0,540072.0,13
201500013704,15,4,2,1205,1,2,1,1,4,13055,M,,,13
201500013705,15,1,12,2010,5,2,1,1,2,13055,M,4330216.0,539476.0,13
201500013706,15,4,2,1100,1,2,2,1,7,13055,M,4330020.0,538872.0,13
201500013707,15,4,3,1330,1,2,1,1,7,13055,M,,,13
201500013708,15,1,8,900,1,2,1,1,6,13055,M,4327674.0,542696.0,13
201500013709,15,4,3,1230,1,2,1,1,3,13055,M,,,13
201500013710,15,1,13,915,1,2,1,1,6,13055,M,,,13
201500013711,15,4,3,1515,1,1,1,1,3,13055,M,4328287.0,543317.0,13
201500013712,15,3,27,1530,1,2,1,1,4,13055,M,4329152.0,537796.0,13
201500013713,15,1,9,2130,5,2,1,1,6,13055,M,4324498.0,542483.0,13
201500013714,15,4,4,330,5,1,1,1,7,13055,M,,,13
201500013715,15,1,7,1645,1,2,1,1,4,13055,M,4332379.0,536089.0,13
201500013716,15,4,4,520,5,1,1,1,6,13055,M,4328756.0,538996.0,13
201500013717,15,1,21,1740,5,2,1,3,6,13055,M,4329897.0,538092.0,13
201500013718,15,4,3,1730,1,2,2,1,6,13055,M,4328692.0,541249.0,13
201500013719,15,4,4,545,5,2,1,1,6,13055,M,,,13
201500013720,15,4,4,810,1,2,1,1,3,13055,M,4324359.0,537089.0,13
201500013721,15,1,6,1800,2,2,6,1,6,13055,M,4335169.0,533973.0,13
201500013722,15,4,4,1520,1,2,1,1,5,13055,M,4328581.0,535081.0,13
201500013723,15,1,4,2340,5,2,1,1,6,13055,M,4331214.0,537677.0,13
201500013724,15,4,3,1945,2,2,1,1,2,13055,M,4329003.0,539983.0,13
201500013725,15,1,3,1255,1,2,3,1,1,13055,M,4338331.0,535833.0,13
201500013726,15,4,1,1135,1,2,1,1,6,13055,M,4325528.0,538319.0,13
201500013727,15,4,10,1330,1,2,1,1,3,13055,M,4334184.0,538064.0,13
201500013728,15,4,5,2007,2,2,1,1,6,13055,M,4333147.0,539126.0,13
201500013729,15,1,24,1501,1,2,1,1,2,13055,M,4327984.0,541615.0,13
201500013730,15,4,5,2340,5,2,1,1,3,13055,M,,,13
201500013731,15,1,24,510,5,2,1,1,6,13055,M,4330313.0,539736.0,13
201500013732,15,4,5,2330,5,2,3,1,3,13055,M,4328980.0,539816.0,13
201500013733,15,1,23,2245,5,2,1,1,6,13055,M,4328505.0,536848.0,13
201500013734,15,4,1,1800,1,2,1,1,6,13055,M,4328498.0,538393.0,13
201500013735,15,4,6,1645,1,2,1,1,5,13055,M,,,13
201500013736,15,4,6,2230,5,2,3,1,5,13055,M,4328836.0,535307.0,13
201500013737,15,1,28,1125,1,1,1,1,1,13055,M,,,13
201500013738,15,4,7,900,1,2,1,1,2,13055,M,4323436.0,540944.0,13
201500013739,15,4,7,830,1,2,3,1,3,13055,M,4329743.0,537710.0,13
201500013740,15,4,7,1000,1,2,1,1,6,13055,M,4326827.0,541388.0,13
201500013741,15,4,6,1830,1,2,2,1,3,13055,M,4330048.0,538320.0,13
201500013742,15,4,7,1230,1,2,1,1,2,13055,M,4329527.0,538172.0,13
201500013743,15,4,7,1540,1,1,1,1,2,13055,M,,,13
201500013744,15,1,28,1645,1,2,6,1,6,13055,M,4328356.0,539912.0,13
201500013745,15,4,6,1730,1,2,1,1,2,13055,M,4329786.0,538176.0,13
201500013746,15,1,10,245,5,2,2,1,6,13055,M,4329242.0,537494.0,13
201500013747,15,4,7,1630,1,2,1,1,6,13055,M,,,13
201500013748,15,1,29,650,5,2,1,1,6,13055,M,4328623.0,547390.0,13
201500013749,15,4,7,1600,1,2,1,1,6,13055,M,4330078.0,540067.0,13
201500013750,15,4,7,1850,1,2,1,1,6,13055,M,4329629.0,537737.0,13
201500013751,15,4,7,1920,1,2,2,1,3,13055,M,4337937.0,535774.0,13
201500013752,15,1,15,1650,2,2,1,1,6,13055,M,4332824.0,540689.0,13
201500013753,15,4,7,2250,5,2,1,1,1,13055,M,,,13
201500013754,15,4,8,830,1,2,1,1,3,13055,M,4326990.0,540602.0,13
201500013755,15,4,8,1620,1,2,1,1,6,13055,M,,,13
201500013756,15,1,16,1400,1,2,1,8,6,13055,M,4328919.0,538739.0,13
201500013757,15,4,8,1830,1,2,1,1,7,13055,M,4328629.0,538486.0,13
201500013758,15,4,1,300,5,2,1,1,6,13055,M,4326889.0,540322.0,13
201500013759,15,4,9,240,5,2,1,1,1,13055,M,,,13
201500013760,15,4,2,955,1,2,1,1,1,13055,M,4330338.0,538577.0,13
201500013761,15,4,9,1115,1,1,1,1,3,13055,M,4330762.0,542545.0,13
201500013762,15,3,28,1240,1,2,1,1,6,13055,M,4323752.0,540428.0,13
201500013763,15,4,9,1940,1,2,1,1,7,13055,M,4330729.0,542394.0,13
201500013764,15,4,10,40,5,2,1,1,7,13002,M,,,13
201500013765,15,4,10,10,5,2,1,1,6,13055,M,4328931.0,542733.0,13
201500013766,15,11,14,2130,5,2,9,1,3,13055,M,4328671.0,539036.0,13
201500013767,15,4,9,1600,1,1,1,1,6,13055,M,4332402.0,545606.0,13
201500013768,15,4,4,935,1,2,1,1,3,13055,M,,,13
201500013769,15,1,16,1600,1,2,1,2,6,13055,M,4329897.0,542939.0,13
201500013770,15,4,10,1615,1,2,1,1,1,13055,M,4332253.0,540687.0,13
201500013771,15,1,17,1730,5,2,1,1,6,13055,M,,,13
201500013772,15,4,10,2325,5,2,1,1,6,13055,M,4329429.0,539980.0,13
201500013773,15,3,30,1300,1,2,1,1,3,13055,M,,,13
201500013774,15,4,10,1040,1,2,3,1,3,13055,M,4333967.0,541460.0,13
201500013775,15,1,1,1705,2,2,1,1,6,13055,M,4330552.0,539339.0,13
201500013776,15,4,11,1335,1,2,1,1,6,13055,M,,,13
201500013777,15,4,11,1530,1,2,1,1,3,13055,M,,,13
201500013778,15,1,16,1810,5,2,3,3,6,13106,M,,,13
201500013779,15,4,11,1745,1,2,1,1,2,13055,M,4327080.0,540795.0,13
201500013780,15,1,2,1825,3,2,1,1,6,13055,M,4326610.0,537291.0,13
201500013781,15,4,11,2145,5,2,1,1,1,13055,M,4329911.0,538542.0,13
201500013782,15,1,13,920,1,2,1,1,2,13055,M,4331750.0,543925.0,13
201500013783,15,4,11,1800,1,2,1,1,3,13055,M,4329580.0,538156.0,13
201500013784,15,4,7,800,1,2,1,1,6,13055,M,4328861.0,539378.0,13
201500013785,15,2,1,1930,5,2,1,1,6,13055,M,4324705.0,539350.0,13
201500013786,15,4,10,1630,1,2,1,1,6,13055,M,4331119.0,542101.0,13
201500013787,15,2,2,1130,1,2,1,1,5,13055,M,,,13
201500013788,15,4,12,1115,1,2,1,1,6,13055,M,4329629.0,537317.0,13
201500013789,15,3,26,1645,1,2,1,1,6,13055,M,4328481.0,537879.0,13
201500013790,15,2,2,1840,5,2,1,1,1,13055,M,4332974.0,541901.0,13
201500013791,15,3,26,1840,1,2,2,1,3,13055,M,4328984.0,536628.0,13
201500013792,15,1,17,1430,1,2,1,1,6,13055,M,4324705.0,539349.0,13
201500013793,15,4,7,1830,1,2,6,1,6,13055,M,4329925.0,537150.0,13
201500013794,15,1,13,1805,2,2,1,1,6,13055,M,4329570.0,544637.0,13
201500013795,15,4,12,2030,5,2,1,1,3,13055,M,4330572.0,538209.0,13
201500013796,15,1,10,1830,5,2,1,1,6,13055,M,4326658.0,538981.0,13
201500013797,15,4,12,2300,5,2,1,1,3,13055,M,4329604.0,544641.0,13
201500013798,15,4,13,10,5,2,1,1,5,13055,M,4328657.0,540958.0,13
201500013799,15,4,12,1100,1,2,3,1,3,13055,M,4329345.0,537148.0,13
201500013800,15,1,24,1530,1,2,2,1,6,13055,M,4328671.0,539037.0,13
201500013801,15,4,13,730,1,2,1,1,5,13055,M,4330715.0,537519.0,13
201500013802,15,1,21,1700,1,2,1,3,6,13055,M,4328538.0,539010.0,13
201500013803,15,4,13,945,1,2,9,1,3,13055,M,4328800.0,539154.0,13
201500013804,15,4,13,1135,1,2,2,1,6,13055,M,4327133.0,540911.0,13
201500013805,15,4,12,1945,1,2,1,1,3,13055,M,4327210.0,539032.0,13
201500013806,15,4,13,2030,2,2,3,1,2,13055,M,4333344.0,536410.0,13
201500013807,15,4,13,2245,5,2,1,1,2,13055,M,4328369.0,538784.0,13
201500013808,15,4,12,1830,1,1,1,1,4,13055,M,4329058.0,536364.0,13
201500013809,15,4,11,145,5,2,6,1,3,13055,M,4329353.0,540166.0,13
201500013810,15,1,7,1745,3,2,2,1,6,13055,M,4329783.0,539322.0,13
201500013811,15,4,14,1340,1,2,1,1,3,13055,M,4329716.0,542344.0,13
201500013812,15,4,14,1800,1,2,3,1,3,13055,M,4329334.0,537112.0,13
201500013813,15,4,13,1200,1,2,3,1,1,13055,M,4328344.0,539696.0,13
201500013814,15,1,14,1615,1,2,1,1,6,13055,M,4324347.0,538463.0,13
201500013815,15,4,14,1000,1,2,1,1,4,13055,M,4328783.0,538474.0,13
201500013816,15,1,15,1230,1,2,1,1,2,13055,M,4325004.0,540257.0,13
201500013817,15,4,15,710,1,2,6,1,3,13055,M,4325015.0,538912.0,13
201500013818,15,1,11,1430,1,2,2,1,6,13055,M,4331405.0,536894.0,13
201500013819,15,4,15,730,1,2,1,1,1,13055,M,4333705.0,538586.0,13
201500013820,15,1,12,1705,2,2,1,1,2,13055,M,,,13
201500013821,15,4,15,830,1,2,1,1,3,13055,M,4332504.0,543425.0,13
201500013822,15,1,15,2020,5,2,1,1,6,13055,M,4330192.0,536943.0,13
201500013823,15,4,2,1430,1,2,2,1,3,13055,M,4328960.0,538240.0,13
201500013824,15,1,21,1320,1,2,1,3,7,13055,M,,,13
201500013825,15,4,8,1200,1,2,2,1,3,13055,M,4330020.0,538872.0,13
201500013826,15,1,16,1820,3,2,1,2,6,13055,M,4328171.0,540438.0,13
201500013827,15,4,15,1900,1,2,1,1,6,13055,M,4328351.0,535021.0,13
201500013828,15,1,24,1645,1,2,3,1,6,13055,M,4330247.0,537719.0,13
201500013829,15,4,9,1345,1,2,1,1,2,13055,M,4328006.0,535373.0,13
201500013830,15,1,20,420,5,2,1,2,7,13055,M,,,13
201500013831,15,4,13,2230,5,2,1,1,2,13055,M,4328340.0,539756.0,13
201500013832,15,1,7,1655,1,2,1,1,4,13055,M,4328524.0,539076.0,13
201500013833,15,4,16,115,5,1,1,1,6,13055,M,4328962.0,542684.0,13
201500013834,15,12,30,2115,5,2,1,1,3,13055,M,4329910.0,538201.0,13
201500013835,15,4,14,1930,1,2,1,1,3,13055,M,4328089.0,542193.0,13
201500013836,15,1,22,1845,5,2,3,1,6,13055,M,4329638.0,537765.0,13
201500013837,15,4,15,1615,1,1,1,1,2,13002,M,,,13
201500013838,15,12,31,40,5,2,2,1,3,13055,M,4334632.0,536611.0,13
201500013839,15,1,18,1430,1,2,1,1,2,13055,M,4333012.0,538903.0,13
201500013840,15,4,14,1640,1,2,1,1,6,13055,M,4329907.0,538265.0,13
201500013841,15,1,9,920,1,2,1,1,6,13055,M,4330168.0,539325.0,13
201500013842,15,4,16,745,1,2,1,1,2,13055,M,4333283.0,538595.0,13
201500013843,15,1,15,1330,1,2,1,1,7,13055,M,,,13
201500013844,15,4,10,1820,1,2,1,1,3,13055,M,4328135.0,554218.0,13
201500013845,15,1,22,815,1,2,1,1,6,13055,M,4328385.0,544278.0,13
201500013846,15,4,16,1305,1,2,1,1,3,13055,M,4327746.0,542745.0,13
201500013847,15,1,21,2005,5,2,1,2,6,13055,M,4332557.0,537416.0,13
201500013848,15,4,16,815,1,1,1,1,1,13106,M,4340850.0,535297.0,13
201500013849,15,1,22,725,5,2,1,1,1,13055,M,,,13
201500013850,15,4,16,1410,1,2,1,1,3,13055,M,4327308.0,539221.0,13
201500013851,15,1,22,1245,1,2,1,1,6,13055,M,4332947.0,543031.0,13
201500013852,15,4,16,1330,1,2,1,1,2,13055,M,4325915.0,539415.0,13
201500013853,15,1,20,1755,2,2,1,2,4,13055,M,4335158.0,543741.0,13
201500013854,15,4,16,1915,1,1,1,1,3,13055,M,4331079.0,537848.0,13
201500013855,15,1,26,1,5,2,3,1,6,13055,M,4328130.0,537524.0,13
201500013856,15,4,16,2320,5,2,1,1,6,13055,M,4327380.0,539839.0,13
201500013857,15,4,10,2330,5,2,1,1,2,13055,M,4326277.0,537431.0,13
201500013858,15,1,2,1830,5,2,1,1,6,13055,M,,,13
201500013859,15,4,16,1000,1,2,2,8,1,13055,M,4330428.0,541306.0,13
201500013860,15,1,21,800,1,2,1,3,4,13055,M,4327188.0,542775.0,13
201500013861,15,4,3,1200,1,2,1,1,5,13055,M,4330666.0,540086.0,13
201500013862,15,1,23,1830,5,2,1,1,7,13055,M,,,13
201500013863,15,4,15,1700,1,2,1,1,1,13055,M,4331177.0,539604.0,13
201500013864,15,1,22,1605,1,2,1,1,6,13055,M,4332528.0,543348.0,13
201500013865,15,6,9,1200,1,2,1,1,2,13055,M,4329757.0,536363.0,13
201500013866,15,4,17,925,1,2,6,2,6,13055,M,4325038.0,538877.0,13
201500013867,15,1,24,2120,5,2,1,1,1,13055,M,4326411.0,540418.0,13
201500013868,15,4,7,855,1,2,6,1,1,13055,M,4328120.0,539546.0,13
201500013869,15,4,17,1400,1,2,1,1,6,13055,M,,,13
201500013870,15,4,17,1515,1,2,1,1,6,13055,M,4330627.0,537417.0,13
201500013871,15,2,9,735,2,2,1,1,6,13075,M,4335188.0,547577.0,13
201500013872,15,4,17,1830,1,2,1,1,3,13055,M,4331184.0,537231.0,13
201500013873,15,4,17,2000,1,2,2,1,3,13055,M,4329760.0,538100.0,13
201500013874,15,4,18,850,1,2,2,1,3,13055,M,4331453.0,537051.0,13
201500013875,15,4,18,750,1,2,7,1,7,13055,M,4330379.0,541890.0,13
201500013876,15,1,19,1030,1,2,3,2,6,13055,M,4329110.0,538177.0,13
201500013877,15,1,12,1630,1,2,1,1,6,13055,M,4332824.0,540689.0,13
201500013878,15,4,18,1330,1,2,1,1,3,13055,M,4331266.0,540485.0,13
201500013879,15,1,16,1215,1,2,1,1,6,13055,M,4334718.0,537849.0,13
201500013880,15,3,24,1500,1,2,6,1,7,13055,M,4325429.0,538239.0,13
201500013881,15,1,20,1715,1,2,1,1,6,13055,M,4333015.0,542979.0,13
201500013882,15,4,19,705,1,1,1,1,4,13055,M,,,13
201500013883,15,4,19,820,1,2,1,1,3,13055,M,,,13
201500013884,15,1,16,1910,5,2,1,2,6,13055,M,4336995.0,534594.0,13
201500013885,15,1,17,1045,1,2,1,1,6,13055,M,,,13
201500013886,15,3,21,845,1,2,2,1,3,13055,M,4329909.0,538261.0,13
201500013887,15,1,13,1315,1,2,1,1,6,13055,M,4331454.0,539753.0,13
201500013888,15,4,18,1800,1,2,3,1,1,13055,M,4326365.0,538945.0,13
201500013889,15,2,8,135,5,2,1,1,6,13055,M,,,13
201500013890,15,4,19,1805,1,2,1,8,6,13055,M,4329587.0,540051.0,13
201500013891,15,11,19,1030,1,1,1,1,6,13055,M,4329984.0,539930.0,13