Num_Acc,an,mois,jour,hrmn,lum,agg,int,atm,col,com,gps,lat,long,dep
201500013892,15,4,19,1730,1,2,1,2,5,13055,M,4331489.0,538791.0,13
201500013893,15,4,19,2040,5,2,3,1,3,13055,M,4326230.0,538780.0,13
201500013894,15,1,26,400,5,2,1,1,7,13055,M,4332438.0,544294.0,13
201500013895,15,4,7,1630,1,2,1,1,6,13055,M,4325855.0,541746.0,13
201500013896,15,4,19,1605,1,2,2,1,3,13055,M,4328160.0,542702.0,13
201500013897,15,4,20,900,1,2,7,1,6,13055,M,4329056.0,537994.0,13
201500013898,15,2,2,1400,1,2,3,1,6,13055,M,4329011.0,542581.0,13
201500013899,15,4,20,900,1,2,1,1,6,13055,M,4331736.0,543816.0,13
201500013900,15,1,24,1020,1,2,1,1,6,13055,M,4338411.0,535850.0,13
201500013901,15,4,9,1226,1,2,1,1,2,13055,M,,,13
201500013902,15,4,20,2130,5,2,2,1,3,13055,M,4329400.0,539577.0,13
201500013903,15,4,19,2335,5,2,1,1,3,13055,M,4329759.0,544092.0,13
201500013904,15,1,24,1620,1,2,1,1,6,13055,M,4333105.0,543178.0,13
201500013905,15,4,15,1130,1,2,3,1,6,13055,M,4333247.0,535889.0,13
201500013906,15,1,3,1315,1,2,1,1,6,13055,M,4329744.0,538537.0,13
201500013907,15,4,9,1610,1,2,1,1,7,13055,M,4329352.0,538525.0,13
201500013908,15,4,21,1420,1,2,1,1,3,13055,M,4330526.0,541302.0,13
201500013909,15,4,2,1830,1,2,5,1,3,13055,M,4327757.0,539896.0,13
201500013910,15,4,21,2030,1,2,2,1,3,13075,M,4334747.0,546376.0,13
201500013911,15,1,19,930,1,2,1,2,6,13055,M,4324822.0,539904.0,13
201500013912,15,1,7,1130,1,2,1,1,6,13055,M,4330024.0,547693.0,13
201500013913,15,4,21,2205,5,1,1,1,3,13055,M,,,13
201500013914,15,1,20,2130,5,2,1,1,6,13055,M,,,13
201500013915,15,4,10,1110,1,2,1,1,6,13055,M,4331433.0,537338.0,13
201500013916,15,4,21,1900,1,2,1,1,3,13055,M,4334081.0,535230.0,13
201500013917,15,3,24,1040,1,1,1,1,1,13055,M,4328177.0,542752.0,13
201500013918,15,4,22,750,1,2,1,1,6,13055,M,4329011.0,539931.0,13
201500013919,15,1,28,1130,1,2,1,1,7,13055,M,4325621.0,541982.0,13
201500013920,15,4,22,2135,5,2,2,1,3,13055,M,4331283.0,541798.0,13
201500013921,15,1,29,1330,1,2,1,2,6,13055,M,,,13
201500013922,15,4,17,820,1,2,1,1,3,13055,M,,,13
201500013923,15,1,28,1230,1,2,1,1,1,13055,M,,,13
201500013924,15,4,8,1500,1,2,1,1,2,13055,M,4329218.0,537718.0,13
201500013925,15,4,23,835,1,2,1,1,2,13055,M,4331723.0,543859.0,13
201500013926,15,4,22,1030,1,2,1,1,2,13055,M,4328415.0,544399.0,13
201500013927,15,4,23,815,1,1,1,1,6,13055,M,4333327.0,540727.0,13
201500013928,15,1,19,800,1,2,1,3,2,13055,M,4325353.0,539521.0,13
201500013929,15,4,23,1545,1,2,1,1,2,13055,M,4332158.0,542053.0,13
201500013930,15,1,28,1155,1,2,1,1,2,13055,M,4331733.0,543816.0,13
201500013931,15,4,23,1815,1,2,1,1,3,13055,M,4330720.0,537528.0,13
201500013932,15,1,23,2100,5,2,6,1,6,13055,M,4329103.0,544176.0,13
201500013933,15,1,28,850,1,2,1,1,4,13055,M,4329353.0,549391.0,13
201500013934,15,4,23,2000,1,2,1,1,6,13055,M,,,13
201500013935,15,1,27,1920,5,2,1,1,6,13055,M,4332576.0,544096.0,13
201500013936,15,4,11,1550,1,2,1,1,4,13055,M,4330942.0,540301.0,13
201500013937,15,4,24,750,1,2,1,1,3,13055,M,,,13
201500013938,15,1,23,915,1,2,1,1,2,13055,M,,,13
201500013939,15,1,28,2115,5,2,2,1,3,13055,M,4332683.0,535835.0,13
201500013940,15,4,24,730,1,1,1,1,6,13055,M,4328963.0,539753.0,13
201500013941,15,4,17,1620,1,2,3,1,6,13055,M,4328760.0,546503.0,13
201500013942,15,1,22,830,1,2,1,1,6,13055,M,,,13
201500013943,15,4,24,745,1,2,1,1,3,13055,M,4328937.0,539656.0,13
201500013944,15,4,24,940,1,2,1,1,6,13055,M,4329408.0,539923.0,13
201500013945,15,1,26,1450,1,2,3,1,6,13055,M,4324598.0,541830.0,13
201500013946,15,4,24,1610,1,2,2,1,3,13055,M,4329980.0,540076.0,13
201500013947,15,1,27,1440,1,2,1,1,6,13055,M,4330074.0,538667.0,13
201500013948,15,4,24,1730,1,2,2,1,3,13055,M,4331160.0,537134.0,13
201500013949,15,1,26,1400,1,2,1,1,7,13055,M,4328674.0,535604.0,13
201500013950,15,1,20,845,1,2,1,2,6,13055,M,4328727.0,537366.0,13
201500013951,15,4,24,1900,1,2,1,1,5,13055,M,,,13
201500013952,15,1,26,1750,5,2,1,1,6,13055,M,4328196.0,540374.0,13
201500013953,15,4,17,1300,1,2,1,1,1,13055,M,,,13
201500013954,15,4,25,550,1,2,1,1,6,13055,M,,,13
201500013955,15,4,25,530,5,2,1,2,6,13055,M,4330017.0,541990.0,13
201500013956,15,2,13,530,5,2,1,1,6,13055,M,4329615.0,538143.0,13
201500013957,15,4,21,745,1,2,1,1,3,13055,M,4330935.0,540312.0,13
201500013958,15,2,13,1120,1,2,1,8,5,13055,M,4326591.0,539531.0,13
201500013959,15,4,21,905,1,2,1,1,7,13055,M,4334098.0,536272.0,13
201500013960,15,2,14,700,2,2,6,8,6,13055,M,4331240.0,546489.0,13
201500013961,15,4,26,2220,5,2,1,1,6,13055,M,4328737.0,542520.0,13
201500013962,15,1,13,915,1,2,2,1,6,13055,M,4333309.0,535864.0,13
201500013963,15,4,27,20,5,2,2,1,3,13055,M,4329919.0,537510.0,13
201500013964,15,1,18,915,1,2,1,1,6,13055,M,4334254.0,538619.0,13
201500013965,15,1,15,720,5,2,1,1,6,13055,M,4332749.0,536020.0,13
201500013966,15,4,25,1915,1,2,1,1,2,13055,M,4328931.0,537855.0,13
201500013967,15,4,19,1345,1,2,2,2,3,13055,M,4330313.0,536637.0,13
201500013968,15,1,16,1605,1,2,1,1,6,13055,M,,,13
201500013969,15,1,16,1420,1,2,1,1,6,13055,M,,,13
201500013970,15,4,2,1600,1,2,3,1,6,13055,M,4328819.0,539520.0,13
201500013971,15,4,21,1430,1,2,2,1,3,13055,M,4330188.0,536714.0,13
201500013972,15,1,20,1810,5,2,1,2,1,13055,M,4330322.0,544250.0,13
201500013973,15,4,16,610,5,2,2,1,1,13055,M,4330292.0,536983.0,13
201500013974,15,1,9,1210,1,2,6,1,6,13055,M,4332998.0,538782.0,13
201500013975,15,4,9,1020,1,2,1,1,4,13055,M,4326831.0,540586.0,13
201500013976,15,4,12,210,5,2,1,1,6,13055,M,4326526.0,539539.0,13
201500013977,15,2,17,1340,1,2,1,1,6,13055,M,4326542.0,539532.0,13
201500013978,15,11,17,2130,5,2,2,1,3,13055,M,4332865.0,536574.0,13
201500013979,15,4,27,2100,5,2,1,8,3,13055,M,4336448.0,533761.0,13
201500013980,15,1,24,1725,5,2,1,1,2,13055,M,4333012.0,538903.0,13
201500013981,15,4,14,1340,1,2,1,1,3,13055,M,,,13
201500013982,15,4,21,1800,1,2,1,1,2,13055,M,4327926.0,535343.0,13
201500013983,15,1,29,1130,1,2,2,1,6,13055,M,4327036.0,539251.0,13
201500013984,15,4,21,1530,1,2,3,1,3,13055,M,4329467.0,539575.0,13
201500013985,15,2,2,2010,5,1,3,1,3,13055,M,4329988.0,539966.0,13
201500013986,15,4,14,1535,1,2,1,1,3,13055,M,4329159.0,538292.0,13
201500013987,15,2,3,1050,1,2,1,2,5,13055,M,,,13
201500013988,15,4,8,1602,1,2,1,1,7,13055,M,4329703.0,537949.0,13
201500013989,15,2,2,1927,5,2,1,1,7,13055,M,4334976.0,545079.0,13
201500013990,15,4,23,1730,1,2,1,1,6,13055,M,,,13
201500013991,15,1,25,1000,1,2,1,1,6,13055,M,4333981.0,540660.0,13
201500013992,15,1,29,1510,1,2,1,3,7,13055,M,4330940.0,537897.0,13
201500013993,15,4,28,1515,1,2,1,1,3,13055,M,4331294.0,540196.0,13
201500013994,15,4,26,1820,1,2,1,1,3,13055,M,4329395.0,540167.0,13
201500013995,15,1,29,2145,5,2,1,2,1,13055,M,4329036.0,536972.0,13
201500013996,15,4,28,915,1,2,1,1,3,13055,M,4329649.0,540030.0,13
201500013997,15,2,3,745,1,2,1,1,6,13055,M,4328055.0,540795.0,13
201500013998,15,4,29,800,1,2,2,1,6,13055,M,4326185.0,540466.0,13
201500013999,15,1,16,230,5,2,3,1,3,13055,M,4330801.0,540011.0,13
201500014000,15,4,18,950,1,2,1,1,3,13055,M,4328230.0,540437.0,13
201500014001,15,4,29,1605,1,2,1,1,3,13055,M,4331870.0,537955.0,13
201500014002,15,2,7,230,5,2,1,1,7,13075,M,4333952.0,545475.0,13
201500014003,15,4,29,2010,2,2,2,1,3,13055,M,4330456.0,537607.0,13
201500014004,15,2,12,930,1,2,1,1,6,13055,M,4330435.0,539754.0,13
201500014005,15,4,29,2215,5,2,1,1,2,13055,M,4332834.0,542556.0,13
201500014006,15,1,18,925,1,2,1,1,6,13055,M,4327388.0,539085.0,13
201500014007,15,4,29,1815,1,2,1,1,2,13075,M,4335186.0,547572.0,13
201500014008,15,2,3,540,5,2,1,1,2,13055,M,4331266.0,540485.0,13
201500014009,15,1,16,1100,1,2,1,2,7,13055,M,4327662.0,542087.0,13
201500014010,15,4,23,1645,1,2,1,1,1,13055,M,,,13
201500014011,15,1,17,1920,5,2,1,1,2,13075,M,4334813.0,547131.0,13
201500014012,15,4,30,1135,1,1,2,1,6,13055,M,4329994.0,536892.0,13
201500014013,15,1,19,700,5,2,1,3,6,13055,M,4330741.0,537160.0,13
201500014014,15,4,30,1620,1,2,1,1,2,13055,M,4330231.0,540074.0,13
201500014015,15,4,30,1450,1,2,1,1,3,13055,M,4331669.0,546081.0,13
201500014016,15,1,19,940,1,2,1,2,6,13055,M,4328056.0,540786.0,13
201500014017,15,5,1,120,5,2,2,1,3,13055,M,4329637.0,539151.0,13
201500014018,15,1,23,1245,1,2,1,1,6,13055,M,4328624.0,547328.0,13
201500014019,15,5,1,215,5,2,1,1,6,13055,M,,,13
201500014020,15,1,26,1150,1,2,1,1,2,13055,M,4333201.0,540416.0,13
201500014021,15,4,30,1230,1,2,1,1,6,13055,M,,,13
201500014022,15,1,26,1220,1,2,1,1,2,13055,M,,,13
201500014023,15,1,27,2000,5,2,1,1,6,13055,M,4327630.0,538879.0,13
201500014024,15,4,17,1830,1,2,1,1,3,13055,M,4327906.0,542271.0,13
201500014025,15,4,30,1845,1,2,1,1,2,13055,M,,,13
201500014026,15,1,31,1330,1,2,1,1,6,13055,M,4333426.0,537465.0,13
201500014027,15,1,1,306,5,2,2,1,3,13055,M,4330347.0,538595.0,13
201500014028,15,5,1,1254,1,2,1,1,6,13055,M,4330575.0,539944.0,13
201500014029,15,4,30,1415,1,1,1,1,3,13055,M,4328753.0,538980.0,13
201500014030,15,5,1,1420,1,2,2,2,3,13055,M,4330931.0,540346.0,13
201500014031,15,4,26,1100,1,2,3,1,3,13055,M,4335745.0,535753.0,13
201500014032,15,1,27,1155,1,2,1,1,7,13055,M,4330395.0,547433.0,13
201500014033,15,5,1,1720,1,1,1,1,3,13055,M,,,13
201500014034,15,2,6,2300,5,2,6,1,3,13055,M,4331375.0,540661.0,13
201500014035,15,2,24,614,5,1,1,1,1,13055,M,,,13
201500014036,15,4,9,750,1,2,2,1,3,13055,M,4328928.0,538836.0,13
201500014037,15,2,3,1306,1,2,1,2,6,13055,M,4328436.0,538458.0,13
201500014038,15,5,1,2120,5,2,3,2,3,13055,M,4333068.0,537166.0,13
201500014039,15,2,2,1225,1,2,1,1,6,13055,M,4329841.0,537898.0,13
201500014040,15,5,2,800,1,1,1,1,1,13055,M,0.0,0.0,13
201500014041,15,5,2,1730,1,2,1,1,6,13055,M,4328676.0,542527.0,13
201500014042,15,2,4,1530,1,2,1,2,6,13055,M,,,13
201500014043,15,5,2,2215,5,2,1,1,6,13055,M,4327666.0,537182.0,13
201500014044,15,1,31,1830,5,2,1,1,6,13055,M,4329052.0,537794.0,13
201500014045,15,5,3,45,5,2,1,1,6,13055,M,4328473.0,539270.0,13
201500014046,15,5,1,1700,1,2,1,1,7,13055,M,4328933.0,535482.0,13
201500014047,15,1,24,1825,5,2,1,6,6,13055,M,4330427.0,538875.0,13
201500014048,15,5,3,530,5,2,1,1,7,13055,M,4328015.0,536870.0,13
201500014049,15,1,28,1930,5,2,1,1,6,13055,M,4326846.0,540495.0,13
201500014050,15,5,3,2145,5,2,2,1,3,13055,M,4334960.0,537527.0,13
201500014051,15,1,29,1345,1,2,2,2,3,13055,M,4330161.0,538166.0,13
201500014052,15,1,12,1210,1,2,1,1,7,13055,M,4328726.0,544642.0,13
201500014053,15,4,13,1600,1,2,1,1,3,13055,M,,,13
201500014054,15,5,4,1210,1,2,1,1,6,13055,M,4333233.0,536449.0,13
201500014055,15,4,29,1730,1,1,1,1,7,13002,M,,,13
201500014056,15,1,28,850,1,2,1,1,2,13055,M,4335497.0,533590.0,13
201500014057,15,2,2,1530,1,2,1,1,6,13055,M,,,13
201500014058,15,5,4,1725,1,2,1,1,6,13055,M,4327087.0,542500.0,13
201500014059,15,1,31,1320,1,2,2,1,6,13055,M,4334733.0,537840.0,13
201500014060,15,5,4,1650,1,2,3,1,3,13055,M,4328946.0,536404.0,13
201500014061,15,1,30,835,1,2,1,1,6,13055,M,4333571.0,542077.0,13
201500014062,15,5,5,800,1,1,1,1,7,13055,M,4323988.0,545581.0,13
201500014063,15,1,30,1400,1,2,3,1,7,13055,M,4333361.0,539609.0,13
201500014064,15,5,4,1930,1,1,1,1,6,13055,M,4327754.0,535623.0,13
201500014065,15,1,31,1005,1,2,2,1,3,13055,M,4330290.0,536982.0,13
201500014066,15,5,5,1500,1,2,1,1,2,13055,M,4324817.0,540617.0,13
201500014067,15,1,6,730,1,2,3,1,3,13055,M,4332624.0,536103.0,13
201500014068,15,4,12,1230,1,2,1,1,2,13055,M,4333953.0,541818.0,13
201500014069,15,2,3,1430,1,2,1,2,7,13055,M,4329835.0,542138.0,13
201500014070,15,5,6,910,1,1,1,1,2,13055,M,4332103.0,537475.0,13
201500014071,15,1,26,1515,1,2,1,1,6,13055,M,4330618.0,539391.0,13
201500014072,15,5,6,938,1,2,3,1,2,13055,M,4326772.0,538927.0,13
201500014073,15,5,6,1100,1,2,2,1,3,13055,M,4329644.0,536608.0,13
201500014074,15,4,9,830,1,2,1,1,3,13055,M,4327270.0,540085.0,13
201500014075,15,4,30,1650,1,2,1,1,5,13055,M,4328822.0,541045.0,13
201500014076,15,2,1,1350,1,2,1,1,6,13002,M,,,13
201500014077,15,5,6,1245,1,2,1,1,3,13055,M,4328855.0,550105.0,13
201500014078,15,2,27,645,5,2,1,2,5,13055,M,,,13
201500014079,15,5,7,935,1,2,1,1,4,13055,M,4328766.0,539036.0,13
201500014080,15,2,27,605,5,2,1,2,7,13055,M,4326508.0,540374.0,13
201500014081,15,5,7,830,1,2,1,1,3,13055,M,4328153.0,542578.0,13
201500014082,15,5,7,730,1,2,1,1,6,13055,M,4332808.0,542508.0,13
201500014083,15,2,9,1315,1,2,1,1,6,13055,M,4328127.0,539950.0,13
201500014084,15,5,7,1140,1,2,1,1,2,13055,M,4327658.0,539766.0,13
201500014085,15,2,11,2145,5,2,2,1,6,13055,M,4329926.0,537413.0,13
201500014086,15,5,7,1120,1,2,5,1,1,13055,M,4330279.0,539664.0,13
201500014087,15,2,10,1530,1,2,1,1,6,13055,M,,,13
201500014088,15,5,7,1350,1,2,1,1,3,13055,M,4333237.0,536448.0,13
201500014089,15,5,6,1900,1,2,1,1,6,13055,M,4338086.0,535760.0,13
201500014090,15,2,9,1630,1,2,1,1,2,13055,M,,,13
201500014091,15,5,7,1625,1,2,1,1,3,13055,M,4333679.0,543491.0,13
201500014092,15,1,30,1600,1,2,3,1,3,13055,M,4329677.0,537253.0,13
201500014093,15,5,7,1645,1,2,1,1,1,13055,M,4333196.0,538199.0,13
201500014094,15,1,21,950,1,2,1,3,3,13055,M,4334650.0,544893.0,13
201500014095,15,5,8,2015,1,2,1,1,6,13055,M,4332923.0,538429.0,13
201500014096,15,2,11,1045,1,2,3,1,3,13055,M,4333888.0,536222.0,13
201500014097,15,5,6,1400,1,1,1,1,3,13055,M,4329170.0,541259.0,13
201500014098,15,2,14,1315,1,2,1,3,2,13055,M,4325356.0,539453.0,13
201500014099,15,5,8,2030,1,2,1,1,7,13055,M,4334014.0,537017.0,13
201500014100,15,1,30,1500,1,2,1,1,6,13055,M,4327495.0,539514.0,13
201500014101,15,5,8,2220,5,2,9,1,1,13055,M,,,13
201500014102,15,2,12,1445,1,2,1,1,6,13055,M,4327912.0,538312.0,13
201500014103,15,5,8,2015,5,2,1,1,1,13055,M,4329321.0,537063.0,13
201500014104,15,2,14,600,5,2,1,2,6,13055,M,4327274.0,539167.0,13
201500014105,15,5,9,1130,1,2,1,1,1,13055,M,,,13
201500014106,15,5,9,5,5,2,1,1,2,13055,M,4329174.0,540056.0,13
201500014107,15,2,11,1500,1,2,1,1,6,13055,M,4329684.0,536710.0,13
201500014108,15,1,24,1200,1,2,1,1,7,13055,M,4329404.0,541178.0,13
201500014109,15,5,9,1330,1,2,3,1,3,13055,M,4325863.0,539914.0,13
201500014110,15,5,9,1330,1,2,1,1,1,13055,M,4331084.0,546758.0,13
201500014111,15,2,7,1840,5,2,1,1,6,13055,M,,,13
201500014112,15,2,9,600,5,2,1,1,7,13055,M,4326484.0,539145.0,13
201500014113,15,5,9,1445,1,2,1,1,6,13055,M,4327925.0,539154.0,13
201500014114,15,2,4,1415,1,2,1,2,7,13055,M,4328153.0,542578.0,13
201500014115,15,5,9,1430,1,2,1,1,3,13055,M,4328871.0,542561.0,13
201500014116,15,1,30,800,1,2,1,1,6,13055,M,4331971.0,536952.0,13
201500014117,15,5,10,540,3,1,1,1,6,13055,M,,,13
201500014118,15,4,18,1100,1,2,3,1,6,13055,M,4326749.0,538938.0,13
201500014119,15,2,8,450,5,2,1,1,7,13055,M,4332404.0,544305.0,13
201500014120,15,5,10,1240,1,2,1,1,3,13055,M,4333137.0,540571.0,13
201500014121,15,2,3,1915,5,2,6,3,3,13055,M,4332017.0,541486.0,13
201500014122,15,5,10,1730,1,2,1,1,2,13055,M,4331413.0,538718.0,13
201500014123,15,2,6,1400,1,2,1,1,2,13055,M,4328914.0,537759.0,13
201500014124,15,5,2,1635,1,2,1,1,6,13055,M,4330114.0,540078.0,13
201500014125,15,2,9,2110,5,2,3,1,3,13055,M,4330193.0,540071.0,13
201500014126,15,5,11,600,1,2,1,1,6,13055,M,4334946.0,535775.0,13
201500014127,15,2,8,1150,1,2,1,1,6,13055,M,4329778.0,536948.0,13
201500014128,15,5,11,830,1,2,1,1,2,13055,M,4324531.0,537302.0,13
201500014129,15,1,15,1125,1,2,2,1,3,13055,M,4329987.0,539968.0,13
201500014130,15,5,11,758,1,2,1,1,2,13055,M,4334055.0,534863.0,13
201500014131,15,2,10,640,5,2,3,1,3,13055,M,4331373.0,536796.0,13
201500014132,15,5,4,1920,1,2,3,1,2,13002,M,4332364.0,549213.0,13
201500014133,15,2,6,730,1,2,2,1,3,13055,M,4329972.0,538227.0,13
201500014134,15,5,11,1230,1,2,1,1,5,13055,M,4333019.0,535898.0,13
201500014135,15,2,6,1220,1,2,1,8,6,13055,M,,,13
201500014136,15,5,11,1100,1,1,1,1,6,13055,M,4325462.0,538920.0,13
201500014137,15,10,20,1330,1,2,1,1,3,13055,M,4329980.0,538755.0,13
201500014138,15,5,11,1615,1,2,3,1,3,13055,M,4333101.0,540642.0,13
201500014139,15,5,11,1527,1,2,1,1,6,13055,M,4325889.0,541707.0,13
201500014140,15,5,12,815,1,2,1,1,6,13055,M,4331213.0,537676.0,13
201500014141,15,5,12,1555,1,2,1,1,3,13055,M,4327564.0,539566.0,13
201500014142,15,3,5,1820,2,2,1,1,6,13055,M,4326888.0,536908.0,13
201500014143,15,5,8,250,5,2,1,1,2,13055,M,4326273.0,537644.0,13
201500014144,15,5,13,100,5,2,5,1,3,13055,M,4331380.0,540597.0,13
201500014145,15,5,13,300,5,2,2,1,3,13055,M,4330160.0,538166.0,13
201500014146,15,5,12,1100,1,2,1,1,2,13055,M,4333296.0,540710.0,13
201500014147,15,11,14,1005,1,2,1,1,6,13055,M,4327450.0,536139.0,13
201500014148,15,5,11,1215,1,2,1,1,3,13055,M,4326934.0,540490.0,13
201500014149,15,5,13,1115,1,1,1,1,1,13055,M,4327619.0,538957.0,13
201500014150,15,5,12,1530,1,2,1,1,6,13055,M,,,13
201500014151,15,5,7,1510,1,2,1,1,5,13055,M,4327599.0,536092.0,13
201500014152,15,5,13,1415,1,2,1,1,2,13055,M,4329011.0,539933.0,13
201500014153,15,5,13,1620,1,2,1,1,4,13055,M,4325341.0,538207.0,13
201500014154,15,3,9,1040,1,2,1,1,6,13055,M,4326283.0,539677.0,13
201500014155,15,5,13,1930,1,2,1,1,4,13055,M,4337316.0,535507.0,13
201500014156,15,3,9,2131,5,2,2,1,3,13055,M,4329025.0,537585.0,13
201500014157,15,1,13,745,1,2,3,1,3,13055,M,4326788.0,542670.0,13
201500014158,15,5,13,1900,1,2,1,1,1,13055,M,4328332.0,540122.0,13
201500014159,15,2,3,840,1,2,1,1,1,13055,M,4330976.0,537956.0,13
201500014160,15,5,13,1925,1,2,1,1,2,13055,M,4331593.0,538451.0,13
201500014161,15,5,14,328,5,2,2,1,3,13055,M,4329041.0,537577.0,13
201500014162,15,1,30,1800,3,2,3,1,3,13055,M,,,13
201500014163,15,4,26,1625,1,2,1,1,3,13055,M,4331144.0,538752.0,13
201500014164,15,4,21,1500,1,2,1,1,2,13055,M,,,13
201500014165,15,2,1,1800,5,2,2,1,6,13075,M,,,13
201500014166,15,2,9,1200,1,2,2,1,6,13055,M,4329577.0,540043.0,13
201500014167,15,5,14,1700,1,2,6,1,3,13055,M,4327279.0,539115.0,13
201500014168,15,5,14,1850,1,2,1,1,2,13055,M,4331502.0,538799.0,13
201500014169,15,5,14,2345,5,2,3,1,3,13055,M,4330904.0,537840.0,13
201500014170,15,5,8,1440,1,2,9,1,3,13055,M,4328807.0,539527.0,13
201500014171,15,5,15,1410,1,2,1,1,6,13055,M,4330199.0,551433.0,13
201500014172,15,5,16,30,5,2,1,1,2,13055,M,4324927.0,539700.0,13
201500014173,15,1,14,1915,5,2,1,1,6,13055,M,4328054.0,539353.0,13
201500014174,15,4,17,1050,1,2,1,1,3,13055,M,4332798.0,535973.0,13
201500014175,15,5,16,1600,1,2,1,1,1,13055,M,4333877.0,539118.0,13
201500014176,15,2,5,245,5,2,1,3,6,13055,M,4325684.0,537648.0,13
201500014177,15,5,17,855,1,2,1,1,5,13055,M,4333065.0,540499.0,13
201500014178,15,4,21,1835,1,2,1,1,4,13055,M,4337330.0,535467.0,13
201500014179,15,2,5,745,1,2,1,1,1,13055,M,4327547.0,535987.0,13
201500014180,15,2,3,1630,1,2,3,3,1,13055,M,4335306.0,543802.0,13
201500014181,15,5,17,715,1,2,3,1,3,13055,M,4325012.0,539597.0,13
201500014182,15,1,30,530,5,2,1,9,6,13055,M,4334709.0,535539.0,13
201500014183,15,5,17,845,1,1,1,1,3,13002,M,4336334.0,549583.0,13
201500014184,15,2,3,1150,1,2,1,2,6,13055,M,4332580.0,537877.0,13
201500014185,15,5,16,1830,1,2,1,1,3,13055,M,4329236.0,536623.0,13
201500014186,15,2,2,2030,5,2,2,1,3,13055,M,4328211.0,550031.0,13
201500014187,15,5,17,420,5,2,1,1,6,13055,M,4326951.0,538868.0,13
201500014188,15,5,13,1315,1,2,1,1,3,13055,M,4329968.0,538716.0,13
201500014189,15,2,5,900,1,2,3,1,3,13055,M,4324947.0,542263.0,13
201500014190,15,1,9,800,1,2,1,2,4,13055,M,4327360.0,541354.0,13
201500014191,15,5,18,1620,1,2,1,1,6,13055,M,4330532.0,537222.0,13
201500014192,15,2,7,1240,1,2,1,1,6,13055,M,4330769.0,546801.0,13
201500014193,15,5,18,1645,1,1,1,1,2,13055,M,4335415.0,537114.0,13
201500014194,15,5,18,1915,1,2,1,1,6,13055,M,4325270.0,540221.0,13
201500014195,15,5,18,2319,5,2,3,1,3,13055,M,4325980.0,540225.0,13
201500014196,15,5,18,1120,1,2,1,1,3,13055,M,,,13
201500014197,15,5,18,1100,1,2,3,1,6,13055,M,4327375.0,541388.0,13
201500014198,15,1,30,1430,1,2,1,1,6,13055,M,4328766.0,546479.0,13
201500014199,15,5,18,1900,1,2,1,1,3,13055,M,4326090.0,539813.0,13
201500014200,15,2,6,650,5,2,1,8,6,13055,M,,,13
201500014201,15,5,18,1620,1,2,3,1,3,13055,M,4332701.0,539583.0,13
201500014202,15,2,4,1000,1,2,1,2,7,13055,M,,,13
201500014203,15,5,19,1600,1,2,9,1,6,13055,M,4332954.0,536543.0,13
201500014204,15,2,3,1815,3,2,1,2,6,13055,M,,,13
201500014205,15,5,19,2311,5,2,1,1,6,13055,M,4329873.0,537933.0,13
201500014206,15,2,6,2220,5,2,2,1,3,13055,M,4328672.0,539036.0,13
201500014207,15,5,19,1830,1,2,1,1,6,13055,M,4331242.0,538705.0,13
201500014208,15,2,4,2130,5,2,1,2,6,13055,M,,,13
201500014209,15,5,15,1100,1,1,1,1,6,13055,M,4330299.0,539714.0,13
201500014210,15,5,13,1830,1,2,1,1,1,13055,M,0.0,0.0,13
201500014211,15,2,2,530,3,2,1,9,6,13055,M,4332433.0,544310.0,13
201500014212,15,5,20,1350,1,2,1,1,6,13055,M,4333447.0,542874.0,13
201500014213,15,1,31,1245,1,2,1,1,6,13055,M,4333482.0,545091.0,13
201500014214,15,5,19,1220,1,2,2,1,6,13055,M,4330108.0,539129.0,13
201500014215,15,5,20,915,1,2,5,1,1,13055,M,4326675.0,540286.0,13
201500014216,15,5,20,1150,1,2,1,1,6,13075,M,4334762.0,546392.0,13
201500014217,15,5,20,1710,1,2,1,1,6,13055,M,4328986.0,539843.0,13
201500014218,15,5,20,1615,1,2,1,1,6,13055,M,4326486.0,537976.0,13
201500014219,15,5,20,2105,5,2,4,6,3,13055,M,4328840.0,542524.0,13
201500014220,15,5,21,730,1,2,2,1,3,13055,M,4334806.0,537689.0,13
201500014221,15,5,21,1204,1,2,1,1,6,13055,M,4329380.0,540959.0,13
201500014222,15,5,20,1450,1,2,1,1,4,13055,M,4326549.0,539687.0,13
201500014223,15,3,8,25,5,2,2,1,6,13055,M,4333177.0,538701.0,13
201500014224,15,5,21,1515,1,2,2,1,3,13055,M,4329573.0,539076.0,13
201500014225,15,5,21,1200,1,2,1,1,3,13055,M,4324964.0,540482.0,13
201500014226,15,5,17,150,5,2,2,1,3,13055,M,4328642.0,538563.0,13
201500014227,15,5,15,1300,1,1,1,1,6,13055,M,4330586.0,538373.0,13
201500014228,15,5,21,1900,1,2,1,1,3,13055,M,4329978.0,536365.0,13