Num_Acc,an,mois,jour,hrmn,lum,agg,int,atm,col,com,gps,lat,long,dep
201500014229,15,5,16,630,1,2,3,1,6,13055,M,4329375.0,540132.0,13
201500014230,15,5,22,1300,1,2,3,1,1,13055,M,4327249.0,541125.0,13
201500014231,15,1,29,1815,5,2,1,1,6,13055,M,4327964.0,538574.0,13
201500014232,15,5,22,1715,1,2,1,1,3,13055,M,4332511.0,536699.0,13
201500014233,15,2,11,715,5,2,1,1,7,13055,M,,,13
201500014234,15,5,22,1635,1,2,1,1,6,13055,M,4327891.0,538803.0,13
201500014235,15,2,3,1635,1,2,1,2,6,13002,M,4335586.0,548662.0,13
201500014236,15,5,19,1100,1,2,1,1,3,13055,M,4327278.0,539958.0,13
201500014237,15,1,30,1930,5,2,1,1,6,13055,M,4333006.0,541317.0,13
201500014238,15,5,23,224,5,2,1,1,7,13055,M,4332750.0,536616.0,13
201500014239,15,5,22,1020,1,2,1,1,5,13055,M,4329946.0,538099.0,13
201500014240,15,2,11,1440,1,2,1,1,2,13002,M,4333824.0,547782.0,13
201500014241,15,5,23,520,5,2,1,1,6,13055,M,4324645.0,540836.0,13
201500014242,15,5,23,400,5,2,1,1,6,13055,M,4328524.0,536730.0,13
201500014243,15,5,23,1605,1,2,1,1,3,13055,M,4327248.0,540103.0,13
201500014244,15,1,28,1030,1,2,1,1,6,13055,M,4327971.0,542420.0,13
201500014245,15,5,23,1705,1,2,3,1,3,13055,M,4331170.0,537738.0,13
201500014246,15,5,23,2045,5,2,1,1,1,13055,M,4327557.0,539574.0,13
201500014247,15,2,9,1850,5,2,1,1,6,13055,M,4327971.0,542425.0,13
201500014248,15,5,24,5,5,1,2,1,3,13055,M,4328918.0,538734.0,13
201500014249,15,2,12,750,1,2,3,1,1,13055,M,4326798.0,541843.0,13
201500014250,15,5,23,1820,1,1,1,1,6,13055,M,4333048.0,538607.0,13
201500014251,15,2,7,1400,1,2,1,1,2,13002,M,4333110.0,548862.0,13
201500014252,15,5,24,635,2,2,1,1,6,13055,M,4329797.0,540592.0,13
201500014253,15,5,15,937,1,1,1,1,3,13055,M,4329896.0,538493.0,13
201500014254,15,5,24,1230,1,2,3,1,3,13055,M,0.0,0.0,13
201500014255,15,5,13,1030,1,2,2,1,3,13055,M,4329694.0,537366.0,13
201500014256,15,3,13,1900,5,2,1,1,6,13055,M,4327287.0,541192.0,13
201500014257,15,5,24,920,1,2,1,1,3,13055,M,4337362.0,535583.0,13
201500014258,15,2,8,1500,1,2,2,1,3,13055,M,4330903.0,537840.0,13
201500014259,15,5,13,1345,1,2,1,1,2,13055,M,4330460.0,540103.0,13
201500014260,15,2,11,2030,5,2,3,1,6,13055,M,4333054.0,543059.0,13
201500014261,15,5,19,1620,1,2,2,1,5,13055,M,4328995.0,537256.0,13
201500014262,15,2,3,1515,1,2,1,3,6,13055,M,4330538.0,536538.0,13
201500014263,15,5,20,750,1,2,1,1,3,13055,M,4326778.0,541152.0,13
201500014264,15,2,10,1920,5,1,1,1,7,13055,M,,,13
201500014265,15,5,25,1515,1,2,1,1,3,13055,M,4325684.0,537646.0,13
201500014266,15,5,25,2045,1,2,1,1,1,13055,M,4327648.0,535825.0,13
201500014267,15,1,13,1645,1,2,1,1,6,13055,M,4330240.0,539554.0,13
201500014268,15,2,18,2000,5,2,1,1,2,13055,M,,,13
201500014269,15,5,26,828,1,2,3,1,6,13055,M,4330325.0,537896.0,13
201500014270,15,2,18,1010,1,2,1,1,2,13055,M,,,13
201500014271,15,5,26,1645,1,2,1,1,3,13055,M,4326934.0,540490.0,13
201500014272,15,5,26,1715,1,1,1,1,6,13055,M,4335759.0,535753.0,13
201500014273,15,5,26,2030,2,2,2,1,6,13055,M,4334733.0,537840.0,13
201500014274,15,5,2,1110,1,2,1,1,7,13055,M,4330793.0,540189.0,13
201500014275,15,1,30,1250,1,2,1,1,6,13055,M,4330292.0,537499.0,13
201500014276,15,5,27,1130,1,2,1,1,6,13055,M,4336006.0,531997.0,13
201500014277,15,5,27,1329,1,2,1,1,2,13055,M,4327828.0,539764.0,13
201500014278,15,5,27,1523,1,1,1,1,6,13055,M,4330736.0,537138.0,13
201500014279,15,5,27,1125,1,2,1,1,2,13055,M,4329972.0,537595.0,13
201500014280,15,5,27,1700,1,2,1,1,6,13055,M,4330762.0,542556.0,13
201500014281,15,2,11,1030,1,2,1,1,2,13055,M,4325493.0,538211.0,13
201500014282,15,5,27,1735,1,2,1,1,6,13055,M,4327974.0,541809.0,13
201500014283,15,2,20,1530,1,2,1,1,6,13055,M,4329823.0,541330.0,13
201500014284,15,5,27,2225,5,2,3,1,3,13055,M,4328872.0,545833.0,13
201500014285,15,2,16,1600,1,2,1,1,4,13055,M,4325466.0,540137.0,13
201500014286,15,5,28,240,5,2,2,1,3,13055,M,4329242.0,537495.0,13
201500014287,15,1,23,1920,5,2,1,1,2,13075,M,4334847.0,546578.0,13
201500014288,15,5,28,340,5,2,1,1,3,13055,M,4329450.0,540139.0,13
201500014289,15,2,24,1730,2,2,1,1,6,13055,M,4334826.0,535896.0,13
201500014290,15,5,17,1130,1,2,2,1,3,13055,M,4328779.0,537824.0,13
201500014291,15,2,26,1715,1,2,1,1,6,13055,M,4328161.0,538581.0,13
201500014292,15,5,27,1730,1,2,1,1,1,13055,M,4327184.0,538589.0,13
201500014293,15,2,12,1130,1,2,1,1,2,13055,M,,,13
201500014294,15,5,28,300,5,2,2,1,3,13055,M,4328995.0,537255.0,13
201500014295,15,2,3,1115,1,2,2,1,3,13055,M,,,13
201500014296,15,5,28,1145,1,2,1,1,6,13055,M,4328853.0,537598.0,13
201500014297,15,2,25,915,1,2,1,1,6,13055,M,4330166.0,539806.0,13
201500014298,15,5,28,1430,1,2,1,1,2,13055,M,4332998.0,539649.0,13
201500014299,15,5,23,1420,1,2,1,1,6,13055,M,4329726.0,539393.0,13
201500014300,15,2,25,945,1,1,1,1,6,13055,M,,,13
201500014301,15,5,28,1715,1,2,1,1,2,13055,M,4331727.0,538138.0,13
201500014302,15,5,28,1750,1,2,1,1,3,13055,M,4328166.0,540450.0,13
201500014303,15,5,28,1800,1,2,1,1,3,13055,M,4326727.0,538354.0,13
201500014304,15,3,1,1230,1,2,1,1,6,13055,M,,,13
201500014305,15,2,25,1124,1,2,1,1,6,13055,M,4330559.0,541784.0,13
201500014306,15,5,28,1915,1,2,1,1,3,13055,M,4336078.0,532856.0,13
201500014307,15,2,21,2050,5,2,2,1,6,13055,M,4329379.0,540960.0,13
201500014308,15,2,19,607,5,2,1,1,1,13055,M,,,13
201500014309,15,5,28,830,1,2,1,1,6,13055,M,4329563.0,544834.0,13
201500014310,15,2,17,200,5,2,1,2,6,13055,M,,,13
201500014311,15,5,21,2005,1,2,1,1,3,13055,M,4329888.0,540074.0,13
201500014312,15,2,20,1730,1,2,1,1,2,13075,M,4333762.0,548346.0,13
201500014313,15,5,29,800,1,2,1,1,3,13055,M,4330713.0,537176.0,13
201500014314,15,5,29,730,1,2,1,1,7,13055,M,4332023.0,537162.0,13
201500014315,15,2,22,120,5,2,1,1,6,13055,M,4325792.0,539929.0,13
201500014316,15,5,28,2000,1,2,1,1,3,13055,M,4334724.0,537836.0,13
201500014317,15,1,30,1940,5,2,1,1,2,13055,M,4328622.0,535122.0,13
201500014318,15,5,29,1215,1,2,1,1,3,13055,M,4331158.0,537862.0,13
201500014319,15,1,7,815,1,2,1,1,6,13055,M,4329325.0,540426.0,13
201500014320,15,5,29,1820,1,2,1,1,2,13055,M,4330879.0,540253.0,13
201500014321,15,2,24,915,1,2,1,1,6,13055,M,4328630.0,538548.0,13
201500014322,15,1,25,730,2,2,2,1,3,13055,M,4330062.0,538835.0,13
201500014323,15,5,29,1855,1,2,8,1,6,13055,M,4329262.0,536753.0,13
201500014324,15,2,10,1815,1,2,1,1,1,13055,M,4329590.0,540232.0,13
201500014325,15,5,29,2110,5,2,1,1,2,13055,M,4338067.0,535752.0,13
201500014326,15,2,23,1005,1,2,2,1,3,13055,M,4327822.0,538321.0,13
201500014327,15,5,17,2031,1,2,1,1,2,13055,M,4329222.0,536334.0,13
201500014328,15,2,18,910,1,2,3,1,3,13106,M,4340885.0,536736.0,13
201500014329,15,5,30,215,5,2,1,1,3,13055,M,4328046.0,540816.0,13
201500014330,15,2,19,730,1,2,1,1,6,13055,M,4331213.0,537675.0,13
201500014331,15,5,29,1840,1,2,1,1,5,13055,M,0.0,0.0,13
201500014332,15,2,11,935,1,2,3,1,3,13055,M,4336165.0,0.0,13
201500014333,15,4,13,750,1,2,3,1,3,13055,M,,,13
201500014334,15,2,24,1410,1,2,1,1,7,13055,M,4328548.0,539882.0,13
201500014335,15,5,27,1205,1,2,3,1,5,13055,M,4333905.0,539231.0,13
201500014336,15,2,18,730,1,2,1,1,6,13055,M,4332239.0,536773.0,13
201500014337,15,5,18,1700,1,2,1,1,5,13055,M,4330507.0,551214.0,13
201500014338,15,2,18,1130,1,2,1,1,6,13055,M,4335514.0,537022.0,13
201500014339,15,5,30,1230,1,2,2,1,3,13055,M,4329563.0,539792.0,13
201500014340,15,4,11,1540,1,2,2,1,3,13055,M,4328780.0,537823.0,13
201500014341,15,2,23,700,1,2,1,1,1,13055,M,4332692.0,539550.0,13
201500014342,15,2,10,1715,1,2,1,1,6,13055,M,4333281.0,541995.0,13
201500014343,15,5,31,1030,1,2,1,1,3,13055,M,4325065.0,538858.0,13
201500014344,15,2,16,1800,1,2,1,1,6,13055,M,4332607.0,537717.0,13
201500014345,15,5,30,2015,1,2,1,1,6,13055,M,4329115.0,535909.0,13
201500014346,15,1,6,745,1,2,1,1,6,13055,M,4327989.0,539479.0,13
201500014347,15,5,31,1520,1,2,1,1,3,13055,M,4330985.0,537950.0,13
201500014348,15,2,19,750,2,2,1,1,6,13055,M,4337361.0,536723.0,13
201500014349,15,5,31,2130,5,2,1,1,3,13055,M,4326545.0,539558.0,13
201500014350,15,2,18,1924,5,2,1,1,7,13055,M,4333196.0,538198.0,13
201500014351,15,5,31,1815,1,2,3,1,3,13055,M,4330915.0,537175.0,13
201500014352,15,2,13,2100,5,2,2,2,3,13055,M,4331906.0,540816.0,13
201500014353,15,5,31,1715,1,1,1,1,4,13002,M,4336339.0,549879.0,13
201500014354,15,1,6,1830,5,2,2,1,1,13055,M,4329235.0,538345.0,13
201500014355,15,5,27,905,1,2,2,1,7,13055,M,4328101.0,535830.0,13
201500014356,15,2,2,1735,1,2,1,1,6,13055,M,4326730.0,539425.0,13
201500014357,15,5,29,1150,1,2,1,1,1,13055,M,4328406.0,543572.0,13
201500014358,15,2,21,1600,1,2,1,1,6,13055,M,4331730.0,543809.0,13
201500014359,15,6,1,1750,1,2,1,1,6,13055,M,4330781.0,542652.0,13
201500014360,15,1,26,1810,5,2,1,1,6,13055,M,4331775.0,541915.0,13
201500014361,15,5,28,2050,2,2,1,1,6,13055,M,4323716.0,536335.0,13
201500014362,15,2,18,1310,1,2,2,1,6,13055,M,4328546.0,538985.0,13
201500014363,15,5,27,845,1,2,1,1,2,13055,M,4329064.0,537125.0,13
201500014364,15,2,2,945,1,2,1,1,2,13055,M,4330456.0,537608.0,13
201500014365,15,5,26,1410,1,2,8,1,6,13055,M,4329118.0,538172.0,13
201500014366,15,2,14,1145,1,2,1,2,4,13055,M,4329314.0,538242.0,13
201500014367,15,6,2,1400,1,2,1,1,6,13055,M,4327539.0,538674.0,13
201500014368,15,2,9,1705,1,2,2,1,6,13055,M,4335307.0,543804.0,13
201500014369,15,6,2,1820,1,2,1,1,6,13055,M,4329566.0,544630.0,13
201500014370,15,6,2,2000,2,2,1,1,3,13055,M,4331886.0,537356.0,13
201500014371,15,1,23,830,1,2,1,1,1,13055,M,,,13
201500014372,15,6,2,2155,3,2,1,1,6,13055,M,4324632.0,543288.0,13
201500014373,15,2,5,1630,1,2,1,1,6,13055,M,4330365.0,539314.0,13
201500014374,15,6,2,1730,1,1,1,1,6,13055,M,4329755.0,539771.0,13
201500014375,15,2,20,1730,1,2,1,1,6,13055,M,4332260.0,545583.0,13
201500014376,15,6,3,1615,1,2,1,1,3,13055,M,4333138.0,543286.0,13
201500014377,15,2,23,2155,5,2,1,1,1,13055,M,4325278.0,539223.0,13
201500014378,15,6,3,1500,1,2,1,1,7,13055,M,4333909.0,542034.0,13
201500014379,15,6,3,1745,1,2,1,1,2,13055,M,4329158.0,540582.0,13
201500014380,15,6,3,1750,1,2,1,1,6,13055,M,4327498.0,538956.0,13
201500014381,15,6,3,1030,1,2,1,1,6,13055,M,4325122.0,541206.0,13
201500014382,15,2,18,810,1,2,1,1,6,13055,M,4331288.0,538627.0,13
201500014383,15,6,3,920,1,2,1,1,1,13055,M,4328355.0,541740.0,13
201500014384,15,2,9,1330,1,2,3,1,3,13055,M,4328320.0,541182.0,13
201500014385,15,6,4,810,1,2,1,1,6,13055,M,4332927.0,541896.0,13
201500014386,15,2,20,1145,1,2,1,1,6,13055,M,4326319.0,541100.0,13
201500014387,15,5,23,2002,1,2,9,1,3,13055,M,4329575.0,540018.0,13
201500014388,15,6,4,1800,1,1,1,1,1,13055,M,4328627.0,547230.0,13
201500014389,15,1,5,600,5,2,1,1,2,13055,M,4330847.0,540029.0,13
201500014390,15,6,4,1620,1,2,1,1,6,13055,M,4332522.0,543368.0,13
201500014391,15,6,5,755,1,2,1,1,5,13055,M,0.0,0.0,13
201500014392,15,6,2,950,1,2,1,1,1,13055,M,4333652.0,536300.0,13
201500014393,15,6,5,1245,1,2,1,1,6,13055,M,4331413.0,540295.0,13
201500014394,15,6,5,1630,1,2,2,1,2,13055,M,4328637.0,538575.0,13
201500014395,15,6,5,935,1,2,3,1,3,13055,M,4330298.0,544680.0,13
201500014396,15,6,6,1000,1,2,2,1,3,13055,M,4330300.0,544678.0,13
201500014397,15,3,1,2000,5,2,1,1,6,13055,M,,,13
201500014398,15,6,7,5,5,2,1,1,3,13055,M,4325777.0,537630.0,13
201500014399,15,2,27,800,2,2,2,2,3,13055,M,4327702.0,541362.0,13
201500014400,15,6,7,200,5,1,1,1,2,13055,M,4327891.0,538802.0,13
201500014401,15,6,7,135,5,2,1,1,1,13055,M,4325927.0,540063.0,13
201500014402,15,2,2,1600,1,2,1,1,2,13055,M,,,13
201500014403,15,6,6,1600,1,2,1,1,6,13055,M,4328547.0,542156.0,13
201500014404,15,3,1,1430,1,2,1,1,6,13055,M,4332153.0,536495.0,13
201500014405,15,6,6,2000,2,2,3,1,5,13055,M,4335980.0,535758.0,13
201500014406,15,2,28,1945,5,2,1,1,6,13055,M,,,13
201500014407,15,6,7,940,1,1,1,1,3,13075,M,4333825.0,545560.0,13
201500014408,15,2,25,1535,1,2,3,1,3,13055,M,4328583.0,547953.0,13
201500014409,15,6,3,1015,1,2,2,1,3,13055,M,4328788.0,537913.0,13
201500014410,15,2,18,1815,5,2,1,1,1,13055,M,4328581.0,540290.0,13
201500014411,15,6,7,1225,1,2,2,1,6,13055,M,4330323.0,544963.0,13
201500014412,15,2,27,700,2,2,1,2,1,13055,M,,,13
201500014413,15,6,7,1715,1,2,1,1,1,13055,M,4328874.0,542557.0,13
201500014414,15,2,12,1040,1,2,1,1,7,13002,M,4332621.0,549130.0,13
201500014415,15,3,21,40,5,1,1,1,1,13055,M,4328575.0,537360.0,13
201500014416,15,2,16,1430,1,2,1,1,6,13055,M,4329713.0,549466.0,13
201500014417,15,6,7,555,5,2,1,1,3,13055,M,4329632.0,540030.0,13
201500014418,15,6,7,1100,1,2,1,1,6,13055,M,4332249.0,538946.0,13
201500014419,15,2,8,1400,1,2,1,1,4,13055,M,4328460.0,537815.0,13
201500014420,15,6,1,1330,1,2,1,1,6,13055,M,4330387.0,540078.0,13
201500014421,15,2,19,1800,1,2,1,1,6,13055,M,4329401.0,538214.0,13
201500014422,15,6,8,1215,1,2,1,1,3,13055,M,4329067.0,537567.0,13
201500014423,15,2,14,1625,1,2,2,8,3,13055,M,4330092.0,538240.0,13
201500014424,15,6,8,1715,1,2,1,1,3,13055,M,4323474.0,543610.0,13
201500014425,15,1,26,1050,1,2,1,1,7,13055,M,,,13
201500014426,15,6,8,2120,5,2,2,1,3,13055,M,4326422.0,539216.0,13
201500014427,15,2,19,935,1,2,3,1,6,13055,M,4328993.0,538365.0,13
201500014428,15,6,8,2119,2,2,1,1,6,13055,M,4329935.0,538648.0,13
201500014429,15,2,6,1220,1,2,1,1,6,13055,M,4328358.0,539017.0,13
201500014430,15,6,9,1145,1,2,3,1,4,13055,M,4334577.0,542482.0,13
201500014431,15,2,12,1330,1,2,1,1,2,13055,M,4331358.0,536806.0,13
201500014432,15,6,9,1325,1,2,1,1,2,13055,M,4329192.0,540288.0,13
201500014433,15,2,12,1430,1,2,1,1,6,13055,M,4328427.0,535815.0,13
201500014434,15,6,9,1750,1,2,1,1,3,13055,M,4332524.0,536694.0,13
201500014435,15,2,17,1230,1,2,1,1,4,13055,M,4334641.0,535487.0,13
201500014436,15,6,9,1830,1,2,1,3,3,13055,M,4331239.0,544747.0,13
201500014437,15,2,12,1330,1,2,1,1,6,13055,M,4329625.0,537152.0,13
201500014438,15,6,9,2300,5,2,1,1,2,13055,M,4327091.0,539197.0,13
201500014439,15,2,14,1435,1,2,2,3,3,13055,M,4333021.0,542114.0,13
201500014440,15,6,9,2027,1,2,1,1,2,13055,M,4326224.0,537466.0,13
201500014441,15,2,26,1750,1,2,1,1,2,13055,M,,,13
201500014442,15,6,9,145,5,2,1,1,6,13055,M,4330430.0,540102.0,13
201500014443,15,2,6,2030,5,2,1,1,5,13055,M,4329022.0,536867.0,13
201500014444,15,7,3,1715,1,2,1,1,2,13055,M,4332202.0,538934.0,13
201500014445,15,7,23,815,1,2,1,1,7,13106,M,4340932.0,536652.0,13
201500014446,15,6,10,1230,1,2,3,1,3,13055,M,4331848.0,537955.0,13
201500014447,15,6,10,635,1,2,3,1,6,13055,M,4328488.0,539064.0,13
201500014448,15,6,5,550,1,2,1,1,3,13055,M,4326728.0,538354.0,13
201500014449,15,6,10,2220,5,2,1,1,5,13055,M,4330340.0,540473.0,13
201500014450,15,6,11,645,1,2,1,1,3,13055,M,4327818.0,540383.0,13
201500014451,15,6,11,810,1,2,3,1,3,13055,M,4331394.0,546292.0,13
201500014452,15,6,11,910,1,2,1,1,2,13055,M,4329870.0,539764.0,13
201500014453,15,6,11,1235,1,2,3,1,3,13055,M,4330418.0,543486.0,13
201500014454,15,5,18,1700,1,2,1,1,3,13055,M,4329209.0,543546.0,13
201500014455,15,3,8,530,5,2,1,1,6,13055,M,4328507.0,535019.0,13
201500014456,15,6,11,1625,1,2,1,1,6,13055,M,4329017.0,537344.0,13
201500014457,15,2,11,1130,1,2,1,1,6,13055,M,4328593.0,536018.0,13
201500014458,15,6,11,1915,1,2,1,1,6,13055,M,4329940.0,537694.0,13
201500014459,15,1,23,800,2,2,1,1,1,13055,M,4328094.0,539727.0,13
201500014460,15,6,6,2140,5,2,1,1,1,13055,M,4334170.0,541996.0,13
201500014461,15,3,6,625,5,2,1,1,7,13055,M,4328489.0,540448.0,13
201500014462,15,6,11,1250,1,2,1,1,6,13055,M,4328301.0,538725.0,13
201500014463,15,2,25,1800,2,2,1,1,6,13055,M,4331274.0,538388.0,13
201500014464,15,6,9,2055,2,2,2,1,1,13055,M,4328774.0,538266.0,13
201500014465,15,3,3,1418,1,2,1,1,6,13055,M,,,13
201500014466,15,6,12,715,1,2,1,3,2,13055,M,4335121.0,535843.0,13
201500014467,15,3,9,700,1,2,1,1,6,13055,M,4332455.0,536716.0,13
201500014468,15,6,12,1115,1,2,3,1,3,13055,M,4334147.0,537310.0,13
201500014469,15,2,27,1320,1,2,1,1,6,13055,M,,,13
201500014470,15,6,13,1000,1,2,1,1,2,13055,M,4331403.0,539804.0,13
201500014471,15,3,1,1210,1,2,1,2,6,13055,M,4333337.0,540303.0,13
201500014472,15,6,13,1325,1,2,1,1,3,13055,M,4328742.0,545794.0,13
201500014473,15,6,10,2120,2,2,3,1,1,13055,M,4335366.0,533656.0,13
201500014474,15,3,4,1430,1,2,1,1,6,13055,M,4329255.0,545804.0,13
201500014475,15,6,14,200,5,2,3,3,6,13055,M,4329959.0,543983.0,13
201500014476,15,1,5,530,5,2,1,1,7,13055,M,,,13
201500014477,15,6,13,850,1,2,1,1,3,13055,M,4328833.0,539223.0,13
201500014478,15,2,11,1615,1,2,1,1,6,13055,M,4329988.0,547740.0,13
201500014479,15,6,11,1530,1,2,1,1,2,13055,M,4332025.0,537708.0,13
201500014480,15,3,2,1450,1,2,1,1,6,13055,M,,,13
201500014481,15,5,27,900,1,2,1,1,6,13055,M,4328233.0,543035.0,13
201500014482,15,6,13,1955,1,2,1,1,3,13055,M,4324899.0,544243.0,13
201500014483,15,3,4,2320,5,2,1,1,6,13055,M,4335492.0,535726.0,13
201500014484,15,2,12,1130,1,2,1,1,6,13055,M,4326854.0,541418.0,13
201500014485,15,5,14,1330,1,2,1,1,6,13055,M,4333362.0,540744.0,13
201500014486,15,3,11,820,1,2,1,1,6,13055,M,4332554.0,539413.0,13
201500014487,15,6,14,1500,1,2,1,1,2,13055,M,4329493.0,544403.0,13
201500014488,15,3,11,1015,1,2,4,1,6,13055,M,4332553.0,543050.0,13
201500014489,15,6,14,1730,1,2,3,1,3,13055,M,4325739.0,539428.0,13
201500014490,15,3,11,1600,1,2,1,1,1,13055,M,4332844.0,538219.0,13
201500014491,15,6,14,2000,1,2,1,1,6,13055,M,4324728.0,540714.0,13
201500014492,15,3,11,1045,1,2,1,1,6,13055,M,4328022.0,539417.0,13
201500014493,15,6,14,2010,1,2,7,1,1,13055,M,4329774.0,540501.0,13
201500014494,15,6,14,2220,5,1,1,1,3,13055,M,4336336.0,535714.0,13
201500014495,15,2,27,844,1,2,2,2,6,13055,M,4330167.0,537447.0,13
201500014496,15,6,14,1950,1,2,1,1,6,13055,M,4324058.0,543869.0,13
201500014497,15,3,11,1120,1,2,2,1,3,13055,M,4330291.0,536982.0,13
201500014498,15,6,12,1820,1,1,1,1,6,13002,M,4333474.0,546880.0,13
201500014499,15,3,13,1650,1,2,1,1,6,13055,M,4336052.0,533441.0,13
201500014500,15,6,10,1825,1,2,3,1,3,13055,M,4328031.0,535352.0,13
201500014501,15,6,15,1300,1,2,2,1,3,13055,M,4331032.0,537110.0,13
201500014502,15,1,25,1320,1,2,1,1,6,13055,M,4331559.0,540376.0,13
201500014503,15,6,15,1015,1,1,1,1,3,13002,M,,,13
201500014504,15,6,16,815,1,2,1,1,2,13055,M,4326230.0,541343.0,13
201500014505,15,6,15,1550,1,2,1,1,6,13055,M,4330071.0,538550.0,13
201500014506,15,2,23,1000,1,2,1,1,6,13055,M,4328931.0,542732.0,13
201500014507,15,6,15,1815,1,2,1,1,2,13055,M,4333437.0,543770.0,13
201500014508,15,6,16,2300,5,2,2,2,3,13055,M,4328624.0,539912.0,13
201500014509,15,5,17,2100,2,2,1,1,6,13055,M,4331858.0,539029.0,13
201500014510,15,3,15,810,1,2,2,2,3,13055,M,4329669.0,540210.0,13
201500014511,15,2,19,1500,1,2,1,1,6,13055,M,4336181.0,536374.0,13
201500014512,15,6,16,2246,5,2,1,2,3,13055,M,4334226.0,540796.0,13
201500014513,15,6,16,1830,1,2,1,2,3,13055,M,4328866.0,545695.0,13
201500014514,15,6,17,715,1,1,1,1,5,13055,M,4327851.0,539924.0,13
201500014515,15,6,17,825,1,2,1,1,2,13055,M,4333322.0,539047.0,13
201500014516,15,6,17,1215,1,2,1,1,1,13055,M,4328321.0,540158.0,13
201500014517,15,6,17,1535,1,2,1,7,6,13106,M,4340877.0,536628.0,13
201500014518,15,6,17,1535,1,2,1,1,7,13055,M,4330448.0,539772.0,13
201500014519,15,6,17,2025,1,2,1,1,3,13055,M,4337995.0,536200.0,13
201500014520,15,6,17,2040,2,2,3,1,2,13055,M,4329195.0,539369.0,13
201500014521,15,3,5,1330,1,2,1,1,6,13055,M,4334790.0,535900.0,13
201500014522,15,6,17,1220,1,2,1,1,3,13055,M,4338512.0,536212.0,13
201500014523,15,6,18,640,1,2,1,1,2,13055,M,4337336.0,535408.0,13
201500014524,15,5,30,1630,1,2,1,1,3,13055,M,4328954.0,535757.0,13
201500014525,15,6,18,1530,1,2,3,1,2,13055,M,4328882.0,546136.0,13
201500014526,15,6,18,1550,1,2,1,1,3,13055,M,4326067.0,539797.0,13
201500014527,15,6,19,130,5,2,2,1,3,13055,M,4326484.0,540944.0,13
201500014528,15,6,19,225,5,2,1,1,6,13055,M,4329872.0,538091.0,13
201500014529,15,6,16,1025,1,2,1,1,3,13055,M,4331631.0,537326.0,13
201500014530,15,3,7,1630,1,2,1,1,6,13055,M,4328760.0,536601.0,13
201500014531,15,6,19,1515,1,2,1,1,3,13055,M,4331497.0,538759.0,13
201500014532,15,2,28,1330,1,2,1,1,6,13055,M,4328275.0,543217.0,13
201500014533,15,6,19,1600,1,2,1,1,2,13055,M,0.0,0.0,13
201500014534,15,3,15,330,5,1,1,1,3,13055,M,,,13
201500014535,15,3,14,2040,5,2,1,2,2,13055,M,4328863.0,535356.0,13
201500014536,15,6,19,2020,1,1,1,1,6,13055,M,4334514.0,535934.0,13
201500014537,15,6,20,20,5,2,1,1,6,13055,M,4329648.0,538133.0,13
201500014538,15,6,19,1000,1,2,1,1,7,13055,M,4329925.0,538018.0,13
201500014539,15,6,8,1009,1,2,1,1,2,13055,M,0.0,0.0,13
201500014540,15,2,27,1135,1,2,1,1,4,13055,M,,,13
201500014541,15,6,18,1910,1,2,1,1,3,13055,M,4328769.0,542519.0,13
201500014542,15,2,28,1042,1,2,3,1,3,13055,M,4328311.0,540170.0,13
201500014543,15,6,19,830,1,2,1,1,6,13055,M,4330969.0,539627.0,13
201500014544,15,3,7,1300,1,2,2,1,3,13055,M,4329241.0,538214.0,13
201500014545,15,6,20,420,1,2,2,1,3,13055,M,4330061.0,538835.0,13
201500014546,15,3,4,750,1,2,1,1,2,13055,M,4330353.0,542996.0,13
201500014547,15,6,10,700,2,2,3,2,1,13055,M,4329881.0,539048.0,13
201500014548,15,3,3,2055,5,2,1,1,6,13055,M,,,13
201500014549,15,6,20,1810,1,2,1,1,6,13055,M,,,13
201500014550,15,3,11,1715,1,2,1,1,6,13055,M,4326179.0,539715.0,13
201500014551,15,6,20,1950,1,2,1,1,3,13055,M,4326766.0,539315.0,13
201500014552,15,6,20,1700,1,2,1,1,6,13002,M,0.0,0.0,13
201500014553,15,3,6,1450,1,2,3,1,3,13055,M,4331968.0,537119.0,13
201500014554,15,6,21,1430,1,2,1,1,2,13055,M,4333767.0,535780.0,13
201500014555,15,3,2,1345,1,2,1,1,6,13055,M,,,13
201500014556,15,6,21,2345,5,2,9,1,6,13055,M,4329859.0,538387.0,13
201500014557,15,3,1,1915,5,2,1,1,6,13055,M,4331074.0,537854.0,13
201500014558,15,6,22,100,3,2,1,1,3,13055,M,4332699.0,535594.0,13
201500014559,15,3,5,1030,1,2,1,1,6,13055,M,4333146.0,537556.0,13
201500014560,15,6,9,1135,1,2,1,1,3,13055,M,4330763.0,542556.0,13