Num_Acc,an,mois,jour,hrmn,lum,agg,int,atm,col,com,gps,lat,long,dep
201500014561,15,6,20,1330,1,2,1,1,3,13055,M,4334596.0,544848.0,13
201500014562,15,3,2,1030,1,2,1,1,6,13055,M,,,13
201500014563,15,6,16,945,1,2,1,1,3,13055,M,4330109.0,539136.0,13
201500014564,15,3,7,820,1,2,2,1,3,13055,M,4324705.0,538291.0,13
201500014565,15,6,22,700,1,2,1,1,6,13055,M,4325095.0,538822.0,13
201500014566,15,2,13,1240,1,2,3,1,2,13055,M,4328348.0,538235.0,13
201500014567,15,6,22,810,1,2,3,1,3,13055,M,4325338.0,537607.0,13
201500014568,15,3,13,1950,5,2,1,1,4,13055,M,4329255.0,540066.0,13
201500014569,15,6,16,1150,1,2,1,1,3,13055,M,4336525.0,534801.0,13
201500014570,15,2,26,1130,1,2,1,1,6,13055,M,4328943.0,539656.0,13
201500014571,15,6,22,1310,1,1,1,1,2,13055,M,4326029.0,538700.0,13
201500014572,15,3,2,1500,1,2,1,1,3,13055,M,4329904.0,545285.0,13
201500014573,15,6,22,1350,1,2,2,1,3,13055,M,4326513.0,539546.0,13
201500014574,15,3,7,1015,1,2,1,1,6,13055,M,4325070.0,541547.0,13
201500014575,15,6,22,1650,1,2,3,1,3,13055,M,4324598.0,541830.0,13
201500014576,15,2,11,1200,1,2,3,1,6,13055,M,4329609.0,540621.0,13
201500014577,15,6,22,1740,1,2,1,1,2,13055,M,4333408.0,536138.0,13
201500014578,15,6,23,940,1,2,1,1,6,13055,M,4330185.0,539855.0,13
201500014579,15,3,7,1915,5,2,1,1,6,13055,M,4326201.0,540220.0,13
201500014580,15,6,23,1030,1,2,1,1,6,13055,M,4328468.0,539050.0,13
201500014581,15,6,11,1750,1,2,6,1,3,13055,M,4334796.0,534395.0,13
201500014582,15,6,15,1715,1,1,1,1,3,13055,M,4335832.0,532637.0,13
201500014583,15,6,24,740,1,2,1,1,6,13055,M,4324156.0,539850.0,13
201500014584,15,3,4,1430,1,2,1,1,2,13055,M,,,13
201500014585,15,6,24,930,1,2,2,1,6,13055,M,4331152.0,538602.0,13
201500014586,15,3,10,900,1,2,3,1,3,13055,M,4329173.0,540896.0,13
201500014587,15,6,4,1530,1,1,1,1,3,13055,M,4328053.0,540800.0,13
201500014588,15,3,10,1355,1,2,1,1,6,13055,M,4328337.0,538103.0,13
201500014589,15,6,20,1310,1,2,1,1,2,13055,M,4336439.0,534222.0,13
201500014590,15,1,30,1115,1,2,1,1,2,13055,M,4330183.0,538167.0,13
201500014591,15,6,24,1445,1,2,1,1,6,13055,M,4331160.0,536926.0,13
201500014592,15,3,13,805,1,2,1,1,2,13055,M,4324635.0,538763.0,13
201500014593,15,6,24,1945,1,1,1,1,2,13055,M,4330961.0,550168.0,13
201500014594,15,6,24,1920,1,2,1,1,6,13055,M,4334668.0,537826.0,13
201500014595,15,6,24,1945,1,2,2,1,1,13055,M,4328950.0,536444.0,13
201500014596,15,3,12,2215,5,2,3,1,3,13055,M,4325417.0,542082.0,13
201500014597,15,6,24,2030,2,2,1,1,2,13055,M,4326677.0,537260.0,13
201500014598,15,3,13,1215,1,2,1,1,6,13055,M,4329762.0,538098.0,13
201500014599,15,6,24,2220,5,1,2,1,2,13055,M,4328195.0,538563.0,13
201500014600,15,3,10,2148,5,2,1,2,6,13055,M,4327441.0,539022.0,13
201500014601,15,6,24,2120,1,2,3,1,3,13055,M,4336262.0,532083.0,13
201500014602,15,2,5,2130,5,2,1,1,6,13055,M,4330246.0,537715.0,13
201500014603,15,6,2,800,1,2,1,1,6,13055,M,4326686.0,540377.0,13
201500014604,15,2,18,810,1,2,1,1,6,13055,M,4328176.0,537452.0,13
201500014605,15,5,31,1200,1,2,1,1,3,13055,M,4328239.0,540562.0,13
201500014606,15,6,25,1500,1,2,3,1,3,13055,M,4327886.0,538806.0,13
201500014607,15,3,13,1930,5,2,1,1,6,13055,M,4326254.0,540466.0,13
201500014608,15,6,26,2245,5,1,2,1,3,13055,M,4331160.0,537133.0,13
201500014609,15,6,24,410,5,2,1,1,6,13055,M,4323249.0,540383.0,13
201500014610,15,6,25,1100,1,2,3,1,6,13055,M,4328680.0,538689.0,13
201500014611,15,3,6,710,2,2,2,1,3,13055,M,4328898.0,537765.0,13
201500014612,15,6,26,650,1,2,3,1,6,13055,M,4330800.0,543202.0,13
201500014613,15,6,17,1700,1,2,2,1,3,13055,M,4329694.0,537366.0,13
201500014614,15,2,22,1025,1,1,1,1,6,13055,M,4324860.0,537509.0,13
201500014615,15,6,26,1015,1,2,1,1,6,13055,M,4329772.0,536672.0,13
201500014616,15,2,24,1140,1,2,3,1,6,13055,M,4332412.0,538212.0,13
201500014617,15,6,10,905,1,2,1,1,3,13055,M,4328893.0,543260.0,13
201500014618,15,5,26,2000,2,2,1,1,3,13055,M,4336644.0,535561.0,13
201500014619,15,3,13,2000,5,2,2,1,3,13055,M,4336133.0,533722.0,13
201500014620,15,6,27,10,3,2,1,1,3,13055,M,4324552.0,541254.0,13
201500014621,15,6,27,155,5,2,1,1,1,13055,M,4330507.0,551210.0,13
201500014622,15,3,16,750,1,2,1,1,6,13055,M,4333025.0,537004.0,13
201500014623,15,6,27,130,5,2,1,1,7,13055,M,4330522.0,551188.0,13
201500014624,15,6,27,820,1,2,1,1,3,13055,M,4326850.0,538875.0,13
201500014625,15,6,27,1610,1,2,1,1,6,13055,M,4324915.0,539674.0,13
201500014626,15,3,14,1800,1,2,1,1,6,13055,M,4329196.0,535830.0,13
201500014627,15,6,27,630,1,2,1,1,7,13055,M,4328287.0,535051.0,13
201500014628,15,6,27,540,5,2,1,1,7,13055,M,4333489.0,538530.0,13
201500014629,15,6,10,820,1,2,3,1,4,13055,M,4329269.0,540141.0,13
201500014630,15,4,24,1330,1,2,1,1,2,13055,M,4326616.0,538999.0,13
201500014631,15,6,28,1330,1,2,1,1,4,13055,M,4332998.0,539650.0,13
201500014632,15,2,1,1400,1,2,1,1,6,13055,M,,,13
201500014633,15,6,28,1900,1,2,1,1,2,13055,M,4332824.0,540689.0,13
201500014634,15,6,29,30,5,2,1,1,7,13002,M,4336184.0,549389.0,13
201500014635,15,6,22,1700,1,2,1,1,6,13055,M,0.0,0.0,13
201500014636,15,6,29,930,1,2,1,1,6,13055,M,4327092.0,540410.0,13
201500014637,15,6,29,900,1,2,2,1,3,13055,M,4328672.0,539036.0,13
201500014638,15,3,10,1240,1,2,1,1,7,13055,M,4331145.0,544639.0,13
201500014639,15,6,29,1100,1,2,3,1,6,13055,M,4330149.0,539602.0,13
201500014640,15,6,17,1320,1,2,1,1,1,13055,M,4324295.0,540630.0,13
201500014641,15,6,25,800,1,2,3,1,3,13055,M,,,13
201500014642,15,6,26,945,1,2,1,1,3,13055,M,4328873.0,542560.0,13
201500014643,15,6,29,1338,1,2,1,1,3,13055,M,4331770.0,543869.0,13
201500014644,15,3,13,1410,1,2,1,1,6,13055,M,4332395.0,545612.0,13
201500014645,15,6,29,1645,1,2,3,1,2,13055,M,4330737.0,540144.0,13
201500014646,15,3,14,525,2,2,2,1,7,13055,M,4325012.0,539597.0,13
201500014647,15,6,29,1850,1,1,2,1,1,13055,M,4326852.0,540914.0,13
201500014648,15,3,11,1630,1,2,3,1,6,13055,M,4326375.0,539623.0,13
201500014649,15,6,30,130,5,2,1,1,2,13055,M,4334095.0,541131.0,13
201500014650,15,6,30,811,1,1,1,1,3,13055,M,4329564.0,543336.0,13
201500014651,15,6,29,1900,1,2,1,1,3,13055,M,4332694.0,536063.0,13
201500014652,15,6,30,1540,1,2,2,1,3,13055,M,4330309.0,536664.0,13
201500014653,15,6,30,2230,2,2,1,1,6,13055,M,4328297.0,539070.0,13
201500014654,15,3,15,1340,1,2,2,1,5,13055,M,4327592.0,541740.0,13
201500014655,15,6,30,2030,2,2,1,1,2,13055,M,4324482.0,537261.0,13
201500014656,15,3,12,1200,1,2,1,1,6,13055,M,4329748.0,549674.0,13
201500014657,15,7,1,215,5,2,1,1,2,13055,M,4327652.0,539763.0,13
201500014658,15,7,25,1030,1,2,1,1,6,13055,M,4334205.0,535998.0,13
201500014659,15,7,1,920,1,2,1,1,6,13055,M,4330656.0,542091.0,13
201500014660,15,7,1,2030,1,2,3,1,3,13055,M,4329528.0,537442.0,13
201500014661,15,7,1,315,5,2,1,1,6,13055,M,4331157.0,544430.0,13
201500014662,15,7,2,45,5,2,1,1,6,13055,M,4327959.0,535353.0,13
201500014663,15,6,30,1630,1,2,1,1,1,13055,M,4333223.0,540674.0,13
201500014664,15,7,1,1230,1,2,3,1,3,13075,M,4334713.0,546164.0,13
201500014665,15,7,2,1330,1,2,1,1,2,13055,M,4330168.0,547541.0,13
201500014666,15,7,2,1320,1,2,1,1,3,13055,M,4331814.0,537030.0,13
201500014667,15,7,1,1620,1,2,1,1,3,13055,M,4330133.0,538332.0,13
201500014668,15,7,2,1955,1,2,1,1,4,13055,M,4331728.0,538325.0,13
201500014669,15,1,1,615,5,2,1,1,7,13055,M,4329876.0,538436.0,13
201500014670,15,6,30,405,3,2,2,1,3,13055,M,4330019.0,538873.0,13
201500014671,15,3,4,1210,1,2,3,1,3,13055,M,4328780.0,537347.0,13
201500014672,15,7,1,1515,1,2,1,1,2,13055,M,4331656.0,539873.0,13
201500014673,15,7,2,1310,1,2,1,1,6,13055,M,4330173.0,539715.0,13
201500014674,15,7,3,645,1,1,1,1,6,13055,M,,,13
201500014675,15,7,2,1625,1,2,1,1,1,13055,M,4326891.0,542012.0,13
201500014676,15,6,26,945,1,2,1,1,3,13055,M,4327422.0,539405.0,13
201500014677,15,5,30,500,2,1,1,1,3,13055,M,0.0,0.0,13
201500014678,15,7,3,1445,1,2,1,1,6,13055,M,0.0,0.0,13
201500014679,15,7,3,1445,1,2,1,1,6,13055,M,4329509.0,537446.0,13
201500014680,15,7,3,1615,1,2,1,1,3,13055,M,4326719.0,540315.0,13
201500014681,15,3,14,1830,2,2,3,2,6,13055,M,4331592.0,540074.0,13
201500014682,15,7,3,1615,1,2,1,1,3,13055,M,4335182.0,543897.0,13
201500014683,15,7,3,1740,1,1,1,1,6,13055,M,4326748.0,539441.0,13
201500014684,15,7,3,1730,1,2,1,1,3,13055,M,4334911.0,537526.0,13
201500014685,15,7,3,1830,1,2,1,1,4,13055,M,0.0,0.0,13
201500014686,15,6,27,300,5,2,1,1,3,13055,M,4328359.0,541748.0,13
201500014687,15,7,3,1915,1,2,1,1,2,13055,M,4329794.0,542160.0,13
201500014688,15,7,3,2310,3,2,1,1,1,13055,M,4328769.0,539043.0,13
201500014689,15,7,2,1910,1,1,1,1,7,13002,M,0.0,0.0,13
201500014690,15,7,4,600,5,2,1,1,2,13055,M,4329593.0,548715.0,13
201500014691,15,7,3,1615,1,2,3,1,6,13055,M,4326748.0,538937.0,13
201500014692,15,7,4,1345,1,2,1,1,1,13055,M,4328820.0,545076.0,13
201500014693,15,7,4,1235,1,2,1,1,1,13055,M,4326849.0,540907.0,13
201500014694,15,7,4,1428,1,2,3,1,3,13055,M,4328900.0,543360.0,13
201500014695,15,3,13,1205,1,2,1,1,6,13055,M,4328867.0,536551.0,13
201500014696,15,7,4,1900,2,2,1,1,1,13055,M,4332139.0,538964.0,13
201500014697,15,7,4,1930,1,2,1,1,3,13055,M,4333448.0,538528.0,13
201500014698,15,6,22,1150,1,2,9,1,6,13055,M,4333849.0,536234.0,13
201500014699,15,7,5,930,1,2,1,1,2,13055,M,4334705.0,535538.0,13
201500014700,15,6,30,1130,1,1,1,1,6,13055,M,4323712.0,550300.0,13
201500014701,15,6,12,2040,1,2,1,3,3,13055,M,4329617.0,540523.0,13
201500014702,15,7,5,2015,1,2,1,1,7,13055,M,4331386.0,540718.0,13
201500014703,15,7,5,1414,1,2,1,1,6,13055,M,4331150.0,549972.0,13
201500014704,15,7,6,1600,1,2,1,1,3,13055,M,4332498.0,538241.0,13
201500014705,15,6,30,1820,1,2,2,1,3,13055,M,4328884.0,538290.0,13
201500014706,15,7,6,1650,1,2,4,1,6,13055,M,4329712.0,537968.0,13
201500014707,15,7,3,330,5,2,1,1,7,13055,M,4325105.0,537943.0,13
201500014708,15,7,7,1130,1,2,1,1,6,13055,M,4329231.0,547938.0,13
201500014709,15,7,6,1900,1,2,1,1,3,13055,M,4335988.0,531592.0,13
201500014710,15,7,7,2140,5,2,1,1,1,13055,M,4329628.0,537734.0,13
201500014711,15,7,7,1700,1,2,1,1,3,13055,M,4333643.0,539717.0,13
201500014712,15,7,7,1100,1,2,1,1,2,13055,M,4328858.0,535902.0,13
201500014713,15,6,25,750,1,2,1,1,1,13055,M,4329897.0,542939.0,13
201500014714,15,2,27,1650,1,2,2,1,3,13055,M,4328473.0,539214.0,13
201500014715,15,6,20,1140,1,2,1,1,2,13055,M,4327364.0,540045.0,13
201500014716,15,7,7,1010,1,2,1,1,3,13055,M,4330507.0,551212.0,13
201500014717,15,7,8,900,1,2,2,1,3,13055,M,4328673.0,539037.0,13
201500014718,15,7,8,1440,1,2,1,1,1,13055,M,4326745.0,540784.0,13
201500014719,15,7,8,2100,1,2,1,6,7,13055,M,4327058.0,540743.0,13
201500014720,15,6,13,1210,1,2,1,1,6,13055,M,4330092.0,539082.0,13
201500014721,15,7,9,1340,1,2,1,1,6,13055,M,4331472.0,537042.0,13
201500014722,15,7,9,1840,1,2,1,1,6,13055,M,4328634.0,538568.0,13
201500014723,15,7,9,2045,2,2,2,1,6,13055,M,4329906.0,538529.0,13
201500014724,15,6,22,30,5,2,2,1,3,13055,M,4330042.0,538068.0,13
201500014725,15,7,10,650,1,2,1,1,6,13055,M,4329340.0,545441.0,13
201500014726,15,1,23,1700,2,2,3,1,6,13055,M,4327823.0,538321.0,13
201500014727,15,7,10,1800,1,2,1,1,6,13055,M,4325433.0,538110.0,13
201500014728,15,2,26,1020,1,2,3,1,6,13055,M,4329561.0,539789.0,13
201500014729,15,7,10,1740,1,2,1,1,2,13055,M,4328787.0,540048.0,13
201500014730,15,7,24,1700,1,2,3,1,6,13055,M,4330021.0,538872.0,13
201500014731,15,2,15,1945,5,2,1,2,7,13055,M,,,13
201500014732,15,7,9,1530,1,2,1,1,3,13106,M,0.0,0.0,13
201500014733,15,6,26,450,5,2,1,1,3,13055,M,4328349.0,549970.0,13
201500014734,15,7,8,835,1,2,1,1,6,13055,M,4333966.0,537999.0,13
201500014735,15,7,11,1510,1,2,2,1,5,13055,M,4332581.0,537496.0,13
201500014736,15,7,11,1940,1,2,7,1,3,13055,M,4331892.0,536768.0,13
201500014737,15,7,11,2245,5,2,1,1,7,13055,M,4326181.0,537486.0,13
201500014738,15,7,11,2121,2,2,2,1,3,13055,M,,,13
201500014739,15,7,9,1700,1,2,4,1,3,13055,M,4330308.0,540245.0,13
201500014740,15,2,28,1715,2,2,1,1,2,13055,M,,,13
201500014741,15,7,6,1720,1,2,1,1,3,13055,M,4334791.0,537731.0,13
201500014742,15,7,7,1010,1,2,1,1,3,13055,M,4333632.0,535344.0,13
201500014743,15,7,2,830,1,2,1,1,1,13002,M,4333152.0,548628.0,13
201500014744,15,2,6,1205,1,2,1,1,2,13055,M,,,13
201500014745,15,7,12,1430,1,2,1,1,3,13055,M,,,13
201500014746,15,7,12,1920,1,1,1,1,1,13055,M,0.0,0.0,13
201500014747,15,6,26,655,5,2,1,1,3,13055,M,4325393.0,541982.0,13
201500014748,15,3,14,800,1,2,1,1,7,13055,M,4331236.0,540136.0,13
201500014749,15,7,13,1600,1,2,1,1,7,13055,M,4330163.0,539647.0,13
201500014750,15,6,1,1530,1,2,1,1,6,13055,M,4326564.0,541122.0,13
201500014751,15,7,14,150,5,2,1,1,3,13055,M,4337055.0,535623.0,13
201500014752,15,7,14,130,5,2,1,1,1,13055,M,4329906.0,538342.0,13
201500014753,15,7,14,1930,1,2,1,1,6,13055,M,4321933.0,534536.0,13
201500014754,15,7,14,2230,5,1,1,1,3,13055,M,4336519.0,534785.0,13
201500014755,15,7,14,2335,5,2,1,1,6,13055,M,4329620.0,537714.0,13
201500014756,15,7,14,2025,2,2,2,1,3,13055,M,4331022.0,546360.0,13
201500014757,15,7,7,2010,2,2,3,1,3,13055,M,4329250.0,538262.0,13
201500014758,15,7,14,1830,1,2,1,1,1,13055,M,4331000.0,546695.0,13
201500014759,15,7,12,324,5,2,1,1,7,13055,M,4331002.0,546691.0,13
201500014760,15,6,18,900,1,2,1,1,3,13055,M,4329009.0,536777.0,13
201500014761,15,7,15,1630,1,2,1,1,2,13055,M,4332000.0,540850.0,13
201500014762,15,7,15,1850,1,2,1,1,1,13055,M,4331846.0,537956.0,13
201500014763,15,7,8,1615,1,2,7,1,6,13055,M,4329299.0,537182.0,13
201500014764,15,6,25,1945,2,2,1,1,6,13055,M,4328754.0,537709.0,13
201500014765,15,7,9,1150,1,2,1,1,6,13055,M,4328898.0,536132.0,13
201500014766,15,5,27,910,1,2,1,1,7,13055,M,4325808.0,538351.0,13
201500014767,15,7,16,1630,1,2,1,1,3,13055,M,4330721.0,546848.0,13
201500014768,15,7,16,2245,5,2,1,1,6,13055,M,4330579.0,537251.0,13
201500014769,15,7,17,30,5,2,1,1,1,13055,M,4333104.0,543177.0,13
201500014770,15,7,16,1600,1,2,1,1,3,13106,M,4338715.0,535929.0,13
201500014771,15,7,17,845,1,2,1,1,5,13055,M,4330316.0,537400.0,13
201500014772,15,7,17,1400,1,2,1,1,2,13055,M,4334687.0,535916.0,13
201500014773,15,7,17,200,5,2,1,1,6,13055,M,4326570.0,537307.0,13
201500014774,15,7,17,2345,5,2,1,1,6,13055,M,4335452.0,533356.0,13
201500014775,15,7,16,1730,1,2,1,1,2,13055,M,4323716.0,550325.0,13
201500014776,15,7,18,1000,1,2,1,1,6,13055,M,4329097.0,538006.0,13
201500014777,15,7,17,1930,1,2,1,1,3,13055,M,4326893.0,536846.0,13
201500014778,15,7,18,1235,1,2,2,1,3,13055,M,4329007.0,539984.0,13
201500014779,15,7,19,700,1,2,1,1,3,13002,M,4333837.0,546712.0,13
201500014780,15,7,19,434,5,2,6,1,6,13055,M,4332766.0,541845.0,13
201500014781,15,7,19,2310,5,2,1,1,2,13055,M,4328236.0,539019.0,13
201500014782,15,7,19,2330,5,2,1,1,6,13055,M,4329085.0,538320.0,13
201500014783,15,7,20,25,3,2,1,1,2,13055,M,4330784.0,542967.0,13
201500014784,15,7,19,1930,1,1,1,1,1,13055,M,4331954.0,547046.0,13
201500014785,15,6,25,1515,1,2,2,1,3,13055,M,4328958.0,538239.0,13
201500014786,15,7,15,330,5,2,1,1,6,13055,M,4327030.0,536443.0,13
201500014787,15,7,13,1750,1,2,1,1,6,13055,M,4329397.0,538668.0,13
201500014788,15,7,21,1700,1,2,1,1,3,13055,M,4336559.0,535681.0,13
201500014789,15,7,21,1905,1,2,1,1,1,13055,M,4327455.0,541826.0,13
201500014790,15,7,20,1540,1,2,1,1,2,13055,M,4333098.0,537978.0,13
201500014791,15,7,21,1722,1,2,1,1,6,13106,M,4328784.0,546515.0,13
201500014792,15,6,12,930,1,2,1,1,2,13055,M,4330473.0,540086.0,13
201500014793,15,7,21,1600,1,2,3,1,1,13055,M,4333367.0,542020.0,13
201500014794,15,7,22,1515,1,2,3,1,3,13055,M,4333112.0,540618.0,13
201500014795,15,7,22,1620,1,2,1,1,2,13055,M,4331281.0,538351.0,13
201500014796,15,7,22,1415,1,1,1,1,2,13055,M,0.0,0.0,13
201500014797,15,7,16,1915,1,2,3,1,1,13055,M,4333353.0,539628.0,13
201500014798,15,3,13,720,1,2,2,1,6,13055,M,4330903.0,537840.0,13
201500014799,15,7,22,1720,1,2,1,1,6,13055,M,4328104.0,538913.0,13
201500014800,15,3,1,2330,5,1,1,2,6,13055,M,4333182.0,543399.0,13
201500014801,15,7,22,1745,1,2,3,1,3,13055,M,4330291.0,536982.0,13
201500014802,15,7,22,1945,1,2,1,1,6,13055,M,4332243.0,536426.0,13
201500014803,15,7,23,1550,1,2,3,1,3,13055,M,4327980.0,541835.0,13
201500014804,15,7,23,1600,1,2,1,1,3,13055,M,4331312.0,543117.0,13
201500014805,15,7,23,2300,5,2,2,1,3,13055,M,4331646.0,536840.0,13
201500014806,15,7,24,930,1,2,1,1,2,13055,M,4327562.0,538679.0,13
201500014807,15,7,17,1315,1,2,1,1,7,13055,M,4335264.0,533797.0,13
201500014808,15,7,24,2135,5,2,1,1,2,13055,M,4327133.0,540911.0,13
201500014809,15,6,12,2150,2,2,1,2,3,13055,M,4329294.0,536922.0,13
201500014810,15,7,24,1340,1,2,1,1,6,13055,M,4330476.0,536582.0,13
201500014811,15,7,14,1130,1,2,3,1,3,13055,M,4331608.0,538402.0,13
201500014812,15,7,13,1136,1,2,1,1,1,13055,M,4328737.0,542519.0,13
201500014813,15,1,21,1545,1,2,1,1,6,13055,M,4331366.0,538812.0,13
201500014814,15,7,19,2000,1,2,1,1,6,13055,M,4329102.0,536349.0,13
201500014815,15,7,25,2200,5,1,2,1,1,13055,M,4328112.0,540602.0,13
201500014816,15,7,25,815,1,2,2,1,3,13055,M,4326674.0,538271.0,13
201500014817,15,7,26,625,2,2,4,1,6,13055,M,4326828.0,540606.0,13
201500014818,15,7,26,1055,1,1,1,1,2,13055,M,4330740.0,550876.0,13
201500014819,15,7,26,1450,1,2,1,1,4,13055,M,4327110.0,538878.0,13
201500014820,15,7,26,140,3,1,1,1,7,13055,M,4324887.0,545249.0,13
201500014821,15,7,26,330,5,2,2,1,3,13055,M,4330943.0,540281.0,13
201500014822,15,7,26,225,5,2,2,1,3,13055,M,4329284.0,536868.0,13
201500014823,15,5,26,2100,5,2,1,1,6,13055,M,4328152.0,542600.0,13
201500014824,15,7,27,1432,1,2,1,1,2,13055,M,4324478.0,542663.0,13
201500014825,15,7,27,1530,1,2,1,1,7,13055,M,4333978.0,542628.0,13
201500014826,15,2,20,1700,1,2,1,1,6,13055,M,4331149.0,540115.0,13
201500014827,15,7,27,1725,1,2,1,1,5,13055,M,4324484.0,539943.0,13
201500014828,15,3,15,1415,1,2,2,1,6,13055,M,4329711.0,539143.0,13
201500014829,15,7,27,2325,5,2,1,1,6,13055,M,4328153.0,542578.0,13
201500014830,15,6,28,600,1,2,1,1,2,13055,M,0.0,0.0,13
201500014831,15,7,27,915,1,2,1,1,6,13055,M,4329231.0,547938.0,13
201500014832,15,7,28,720,1,2,1,1,6,13055,M,4331280.0,538627.0,13
201500014833,15,7,27,1545,1,2,1,1,3,13055,M,4328676.0,542527.0,13
201500014834,15,7,28,1342,1,1,1,1,2,13055,M,4327409.0,540018.0,13
201500014835,15,7,27,1430,1,2,1,1,3,13055,M,4329763.0,538113.0,13
201500014836,15,7,28,1615,1,2,1,1,2,13055,M,4325231.0,537581.0,13
201500014837,15,7,28,1745,1,2,1,1,2,13055,M,4335767.0,535746.0,13
201500014838,15,7,27,2120,1,2,1,1,2,13055,M,4331023.0,536707.0,13
201500014839,15,7,28,2300,5,2,1,1,3,13055,M,4329235.0,536616.0,13
201500014840,15,7,28,2250,5,2,3,1,3,13055,M,4328631.0,547008.0,13
201500014841,15,7,28,2000,2,2,1,1,6,13055,M,4331523.0,538687.0,13
201500014842,15,7,28,1500,1,2,1,1,4,13055,M,0.0,0.0,13
201500014843,15,7,28,1850,1,2,1,1,1,13055,M,4326034.0,537536.0,13
201500014844,15,7,29,1200,1,2,1,1,6,13055,M,4327688.0,538376.0,13
201500014845,15,6,6,2230,5,2,2,1,3,13055,M,4328371.0,538782.0,13
201500014846,15,7,29,2345,5,2,1,1,2,13055,M,4327324.0,540056.0,13
201500014847,15,7,30,645,1,2,3,1,3,13002,M,4333268.0,546388.0,13
201500014848,15,7,30,745,1,2,1,1,1,13055,M,4330525.0,541685.0,13
201500014849,15,7,25,900,1,2,1,1,3,13002,M,4333257.0,548390.0,13
201500014850,15,7,30,1830,1,2,1,1,6,13055,M,4331285.0,538284.0,13
201500014851,15,7,30,2015,1,2,1,1,3,13055,M,4332931.0,543055.0,13
201500014852,15,7,30,2240,3,2,1,1,5,13055,M,4333145.0,537512.0,13
201500014853,15,7,31,57,5,2,1,1,7,13055,M,4329813.0,538256.0,13
201500014854,15,7,29,1930,1,1,1,1,3,13055,M,4329958.0,539635.0,13
201500014855,15,7,30,1700,1,2,1,1,6,13055,M,4329021.0,539869.0,13
201500014856,15,7,30,1220,1,2,3,1,3,13055,M,4324553.0,539816.0,13
201500014857,15,7,31,900,1,2,1,1,2,13055,M,4327262.0,539104.0,13
201500014858,15,1,22,800,1,2,1,1,6,13055,M,4330405.0,542474.0,13
201500014859,15,7,31,1630,1,2,1,1,6,13055,M,4328841.0,546262.0,13
201500014860,15,7,31,2000,1,2,1,1,7,13055,M,4335656.0,536001.0,13
201500014861,15,7,31,1823,1,2,1,1,1,13055,M,4325393.0,537617.0,13
201500014862,15,7,31,2315,5,2,1,1,6,13055,M,4326393.0,537759.0,13
201500014863,15,8,1,30,5,2,1,2,6,13055,M,4329400.0,537376.0,13
201500014864,15,8,1,1910,1,2,6,1,2,13055,M,4331350.0,539701.0,13
201500014865,15,8,1,2230,5,2,1,1,6,13055,M,4327619.0,539951.0,13
201500014866,15,8,1,2248,5,2,1,1,2,13055,M,4335830.0,531883.0,13
201500014867,15,8,1,2345,5,2,1,1,3,13055,M,4336235.0,535726.0,13
201500014868,15,7,19,1540,1,2,2,1,1,13055,M,4329970.0,538080.0,13
201500014869,15,8,2,1320,1,2,9,1,6,13055,M,4332327.0,536762.0,13
201500014870,15,8,2,1410,1,2,1,1,6,13055,M,4326930.0,538633.0,13
201500014871,15,8,2,1215,1,2,4,1,6,13055,M,4336292.0,531649.0,13
201500014872,15,7,28,357,5,2,1,1,6,13055,M,4326655.0,540289.0,13
201500014873,15,8,2,2120,5,2,1,1,3,13055,M,4328036.0,542614.0,13
201500014874,15,7,28,930,1,2,1,1,2,13055,M,4331653.0,539695.0,13
201500014875,15,7,21,440,5,2,2,1,1,13055,M,4329375.0,540134.0,13
201500014876,15,8,3,850,1,2,2,1,3,13055,M,4328161.0,542704.0,13
201500014877,15,8,3,1350,1,2,1,1,6,13055,M,4331521.0,540285.0,13
201500014878,15,8,3,2110,2,2,1,1,3,13055,M,4331009.0,540313.0,13
201500014879,15,8,3,2030,1,2,1,1,6,13055,M,4333064.0,541120.0,13
201500014880,15,8,3,1900,1,1,1,1,4,13055,M,4330135.0,538332.0,13
201500014881,15,7,30,1710,1,2,3,1,3,13055,M,4335203.0,543753.0,13
201500014882,15,7,31,930,1,2,1,1,3,13055,M,4333322.0,535856.0,13
201500014883,15,8,4,1830,1,2,2,1,6,13055,M,4335921.0,533278.0,13
201500014884,15,8,4,2225,5,2,2,1,3,13055,M,4329041.0,537577.0,13
201500014885,15,8,4,2200,5,2,1,1,2,13055,M,4327662.0,541694.0,13
201500014886,15,3,3,1530,1,2,1,1,6,13055,M,4328980.0,539824.0,13
201500014887,15,8,4,2145,5,2,1,1,6,13055,M,4323966.0,540736.0,13
201500014888,15,8,5,545,2,2,6,1,6,13055,M,4328568.0,542509.0,13