Num_Acc,an,mois,jour,hrmn,lum,agg,int,atm,col,com,gps,lat,long,dep
201500014889,15,8,4,1520,1,2,1,1,3,13055,M,4328422.0,538796.0,13
201500014890,15,8,4,1645,1,2,1,1,3,13055,M,4331389.0,538304.0,13
201500014891,15,8,6,1400,1,2,1,1,6,13055,M,4336199.0,530888.0,13
201500014892,15,8,6,1615,1,2,1,1,7,13055,M,4327036.0,540693.0,13
201500014893,15,8,6,1615,1,2,1,1,6,13055,M,4330992.0,537974.0,13
201500014894,15,8,6,2050,5,2,1,1,6,13055,M,4331713.0,540501.0,13
201500014895,15,2,17,845,1,2,1,3,1,13055,M,,,13
201500014896,15,8,6,2345,5,2,3,1,3,13055,M,4331608.0,538401.0,13
201500014897,15,8,5,1930,1,2,1,1,6,13055,M,4330513.0,539881.0,13
201500014898,15,8,7,720,1,2,1,1,7,13055,M,4330126.0,537016.0,13
201500014899,15,8,6,1930,1,2,2,1,2,13055,M,4329098.0,539212.0,13
201500014900,15,8,1,1830,1,2,1,1,6,13055,M,0.0,0.0,13
201500014901,15,8,7,1045,1,2,3,1,3,13055,M,4331234.0,541149.0,13
201500014902,15,8,7,1210,1,1,1,1,3,13055,M,4328550.0,539421.0,13
201500014903,15,8,7,1200,1,2,1,1,3,13055,M,4327271.0,539118.0,13
201500014904,15,8,3,930,1,2,1,1,2,13055,M,4330381.0,542636.0,13
201500014905,15,8,7,2215,5,2,1,1,3,13055,M,4330242.0,538384.0,13
201500014906,15,8,7,2030,1,2,1,1,6,13055,M,4329993.0,543095.0,13
201500014907,15,6,25,1255,1,2,6,1,6,13055,M,4325203.0,539097.0,13
201500014908,15,8,8,900,1,2,3,1,6,13055,M,4326909.0,538841.0,13
201500014909,15,8,8,1910,1,2,1,1,6,13055,M,4327400.0,541438.0,13
201500014910,15,8,9,15,5,2,1,1,3,13055,M,4326930.0,538634.0,13
201500014911,15,8,9,300,3,1,1,1,7,13055,M,4324655.0,545508.0,13
201500014912,15,7,21,915,1,2,1,1,3,13055,M,4328503.0,538813.0,13
201500014913,15,8,9,1150,1,2,1,1,6,13055,M,4334636.0,536159.0,13
201500014914,15,8,9,1850,2,2,3,1,6,13055,M,4325300.0,540205.0,13
201500014915,15,8,10,720,1,2,3,1,3,13055,M,4330989.0,537019.0,13
201500014916,15,8,10,1105,1,2,1,1,6,13055,M,4330056.0,543421.0,13
201500014917,15,8,6,1030,1,2,2,1,3,13055,M,4329171.0,537183.0,13
201500014918,15,8,10,1600,1,2,3,1,3,13055,M,4334578.0,542482.0,13
201500014919,15,8,6,715,1,2,1,1,3,13055,M,4332735.0,535533.0,13
201500014920,15,8,10,2120,5,2,1,1,2,13055,M,4329791.0,538095.0,13
201500014921,15,8,11,50,5,2,1,1,6,13055,M,4330944.0,540289.0,13
201500014922,15,8,10,2230,5,2,3,1,3,13055,M,4328444.0,538314.0,13
201500014923,15,8,10,2305,5,2,2,1,3,13055,M,4331515.0,544739.0,13
201500014924,15,8,4,1115,1,2,1,1,6,13055,M,4332788.0,537777.0,13
201500014925,15,8,11,1200,1,2,1,1,6,13055,M,4334094.0,536077.0,13
201500014926,15,8,11,1125,1,2,1,1,7,13106,M,4340973.0,536890.0,13
201500014927,15,8,10,1910,1,2,1,1,2,13055,M,4335990.0,531000.0,13
201500014928,15,8,11,1430,1,2,4,1,3,13055,M,4330435.0,541413.0,13
201500014929,15,7,19,120,5,2,1,1,6,13055,M,4329583.0,539986.0,13
201500014930,15,8,1,100,5,2,6,1,7,13055,M,4330834.0,539647.0,13
201500014931,15,8,11,2250,5,2,1,1,3,13055,M,4327631.0,539947.0,13
201500014932,15,3,12,830,1,2,1,1,6,13055,M,4329910.0,538187.0,13
201500014933,15,8,12,145,5,2,1,1,7,13055,M,4327942.0,538775.0,13
201500014934,15,8,4,2000,1,2,1,1,6,13055,M,4329906.0,537570.0,13
201500014935,15,8,7,1030,1,2,1,1,3,13055,M,4328098.0,542696.0,13
201500014936,15,8,11,1100,1,2,1,1,3,13055,M,4325338.0,540169.0,13
201500014937,15,7,31,1600,1,2,1,1,3,13055,M,4329386.0,537549.0,13
201500014938,15,8,12,2015,1,2,1,1,3,13055,M,4333487.0,540995.0,13
201500014939,15,8,12,2045,2,2,1,1,6,13055,M,4326551.0,538044.0,13
201500014940,15,8,4,1915,1,2,1,1,3,13055,M,4335668.0,548625.0,13
201500014941,15,8,13,1100,1,2,9,1,6,13055,M,,,13
201500014942,15,7,2,1840,1,2,1,1,6,13055,M,4334722.0,537839.0,13
201500014943,15,8,7,1630,1,2,2,1,3,13075,M,4334747.0,546375.0,13
201500014944,15,8,13,400,5,2,1,1,6,13055,M,4327175.0,536268.0,13
201500014945,15,8,14,5,5,2,1,1,3,13055,M,4334870.0,534313.0,13
201500014946,15,8,14,820,1,2,1,1,2,13055,M,4332089.0,537475.0,13
201500014947,15,8,14,1200,1,2,1,1,6,13055,M,4329412.0,540159.0,13
201500014948,15,8,5,1015,1,2,3,1,6,13055,M,4328815.0,545053.0,13
201500014949,15,8,14,1415,1,2,1,1,6,13055,M,4325940.0,540256.0,13
201500014950,15,8,14,1420,1,2,1,1,6,13055,M,4327769.0,542063.0,13
201500014951,15,8,14,2215,5,2,1,1,1,13055,M,4333146.0,537556.0,13
201500014952,15,8,15,415,5,1,1,1,1,13055,M,4328384.0,538458.0,13
201500014953,15,8,15,530,2,2,1,1,6,13055,M,4328835.0,545158.0,13
201500014954,15,8,16,130,5,2,2,1,3,13055,M,4330443.0,537608.0,13
201500014955,15,8,16,710,1,2,1,1,6,13002,M,4333246.0,548409.0,13
201500014956,15,8,15,1700,1,2,1,1,3,13055,M,4326248.0,537573.0,13
201500014957,15,8,10,545,5,2,1,1,2,13055,M,4329178.0,540773.0,13
201500014958,15,8,11,1210,1,2,2,1,1,13055,M,4328425.0,538029.0,13
201500014959,15,8,16,430,2,2,1,1,3,13055,M,4329915.0,545360.0,13
201500014960,15,8,16,740,1,2,1,1,7,13055,M,4333508.0,544535.0,13
201500014961,15,8,16,1005,1,2,1,1,1,13055,M,4329912.0,538558.0,13
201500014962,15,8,16,1300,1,2,1,1,3,13055,M,4328193.0,541190.0,13
201500014963,15,8,16,445,5,2,2,1,3,13055,M,4329926.0,537412.0,13
201500014964,15,3,11,1220,1,2,1,1,1,13055,M,4333025.0,537006.0,13
201500014965,15,8,11,745,1,2,2,1,1,13055,M,4329887.0,539129.0,13
201500014966,15,8,17,800,1,2,1,1,5,13055,M,4331651.0,539639.0,13
201500014967,15,7,29,1700,1,2,9,1,2,13055,M,4329253.0,538259.0,13
201500014968,15,8,17,950,1,2,3,1,3,13055,M,4330479.0,536536.0,13
201500014969,15,8,17,1230,1,2,1,1,6,13055,M,4328877.0,545962.0,13
201500014970,15,8,17,2024,2,2,1,1,3,13055,M,4327268.0,539152.0,13
201500014971,15,8,17,2215,5,2,2,1,3,13055,M,4331453.0,537052.0,13
201500014972,15,8,17,2200,4,2,1,1,6,13055,M,4329847.0,542128.0,13
201500014973,15,8,12,2000,1,2,1,1,1,13055,M,4328228.0,538833.0,13
201500014974,15,8,15,30,5,2,1,1,2,13055,M,4331831.0,538008.0,13
201500014975,15,8,17,1055,1,2,1,1,3,13055,M,4328973.0,538376.0,13
201500014976,15,8,7,1525,1,2,1,1,7,13055,M,4330309.0,538519.0,13
201500014977,15,8,19,1415,1,2,1,1,2,13055,M,4332696.0,536060.0,13
201500014978,15,8,19,2120,5,2,1,1,3,13055,M,4330431.0,541438.0,13
201500014979,15,8,20,108,5,2,3,1,6,13055,M,4329042.0,537577.0,13
201500014980,15,7,27,830,1,2,1,1,6,13055,M,4329509.0,540063.0,13
201500014981,15,8,19,1800,1,2,1,1,1,13055,M,4329661.0,543814.0,13
201500014982,15,8,20,1350,1,2,1,1,7,13055,M,4333046.0,537824.0,13
201500014983,15,8,20,1920,1,2,1,1,6,13055,M,4328235.0,540494.0,13
201500014984,15,8,17,750,1,2,1,1,2,13055,M,4328179.0,538641.0,13
201500014985,15,8,21,2320,5,2,1,1,2,13055,M,4333252.0,538079.0,13
201500014986,15,8,21,2355,5,2,3,1,3,13055,M,4328349.0,549938.0,13
201500014987,15,8,22,100,5,2,1,1,6,13055,M,4327346.0,536267.0,13
201500014988,15,8,21,1735,1,2,1,1,2,13055,M,4327381.0,536234.0,13
201500014989,15,8,23,230,5,2,1,1,2,13055,M,4326732.0,539399.0,13
201500014990,15,8,23,30,5,2,1,1,6,13055,M,4337291.0,535522.0,13
201500014991,15,8,23,1615,1,2,1,1,6,13055,M,4328665.0,539047.0,13
201500014992,15,8,22,1210,1,1,1,1,4,13055,M,4331656.0,539843.0,13
201500014993,15,8,24,845,1,2,1,1,3,13055,M,4332680.0,536071.0,13
201500014994,15,8,24,2140,5,2,1,1,3,13055,M,4337970.0,535721.0,13
201500014995,15,8,24,1510,1,2,3,1,3,13055,M,4329381.0,540302.0,13
201500014996,15,8,25,1630,1,2,1,1,6,13055,M,4333764.0,539693.0,13
201500014997,15,8,25,1320,1,2,1,1,6,13055,M,4328488.0,539448.0,13
201500014998,15,8,25,2040,2,2,1,1,3,13055,M,4332378.0,544472.0,13
201500014999,15,8,26,1030,1,2,1,1,6,13055,M,4327191.0,542155.0,13
201500015000,15,8,22,1830,1,2,7,1,6,13055,M,4329937.0,537684.0,13
201500015001,15,8,26,2340,5,2,1,1,1,13055,M,4332725.0,537497.0,13
201500015002,15,8,27,1430,1,1,1,1,3,13055,M,4327039.0,539227.0,13
201500015003,15,8,27,1310,1,2,1,1,3,13055,M,4337228.0,536521.0,13
201500015004,15,8,27,1715,1,2,1,1,3,13055,M,4329225.0,536049.0,13
201500015005,15,8,27,1130,1,2,1,1,3,13055,M,4333112.0,545032.0,13
201500015006,15,8,27,1730,1,2,1,1,3,13055,M,4336572.0,535679.0,13
201500015007,15,8,27,1245,1,2,1,1,2,13055,M,4334572.0,544655.0,13
201500015008,15,8,27,1230,1,2,1,1,3,13055,M,4334572.0,544655.0,13
201500015009,15,7,24,1720,1,2,1,1,3,13055,M,4328347.0,549935.0,13
201500015010,15,8,28,1630,1,2,2,1,1,13055,M,4331725.0,538995.0,13
201500015011,15,8,28,1415,1,2,1,1,1,13055,M,4327859.0,539924.0,13
201500015012,15,8,28,1000,1,2,1,1,6,13055,M,4331600.0,546122.0,13
201500015013,15,8,28,2130,5,2,1,1,5,13055,M,4328937.0,546492.0,13
201500015014,15,3,12,1115,1,2,6,1,6,13002,M,4333187.0,548655.0,13
201500015015,15,8,29,215,5,2,1,1,7,13055,M,4331653.0,539693.0,13
201500015016,15,8,29,1345,1,2,1,1,1,13055,M,4328866.0,545716.0,13
201500015017,15,8,30,2245,5,2,1,1,2,13055,M,4327716.0,539856.0,13
201500015018,15,8,10,1745,1,2,1,1,2,13055,M,4330244.0,538391.0,13
201500015019,15,8,27,1840,1,2,1,1,2,13055,M,4328908.0,549913.0,13
201500015020,15,8,31,1600,1,1,1,1,6,13055,M,4328834.0,539347.0,13
201500015021,15,8,31,1845,1,2,1,1,5,13055,M,4324692.0,540708.0,13
201500015022,15,8,31,2030,5,2,1,1,7,13055,M,4327556.0,542399.0,13
201500015023,15,9,1,1430,1,2,3,1,3,13055,M,4328158.0,542363.0,13
201500015024,15,9,1,1630,1,2,1,1,3,13055,M,4333528.0,545404.0,13
201500015025,15,9,1,1030,1,2,3,1,2,13055,M,4328099.0,538616.0,13
201500015026,15,9,1,1100,1,2,1,1,3,13055,M,4329989.0,547754.0,13
201500015027,15,9,2,1640,1,2,2,1,6,13055,M,4330499.0,536821.0,13
201500015028,15,9,2,1830,1,2,1,1,1,13055,M,0.0,0.0,13
201500015029,15,9,2,2230,5,2,2,1,3,13055,M,4331160.0,537134.0,13
201500015030,15,9,3,1720,1,2,1,1,6,13055,M,4326917.0,542063.0,13
201500015031,15,9,3,1130,1,2,1,1,2,13055,M,4330188.0,539985.0,13
201500015032,15,9,4,238,5,2,6,1,7,13055,M,4325438.0,537635.0,13
201500015033,15,9,3,1215,1,2,1,1,2,13055,M,4328731.0,551026.0,13
201500015034,15,9,3,1630,1,2,1,1,6,13055,M,4329584.0,538153.0,13
201500015035,15,9,4,2130,5,2,1,1,6,13055,M,4328625.0,539914.0,13
201500015036,15,9,4,2220,5,2,1,1,3,13055,M,4327402.0,541437.0,13
201500015037,15,9,3,1830,1,1,1,1,1,13055,M,4334582.0,544633.0,13
201500015038,15,9,3,1330,1,2,1,1,1,13055,M,4329687.0,537166.0,13
201500015039,15,8,29,2030,2,2,1,1,3,13055,M,4327446.0,539984.0,13
201500015040,15,9,3,1805,1,2,1,1,3,13055,M,4329195.0,539358.0,13
201500015041,15,9,6,630,1,2,1,1,6,13055,M,4328709.0,537711.0,13
201500015042,15,9,6,730,2,2,1,1,6,13055,M,4333502.0,544613.0,13
201500015043,15,9,2,1240,1,2,1,1,2,13055,M,4328629.0,544386.0,13
201500015044,15,9,6,1620,1,2,1,1,4,13055,M,4326417.0,537832.0,13
201500015045,15,9,6,1811,1,2,1,1,3,13055,M,4331724.0,538142.0,13
201500015046,15,9,6,1910,1,2,1,1,4,13055,M,4335197.0,547767.0,13
201500015047,15,2,28,2150,5,2,2,1,6,13055,M,4327934.0,539929.0,13
201500015048,15,9,7,1300,1,2,1,1,7,13055,M,4331241.0,537995.0,13
201500015049,15,9,7,1345,1,2,1,1,1,13055,M,4335602.0,533467.0,13
201500015050,15,9,7,1500,1,2,2,1,1,13055,M,4332646.0,542149.0,13
201500015051,15,9,7,1740,1,2,1,1,6,13055,M,4326088.0,538721.0,13
201500015052,15,9,7,1820,1,2,1,1,6,13055,M,4332906.0,542729.0,13
201500015053,15,9,7,1900,2,2,1,1,3,13055,M,4327380.0,542725.0,13
201500015054,15,9,8,745,1,2,1,1,6,13055,M,4340232.0,537016.0,13
201500015055,15,9,8,1645,1,2,1,1,6,13055,M,4326846.0,540955.0,13
201500015056,15,9,8,1630,1,2,1,1,2,13055,M,4332176.0,545700.0,13
201500015057,15,3,15,400,5,2,1,2,6,13055,M,4327581.0,539960.0,13
201500015058,15,9,8,1745,1,2,3,1,3,13055,M,4328583.0,547955.0,13
201500015059,15,9,8,2115,5,2,1,1,2,13055,M,4334773.0,535911.0,13
201500015060,15,9,9,30,5,1,1,1,6,13055,M,4328645.0,543048.0,13
201500015061,15,9,7,1555,1,2,1,1,1,13055,M,4334789.0,544773.0,13
201500015062,15,9,9,815,1,2,1,1,3,13055,M,4332118.0,544624.0,13
201500015063,15,9,9,945,1,2,1,1,3,13055,M,,,13
201500015064,15,9,9,1045,1,2,3,1,1,13055,M,4332657.0,543816.0,13
201500015065,15,8,19,2000,2,1,1,1,4,13055,M,4324632.0,543268.0,13
201500015066,15,9,9,1530,1,2,1,1,6,13055,M,4328903.0,542576.0,13
201500015067,15,9,9,1430,1,1,1,1,2,13055,M,4329834.0,543684.0,13
201500015068,15,2,28,1915,5,2,1,1,2,13055,M,4333643.0,540727.0,13
201500015069,15,9,9,1530,1,2,3,1,3,13055,M,4333696.0,535756.0,13
201500015070,15,9,9,2045,5,2,1,1,6,13055,M,4328013.0,539019.0,13
201500015071,15,9,9,1400,1,1,1,1,6,13055,M,,,13
201500015072,15,9,10,910,1,2,1,1,3,13055,M,4327661.0,538124.0,13
201500015073,15,9,10,1030,1,2,2,1,6,13055,M,4330106.0,541513.0,13
201500015074,15,9,10,1050,1,1,1,1,2,13002,M,4336320.0,549563.0,13
201500015075,15,9,9,1715,1,2,2,1,3,13055,M,4329727.0,538012.0,13
201500015076,15,9,10,1515,1,2,1,1,3,13055,M,4324968.0,540478.0,13
201500015077,15,9,10,2345,5,2,1,1,6,13055,M,4326819.0,538463.0,13
201500015078,15,9,10,1715,1,2,1,1,6,13055,M,4327964.0,541051.0,13
201500015079,15,9,11,800,1,2,1,1,5,13055,M,4327841.0,538798.0,13
201500015080,15,8,24,500,5,2,2,1,3,13055,M,4329050.0,537802.0,13
201500015081,15,9,9,1635,1,2,1,1,6,13055,M,4329762.0,537698.0,13
201500015082,15,9,11,2015,5,2,1,1,6,13055,M,4329601.0,548944.0,13
201500015083,15,9,11,1915,1,2,1,1,7,13055,M,4321969.0,534536.0,13
201500015084,15,9,12,350,5,2,1,2,6,13055,M,4326546.0,539030.0,13
201500015085,15,8,31,1150,1,2,1,1,2,13055,M,4332739.0,545438.0,13
201500015086,15,9,11,1230,1,2,2,1,3,13055,M,4331988.0,540825.0,13
201500015087,15,9,3,1430,1,2,1,1,2,13055,M,4331500.0,540300.0,13
201500015088,15,9,11,740,1,2,1,1,6,13055,M,4335167.0,543894.0,13
201500015089,15,9,11,1750,1,2,1,1,3,13055,M,4326589.0,539010.0,13
201500015090,15,8,31,1605,1,2,1,1,3,13055,M,4329226.0,536093.0,13
201500015091,15,8,25,1810,1,2,1,1,2,13055,M,4332626.0,542361.0,13
201500015092,15,9,12,1330,1,2,1,1,4,13055,M,4335393.0,533783.0,13
201500015093,15,9,12,1800,1,2,1,1,3,13055,M,4325662.0,538259.0,13
201500015094,15,9,12,2015,2,2,1,1,3,13055,M,4327723.0,540327.0,13
201500015095,15,8,18,1430,1,2,1,1,3,13055,M,4329411.0,537957.0,13
201500015096,15,8,19,2035,2,2,1,1,6,13055,M,4324685.0,538340.0,13
201500015097,15,9,13,900,1,2,1,1,6,13055,M,4328631.0,535130.0,13
201500015098,15,8,14,1700,1,2,1,1,3,13055,M,4329280.0,535560.0,13
201500015099,15,9,13,1540,1,2,1,1,3,13055,M,4329628.0,537164.0,13
201500015100,15,9,13,1715,1,2,1,1,2,13055,M,4332045.0,537328.0,13
201500015101,15,9,11,1200,1,2,1,1,2,13055,M,4326998.0,536595.0,13
201500015102,15,9,11,1800,1,1,1,1,4,13055,M,4331244.0,536692.0,13
201500015103,15,9,14,800,1,1,1,1,3,13055,M,4331118.0,538746.0,13
201500015104,15,9,14,1306,1,2,1,1,3,13055,M,4337734.0,535650.0,13
201500015105,15,9,14,1210,1,2,1,1,6,13055,M,4332433.0,541545.0,13
201500015106,15,9,14,1630,1,2,1,1,6,13055,M,4336625.0,537130.0,13
201500015107,15,9,15,710,1,2,1,1,6,13002,M,4336302.0,549496.0,13
201500015108,15,9,14,1830,1,2,1,1,2,13055,M,4330431.0,541433.0,13
201500015109,15,9,15,1030,1,2,1,1,1,13055,M,4333087.0,540721.0,13
201500015110,15,9,12,1130,1,2,1,1,5,13055,M,0.0,0.0,13
201500015111,15,9,15,1516,1,2,1,1,2,13055,M,4328050.0,542085.0,13
201500015112,15,9,15,1800,1,2,1,8,4,13055,M,4324536.0,542374.0,13
201500015113,15,9,16,420,2,2,1,2,7,13055,M,4328696.0,544590.0,13
201500015114,15,9,16,735,1,2,1,8,3,13055,M,4331565.0,537312.0,13
201500015115,15,9,16,845,1,2,1,8,7,13055,M,4329898.0,537909.0,13
201500015116,15,9,16,1650,1,2,2,1,3,13055,M,4329342.0,540316.0,13
201500015117,15,9,16,1835,1,2,3,1,6,13055,M,4337748.0,535986.0,13
201500015118,15,9,11,800,1,2,5,1,7,13055,M,4331383.0,540581.0,13
201500015119,15,9,10,2000,2,2,1,1,2,13055,M,4328875.0,539432.0,13
201500015120,15,8,17,1300,1,2,1,1,3,13055,M,4324708.0,540738.0,13
201500015121,15,9,17,720,1,2,3,1,2,13055,M,4327932.0,538409.0,13
201500015122,15,9,11,1200,1,2,1,1,3,13055,M,4329253.0,536697.0,13
201500015123,15,9,17,1130,1,2,1,2,2,13055,M,4326720.0,540316.0,13
201500015124,15,9,14,810,1,2,3,1,3,13075,M,4335110.0,547179.0,13
201500015125,15,9,17,1841,1,2,1,1,6,13055,M,4324690.0,538328.0,13
201500015126,15,8,1,1850,1,2,2,1,6,13055,M,4328986.0,536630.0,13
201500015127,15,9,17,850,1,2,1,1,3,13055,M,4330308.0,537917.0,13
201500015128,15,9,17,1145,1,2,1,1,3,13055,M,4332512.0,542340.0,13
201500015129,15,9,18,440,5,2,1,1,7,13055,M,4329626.0,544467.0,13
201500015130,15,9,18,750,1,2,1,1,2,13055,M,4327133.0,540182.0,13
201500015131,15,9,18,900,1,2,1,1,3,13055,M,4332181.0,545750.0,13
201500015132,15,9,18,1240,1,2,1,1,5,13055,M,4328919.0,549657.0,13
201500015133,15,9,18,1515,1,2,3,1,3,13055,M,4327574.0,539552.0,13
201500015134,15,1,24,1300,1,2,1,1,6,13055,M,,,13
201500015135,15,9,18,1500,1,2,1,1,3,13055,M,4330546.0,541026.0,13
201500015136,15,9,18,1900,1,2,1,1,2,13055,M,4326329.0,537400.0,13
201500015137,15,9,18,1505,1,2,1,1,2,13055,M,4332340.0,544930.0,13
201500015138,15,9,19,1330,1,2,3,1,6,13055,M,4330645.0,537348.0,13
201500015139,15,9,19,1300,1,2,1,1,3,13055,M,4328188.0,540405.0,13
201500015140,15,9,19,1515,1,2,2,1,3,13055,M,4336037.0,536380.0,13
201500015141,15,9,19,1730,1,2,1,1,6,13055,M,4330863.0,537443.0,13
201500015142,15,9,19,2210,5,2,1,1,3,13055,M,4328382.0,549263.0,13
201500015143,15,8,21,1640,1,2,1,1,2,13055,M,4328550.0,539882.0,13
201500015144,15,9,8,1340,1,1,1,1,6,13055,M,4328657.0,539067.0,13
201500015145,15,9,20,1950,2,2,1,1,3,13055,M,4330168.0,543095.0,13
201500015146,15,9,21,1030,1,2,1,1,1,13055,M,4336184.0,533676.0,13
201500015147,15,9,21,1345,1,2,1,1,3,13055,M,4327657.0,539764.0,13
201500015148,15,9,21,1410,1,2,1,1,6,13055,M,4328396.0,538586.0,13
201500015149,15,9,18,930,1,2,3,1,2,13055,M,4329073.0,537904.0,13
201500015150,15,9,21,1430,1,2,1,1,1,13055,M,4327261.0,541147.0,13
201500015151,15,9,21,1840,1,2,1,1,1,13055,M,4336276.0,533540.0,13
201500015152,15,9,21,2130,5,2,1,1,6,13055,M,4329436.0,540648.0,13
201500015153,15,9,21,715,1,2,3,1,3,13055,M,4329347.0,538230.0,13
201500015154,15,9,22,1700,1,2,1,1,3,13055,M,4323559.0,543581.0,13
201500015155,15,9,22,1230,1,2,1,1,6,13055,M,4327643.0,539451.0,13
201500015156,15,9,18,1045,1,2,1,1,3,13055,M,4331526.0,537481.0,13
201500015157,15,8,17,1700,1,2,2,1,6,13055,M,4328760.0,539006.0,13
201500015158,15,9,5,945,1,2,1,1,2,13055,M,4329789.0,537282.0,13
201500015159,15,9,22,1440,1,2,1,1,3,13055,M,4329231.0,547938.0,13
201500015160,15,9,12,830,1,2,1,1,2,13055,M,0.0,0.0,13
201500015161,15,9,22,1800,1,2,2,1,5,13055,M,4327197.0,539165.0,13
201500015162,15,8,18,1900,1,2,1,1,6,13055,M,4331187.0,537227.0,13
201500015163,15,9,18,220,5,2,1,1,2,13055,M,4328973.0,540008.0,13
201500015164,15,9,22,1710,1,2,2,1,3,13055,M,4329262.0,540129.0,13
201500015165,15,9,22,1805,1,2,1,1,6,13055,M,4334834.0,537611.0,13
201500015166,15,9,15,1815,2,2,1,1,2,13055,M,4329865.0,540098.0,13
201500015167,15,9,9,1640,1,2,3,1,1,13055,M,4329146.0,535902.0,13
201500015168,15,9,23,1000,1,2,1,1,6,13055,M,4330304.0,537407.0,13
201500015169,15,9,23,1045,1,2,1,6,6,13055,M,4325770.0,537612.0,13
201500015170,15,9,23,940,1,2,1,1,3,13055,M,4329451.0,540139.0,13
201500015171,15,9,14,1005,1,2,1,1,2,13055,M,4330418.0,537342.0,13
201500015172,15,9,23,1125,1,2,3,1,3,13055,M,4328893.0,542908.0,13
201500015173,15,9,23,1500,1,1,1,1,3,13055,M,4332780.0,536245.0,13
201500015174,15,9,6,1230,1,2,1,1,7,13055,M,4332876.0,536587.0,13
201500015175,15,9,24,1240,1,2,4,1,3,13055,M,4331308.0,538579.0,13
201500015176,15,9,24,1400,1,2,1,1,1,13055,M,4327693.0,539811.0,13
201500015177,15,9,24,1440,1,2,9,1,3,13055,M,4338309.0,535828.0,13
201500015178,15,9,24,2135,5,2,1,1,1,13055,M,4328659.0,538441.0,13
201500015179,15,9,25,10,5,2,3,1,6,13055,M,4329884.0,542107.0,13
201500015180,15,9,23,1415,1,2,1,1,6,13055,M,4328350.0,541455.0,13
201500015181,15,9,23,1805,1,2,1,1,6,13055,M,4329232.0,537451.0,13
201500015182,15,9,24,1900,1,2,1,1,6,13002,M,4332739.0,548177.0,13
201500015183,15,8,27,1145,1,2,1,1,6,13055,M,4328668.0,535164.0,13
201500015184,15,9,25,1230,1,2,1,1,2,13055,M,4334810.0,537677.0,13
201500015185,15,9,25,1315,1,2,1,1,3,13055,M,4332634.0,542148.0,13
201500015186,15,9,26,215,5,2,1,1,6,13055,M,4329566.0,539849.0,13
201500015187,15,9,25,1150,1,2,1,1,2,13055,M,4324685.0,538341.0,13
201500015188,15,8,21,1000,1,2,1,1,6,13055,M,4330800.0,537124.0,13
201500015189,15,9,23,1420,1,2,2,1,3,13055,M,4329016.0,538196.0,13
201500015190,15,9,26,1025,1,2,9,1,3,13055,M,4329775.0,537294.0,13
201500015191,15,9,26,1115,1,2,1,1,2,13055,M,4328492.0,542169.0,13
201500015192,15,9,26,945,1,2,2,1,1,13055,M,4329891.0,538905.0,13
201500015193,15,9,26,1430,1,2,1,1,3,13055,M,4336524.0,534798.0,13
201500015194,15,9,26,1725,1,2,4,1,3,13055,M,4333068.0,540476.0,13
201500015195,15,9,26,1600,1,2,2,1,5,13055,M,4325889.0,539900.0,13
201500015196,15,9,27,500,5,2,1,1,7,13055,M,4334969.0,537520.0,13
201500015197,15,9,27,1415,1,2,1,1,3,13055,M,4329568.0,538747.0,13
201500015198,15,9,27,1715,1,1,1,1,6,13002,M,4336524.0,554278.0,13
201500015199,15,9,27,1955,2,2,7,1,6,13055,M,4328902.0,535937.0,13
201500015200,15,9,27,2043,5,2,3,1,1,13055,M,4330444.0,541455.0,13
201500015201,15,9,25,1455,1,2,2,1,6,13055,M,4328388.0,538744.0,13
201500015202,15,9,28,645,2,2,1,8,3,13055,M,4325086.0,540372.0,13
201500015203,15,9,28,1330,1,2,1,1,3,13055,M,4331543.0,538607.0,13
201500015204,15,9,28,1600,1,2,1,1,6,13055,M,4333249.0,541976.0,13
201500015205,15,2,19,2140,5,2,1,1,6,13055,M,4332161.0,539202.0,13
201500015206,15,9,28,1550,1,2,1,1,3,13055,M,4335773.0,533882.0,13
201500015207,15,9,17,700,1,2,2,1,3,13055,M,4329016.0,538326.0,13
201500015208,15,9,28,1420,1,2,3,1,3,13055,M,4334512.0,544767.0,13
201500015209,15,9,28,2000,5,2,1,1,3,13055,M,4325108.0,542203.0,13
201500015210,15,9,28,2135,5,2,1,1,2,13055,M,4323414.0,535896.0,13
201500015211,15,2,9,2100,5,2,3,1,6,13055,M,4324549.0,541213.0,13
201500015212,15,9,28,1545,1,2,1,1,6,13075,M,4334817.0,546247.0,13
201500015213,15,9,28,1750,1,2,3,1,1,13055,M,4332701.0,539583.0,13