Num_Acc,an,mois,jour,hrmn,lum,agg,int,atm,col,com,gps,lat,long,dep
201500015214,15,9,28,1930,5,2,1,8,3,13055,M,4328493.0,542211.0,13
201500015215,15,9,29,800,1,2,1,1,1,13055,M,4330388.0,544032.0,13
201500015216,15,9,12,1410,1,2,3,1,6,13055,M,4329432.0,537450.0,13
201500015217,15,9,25,1200,1,2,1,1,6,13055,M,4332556.0,538811.0,13
201500015218,15,9,29,1800,1,2,1,1,3,13055,M,4323424.0,541170.0,13
201500015219,15,9,29,2040,5,2,1,1,6,13055,M,4330541.0,538414.0,13
201500015220,15,9,28,1540,1,2,1,1,4,13055,M,4334758.0,536316.0,13
201500015221,15,9,28,1800,1,1,1,8,6,13002,M,4332621.0,549131.0,13
201500015222,15,9,29,1045,1,2,8,1,6,13055,M,4329401.0,538183.0,13
201500015223,15,9,30,1645,1,2,1,1,6,13055,M,4326143.0,539755.0,13
201500015224,15,10,1,1715,1,2,1,1,1,13055,M,4330415.0,538780.0,13
201500015225,15,9,29,1630,1,2,1,1,6,13055,M,4329791.0,539311.0,13
201500015226,15,9,30,1530,1,2,1,1,3,13055,M,4327975.0,541816.0,13
201500015227,15,9,30,1745,1,2,1,1,2,13055,M,4328856.0,545281.0,13
201500015228,15,10,1,920,1,2,1,1,3,13055,M,4327077.0,540051.0,13
201500015229,15,10,1,1340,1,2,1,1,3,13055,M,4334141.0,536043.0,13
201500015230,15,10,1,1445,1,2,1,1,3,13055,M,4331184.0,537230.0,13
201500015231,15,10,1,1330,1,2,1,1,3,13055,M,4325503.0,542026.0,13
201500015232,15,10,1,1400,1,2,3,1,3,13055,M,4328229.0,540308.0,13
201500015233,15,10,2,635,5,1,1,1,6,13055,M,4334973.0,537509.0,13
201500015234,15,9,26,950,1,2,2,1,3,13055,M,4329118.0,538079.0,13
201500015235,15,10,2,755,1,2,6,2,3,13055,M,4329531.0,544542.0,13
201500015236,15,10,2,825,1,1,1,1,6,13055,M,4333611.0,542861.0,13
201500015237,15,10,1,1930,5,2,2,1,3,13055,M,4329248.0,540132.0,13
201500015238,15,9,26,1850,1,2,1,1,6,13055,M,4328390.0,538488.0,13
201500015239,15,9,25,1445,1,2,1,1,6,13055,M,4328529.0,538377.0,13
201500015240,15,10,2,1245,1,2,1,1,2,13055,M,4330942.0,536853.0,13
201500015241,15,10,2,1510,1,2,1,1,3,13055,M,4333385.0,540226.0,13
201500015242,15,10,2,1835,1,2,1,1,6,13055,M,4324822.0,539901.0,13
201500015243,15,10,2,2000,5,2,3,1,3,13055,M,4323109.0,535492.0,13
201500015244,15,10,1,2000,5,2,1,1,3,13055,M,4328895.0,538417.0,13
201500015245,15,10,3,1030,1,1,1,2,3,13055,M,4329899.0,541323.0,13
201500015246,15,10,3,1630,1,2,1,2,6,13055,M,4329904.0,541309.0,13
201500015247,15,10,4,1030,1,2,2,1,6,13055,M,0.0,0.0,13
201500015248,15,10,4,1630,1,2,1,1,7,13002,M,4336890.0,552602.0,13
201500015249,15,9,23,1000,1,2,9,1,2,13055,M,4328808.0,538462.0,13
201500015250,15,10,5,700,5,2,1,1,6,13055,M,4328982.0,549447.0,13
201500015251,15,10,5,1030,1,2,1,1,2,13055,M,4329116.0,539995.0,13
201500015252,15,9,30,1615,1,2,3,1,6,13055,M,4327980.0,541835.0,13
201500015253,15,10,2,845,1,2,1,2,6,13002,M,4332167.0,546884.0,13
201500015254,15,10,2,950,1,2,1,1,6,13055,M,4328329.0,543353.0,13
201500015255,15,10,5,1420,1,2,2,1,3,13055,M,4329207.0,538058.0,13
201500015256,15,10,5,1250,1,2,1,1,5,13055,M,4325118.0,539905.0,13
201500015257,15,10,5,1330,1,2,1,1,2,13055,M,4328509.0,544039.0,13
201500015258,15,10,5,2000,5,2,1,1,6,13055,M,4323153.0,535526.0,13
201500015259,15,10,5,725,1,2,3,1,1,13055,M,4330192.0,540062.0,13
201500015260,15,10,4,1445,1,2,1,1,7,13055,M,4328432.0,538464.0,13
201500015261,15,10,4,2100,5,2,1,1,6,13055,M,4325195.0,539467.0,13
201500015262,15,10,6,915,1,2,1,1,3,13055,M,4331239.0,536672.0,13
201500015263,15,10,6,750,1,2,1,1,4,13055,M,4338448.0,535855.0,13
201500015264,15,10,6,800,1,2,3,1,3,13055,M,4330309.0,536664.0,13
201500015265,15,10,6,840,1,2,1,1,3,13055,M,4327067.0,540762.0,13
201500015266,15,3,12,845,1,2,1,1,6,13055,M,4333333.0,542015.0,13
201500015267,15,10,6,310,5,2,1,1,6,13055,M,4330810.0,538821.0,13
201500015268,15,10,6,2030,5,2,6,2,3,13002,M,4333122.0,548849.0,13
201500015269,15,10,6,2205,5,2,1,1,6,13055,M,4326808.0,540704.0,13
201500015270,15,10,5,1530,1,2,1,1,3,13055,M,4323998.0,536554.0,13
201500015271,15,10,7,2255,5,2,3,1,6,13055,M,4332657.0,543816.0,13
201500015272,15,9,30,1400,1,2,3,1,2,13055,M,4328927.0,537280.0,13
201500015273,15,10,8,800,1,2,1,1,6,13055,M,4331157.0,537754.0,13
201500015274,15,10,8,1345,1,2,3,1,3,13055,M,4328993.0,542634.0,13
201500015275,15,10,8,1700,1,2,7,1,6,13055,M,4330387.0,541870.0,13
201500015276,15,10,8,2045,5,2,2,1,1,13055,M,4331128.0,537794.0,13
201500015277,15,10,9,730,1,2,1,1,3,13055,M,4326183.0,540402.0,13
201500015278,15,10,9,1030,1,2,1,1,2,13055,M,4325357.0,538094.0,13
201500015279,15,10,9,935,1,2,3,1,3,13055,M,4331032.0,538455.0,13
201500015280,15,10,6,930,1,2,2,1,3,13055,M,4329223.0,538901.0,13
201500015281,15,9,30,1140,1,2,1,1,6,13055,M,4331570.0,540055.0,13
201500015282,15,10,9,1655,1,2,1,1,4,13055,M,4334632.0,535483.0,13
201500015283,15,10,9,1800,1,2,1,1,2,13055,M,4332908.0,543061.0,13
201500015284,15,10,9,2030,5,1,2,1,1,13075,M,4334760.0,546389.0,13
201500015285,15,10,10,200,5,2,1,1,3,13055,M,4327923.0,541432.0,13
201500015286,15,10,9,1220,1,2,1,1,1,13055,M,4332974.0,537682.0,13
201500015287,15,10,10,945,1,2,1,1,3,13055,M,4333102.0,540610.0,13
201500015288,15,10,10,1000,1,2,1,1,2,13055,M,4326545.0,539558.0,13
201500015289,15,10,10,1610,1,1,1,7,3,13055,M,4327915.0,541340.0,13
201500015290,15,10,10,1800,2,1,1,1,7,13055,M,4338326.0,536462.0,13
201500015291,15,10,10,2110,5,2,2,1,3,13055,M,4328402.0,538480.0,13
201500015292,15,10,10,2210,5,2,9,1,6,13055,M,4329073.0,547222.0,13
201500015293,15,10,10,1935,2,2,1,1,3,13055,M,4333347.0,540287.0,13
201500015294,15,10,6,1145,1,2,1,1,7,13055,M,4328473.0,539206.0,13
201500015295,15,10,11,1200,1,2,1,1,3,13055,M,4327462.0,539718.0,13
201500015296,15,10,11,1825,1,2,1,1,3,13055,M,4332289.0,541290.0,13
201500015297,15,10,11,315,5,2,1,1,3,13055,M,4328147.0,540490.0,13
201500015298,15,9,29,800,1,2,2,1,2,13055,M,4328989.0,542636.0,13
201500015299,15,10,12,1700,1,2,1,2,6,13055,M,4331145.0,544552.0,13
201500015300,15,8,24,1950,1,2,1,1,6,13055,M,4329272.0,540001.0,13
201500015301,15,10,13,840,1,2,1,2,1,13055,M,4331413.0,543229.0,13
201500015302,15,10,13,1430,1,2,1,1,6,13055,M,4331337.0,546347.0,13
201500015303,15,10,13,1410,1,1,1,1,1,13055,M,0.0,0.0,13
201500015304,15,10,13,1750,1,2,1,1,3,13055,M,4335885.0,533304.0,13
201500015305,15,10,13,1800,2,2,1,1,6,13055,M,4331600.0,546122.0,13
201500015306,15,2,15,2000,5,2,1,2,1,13055,M,4330080.0,539048.0,13
201500015307,15,10,14,930,1,2,1,1,3,13002,M,4335197.0,547748.0,13
201500015308,15,10,14,1020,1,2,1,1,7,13055,M,4325039.0,540330.0,13
201500015309,15,10,14,1330,1,2,1,1,2,13055,M,4331512.0,538754.0,13
201500015310,15,10,14,1320,1,2,1,1,2,13055,M,4328356.0,539916.0,13
201500015311,15,10,14,1600,1,2,3,1,3,13055,M,4333823.0,536676.0,13
201500015312,15,10,14,1500,1,2,1,1,3,13055,M,4327029.0,538823.0,13
201500015313,15,10,14,1620,1,2,2,1,3,13055,M,4326523.0,540364.0,13
201500015314,15,10,14,1340,1,2,1,1,6,13055,M,4327549.0,541667.0,13
201500015315,15,10,14,1815,1,2,3,1,3,13055,M,4329063.0,537121.0,13
201500015316,15,6,26,410,5,2,1,1,6,13055,M,4338479.0,535863.0,13
201500015317,15,10,9,2225,5,2,1,1,6,13055,M,4331251.0,540154.0,13
201500015318,15,10,13,1345,1,2,9,1,7,13055,M,4336522.0,534797.0,13
201500015319,15,10,15,800,1,2,1,1,3,13055,M,4325018.0,540425.0,13
201500015320,15,10,11,1120,1,2,1,1,5,13055,M,4332908.0,535907.0,13
201500015321,15,10,15,1600,1,2,1,1,1,13055,M,4329633.0,548597.0,13
201500015322,15,10,15,1830,1,2,1,1,3,13055,M,4329253.0,547362.0,13
201500015323,15,10,15,2100,5,2,1,1,6,13055,M,4331384.0,537406.0,13
201500015324,15,10,15,2340,5,2,1,1,3,13055,M,4326183.0,540407.0,13
201500015325,15,10,16,830,1,2,1,1,1,13055,M,4333200.0,540415.0,13
201500015326,15,10,16,1500,1,2,1,1,6,13055,M,4328283.0,538515.0,13
201500015327,15,10,15,1856,1,2,1,1,6,13055,M,4329941.0,537306.0,13
201500015328,15,10,16,1855,5,2,1,1,2,13055,M,4331582.0,538862.0,13
201500015329,15,10,16,1500,1,2,1,1,2,13055,M,4332655.0,538776.0,13
201500015330,15,10,16,1650,1,1,1,1,7,13055,M,4329665.0,541334.0,13
201500015331,15,10,16,2015,5,2,1,1,6,13055,M,4330884.0,543948.0,13
201500015332,15,10,15,1705,1,2,1,1,2,13055,M,4332456.0,543544.0,13
201500015333,15,9,28,1630,1,2,1,1,6,13055,M,4327400.0,541437.0,13
201500015334,15,10,17,1455,1,2,1,1,3,13055,M,4327372.0,540040.0,13
201500015335,15,10,17,1510,1,2,1,1,3,13055,M,4331657.0,539711.0,13
201500015336,15,3,14,1042,1,2,2,1,6,13055,M,4327544.0,539593.0,13
201500015337,15,10,17,2000,5,2,1,1,6,13055,M,4326798.0,542654.0,13
201500015338,15,10,18,20,5,2,3,1,6,13055,M,4330653.0,540100.0,13
201500015339,15,10,18,120,5,2,1,1,7,13055,M,4330384.0,540078.0,13
201500015340,15,10,18,215,5,2,1,1,4,13055,M,4334557.0,538224.0,13
201500015341,15,9,30,1145,1,2,9,1,6,13055,M,4329151.0,537957.0,13
201500015342,15,10,16,1858,5,2,1,1,6,13055,M,4329844.0,538346.0,13
201500015343,15,10,16,1315,1,2,1,1,1,13055,M,4329870.0,540029.0,13
201500015344,15,10,17,1040,1,2,2,1,6,13055,M,4329400.0,539577.0,13
201500015345,15,9,23,1355,1,2,1,1,3,13055,M,,,13
201500015346,15,9,6,1500,1,2,1,1,6,13055,M,4329485.0,538722.0,13
201500015347,15,10,17,1800,1,2,1,1,1,13055,M,4331319.0,540583.0,13
201500015348,15,10,1,1130,1,2,1,1,2,13055,M,4328517.0,538383.0,13
201500015349,15,8,21,730,1,2,1,1,4,13055,M,4332359.0,544528.0,13
201500015350,15,10,18,2150,3,2,1,1,3,13055,M,4324558.0,542873.0,13
201500015351,15,10,18,1900,3,1,1,2,7,13002,M,4338268.0,554729.0,13
201500015352,15,10,19,1245,1,2,1,1,3,13055,M,4327248.0,540103.0,13
201500015353,15,10,19,1600,1,2,1,1,3,13055,M,4336459.0,535697.0,13
201500015354,15,4,24,100,3,1,1,1,3,13055,M,4337909.0,535705.0,13
201500015355,15,8,25,230,5,2,1,1,6,13055,M,4326349.0,537731.0,13
201500015356,15,3,18,1125,1,2,1,1,6,13055,M,4335339.0,536733.0,13
201500015357,15,10,20,905,1,2,1,1,6,13055,M,4331576.0,544738.0,13
201500015358,15,10,20,1245,1,2,3,1,3,13055,M,4328910.0,538410.0,13
201500015359,15,10,20,1640,1,2,1,1,3,13055,M,4329362.0,543482.0,13
201500015360,15,10,20,1820,2,2,3,1,3,13055,M,0.0,0.0,13
201500015361,15,10,20,1840,2,2,1,1,6,13055,M,4326716.0,538955.0,13
201500015362,15,10,20,2130,5,2,3,1,6,13055,M,4328583.0,547953.0,13
201500015363,15,9,16,900,1,2,1,1,6,13055,M,4329199.0,539388.0,13
201500015364,15,10,21,730,2,2,1,1,6,13075,M,4334490.0,545819.0,13
201500015365,15,10,15,1500,1,2,1,1,6,13055,M,,,13
201500015366,15,10,21,1230,1,2,1,1,2,13055,M,4331593.0,538449.0,13
201500015367,15,10,21,1050,1,2,6,1,3,13055,M,4332861.0,536576.0,13
201500015368,15,10,21,815,1,2,1,1,2,13055,M,4328887.0,540026.0,13
201500015369,15,10,22,1045,1,2,3,1,3,13055,M,4324592.0,540776.0,13
201500015370,15,10,21,1925,5,2,1,1,2,13055,M,4328336.0,550370.0,13
201500015371,15,8,11,1900,1,2,2,1,3,13055,M,4328671.0,539036.0,13
201500015372,15,10,22,1540,1,2,1,1,2,13055,M,4333937.0,538063.0,13
201500015373,15,6,19,1730,1,2,1,1,5,13055,M,,,13
201500015374,15,10,23,1000,1,2,1,1,1,13055,M,4328490.0,539054.0,13
201500015375,15,8,12,1525,1,2,1,1,5,13055,M,4330044.0,538943.0,13
201500015376,15,10,23,1410,1,2,1,1,6,13055,M,4331337.0,546349.0,13
201500015377,15,10,23,1430,1,2,9,1,6,13055,M,4331492.0,538767.0,13
201500015378,15,10,23,1600,1,2,1,1,2,13055,M,4325440.0,537639.0,13
201500015379,15,10,23,1645,1,2,1,1,6,13055,M,4327192.0,542782.0,13
201500015380,15,10,23,1750,1,2,1,1,1,13055,M,4328476.0,536886.0,13
201500015381,15,10,23,1900,5,2,1,1,6,13055,M,4329910.0,538232.0,13
201500015382,15,10,15,1800,1,2,1,1,6,13055,M,4329164.0,544852.0,13
201500015383,15,10,23,1110,1,2,6,1,6,13055,M,4333930.0,537256.0,13
201500015384,15,10,24,1100,1,2,1,1,6,13055,M,4329598.0,540030.0,13
201500015385,15,10,23,1630,1,2,1,1,5,13055,M,4326848.0,540489.0,13
201500015386,15,10,24,1957,2,2,1,1,2,13055,M,4328486.0,543908.0,13
201500015387,15,2,24,1550,1,2,1,1,1,13055,M,4328040.0,540832.0,13
201500015388,15,10,24,1845,2,2,1,1,3,13055,M,4329966.0,543045.0,13
201500015389,15,10,25,2300,1,1,1,1,7,13002,M,,,13
201500015390,15,10,25,2015,5,2,3,1,3,13002,M,4333826.0,547672.0,13
201500015391,15,10,26,1340,1,2,1,1,1,13055,M,4328320.0,549698.0,13
201500015392,15,10,26,1357,1,2,3,1,2,13055,M,4335213.0,537303.0,13
201500015393,15,10,26,1700,1,1,1,1,6,13055,M,0.0,0.0,13
201500015394,15,10,26,1845,2,2,1,1,3,13055,M,4326370.0,539248.0,13
201500015395,15,10,27,2200,5,2,1,1,2,13055,M,4328874.0,548090.0,13
201500015396,15,10,28,815,1,2,1,1,1,13055,M,4331085.0,544483.0,13
201500015397,15,10,25,1900,5,2,3,1,3,13055,M,4328889.0,538768.0,13
201500015398,15,10,27,1205,1,2,1,1,6,13106,M,4339913.0,536788.0,13
201500015399,15,10,11,835,1,2,6,1,7,13055,M,4325236.0,542197.0,13
201500015400,15,10,27,1835,5,2,1,1,6,13055,M,4328015.0,542550.0,13
201500015401,15,10,28,1540,1,2,1,1,4,13106,M,4340720.0,536408.0,13
201500015402,15,10,28,1525,1,2,1,7,6,13055,M,4326864.0,538488.0,13
201500015403,15,10,28,1920,5,2,1,1,3,13055,M,4332782.0,539686.0,13
201500015404,15,10,29,20,5,2,1,1,7,13055,M,4326698.0,537591.0,13
201500015405,15,10,1,1315,1,2,1,1,6,13055,M,4327074.0,538859.0,13
201500015406,15,10,23,1830,2,2,1,1,4,13055,M,4328629.0,540696.0,13
201500015407,15,10,29,1205,1,1,3,1,3,13055,M,4337459.0,535709.0,13
201500015408,15,6,24,1730,1,2,1,1,3,13055,M,4325416.0,538262.0,13
201500015409,15,10,28,1545,1,2,1,1,6,13055,M,4330650.0,551006.0,13
201500015410,15,10,4,1505,1,2,1,1,2,13055,M,4331268.0,540165.0,13
201500015411,15,10,27,1620,1,2,3,1,1,13055,M,4330237.0,539546.0,13
201500015412,15,10,30,1345,1,2,3,1,4,13055,M,4329991.0,536570.0,13
201500015413,15,10,30,1230,1,2,1,1,6,13055,M,4324966.0,539645.0,13
201500015414,15,10,30,1830,5,2,1,1,7,13055,M,4325260.0,542193.0,13
201500015415,15,2,9,1500,1,2,5,1,6,13055,M,,,13
201500015416,15,10,29,1245,1,2,1,1,1,13055,M,4329212.0,540178.0,13
201500015417,15,10,31,545,5,2,9,1,3,13055,M,4326521.0,539541.0,13
201500015418,15,10,31,1700,1,2,1,7,4,13055,M,4332455.0,542114.0,13
201500015419,15,10,31,245,5,2,1,1,6,13055,M,4332416.0,544359.0,13
201500015420,15,2,27,2150,5,2,1,1,6,13055,M,4330346.0,547339.0,13
201500015421,15,7,10,520,5,2,1,1,7,13055,M,4331141.0,540368.0,13
201500015422,15,9,7,1000,1,2,1,1,6,13055,M,4337584.0,535827.0,13
201500015423,15,9,9,835,1,1,1,1,2,13055,M,4328176.0,540388.0,13
201500015424,15,2,20,2040,5,2,1,1,1,13055,M,4329103.0,538313.0,13
201500015425,15,10,27,1050,1,2,1,1,3,13055,M,4329168.0,541251.0,13
201500015426,15,10,31,1830,1,2,1,1,2,13055,M,4334191.0,535215.0,13
201500015427,15,11,1,1900,5,2,1,1,3,13055,M,4332994.0,538783.0,13
201500015428,15,10,28,1045,1,2,7,3,3,13055,M,4328143.0,542571.0,13
201500015429,15,11,2,1010,1,2,1,1,2,13055,M,4325871.0,539937.0,13
201500015430,15,10,15,1745,1,2,1,1,6,13055,M,4329938.0,537230.0,13
201500015431,15,11,2,1420,1,1,6,1,7,13055,M,4329555.0,548867.0,13
201500015432,15,10,29,925,1,2,1,1,6,13055,M,4328635.0,536318.0,13
201500015433,15,10,22,1210,1,2,1,1,3,13055,M,4329163.0,540972.0,13
201500015434,15,11,2,1508,1,2,3,1,3,13055,M,4328815.0,545053.0,13
201500015435,15,10,22,1710,1,2,1,1,6,13055,M,4328817.0,538457.0,13
201500015436,15,11,2,1730,2,1,1,1,1,13055,M,4330401.0,547259.0,13
201500015437,15,11,2,2245,1,1,3,1,3,13055,M,4325866.0,541735.0,13
201500015438,15,11,2,1030,1,2,1,1,6,13055,M,4327716.0,539855.0,13
201500015439,15,11,3,1500,1,2,3,1,6,13055,M,4330856.0,537030.0,13
201500015440,15,11,3,1535,1,2,2,1,3,13055,M,4327703.0,541363.0,13
201500015441,15,11,3,1610,1,2,1,1,6,13055,M,4325296.0,541419.0,13
201500015442,15,11,3,2112,5,2,1,1,3,13055,M,4333184.0,535900.0,13
201500015443,15,11,3,2210,5,1,1,1,7,13055,M,4326123.0,539795.0,13
201500015444,15,11,3,1840,5,2,9,1,3,13055,M,4332039.0,537296.0,13
201500015445,15,10,30,1645,1,2,3,1,1,13055,M,4330343.0,543762.0,13
201500015446,15,11,4,1530,1,2,1,1,4,13055,M,4331653.0,539697.0,13
201500015447,15,11,4,1515,1,2,1,1,1,13055,M,0.0,0.0,13
201500015448,15,11,4,1830,5,2,1,1,1,13055,M,4330971.0,537144.0,13
201500015449,15,11,4,1700,1,2,2,1,3,13055,M,4328910.0,538410.0,13
201500015450,15,11,4,2150,5,2,1,1,2,13055,M,4329517.0,540080.0,13
201500015451,15,11,5,826,1,2,1,1,6,13055,M,4331601.0,538472.0,13
201500015452,15,11,5,805,1,2,1,1,6,13055,M,4332346.0,544563.0,13
201500015453,15,11,5,1150,1,2,3,1,6,13055,M,4333770.0,539204.0,13
201500015454,15,11,3,1020,1,2,1,1,6,13055,M,4329907.0,538434.0,13
201500015455,15,11,5,1330,1,2,1,1,3,13055,M,4325967.0,539409.0,13
201500015456,15,9,25,900,1,2,1,1,6,13055,M,4328465.0,548480.0,13
201500015457,15,11,5,2200,1,1,1,1,4,13055,M,4333246.0,539285.0,13
201500015458,15,11,5,1400,1,2,1,1,2,13055,M,4328573.0,537361.0,13
201500015459,15,11,5,1445,1,2,1,1,3,13055,M,4326934.0,540490.0,13
201500015460,15,11,6,750,1,2,1,1,3,13055,M,4329048.0,542084.0,13
201500015461,15,11,6,830,1,2,1,1,3,13055,M,0.0,0.0,13
201500015462,15,11,2,1100,1,2,1,1,7,13002,M,0.0,0.0,13
201500015463,15,11,6,1630,1,2,1,1,6,13055,M,4332782.0,540701.0,13
201500015464,15,11,6,1545,1,2,1,1,6,13055,M,4328686.0,538528.0,13
201500015465,15,11,6,1500,1,2,1,1,1,13055,M,4336787.0,536259.0,13
201500015466,15,11,6,2000,5,2,6,1,3,13055,M,4325428.0,538173.0,13
201500015467,15,11,7,140,5,2,2,1,3,13055,M,4328671.0,539036.0,13
201500015468,15,11,5,1830,5,2,1,1,1,13055,M,4333983.0,541331.0,13
201500015469,15,11,7,610,5,2,1,1,2,13055,M,4333924.0,534817.0,13
201500015470,15,11,8,640,5,2,1,1,6,13055,M,4332936.0,537586.0,13
201500015471,15,11,8,630,5,2,1,1,2,13055,M,4327314.0,539231.0,13
201500015472,15,11,7,1345,1,2,1,1,3,13055,M,4326473.0,539350.0,13
201500015473,15,11,8,850,1,2,4,1,6,13055,M,4328918.0,535455.0,13
201500015474,15,11,8,1530,1,2,1,1,6,13055,M,4332737.0,537501.0,13
201500015475,15,11,8,1815,5,2,1,1,1,13055,M,4327397.0,541443.0,13
201500015476,15,11,8,2100,5,2,1,1,6,13055,M,4329467.0,538181.0,13
201500015477,15,11,8,1630,1,2,1,1,6,13055,M,4334626.0,535491.0,13
201500015478,15,11,9,15,5,2,2,1,3,13055,M,4329581.0,540029.0,13
201500015479,15,11,4,850,1,2,1,9,6,13055,M,4330339.0,544200.0,13
201500015480,15,11,9,1315,1,2,1,1,6,13055,M,4329479.0,537702.0,13
201500015481,15,11,9,1320,1,2,1,1,2,13055,M,4335295.0,537222.0,13
201500015482,15,11,10,920,1,2,1,1,2,13055,M,4334558.0,542450.0,13
201500015483,15,11,10,915,1,2,2,1,1,13055,M,4330578.0,540155.0,13
201500015484,15,10,5,1730,1,2,1,1,6,13055,M,4329662.0,548334.0,13
201500015485,15,11,10,1715,2,2,1,1,3,13055,M,4333929.0,534816.0,13
201500015486,15,11,11,5,5,2,1,1,1,13055,M,4330179.0,545795.0,13
201500015487,15,11,8,1930,2,2,1,1,3,13055,M,4326286.0,537827.0,13
201500015488,15,11,10,1855,1,2,1,1,3,13055,M,4329090.0,540025.0,13
201500015489,15,11,10,1830,5,2,1,1,6,13055,M,4324583.0,541669.0,13
201500015490,15,11,12,515,3,2,6,1,2,13055,M,4334789.0,534406.0,13
201500015491,15,11,11,1500,1,2,1,1,3,13055,M,4332544.0,543813.0,13
201500015492,15,11,12,815,1,1,1,1,6,13055,M,4329103.0,544176.0,13
201500015493,15,11,12,1430,1,2,1,1,2,13055,M,4329237.0,543564.0,13
201500015494,15,11,12,1540,1,2,1,1,6,13055,M,4329729.0,545723.0,13
201500015495,15,11,13,145,5,2,1,1,6,13055,M,4330334.0,537389.0,13
201500015496,15,6,13,1915,1,2,1,1,7,13055,M,,,13
201500015497,15,11,13,830,1,2,1,1,6,13055,M,4329487.0,539574.0,13
201500015498,15,11,13,1530,1,2,2,1,3,13055,M,4328039.0,542614.0,13
201500015499,15,11,13,1240,1,2,1,1,1,13055,M,4329232.0,536591.0,13
201500015500,15,11,13,2130,5,2,1,1,3,13055,M,4331726.0,540518.0,13
201500015501,15,11,13,2320,5,2,1,1,3,13055,M,4332697.0,543714.0,13
201500015502,15,11,14,216,5,2,3,1,3,13055,M,4329528.0,537441.0,13
201500015503,15,11,14,1405,1,2,1,1,2,13055,M,4333429.0,537466.0,13
201500015504,15,11,14,1545,1,2,1,1,3,13055,M,4336126.0,534485.0,13
201500015505,15,11,14,1415,1,2,2,1,1,13055,M,4329738.0,539772.0,13
201500015506,15,11,14,1140,1,2,1,1,2,13055,M,4329011.0,544138.0,13
201500015507,15,11,15,540,5,2,1,1,1,13055,M,4333065.0,540481.0,13
201500015508,15,11,14,1630,1,2,1,1,6,13075,M,4334108.0,545878.0,13
201500015509,15,11,11,1110,1,2,1,1,6,13055,M,4328040.0,536873.0,13
201500015510,15,11,15,1500,1,2,1,1,3,13055,M,4331653.0,539692.0,13
201500015511,15,11,14,1425,1,2,3,1,6,13055,M,4329529.0,537442.0,13
201500015512,15,10,30,220,5,2,1,1,7,13055,M,4326857.0,540122.0,13
201500015513,15,11,16,1100,1,1,1,1,7,13055,M,4327135.0,540181.0,13
201500015514,15,11,16,850,1,2,1,1,2,13055,M,4327320.0,539235.0,13
201500015515,15,11,16,1510,1,2,9,1,2,13055,M,4332342.0,544570.0,13
201500015516,15,11,16,1800,5,2,1,1,6,13055,M,4334585.0,538178.0,13
201500015517,15,11,16,1945,5,2,1,1,6,13055,M,4324745.0,538151.0,13
201500015518,15,11,16,1130,1,2,1,1,5,13055,M,4330415.0,541166.0,13
201500015519,15,11,16,1240,1,2,1,1,4,13055,M,4331027.0,538960.0,13
201500015520,15,11,17,1200,1,2,1,1,7,13055,M,4332067.0,545826.0,13
201500015521,15,11,13,830,1,2,1,1,6,13002,M,4335528.0,548697.0,13
201500015522,15,11,17,1140,1,2,1,1,2,13055,M,4324725.0,539321.0,13
201500015523,15,11,17,1630,1,2,1,1,6,13055,M,4326228.0,540200.0,13
201500015524,15,11,17,1800,2,2,2,1,3,13055,M,4330291.0,540070.0,13
201500015525,15,11,18,45,5,2,1,1,6,13055,M,4330994.0,538995.0,13
201500015526,15,11,17,1715,2,2,2,1,6,13055,M,4329023.0,535746.0,13
201500015527,15,11,17,1800,3,2,1,1,3,13055,M,4334257.0,542030.0,13
201500015528,15,11,18,728,1,2,1,1,5,13055,M,4329521.0,538174.0,13
201500015529,15,11,18,1630,1,2,1,1,6,13055,M,4331357.0,536818.0,13
201500015530,15,11,18,1915,5,2,3,1,3,13055,M,4326827.0,539367.0,13
201500015531,15,11,18,1825,5,2,1,1,3,13055,M,4333439.0,542056.0,13
201500015532,15,11,18,2105,5,2,1,1,5,13055,M,4328241.0,540290.0,13
201500015533,15,11,19,940,1,2,2,1,3,13055,M,4329987.0,540089.0,13
201500015534,15,11,19,1000,1,1,1,1,6,13055,M,4330590.0,541890.0,13
201500015535,15,11,18,1940,1,1,1,1,3,13055,M,4331082.0,546419.0,13
201500015536,15,11,13,955,1,2,1,1,3,13002,M,4333832.0,546729.0,13