Num_Acc,an,mois,jour,hrmn,lum,agg,int,atm,col,com,gps,lat,long,dep
201500015537,15,11,19,1500,1,2,1,1,2,13055,M,4333142.0,537669.0,13
201500015538,15,11,19,1410,1,2,1,1,2,13055,M,4326185.0,540410.0,13
201500015539,15,11,19,1700,1,1,1,1,1,13055,M,4326718.0,539716.0,13
201500015540,15,11,19,2035,5,2,2,1,3,13055,M,4330115.0,538790.0,13
201500015541,15,11,19,1815,5,2,1,1,3,13055,M,4328130.0,538328.0,13
201500015542,15,11,19,2230,5,2,1,1,3,13055,M,4330903.0,537840.0,13
201500015543,15,11,20,252,5,2,1,1,6,13055,M,4324949.0,542255.0,13
201500015544,15,11,20,945,1,2,3,1,6,13055,M,4332945.0,541899.0,13
201500015545,15,11,20,1045,1,2,1,1,6,13055,M,4336731.0,535817.0,13
201500015546,15,11,20,1340,1,2,1,1,3,13055,M,4330673.0,538278.0,13
201500015547,15,11,21,1850,5,2,1,1,4,13055,M,4336997.0,536071.0,13
201500015548,15,11,16,2020,5,2,3,1,3,13055,M,4328896.0,539510.0,13
201500015549,15,11,21,1700,1,2,1,8,2,13055,M,4331539.0,538673.0,13
201500015550,15,11,16,1245,1,2,3,1,6,13055,M,4332954.0,540336.0,13
201500015551,15,11,20,1615,1,2,2,1,3,13055,M,4329118.0,538076.0,13
201500015552,15,10,29,1130,1,2,2,1,3,13055,M,4330110.0,540078.0,13
201500015553,15,11,22,1700,5,2,9,1,7,13055,M,0.0,0.0,13
201500015554,15,11,23,545,5,2,3,1,3,13055,M,4328566.0,544203.0,13
201500015555,15,11,23,710,5,2,2,1,3,13055,M,4331675.0,539912.0,13
201500015556,15,11,23,820,1,2,1,1,1,13055,M,0.0,0.0,13
201500015557,15,11,10,1200,1,2,1,1,6,13055,M,4328407.0,538478.0,13
201500015558,15,11,6,835,1,1,5,1,3,13055,M,4329834.0,541659.0,13
201500015559,15,11,23,2115,5,2,1,1,6,13055,M,4330471.0,539327.0,13
201500015560,15,11,23,2020,5,2,9,1,3,13055,M,4331584.0,540388.0,13
201500015561,15,11,23,1900,5,2,1,1,3,13002,M,4335187.0,547756.0,13
201500015562,15,11,22,1910,1,2,1,1,6,13055,M,4328493.0,535005.0,13
201500015563,15,11,23,1830,5,2,1,1,3,13055,M,4328275.0,538948.0,13
201500015564,15,11,23,1900,5,2,1,1,6,13055,M,4333470.0,539136.0,13
201500015565,15,11,24,730,1,2,1,1,6,13055,M,4327630.0,537774.0,13
201500015566,15,11,24,1130,1,2,1,1,7,13055,M,4336898.0,536279.0,13
201500015567,15,11,24,1530,1,1,1,1,2,13055,M,0.0,0.0,13
201500015568,15,11,24,1700,1,2,1,1,7,13055,M,4332711.0,537496.0,13
201500015569,15,11,24,1820,5,2,3,1,1,13055,M,4334359.0,538535.0,13
201500015570,15,10,13,835,1,2,1,1,6,13055,M,4328324.0,540153.0,13
201500015571,15,11,25,605,5,2,3,2,3,13055,M,4330283.0,539952.0,13
201500015572,15,11,24,945,1,2,1,1,6,13002,M,4333849.0,547974.0,13
201500015573,15,11,25,900,1,2,1,1,3,13055,M,4325379.0,542127.0,13
201500015574,15,11,25,1400,1,2,1,1,2,13055,M,4332583.0,537855.0,13
201500015575,15,11,24,1500,1,2,2,1,1,13055,M,4328910.0,536207.0,13
201500015576,15,11,25,1300,1,2,3,1,3,13055,M,0.0,0.0,13
201500015577,15,11,25,1715,2,2,1,1,3,13055,M,4331162.0,537133.0,13
201500015578,15,11,25,2245,1,2,1,1,3,13055,M,4323681.0,536282.0,13
201500015579,15,11,26,5,3,2,3,8,3,13055,M,4330630.0,537410.0,13
201500015580,15,11,25,1800,5,2,1,1,6,13055,M,4327801.0,543460.0,13
201500015581,15,11,25,1830,5,2,1,1,3,13055,M,4334456.0,535430.0,13
201500015582,15,11,26,630,5,2,1,1,6,13055,M,4330296.0,539706.0,13
201500015583,15,11,26,1045,1,2,2,1,3,13055,M,4332581.0,537496.0,13
201500015584,15,11,26,1600,1,2,1,1,5,13055,M,4333425.0,545120.0,13
201500015585,15,11,27,2130,5,2,2,1,7,13055,M,4331453.0,537052.0,13
201500015586,15,11,27,910,1,2,1,1,3,13055,M,4324595.0,539963.0,13
201500015587,15,11,27,1015,1,2,1,1,2,13055,M,4332818.0,539811.0,13
201500015588,15,11,27,1430,1,2,1,1,3,13055,M,4327942.0,542341.0,13
201500015589,15,11,27,1500,1,2,1,1,6,13055,M,4333880.0,543274.0,13
201500015590,15,11,27,1750,5,2,1,1,3,13055,M,4328118.0,542642.0,13
201500015591,15,11,15,2050,5,2,1,1,1,13055,M,4329616.0,538143.0,13
201500015592,15,11,27,2200,5,2,1,1,1,13055,M,4327652.0,539767.0,13
201500015593,15,11,27,1725,1,2,2,1,3,13055,M,4332101.0,537473.0,13
201500015594,15,11,26,1200,1,2,1,6,6,13055,M,4328007.0,535371.0,13
201500015595,15,11,27,2005,5,2,1,1,2,13055,M,4330467.0,547168.0,13
201500015596,15,11,26,1410,1,2,1,1,3,13055,M,4327113.0,542542.0,13
201500015597,15,11,28,1040,1,2,1,1,6,13055,M,4329500.0,537562.0,13
201500015598,15,11,28,1400,1,2,1,1,6,13055,M,4324839.0,539861.0,13
201500015599,15,11,28,1445,1,2,1,6,6,13055,M,4327294.0,536294.0,13
201500015600,15,11,25,845,1,2,1,1,6,13055,M,4329291.0,538509.0,13
201500015601,15,11,25,1100,1,2,1,1,6,13055,M,4328980.0,539822.0,13
201500015602,15,11,20,1700,1,2,1,1,6,13055,M,4330208.0,538812.0,13
201500015603,15,11,28,1800,5,2,1,1,3,13055,M,4328253.0,543129.0,13
201500015604,15,11,28,1300,1,2,1,6,2,13055,M,4327994.0,539934.0,13
201500015605,15,11,23,1430,1,2,1,1,3,13055,M,4328422.0,538773.0,13
201500015606,15,11,30,1000,1,2,1,1,6,13055,M,4327344.0,538521.0,13
201500015607,15,11,30,1130,1,2,1,1,6,13055,M,4326187.0,540411.0,13
201500015608,15,11,30,1235,1,2,1,1,6,13055,M,,,13
201500015609,15,11,30,1230,1,2,1,1,6,13055,M,4327921.0,537977.0,13
201500015610,15,11,27,1240,1,2,1,1,2,13055,M,4328893.0,537640.0,13
201500015611,15,11,30,1445,1,2,1,1,6,13055,M,4330635.0,537416.0,13
201500015612,15,11,30,1310,1,2,3,1,3,13055,M,4324247.0,537968.0,13
201500015613,15,11,30,1800,5,2,3,1,3,13055,M,4324904.0,537508.0,13
201500015614,15,11,30,1600,1,2,1,1,5,13055,M,4337939.0,535686.0,13
201500015615,15,11,30,1835,5,2,1,1,3,13055,M,4336203.0,532967.0,13
201500015616,15,11,30,2255,5,2,3,1,3,13055,M,4328872.0,540012.0,13
201500015617,15,11,30,1130,1,2,2,1,3,13055,M,4330290.0,538987.0,13
201500015618,15,12,1,900,1,2,4,1,1,13055,M,4332214.0,543107.0,13
201500015619,15,11,30,1955,5,2,1,1,1,13055,M,4331198.0,551223.0,13
201500015620,15,12,1,1625,2,2,1,1,2,13055,M,4327931.0,538779.0,13
201500015621,15,12,1,1550,1,2,1,1,4,13055,M,4332461.0,542097.0,13
201500015622,15,12,1,1420,1,2,1,1,3,13055,M,4333505.0,542065.0,13
201500015623,15,12,1,1635,1,2,1,1,6,13055,M,4329799.0,544049.0,13
201500015624,15,12,1,1630,1,2,1,1,2,13055,M,4329265.0,545795.0,13
201500015625,15,12,2,102,5,2,1,1,7,13055,M,4327398.0,539364.0,13
201500015626,15,11,26,2000,5,2,1,1,6,13055,M,4329894.0,537828.0,13
201500015627,15,12,2,1720,4,2,1,1,3,13055,M,4328266.0,540243.0,13
201500015628,15,12,3,730,1,2,1,1,3,13106,M,4338620.0,535890.0,13
201500015629,15,12,3,1028,1,2,1,1,1,13055,M,0.0,0.0,13
201500015630,15,12,3,1110,1,2,3,1,3,13055,M,4328145.0,540499.0,13
201500015631,15,12,3,1345,1,2,1,1,6,13055,M,4336261.0,532100.0,13
201500015632,15,12,3,1545,1,2,1,1,6,13055,M,4331181.0,537894.0,13
201500015633,15,11,15,1750,5,1,1,1,3,13055,M,4328940.0,539671.0,13
201500015634,15,11,28,1030,1,2,2,1,3,13055,M,4328523.0,539077.0,13
201500015635,15,12,4,920,1,2,1,1,3,13055,M,4331982.0,541286.0,13
201500015636,15,12,4,1640,2,2,1,1,3,13055,M,4327306.0,539214.0,13
201500015637,15,12,4,2130,5,2,1,1,1,13055,M,4331029.0,538957.0,13
201500015638,15,12,4,1100,1,2,3,1,1,13055,M,4329011.0,542580.0,13
201500015639,15,12,3,1550,1,2,1,1,7,13055,M,4330082.0,537530.0,13
201500015640,15,12,5,1447,1,2,1,2,6,13002,M,4336771.0,552459.0,13
201500015641,15,12,4,1940,2,2,1,1,6,13055,M,4329619.0,539070.0,13
201500015642,15,12,5,1945,5,2,1,1,2,13055,M,4328356.0,540105.0,13
201500015643,15,12,6,10,5,2,1,8,7,13055,M,4324546.0,542647.0,13
201500015644,15,12,6,215,5,2,1,1,3,13055,M,4327362.0,541356.0,13
201500015645,15,11,30,1010,1,2,1,1,6,13055,M,4327462.0,538980.0,13
201500015646,15,12,4,2010,5,2,1,1,1,13055,M,4324262.0,536950.0,13
201500015647,15,12,6,645,2,2,1,2,2,13055,M,4328539.0,542525.0,13
201500015648,15,12,6,645,5,2,2,1,1,13055,M,4326874.0,540404.0,13
201500015649,15,12,5,1855,5,2,1,1,6,13055,M,4329694.0,540492.0,13
201500015650,15,12,5,1400,1,2,1,1,3,13055,M,4330021.0,538069.0,13
201500015651,15,11,28,1445,1,1,1,1,6,13055,M,4337075.0,535982.0,13
201500015652,15,12,7,750,2,2,6,1,2,13055,M,4328301.0,538535.0,13
201500015653,15,12,6,1545,1,2,3,2,3,13055,M,4335831.0,535755.0,13
201500015654,15,12,7,1545,2,2,1,1,4,13055,M,0.0,0.0,13
201500015655,15,12,7,1730,2,2,1,1,6,13055,M,4329779.0,536580.0,13
201500015656,15,7,4,1930,1,2,2,1,3,13055,M,4330941.0,540289.0,13
201500015657,15,12,3,700,5,2,1,1,2,13075,M,4334802.0,546454.0,13
201500015658,15,12,8,810,1,2,1,1,6,13055,M,4330647.0,551010.0,13
201500015659,15,12,8,1214,1,2,1,1,3,13055,M,4330846.0,543714.0,13
201500015660,15,12,8,1645,5,2,2,2,6,13055,M,4324179.0,537317.0,13
201500015661,15,12,8,1730,5,1,1,1,3,13055,M,4334957.0,543128.0,13
201500015662,15,12,8,2100,5,2,1,2,6,13055,M,4331522.0,538694.0,13
201500015663,15,12,9,800,1,2,1,1,2,13055,M,4330374.0,544001.0,13
201500015664,15,12,8,1100,1,2,3,1,6,13055,M,4328285.0,540872.0,13
201500015665,15,12,9,1210,1,2,1,1,3,13055,M,4325654.0,539401.0,13
201500015666,15,12,4,1200,1,2,2,1,3,13055,M,4327123.0,540902.0,13
201500015667,15,12,9,1950,5,2,1,1,6,13055,M,4328047.0,540817.0,13
201500015668,15,12,10,1045,1,2,3,1,6,13055,M,4330152.0,539605.0,13
201500015669,15,12,10,1400,1,2,1,1,6,13055,M,4329653.0,548320.0,13
201500015670,15,12,10,1520,1,1,1,1,3,13055,M,4327331.0,538528.0,13
201500015671,15,12,10,1340,1,2,1,1,2,13055,M,4328337.0,541285.0,13
201500015672,15,12,10,1420,1,2,1,1,1,13055,M,4329185.0,544671.0,13
201500015673,15,12,10,1715,2,2,1,1,3,13055,M,0.0,0.0,13
201500015674,15,11,21,1800,1,2,1,1,7,13055,M,4329574.0,540016.0,13
201500015675,15,12,11,600,5,2,1,1,3,13055,M,4329074.0,544118.0,13
201500015676,15,11,27,2030,5,2,1,1,3,13055,M,4330007.0,538830.0,13
201500015677,15,12,10,1410,1,2,1,1,3,13055,M,4324605.0,539443.0,13
201500015678,15,12,11,1058,1,1,3,1,3,13055,M,4333068.0,540468.0,13
201500015679,15,12,7,845,1,1,1,1,1,13055,M,4327152.0,542646.0,13
201500015680,15,12,1,1140,1,2,3,1,6,13055,M,4328920.0,535464.0,13
201500015681,15,12,7,1230,1,2,9,1,1,13055,M,4329401.0,538217.0,13
201500015682,15,12,11,1430,1,2,1,1,6,13055,M,4327307.0,539215.0,13
201500015683,15,12,11,1500,1,2,1,1,1,13055,M,4328381.0,549287.0,13
201500015684,15,12,11,2115,5,2,1,1,3,13055,M,4329021.0,542557.0,13
201500015685,15,12,12,45,5,2,6,1,3,13055,M,4328590.0,542541.0,13
201500015686,15,12,10,1400,1,2,1,1,6,13055,M,4329661.0,538130.0,13
201500015687,15,12,10,1900,5,2,1,1,6,13055,M,4330299.0,539359.0,13
201500015688,15,12,11,2030,5,2,1,1,6,13055,M,4329907.0,538466.0,13
201500015689,15,11,28,1400,1,2,1,1,2,13055,M,4328935.0,539645.0,13
201500015690,15,11,25,605,5,2,2,1,3,13055,M,4330282.0,539951.0,13
201500015691,15,12,12,855,1,2,1,1,6,13055,M,4332045.0,537328.0,13
201500015692,15,12,10,1900,5,1,1,1,3,13055,M,4330494.0,537614.0,13
201500015693,15,12,6,1400,1,2,2,1,3,13055,M,4330406.0,538717.0,13
201500015694,15,10,14,1630,1,2,1,1,6,13055,M,4331591.0,540074.0,13
201500015695,15,12,12,1440,1,2,1,1,2,13055,M,4328909.0,546892.0,13
201500015696,15,12,12,2000,4,2,1,1,6,13055,M,4330143.0,543738.0,13
201500015697,15,12,12,2230,3,2,1,1,2,13055,M,4326305.0,537415.0,13
201500015698,15,12,12,2215,5,2,1,1,6,13055,M,4331141.0,540353.0,13
201500015699,15,12,13,140,5,2,1,1,7,13055,M,4326371.0,539249.0,13
201500015700,15,11,30,630,5,2,1,1,6,13055,M,4329181.0,540280.0,13
201500015701,15,12,13,705,2,2,1,1,6,13055,M,4331112.0,540344.0,13
201500015702,15,12,13,1500,1,2,1,1,2,13055,M,4336854.0,536004.0,13
201500015703,15,12,13,1820,5,2,1,2,3,13055,M,4330760.0,542540.0,13
201500015704,15,12,13,2215,5,1,1,2,3,13055,M,4329265.0,544581.0,13
201500015705,15,12,13,2030,5,1,1,9,6,13055,M,4333929.0,534816.0,13
201500015706,15,12,13,2000,5,2,1,1,2,13055,M,4330147.0,540058.0,13
201500015707,15,12,14,850,1,2,1,1,3,13055,M,4328547.0,542576.0,13
201500015708,15,12,14,1120,1,2,2,1,1,13055,M,4330432.0,537108.0,13
201500015709,15,12,10,1130,1,2,1,1,3,13055,M,4336957.0,536116.0,13
201500015710,15,12,14,1620,1,2,1,1,5,13055,M,4328878.0,546024.0,13
201500015711,15,12,14,1940,5,2,1,1,3,13055,M,4328144.0,542975.0,13
201500015712,15,12,14,1150,1,2,1,1,2,13055,M,4329769.0,547918.0,13
201500015713,15,12,15,745,2,2,1,1,2,13055,M,4328819.0,550334.0,13
201500015714,15,12,15,820,1,1,1,1,6,13055,M,4325582.0,539244.0,13
201500015715,15,11,26,1600,1,2,2,1,3,13055,M,4329234.0,538347.0,13
201500015716,15,12,9,1300,1,2,9,1,3,13055,M,4330065.0,547684.0,13
201500015717,15,12,10,805,1,2,1,1,3,13055,M,4330979.0,536998.0,13
201500015718,15,12,15,1800,5,2,1,1,6,13055,M,0.0,0.0,13
201500015719,15,12,15,1600,1,2,2,1,3,13055,M,4326359.0,541070.0,13
201500015720,15,12,15,2020,5,2,3,8,3,13055,M,4329089.0,544284.0,13
201500015721,15,12,15,2355,5,2,2,1,3,13055,M,4328474.0,538183.0,13
201500015722,15,12,15,1800,5,2,2,1,6,13055,M,4330257.0,536887.0,13
201500015723,15,12,16,550,5,2,1,1,3,13055,M,4328511.0,542590.0,13
201500015724,15,12,16,454,5,2,1,1,6,13055,M,4326866.0,540143.0,13
201500015725,15,12,15,1600,1,2,1,1,6,13055,M,4328187.0,539531.0,13
201500015726,15,12,16,1120,1,2,1,1,3,13055,M,4325264.0,538215.0,13
201500015727,15,12,13,1130,1,2,9,1,2,13055,M,0.0,0.0,13
201500015728,15,12,16,1400,1,2,6,1,5,13055,M,0.0,0.0,13
201500015729,15,12,16,1400,1,1,1,1,7,13055,M,4333000.0,545087.0,13
201500015730,15,12,16,1630,1,2,1,1,3,13055,M,4328724.0,551090.0,13
201500015731,15,12,16,1820,2,2,1,1,6,13055,M,4338218.0,536385.0,13
201500015732,15,12,16,2050,4,2,1,1,6,13055,M,4326608.0,537349.0,13
201500015733,15,12,17,45,5,2,1,1,1,13055,M,4334895.0,535888.0,13
201500015734,15,12,17,1530,1,2,6,1,2,13055,M,4325435.0,537616.0,13
201500015735,15,12,7,830,1,2,2,1,3,13055,M,4330312.0,540540.0,13
201500015736,15,12,11,1600,1,2,1,1,3,13055,M,4328819.0,550317.0,13
201500015737,15,12,18,702,2,2,1,1,6,13055,M,4333303.0,543033.0,13
201500015738,15,12,13,1310,1,2,4,1,3,13002,M,4332386.0,547264.0,13
201500015739,15,12,18,1400,1,2,1,1,6,13055,M,4331601.0,538468.0,13
201500015740,15,12,17,1750,5,2,2,1,2,13055,M,4329051.0,537802.0,13
201500015741,15,12,18,1730,5,2,1,1,2,13055,M,4332000.0,541364.0,13
201500015742,15,12,18,1330,1,2,3,1,1,13055,M,4333021.0,540402.0,13
201500015743,15,12,19,1120,1,2,1,1,2,13055,M,0.0,0.0,13
201500015744,15,12,15,1200,1,2,1,1,2,13055,M,4328815.0,550312.0,13
201500015745,15,12,14,1145,1,2,1,1,3,13055,M,4329122.0,541723.0,13
201500015746,15,12,19,1440,1,1,1,1,5,13002,M,4335796.0,549135.0,13
201500015747,15,12,19,1910,5,2,1,1,3,13106,M,4339293.0,536436.0,13
201500015748,15,12,19,2145,5,2,1,1,6,13055,M,4330413.0,539985.0,13
201500015749,15,12,19,1830,3,1,1,1,6,13075,M,4333849.0,545503.0,13
201500015750,15,12,19,415,5,2,1,1,2,13055,M,4333066.0,540494.0,13
201500015751,15,12,20,600,5,2,1,1,6,13055,M,4333026.0,537007.0,13
201500015752,15,12,20,1000,1,2,1,2,2,13055,M,4327979.0,539933.0,13
201500015753,15,12,22,540,2,2,1,1,6,13055,M,4331070.0,538363.0,13
201500015754,15,12,22,810,1,2,1,8,6,13055,M,4325353.0,538080.0,13
201500015755,15,12,22,1620,1,2,1,1,6,13055,M,4324258.0,544810.0,13
201500015756,15,12,22,1840,5,2,1,1,6,13055,M,4324872.0,539110.0,13
201500015757,15,12,19,1125,1,2,1,1,6,13055,M,4328505.0,536743.0,13
201500015758,15,12,11,1030,1,2,3,1,1,13055,M,4329171.0,537523.0,13
201500015759,15,12,20,1230,1,2,1,1,3,13055,M,4327651.0,539443.0,13
201500015760,15,12,18,730,2,2,1,1,2,13055,M,4329713.0,540061.0,13
201500015761,15,12,23,1900,5,2,1,1,7,13055,M,4328125.0,542241.0,13
201500015762,15,12,23,1955,5,2,1,1,6,13055,M,4330383.0,542711.0,13
201500015763,15,12,21,1210,1,1,1,2,6,13002,M,0.0,0.0,13
201500015764,15,12,24,1605,1,2,1,1,3,13055,M,4335819.0,532630.0,13
201500015765,15,12,22,2235,5,2,1,1,6,13055,M,4325300.0,538211.0,13
201500015766,15,12,24,2040,5,2,1,1,1,13055,M,4329976.0,536892.0,13
201500015767,15,12,25,2330,5,2,1,1,6,13055,M,4337062.0,535997.0,13
201500015768,15,12,26,856,1,2,3,1,5,13055,M,4328728.0,546586.0,13
201500015769,15,12,21,1530,1,2,1,1,3,13055,M,4329237.0,536622.0,13
201500015770,15,12,27,1152,1,2,1,1,6,13055,M,4329210.0,535969.0,13
201500015771,15,12,9,1825,2,2,1,1,2,13055,M,4330953.0,540291.0,13
201500015772,15,12,27,1730,5,2,1,1,6,13055,M,4330168.0,537378.0,13
201500015773,15,12,17,30,5,2,3,1,2,13055,M,4324822.0,537749.0,13
201500015774,15,12,28,730,1,2,1,1,6,13055,M,4337272.0,536547.0,13
201500015775,15,12,28,1720,2,2,1,1,6,13055,M,4330409.0,542313.0,13
201500015776,15,12,10,1115,1,2,3,1,3,13055,M,4329820.0,537257.0,13
201500015777,15,12,29,1010,1,2,2,1,6,13055,M,4329638.0,537765.0,13
201500015778,15,12,29,1230,1,2,1,1,3,13055,M,0.0,0.0,13
201500015779,15,12,29,1400,1,2,1,1,2,13055,M,4326894.0,542023.0,13
201500015780,15,12,29,1610,1,2,1,1,3,13055,M,4328470.0,538593.0,13
201500015781,15,12,29,1720,1,2,1,1,3,13055,M,4330455.0,538495.0,13
201500015782,15,12,29,1616,1,2,1,1,1,13055,M,4335939.0,528616.0,13
201500015783,15,12,29,1955,5,2,1,1,4,13055,M,4330144.0,540057.0,13
201500015784,15,12,29,1900,5,2,1,1,3,13055,M,4325441.0,538213.0,13
201500015785,15,12,23,1515,1,2,1,1,6,13055,M,4329125.0,539998.0,13
201500015786,15,12,29,1330,1,2,1,1,3,13055,M,4329910.0,538187.0,13
201500015787,15,12,28,1600,1,2,6,1,1,13055,M,4328584.0,544256.0,13
201500015788,15,12,30,1015,1,2,1,1,2,13055,M,4326536.0,541229.0,13
201500015789,15,12,30,1205,1,1,1,1,3,13055,M,4333461.0,535798.0,13
201500015790,15,12,29,1825,5,2,1,1,6,13055,M,4331679.0,537551.0,13
201500015791,15,12,30,1945,5,2,1,1,6,13055,M,4326037.0,538702.0,13
201500015792,15,12,31,530,5,2,1,1,3,13055,M,4330301.0,536705.0,13
201500015793,15,12,31,1244,1,2,9,1,7,13055,M,4332857.0,539965.0,13
201500015794,15,12,31,1630,1,2,1,1,2,13055,M,,,13
201500015795,15,2,20,1330,1,2,1,1,6,13055,M,4328377.0,539021.0,13
201500015796,15,1,4,1215,1,2,1,1,5,13055,M,4332528.0,543348.0,13
201500015797,15,1,26,100,5,2,1,1,7,13055,M,4331499.0,538802.0,13
201500015798,15,2,12,1730,1,2,1,1,2,13055,M,4334630.0,535428.0,13
201500015799,15,1,7,1010,1,2,1,1,6,13055,M,4327686.0,536967.0,13
201500015800,15,1,15,2015,5,2,1,1,6,13055,M,4330324.0,538613.0,13
201500015801,15,1,23,1155,1,2,1,1,6,13055,M,4328935.0,539654.0,13
201500015802,15,1,3,115,5,2,1,1,6,13055,M,4327649.0,539760.0,13
201500015803,15,1,29,1500,1,2,1,2,6,13055,M,,,13
201500015804,15,1,9,2010,5,2,1,1,6,13055,M,4337604.0,535614.0,13
201500015805,15,1,23,1545,1,2,1,1,6,13055,M,4331366.0,538812.0,13
201500015806,15,1,28,850,1,2,1,1,4,13055,M,,,13
201500015807,15,3,4,1815,1,2,1,1,6,13055,M,4328763.0,539690.0,13
201500015808,15,3,5,835,1,2,1,1,2,13055,M,4328307.0,538057.0,13
201500015809,15,3,12,1540,1,2,1,1,6,13055,M,4330830.0,544032.0,13
201500015810,15,3,11,1640,1,2,1,1,6,13055,M,4326127.0,541491.0,13
201500015811,15,1,10,1545,1,2,1,1,1,13056,M,,,13
201500015812,15,3,18,1455,1,1,1,1,2,13039,M,,,13
201500015813,15,11,2,745,1,1,1,1,3,13056,M,0.0,0.0,13
201500015814,15,1,24,2340,5,1,1,1,1,13026,M,,,13
201500015815,15,12,10,1605,1,2,1,1,6,13056,M,0.0,0.0,13
201500015816,15,4,9,1725,1,1,1,1,2,13026,M,,,13
201500015817,15,1,28,1700,1,2,1,1,2,13056,M,,,13
201500015818,15,3,17,1530,1,2,1,1,6,13077,M,,,13
201500015819,15,11,22,1555,1,2,1,1,3,13056,M,0.0,0.0,13
201500015820,15,1,29,1830,3,1,1,2,1,13056,M,,,13
201500015821,15,4,7,710,3,1,1,1,7,13039,M,,,13
201500015822,15,12,10,855,1,2,1,1,6,13056,M,,,13
201500015823,15,1,9,1045,1,2,1,1,6,13056,M,,,13
201500015824,15,12,5,905,1,2,1,1,6,13039,M,,,13
201500015825,15,4,23,1145,1,2,1,1,5,13077,M,,,13
201500015826,15,2,9,930,1,2,1,1,6,13077,M,,,13
201500015827,15,12,22,925,1,2,1,1,6,13056,M,4340586.0,504775.0,13
201500015828,15,3,26,720,1,1,1,1,4,13039,M,,,13
201500015829,15,2,10,815,1,2,1,1,6,13056,M,,,13
201500015830,15,11,25,1325,1,1,1,1,2,13077,M,,,13
201500015831,15,3,4,1218,1,2,1,1,3,13056,M,,,13
201500015832,15,11,23,1350,1,1,1,1,2,13077,M,,,13
201500015833,15,4,17,1120,1,2,1,1,2,13077,M,4340838.0,498117.0,13
201500015834,15,12,1,1700,1,2,3,1,3,13056,M,4341137.0,505782.0,13
201500015835,15,3,10,1028,1,1,1,1,3,13039,M,,,13
201500015836,15,4,27,1700,1,1,1,2,6,13077,M,0.0,0.0,13
201500015837,15,12,25,40,5,1,1,1,6,13039,M,4345065.0,493507.0,13
201500015838,15,3,12,1700,1,1,1,1,3,13039,M,,,13
201500015839,15,4,15,1439,1,2,1,1,2,13077,M,0.0,0.0,13
201500015840,15,12,8,920,1,2,3,1,3,13077,M,4340166.0,497870.0,13
201500015841,15,4,22,935,1,2,1,1,3,13056,M,0.0,0.0,13
201500015842,15,11,17,1210,1,2,1,1,6,13077,M,,,13
201500015843,15,4,8,910,1,2,1,1,6,13026,M,0.0,0.0,13
201500015844,15,12,8,715,2,1,1,2,1,13039,M,4348625.0,488638.0,13
201500015845,15,4,10,1430,1,1,1,1,5,13077,M,0.0,0.0,13
201500015846,15,11,30,735,1,1,1,1,3,13077,M,,,13
201500015847,15,4,17,1126,1,1,1,1,2,13077,M,0.0,0.0,13
201500015848,15,7,10,505,2,2,1,1,6,13056,M,,,13
201500015849,15,11,6,950,1,1,1,1,2,13026,M,0.0,0.0,13
201500015850,15,5,16,1650,1,1,1,1,2,13026,M,,,13
201500015851,15,11,11,2300,3,2,1,1,1,13077,M,0.0,0.0,13
201500015852,15,5,25,1150,1,2,1,1,6,13056,M,4340374.0,505634.0,13
201500015853,15,5,30,915,1,2,1,1,6,13056,M,0.0,0.0,13
201500015854,15,5,20,1645,1,2,1,1,6,13056,M,0.0,0.0,13
201500015855,15,6,16,1455,1,2,1,1,6,13056,M,0.0,0.0,13
201500015856,15,5,23,1810,1,1,1,1,2,13056,M,0.0,0.0,13
201500015857,15,6,27,1945,2,1,1,1,6,13077,M,0.0,0.0,13
201500015858,15,5,20,1950,2,1,1,1,2,13039,M,0.0,0.0,13
201500015859,15,6,3,1211,1,2,1,1,1,13026,M,4338106.0,517109.0,13
201500015860,15,9,13,1430,1,2,1,1,1,13056,M,0.0,0.0,13
201500015861,15,6,15,1150,1,2,2,1,2,13077,M,4340818.0,498108.0,13
201500015862,15,9,5,1700,1,2,1,1,5,13077,M,,,13
201500015863,15,6,14,1250,1,2,6,1,3,13039,M,4346502.0,494106.0,13
201500015864,15,6,24,1225,1,2,1,1,2,13077,M,,,13
201500015865,15,8,29,1410,1,1,1,1,2,13039,M,,,13
201500015866,15,8,8,1455,1,2,1,1,1,13056,M,,,13
201500015867,15,7,13,1110,1,2,1,1,6,13056,M,,,13
201500015868,15,7,15,955,1,2,1,1,4,13026,M,0.0,0.0,13
201500015869,15,7,5,700,1,2,1,1,7,13056,M,4341121.0,505718.0,13