Num_Acc,an,mois,jour,hrmn,lum,agg,int,atm,col,com,gps,lat,long,dep
201500015870,15,7,23,940,1,2,1,1,6,13056,M,,,13
201500015871,15,7,22,1430,1,1,1,1,6,13039,M,0.0,0.0,13
201500015872,15,7,7,1310,1,1,1,1,1,13039,M,4345035.0,493565.0,13
201500015873,15,8,2,1900,1,2,1,1,3,13039,M,4343348.0,493029.0,13
201500015874,15,8,6,1520,1,1,1,1,3,13039,M,,,13
201500015875,15,8,7,2020,2,1,1,1,5,13026,M,,,13
201500015876,15,8,8,2000,5,1,1,1,1,13056,M,,,13
201500015877,15,8,21,2015,5,1,1,1,1,13056,M,,,13
201500015878,15,8,31,1415,1,1,1,1,5,13026,M,,,13
201500015879,15,9,15,1020,1,1,1,1,1,13026,M,0.0,0.0,13
201500015880,15,9,10,1710,1,1,1,1,3,13039,M,,,13
201500015881,15,9,2,1315,1,2,1,1,1,13056,M,0.0,0.0,13
201500015882,15,9,26,1120,1,2,1,1,1,13056,M,,,13
201500015883,15,9,25,1550,1,1,1,1,7,13077,M,0.0,0.0,13
201500015884,15,10,4,1900,1,2,1,1,6,13026,M,,,13
201500015885,15,10,15,1150,1,1,1,1,2,13039,M,,,13
201500015886,15,10,16,847,1,2,1,1,3,13039,M,0.0,0.0,13
201500015887,15,10,1,820,1,1,3,1,1,13026,M,4339331.0,519134.0,13
201500015888,15,10,12,1715,1,1,1,2,1,13039,M,0.0,0.0,13
201500015889,15,10,15,1045,1,2,1,1,1,13077,M,0.0,0.0,13
201500015890,15,10,23,710,2,2,3,1,3,13056,M,4341173.0,504388.0,13
201500015891,15,10,9,220,5,2,1,1,6,13056,M,0.0,0.0,13
201500015892,15,10,28,1400,1,2,1,1,5,13056,M,0.0,0.0,13
201500015893,15,2,17,1220,1,1,1,1,6,13103,M,,,13
201500015894,15,3,16,840,1,1,1,1,6,13103,M,4364856.0,506553.0,13
201500015895,15,5,3,1915,1,2,1,1,6,13103,M,,,13
201500015896,15,8,9,1655,1,1,1,1,2,13103,M,,,13
201500015897,15,8,15,2020,2,2,3,1,3,13103,M,4364505.0,510286.0,13
201500015898,15,10,18,1305,1,2,4,2,3,13103,M,4364401.0,509519.0,13
201500015899,15,8,23,445,3,1,6,1,1,13103,M,4364013.0,504758.0,13
201500015900,15,8,24,1420,1,1,9,1,3,13103,M,4366169.0,507975.0,13
201500015901,15,9,30,2131,3,1,1,1,1,13103,M,,,13
201500015902,15,12,6,2140,5,2,4,1,4,13103,M,4364407.0,510247.0,13
201500015903,15,12,7,1400,1,2,1,1,6,13103,M,,,13
201500015904,15,1,2,1215,1,1,1,1,7,30032,M,4379040.0,458141.0,30
201500015905,15,3,18,1615,1,2,1,1,7,30032,M,4380922.0,464000.0,30
201500015906,15,1,3,1420,1,2,1,1,2,30032,M,,,30
201500015907,15,3,20,1440,1,1,1,1,6,30032,M,4380965.0,463945.0,30
201500015908,15,1,4,1250,1,1,1,1,7,30032,M,4373235.0,460956.0,30
201500015909,15,4,8,1810,1,1,1,1,3,30032,M,,,30
201500015910,15,1,6,1030,1,2,2,1,6,13108,M,4381088.0,466129.0,13
201500015911,15,3,30,1650,1,1,1,1,3,30032,M,4380711.0,460993.0,30
201500015912,15,1,9,1045,1,2,1,1,2,30032,M,4381076.0,463642.0,30
201500015913,15,4,8,50,1,1,1,1,7,30032,M,,,30
201500015914,15,1,12,1100,1,1,1,1,2,13108,M,,,13
201500015915,15,4,18,1000,1,1,1,1,7,13108,M,,,13
201500015916,15,1,14,1900,3,1,1,1,2,13108,M,,,13
201500015917,15,4,18,1100,1,2,1,1,6,13108,M,0.0,0.0,13
201500015918,15,1,15,1855,5,2,1,1,6,13108,M,4380424.0,466281.0,13
201500015919,15,4,21,900,1,1,1,1,7,30032,M,,,30
201500015920,15,1,16,2130,3,1,1,3,1,13108,M,,,13
201500015921,15,4,23,1530,1,1,1,1,7,30032,M,4382340.0,464168.0,30
201500015922,15,1,21,1220,1,2,3,1,3,13108,M,4381368.0,466121.0,13
201500015923,15,4,24,1545,1,2,2,1,3,30032,M,4381136.0,464426.0,30
201500015924,15,1,23,840,1,1,3,1,3,13108,M,4378148.0,466506.0,13
201500015925,15,4,28,750,1,1,1,1,5,30032,M,4381373.0,461100.0,30
201500015926,15,1,23,923,1,1,1,1,7,13108,M,4381278.0,466946.0,13
201500015927,15,4,28,1220,1,1,1,1,4,13108,M,,,13
201500015928,15,1,24,1420,1,1,2,1,3,30032,M,4380145.0,461458.0,30
201500015929,15,5,8,1800,1,1,1,1,7,30032,M,4379279.0,458578.0,30
201500015930,15,1,30,1243,1,2,1,1,3,13108,M,4380942.0,466437.0,13
201500015931,15,5,9,1420,1,1,1,1,7,30032,M,4380251.0,461719.0,30
201500015932,15,2,4,608,3,1,1,4,7,13108,M,,,13
201500015933,15,5,9,2123,3,1,1,1,7,30032,M,4378950.0,464250.0,30
201500015934,15,2,9,1300,1,1,1,1,7,30032,M,,,30
201500015935,15,5,15,1435,1,1,1,1,1,13108,M,,,13
201500015936,15,2,9,1635,1,2,1,1,6,13108,M,,,13
201500015937,15,5,17,1300,1,2,1,1,1,30032,M,4380644.0,463487.0,30
201500015938,15,2,12,900,1,2,1,1,6,13108,M,4381181.0,466603.0,13
201500015939,15,5,18,1730,1,1,1,1,6,30032,M,4380731.0,462281.0,30
201500015940,15,2,13,1300,1,1,1,1,3,13108,M,4375086.0,470091.0,13
201500015941,15,5,19,910,1,1,1,1,3,13108,M,4381395.0,466592.0,13
201500015942,15,2,14,2002,5,2,1,2,1,13108,M,4380685.0,465572.0,13
201500015943,15,5,19,1930,1,1,1,1,7,30032,M,4382722.0,462289.0,30
201500015944,15,2,25,1200,1,1,1,1,7,30032,M,4375598.0,461385.0,30
201500015945,15,5,26,1735,1,1,1,1,6,30032,M,4378508.0,456928.0,30
201500015946,15,2,28,1108,1,2,1,1,2,13108,M,,,13
201500015947,15,5,20,1600,1,1,2,1,3,30032,M,4378558.0,463583.0,30
201500015948,15,3,1,1220,1,1,1,2,7,13108,M,,,13
201500015949,15,6,1,836,1,1,1,1,7,30032,M,4379231.0,461999.0,30
201500015950,15,3,5,830,1,1,1,6,7,13108,M,,,13
201500015951,15,6,2,800,1,1,1,1,6,30032,M,4381295.0,462754.0,30
201500015952,15,3,12,1915,2,1,1,1,6,13108,M,4376738.0,469376.0,13
201500015953,15,6,4,1115,1,1,1,1,3,30032,M,4381615.0,461310.0,30
201500015954,15,3,14,1330,1,1,1,1,3,13108,M,4377286.0,470096.0,13
201500015955,15,6,4,1415,1,2,2,1,3,13108,M,4381087.0,466130.0,13
201500015956,15,3,15,730,2,1,1,1,7,13108,M,4382651.0,470336.0,13
201500015957,15,6,5,1745,1,2,1,1,3,30032,M,4381677.0,461549.0,30
201500015958,15,6,6,715,1,2,1,1,6,30032,M,4380599.0,464226.0,30
201500015959,15,6,8,1420,1,1,1,1,7,13108,M,,,13
201500015960,15,6,12,930,1,1,2,1,3,30032,M,4380785.0,462700.0,30
201500015961,15,6,16,715,1,2,1,3,5,30032,M,4381167.0,463208.0,30
201500015962,15,6,17,1205,1,1,2,1,3,13108,M,4380515.0,471273.0,13
201500015963,15,6,19,1000,1,1,2,1,2,30032,M,4381136.0,464429.0,30
201500015964,15,6,19,810,1,1,1,1,7,13108,M,4383091.0,471436.0,13
201500015965,15,6,22,930,1,1,1,1,7,13108,M,4379688.0,468992.0,13
201500015966,15,6,22,1615,1,1,1,1,7,30032,M,4381599.0,461357.0,30
201500015967,15,6,23,1045,1,1,1,1,3,30032,M,4380590.0,464263.0,30
201500015968,15,6,23,1200,1,1,1,1,1,30032,M,4381132.0,464426.0,30
201500015969,15,6,25,850,1,1,6,1,3,13108,M,4379505.0,469603.0,13
201500015970,15,6,25,2000,1,1,1,1,7,13108,M,4374900.0,470068.0,13
201500015971,15,7,7,40,5,2,1,1,1,30032,M,4380985.0,462599.0,30
201500015972,15,7,7,1800,1,1,1,1,3,13108,M,4382372.0,464914.0,13
201500015973,15,7,9,146,5,1,1,1,7,30032,M,4381596.0,463038.0,30
201500015974,15,7,7,2100,2,1,1,1,7,30032,M,,,30
201500015975,15,7,12,1700,1,1,1,1,7,13108,M,,,13
201500015976,15,7,15,1205,1,1,1,1,3,30032,M,,,30
201500015977,15,7,18,1700,1,1,1,1,3,13108,M,4380074.0,467138.0,13
201500015978,15,7,19,1353,1,1,1,1,7,13108,M,,,13
201500015979,15,7,20,1842,1,2,1,1,6,30032,M,4380907.0,464046.0,30
201500015980,15,7,21,2100,2,1,1,1,3,13108,M,4382365.0,464922.0,13
201500015981,15,7,22,1250,1,2,1,1,6,13108,M,4380816.0,466291.0,13
201500015982,15,7,25,1835,1,2,1,1,6,30032,M,,,30
201500015983,15,7,31,844,1,2,1,1,3,13108,M,4379680.0,469018.0,13
201500015984,15,8,3,2100,2,1,1,1,7,13108,M,4382626.0,470193.0,13
201500015985,15,8,11,955,1,2,1,1,2,13108,M,,,13
201500015986,15,8,15,143,3,1,1,1,6,13108,M,4379487.0,466478.0,13
201500015987,15,8,15,425,3,1,1,1,7,13108,M,4381329.0,467083.0,13
201500015988,15,8,16,1306,1,2,6,1,3,30032,M,4379250.0,463039.0,30
201500015989,15,8,16,150,5,2,1,1,7,30032,M,4380529.0,461968.0,30
201500015990,15,8,15,1450,1,1,1,1,7,13108,M,,,13
201500015991,15,8,25,830,1,1,1,1,1,13108,M,4377070.0,466855.0,13
201500015992,15,8,28,750,1,1,1,1,7,13108,M,4382164.0,468834.0,13
201500015993,15,8,28,1857,1,1,2,1,3,30032,M,,,30
201500015994,15,8,28,2100,2,1,1,1,3,30032,M,,,30
201500015995,15,9,1,1715,1,1,6,1,3,13108,M,4380392.0,465594.0,13
201500015996,15,9,4,1435,1,1,1,1,7,13108,M,,,13
201500015997,15,9,4,1700,1,1,2,1,3,30032,M,4379766.0,461924.0,30
201500015998,15,9,6,130,3,2,9,1,3,30032,M,4380468.0,465439.0,30
201500015999,15,9,8,1250,1,2,1,1,1,30032,M,,,30
201500016000,15,9,10,845,1,1,1,1,3,30032,M,4380951.0,463812.0,30
201500016001,15,9,15,1201,1,2,1,1,6,13108,M,4380272.0,465812.0,13
201500016002,15,9,17,1920,1,2,3,1,3,30032,M,4380972.0,464311.0,30
201500016003,15,9,18,1910,1,1,4,1,3,13108,M,4384625.0,467802.0,13
201500016004,15,10,1,945,1,2,1,1,2,30032,M,4381146.0,463345.0,30
201500016005,15,10,3,1150,1,1,1,1,6,30032,M,,,30
201500016006,15,10,7,1600,1,2,1,1,3,13108,M,,,13
201500016007,15,10,17,1130,1,1,1,1,6,13108,M,4380651.0,465886.0,13
201500016008,15,10,22,1320,1,1,1,6,7,30032,M,,,30
201500016009,15,10,23,1100,1,1,6,1,7,30032,M,4379277.0,463011.0,30
201500016010,15,11,2,1805,1,2,1,1,1,30032,M,4381331.0,462608.0,30
201500016011,15,11,10,1640,1,1,6,1,1,30032,M,4379303.0,463027.0,30
201500016012,15,11,10,1930,3,1,1,1,1,30032,M,,,30
201500016013,15,11,13,2130,3,1,1,1,1,13108,M,,,13
201500016014,15,11,15,250,3,1,1,1,7,30032,M,,,30
201500016015,15,11,25,1700,1,1,1,1,7,30032,M,,,30
201500016016,15,1,4,1600,1,2,1,1,7,13117,M,4345632.0,524688.0,13
201500016017,15,3,20,840,1,2,6,2,3,13117,M,4344629.0,524806.0,13
201500016018,15,1,5,1405,1,1,1,1,5,13117,M,,,13
201500016019,15,3,21,115,5,2,1,1,1,13117,M,,,13
201500016020,15,1,6,1015,1,1,1,1,2,13117,M,,,13
201500016021,15,3,21,1500,1,1,1,2,2,13071,M,,,13
201500016022,15,1,7,915,1,1,1,1,2,13019,M,,,13
201500016023,15,3,23,1740,1,2,3,1,7,13117,M,4342771.0,525678.0,13
201500016024,15,3,23,1940,3,1,1,1,6,13117,M,,,13
201500016025,15,1,10,1710,2,2,3,1,3,13117,M,4344204.0,525300.0,13
201500016026,15,3,19,1400,1,2,9,1,3,13071,M,4338217.0,534244.0,13
201500016027,15,1,13,840,1,1,1,8,3,13117,M,4343967.0,523958.0,13
201500016028,15,3,24,1000,1,1,1,1,1,13071,M,,,13
201500016029,15,1,13,900,1,1,3,1,7,13071,M,4341248.0,535063.0,13
201500016030,15,1,16,1225,1,1,1,8,2,13071,M,,,13
201500016031,15,6,9,1125,1,2,1,1,3,13117,M,4343311.0,526065.0,13
201500016032,15,1,16,1300,1,1,1,2,6,13117,M,,,13
201500016033,15,3,25,1535,1,1,1,8,2,13117,M,,,13
201500016034,15,1,16,1945,3,1,1,2,7,13117,M,,,13
201500016035,15,4,1,1500,1,1,1,1,7,13071,M,,,13
201500016036,15,1,19,1945,3,1,1,2,6,13117,M,4342534.0,524391.0,13
201500016037,15,3,28,2145,5,2,1,1,1,13071,M,,,13
201500016038,15,1,19,2100,5,2,1,2,5,13117,M,,,13
201500016039,15,4,4,1100,1,2,1,1,2,13117,M,4343251.0,526504.0,13
201500016040,15,1,23,900,1,1,1,1,2,13071,M,,,13
201500016041,15,4,4,1530,1,2,1,1,3,13071,M,,,13
201500016042,15,1,31,306,5,2,1,1,6,13071,M,4342564.0,530514.0,13
201500016043,15,4,5,1745,1,2,1,1,7,13117,M,4342466.0,527780.0,13
201500016044,15,2,2,1630,1,1,1,1,2,13071,M,,,13
201500016045,15,4,7,1100,1,2,3,1,6,13117,M,4345468.0,524390.0,13
201500016046,15,2,4,630,3,1,1,1,6,13117,M,,,13
201500016047,15,4,7,1330,1,1,1,1,2,13019,M,,,13
201500016048,15,2,3,1130,1,2,2,1,3,13071,M,4341716.0,528910.0,13
201500016049,15,4,8,1725,1,1,4,1,4,13117,M,,,13
201500016050,15,2,5,820,2,2,1,4,2,13117,M,,,13
201500016051,15,4,6,1400,1,1,1,1,7,13019,M,,,13
201500016052,15,2,5,730,1,2,1,4,2,13117,M,,,13
201500016053,15,12,29,2200,3,1,1,1,3,13071,M,,,13
201500016054,15,4,4,1220,1,1,1,1,1,13019,M,,,13
201500016055,15,2,5,1145,1,2,2,1,2,13117,M,4342827.0,526183.0,13
201500016056,15,4,14,1630,1,1,1,1,6,13019,M,,,13
201500016057,15,2,7,1530,1,2,1,1,5,13071,M,,,13
201500016058,15,4,18,1000,1,1,3,1,3,13019,M,4345240.0,535880.0,13
201500016059,15,2,10,830,1,2,1,1,2,13117,M,,,13
201500016060,15,4,21,1730,1,1,9,1,6,13071,M,,,13
201500016061,15,2,10,940,1,2,4,1,3,13071,M,4340801.0,530391.0,13
201500016062,15,4,22,1100,1,2,2,1,3,13117,M,4342260.0,528144.0,13
201500016063,15,2,11,930,1,2,1,1,2,13019,M,,,13
201500016064,15,4,22,1150,1,2,3,1,1,13019,M,4344782.0,536695.0,13
201500016065,15,2,12,856,1,1,1,1,2,13019,M,,,13
201500016066,15,4,23,1030,1,1,1,1,2,13071,M,,,13
201500016067,15,2,16,1840,1,2,4,1,1,13055,M,4338532.0,534551.0,13
201500016068,15,4,24,1715,1,1,1,1,2,13117,M,,,13
201500016069,15,2,17,1030,1,1,1,1,7,13117,M,,,13
201500016070,15,4,24,2305,5,1,1,1,1,13071,M,,,13
201500016071,15,2,22,745,1,2,3,1,3,13117,M,4343702.0,525684.0,13
201500016072,15,4,28,1733,1,1,1,1,4,13071,M,,,13
201500016073,15,2,24,1150,1,1,1,1,6,13117,M,,,13
201500016074,15,4,28,1800,1,1,1,1,2,13055,M,,,13
201500016075,15,2,24,1210,1,1,9,1,3,13071,M,,,13
201500016076,15,4,30,950,1,2,3,1,2,13117,M,4343817.0,526231.0,13
201500016077,15,2,23,1700,1,2,1,1,7,13019,M,,,13
201500016078,15,5,1,1130,1,2,2,1,1,13071,M,4341976.0,533765.0,13
201500016079,15,2,25,1400,1,2,9,1,6,13071,M,4338206.0,534129.0,13
201500016080,15,5,4,1410,1,2,1,1,2,13071,M,4340058.0,534041.0,13
201500016081,15,2,27,1350,1,2,1,1,6,13071,M,4339841.0,533538.0,13
201500016082,15,5,8,1820,1,1,1,1,7,13117,M,4341929.0,527226.0,13
201500016083,15,3,2,2340,5,2,1,1,6,13117,M,,,13
201500016084,15,5,9,2000,1,2,1,1,2,13117,M,,,13
201500016085,15,5,2,1730,1,2,1,1,7,13019,M,,,13
201500016086,15,3,7,620,5,2,1,1,6,13071,M,4342083.0,526922.0,13
201500016087,15,5,12,630,2,1,1,1,7,13071,M,4341306.0,530148.0,13
201500016088,15,5,12,1610,1,2,1,1,3,13071,M,,,13
201500016089,15,3,8,850,1,2,1,1,6,13071,M,4341821.0,529707.0,13
201500016090,15,3,10,1800,1,2,1,1,2,13071,M,,,13
201500016091,15,5,13,1820,1,2,1,1,6,13019,M,4340944.0,532266.0,13
201500016092,15,3,10,1900,2,2,1,1,2,13117,M,,,13
201500016093,15,5,15,1600,1,2,1,1,7,13117,M,,,13
201500016094,15,3,11,1610,1,1,1,1,2,13117,M,,,13
201500016095,15,5,16,920,1,2,1,1,1,13071,M,4341795.0,529057.0,13
201500016096,15,3,11,1745,1,1,6,1,3,13071,M,4340187.0,533551.0,13
201500016097,15,5,20,1730,1,2,1,1,2,13117,M,0.0,0.0,13
201500016098,15,3,12,610,2,2,1,1,3,13117,M,,,13
201500016099,15,5,24,1200,1,1,1,1,2,13071,M,4339520.0,534356.0,13
201500016100,15,3,13,2033,5,2,1,1,7,13117,M,4344269.0,524500.0,13
201500016101,15,5,27,1000,1,1,1,1,3,13117,M,,,13
201500016102,15,5,28,830,1,2,1,1,3,13071,M,,,13
201500016103,15,5,28,1930,1,2,4,1,6,13117,M,4342772.0,525659.0,13
201500016104,15,5,28,815,1,2,2,1,3,13117,M,4342324.0,524108.0,13
201500016105,15,5,29,1235,1,2,1,1,3,13117,M,4342425.0,527761.0,13
201500016106,15,5,29,1555,1,2,1,1,2,13117,M,,,13
201500016107,15,5,30,1945,1,1,1,1,6,13019,M,,,13
201500016108,15,6,1,1650,1,1,1,1,6,13071,M,4340957.0,535160.0,13
201500016109,15,6,1,900,1,1,1,1,2,13071,M,,,13
201500016110,15,6,3,1750,1,1,1,1,3,13071,M,,,13
201500016111,15,6,3,1845,1,1,1,1,1,13071,M,,,13
201500016112,15,6,4,900,1,1,1,1,3,13019,M,,,13
201500016113,15,6,4,1800,1,2,1,1,2,13117,M,,,13
201500016114,15,6,6,1915,1,1,1,1,2,13117,M,,,13
201500016115,15,6,7,1330,1,1,1,1,7,13117,M,4344949.0,523786.0,13
201500016116,15,6,9,1755,1,2,1,1,6,13071,M,4338004.0,534981.0,13
201500016117,15,6,10,1745,1,2,1,1,3,13117,M,4343901.0,524436.0,13
201500016118,15,6,11,950,1,1,1,1,1,13071,M,,,13
201500016119,15,6,11,920,1,1,1,1,6,13117,M,,,13
201500016120,15,6,11,1735,1,1,1,1,3,13117,M,,,13
201500016121,15,6,15,1400,1,1,1,1,2,13117,M,,,13
201500016122,15,6,22,1630,1,1,2,1,3,13117,M,4342324.0,524108.0,13
201500016123,15,6,23,1920,1,1,1,1,2,13117,M,4346448.0,523199.0,13
201500016124,15,6,29,1645,1,1,3,1,3,13071,M,4341586.0,529544.0,13
201500016125,15,6,29,230,3,2,1,1,7,13019,M,,,13
201500016126,15,7,2,1050,1,2,1,1,3,13071,M,4341094.0,530984.0,13
201500016127,15,7,2,1850,1,1,2,1,3,13117,M,4342324.0,524108.0,13
201500016128,15,7,3,1800,1,2,1,1,3,13071,M,,,13
201500016129,15,7,10,1400,1,1,1,1,1,13102,M,,,13
201500016130,15,7,11,1930,1,2,1,1,2,13071,M,,,13
201500016131,15,7,13,1830,1,2,1,1,2,13117,M,,,13
201500016132,15,7,16,650,1,1,9,1,3,13071,M,,,13
201500016133,15,7,16,1400,1,2,3,1,3,13117,M,4342324.0,524108.0,13
201500016134,15,7,17,2210,5,2,1,1,1,13071,M,4341095.0,530984.0,13
201500016135,15,7,18,1600,1,2,1,1,3,13117,M,,,13
201500016136,15,7,23,1740,1,1,1,1,6,13117,M,,,13
201500016137,15,7,24,1025,1,1,9,1,3,13071,M,4341704.0,528912.0,13
201500016138,15,7,23,1800,1,1,1,1,2,13019,M,,,13
201500016139,15,7,27,2300,3,1,3,1,1,13071,M,4341643.0,527892.0,13
201500016140,15,7,29,1730,1,1,1,1,2,13019,M,,,13
201500016141,15,7,31,740,1,1,1,1,5,13117,M,,,13
201500016142,15,8,1,1330,1,2,3,1,3,13117,M,4345242.0,523646.0,13
201500016143,15,8,2,1940,1,1,1,1,3,13117,M,,,13
201500016144,15,8,2,1845,1,1,1,1,4,13019,M,,,13
201500016145,15,8,5,1115,1,1,3,1,3,13071,M,4340856.0,532793.0,13
201500016146,15,8,6,1515,1,2,6,1,7,13117,M,4345944.0,523288.0,13
201500016147,15,8,8,1630,1,2,3,1,3,13117,M,4345790.0,524190.0,13
201500016148,15,8,10,1000,1,2,1,1,2,13117,M,,,13
201500016149,15,8,10,1600,1,1,1,1,7,13117,M,,,13
201500016150,15,8,10,1015,1,2,9,1,6,13117,M,,,13
201500016151,15,8,10,2025,2,2,1,1,3,13117,M,4342384.0,527609.0,13
201500016152,15,8,13,1100,1,1,1,1,6,13019,M,,,13
201500016153,15,8,12,1815,1,2,1,1,6,13117,M,,,13
201500016154,15,8,14,1530,1,1,2,1,3,13117,M,4342330.0,528372.0,13
201500016155,15,8,15,1600,1,2,1,1,2,13117,M,,,13
201500016156,15,8,16,2350,5,2,1,1,7,13117,M,,,13
201500016157,15,8,20,1000,1,2,3,1,3,13117,M,4342255.0,527146.0,13
201500016158,15,8,21,1630,1,1,1,1,6,13019,M,,,13
201500016159,15,8,28,630,1,1,1,1,7,13019,M,,,13
201500016160,15,8,29,1050,1,1,1,1,5,13071,M,4340260.0,527513.0,13
201500016161,15,7,30,545,5,2,1,1,7,13117,M,,,13
201500016162,15,8,31,1300,1,1,1,1,7,13117,M,,,13
201500016163,15,9,1,1815,1,2,1,1,2,13019,M,4342983.0,538265.0,13
201500016164,15,9,2,1615,1,1,4,1,2,13117,M,4342664.0,526337.0,13
201500016165,15,9,1,1720,1,1,1,1,4,13071,M,4340755.0,529545.0,13
201500016166,15,9,3,1220,1,1,1,1,6,13071,M,,,13
201500016167,15,9,7,1800,1,1,1,1,7,13117,M,,,13
201500016168,15,9,8,1910,1,1,1,1,1,13019,M,,,13
201500016169,15,9,8,2100,3,1,1,1,7,13117,M,,,13
201500016170,15,9,10,640,2,2,1,1,3,13117,M,4343596.0,524206.0,13
201500016171,15,9,10,730,1,1,1,1,3,13071,M,,,13
201500016172,15,9,10,1400,1,1,1,1,3,13071,M,,,13
201500016173,15,9,11,1805,1,2,1,1,2,13071,M,0.0,0.0,13
201500016174,15,9,4,1130,1,1,6,1,1,13054,M,4342324.0,523714.0,13
201500016175,15,9,18,750,1,1,1,1,2,13071,M,,,13
201500016176,15,9,19,1356,1,1,2,1,1,13071,M,4341851.0,536649.0,13
201500016177,15,9,23,1045,1,1,1,1,1,13019,M,,,13
201500016178,15,9,24,1730,1,2,1,1,2,13071,M,4337708.0,535287.0,13
201500016179,15,9,24,2330,5,1,1,1,2,13117,M,,,13
201500016180,15,9,24,1945,2,2,2,1,3,13117,M,4342122.0,526666.0,13
201500016181,15,9,25,1215,1,2,2,1,2,13117,M,4342323.0,524108.0,13
201500016182,15,9,25,1500,1,2,3,1,3,13117,M,4342324.0,524108.0,13
201500016183,15,9,27,515,3,1,1,1,6,13117,M,,,13
201500016184,15,9,27,1305,1,1,1,1,1,13117,M,,,13
201500016185,15,9,28,1100,1,1,1,1,2,13071,M,,,13
201500016186,15,9,29,1325,1,2,3,1,1,13019,M,4345873.0,533270.0,13
201500016187,15,9,30,1800,1,1,1,1,2,13117,M,,,13
201500016188,15,10,2,1650,1,2,1,1,6,13117,M,,,13
201500016189,15,10,2,2100,3,1,1,1,7,13117,M,4343766.0,523512.0,13
201500016190,15,10,2,1055,1,2,2,1,3,13117,M,4342324.0,524109.0,13
201500016191,15,10,2,1200,1,1,1,1,3,13071,M,,,13
201500016192,15,10,5,1325,1,2,1,1,6,13071,M,,,13
201500016193,15,10,6,1906,2,2,1,1,6,13117,M,,,13
201500016194,15,10,8,1235,1,2,1,1,1,13117,M,,,13
201500016195,15,10,8,1925,2,1,3,1,3,13117,M,4342324.0,524108.0,13
201500016196,15,10,10,100,5,1,1,1,2,13117,M,4342700.0,525320.0,13
201500016197,15,10,8,1405,1,2,1,1,3,13019,M,,,13
201500016198,15,10,12,1110,1,1,9,2,3,13071,M,,,13
201500016199,15,10,19,830,1,1,1,2,1,13019,M,,,13
201500016200,15,10,19,600,3,2,1,1,6,13117,M,,,13
201500016201,15,10,19,1030,1,1,1,8,6,13117,M,4342700.0,525320.0,13
201500016202,15,10,23,945,1,2,6,1,3,13071,M,,,13
201500016203,15,10,23,1300,1,1,1,1,1,13117,M,,,13
201500016204,15,10,24,1230,1,2,6,1,3,13071,M,,,13
201500016205,15,10,26,1250,1,1,1,1,2,13071,M,4340832.0,531381.0,13
201500016206,15,10,26,1625,1,1,2,1,3,13117,M,4342732.0,523570.0,13
201500016207,15,10,29,1800,2,2,1,1,6,13117,M,,,13
201500016208,15,10,29,1645,1,2,6,1,1,13117,M,4345600.0,524283.0,13
201500016209,15,10,30,1330,1,1,1,1,2,13071,M,,,13
201500016210,15,10,31,755,1,2,6,1,6,13117,M,,,13
201500016211,15,10,31,1450,1,1,2,1,3,13117,M,4342323.0,524109.0,13
201500016212,15,11,2,930,1,1,1,1,3,13071,M,,,13
201500016213,15,11,3,900,1,1,1,8,7,13117,M,,,13
201500016214,15,11,3,1000,1,1,1,8,7,13117,M,4342700.0,525320.0,13
201500016215,15,11,4,2110,5,1,3,1,1,13117,M,4345215.0,525127.0,13
201500016216,15,11,5,820,1,1,1,1,2,13071,M,,,13
201500016217,15,11,5,1030,1,2,1,1,2,13117,M,,,13
201500016218,15,11,5,1130,1,2,1,1,3,13071,M,4340835.0,531406.0,13
201500016219,15,11,5,1845,5,1,1,1,2,13117,M,4342700.0,525320.0,13
201500016220,15,11,6,2115,5,2,6,1,2,13071,M,,,13
201500016221,15,11,6,745,1,2,1,1,6,13117,M,4342459.0,527175.0,13
201500016222,15,11,7,1920,5,2,1,1,6,13019,M,,,13
201500016223,15,11,3,2125,3,1,1,1,4,13117,M,,,13
201500016224,15,11,12,700,2,1,1,1,1,13117,M,4342700.0,525320.0,13
201500016225,15,11,16,1400,1,2,1,1,2,13117,M,4344433.0,524585.0,13
201500016226,15,11,18,700,1,2,6,1,3,13117,M,4343434.0,524264.0,13
201500016227,15,11,19,1130,1,2,1,1,4,13071,M,4337498.0,535403.0,13
201500016228,15,11,20,615,1,1,2,1,1,13117,M,4342689.0,523472.0,13
201500016229,15,11,15,1135,1,1,6,1,3,13019,M,4347846.0,535608.0,13
201500016230,15,11,21,1000,1,1,1,1,6,13117,M,4342775.0,526745.0,13
201500016231,15,11,25,900,1,2,6,1,3,13071,M,4342002.0,536667.0,13
201500016232,15,11,18,1715,1,2,3,1,3,13117,M,4342693.0,523472.0,13
201500016233,15,11,26,945,1,2,3,1,3,13117,M,4342324.0,524108.0,13
201500016234,15,11,26,1540,1,2,1,6,6,13117,M,,,13
201500016235,15,11,26,1645,1,2,1,1,3,13019,M,,,13
201500016236,15,11,27,740,2,2,1,1,2,13117,M,4342792.0,524966.0,13
201500016237,15,11,30,1950,5,2,2,1,3,13117,M,4343924.0,525563.0,13
201500016238,15,12,1,900,1,1,1,1,2,13117,M,,,13
201500016239,15,12,1,1235,1,2,6,1,1,13117,M,4342711.0,527131.0,13