Num_Acc,an,mois,jour,hrmn,lum,agg,int,atm,col,com,gps,lat,long,dep
201500016240,15,12,2,1620,1,2,1,1,3,13071,M,4341095.0,531098.0,13
201500016241,15,12,3,1415,1,1,1,1,7,13117,M,,,13
201500016242,15,12,5,1150,1,1,1,2,7,13071,M,,,13
201500016243,15,12,5,430,5,1,1,1,6,13117,M,,,13
201500016244,15,12,6,1000,1,1,1,1,6,13019,M,,,13
201500016245,15,11,27,2120,5,1,1,1,6,13117,M,4344350.0,529692.0,13
201500016246,15,12,6,1715,2,1,1,1,6,13117,M,4344344.0,529685.0,13
201500016247,15,12,8,1740,5,2,1,2,7,13117,M,,,13
201500016248,15,12,9,1900,3,1,1,1,6,13117,M,4344356.0,529700.0,13
201500016249,15,12,11,1505,1,2,6,1,6,13117,M,4344622.0,524798.0,13
201500016250,15,12,13,530,5,1,1,2,6,13071,M,4341520.0,535137.0,13
201500016251,15,12,17,1630,1,2,2,1,3,13117,M,4342689.0,523472.0,13
201500016252,15,12,17,1610,1,2,2,1,3,13071,M,4339326.0,534109.0,13
201500016253,15,12,17,1715,5,2,1,1,3,13117,M,4343663.0,524190.0,13
201500016254,15,12,18,1910,1,1,1,1,6,13019,M,,,13
201500016255,15,12,20,540,5,2,1,1,6,13117,M,,,13
201500016256,15,12,21,1525,1,1,1,1,2,13071,M,,,13
201500016257,15,12,22,1500,1,1,1,1,2,13019,M,,,13
201500016258,15,12,23,1230,1,1,9,1,3,13071,M,,,13
201500016259,15,12,25,2340,5,2,1,1,6,13117,M,4344433.0,524585.0,13
201500016260,15,12,24,1730,4,1,1,1,1,13117,M,,,13
201500016261,15,12,26,2020,5,1,2,1,2,13071,M,4340944.0,532509.0,13
201500016262,15,12,29,1545,1,2,1,1,2,13071,M,4340753.0,529503.0,13
201500016263,15,12,30,1515,1,1,1,1,7,13071,M,,,13
201500016264,15,12,31,1045,1,1,1,8,6,13071,M,4341874.0,536156.0,13
201500016265,15,1,30,1500,1,1,1,1,3,68266,M,4790246.0,736923.0,68
201500016266,15,2,8,2045,3,1,1,1,3,68082,M,4786924.0,738956.0,68
201500016267,15,2,11,1015,1,1,1,1,7,68205,M,4790990.0,736529.0,68
201500016268,15,2,13,745,1,1,1,5,4,68295,M,4801489.0,737516.0,68
201500016269,15,2,19,1345,1,1,1,1,2,68082,M,4788004.0,738321.0,68
201500016270,15,2,24,1545,1,1,1,1,2,68082,M,4790444.0,736804.0,68
201500016271,15,2,26,1515,1,1,1,1,6,68252,M,4813768.0,736477.0,68
201500016272,15,3,2,1630,1,1,1,1,2,68295,M,4798151.0,737505.0,68
201500016273,15,3,20,715,1,1,1,1,6,68022,M,4783971.0,739435.0,68
201500016274,15,4,9,815,1,1,1,1,4,68037,M,4796472.0,736977.0,68
201500016275,15,4,12,2015,3,1,1,1,7,68242,M,4797623.0,737340.0,68
201500016276,15,5,10,2345,3,1,1,1,3,68082,M,4787870.0,738398.0,68
201500016277,15,5,11,1400,1,1,1,1,5,68252,M,4814802.0,736918.0,68
201500016278,15,6,5,915,1,1,1,1,2,68082,M,4783479.0,739436.0,68
201500016279,15,6,6,615,1,1,1,1,2,68228,M,4792946.0,735973.0,68
201500016280,15,6,10,1400,1,1,6,1,6,68066,M,4812063.0,726724.0,68
201500016281,15,6,15,815,1,1,1,2,2,68037,M,4795766.0,736752.0,68
201500016282,15,6,26,930,1,1,1,1,6,68066,M,4806271.0,738177.0,68
201500016283,15,7,2,1245,1,1,1,1,2,68295,M,4801462.0,737525.0,68
201500016284,15,7,4,545,2,1,1,1,2,68295,M,4800647.0,737770.0,68
201500016285,15,8,16,1415,1,1,1,8,6,68082,M,4784379.0,739447.0,68
201500016286,15,8,20,1830,1,1,1,1,2,68066,M,4804004.0,737088.0,68
201500016287,15,9,12,245,3,1,1,1,7,68295,M,4802189.0,737245.0,68
201500016288,15,9,17,1245,1,1,1,3,3,68113,M,4817543.0,737878.0,68
201500016289,15,10,2,1330,1,1,1,1,4,68228,M,4793270.0,736002.0,68
201500016290,15,10,13,645,2,1,1,1,3,68082,M,4787174.0,738803.0,68
201500016291,15,10,31,2030,3,1,1,5,6,68022,M,4781756.0,739287.0,68
201500016292,15,11,20,1145,1,1,1,2,2,68066,M,4806085.0,737989.0,68
201500016293,15,12,26,1115,1,1,3,1,3,68295,M,4799784.0,737974.0,68
201500016294,15,12,28,1600,1,1,1,1,2,68266,M,4790248.0,736875.0,68
201500016295,15,1,19,2145,3,1,1,1,6,78143,M,4872700.0,210700.0,78
201500016296,15,3,12,1630,1,1,1,1,6,78356,M,4875100.0,207500.0,78
201500016297,15,9,16,1500,1,1,1,6,7,78356,M,4875500.0,203100.0,78
201500016298,15,7,2,1800,1,1,1,7,1,33472,M,0.0,0.0,33
201500016299,15,1,27,915,1,1,1,1,5,72183,M,4769100.0,48900.0,72
201500016300,15,3,31,1715,1,1,1,1,7,72320,M,4804400.0,14600.0,72
201500016301,15,4,19,1400,1,1,1,1,7,72058,M,4801500.0,28500.0,72
201500016302,15,7,10,1730,1,2,1,1,3,72146,M,4788300.0,13200.0,72
201500016303,15,7,21,630,2,1,1,1,3,72058,M,4801100.0,31100.0,72
201500016304,15,7,23,1745,1,1,1,1,1,72364,M,0.0,0.0,72
201500016305,15,8,3,1630,1,1,1,1,6,72115,M,0.0,0.0,72
201500016306,15,8,29,945,1,1,1,1,5,72320,M,4805300.0,16100.0,72
201500016307,15,9,13,1615,1,1,1,1,6,72221,M,0.0,0.0,72
201500016308,15,9,25,1415,1,1,1,1,6,72085,M,0.0,0.0,72
201500016309,15,10,3,1745,1,1,1,1,7,72299,M,0.0,0.0,72
201500016310,15,11,2,1900,4,1,1,1,3,72320,M,0.0,0.0,72
201500016311,15,12,5,530,3,1,1,1,7,72129,M,4805900.0,33900.0,72
201500016312,15,3,8,1445,1,1,1,1,3,72145,M,0.0,0.0,72
201500016313,15,3,20,845,1,1,1,1,7,72111,M,0.0,0.0,72
201500016314,15,4,15,800,1,2,6,1,1,72320,M,4806500.0,15700.0,72
201500016315,15,5,29,1700,1,1,1,1,1,72351,M,4810900.0,-13300.0,72
201500016316,15,7,10,1015,1,1,1,1,3,72157,M,4809500.0,7600.0,72
201500016317,15,7,29,245,3,1,1,1,7,72334,M,4818200.0,-15200.0,72
201500016318,15,8,21,1900,1,1,1,1,1,72119,M,4810300.0,7800.0,72
201500016319,15,8,22,1030,1,1,1,1,7,72001,M,0.0,0.0,72
201500016320,15,10,4,1830,1,1,1,2,2,72256,M,4815000.0,-5500.0,72
201500016321,15,12,4,1545,1,1,1,1,5,72229,M,0.0,0.0,72
201500016322,15,12,10,245,3,2,1,5,6,72219,M,0.0,0.0,72
201500016323,15,12,15,145,3,1,1,2,7,72216,M,0.0,0.0,72
201500016324,15,12,20,1730,3,1,1,2,5,72024,M,4811000.0,15500.0,72
201500016325,15,3,23,745,1,2,1,1,6,95394,M,4906370.0,218610.0,95
201500016326,15,10,15,1135,1,2,1,1,3,95394,M,4906280.0,218330.0,95
201500016327,15,6,24,1415,1,1,1,1,1,72233,M,0.0,0.0,72
201500016328,15,8,8,1730,1,1,1,1,6,72290,M,0.0,0.0,72
201500016329,15,8,8,1900,1,1,1,1,6,72380,M,0.0,0.0,72
201500016330,15,9,7,1715,1,1,1,1,6,72254,M,0.0,0.0,72
201500016331,15,1,21,630,3,1,1,4,6,49292,M,4730547.0,-60763.0,49
201500016332,15,2,4,1600,1,2,1,1,2,49192,M,4701256.0,-75936.0,49
201500016333,15,2,5,2000,5,1,1,1,6,49022,M,4732660.0,-60422.0,49
201500016334,15,2,6,545,3,1,1,1,7,49074,M,4716754.0,-80661.0,49
201500016335,15,5,12,1030,1,1,1,1,2,49120,M,4735623.0,-58208.0,49
201500016336,15,6,28,2115,1,1,1,1,7,49099,M,4701341.0,-88405.0,49
201500016337,15,7,6,1815,1,1,1,1,2,49099,M,4707813.0,-82572.0,49
201500016338,15,7,29,1430,1,1,1,1,7,49092,M,4724412.0,-67818.0,49
201500016339,15,8,14,1615,1,1,1,1,1,49191,M,4722136.0,-45466.0,49
201500016340,15,8,17,530,3,1,1,1,6,49281,M,4717751.0,-78700.0,49
201500016341,15,8,22,1130,1,1,1,1,7,49092,M,4724210.0,-72215.0,49
201500016342,15,11,18,1815,3,1,1,2,5,49246,M,4740966.0,-50820.0,49
201500016343,15,11,20,715,1,1,1,3,7,49137,M,4724067.0,-105151.0,49
201500016344,15,12,21,1600,1,1,1,1,6,49040,M,4734953.0,-109542.0,49
201500016345,15,1,28,1130,1,1,2,2,3,24267,M,4473070.0,42497.0,24
201500016346,15,5,1,1130,1,1,1,2,3,24433,M,4471700.0,42647.0,24
201500016347,15,5,14,715,1,1,1,1,6,24167,M,4465820.0,39248.0,24
201500016348,15,12,24,1700,2,1,1,1,1,24331,M,4481450.0,41996.0,24
201500016349,15,3,18,1715,1,2,3,1,3,68375,M,4780403.0,723692.0,68
201500016350,15,5,12,1930,1,2,1,1,1,68321,M,4782738.0,727612.0,68
201500016351,15,6,8,415,2,2,1,1,1,68375,M,4780074.0,727708.0,68
201500016352,15,6,13,830,1,2,1,1,3,68375,M,4779236.0,782856.0,68
201500016353,15,9,13,1615,1,2,1,1,1,68321,M,4782552.0,725448.0,68
201500016354,15,10,20,1645,1,1,9,8,4,68375,M,4777700.0,722800.0,68
201500016355,15,1,30,900,1,1,2,4,5,19062,M,4532950.0,186877.0,19
201500016356,15,1,30,1615,1,1,1,2,6,19287,M,4536220.0,194764.0,19
201500016357,15,8,28,230,3,1,1,8,6,19081,M,4535400.0,196895.0,19
201500016358,15,9,11,1615,1,1,1,1,5,19146,M,4533420.0,175505.0,19
201500016359,15,10,4,1715,1,1,1,1,6,19143,M,4535980.0,198478.0,19
201500016360,15,12,17,1145,1,1,1,1,1,19255,M,4536220.0,170734.0,19
201500016361,15,12,25,1215,1,1,3,1,1,19085,M,4533530.0,191961.0,19
201500016362,15,5,2,1500,1,2,1,1,3,67083,M,0.0,0.0,67
201500016363,15,5,1,130,3,1,1,3,6,67176,M,0.0,0.0,67
201500016364,15,6,10,2130,2,1,1,1,6,67324,M,0.0,0.0,67
201500016365,15,6,22,1415,1,1,1,2,6,67558,M,0.0,0.0,67
201500016366,15,7,24,930,1,1,1,1,1,67083,M,0.0,0.0,67
201500016367,15,8,11,1000,1,1,1,1,1,67498,M,0.0,0.0,67
201500016368,15,9,6,1300,1,1,1,1,3,67324,M,0.0,0.0,67
201500016369,15,10,4,1545,1,1,1,1,1,67536,M,0.0,0.0,67
201500016370,15,10,17,2000,5,2,1,1,1,67291,M,0.0,0.0,67
201500016371,15,11,24,1745,3,1,1,1,6,67498,M,0.0,0.0,67
201500016372,15,12,12,2330,5,2,1,1,2,14437,M,,,14
201500016373,15,2,24,1347,1,2,1,1,6,14118,M,4917450.0,-33893.0,14
201500016374,15,1,5,1645,1,2,6,1,6,14327,M,4920290.0,-34033.0,14
201500016375,15,12,26,1845,4,2,6,1,3,14101,M,4916370.0,-42585.0,14
201500016376,15,3,8,750,2,1,1,1,6,14341,M,4914780.0,-35331.0,14
201500016377,15,1,9,710,3,2,1,3,6,14167,M,4920210.0,-28973.0,14
201500016378,15,3,25,1330,1,2,3,7,1,14118,M,4918420.0,-38495.0,14
201500016379,15,1,12,1810,5,2,6,1,6,14167,M,4919120.0,-30076.0,14
201500016380,15,3,31,2035,1,2,3,1,6,14118,M,4917220.0,-37831.0,14
201500016381,15,1,13,715,5,2,2,2,3,14301,M,4918040.0,-28110.0,14
201500016382,15,4,2,415,5,2,1,1,6,14566,M,,,14
201500016383,15,1,12,1010,1,1,1,1,4,14137,M,4918460.0,-45444.0,14
201500016384,15,12,11,1915,5,2,1,1,6,14118,M,,,14
201500016385,15,4,8,910,1,2,1,7,6,14118,M,4918830.0,-35103.0,14
201500016386,15,1,16,540,5,2,1,1,7,14437,M,,,14
201500016387,15,4,13,1245,1,2,1,1,2,14118,M,4920510.0,-37584.0,14
201500016388,15,1,18,610,3,1,1,3,6,14030,M,4921330.0,-42928.0,14
201500016389,15,4,30,1605,1,2,1,1,6,14101,M,4916660.0,-41303.0,14
201500016390,15,1,19,1230,1,2,1,1,6,14118,M,4918710.0,-36629.0,14
201500016391,15,1,20,1155,1,2,1,1,6,14118,M,4916060.0,-34329.0,14
201500016392,15,5,6,1600,1,2,3,1,1,14181,M,4915500.0,-33664.0,14
201500016393,15,5,12,1350,1,2,2,1,6,14118,M,4918820.0,-35171.0,14
201500016394,15,1,20,1355,1,2,1,1,2,14118,M,4918710.0,-36024.0,14
201500016395,15,5,12,1930,1,1,6,7,3,14587,M,4919980.0,-41312.0,14
201500016396,15,1,21,1405,1,2,1,1,6,14118,M,4918160.0,-36101.0,14
201500016397,15,5,18,1150,1,2,1,1,6,14101,M,4916560.0,-41614.0,14
201500016398,15,1,26,1245,1,2,1,2,6,14118,M,4917110.0,-35375.0,14
201500016399,15,5,19,1820,1,2,1,1,6,14341,M,4916000.0,-35759.0,14
201500016400,15,2,6,1510,1,2,1,1,6,14271,M,4915590.0,-36923.0,14
201500016401,15,2,9,1050,1,2,1,1,6,14327,M,4920270.0,-33678.0,14
201500016402,15,5,23,1040,1,2,1,1,6,14118,M,4917800.0,-38052.0,14
201500016403,15,5,24,1840,1,2,1,1,6,14327,M,4920160.0,-33726.0,14
201500016404,15,5,26,1520,1,2,3,1,3,14341,M,4915750.0,-34761.0,14
201500016405,15,6,2,1700,1,2,1,1,6,14167,M,4920370.0,-29690.0,14
201500016406,15,6,4,2305,5,2,2,1,3,14118,M,4917720.0,-36720.0,14
201500016407,15,6,10,805,1,2,3,7,6,14118,M,4919900.0,-39071.0,14
201500016408,15,6,11,850,1,2,1,1,6,14118,M,4917340.0,-38938.0,14
201500016409,15,6,19,700,1,2,6,7,3,14181,M,4914730.0,-31929.0,14
201500016410,15,7,3,2200,2,1,1,1,2,14167,M,4918980.0,-31243.0,14
201500016411,15,7,19,1950,1,2,3,2,3,14437,M,4917930.0,-32325.0,14
201500016412,15,7,19,1620,1,2,1,1,6,14118,M,4920150.0,-37766.0,14
201500016413,15,7,21,1020,1,2,1,2,6,14118,M,4918050.0,-35838.0,14
201500016414,15,8,22,1425,1,1,3,1,3,14118,M,,,14
201500016415,15,8,25,1950,1,2,1,1,3,14118,M,,,14
201500016416,15,8,1,1915,1,2,2,1,3,14118,M,4919060.0,-34267.0,14
201500016417,15,8,31,2330,3,2,1,1,6,14437,M,4917960.0,-33198.0,14
201500016418,15,9,1,1438,1,1,1,1,3,14101,M,4918230.0,-42603.0,14
201500016419,15,9,4,1630,1,2,2,1,1,14437,M,4918620.0,-33328.0,14
201500016420,15,9,14,1600,1,2,1,1,6,14118,M,4916210.0,-35450.0,14
201500016421,15,9,15,1810,1,2,2,1,3,14221,M,4917040.0,-26585.0,14
201500016422,15,9,11,1620,1,1,1,1,6,14118,M,,,14
201500016423,15,7,15,1810,1,2,1,1,6,14118,M,4917310.0,-34399.0,14
201500016424,15,9,25,220,3,1,1,8,6,14215,M,4919120.0,-25772.0,14
201500016425,15,9,20,810,1,1,6,5,6,14437,M,4915710.0,-28508.0,14
201500016426,15,9,21,1830,1,2,1,1,6,14118,M,,,14
201500016427,15,9,23,2138,5,2,1,1,2,14118,M,4917500.0,-35150.0,14
201500016428,15,9,8,630,4,2,1,1,6,14118,M,4919400.0,-38268.0,14
201500016429,15,9,28,725,2,2,3,1,3,14118,M,4919200.0,-37509.0,14
201500016430,15,9,29,840,1,2,6,7,6,14167,M,4920350.0,-30245.0,14
201500016431,15,7,17,1110,1,2,2,1,3,14118,M,4919680.0,-39677.0,14
201500016432,15,7,17,2220,5,2,2,1,3,14327,M,4921260.0,-34202.0,14
201500016433,15,8,19,1530,1,2,1,1,6,14118,M,4919620.0,-36811.0,14
201500016434,15,7,15,1715,1,2,2,1,6,14118,M,4918080.0,-36049.0,14
201500016435,15,9,6,2230,5,2,1,1,1,14215,M,4918690.0,-26936.0,14
201500016436,15,10,4,1,3,2,1,1,6,14437,M,4916120.0,-30845.0,14
201500016437,15,10,18,1345,1,2,2,1,3,14271,M,4914500.0,-37386.0,14
201500016438,15,11,2,1815,5,2,1,1,6,14118,M,4918680.0,-38102.0,14
201500016439,15,11,5,700,5,2,2,2,6,14118,M,4917770.0,-35272.0,14
201500016440,15,11,10,1210,1,2,1,1,1,14118,M,,,14
201500016441,15,11,1,1400,1,2,2,7,3,14030,M,4920660.0,-43129.0,14
201500016442,15,10,26,1356,1,2,1,1,2,14437,M,4916430.0,-30632.0,14
201500016443,15,10,31,2100,3,1,1,1,2,14118,M,,,14
201500016444,15,11,26,450,4,2,3,1,3,14118,M,4919590.0,-37530.0,14
201500016445,15,11,24,1900,5,2,3,1,3,14118,M,4919680.0,-39677.0,14
201500016446,15,12,2,1010,1,2,3,1,3,14118,M,4917690.0,-35188.0,14
201500016447,15,12,2,1630,1,2,1,1,5,14341,M,4916060.0,-34744.0,14
201500016448,15,12,8,740,5,1,6,2,6,14271,M,4913950.0,-37727.0,14
201500016449,15,12,9,1751,5,2,6,1,3,14118,M,4916570.0,-35991.0,14
201500016450,15,12,20,925,1,2,2,1,3,14137,M,,,14
201500016451,15,12,22,1915,5,2,3,1,3,14118,M,,,14
201500016452,15,11,19,1655,1,2,1,1,6,14118,M,4917940.0,-36285.0,14
201500016453,15,12,28,1330,1,2,3,1,3,14118,M,,,14
201500016454,15,11,20,1100,1,2,3,2,3,14437,M,4917290.0,-32200.0,14
201500016455,15,8,30,1855,1,2,3,1,3,14437,M,4918080.0,-32636.0,14
201500016456,15,2,16,1530,1,1,2,1,3,31547,M,0.0,0.0,31
201500016457,15,5,16,1730,1,2,1,1,2,31547,M,4349235.0,131391.0,31
201500016458,15,6,6,2145,2,1,1,1,7,31065,M,0.0,0.0,31
201500016459,15,12,30,1545,1,1,1,1,3,31547,M,4349360.0,129778.0,31
201500016460,15,2,21,1315,1,2,1,9,6,14225,M,,,14
201500016461,15,3,7,1400,1,2,6,1,3,14117,M,4928710.0,-12623.0,14
201500016462,15,3,17,1915,2,2,1,1,3,14225,M,4928440.0,-10861.0,14
201500016463,15,3,27,1200,1,2,6,1,2,14225,M,4928510.0,-10813.0,14
201500016464,15,4,24,1005,1,2,1,1,6,14225,M,,,14
201500016465,15,5,1,2240,5,2,2,1,3,14225,M,,,14
201500016466,15,5,29,2020,1,2,6,2,7,14225,M,4928660.0,-8970.0,14
201500016467,15,6,3,1455,1,2,2,1,3,14117,M,,,14
201500016468,15,6,3,1900,1,2,1,1,6,14225,M,,,14
201500016469,15,7,12,310,3,1,1,1,6,14305,M,4930430.0,-5776.0,14
201500016470,15,8,1,1621,1,2,1,1,6,14117,M,,,14
201500016471,15,8,6,1250,1,1,9,1,3,14225,M,4927710.0,-10350.0,14
201500016472,15,9,5,1040,1,1,1,1,6,14117,M,4927960.0,-13547.0,14
201500016473,15,9,26,1625,1,2,1,1,2,14117,M,,,14
201500016474,15,10,20,1510,1,2,1,1,2,14117,M,,,14
201500016475,15,11,2,1535,1,2,2,1,3,14117,M,,,14
201500016476,15,11,22,1005,1,2,1,1,6,14117,M,4929160.0,-12225.0,14
201500016477,15,12,1,2230,3,1,1,1,6,14117,M,,,14
201500016478,15,12,19,2130,5,2,2,1,3,14117,M,,,14
201500016479,15,6,14,2045,1,1,1,1,1,30135,M,4382899.0,459020.0,30
201500016480,15,7,8,1330,1,1,1,1,1,30135,M,0.0,0.0,30
201500016481,15,8,15,1300,1,1,1,1,5,30117,M,4369592.0,458770.0,30
201500016482,15,8,30,1645,1,1,1,1,6,30060,M,4379902.0,439974.0,30
201500016483,15,9,29,1830,1,1,1,1,5,30117,M,4370430.0,456562.0,30
201500016484,15,10,17,1700,1,1,1,1,6,30034,M,4373239.0,446495.0,30
201500016485,15,6,7,1215,1,1,1,7,7,88092,M,4809157.0,628626.0,88
201500016486,15,3,28,2015,5,2,6,2,6,88095,M,4830305.0,583303.0,88
201500016487,15,6,4,1930,1,2,3,1,1,88118,M,4840363.0,568538.0,88
201500016488,15,5,8,1015,1,1,1,1,6,88112,M,4833768.0,710472.0,88
201500016489,15,7,19,1100,1,2,3,1,3,08328,M,4981610.0,474325.0,08
201500016490,15,12,28,1530,1,2,2,1,3,08302,M,4988520.0,473866.0,08
201500016491,15,1,6,1800,3,1,1,5,1,08137,M,0.0,0.0,08
201500016492,15,4,8,1500,1,2,1,1,6,08216,M,4978844.0,461723.0,08
201500016493,15,6,6,1930,1,2,1,1,6,08212,M,4983734.0,456144.0,08
201500016494,15,6,13,830,1,1,1,1,6,08429,M,4981070.0,457119.0,08
201500016495,15,7,22,730,1,1,1,1,5,08361,M,4986030.0,462797.0,08
201500016496,15,9,26,1830,2,1,1,1,6,08408,M,4985280.0,465298.0,08
201500016497,15,12,4,1730,5,1,1,1,6,08468,M,4977793.0,445910.0,08
201500016498,15,3,7,1430,1,1,1,1,7,08473,M,4944580.0,410384.0,08
201500016499,15,4,19,230,5,1,1,1,6,08239,M,4939676.0,439349.0,08
201500016500,15,10,15,2030,4,2,1,2,6,08039,M,4945748.0,407928.0,08
201500016501,15,2,15,1515,1,1,1,1,6,08192,M,0.0,0.0,08
201500016502,15,3,20,1015,1,1,1,1,3,08449,M,4969580.0,451823.0,08
201500016503,15,4,2,815,1,1,1,2,6,08415,M,4958590.0,438443.0,08
201500016504,15,10,11,2045,5,2,1,1,6,08363,M,4994241.0,463753.0,08
201500016505,15,7,22,1200,1,1,5,1,3,08226,M,5010150.0,474071.0,08
201500016506,15,8,9,530,5,1,1,1,6,08156,M,4997800.0,438072.0,08
201500016507,15,2,6,1530,1,2,1,1,6,08067,M,4962364.0,518859.0,08
201500016508,15,2,22,1830,2,1,1,1,6,08145,M,0.0,0.0,08
201500016509,15,3,18,1615,1,1,3,1,2,08034,M,4960876.0,504821.0,08
201500016510,15,8,28,1100,1,1,1,1,1,08009,M,4962990.0,405131.0,08
201500016511,15,11,4,200,3,1,1,1,6,08289,M,4967265.0,514729.0,08
201500016512,15,11,22,2330,5,2,1,1,6,08053,M,4967623.0,498701.0,08
201500016513,15,11,29,1800,3,1,4,2,1,08090,M,4964470.0,518611.0,08
201500016514,15,7,20,1415,1,1,1,2,1,08391,M,4974410.0,493152.0,08
201500016515,15,5,19,1800,1,2,1,1,6,08142,M,4969531.0,487471.0,08
201500016516,15,5,19,1715,1,1,1,1,3,08488,M,4972655.0,483559.0,08
201500016517,15,6,28,545,2,2,1,1,6,08357,M,4964942.0,499264.0,08
201500016518,15,8,28,1030,1,2,1,1,6,08170,M,4974793.0,494767.0,08
201500016519,15,11,12,1330,1,2,1,1,6,08142,M,4969827.0,486477.0,08
201500016520,15,11,24,1500,1,1,1,8,6,08114,M,4964000.0,486788.0,08
201500016521,15,2,8,830,1,1,1,9,6,08410,M,4934530.0,457322.0,08
201500016522,15,5,31,1200,1,1,2,1,3,08407,M,4926444.0,473410.0,08
201500016523,15,7,7,730,1,1,1,7,7,08431,M,4935595.0,466339.0,08
201500016524,15,7,27,900,1,1,3,1,3,08410,M,4933750.0,456526.0,08
201500016525,15,8,16,1645,1,2,1,1,2,08490,M,4939667.0,469113.0,08
201500016526,15,11,14,1900,5,2,1,2,6,08490,M,4940420.0,470198.0,08
201500016527,15,11,23,1330,1,1,9,1,7,08271,M,4926440.0,465942.0,08
201500016528,15,11,29,545,5,2,1,2,6,08490,M,4939579.0,468401.0,08
201500016529,15,12,10,815,1,1,3,1,3,08398,M,4946210.0,457677.0,08
201500016530,15,12,12,1015,1,1,1,2,7,08097,M,4932050.0,472430.0,08
201500016531,15,7,24,1300,1,1,1,1,1,08089,M,4943130.0,496307.0,08
201500016532,15,11,9,1715,1,2,1,1,3,08412,M,4931050.0,484157.0,08
201500016533,15,1,4,1230,1,1,1,8,6,52058,M,4822090.0,514241.0,52
201500016534,15,1,16,745,5,2,1,2,6,52060,M,4795663.0,574818.0,52
201500016535,15,5,13,815,1,1,1,1,2,52332,M,4799362.0,554675.0,52
201500016536,15,5,24,1930,1,1,1,1,1,52060,M,4794087.0,572709.0,52
201500016537,15,6,11,2015,1,1,1,1,6,52242,M,4783132.0,551764.0,52
201500016538,15,7,20,1430,1,1,1,1,1,52242,M,4782282.0,557450.0,52
201500016539,15,8,9,1600,1,2,1,1,6,52400,M,4800800.0,564900.0,52
201500016540,15,10,20,2115,3,1,1,5,6,52135,M,4790662.0,564405.0,52
201500016541,15,1,18,1615,1,1,1,2,3,14001,M,4938800.0,27607.0,14
201500016542,15,1,21,805,2,2,1,8,4,14536,M,4940860.0,25147.0,14
201500016543,15,4,28,1015,1,2,1,1,6,14333,M,,,14
201500016544,15,5,8,1900,1,2,1,1,6,14333,M,4941690.0,24033.0,14
201500016545,15,5,13,1012,1,2,1,1,6,14333,M,,,14
201500016546,15,5,12,1545,1,2,1,1,3,14333,M,4940060.0,24072.0,14
201500016547,15,6,5,1000,1,1,2,1,3,14304,M,4938240.0,24471.0,14
201500016548,15,6,30,1740,1,2,1,7,2,14333,M,4941870.0,23687.0,14
201500016549,15,7,6,1917,1,1,3,1,3,14333,M,4941660.0,25943.0,14
201500016550,15,7,15,925,1,2,1,1,6,14333,M,,,14
201500016551,15,8,2,1050,1,2,1,1,6,14333,M,,,14
201500016552,15,9,20,1700,1,2,3,1,1,14536,M,4940770.0,27326.0,14
201500016553,15,9,20,1730,1,2,1,1,2,14333,M,4941130.0,22663.0,14
201500016554,15,11,7,1950,5,2,6,1,6,14536,M,,,14
201500016555,15,11,8,1550,1,1,1,1,2,14243,M,4942490.0,21544.0,14
201500016556,15,11,15,1235,1,1,1,1,3,14304,M,,,14
201500016557,15,11,30,1730,5,1,2,1,3,14304,M,,,14
201500016558,15,12,30,1455,1,2,1,1,2,14333,M,,,14
201500016559,15,4,24,2000,1,1,1,1,1,52216,M,4779311.0,503329.0,52
201500016560,15,4,10,1530,1,1,1,1,7,52265,M,4855810.0,505056.0,52
201500016561,15,1,15,1745,1,1,1,1,6,52512,M,4846087.0,513288.0,52
201500016562,15,7,11,1430,1,2,1,1,3,52250,M,4844470.0,515019.0,52
201500016563,15,6,8,1800,1,1,2,1,3,52502,M,4848102.0,499995.0,52
201500016564,15,9,11,830,1,2,2,1,3,52550,M,4850272.0,495695.0,52
201500016565,15,5,16,1000,1,1,1,1,1,48016,M,0.0,0.0,48
201500016566,15,6,16,630,2,1,1,1,1,48016,M,0.0,0.0,48
201500016567,15,6,20,1830,1,1,1,7,6,48053,M,0.0,0.0,48
201500016568,15,8,15,245,3,1,1,1,6,48016,M,0.0,0.0,48
201500016569,15,9,16,1745,1,1,1,1,7,48014,M,0.0,0.0,48
201500016570,15,6,4,915,1,1,1,1,2,48043,M,0.0,0.0,48
201500016571,15,10,18,1730,1,2,1,1,6,48105,M,0.0,0.0,48
201500016572,15,11,6,1500,1,2,1,1,6,48080,M,0.0,0.0,48
201500016573,15,11,11,1345,1,2,1,1,7,48105,M,0.0,0.0,48
201500016574,15,7,26,1230,1,1,1,1,7,48116,M,0.0,0.0,48
201500016575,15,8,9,1030,1,1,1,1,6,48162,M,0.0,0.0,48
201500016576,15,8,17,1400,1,1,1,1,3,48075,M,4438700.0,356700.0,48
201500016577,15,4,18,1500,1,1,1,1,3,48168,M,0.0,0.0,48
201500016578,15,5,10,1715,1,1,6,1,3,48017,M,0.0,0.0,48
201500016579,15,8,5,1715,1,1,1,1,7,48107,M,0.0,0.0,48
201500016580,15,8,7,1715,1,1,1,1,1,48018,M,0.0,0.0,48
201500016581,15,9,7,1015,1,1,1,1,6,48032,M,0.0,0.0,48