Num_Acc,an,mois,jour,hrmn,lum,agg,int,atm,col,com,gps,lat,long,dep
201500016582,15,10,9,2330,3,1,1,1,1,48103,M,0.0,0.0,48
201500016583,15,11,9,1045,1,1,1,1,1,48055,M,0.0,0.0,48
201500016584,15,12,18,900,1,1,1,1,1,48103,M,0.0,0.0,48
201500016585,15,1,30,1215,1,1,1,2,3,48140,M,4481300.0,327500.0,48
201500016586,15,6,28,1730,1,1,1,1,3,30027,M,4406739.0,403371.0,30
201500016587,15,5,2,1515,1,1,1,3,3,37099,M,0.0,0.0,37
201500016588,15,3,3,945,1,1,1,2,6,37047,M,0.0,0.0,37
201500016589,15,3,6,1930,5,2,2,1,5,37167,M,0.0,0.0,37
201500016590,15,3,28,1500,1,2,1,1,6,37206,M,0.0,0.0,37
201500016591,15,6,29,700,1,1,2,1,2,37139,M,0.0,0.0,37
201500016592,15,6,29,1215,1,2,3,1,1,37055,M,0.0,0.0,37
201500016593,15,7,25,1645,1,1,1,1,6,37217,M,0.0,0.0,37
201500016594,15,7,31,2050,2,2,1,1,7,37182,M,,,37
201500016595,15,12,12,1300,1,1,1,8,7,37013,M,0.0,0.0,37
201500016596,15,2,11,1700,1,2,6,1,3,37156,M,,,37
201500016597,15,4,13,845,1,1,1,1,1,37267,M,0.0,0.0,37
201500016598,15,4,22,1530,1,2,2,1,3,37079,M,,,37
201500016599,15,6,23,645,1,1,2,1,1,37267,M,0.0,0.0,37
201500016600,15,10,3,1730,1,2,1,1,7,37156,M,,,37
201500016601,15,6,30,1145,1,2,1,1,7,37063,M,0.0,0.0,37
201500016602,15,9,6,1730,1,1,1,1,1,37281,M,0.0,0.0,37
201500016603,15,10,28,1045,1,1,1,1,5,37179,M,0.0,0.0,37
201500016604,15,2,19,2050,5,2,2,3,3,14366,M,4914360.0,22680.0,14
201500016605,15,1,6,1030,1,2,1,1,3,14069,M,4914120.0,25256.0,14
201500016606,15,2,21,2350,3,1,1,2,6,14487,M,4918280.0,22718.0,14
201500016607,15,1,13,900,1,2,1,2,2,14366,M,4915370.0,22764.0,14
201500016608,15,2,22,145,3,1,1,2,6,14487,M,4918280.0,22718.0,14
201500016609,15,1,31,755,2,2,1,4,6,14574,M,4913530.0,20603.0,14
201500016610,15,3,19,1945,2,2,1,2,2,14366,M,4913510.0,22348.0,14
201500016611,15,1,31,800,2,2,1,4,6,14574,M,4912900.0,19854.0,14
201500016612,15,3,24,1600,1,2,1,1,3,14366,M,4914520.0,22390.0,14
201500016613,15,2,5,2340,5,2,1,1,6,14366,M,4913790.0,22330.0,14
201500016614,15,3,26,1600,1,2,3,1,3,14366,M,4914400.0,22861.0,14
201500016615,15,2,8,1625,1,2,1,1,6,14366,M,4914500.0,22352.0,14
201500016616,15,3,28,1505,1,1,1,1,1,14574,M,4913550.0,21420.0,14
201500016617,15,4,23,1430,1,1,1,1,7,14487,M,4917770.0,18860.0,14
201500016618,15,4,25,1425,1,2,2,1,5,14366,M,4914790.0,22496.0,14
201500016619,15,4,28,1200,1,2,3,1,3,14366,M,4913810.0,22721.0,14
201500016620,15,4,27,1340,1,2,6,1,3,14366,M,4914440.0,26312.0,14
201500016621,15,5,12,1740,1,1,1,1,3,14574,M,4915500.0,19854.0,14
201500016622,15,5,15,2300,3,1,1,1,6,14574,M,4917510.0,18444.0,14
201500016623,15,5,16,1755,1,2,2,1,3,14366,M,4914610.0,22819.0,14
201500016624,15,5,24,50,5,2,1,1,6,14366,M,4914470.0,22800.0,14
201500016625,15,5,26,1200,1,2,1,1,6,14574,M,4913950.0,20459.0,14
201500016626,15,5,28,1625,1,2,1,1,6,14366,M,4914360.0,24773.0,14
201500016627,15,6,3,1800,1,2,1,1,6,14366,M,4914290.0,22663.0,14
201500016628,15,6,12,1345,1,1,2,2,6,14574,M,4913650.0,21510.0,14
201500016629,15,6,29,1640,1,2,3,1,2,14366,M,4914150.0,21358.0,14
201500016630,15,7,2,1745,1,2,6,1,2,14366,M,4914440.0,26312.0,14
201500016631,15,7,11,1550,1,1,1,1,1,14487,M,4919150.0,22819.0,14
201500016632,15,7,24,1930,1,2,6,1,3,14366,M,,,14
201500016633,15,7,28,1010,1,2,2,1,1,14366,M,4915590.0,21910.0,14
201500016634,15,8,1,940,1,2,1,1,3,14366,M,4914640.0,25682.0,14
201500016635,15,8,8,1440,1,2,1,1,6,14366,M,4914090.0,22708.0,14
201500016636,15,8,8,1250,1,2,3,1,2,14366,M,4915100.0,22407.0,14
201500016637,15,8,11,1130,1,2,1,1,6,14366,M,4914420.0,26838.0,14
201500016638,15,8,27,1755,1,1,1,2,6,14366,M,4913070.0,23300.0,14
201500016639,15,9,9,1830,1,2,3,1,3,14366,M,4914480.0,23586.0,14
201500016640,15,9,9,1930,1,1,1,1,7,14574,M,4913860.0,19378.0,14
201500016641,15,9,11,2110,5,2,3,1,3,14366,M,,,14
201500016642,15,9,17,1525,1,2,2,2,3,14366,M,4914460.0,22252.0,14
201500016643,15,9,18,1725,1,1,2,2,5,14574,M,4915990.0,19274.0,14
201500016644,15,9,25,1715,1,2,6,1,7,14366,M,4914440.0,26312.0,14
201500016645,15,9,26,15,3,1,1,1,6,14366,M,4916790.0,22741.0,14
201500016646,15,10,2,2135,5,2,1,1,6,14366,M,4913370.0,22629.0,14
201500016647,15,10,13,745,3,1,1,1,2,14366,M,4912820.0,22189.0,14
201500016648,15,10,13,1000,1,2,3,1,2,14366,M,4914840.0,25480.0,14
201500016649,15,10,15,1315,1,2,3,1,3,14366,M,4913810.0,22721.0,14
201500016650,15,10,17,100,3,1,1,8,6,14366,M,4915240.0,23759.0,14
201500016651,15,11,2,1850,5,2,3,1,3,14366,M,4914460.0,26185.0,14
201500016652,15,10,24,1430,1,2,1,1,5,14366,M,4914550.0,24120.0,14
201500016653,15,11,4,830,2,1,1,8,2,14366,M,4913140.0,23579.0,14
201500016654,15,11,4,1430,1,2,1,2,3,14366,M,4914310.0,22988.0,14
201500016655,15,11,4,2105,5,2,1,1,6,14366,M,4915250.0,22839.0,14
201500016656,15,11,6,930,1,2,2,1,6,14366,M,4914830.0,22819.0,14
201500016657,15,11,13,1850,3,1,1,8,3,14366,M,4913400.0,24609.0,14
201500016658,15,11,23,855,2,1,1,9,7,14574,M,4912590.0,19360.0,14
201500016659,15,11,27,1205,1,2,1,1,7,14366,M,4913920.0,22730.0,14
201500016660,15,12,3,1910,5,2,6,1,3,14366,M,4914360.0,24627.0,14
201500016661,15,12,15,1641,2,2,1,2,6,14366,M,4914740.0,22826.0,14
201500016662,15,12,23,1845,5,2,1,1,6,14366,M,4914560.0,22533.0,14
201500016663,15,9,18,800,1,2,6,1,3,37011,M,,,37
201500016664,15,12,16,1130,1,2,1,2,6,37120,M,,,37
201500016665,15,6,6,1645,1,1,1,1,6,37077,M,0.0,0.0,37
201500016666,15,10,19,915,1,2,1,1,3,37196,M,,,37
201500016667,15,3,21,1115,1,1,2,2,3,37246,M,0.0,0.0,37
201500016668,15,6,23,2030,1,2,1,1,7,37108,M,4714400.0,103000.0,37
201500016669,15,7,12,1145,1,1,1,1,6,37023,M,0.0,0.0,37
201500016670,15,7,18,700,2,1,1,2,7,37039,M,0.0,0.0,37
201500016671,15,8,7,1145,1,1,2,1,3,37111,M,0.0,0.0,37
201500016672,15,9,4,2245,3,1,1,1,5,37049,M,0.0,0.0,37
201500016673,15,10,4,2015,3,1,1,2,1,37269,M,0.0,0.0,37
201500016674,15,10,29,1730,1,2,1,1,3,37020,M,0.0,0.0,37
201500016675,15,6,27,830,1,2,1,1,6,37115,M,0.0,0.0,37
201500016676,15,7,12,245,3,1,1,1,6,37162,M,0.0,0.0,37
201500016677,15,7,23,1630,1,1,6,7,6,37115,M,0.0,0.0,37
201500016678,15,9,21,1115,1,1,1,1,7,37218,M,0.0,0.0,37
201500016679,15,9,23,1945,2,1,1,1,6,37115,M,0.0,0.0,37
201500016680,15,10,7,845,1,1,1,1,1,37136,M,0.0,0.0,37
201500016681,15,10,19,1400,1,2,2,1,3,37130,M,,,37
201500016682,15,3,20,1815,1,1,2,2,3,37028,M,0.0,0.0,37
201500016683,15,4,26,345,3,1,1,8,7,37061,M,0.0,0.0,37
201500016684,15,5,11,1545,1,1,1,1,2,37033,M,0.0,0.0,37
201500016685,15,7,24,1815,1,1,1,1,7,37107,M,0.0,0.0,37
201500016686,15,8,2,1300,1,2,2,1,3,37104,M,,,37
201500016687,15,7,13,1455,1,2,2,1,3,37250,M,,,37
201500016688,15,9,11,1,3,2,1,1,3,37104,M,,,37
201500016689,15,4,14,2315,3,1,1,1,1,87205,M,4576590.0,129550.0,87
201500016690,15,6,7,1215,1,1,1,1,1,87063,M,4579740.0,140571.0,87
201500016691,15,6,8,930,2,1,1,1,6,87063,M,4577530.0,139713.0,87
201500016692,15,8,7,900,1,1,1,1,3,87138,M,4571220.0,147786.0,87
201500016693,15,10,27,1900,3,1,2,1,3,87200,M,4634170.0,110543.0,87
201500016694,15,9,29,1100,1,1,1,1,5,87089,M,4617990.0,116302.0,87
201500016695,15,9,24,715,2,2,1,1,3,87154,M,4589220.0,90634.0,87
201500016696,15,3,2,1445,1,2,1,1,3,87046,M,4583210.0,100828.0,87
201500016697,15,3,17,200,3,1,1,1,7,87191,M,4576120.0,107252.0,87
201500016698,15,2,16,730,2,2,1,1,3,87187,M,4551600.0,119717.0,87
201500016699,15,2,26,2130,3,1,1,2,6,87066,M,4572480.0,110367.0,87
201500016700,15,7,15,330,3,1,1,1,6,87031,M,4555220.0,112807.0,87
201500016701,15,12,15,1645,1,1,1,8,7,87150,M,,,87
201500016702,15,2,13,1600,1,1,2,1,3,23010,M,4607248.0,172153.0,23
201500016703,15,3,2,630,3,1,1,2,7,23021,M,4613014.0,163392.0,23
201500016704,15,6,21,1700,1,1,1,1,1,23078,M,4592376.0,174791.0,23
201500016705,15,7,1,845,1,1,1,1,7,23064,M,4626776.0,210196.0,23
201500016706,15,7,8,1845,1,1,3,1,3,23102,M,4624372.0,204461.0,23
201500016707,15,8,30,1015,1,2,1,1,1,23131,M,4591569.0,249354.0,23
201500016708,15,11,21,2000,3,1,1,8,6,23020,M,4598000.0,230600.0,23
201500016709,15,12,26,945,1,1,1,1,6,28144,M,4824834.0,81697.0,28
201500016710,15,1,2,1715,2,2,6,1,7,27602,M,4901549.0,108834.0,27
201500016711,15,1,4,100,5,2,1,8,1,27165,M,4896563.0,94247.0,27
201500016712,15,1,15,1000,1,1,1,2,3,27446,M,4905589.0,92464.0,27
201500016713,15,3,13,2245,3,1,1,1,7,27543,M,4879973.0,135248.0,27
201500016714,15,3,28,1915,1,2,2,8,6,27548,M,4876518.0,126865.0,27
201500016715,15,9,14,1100,1,1,1,1,3,27464,M,4897292.0,114371.0,27
201500016716,15,2,25,1130,1,1,1,2,6,27481,M,4874116.0,87954.0,27
201500016717,15,3,5,1830,2,1,1,1,7,27431,M,4890877.0,74132.0,27
201500016718,15,9,7,1700,1,1,3,1,3,27532,M,4887956.0,92900.0,27
201500016719,15,11,30,1815,3,1,2,1,3,27108,M,4874791.0,79462.0,27
201500016720,15,12,7,730,3,1,2,5,3,27112,M,4885595.0,94411.0,27
201500016721,15,12,18,1815,3,1,1,8,6,27075,M,4890149.0,69093.0,27
201500016722,15,12,23,1130,1,1,4,1,3,27457,M,4876883.0,96037.0,27
201500016723,15,1,7,1230,1,1,1,1,1,27179,M,4913343.0,54286.0,27
201500016724,15,1,30,1630,1,1,2,1,3,27395,M,4891039.0,50937.0,27
201500016725,15,2,25,700,5,1,1,3,6,27056,M,4908607.0,59570.0,27
201500016726,15,3,27,1145,1,1,2,1,3,27455,M,4917505.0,40413.0,27
201500016727,15,4,6,1745,1,1,6,1,7,27414,M,4895571.0,46583.0,27
201500016728,15,5,17,1430,1,1,1,1,1,27289,M,4894642.0,41295.0,27
201500016729,15,5,30,1300,1,2,6,1,7,27056,M,4907472.0,58126.0,27
201500016730,15,7,18,1700,1,1,1,1,7,27557,M,4911171.0,65158.0,27
201500016731,15,7,22,1745,1,1,1,1,5,27600,M,4904676.0,56453.0,27
201500016732,15,8,27,1445,1,1,1,3,6,27463,M,4915482.0,61502.0,27
201500016733,15,9,6,1700,1,1,1,1,3,27130,M,4904741.0,46221.0,27
201500016734,15,9,11,1445,1,1,1,1,4,27148,M,4898255.0,49429.0,27
201500016735,15,9,16,1800,1,1,1,6,1,27552,M,4900855.0,46541.0,27
201500016736,15,9,19,1730,1,1,1,1,1,27590,M,4894455.0,51029.0,27
201500016737,15,10,3,1145,1,2,1,1,3,27414,M,4893670.0,47998.0,27
201500016738,15,1,9,2030,5,2,1,2,6,27116,M,4919368.0,72045.0,27
201500016739,15,1,18,1915,3,1,1,4,5,27063,M,4901818.0,86489.0,27
201500016740,15,1,29,1715,1,1,2,2,6,27513,M,4900124.0,67953.0,27
201500016741,15,2,20,1615,1,1,2,1,3,27296,M,4903943.0,66293.0,27
201500016742,15,2,21,1530,1,1,1,1,6,27109,M,4910356.0,82620.0,27
201500016743,15,5,15,1630,1,2,3,1,1,27051,M,4907336.0,76833.0,27
201500016744,15,6,5,1815,1,2,9,1,7,27049,M,4901893.0,70571.0,27
201500016745,15,6,10,1915,1,1,2,1,3,27290,M,4912885.0,77603.0,27
201500016746,15,7,23,1630,1,1,1,1,6,27452,M,4914069.0,76928.0,27
201500016747,15,8,23,545,3,1,1,1,7,27125,M,4917181.0,77119.0,27
201500016748,15,8,30,1215,1,1,2,1,6,27210,M,4913067.0,81335.0,27
201500016749,15,9,2,1700,1,2,3,1,3,27116,M,4918880.0,72749.0,27
201500016750,15,9,7,2000,2,1,1,1,7,27125,M,4918937.0,74175.0,27
201500016751,15,10,23,845,1,2,1,1,6,27116,M,4919497.0,72059.0,27
201500016752,15,12,22,1415,1,1,6,1,3,27116,M,4919392.0,71407.0,27
201500016753,15,4,4,545,5,2,3,1,6,27417,M,4938387.0,159114.0,27
201500016754,15,1,28,200,3,1,1,2,6,27428,M,4914515.0,92344.0,27
201500016755,15,12,5,1600,1,2,1,1,6,27302,M,4922164.0,84288.0,27
201500016756,15,1,27,830,1,1,1,2,7,27340,M,4937256.0,85097.0,27
201500016757,15,2,16,700,5,2,2,1,3,27103,M,4935016.0,82073.0,27
201500016758,15,4,24,1015,1,1,1,1,6,27103,M,4933673.0,81128.0,27
201500016759,15,5,4,1000,1,2,1,1,6,27103,M,4935603.0,81531.0,27
201500016760,15,6,7,1530,1,2,1,1,1,27580,M,0.0,0.0,27
201500016761,15,6,20,845,1,1,1,1,6,27582,M,4929442.0,95833.0,27
201500016762,15,7,3,400,3,1,1,1,7,27134,M,4936189.0,65128.0,27
201500016763,15,7,3,1600,1,2,1,1,6,27103,M,4935277.0,81214.0,27
201500016764,15,7,9,2115,1,1,2,1,3,27227,M,4938512.0,65982.0,27
201500016765,15,8,6,1800,1,1,1,1,2,27228,M,4935848.0,68542.0,27
201500016766,15,8,31,1545,1,1,1,3,1,27316,M,4938445.0,75815.0,27
201500016767,15,11,18,1630,1,2,2,1,3,27090,M,4929686.0,91517.0,27
201500016768,15,8,30,1245,1,1,2,1,3,27591,M,4923936.0,34821.0,27
201500016769,15,12,19,845,1,2,1,1,1,27218,M,4927971.0,43738.0,27
201500016770,15,4,13,1000,1,1,1,1,3,04116,M,0.0,0.0,04
201500016771,15,5,16,1400,1,1,1,1,6,04204,M,0.0,0.0,04
201500016772,15,6,24,745,2,2,1,7,6,04031,M,0.0,0.0,04
201500016773,15,3,5,945,1,1,1,1,7,04061,M,0.0,0.0,04
201500016774,15,1,30,1730,1,2,6,1,7,04045,M,0.0,0.0,04
201500016775,15,10,3,200,3,1,1,8,6,04160,M,0.0,0.0,04
201500016776,15,3,30,1845,1,1,1,1,1,04209,M,4418000.0,595500.0,04
201500016777,15,11,18,1445,1,2,1,1,6,04058,M,0.0,0.0,04
201500016778,15,1,3,2000,3,1,1,2,6,24160,M,4508300.0,72400.0,24
201500016779,15,3,27,1430,1,1,1,1,6,24115,M,4527340.0,67308.0,24
201500016780,15,7,7,1500,1,2,4,1,3,24115,M,4524500.0,68673.0,24
201500016781,15,9,13,1445,1,1,1,2,1,24571,M,4502450.0,75636.0,24
201500016782,15,12,5,1600,1,1,1,5,6,24156,M,4508580.0,87220.0,24
201500016783,15,12,9,1630,1,1,1,1,6,24115,M,4521900.0,69166.0,24
201500016784,15,6,11,1330,1,1,1,1,7,24011,M,4523150.0,84463.0,24
201500016785,15,7,25,1515,1,1,1,1,6,24025,M,4508960.0,105831.0,24
201500016786,15,9,8,800,1,1,3,1,3,24188,M,4513300.0,101302.0,24
201500016787,15,2,14,1400,1,1,1,1,1,24340,M,4485090.0,43479.0,24
201500016788,15,12,2,430,3,1,1,1,7,24237,M,4488420.0,52855.0,24
201500016789,15,12,10,1345,1,2,2,1,1,24340,M,4485340.0,40079.0,24
201500016790,15,12,20,1745,3,1,1,1,7,24077,M,4494050.0,56679.0,24
201500016791,15,9,1,930,1,1,1,1,1,24310,M,4472170.0,75604.0,24
201500016792,15,10,27,2011,3,1,4,3,7,24334,M,4483220.0,75728.0,24
201500016793,15,6,22,1730,1,1,1,1,1,24311,M,4550790.0,71152.0,24
201500016794,15,10,26,1645,1,1,1,1,6,24451,M,4550730.0,63436.0,24
201500016795,15,10,30,1900,3,1,1,1,1,24064,M,4536930.0,68290.0,24
201500016796,15,2,13,2230,3,1,1,2,7,24463,M,4535950.0,111738.0,24
201500016797,15,2,28,45,3,1,1,1,1,24008,M,4541331.0,114616.0,24
201500016798,15,4,4,330,4,1,1,2,7,24133,M,4557200.0,97182.0,24
201500016799,15,5,28,15,5,2,1,1,6,24551,M,4541060.0,92207.0,24
201500016800,15,7,26,2130,3,1,1,1,6,24227,M,4536030.0,111880.0,24
201500016801,15,8,12,215,3,1,1,1,6,24352,M,4525340.0,31135.0,24
201500016802,15,12,31,1430,1,1,1,1,7,24057,M,4534710.0,43117.0,24
201500016803,15,12,20,2200,5,2,2,2,3,24299,M,4503830.0,36957.0,24
201500016804,15,12,29,830,2,2,1,5,6,24294,M,4500910.0,15397.0,24
201500016805,15,6,18,1215,1,1,2,1,3,24490,M,4521840.0,21156.0,24
201500016806,15,10,13,200,3,1,1,8,6,24376,M,4515560.0,12598.0,24
201500016807,15,1,12,1815,3,1,4,1,3,24520,M,4486740.0,124784.0,24
201500016808,15,4,20,1400,1,1,1,1,1,24574,M,4483450.0,131046.0,24
201500016809,15,6,12,1500,1,1,1,3,1,24074,M,4486460.0,135396.0,24
201500016810,15,6,27,2100,1,1,1,1,1,24366,M,4489020.0,118124.0,24
201500016811,15,7,23,1515,1,1,2,1,3,24082,M,4485610.0,125855.0,24
201500016812,15,7,27,1715,1,1,1,1,1,24520,M,4490860.0,118581.0,24
201500016813,15,8,28,1230,1,1,1,1,6,24516,M,4496120.0,133635.0,24
201500016814,15,9,26,1900,1,2,1,1,6,24520,M,4490050.0,123542.0,24
201500016815,15,4,3,1245,1,2,2,1,3,24396,M,4486190.0,103909.0,24
201500016816,15,7,1,1415,1,1,1,1,1,40014,M,4404053.0,-34802.0,40
201500016817,15,8,25,800,1,2,9,1,3,40224,M,4355182.0,-112808.0,40
201500016818,15,12,4,2115,5,2,1,1,2,40273,M,4354122.0,-138631.0,40
201500016819,15,12,11,2145,3,1,6,1,7,40209,M,4357802.0,-143556.0,40
201500016820,15,10,3,1145,1,2,1,1,1,40046,M,4439929.0,-116523.0,40
201500016821,15,12,21,1545,1,2,1,1,6,40046,M,4439498.0,-116593.0,40
201500016822,15,1,23,1845,3,1,1,1,6,40110,M,4363887.0,-38951.0,40
201500016823,15,2,11,1900,3,1,3,1,3,40084,M,4365531.0,-93410.0,40
201500016824,15,4,15,1230,1,1,1,1,1,40201,M,4374228.0,-76344.0,40
201500016825,15,6,8,1700,1,1,1,1,1,40236,M,4368240.0,-85694.0,40
201500016826,15,7,21,1945,1,2,1,1,3,40235,M,4375636.0,-80984.0,40
201500016827,15,7,25,2100,1,1,1,1,6,40228,M,4362974.0,-81780.0,40
201500016828,15,6,6,1530,1,1,2,7,1,21062,M,4727440.0,451625.0,21
201500016829,15,2,3,1800,3,2,7,1,6,21317,M,4751995.0,510932.0,21
201500016830,15,4,29,1900,1,1,1,1,1,21408,M,4739379.0,502720.0,21
201500016831,15,12,19,1100,1,1,1,1,6,21573,M,4744400.0,478900.0,21
201500016832,15,6,21,1230,1,1,1,1,3,21425,M,4765250.0,434213.0,21
201500016833,15,4,22,2030,2,2,1,1,6,21154,M,0.0,0.0,21
201500016834,15,6,25,1630,1,1,1,1,5,21104,M,4772773.0,459881.0,21
201500016835,15,6,26,1830,1,2,1,7,6,21154,M,4786300.0,457100.0,21
201500016836,15,12,17,1715,5,1,1,1,3,21154,M,4787503.0,456909.0,21
201500016837,15,7,26,1200,1,1,1,1,3,21584,M,0.0,0.0,21
201500016838,15,9,23,1145,1,2,1,1,5,53152,M,4794758.0,-55150.0,53
201500016839,15,10,25,1030,1,1,1,1,1,53095,M,4794627.0,-37052.0,53
201500016840,15,7,15,1615,1,1,1,1,6,53108,M,4807925.0,-103205.0,53
201500016841,15,11,29,1,3,1,1,2,7,53005,M,4818600.0,-79100.0,53
201500016842,15,4,10,1330,1,1,1,1,1,53077,M,4793476.0,-94610.0,53
201500016843,15,4,11,1000,1,1,1,2,3,53084,M,4783033.0,-91759.0,53
201500016844,15,1,3,1515,1,1,1,2,7,53181,M,4843013.0,-107428.0,53
201500016845,15,8,17,1400,1,1,3,1,3,53003,M,4838889.0,-61846.0,53
201500016846,15,8,28,1415,1,1,1,1,7,53263,M,4849638.0,-46273.0,53
201500016847,15,2,2,830,1,1,1,7,6,07346,M,0.0,0.0,07
201500016848,15,1,17,1430,1,1,1,1,5,07117,M,0.0,0.0,07
201500016849,15,2,6,1630,2,2,1,7,6,07199,M,0.0,0.0,07
201500016850,15,6,7,245,5,2,1,1,6,07199,M,0.0,0.0,07
201500016851,15,8,25,1430,1,1,1,1,1,07327,M,0.0,0.0,07
201500016852,15,9,9,2230,3,1,1,1,1,07110,M,0.0,0.0,07
201500016853,15,9,12,1000,1,1,1,3,6,07117,M,0.0,0.0,07
201500016854,15,11,30,1800,3,1,1,1,3,07327,M,0.0,0.0,07
201500016855,15,12,1,1215,1,2,1,1,2,07132,M,0.0,0.0,07
201500016856,15,12,6,1430,1,2,1,1,6,07336,M,0.0,0.0,07
201500016857,15,12,6,1745,4,2,1,1,6,07327,M,0.0,0.0,07
201500016858,15,11,17,1015,1,2,1,1,6,07110,M,0.0,0.0,07
201500016859,15,6,6,1145,1,1,1,1,7,07158,M,4482600.0,437100.0,07
201500016860,15,6,26,1115,1,1,1,1,1,07016,M,0.0,0.0,07
201500016861,15,8,18,1445,1,1,1,1,6,07289,M,0.0,0.0,07
201500016862,15,10,24,1515,1,1,1,1,7,07277,M,4471700.0,448900.0,07
201500016863,15,7,16,1415,1,1,1,1,7,07334,M,0.0,0.0,07
201500016864,15,7,21,1215,1,1,1,1,1,07050,M,0.0,0.0,07
201500016865,15,9,22,645,2,1,1,5,1,07028,M,0.0,0.0,07
201500016866,15,11,11,1830,5,2,1,1,6,07334,M,0.0,0.0,07
201500016867,15,12,16,1530,1,1,1,1,1,07028,M,0.0,0.0,07
201500016868,15,9,18,1200,1,1,1,1,7,07025,M,0.0,0.0,07
201500016869,15,1,17,1130,1,1,9,1,3,07126,M,0.0,0.0,07
201500016870,15,3,18,745,1,2,1,1,3,07207,M,0.0,0.0,07
201500016871,15,8,8,1530,1,1,1,1,1,07304,M,0.0,0.0,07
201500016872,15,9,26,2330,3,2,1,1,6,07010,M,0.0,0.0,07
201500016873,15,10,5,1545,1,1,1,1,3,07313,M,0.0,0.0,07
201500016874,15,2,16,1000,1,1,3,1,1,07079,M,4498300.0,453300.0,07
201500016875,15,11,5,1530,1,1,1,1,6,07129,M,0.0,0.0,07
201500016876,15,12,28,1500,1,1,1,1,1,07035,M,0.0,0.0,07
201500016877,15,12,25,2215,3,1,1,9,6,07226,M,0.0,0.0,07
201500016878,15,7,13,700,1,2,1,1,1,07292,M,4517100.0,466900.0,07
201500016879,15,2,11,530,5,1,1,1,6,16101,M,4555150.0,4344.0,16
201500016880,15,3,8,1530,1,1,3,1,3,16101,M,4553761.0,4391.0,16
201500016881,15,4,12,1815,1,2,3,7,3,16263,M,4552019.0,9478.0,16
201500016882,15,10,8,1130,1,1,1,1,6,16046,M,4546465.0,2178.0,16
201500016883,15,10,27,1445,1,1,2,2,3,16101,M,4553896.0,3858.0,16
201500016884,15,11,4,1600,1,1,1,7,6,16143,M,4553475.0,17771.0,16
201500016885,15,11,14,1230,1,1,1,1,6,16125,M,4549000.0,35972.0,16
201500016886,15,12,8,2200,3,1,1,5,6,16418,M,4557848.0,15951.0,16
201500016887,15,7,17,1315,1,2,2,1,5,16425,M,4574512.0,44295.0,16
201500016888,15,11,16,1845,3,1,1,1,7,16379,M,4579775.0,40340.0,16
201500016889,15,4,15,1745,1,1,3,8,3,16176,M,4550849.0,-26737.0,16
201500016890,15,5,2,15,3,1,1,2,7,16276,M,4541917.0,-18881.0,16
201500016891,15,5,15,2315,3,1,1,1,6,16224,M,4546088.0,-21278.0,16
201500016892,15,8,24,730,1,1,1,1,6,16091,M,4534861.0,-134.0,16
201500016893,15,9,13,1230,1,1,1,1,6,16028,M,4547779.0,-13136.0,16
201500016894,15,1,24,715,3,1,1,1,6,16243,M,4573458.0,-27873.0,16
201500016895,15,3,22,1815,3,1,1,1,7,16216,M,4569098.0,-8596.0,16
201500016896,15,6,20,930,1,1,1,1,6,16312,M,4576653.0,-1196.0,16
201500016897,15,7,26,2045,2,1,1,1,3,16109,M,4576030.0,-16914.0,16
201500016898,15,9,13,2000,3,1,1,2,4,16234,M,4568015.0,-5279.0,16
201500016899,15,12,19,2230,3,1,1,1,7,16216,M,4569607.0,-11210.0,16
201500016900,15,1,27,1715,2,1,2,8,3,16295,M,4581504.0,14322.0,16
201500016901,15,2,3,1045,1,1,1,1,2,16140,M,4589713.0,19181.0,16
201500016902,15,6,25,1855,1,1,1,1,1,16383,M,4578697.0,19086.0,16
201500016903,15,7,31,1630,1,1,3,1,3,16011,M,4577151.0,19689.0,16
201500016904,15,8,25,1245,1,1,1,6,3,16011,M,4575546.0,19188.0,16
201500016905,15,8,27,1730,1,1,1,1,6,16008,M,4584411.0,8005.0,16
201500016906,15,1,17,1,3,2,1,5,6,16282,M,4580314.0,32653.0,16
201500016907,15,6,20,1915,1,2,1,1,5,36241,M,4684840.0,153431.0,36
201500016908,15,7,14,1615,1,1,1,1,6,36055,M,4693240.0,120759.0,36
201500016909,15,8,2,1145,1,2,1,1,6,36123,M,4681960.0,121018.0,36
201500016910,15,11,20,715,5,2,1,2,6,36088,M,4695700.0,199800.0,36
201500016911,15,2,24,2030,3,1,1,1,6,36236,M,4663220.0,213300.0,36
201500016912,15,4,25,30,5,2,1,1,7,36046,M,4657330.0,199195.0,36
201500016913,15,5,13,1700,1,1,1,1,1,36001,M,,,36
201500016914,15,5,26,1315,1,1,2,1,3,36127,M,4658560.0,197153.0,36
201500016915,15,6,7,2030,1,1,1,1,6,36109,M,4657570.0,195724.0,36
201500016916,15,6,10,1945,1,1,1,1,6,36001,M,,,36
201500016917,15,7,15,1830,1,1,1,1,6,36221,M,4664880.0,206535.0,36
201500016918,15,7,19,2115,3,1,1,1,6,36099,M,4642130.0,172503.0,36
201500016919,15,7,28,1130,1,1,2,1,3,36017,M,4673440.0,204565.0,36
201500016920,15,9,17,1515,1,2,6,1,3,36046,M,4658220.0,200081.0,36
201500016921,15,9,22,2300,3,1,1,2,7,36061,M,,,36
201500016922,15,10,22,745,2,2,1,2,6,36046,M,4657540.0,198677.0,36