Num_Acc,an,mois,jour,hrmn,lum,agg,int,atm,col,com,gps,lat,long,dep
201500016923,15,8,13,1430,1,1,1,1,1,36113,M,4680770.0,101275.0,36
201500016924,15,10,16,1815,1,2,1,8,3,36018,M,,,36
201500016925,15,12,19,1545,1,2,1,1,7,36094,M,4647180.0,120868.0,36
201500016926,15,1,3,1800,5,2,9,2,3,36160,M,4652520.0,165534.0,36
201500016927,15,5,3,1615,1,1,2,1,3,36200,M,4660540.0,152882.0,36
201500016928,15,5,20,1645,1,2,3,1,3,36006,M,4658690.0,152171.0,36
201500016929,15,6,7,1130,1,1,1,1,3,36070,M,4645840.0,159359.0,36
201500016930,15,6,19,1745,1,1,1,1,7,36207,M,4641320.0,162860.0,36
201500016931,15,6,27,1900,1,2,1,1,6,36200,M,4660160.0,151426.0,36
201500016932,15,7,5,1915,1,1,1,1,7,36022,M,4664150.0,167891.0,36
201500016933,15,7,18,1645,1,1,1,1,6,36070,M,4642870.0,159972.0,36
201500016934,15,7,22,2030,1,1,1,1,6,36154,M,4656570.0,154278.0,36
201500016935,15,7,29,2030,1,1,1,1,7,36081,M,4642940.0,156520.0,36
201500016936,15,9,6,100,3,1,1,1,6,36042,M,4663090.0,146975.0,36
201500016937,15,10,6,1710,1,1,1,1,1,36042,M,4665260.0,148829.0,36
201500016938,15,7,1,1315,1,2,1,1,3,10091,M,4850282.0,427624.0,10
201500016939,15,7,16,1500,1,1,1,1,1,10004,M,4859800.0,417400.0,10
201500016940,15,3,22,745,2,1,1,1,7,10173,M,0.0,0.0,10
201500016941,15,4,22,1030,2,2,1,1,6,10371,M,4816796.0,397086.0,10
201500016942,15,6,7,1630,1,1,2,1,3,10116,M,4814673.0,401023.0,10
201500016943,15,8,13,1600,1,1,1,1,1,10373,M,4820788.0,401749.0,10
201500016944,15,4,13,30,3,1,1,1,6,10210,M,4838000.0,419200.0,10
201500016945,15,7,22,1930,1,1,1,1,5,10332,M,4828124.0,418416.0,10
201500016946,15,3,3,1545,1,2,1,1,6,10033,M,4822921.0,471522.0,10
201500016947,15,2,2,1330,1,1,2,1,3,10068,M,4807100.0,439000.0,10
201500016948,15,4,8,945,1,1,1,1,7,10136,M,4815400.0,453000.0,10
201500016949,15,4,13,2115,3,1,1,1,7,10437,M,4813800.0,433300.0,10
201500016950,15,4,21,1630,1,2,1,1,1,10399,M,4817578.0,419502.0,10
201500016951,15,6,20,515,2,1,1,1,6,10068,M,4804578.0,439328.0,10
201500016952,15,6,21,2030,2,1,1,1,6,10083,M,4816400.0,424000.0,10
201500016953,15,8,6,1,3,1,1,1,6,10364,M,4810936.0,461673.0,10
201500016954,15,8,8,515,2,1,1,1,6,10079,M,4794900.0,425900.0,10
201500016955,15,10,10,1715,1,2,1,1,3,10034,M,4811350.0,437450.0,10
201500016956,15,10,22,730,5,2,1,2,6,10034,M,4811350.0,437700.0,10
201500016957,15,11,23,1215,1,1,1,1,1,10119,M,0.0,0.0,10
201500016958,15,4,24,2030,1,1,1,1,2,10345,M,4841900.0,452100.0,10
201500016959,15,5,10,1815,1,2,1,1,6,10123,M,4835500.0,453300.0,10
201500016960,15,6,7,1400,1,1,1,1,6,10193,M,4843200.0,443300.0,10
201500016961,15,2,10,830,1,1,1,1,5,10268,M,4848754.0,347941.0,10
201500016962,15,12,24,1615,1,2,1,1,1,10334,M,0.0,0.0,10
201500016963,15,1,10,1215,1,1,1,8,1,10347,M,4845300.0,362600.0,10
201500016964,15,1,27,845,1,1,1,1,6,10234,M,4848900.0,386400.0,10
201500016965,15,1,27,1845,3,1,1,1,1,10351,M,4845461.0,370710.0,10
201500016966,15,2,5,1500,1,2,1,7,3,10323,M,4851328.0,371791.0,10
201500016967,15,2,18,845,1,1,1,1,6,10368,M,4842583.0,393920.0,10
201500016968,15,2,23,2300,3,1,1,1,6,10323,M,4851299.0,369795.0,10
201500016969,15,3,12,630,2,1,1,1,6,10392,M,4847457.0,387235.0,10
201500016970,15,4,1,2300,3,1,1,1,6,10234,M,4848976.0,388553.0,10
201500016971,15,6,28,315,3,1,1,1,7,10275,M,4844805.0,376157.0,10
201500016972,15,7,1,1645,1,1,1,1,5,10089,M,0.0,0.0,10
201500016973,15,8,29,1815,1,1,6,1,3,10323,M,4851398.0,372513.0,10
201500016974,15,9,30,815,1,2,1,1,6,10323,M,4852500.0,372300.0,10
201500016975,15,10,17,1430,1,1,1,2,3,10323,M,4850809.0,369932.0,10
201500016976,15,11,5,815,1,1,1,1,3,10353,M,4844300.0,391200.0,10
201500016977,15,11,23,1600,1,1,1,1,6,10086,M,4851871.0,394615.0,10
201500016978,15,7,21,1400,1,1,1,1,1,43039,M,4492940.0,384405.0,43
201500016979,15,5,18,1315,1,2,1,1,3,43135,M,4493470.0,399849.0,43
201500016980,15,7,24,1800,1,2,1,1,6,43135,M,4494910.0,398741.0,43
201500016981,15,4,24,1530,1,1,2,1,3,43124,M,4510230.0,377375.0,43
201500016982,15,5,23,1345,1,1,1,1,6,43119,M,4511550.0,389979.0,43
201500016983,15,7,11,1230,1,1,1,1,6,43216,M,4515090.0,377712.0,43
201500016984,15,8,14,1730,1,1,1,1,6,43026,M,4518290.0,382505.0,43
201500016985,15,9,9,1730,1,1,1,1,6,43061,M,4509310.0,390637.0,43
201500016986,15,9,14,1500,1,1,1,2,3,43152,M,,,43
201500016987,15,9,25,1630,1,1,1,1,6,43119,M,4512310.0,390074.0,43
201500016988,15,10,2,715,3,1,1,1,1,43061,M,4510110.0,389824.0,43
201500016989,15,10,26,1300,1,1,3,1,3,43021,M,4511070.0,394128.0,43
201500016990,15,11,7,1645,1,2,1,1,6,43061,M,4508150.0,391608.0,43
201500016991,15,11,8,215,3,1,1,1,6,43152,M,4508720.0,381616.0,43
201500016992,15,12,12,115,3,1,1,1,6,43230,M,4514200.0,392007.0,43
201500016993,15,12,27,1515,1,1,1,1,2,43187,M,4515530.0,382448.0,43
201500016994,15,5,8,2000,1,1,1,8,6,43033,M,,,43
201500016995,15,7,4,1430,1,1,1,1,6,43121,M,4537320.0,322727.0,43
201500016996,15,3,14,530,5,1,1,2,6,43025,M,,,43
201500016997,15,3,26,1510,1,2,1,1,1,43268,M,4513860.0,412445.0,43
201500016998,15,4,27,445,3,1,1,3,6,43224,M,4522040.0,420750.0,43
201500016999,15,7,21,1815,1,2,3,1,3,43268,M,,,43
201500017000,15,9,29,845,1,2,1,1,6,43268,M,4514180.0,412484.0,43
201500017001,15,12,14,1745,5,2,1,1,6,43268,M,4514400.0,411534.0,43
201500017002,15,6,12,1845,1,1,1,3,1,43130,M,4503320.0,425382.0,43
201500017003,15,7,27,1745,1,2,4,1,3,43087,M,4522080.0,434714.0,43
201500017004,15,8,10,1945,1,1,1,1,6,43244,M,4514350.0,429394.0,43
201500017005,15,9,9,1445,1,1,3,1,1,43087,M,4520830.0,436160.0,43
201500017006,15,1,8,1830,3,1,1,1,5,18282,M,0.0,0.0,18
201500017007,15,2,10,1100,1,1,1,1,1,18075,M,0.0,0.0,18
201500017008,15,9,6,645,2,1,1,1,1,18053,M,4715180.0,287260.0,18
201500017009,15,10,30,1915,3,1,1,1,6,18247,M,4705160.0,255749.0,18
201500017010,15,12,15,1800,3,1,1,3,5,18018,M,0.0,0.0,18
201500017011,15,4,5,2045,3,1,2,1,3,18004,M,0.0,0.0,18
201500017012,15,8,5,2000,1,1,2,1,3,18097,M,0.0,0.0,18
201500017013,15,9,16,1545,1,1,1,2,6,18109,M,0.0,0.0,18
201500017014,15,10,1,845,1,1,1,1,7,18235,M,0.0,0.0,18
201500017015,15,11,8,1345,1,1,1,1,6,18223,M,0.0,0.0,18
201500017016,15,11,13,1945,3,1,2,1,3,18229,M,0.0,0.0,18
201500017017,15,12,2,745,1,1,1,1,5,18223,M,0.0,0.0,18
201500017018,15,4,23,1400,1,2,1,1,6,18197,M,4672532.0,250070.0,18
201500017019,15,7,5,1245,1,2,2,1,3,18197,M,4672100.0,251500.0,18
201500017020,15,7,8,1630,1,2,2,1,6,18038,M,0.0,0.0,18
201500017021,15,8,20,1100,1,2,1,1,3,18197,M,4673100.0,249500.0,18
201500017022,15,10,3,245,3,1,1,1,7,18231,M,0.0,0.0,18
201500017023,15,10,23,1130,1,2,1,1,6,18197,M,4672144.0,250416.0,18
201500017024,15,11,21,1015,1,1,1,1,6,18197,M,0.0,0.0,18
201500017025,15,5,7,1630,1,1,2,1,1,18059,M,0.0,0.0,18
201500017026,15,6,4,2015,1,1,1,7,6,18065,M,4684400.0,210500.0,18
201500017027,15,1,8,730,5,2,1,2,5,18180,M,4699826.0,245400.0,18
201500017028,15,1,13,1430,1,1,1,3,7,18180,M,0.0,0.0,18
201500017029,15,1,15,1345,1,1,2,8,3,18040,M,0.0,0.0,18
201500017030,15,1,23,2245,3,1,1,1,1,18063,M,0.0,0.0,18
201500017031,15,3,21,530,3,1,1,1,5,18254,M,0.0,0.0,18
201500017032,15,4,23,1245,1,2,3,1,1,18268,M,4680274.0,245543.0,18
201500017033,15,6,12,1515,1,1,3,1,3,18268,M,4682284.0,242175.0,18
201500017034,15,8,7,800,1,1,1,1,6,18119,M,4700400.0,261100.0,18
201500017035,15,9,10,1800,1,1,1,1,6,18045,M,0.0,0.0,18
201500017036,15,11,13,1945,3,1,1,1,1,18058,M,0.0,0.0,18
201500017037,15,6,26,1330,1,1,1,1,6,18113,M,0.0,0.0,18
201500017038,15,7,4,2145,2,1,1,1,6,18161,M,0.0,0.0,18
201500017039,15,7,31,930,1,1,3,1,3,18108,M,0.0,0.0,18
201500017040,15,9,20,45,5,2,1,1,1,18160,M,4699677.0,282538.0,18
201500017041,15,9,22,805,1,1,1,1,1,18108,M,0.0,0.0,18
201500017042,15,9,26,600,3,1,1,1,6,18108,M,4695687.0,292812.0,18
201500017043,15,9,30,730,1,2,4,1,3,18242,M,0.0,0.0,18
201500017044,15,10,7,1045,1,1,1,1,3,18195,M,0.0,0.0,18
201500017045,15,1,17,1900,3,1,1,1,7,18149,M,4729800.0,242800.0,18
201500017046,15,5,22,1515,1,2,1,1,3,18047,M,4736128.0,243000.0,18
201500017047,15,5,29,715,1,1,1,1,2,18088,M,4745500.0,239800.0,18
201500017048,15,6,15,1845,1,1,1,1,6,18165,M,0.0,0.0,18
201500017049,15,7,29,1100,1,2,1,1,6,18015,M,4748526.0,243159.0,18
201500017050,15,8,1,930,1,1,1,1,6,18165,M,0.0,0.0,18
201500017051,15,8,15,845,1,1,1,2,7,18088,M,4742900.0,243500.0,18
201500017052,15,9,22,1400,1,1,1,2,6,18115,M,0.0,0.0,18
201500017053,15,10,17,1430,1,1,1,1,6,18037,M,4755187.0,227182.0,18
201500017054,15,10,18,45,4,2,1,1,6,18170,M,4747514.0,251353.0,18
201500017055,15,11,20,815,1,1,1,2,6,18115,M,0.0,0.0,18
201500017056,15,12,12,100,5,2,8,1,6,18015,M,0.0,0.0,18
201500017057,15,12,30,2015,3,1,1,1,6,18159,M,0.0,0.0,18
201500017058,15,3,12,1545,1,1,1,1,6,18190,M,4712800.0,215878.0,18
201500017059,15,5,27,1000,1,1,1,1,3,18281,M,0.0,0.0,18
201500017060,15,3,29,1545,1,1,4,2,3,73208,M,4570100.0,594625.0,73
201500017061,15,1,1,915,1,1,1,9,6,73039,M,4555419.0,567483.0,73
201500017062,15,3,17,1630,1,2,2,1,3,73152,M,4561020.0,575984.0,73
201500017063,15,3,23,1715,2,1,1,1,6,73219,M,4556048.0,579155.0,73
201500017064,15,11,10,500,5,1,1,1,6,73236,M,4558755.0,564355.0,73
201500017065,15,5,19,1430,1,2,1,1,6,73159,M,4545825.0,604901.0,73
201500017066,15,7,12,730,1,2,1,1,6,73151,M,4550045.0,601290.0,73
201500017067,15,7,23,1655,1,1,3,1,3,73018,M,4550472.0,607509.0,73
201500017068,15,8,31,945,1,2,1,1,3,73096,M,4551553.0,608986.0,73
201500017069,15,9,9,845,1,1,3,1,3,73171,M,4550204.0,606794.0,73
201500017070,15,4,14,1000,1,2,2,1,3,73121,M,4562640.0,632011.0,73
201500017071,15,12,5,1530,1,1,1,1,1,73303,M,4575937.0,639289.0,73
201500017072,15,1,10,1915,5,2,6,1,3,73248,M,4527568.0,635577.0,73
201500017073,15,8,2,1200,1,1,1,1,1,73256,M,4520943.0,645606.0,73
201500017074,15,9,14,1500,1,1,4,1,3,73256,M,4520924.0,646862.0,73
201500017075,15,12,19,530,3,1,1,1,7,73242,M,4519904.0,628652.0,73
201500017076,15,12,24,1115,1,2,1,1,6,73116,M,0.0,0.0,73
201500017077,15,3,21,2115,3,1,6,1,6,73224,M,4534803.0,630639.0,73
201500017078,15,9,15,1300,1,1,1,8,5,73074,M,4544191.0,628620.0,73
201500017079,15,3,28,1145,1,2,1,2,1,64448,M,4334975.0,-47019.0,64
201500017080,15,3,29,2330,5,1,1,1,1,64519,M,4338694.0,-38049.0,64
201500017081,15,4,21,1730,1,1,1,1,6,64037,M,0.0,0.0,64
201500017082,15,6,30,1615,1,2,1,1,1,64448,M,4335367.0,-46332.0,64
201500017083,15,8,27,2145,5,1,1,1,6,64519,M,4337647.0,-37636.0,64
201500017084,15,10,1,1000,1,2,2,1,3,64519,M,4337816.0,-37891.0,64
201500017085,15,10,20,2015,5,2,1,1,6,64519,M,4339068.0,-38055.0,64
201500017086,15,5,3,2230,3,1,1,2,7,64389,M,4341080.0,-20341.0,64
201500017087,15,5,15,530,3,1,1,3,6,64238,M,4324621.0,-3860.0,64
201500017088,15,5,29,2030,2,2,1,8,6,64211,M,4330078.0,-14397.0,64
201500017089,15,8,15,700,2,1,1,1,1,64152,M,4334782.0,-31946.0,64
201500017090,15,12,14,1630,1,1,1,1,3,64389,M,4340240.0,-20671.0,64
201500017091,15,6,17,1215,1,1,1,1,3,64470,M,4340239.0,-30674.0,64
201500017092,15,8,20,900,1,2,1,1,6,64160,M,4336042.0,-139960.0,64
201500017093,15,9,30,2300,3,1,2,1,3,64036,M,4334854.0,-97802.0,64
201500017094,15,7,18,1215,1,2,1,1,1,64006,M,4296700.0,-60969.0,64
201500017095,15,7,14,1845,1,2,1,1,3,64029,M,4311871.0,-73330.0,64
201500017096,15,4,3,1900,1,1,1,1,7,64393,M,4330064.0,-55458.0,64
201500017097,15,6,23,1130,1,1,1,1,3,64005,M,4336194.0,-56636.0,64
201500017098,15,7,19,1115,1,2,1,1,3,64326,M,4329015.0,-72299.0,64
201500017099,15,8,20,1945,2,1,1,1,1,64393,M,4331895.0,-58229.0,64
201500017100,15,11,15,1000,1,1,1,1,6,64359,M,4330160.0,-65575.0,64
201500017101,15,3,3,1545,1,1,1,2,7,64112,M,0.0,0.0,64
201500017102,15,5,4,930,1,1,1,1,1,64176,M,4340048.0,-75591.0,64
201500017103,15,7,28,1815,1,2,2,1,3,64499,M,4347020.0,-92476.0,64
201500017104,15,3,13,930,1,1,3,1,3,45024,M,0.0,0.0,45
201500017105,15,7,1,1015,1,2,2,1,4,45203,M,4782564.0,168974.0,45
201500017106,15,7,11,745,1,2,4,1,6,45067,M,4787917.0,177180.0,45
201500017107,15,5,27,300,3,1,1,1,6,45300,M,4785799.0,198908.0,45
201500017108,15,6,24,1630,1,1,2,1,3,45173,M,4784767.0,213551.0,45
201500017109,15,8,19,1345,1,1,1,1,6,45324,M,4781469.0,217016.0,45
201500017110,15,12,2,1615,2,1,1,7,5,45193,M,4775031.0,199369.0,45
201500017111,15,11,13,1315,1,1,1,2,6,45115,M,4802125.0,305177.0,45
201500017112,15,11,27,1515,1,2,2,1,3,45279,M,4795867.0,280308.0,45
201500017113,15,6,12,1715,1,2,2,1,1,45127,M,4813233.0,276395.0,45
201500017114,15,12,7,1145,1,2,6,1,3,45061,M,4804099.0,272826.0,45
201500017115,15,8,1,1515,1,2,4,1,6,45030,M,4807186.0,242898.0,45
201500017116,15,3,24,1945,3,1,1,2,1,45174,M,4816444.0,213811.0,45
201500017117,15,6,5,1330,1,2,2,1,3,45188,M,4799459.0,208011.0,45
201500017118,15,7,1,1100,1,2,3,7,1,45224,M,4806018.0,205215.0,45
201500017119,15,9,19,2015,3,1,1,1,6,45289,M,4801706.0,196149.0,45
201500017120,15,11,1,1245,1,1,1,1,1,45327,M,4799855.0,214302.0,45
201500017121,15,12,1,1845,5,2,1,1,6,45289,M,4804117.0,198286.0,45
201500017122,15,1,26,1215,1,1,1,8,3,60542,M,4940680.0,218381.0,60
201500017123,15,2,7,315,3,1,1,1,6,60480,M,4949765.0,215975.0,60
201500017124,15,4,19,1830,1,1,1,1,7,60639,M,4946362.0,211272.0,60
201500017125,15,4,27,2245,5,2,1,1,1,60646,M,4947603.0,205057.0,60
201500017126,15,6,14,1330,1,1,1,1,7,60041,M,4937664.0,223531.0,60
201500017127,15,8,26,2045,3,1,1,2,6,60009,M,4939129.0,209701.0,60
201500017128,15,12,14,1130,1,1,1,1,6,60251,M,4945291.0,221544.0,60
201500017129,15,12,22,1215,1,1,1,1,6,60103,M,4941811.0,224672.0,60
201500017130,15,4,3,715,2,1,1,3,3,60063,M,4934949.0,205656.0,60
201500017131,15,6,15,2230,1,2,1,1,6,60029,M,4936500.0,199193.0,60
201500017132,15,9,12,1,5,1,1,1,1,60477,M,4941961.0,193586.0,60
201500017133,15,11,30,1730,5,2,1,1,1,60591,M,4943003.0,201011.0,60
201500017134,15,1,2,1830,5,1,3,1,3,60365,M,4960581.0,206648.0,60
201500017135,15,1,22,1845,3,1,1,1,2,60275,M,4949795.0,190693.0,60
201500017136,15,1,24,2300,3,1,1,1,7,60403,M,4951467.0,201182.0,60
201500017137,15,2,17,1545,1,2,1,1,7,60077,M,4955415.0,205657.0,60
201500017138,15,2,23,2100,5,2,1,1,7,60110,M,4965691.0,182631.0,60
201500017139,15,2,28,300,3,2,1,1,6,60604,M,4969899.0,185166.0,60
201500017140,15,3,8,130,3,2,1,1,6,60405,M,4966374.0,181540.0,60
201500017141,15,3,21,2030,5,1,1,2,7,60233,M,4964935.0,185401.0,60
201500017142,15,5,30,1730,1,1,1,8,7,60604,M,4968944.0,187135.0,60
201500017143,15,6,10,1745,1,1,1,1,2,60304,M,4958736.0,200098.0,60
201500017144,15,6,19,1630,1,1,3,1,3,60611,M,4948039.0,185005.0,60
201500017145,15,7,1,2100,1,1,1,1,7,60128,M,4960072.0,171535.0,60
201500017146,15,7,7,1230,1,1,1,1,1,60588,M,4962513.0,190293.0,60
201500017147,15,7,30,2100,1,2,1,1,1,60405,M,4966283.0,181703.0,60
201500017148,15,7,30,1845,1,2,1,1,6,60108,M,4964747.0,192265.0,60
201500017149,15,12,1,1800,5,2,1,2,4,60286,M,4966169.0,195102.0,60
201500017150,15,12,26,1815,5,1,1,1,3,60387,M,4957671.0,195542.0,60
201500017151,15,1,15,815,1,2,1,6,1,60584,M,4921696.0,241965.0,60
201500017152,15,1,16,2015,5,2,1,2,1,60686,M,4920961.0,239585.0,60
201500017153,15,3,20,2030,5,2,1,1,5,60086,M,4916535.0,235462.0,60
201500017154,15,8,4,1715,1,2,1,1,3,60584,M,4921380.0,242254.0,60
201500017155,15,4,10,2115,3,1,1,1,1,60372,M,4954797.0,209556.0,60
201500017156,15,4,15,845,1,1,9,1,3,60664,M,4959891.0,227748.0,60
201500017157,15,1,17,1100,1,2,6,9,7,60374,M,4955413.0,251927.0,60
201500017158,15,1,27,730,2,1,1,1,3,60374,M,4956200.0,248100.0,60
201500017159,15,3,3,1330,1,1,1,1,1,60276,M,4959268.0,255617.0,60
201500017160,15,5,3,1715,1,2,1,1,6,60564,M,4957604.0,246762.0,60
201500017161,15,5,17,1145,1,2,1,1,4,60396,M,4955200.0,262400.0,60
201500017162,15,5,21,1230,1,1,1,1,5,60456,M,4947457.0,257861.0,60
201500017163,15,8,21,515,5,2,1,1,6,60581,M,4950508.0,243491.0,60
201500017164,15,8,23,1430,1,2,1,1,1,60374,M,4954619.0,250815.0,60
201500017165,15,11,17,1000,1,2,1,1,6,60581,M,4951108.0,243249.0,60
201500017166,15,11,17,2000,3,1,1,8,6,60495,M,4953113.0,245765.0,60
201500017167,15,1,24,1645,1,2,1,1,6,60151,M,4943532.0,290907.0,60
201500017168,15,2,17,815,1,2,1,1,5,60647,M,4940249.0,296979.0,60
201500017169,15,4,3,1245,1,2,1,2,6,60119,M,4950405.0,291326.0,60
201500017170,15,4,14,1430,1,2,8,1,6,60636,M,4948034.0,287928.0,60
201500017171,15,5,24,1815,1,2,6,1,6,60151,M,4944136.0,286756.0,60
201500017172,15,6,4,1645,1,2,1,1,1,60373,M,4949413.0,287666.0,60
201500017173,15,6,5,1745,1,1,1,1,3,60537,M,4950090.0,293785.0,60
201500017174,15,6,6,1330,1,2,9,1,3,60119,M,4950627.0,291086.0,60
201500017175,15,6,6,230,3,1,1,1,1,60156,M,4943715.0,284371.0,60
201500017176,15,8,25,1815,1,1,1,3,6,60582,M,4948311.0,295536.0,60
201500017177,15,10,31,1630,1,1,1,1,3,60324,M,4939778.0,305149.0,60
201500017178,15,11,6,1530,1,1,1,2,1,60064,M,4941758.0,300893.0,60
201500017179,15,12,21,1000,1,2,1,1,6,60537,M,4951726.0,292422.0,60
201500017180,15,2,4,1815,5,2,1,1,6,60625,M,4957948.0,294946.0,60
201500017181,15,3,1,2100,3,2,1,1,6,60471,M,4958692.0,300168.0,60
201500017182,15,3,11,1300,1,1,1,1,3,60471,M,4958692.0,300168.0,60
201500017183,15,3,28,1815,1,2,1,1,1,60348,M,4957341.0,296420.0,60
201500017184,15,3,31,2245,4,2,1,1,6,60471,M,4957993.0,300343.0,60
201500017185,15,4,14,1315,1,2,1,1,3,60471,M,4957970.0,300807.0,60
201500017186,15,4,21,915,1,2,1,1,6,60471,M,4957790.0,300006.0,60
201500017187,15,5,30,2045,1,1,1,1,5,60632,M,4955583.0,287889.0,60
201500017188,15,6,4,730,2,1,1,1,5,60350,M,4959045.0,286826.0,60
201500017189,15,6,11,1830,1,2,1,1,1,60603,M,4958720.0,304940.0,60
201500017190,15,6,12,1130,1,2,1,1,2,60471,M,4958103.0,299543.0,60
201500017191,15,6,19,730,1,1,1,1,3,60291,M,4964728.0,304574.0,60
201500017192,15,7,21,1945,1,2,6,1,3,60471,M,4957454.0,298972.0,60
201500017193,15,8,7,915,1,2,1,1,7,60124,M,4962759.0,289613.0,60
201500017194,15,9,4,630,2,2,1,1,6,60603,M,4958627.0,305143.0,60
201500017195,15,9,6,1115,1,1,1,1,7,60263,M,4966007.0,296665.0,60
201500017196,15,10,28,1845,5,2,1,1,5,60610,M,4955771.0,299766.0,60
201500017197,15,11,6,1715,5,2,1,1,6,60471,M,4957790.0,300006.0,60
201500017198,15,11,20,1200,1,2,6,2,6,60471,M,4958048.0,299055.0,60
201500017199,15,12,28,1230,1,1,1,1,6,60558,M,4959304.0,278836.0,60
201500017200,15,1,17,830,1,1,1,1,7,60160,M,4961869.0,272452.0,60
201500017201,15,1,30,1815,5,2,1,1,6,60533,M,4954066.0,274525.0,60
201500017202,15,4,22,2030,2,1,1,1,1,60191,M,4955428.0,269491.0,60
201500017203,15,5,10,1915,1,1,1,1,3,60337,M,4941424.0,274987.0,60
201500017204,15,5,13,1730,1,1,6,1,3,60284,M,4938616.0,265648.0,60
201500017205,15,5,18,1415,1,1,1,1,7,60533,M,4954060.0,273124.0,60
201500017206,15,9,2,2100,3,1,4,1,1,60308,M,4948208.0,266896.0,60
201500017207,15,9,12,1300,1,1,1,2,7,60125,M,4939242.0,270801.0,60
201500017208,15,10,5,530,3,1,1,1,2,60254,M,4945384.0,265321.0,60
201500017209,15,11,9,1630,1,1,1,1,5,60160,M,4959969.0,271999.0,60
201500017210,15,11,14,1000,1,1,9,1,6,60093,M,4960494.0,269265.0,60
201500017211,15,3,20,1145,1,1,1,1,7,60508,M,4930604.0,266869.0,60
201500017212,15,7,5,530,2,2,1,1,1,60680,M,4927284.0,268628.0,60
201500017213,15,8,14,1530,1,2,1,1,1,60068,M,4929660.0,279915.0,60
201500017214,15,10,5,1315,1,2,1,2,7,60238,M,4926413.0,258408.0,60
201500017215,15,10,8,1630,1,2,1,1,6,60508,M,4930057.0,265343.0,60
201500017216,15,10,19,2330,5,2,1,1,6,60670,M,4928068.0,252478.0,60
201500017217,15,10,29,1800,5,2,1,1,1,60509,M,4930965.0,260417.0,60
201500017218,15,9,28,1615,1,1,1,1,6,09159,M,4276853.0,173996.0,09
201500017219,15,12,5,1115,1,1,1,1,3,09228,M,4273945.0,178870.0,09
201500017220,15,1,10,1800,5,2,1,1,1,83012,M,0.0,0.0,83
201500017221,15,1,29,1845,3,1,1,2,3,83095,M,0.0,0.0,83
201500017222,15,4,15,745,1,2,1,1,3,83135,M,0.0,0.0,83
201500017223,15,5,1,1515,1,1,1,1,7,83012,M,0.0,0.0,83
201500017224,15,5,14,1515,1,1,1,1,7,83046,M,0.0,0.0,83
201500017225,15,5,28,1300,1,2,1,1,3,83012,M,4355587.0,600503.0,83
201500017226,15,5,28,1300,1,2,1,1,3,83032,M,4355588.0,600504.0,83
201500017227,15,6,3,1200,1,1,1,1,1,83002,M,0.0,0.0,83
201500017228,15,10,18,730,2,1,1,1,6,83149,M,0.0,0.0,83
201500017229,15,5,29,1745,1,1,1,1,1,83082,M,0.0,0.0,83
201500017230,15,6,24,1945,1,1,6,1,7,90012,M,4764473.0,692286.0,90
201500017231,15,8,22,1630,1,1,1,1,7,90093,M,0.0,0.0,90
201500017232,15,10,1,1545,1,1,1,1,1,90015,M,0.0,0.0,90
201500017233,15,12,16,330,3,1,1,3,1,90094,M,0.0,0.0,90
201500017234,15,8,9,130,3,1,1,1,6,90046,M,0.0,0.0,90
201500017235,15,4,8,1000,1,1,1,1,6,50139,M,4907300.0,-102481.0,50
201500017236,15,6,1,1915,1,1,2,1,5,50444,M,4904680.0,-96303.0,50
201500017237,15,6,7,2100,1,1,1,1,1,50139,M,4904670.0,-103604.0,50
201500017238,15,8,7,815,1,1,1,1,6,50032,M,4910720.0,-101451.0,50
201500017239,15,8,12,1815,1,2,2,1,6,50601,M,4903500.0,-97895.0,50
201500017240,15,12,13,1715,2,1,1,1,1,50444,M,4905720.0,-91264.0,50
201500017241,15,4,25,1145,1,1,1,1,7,50006,M,4914250.0,-118806.0,50
201500017242,15,10,19,1430,1,1,1,2,2,50239,M,4910270.0,-115963.0,50
201500017243,15,4,15,1415,1,1,3,1,1,50185,M,4882780.0,-123917.0,50
201500017244,15,5,1,1215,1,1,3,2,3,50124,M,4867160.0,-116709.0,50
201500017245,15,6,7,1845,1,1,1,1,1,50456,M,4866000.0,-91337.0,50
201500017246,15,10,23,1915,3,1,1,1,7,50428,M,4867660.0,-114543.0,50
201500017247,15,7,18,1130,1,1,1,1,6,50448,M,4854040.0,-126207.0,50
201500017248,15,8,15,2345,5,2,1,1,6,50154,M,4854610.0,-138352.0,50
201500017249,15,8,28,2000,2,1,1,1,1,50487,M,4853220.0,-131043.0,50
201500017250,15,9,21,930,1,2,1,1,6,50168,M,4862370.0,-129401.0,50
201500017251,15,10,9,900,1,2,1,7,6,50146,M,4862820.0,-140983.0,50
201500017252,15,10,20,530,3,1,1,1,7,50168,M,4861660.0,-126424.0,50
201500017253,15,10,21,2030,3,1,2,2,3,50413,M,4860580.0,-138591.0,50
201500017254,15,11,14,1130,1,1,2,1,3,50347,M,4852770.0,-129010.0,50