Num_Acc,an,mois,jour,hrmn,lum,agg,int,atm,col,com,gps,lat,long,dep
201500017255,15,1,4,1345,1,1,1,9,1,50515,M,4857270.0,-117946.0,50
201500017256,15,1,4,1815,1,1,1,8,3,50452,M,4855740.0,-110947.0,50
201500017257,15,2,24,1700,1,1,1,1,6,50256,M,4858310.0,-123085.0,50
201500017258,15,6,29,815,1,1,1,1,1,50515,M,4855590.0,-115178.0,50
201500017259,15,7,9,800,1,2,1,1,3,50256,M,4861240.0,-116623.0,50
201500017260,15,8,30,1800,1,2,3,1,3,50515,M,4854540.0,-118192.0,50
201500017261,15,10,18,630,3,1,1,1,6,50591,M,4853910.0,-83424.0,50
201500017262,15,3,18,1900,1,1,3,1,7,50178,M,4968140.0,-145602.0,50
201500017263,15,3,28,1100,1,1,1,1,2,50417,M,4959510.0,-130293.0,50
201500017264,15,6,30,1545,1,1,1,1,2,50615,M,4951940.0,-149644.0,50
201500017265,15,8,13,1500,1,2,2,1,3,50615,M,4950800.0,-146659.0,50
201500017266,15,10,27,1030,1,2,1,2,6,50615,M,4950170.0,-146722.0,50
201500017267,15,3,31,1100,1,1,1,1,3,50402,M,4950990.0,-180215.0,50
201500017268,15,5,17,30,3,1,1,1,1,50031,M,4939020.0,-175988.0,50
201500017269,15,7,14,1615,1,1,1,1,1,50045,M,4954240.0,-177965.0,50
201500017270,15,11,1,1945,3,1,1,8,6,50480,M,4950180.0,-180033.0,50
201500017271,15,12,22,1730,3,2,1,2,6,50418,M,4948740.0,-166747.0,50
201500017272,15,2,9,1815,2,1,1,1,3,50172,M,4946560.0,-135975.0,50
201500017273,15,4,13,1500,1,1,1,5,3,50509,M,4940510.0,-119385.0,50
201500017274,15,4,22,1830,1,2,1,1,3,50191,M,4944040.0,-125713.0,50
201500017275,15,9,4,1445,1,1,2,1,3,50507,M,4947910.0,-125660.0,50
201500017276,15,9,25,2115,2,2,3,1,1,50138,M,4945870.0,-149142.0,50
201500017277,15,10,3,1515,1,1,1,1,6,50390,M,4949980.0,-135647.0,50
201500017278,15,11,30,2030,3,1,1,2,6,50427,M,4945410.0,-126769.0,50
201500017279,15,1,28,1330,1,1,1,2,3,50350,M,4905600.0,-132940.0,50
201500017280,15,3,24,900,1,1,3,1,3,50147,M,4905490.0,-147216.0,50
201500017281,15,6,15,1730,1,1,1,1,7,50464,M,4900270.0,-135397.0,50
201500017282,15,7,26,2300,3,1,2,3,3,50569,M,4905930.0,-133222.0,50
201500017283,15,8,11,1630,2,2,1,3,6,50603,M,4904570.0,-154435.0,50
201500017284,15,8,15,1545,1,1,2,1,3,50389,M,4901270.0,-136168.0,50
201500017285,15,9,5,900,1,1,2,1,3,50513,M,4896870.0,-129625.0,50
201500017286,15,9,12,2200,2,1,1,1,6,50058,M,4906990.0,-156927.0,50
201500017287,15,9,20,1230,1,1,2,1,3,50603,M,4904210.0,-154831.0,50
201500017288,15,10,3,1830,1,1,2,1,1,50145,M,4904430.0,-139273.0,50
201500017289,15,11,14,15,3,1,1,1,6,50215,M,4910610.0,-155845.0,50
201500017290,15,12,30,1515,1,1,1,1,6,50058,M,4907770.0,-153637.0,50
201500017291,15,8,6,2015,1,1,2,1,3,50063,M,4930630.0,-158837.0,50
201500017292,15,7,31,1130,1,1,3,1,3,05168,M,4448531.0,594991.0,05
201500017293,15,9,24,1645,1,1,1,1,3,05071,M,4442164.0,598807.0,05
201500017294,15,2,19,800,1,1,1,1,1,05165,M,4442735.0,579504.0,05
201500017295,15,5,14,1530,1,1,1,1,6,05091,M,4440501.0,552283.0,05
201500017296,15,6,20,1015,1,1,1,1,2,05166,M,4441596.0,572234.0,05
201500017297,15,7,9,2345,3,1,1,1,6,05016,M,4446051.0,574175.0,05
201500017298,15,8,10,1500,1,2,1,1,3,05166,M,4443169.0,571314.0,05
201500017299,15,9,7,2345,3,1,1,1,6,05048,M,4441739.0,562465.0,05
201500017300,15,9,13,1830,1,1,1,1,1,05129,M,4437092.0,553060.0,05
201500017301,15,8,19,1615,1,1,9,1,6,05072,M,4464792.0,608638.0,05
201500017302,15,1,6,645,3,1,1,2,7,05123,M,4454862.0,598096.0,05
201500017303,15,3,5,1530,1,1,1,1,7,05099,M,4450535.0,581583.0,05
201500017304,15,2,14,1545,1,1,1,4,7,05124,M,4458659.0,616074.0,05
201500017305,15,6,2,1615,1,1,1,1,6,05084,M,4455506.0,624061.0,05
201500017306,15,6,3,1700,3,1,3,1,3,05124,M,4457749.0,614234.0,05
201500017307,15,6,30,1345,1,1,1,1,2,05106,M,4452800.0,635881.0,05
201500017308,15,12,26,1830,3,1,1,1,4,05040,M,4453285.0,630747.0,05
201500017309,15,4,2,1745,3,1,1,1,6,05045,M,4453093.0,643090.0,05
201500017310,15,5,12,2130,3,1,1,1,7,05164,M,4456210.0,637683.0,05
201500017311,15,5,17,1420,1,1,1,1,7,05036,M,4462124.0,653506.0,05
201500017312,15,1,12,2020,1,1,6,1,7,14254,M,4914030.0,-42093.0,14
201500017313,15,2,15,2325,3,2,1,1,6,14288,M,4924950.0,-48486.0,14
201500017314,15,5,8,525,3,1,1,1,6,14311,M,4914530.0,-53054.0,14
201500017315,15,12,5,730,5,1,1,1,6,14454,M,4915220.0,-47589.0,14
201500017316,15,1,26,2315,3,1,1,1,6,14668,M,4926610.0,-89415.0,14
201500017317,15,5,26,1845,1,1,1,1,3,14506,M,,,14
201500017318,15,6,28,2100,2,1,1,1,3,14050,M,4914820.0,-89779.0,14
201500017319,15,7,9,945,1,2,1,1,6,14370,M,4924290.0,-87177.0,14
201500017320,15,8,3,1800,1,2,1,1,6,14256,M,4932210.0,-78648.0,14
201500017321,15,8,24,1530,1,1,2,1,3,14138,M,4923100.0,-100196.0,14
201500017322,15,9,30,2015,5,2,1,1,7,14103,M,4924680.0,-85768.0,14
201500017323,15,11,6,745,2,1,1,1,6,14298,M,,,14
201500017324,15,12,17,1115,1,2,3,1,2,14342,M,4931700.0,-110265.0,14
201500017325,15,1,10,1300,1,2,1,8,3,14515,M,4934500.0,-75294.0,14
201500017326,15,2,4,2200,3,1,6,1,6,14191,M,4930340.0,-43707.0,14
201500017327,15,8,13,1145,1,1,1,8,6,14400,M,4928700.0,-60223.0,14
201500017328,15,9,10,1900,1,2,2,7,5,14022,M,4933960.0,-58647.0,14
201500017329,15,9,14,415,3,1,1,2,6,14391,M,4931060.0,-74028.0,14
201500017330,15,10,3,1702,1,1,3,1,2,14391,M,4931360.0,-74129.0,14
201500017331,15,10,17,450,4,2,1,1,7,14191,M,4933580.0,-46530.0,14
201500017332,15,11,24,1045,1,1,1,2,7,14535,M,4930000.0,-47950.0,14
201500017333,15,2,4,815,1,1,1,4,1,14760,M,4910830.0,-63314.0,14
201500017334,15,7,1,1815,1,2,1,1,6,14143,M,4909150.0,-80569.0,14
201500017335,15,10,31,1900,2,1,1,1,1,14278,M,4917580.0,-60024.0,14
201500017336,15,12,14,2015,3,1,3,2,3,14752,M,,,14
201500017337,15,1,21,2000,3,1,4,1,6,14578,M,4936940.0,20454.0,14
201500017338,15,3,24,1630,1,1,1,8,5,14131,M,4931830.0,14577.0,14
201500017339,15,8,18,1420,1,2,3,1,1,14102,M,4923070.0,22517.0,14
201500017340,15,9,13,1825,1,1,1,1,3,14299,M,4935500.0,27000.0,14
201500017341,15,1,25,400,3,1,1,1,6,14398,M,4916710.0,9457.0,14
201500017342,15,2,17,2050,3,1,1,1,6,14126,M,4916870.0,4039.0,14
201500017343,15,12,2,1730,5,2,1,1,6,14229,M,4923220.0,-4103.0,14
201500017344,15,2,25,1610,1,1,3,8,3,14456,M,4911990.0,-18542.0,14
201500017345,15,3,27,1545,1,2,1,1,6,14623,M,4910860.0,-37346.0,14
201500017346,15,5,6,2145,3,1,1,1,6,14408,M,4909510.0,-37495.0,14
201500017347,15,5,22,1830,1,1,3,1,3,14145,M,4904090.0,-28013.0,14
201500017348,15,6,25,1330,1,2,1,1,3,14057,M,4912790.0,-21411.0,14
201500017349,15,9,8,1745,1,2,2,1,3,14020,M,4912370.0,-17143.0,14
201500017350,15,11,29,1820,5,2,1,1,3,14761,M,4912200.0,-19747.0,14
201500017351,15,4,24,615,3,1,1,1,7,14628,M,4897030.0,-52676.0,14
201500017352,15,5,17,1530,1,1,1,1,7,14602,M,4892710.0,-55935.0,14
201500017353,15,10,26,1745,2,1,1,8,6,14251,M,,,14
201500017354,15,10,28,920,1,2,1,1,3,14307,M,4902180.0,-47981.0,14
201500017355,15,12,3,1800,5,2,3,1,3,14689,M,4899150.0,-48478.0,14
201500017356,15,1,9,2030,3,1,1,1,1,14582,M,4909780.0,20609.0,14
201500017357,15,1,21,1930,2,1,1,1,4,14326,M,4917790.0,29736.0,14
201500017358,15,2,18,1215,1,1,3,1,3,14148,M,4899790.0,34822.0,14
201500017359,15,7,4,2345,3,1,1,1,6,14740,M,4901890.0,43054.0,14
201500017360,15,8,13,100,3,1,1,2,1,14371,M,4898170.0,15274.0,14
201500017361,15,9,23,1345,1,1,3,1,3,14571,M,4909430.0,30448.0,14
201500017362,15,11,5,1800,1,1,1,1,2,14270,M,4914420.0,31828.0,14
201500017363,15,12,23,1430,1,1,1,1,6,14484,M,,,14
201500017364,15,1,26,700,3,1,2,2,1,14749,M,4906860.0,-13044.0,14
201500017365,15,6,15,1115,1,2,1,1,6,14654,M,4902400.0,-3984.0,14
201500017366,15,6,18,1110,1,2,3,2,3,14431,M,4907640.0,-6464.0,14
201500017367,15,7,7,2145,3,1,1,1,6,14648,M,4912680.0,14336.0,14
201500017368,15,9,20,1145,1,1,1,1,7,14345,M,4898840.0,-6410.0,14
201500017369,15,11,2,645,4,1,3,5,3,14201,M,4911740.0,2218.0,14
201500017370,15,7,10,830,1,1,1,1,6,14658,M,4883590.0,-106123.0,14
201500017371,15,8,9,900,1,1,1,1,6,14545,M,4883240.0,-86556.0,14
201500017372,15,8,17,845,1,1,1,1,6,14388,M,4881100.0,-87189.0,14
201500017373,15,10,26,1115,1,1,1,1,6,14584,M,4881970.0,-90789.0,14
201500017374,15,12,6,1635,1,1,1,1,6,14174,M,4886040.0,-53307.0,14
201500017375,15,7,16,730,1,2,1,1,6,06010,M,0.0,0.0,06
201500017376,15,7,19,630,1,1,1,1,7,06038,M,0.0,0.0,06
201500017377,15,9,26,1445,1,1,1,1,6,06148,M,0.0,0.0,06
201500017378,15,10,11,1600,1,1,9,1,2,06112,M,0.0,0.0,06
201500017379,15,5,1,1200,1,1,1,1,6,06136,M,0.0,0.0,06
201500017380,15,11,5,830,2,1,1,1,1,06136,M,0.0,0.0,06
201500017381,15,11,10,1000,1,2,1,1,7,06136,M,0.0,0.0,06
201500017382,15,2,3,1545,1,1,1,8,1,06059,M,4373057.0,737710.0,06
201500017383,15,1,31,1800,5,2,1,1,6,06032,M,4372289.0,739510.0,06
201500017384,15,2,23,1915,5,1,1,1,2,06059,M,4372058.0,737264.0,06
201500017385,15,2,25,1515,1,2,1,1,3,06150,M,0.0,0.0,06
201500017386,15,4,8,1130,1,2,1,1,3,06032,M,0.0,0.0,06
201500017387,15,5,25,1445,1,1,1,1,3,06059,M,0.0,0.0,06
201500017388,15,6,23,845,1,1,1,1,1,06059,M,0.0,0.0,06
201500017389,15,9,4,1600,1,2,1,1,6,06150,M,0.0,0.0,06
201500017390,15,9,10,1045,1,2,1,1,1,06032,M,0.0,0.0,06
201500017391,15,10,23,1830,1,1,1,1,6,06059,M,0.0,0.0,06
201500017392,15,12,12,400,5,2,9,1,3,06059,M,0.0,0.0,06
201500017393,15,6,24,1300,1,1,1,1,1,06143,M,0.0,0.0,06
201500017394,15,5,31,1645,1,1,2,1,3,06056,M,0.0,0.0,06
201500017395,15,6,25,1245,1,1,1,1,7,06125,M,0.0,0.0,06
201500017396,15,8,29,1845,2,1,1,1,7,06094,M,0.0,0.0,06
201500017397,15,6,27,1730,1,1,1,1,6,06153,M,0.0,0.0,06
201500017398,15,7,2,1815,1,1,1,1,6,06144,M,0.0,0.0,06
201500017399,15,7,5,845,1,1,1,1,7,06072,M,0.0,0.0,06
201500017400,15,6,28,1915,1,1,1,1,1,06103,M,0.0,0.0,06
201500017401,15,8,1,930,1,1,1,1,7,72032,M,4802100.0,75500.0,72
201500017402,15,12,11,2245,3,1,1,2,3,72224,M,4803500.0,48300.0,72
201500017403,15,5,17,1445,1,2,1,1,6,72173,M,0.0,0.0,72
201500017404,15,6,11,730,1,1,1,1,3,72325,M,4779500.0,45900.0,72
201500017405,15,7,17,1230,1,2,1,1,1,72068,M,0.0,0.0,72
201500017406,15,8,31,1900,1,1,1,1,3,72221,M,4767300.0,39300.0,72
201500017407,15,9,28,2000,1,2,1,1,1,72052,M,0.0,0.0,72
201500017408,15,10,16,1915,1,1,1,1,1,72384,M,4769300.0,45500.0,72
201500017409,15,10,25,1200,1,1,1,1,1,72143,M,4786900.0,47300.0,72
201500017410,15,12,27,900,1,2,1,1,6,72071,M,4769600.0,41400.0,72
201500017411,15,12,28,1130,1,2,1,1,6,72071,M,0.0,0.0,72
201500017412,15,12,29,815,2,1,1,1,6,72153,M,4780400.0,40500.0,72
201500017413,15,1,11,1600,1,1,1,1,7,72189,M,0.0,0.0,72
201500017414,15,3,17,1300,1,1,3,1,3,72039,M,0.0,0.0,72
201500017415,15,4,17,315,3,1,1,1,6,72039,M,0.0,0.0,72
201500017416,15,5,23,1115,1,2,1,1,2,72039,M,0.0,0.0,72
201500017417,15,6,27,2015,1,1,1,1,1,72086,M,0.0,0.0,72
201500017418,15,9,27,2045,3,1,2,1,1,72112,M,0.0,0.0,72
201500017419,15,10,31,1230,1,1,1,1,3,72180,M,4835300.0,32000.0,72
201500017420,15,1,1,400,3,1,1,5,6,72057,M,0.0,0.0,72
201500017421,15,1,16,1515,1,1,1,2,7,72296,M,0.0,0.0,72
201500017422,15,4,30,1700,1,1,1,3,6,72363,M,0.0,0.0,72
201500017423,15,9,4,1900,1,1,1,1,7,72093,M,0.0,0.0,72
201500017424,15,7,10,1445,1,2,1,1,3,72212,M,0.0,0.0,72
201500017425,15,3,20,2045,3,1,1,1,1,54029,M,4935900.0,590400.0,54
201500017426,15,6,13,1200,1,1,1,1,6,54334,M,4929800.0,585500.0,54
201500017427,15,11,21,1730,3,2,1,3,6,54425,M,4931080.0,577420.0,54
201500017428,15,2,22,1900,2,1,1,1,3,54455,M,4849000.0,649500.0,54
201500017429,15,5,10,530,2,2,1,1,6,54238,M,4840743.0,625523.0,54
201500017430,15,5,13,1600,1,1,1,1,7,54222,M,4848928.0,652355.0,54
201500017431,15,1,16,1415,1,2,1,2,3,54129,M,4858313.0,694408.0,54
201500017432,15,5,24,1015,1,2,1,1,6,54040,M,4850091.0,691174.0,54
201500017433,15,6,10,815,1,2,1,7,2,54035,M,4864466.0,680012.0,54
201500017434,15,2,28,1700,1,1,2,7,3,54343,M,4884989.0,580420.0,54
201500017435,15,3,22,1530,1,1,1,1,5,54208,M,4874400.0,594600.0,54
201500017436,15,10,17,30,3,1,1,3,7,54275,M,4895700.0,590200.0,54
201500017437,15,5,24,1245,1,2,1,1,6,66150,M,4240392.0,248044.0,66
201500017438,15,5,28,1945,2,2,1,1,1,66003,M,0.0,0.0,66
201500017439,15,12,20,1750,5,2,1,1,6,14220,M,,,14
201500017440,15,12,30,1635,1,2,1,1,7,14715,M,,,14
201500017441,15,2,21,1710,1,2,2,1,6,14220,M,4935930.0,6870.0,14
201500017442,15,2,26,1635,1,2,2,2,6,14220,M,4935580.0,6983.0,14
201500017443,15,3,6,1700,1,2,1,1,6,14715,M,4935710.0,9163.0,14
201500017444,15,2,6,2005,5,2,1,1,6,14557,M,4933770.0,9305.0,14
201500017445,15,3,4,1310,1,2,1,1,6,14699,M,4934680.0,10017.0,14
201500017446,15,3,15,605,3,1,1,1,6,14557,M,4932730.0,9087.0,14
201500017447,15,3,26,210,5,1,1,1,6,14715,M,4937140.0,11978.0,14
201500017448,15,5,27,20,3,1,1,1,6,14699,M,4935490.0,11983.0,14
201500017449,15,4,18,1850,1,1,1,1,2,14715,M,4938290.0,10172.0,14
201500017450,15,4,21,1845,1,2,1,1,2,14079,M,4933550.0,2103.0,14
201500017451,15,4,30,1330,1,2,1,2,6,14220,M,4936530.0,7736.0,14
201500017452,15,1,3,530,3,1,1,2,3,14699,M,4934330.0,9498.0,14
201500017453,15,5,1,1035,1,2,1,1,6,14220,M,4936470.0,8147.0,14
201500017454,15,5,8,730,1,1,1,1,6,14701,M,4931360.0,7798.0,14
201500017455,15,5,10,1645,1,2,1,1,2,14699,M,4934600.0,11466.0,14
201500017456,15,5,10,1410,1,2,3,1,3,14715,M,4936240.0,9371.0,14
201500017457,15,5,17,1210,1,1,1,1,3,14715,M,4936640.0,10713.0,14
201500017458,15,5,18,610,2,2,1,1,7,14715,M,4936460.0,8388.0,14
201500017459,15,5,30,1420,1,1,2,1,2,14079,M,4930710.0,4083.0,14
201500017460,15,6,6,1300,1,2,1,1,5,14220,M,4936470.0,8224.0,14
201500017461,15,6,14,1,5,2,2,1,3,14220,M,4935880.0,7806.0,14
201500017462,15,6,25,1400,1,2,1,1,6,14699,M,4934860.0,9861.0,14
201500017463,15,7,13,2320,5,2,6,1,3,14220,M,4935980.0,8093.0,14
201500017464,15,7,7,800,1,2,1,1,1,14699,M,4935000.0,10003.0,14
201500017465,15,8,3,2055,1,2,1,1,6,14715,M,4936570.0,8195.0,14
201500017466,15,7,4,1405,1,1,1,1,1,14079,M,,,14
201500017467,15,7,15,1420,1,2,1,1,3,14699,M,,,14
201500017468,15,7,25,1910,1,1,2,1,3,14079,M,,,14
201500017469,15,7,26,1455,1,2,1,2,7,14715,M,,,14
201500017470,15,8,3,1715,1,2,1,1,7,14557,M,,,14
201500017471,15,8,4,1815,1,2,6,1,3,14220,M,,,14
201500017472,15,8,12,1600,1,2,1,1,7,14220,M,,,14
201500017473,15,8,14,1530,1,2,1,1,7,14220,M,,,14
201500017474,15,8,21,1950,1,1,1,1,3,14079,M,,,14
201500017475,15,8,22,1830,1,1,2,1,3,14079,M,4932400.0,3632.0,14
201500017476,15,8,30,1520,1,2,3,1,3,14059,M,,,14
201500017477,15,8,31,630,2,2,1,1,7,14220,M,,,14
201500017478,15,9,19,1315,1,1,1,1,1,14079,M,4930930.0,3374.0,14
201500017479,15,9,7,2200,5,2,1,1,6,14220,M,,,14
201500017480,15,9,12,1440,1,2,1,1,7,14699,M,,,14
201500017481,15,9,18,830,1,2,1,1,6,14715,M,,,14
201500017482,15,9,24,1825,1,1,1,1,1,14715,M,,,14
201500017483,15,9,27,1740,1,1,2,1,3,14701,M,,,14
201500017484,15,9,27,1300,1,1,2,1,3,14079,M,,,14
201500017485,15,10,10,2025,5,2,1,1,6,14220,M,4936080.0,8021.0,14
201500017486,15,10,2,1710,1,2,3,1,3,14715,M,,,14
201500017487,15,1,9,2330,3,2,1,1,7,66196,M,4253417.0,295099.0,66
201500017488,15,10,4,1355,1,2,1,1,6,14715,M,,,14
201500017489,15,10,6,1140,1,2,1,2,6,14220,M,,,14
201500017490,15,10,25,2155,3,1,1,1,7,14715,M,,,14
201500017491,15,10,28,1125,1,2,1,1,2,14220,M,,,14
201500017492,15,11,3,1030,1,2,3,1,6,14220,M,,,14
201500017493,15,11,17,1645,1,2,1,2,7,14220,M,,,14
201500017494,15,12,4,750,5,2,1,1,7,14715,M,,,14
201500017495,15,12,6,1150,1,2,2,1,3,14220,M,,,14
201500017496,15,12,8,1205,1,2,3,2,3,14220,M,,,14
201500017497,15,1,11,1440,1,2,1,1,6,14220,M,4936310.0,7891.0,14
201500017498,15,1,4,2005,5,2,6,1,3,14220,M,4936030.0,8235.0,14
201500017499,15,1,5,1610,1,2,6,1,6,14220,M,4935980.0,8093.0,14
201500017500,15,1,20,920,1,2,1,1,6,14220,M,4935990.0,8272.0,14
201500017501,15,7,13,115,5,2,1,1,7,66024,M,4252440.0,283153.0,66
201500017502,15,9,7,1915,1,2,1,1,6,66106,M,0.0,0.0,66
201500017503,15,5,7,2130,3,1,1,1,7,66057,M,0.0,0.0,66
201500017504,15,8,4,1430,1,1,1,1,1,66074,M,0.0,0.0,66
201500017505,15,10,5,1630,1,1,1,1,6,66161,M,4260538.0,239836.0,66
201500017506,15,2,27,510,3,2,1,4,6,66004,M,,,66
201500017507,15,7,19,1230,1,1,1,7,7,66020,M,0.0,0.0,66
201500017508,15,8,13,130,3,1,1,8,6,66080,M,0.0,0.0,66
201500017509,15,8,5,1515,1,1,1,1,5,66096,M,0.0,0.0,66
201500017510,15,8,30,1630,1,1,1,1,6,66187,M,0.0,0.0,66
201500017511,15,9,15,1530,1,1,1,1,6,66187,M,0.0,0.0,66
201500017512,15,7,16,1545,1,1,1,1,1,58112,M,0.0,0.0,58
201500017513,15,9,7,1245,1,2,9,1,3,58238,M,4698300.0,320400.0,58
201500017514,15,12,18,1745,3,1,1,1,1,58278,M,0.0,0.0,58
201500017515,15,2,24,1400,1,1,1,1,1,58177,M,0.0,0.0,58
201500017516,15,5,2,1100,1,2,7,2,1,58062,M,0.0,0.0,58
201500017517,15,4,2,1130,1,1,1,2,7,58120,M,0.0,0.0,58
201500017518,15,7,24,1430,1,1,1,1,1,58210,M,0.0,0.0,58
201500017519,15,2,10,1030,1,1,1,1,7,58017,M,0.0,0.0,58
201500017520,15,4,20,1545,1,2,1,1,7,58024,M,0.0,0.0,58
201500017521,15,7,3,1900,1,2,1,1,5,58065,M,0.0,0.0,58
201500017522,15,8,15,2145,3,1,1,1,6,58233,M,0.0,0.0,58
201500017523,15,11,9,2300,3,1,1,1,6,58004,M,0.0,0.0,58
201500017524,15,11,2,1700,2,1,1,1,6,58218,M,0.0,0.0,58
201500017525,15,11,13,1700,2,1,3,8,5,58302,M,0.0,0.0,58
201500017526,15,11,20,2215,4,2,1,2,6,58298,M,0.0,0.0,58
201500017527,15,1,8,945,1,1,1,1,7,58217,M,0.0,0.0,58
201500017528,15,5,11,530,2,2,1,1,6,58154,M,0.0,0.0,58
201500017529,15,2,10,945,1,1,1,1,7,26060,M,0.0,0.0,26
201500017530,15,6,20,2130,2,2,1,1,1,26108,M,0.0,0.0,26
201500017531,15,8,7,1345,1,1,1,1,3,26195,M,0.0,0.0,26
201500017532,15,8,8,930,1,1,1,1,3,26365,M,0.0,0.0,26
201500017533,15,8,24,1030,1,2,1,3,6,26011,M,4472240.0,503580.0,26
201500017534,15,10,14,1415,1,2,3,8,1,26108,M,0.0,0.0,26
201500017535,15,12,24,1400,1,1,1,1,3,26108,M,0.0,0.0,26
201500017536,15,8,3,1215,1,1,1,1,4,26318,M,0.0,0.0,26
201500017537,15,7,3,1745,1,2,1,1,6,26063,M,4427520.0,527410.0,26
201500017538,15,8,16,1715,1,2,1,1,6,26063,M,0.0,0.0,26
201500017539,15,1,9,1600,1,1,1,1,7,26330,M,0.0,0.0,26
201500017540,15,4,17,1700,1,1,1,1,3,26083,M,4525330.0,496040.0,26
201500017541,15,5,6,630,1,1,1,1,7,70363,M,4764800.0,608600.0,70
201500017542,15,2,14,1400,1,1,2,1,3,70476,M,0.0,0.0,70
201500017543,15,3,2,1545,1,1,1,1,1,70542,M,0.0,0.0,70
201500017544,15,6,5,1415,1,1,1,1,1,70509,M,4732400.0,573500.0,70
201500017545,15,8,8,1215,1,1,1,3,6,70060,M,0.0,0.0,70
201500017546,15,8,20,1845,1,2,1,1,1,70533,M,0.0,0.0,70
201500017547,15,9,1,1730,1,1,1,8,3,70356,M,4737993.0,593345.0,70
201500017548,15,10,22,2130,3,1,1,2,1,70494,M,4727690.0,570158.0,70
201500017549,15,3,16,1500,1,1,1,1,7,70453,M,0.0,0.0,70
201500017550,15,8,2,1645,1,2,1,1,3,70016,M,0.0,0.0,70
201500017551,15,12,10,2145,3,1,1,5,1,70473,M,4779539.0,640211.0,70
201500017552,15,6,4,1300,1,1,1,7,1,64156,M,4316037.0,-47482.0,64
201500017553,15,3,28,730,2,1,1,2,3,85153,M,4675201.0,-109559.0,85
201500017554,15,4,29,1745,1,1,1,1,6,85084,M,4680545.0,-120576.0,85
201500017555,15,5,17,1745,1,1,1,1,7,85142,M,4673781.0,-127015.0,85
201500017556,15,5,19,1630,1,1,1,2,7,85065,M,4685980.0,-128203.0,85
201500017557,15,8,10,615,2,1,1,1,4,85017,M,4691100.0,-111700.0,85
201500017558,15,12,6,130,3,1,1,1,6,85017,M,4688859.0,-109952.0,85
201500017559,15,3,26,1430,1,2,1,1,6,01350,M,0.0,0.0,01
201500017560,15,6,12,15,5,2,1,1,6,01254,M,4617224.0,528026.0,01
201500017561,15,6,27,200,3,1,1,1,6,01350,M,0.0,0.0,01
201500017562,15,8,26,1015,1,1,6,1,3,01350,M,0.0,0.0,01
201500017563,15,9,8,1830,2,2,3,7,6,01072,M,4617771.0,531955.0,01
201500017564,15,1,1,1915,3,1,1,1,6,01383,M,4609869.0,515033.0,01
201500017565,15,1,19,1245,1,1,1,2,6,01272,M,4616575.0,496959.0,01
201500017566,15,5,27,1845,1,1,1,1,6,01074,M,0.0,0.0,01
201500017567,15,6,4,645,1,1,2,1,1,01074,M,0.0,0.0,01
201500017568,15,6,6,300,5,2,1,1,6,01092,M,0.0,0.0,01
201500017569,15,8,23,1145,1,1,2,3,3,01085,M,0.0,0.0,01
201500017570,15,9,1,500,3,1,1,8,1,01235,M,0.0,0.0,01
201500017571,15,11,28,1845,3,1,1,1,1,01092,M,0.0,0.0,01
201500017572,15,12,6,1230,1,2,3,1,3,01235,M,0.0,0.0,01
201500017573,15,12,6,2030,3,1,1,1,6,01383,M,0.0,0.0,01
201500017574,15,3,1,2030,3,1,1,2,1,01352,M,4638261.0,502188.0,01
201500017575,15,5,25,1845,1,1,2,1,1,01352,M,0.0,0.0,01
201500017576,15,12,18,815,1,1,1,1,1,01115,M,0.0,0.0,01
201500017577,15,12,23,1600,1,2,1,1,3,01024,M,0.0,0.0,01
201500017578,15,6,19,1915,1,1,1,1,6,01025,M,4629874.0,494565.0,01
201500017579,15,12,18,2030,3,2,1,1,1,01231,M,0.0,0.0,01
201500017580,15,12,21,30,3,1,1,1,6,01365,M,4627696.0,492298.0,01
201500017581,15,7,11,1130,1,1,1,1,3,01034,M,0.0,0.0,01
201500017582,15,2,19,1330,1,1,3,7,3,01138,M,0.0,0.0,01
201500017583,15,4,7,1700,1,1,1,1,6,01036,M,0.0,0.0,01
201500017584,15,6,14,1545,1,1,1,1,3,01036,M,0.0,0.0,01
201500017585,15,6,16,1730,1,1,1,2,1,01066,M,0.0,0.0,01
201500017586,15,7,23,645,1,1,1,1,7,01133,M,0.0,0.0,01
201500017587,15,8,4,1500,1,1,1,1,7,01414,M,0.0,0.0,01
201500017588,15,9,6,1045,1,1,1,1,5,01036,M,0.0,0.0,01
201500017589,15,9,27,1815,1,1,1,1,6,01234,M,0.0,0.0,01
201500017590,15,9,28,1745,1,1,1,1,7,01372,M,0.0,0.0,01
201500017591,15,11,30,1630,2,2,4,1,3,01148,M,0.0,0.0,01
201500017592,15,2,15,1315,1,2,1,1,2,01170,M,4617772.0,555453.0,01
201500017593,15,3,20,1715,1,2,2,1,3,01265,M,4617297.0,557770.0,01
201500017594,15,4,25,130,5,2,1,1,5,01170,M,0.0,0.0,01
201500017595,15,5,14,1715,1,1,1,1,3,01192,M,0.0,0.0,01
201500017596,15,6,16,415,2,1,1,1,1,01269,M,0.0,0.0,01
201500017597,15,7,22,1915,1,1,1,1,7,01087,M,4618598.0,568203.0,01
201500017598,15,11,6,1245,1,1,1,1,3,01204,M,0.0,0.0,01
201500017599,15,3,10,1115,1,1,1,1,5,01075,M,0.0,0.0,01
201500017600,15,5,11,900,1,1,2,1,1,01362,M,4595895.0,489103.0,01
201500017601,15,9,15,1800,1,2,1,1,6,01052,M,0.0,0.0,01
201500017602,15,9,18,1000,1,1,6,1,2,01333,M,0.0,0.0,01
201500017603,15,10,7,1200,1,1,2,1,3,01446,M,0.0,0.0,01
201500017604,15,12,16,1145,1,1,1,1,7,01250,M,0.0,0.0,01
201500017605,15,6,16,1730,1,1,2,1,3,01028,M,0.0,0.0,01
201500017606,15,7,21,1815,1,1,2,1,3,01393,M,0.0,0.0,01