Num_Acc,an,mois,jour,hrmn,lum,agg,int,atm,col,com,gps,lat,long,dep
201500017607,15,8,2,2015,2,1,2,1,3,01167,M,0.0,0.0,01
201500017608,15,9,10,1045,1,1,1,1,3,01348,M,0.0,0.0,01
201500017609,15,9,18,1945,3,1,1,1,7,01389,M,0.0,0.0,01
201500017610,15,6,3,1145,1,2,1,1,6,15268,M,0.0,0.0,15
201500017611,15,8,13,715,2,2,9,2,6,15122,M,4471700.0,219800.0,15
201500017612,15,10,1,900,1,2,1,1,6,15268,M,0.0,0.0,15
201500017613,15,9,26,1745,1,2,1,1,2,15154,M,0.0,0.0,15
201500017614,15,8,14,1500,1,1,1,3,6,15153,M,4512600.0,223800.0,15
201500017615,15,9,1,1615,1,1,1,1,3,15261,M,4523300.0,236200.0,15
201500017616,15,7,29,1045,1,1,1,2,6,15162,M,4531700.0,267100.0,15
201500017617,15,8,2,1745,1,1,1,1,6,15040,M,0.0,0.0,15
201500017618,15,10,23,1430,1,1,1,7,1,15243,M,4526200.0,254500.0,15
201500017619,15,12,25,1600,1,1,1,1,3,15170,M,4534800.0,268600.0,15
201500017620,15,10,23,745,2,2,1,9,1,15265,M,0.0,0.0,15
201500017621,15,6,29,1300,1,1,1,1,1,15045,M,4484500.0,301800.0,15
201500017622,15,7,5,2215,3,1,1,1,7,15201,M,4493500.0,279600.0,15
201500017623,15,8,15,1515,1,1,1,8,3,03114,M,0.0,0.0,03
201500017624,15,4,25,1245,1,1,1,3,1,03099,M,0.0,0.0,03
201500017625,15,5,8,1545,1,1,1,8,5,03246,M,0.0,0.0,03
201500017626,15,6,18,1100,1,1,1,1,1,03195,M,4627800.0,264600.0,03
201500017627,15,8,1,1630,1,1,1,1,3,03055,M,0.0,0.0,03
201500017628,15,3,1,1200,1,2,1,2,6,03297,M,0.0,0.0,03
201500017629,15,3,15,700,2,1,1,1,6,03153,M,0.0,0.0,03
201500017630,15,7,15,15,3,2,1,1,1,03084,M,0.0,0.0,03
201500017631,15,3,14,1730,1,1,1,1,1,03258,M,0.0,0.0,03
201500017632,15,6,17,1030,1,1,1,1,1,03157,M,0.0,0.0,03
201500017633,15,6,20,1515,1,1,1,1,1,03273,M,0.0,0.0,03
201500017634,15,7,26,1330,1,1,1,1,1,03126,M,0.0,0.0,03
201500017635,15,8,31,815,1,2,1,1,1,03306,M,0.0,0.0,03
201500017636,15,11,2,715,2,1,1,1,6,03236,M,0.0,0.0,03
201500017637,15,11,30,1845,3,1,1,1,1,03258,M,0.0,0.0,03
201500017638,15,12,12,1345,1,2,1,1,6,03236,M,0.0,0.0,03
201500017639,15,4,12,2115,3,1,1,1,5,03043,M,0.0,0.0,03
201500017640,15,8,2,1815,1,1,1,1,1,03166,M,0.0,0.0,03
201500017641,15,10,7,930,1,2,1,1,3,03118,M,0.0,0.0,03
201500017642,15,10,13,1630,1,1,1,1,6,03078,M,0.0,0.0,03
201500017643,15,3,17,2300,3,1,1,8,1,84020,M,4383011.0,531499.0,84
201500017644,15,2,22,1745,1,1,1,6,6,84077,M,4408840.0,512489.0,84
201500017645,15,4,22,700,1,1,1,1,3,84041,M,4410390.0,515574.0,84
201500017646,15,7,11,1830,1,1,1,1,6,84072,M,4402332.0,513388.0,84
201500017647,15,8,25,1545,1,1,1,1,1,84017,M,0.0,0.0,84
201500017648,15,9,25,1745,1,2,1,1,6,84070,M,4402177.0,539252.0,84
201500017649,15,10,26,945,1,1,1,1,6,84030,M,4410197.0,510264.0,84
201500017650,15,10,26,1500,1,1,1,1,1,84079,M,0.0,0.0,84
201500017651,15,11,11,1230,1,1,1,1,2,84107,M,0.0,0.0,84
201500017652,15,5,19,1730,1,2,3,1,3,02128,M,4952381.0,366742.0,02
201500017653,15,8,18,830,1,1,1,8,1,02046,M,0.0,0.0,02
201500017654,15,8,24,1030,1,2,1,2,6,02194,M,0.0,0.0,02
201500017655,15,9,30,345,3,1,1,1,7,02128,M,0.0,0.0,02
201500017656,15,10,15,1715,1,1,1,2,1,02238,M,0.0,0.0,02
201500017657,15,12,5,2045,3,1,1,1,7,02294,M,0.0,0.0,02
201500017658,15,4,4,100,5,1,1,5,6,02820,M,0.0,0.0,02
201500017659,15,5,28,1000,1,2,1,1,6,02173,M,4961871.0,321998.0,02
201500017660,15,8,16,100,3,1,1,1,3,02474,M,0.0,0.0,02
201500017661,15,8,24,1630,1,1,1,2,6,02086,M,4957749.0,321993.0,02
201500017662,15,11,14,200,3,1,1,1,6,02173,M,0.0,0.0,02
201500017663,15,12,31,1215,1,2,1,1,3,02492,M,0.0,0.0,02
201500017664,15,2,18,945,1,1,4,5,1,02755,M,0.0,0.0,02
201500017665,15,2,22,2200,3,1,1,2,3,02602,M,0.0,0.0,02
201500017666,15,8,7,1730,1,2,1,2,6,02111,M,4953836.0,341856.0,02
201500017667,15,4,16,1845,1,1,2,1,3,02583,M,4946709.0,365498.0,02
201500017668,15,5,11,945,1,1,2,1,3,02800,M,0.0,0.0,02
201500017669,15,6,6,1500,1,1,1,1,2,02114,M,4904782.0,342734.0,02
201500017670,15,6,26,2230,3,2,1,1,1,02804,M,0.0,0.0,02
201500017671,15,7,5,600,2,1,1,1,7,02227,M,0.0,0.0,02
201500017672,15,7,11,2045,1,1,1,1,3,02804,M,0.0,0.0,02
201500017673,15,10,27,830,1,1,3,1,1,02804,M,0.0,0.0,02
201500017674,15,11,7,615,3,1,3,1,6,02227,M,0.0,0.0,02
201500017675,15,11,7,1645,1,1,9,1,7,02351,M,0.0,0.0,02
201500017676,15,11,10,1715,1,1,1,1,7,02164,M,0.0,0.0,02
201500017677,15,5,8,845,1,1,1,1,6,02785,M,0.0,0.0,02
201500017678,15,5,12,1620,1,1,1,1,5,02658,M,0.0,0.0,02
201500017679,15,7,12,2130,2,1,1,1,6,02658,M,0.0,0.0,02
201500017680,15,10,28,1230,1,1,1,1,7,02383,M,0.0,0.0,02
201500017681,15,5,30,1915,1,1,2,1,3,02539,M,0.0,0.0,02
201500017682,15,9,12,1230,1,2,3,3,1,02334,M,0.0,0.0,02
201500017683,15,1,14,930,1,1,1,8,5,02775,M,0.0,0.0,02
201500017684,15,3,29,1815,1,2,7,2,1,02648,M,0.0,0.0,02
201500017685,15,7,17,1430,1,2,1,1,6,02575,M,0.0,0.0,02
201500017686,15,6,7,1700,1,2,1,1,7,02326,M,0.0,0.0,02
201500017687,15,1,15,1845,5,2,2,1,3,02810,M,4925285.0,309210.0,02
201500017688,15,3,15,1600,1,1,1,1,6,02810,M,0.0,0.0,02
201500017689,15,4,22,1615,1,2,3,1,3,02810,M,4925015.0,308662.0,02
201500017690,15,6,6,1900,1,1,1,1,5,02258,M,0.0,0.0,02
201500017691,15,6,8,1745,1,1,3,1,3,02216,M,0.0,0.0,02
201500017692,15,7,24,1700,1,1,3,1,3,02810,M,0.0,0.0,02
201500017693,15,9,30,2330,5,2,1,1,6,02810,M,0.0,0.0,02
201500017694,15,11,6,1745,4,2,4,8,6,02810,M,0.0,0.0,02
201500017695,15,11,15,1130,1,2,2,1,5,02172,M,0.0,0.0,02
201500017696,15,11,19,1615,1,2,1,2,6,02810,M,4925389.0,308830.0,02
201500017697,15,12,1,1545,1,2,7,1,6,02810,M,4925438.0,309079.0,02
201500017698,15,5,4,1245,1,1,3,1,3,02608,M,0.0,0.0,02
201500017699,15,12,1,1800,3,1,1,1,6,02264,M,0.0,0.0,02
201500017700,15,2,9,1415,1,1,1,8,2,02405,M,0.0,0.0,02
201500017701,15,6,7,2000,1,2,1,1,6,02684,M,4992929.0,413157.0,02
201500017702,15,1,8,1545,1,2,1,1,6,02141,M,4997692.0,391550.0,02
201500017703,15,1,21,1700,2,1,1,1,1,02103,M,0.0,0.0,02
201500017704,15,4,5,1000,1,2,8,1,3,02681,M,0.0,0.0,02
201500017705,15,10,10,1345,1,2,1,1,6,02832,M,0.0,0.0,02
201500017706,15,2,5,1045,1,1,1,6,7,13017,M,4388300.0,469400.0,13
201500017707,15,2,9,1330,1,1,1,1,4,13045,M,0.0,0.0,13
201500017708,15,5,9,1645,1,1,1,1,3,13036,M,0.0,0.0,13
201500017709,15,6,4,1700,1,1,1,1,3,13010,M,0.0,0.0,13
201500017710,15,6,15,645,2,2,1,2,1,13045,M,4385200.0,477100.0,13
201500017711,15,7,28,1800,1,1,1,1,1,13045,M,0.0,0.0,13
201500017712,15,8,25,1730,1,1,1,1,5,13045,M,4384319.0,474955.0,13
201500017713,15,6,12,1215,1,1,1,1,1,38001,M,0.0,0.0,38
201500017714,15,2,28,200,3,1,1,8,6,38022,M,4566790.0,557328.0,38
201500017715,15,7,12,1545,1,1,1,1,7,38465,M,0.0,0.0,38
201500017716,15,8,18,1530,1,2,1,1,3,38261,M,0.0,0.0,38
201500017717,15,9,12,2345,3,2,1,2,6,38183,M,4559855.0,558494.0,38
201500017718,15,9,28,1545,1,2,2,1,3,38297,M,4569238.0,540967.0,38
201500017719,15,11,1,1400,1,1,1,1,1,38458,M,4563421.0,547872.0,38
201500017720,15,11,5,1530,1,1,1,1,1,38139,M,0.0,0.0,38
201500017721,15,11,7,800,1,2,1,1,6,38525,M,0.0,0.0,38
201500017722,15,11,12,1815,3,1,3,1,3,38139,M,0.0,0.0,38
201500017723,15,11,28,1745,3,1,2,1,3,38543,M,0.0,0.0,38
201500017724,15,12,1,1945,3,1,9,1,6,38124,M,0.0,0.0,38
201500017725,15,4,30,1230,1,2,2,1,3,38249,M,4523846.0,581701.0,38
201500017726,15,10,16,1945,5,2,3,1,3,38249,M,0.0,0.0,38
201500017727,15,5,26,1700,1,1,1,1,6,38422,M,4514548.0,587465.0,38
201500017728,15,8,5,1500,1,1,1,1,1,38334,M,0.0,0.0,38
201500017729,15,9,18,1145,1,2,1,1,3,38150,M,4519700.0,582000.0,38
201500017730,15,11,4,1500,1,2,1,1,6,38175,M,4527100.0,591600.0,38
201500017731,15,7,31,1530,1,1,1,1,1,38504,M,4532171.0,601853.0,38
201500017732,15,12,3,1715,2,1,1,9,7,38181,M,4533754.0,600047.0,38
201500017733,15,12,3,945,1,2,6,1,3,38314,M,4542583.0,601638.0,38
201500017734,15,7,26,1815,1,1,1,1,7,38394,M,4509984.0,524462.0,38
201500017735,15,2,28,145,3,1,1,1,7,38457,M,0.0,0.0,38
201500017736,15,4,14,1745,1,1,1,1,6,38440,M,0.0,0.0,38
201500017737,15,7,6,1345,1,1,1,1,6,38058,M,4534675.0,529831.0,38
201500017738,15,1,2,2300,3,1,1,9,6,38263,M,0.0,0.0,38
201500017739,15,1,5,1645,1,1,2,1,3,38033,M,4518223.0,540717.0,38
201500017740,15,4,3,1900,1,1,1,1,1,38390,M,4520874.0,548522.0,38
201500017741,15,9,13,1700,1,1,1,8,3,38450,M,4525368.0,551878.0,38
201500017742,15,5,23,1515,1,1,1,1,3,38240,M,0.0,0.0,38
201500017743,15,7,12,1400,1,2,2,1,3,38121,M,0.0,0.0,38
201500017744,15,7,25,100,3,1,1,1,7,38219,M,0.0,0.0,38
201500017745,15,8,19,1045,1,1,2,1,1,38130,M,4538294.0,527681.0,38
201500017746,15,9,2,1845,1,2,2,1,3,38034,M,0.0,0.0,38
201500017747,15,11,8,1645,1,1,1,1,6,38267,M,4541992.0,532675.0,38
201500017748,15,1,11,1815,5,2,1,1,1,38160,M,4546981.0,501865.0,38
201500017749,15,1,15,1745,5,2,1,1,6,38160,M,4549939.0,498009.0,38
201500017750,15,5,9,530,3,1,1,1,6,38131,M,0.0,0.0,38
201500017751,15,5,28,1530,1,1,1,1,5,38087,M,0.0,0.0,38
201500017752,15,6,27,1015,1,1,1,1,6,38160,M,4547073.0,499990.0,38
201500017753,15,5,18,1800,1,1,1,1,6,38519,M,4561294.0,500510.0,38
201500017754,15,3,18,845,1,2,1,8,1,31118,M,4377992.0,135096.0,31
201500017755,15,7,21,900,1,1,1,1,6,31584,M,4388273.0,149260.0,31
201500017756,15,7,9,830,1,2,1,7,6,31407,M,4375558.0,155601.0,31
201500017757,15,6,13,1430,1,1,1,1,3,31341,M,0.0,0.0,31
201500017758,15,6,23,830,1,1,1,1,6,31341,M,0.0,0.0,31
201500017759,15,2,10,2245,3,1,1,1,6,31436,M,4334734.0,105008.0,31
201500017760,15,11,19,1030,2,1,1,1,7,31424,M,4256620.0,132415.0,31
201500017761,15,12,18,1630,1,1,1,1,3,31187,M,0.0,0.0,31
201500017762,15,3,5,1500,1,1,1,1,6,31504,M,0.0,0.0,31
201500017763,15,6,30,1945,1,2,1,1,6,31095,M,4303325.0,74155.0,31
201500017764,15,2,25,1845,3,1,1,1,1,31210,M,4337683.0,168006.0,31
201500017765,15,8,14,1345,1,2,1,1,5,31451,M,4345483.0,201598.0,31
201500017766,15,8,20,1615,1,1,1,1,3,29174,M,4790809.0,-430166.0,29
201500017767,15,10,1,800,2,1,1,1,5,29220,M,4786761.0,-424208.0,29
201500017768,15,10,28,1000,1,2,1,1,6,29135,M,4783371.0,-417162.0,29
201500017769,15,11,10,1945,3,1,6,1,3,29075,M,4841895.0,-443877.0,29
201500017770,15,2,6,945,1,2,1,1,6,29160,M,4850552.0,-442896.0,29
201500017771,15,3,1,1545,1,1,1,1,4,29015,M,4851454.0,-449996.0,29
201500017772,15,3,28,1530,1,2,1,2,1,29160,M,4850527.0,-442225.0,29
201500017773,15,5,12,1400,1,1,1,1,1,29117,M,4858853.0,-450605.0,29
201500017774,15,6,17,915,1,2,1,7,3,29095,M,4847175.0,-436802.0,29
201500017775,15,9,18,1615,1,2,9,1,6,29160,M,4850062.0,-442714.0,29
201500017776,15,6,28,1730,1,1,1,1,6,29079,M,4862811.0,-391433.0,29
201500017777,15,4,3,1530,1,1,1,2,1,29136,M,4792534.0,-351474.0,29
201500017778,15,7,3,1130,1,2,1,1,6,29293,M,4785497.0,-384572.0,29
201500017779,15,9,9,2100,3,1,1,1,7,29031,M,4780040.0,-359508.0,29
201500017780,15,10,3,130,4,2,1,1,6,29293,M,4785504.0,-384596.0,29
201500017781,15,12,13,630,3,1,1,1,6,29236,M,4783243.0,-370537.0,29
201500017782,15,8,5,2115,5,2,6,1,7,29241,M,0.0,0.0,29
201500017783,15,2,23,1230,1,1,1,1,2,34154,M,4355409.0,400630.0,34
201500017784,15,2,6,2030,3,1,1,1,6,35193,M,4824759.0,-169177.0,35
201500017785,15,8,2,1200,1,1,2,1,3,35197,M,4823448.0,-162191.0,35
201500017786,15,1,24,1600,1,1,1,1,6,35297,M,4820933.0,-220492.0,35
201500017787,15,1,31,2130,3,1,1,4,1,35302,M,4819000.0,-215070.0,35
201500017788,15,3,18,2300,3,1,1,1,6,35144,M,4824591.0,-184462.0,35
201500017789,15,4,2,1115,1,2,1,1,6,35022,M,4829522.0,-194470.0,35
201500017790,15,4,14,1800,1,2,1,1,3,35297,M,4818549.0,-219353.0,35
201500017791,15,8,13,1315,1,1,1,2,1,35307,M,0.0,0.0,35
201500017792,15,9,1,1515,1,1,1,1,1,35184,M,4819986.0,-208612.0,35
201500017793,15,11,15,1815,5,1,1,1,6,35307,M,4828758.0,-196733.0,35
201500017794,15,2,21,1445,1,1,1,1,2,35223,M,4800750.0,-207765.0,35
201500017795,15,5,30,1530,1,1,1,1,3,35223,M,4802699.0,-203073.0,35
201500017796,15,6,9,1230,1,1,1,1,3,35319,M,4802340.0,-193740.0,35
201500017797,15,9,13,1530,1,1,1,1,6,35227,M,4817055.0,-191136.0,35
201500017798,15,9,16,1245,1,1,1,1,3,35223,M,4797646.0,-207392.0,35
201500017799,15,10,21,2015,3,1,1,2,1,35081,M,4817805.0,-184794.0,35
201500017800,15,10,25,1615,1,1,1,1,1,35023,M,4817798.0,-192479.0,35
201500017801,15,9,14,1930,1,2,1,7,3,35257,M,4841233.0,-136971.0,35
201500017802,15,9,17,800,2,1,1,8,3,35341,M,4843491.0,-147549.0,35
201500017803,15,1,4,630,3,1,1,8,6,35122,M,4860284.0,-190034.0,35
201500017804,15,1,24,800,2,1,1,8,7,35116,M,4858490.0,-183104.0,35
201500017805,15,2,13,715,3,1,1,8,1,35299,M,4864981.0,-187701.0,35
201500017806,15,3,11,1130,1,2,1,1,3,35284,M,4860302.0,-197483.0,35
201500017807,15,4,12,1245,1,1,1,1,1,35132,M,0.0,0.0,35
201500017808,15,5,1,1845,1,2,1,1,6,35049,M,4867781.0,-184743.0,35
201500017809,15,6,4,615,1,1,4,1,3,35299,M,4863337.0,-195009.0,35
201500017810,15,6,16,1000,1,2,1,1,1,35132,M,4860811.0,-181184.0,35
201500017811,15,6,25,2115,1,1,1,1,7,35263,M,4868892.0,-192567.0,35
201500017812,15,6,29,1215,1,1,1,1,3,35284,M,4860660.0,-196816.0,35
201500017813,15,6,29,1945,1,2,1,1,6,35179,M,4851269.0,-189759.0,35
201500017814,15,7,8,1545,1,2,1,1,6,35132,M,4861346.0,-183906.0,35
201500017815,15,7,31,1045,1,2,1,1,6,35224,M,4852995.0,-185105.0,35
201500017816,15,9,24,2100,3,1,1,1,2,35299,M,4863608.0,-192518.0,35
201500017817,15,10,20,800,2,1,1,8,3,35224,M,4851364.0,-185896.0,35
201500017818,15,7,7,2015,1,1,9,1,1,35009,M,0.0,0.0,35
201500017819,15,7,22,1130,1,2,9,1,6,35095,M,4854914.0,-175272.0,35
201500017820,15,9,26,2245,3,1,1,1,1,35104,M,4850952.0,-168051.0,35
201500017821,15,9,29,1545,1,1,1,1,6,35104,M,4852523.0,-169044.0,35
201500017822,15,12,9,1800,1,1,1,1,3,35095,M,4853854.0,-174257.0,35
201500017823,15,9,8,2100,5,2,1,1,1,35161,M,4804745.0,-133362.0,35
201500017824,15,10,11,1615,1,1,1,1,6,35204,M,4804578.0,-157128.0,35
201500017825,15,10,16,945,1,2,6,1,3,35099,M,4806212.0,-152444.0,35
201500017826,15,10,13,745,2,2,8,1,6,44158,M,4727135.0,-178011.0,44
201500017827,15,1,1,1715,2,1,1,8,6,44213,M,4737155.0,-101685.0,44
201500017828,15,2,21,2030,3,1,1,1,6,44004,M,4738500.0,-110291.0,44
201500017829,15,10,10,1430,1,1,6,1,2,44160,M,4737986.0,-121049.0,44
201500017830,15,11,6,2130,3,1,1,2,7,44096,M,4741472.0,-128561.0,44
201500017831,15,8,25,1830,1,1,1,1,1,44107,M,4743016.0,-133282.0,44
201500017832,15,9,7,915,1,1,3,1,1,44107,M,4743078.0,-132516.0,44
201500017833,15,11,17,945,1,1,1,1,6,44148,M,0.0,0.0,44
201500017834,15,12,26,400,5,2,1,1,6,44170,M,0.0,0.0,44
201500017835,15,9,6,1845,1,1,1,1,6,44066,M,4735405.0,-160093.0,44
201500017836,15,2,20,1230,1,1,1,3,6,44021,M,4703880.0,-194346.0,44
201500017837,15,6,20,1500,1,1,1,1,1,44164,M,4709916.0,-185293.0,44
201500017838,15,12,1,1830,3,1,1,1,1,44133,M,0.0,0.0,44
201500017839,15,6,7,1830,1,1,2,1,3,44216,M,4697244.0,-138786.0,44
201500017840,15,6,8,1600,1,1,1,6,2,44063,M,4707427.0,-122853.0,44
201500017841,15,6,11,1415,1,1,1,1,1,44102,M,4705239.0,-149735.0,44
201500017842,15,6,7,1445,1,1,1,1,1,44108,M,4711698.0,-122725.0,44
201500017843,15,8,30,1115,1,1,1,1,3,44029,M,4726711.0,-135575.0,44
201500017844,15,10,3,815,2,1,1,1,6,44029,M,4726846.0,-135588.0,44
201500017845,15,4,22,1400,1,1,1,7,5,44130,M,4710454.0,-154926.0,44
201500017846,15,5,20,930,1,1,1,1,1,44130,M,4711289.0,-153694.0,44
201500017847,15,6,25,1200,1,1,1,1,3,44024,M,4717530.0,-169390.0,44
201500017848,15,10,11,2000,3,1,1,1,3,44081,M,4687274.0,-156604.0,44
201500017849,15,7,11,1915,1,2,1,1,1,25058,M,0.0,0.0,25
201500017850,15,4,11,1145,1,1,1,8,3,25545,M,4703500.0,613600.0,25
201500017851,15,3,2,1345,1,1,1,2,1,25424,M,0.0,0.0,25
201500017852,15,5,15,1,3,1,1,2,7,25262,M,0.0,0.0,25
201500017853,15,6,20,2215,2,2,1,1,6,25578,M,4714984.0,633913.0,25
201500017854,15,6,24,1945,1,1,1,1,7,25301,M,4716482.0,657263.0,25
201500017855,15,9,20,1045,1,1,1,8,7,25262,M,0.0,0.0,25
201500017856,15,10,7,730,1,1,2,8,1,25222,M,4715114.0,624536.0,25
201500017857,15,8,6,1815,1,1,1,1,7,25378,M,0.0,0.0,25
201500017858,15,3,15,2030,5,1,1,1,6,25293,M,0.0,0.0,25
201500017859,15,3,22,1545,1,1,1,1,6,25110,M,0.0,0.0,25
201500017860,15,4,26,215,3,1,1,1,6,25029,M,0.0,0.0,25
201500017861,15,6,24,1145,1,1,1,1,6,25440,M,0.0,0.0,25
201500017862,15,7,6,900,1,1,1,1,1,25282,M,0.0,0.0,25
201500017863,15,12,14,1900,3,1,1,2,6,25157,M,4687691.0,640599.0,25
201500017864,15,4,30,1845,2,1,1,2,3,25121,M,0.0,0.0,25
201500017865,15,6,25,1045,1,1,1,1,7,25308,M,0.0,0.0,25
201500017866,15,7,1,1715,1,1,1,1,6,25308,M,0.0,0.0,25
201500017867,15,4,29,1515,1,1,1,1,1,25160,M,4703400.0,655600.0,25
201500017868,15,10,24,1530,1,2,1,1,3,25411,M,4705300.0,659300.0,25
201500017869,15,12,24,1,5,2,1,9,6,25321,M,4706506.0,667950.0,25
201500017870,15,6,13,2045,2,2,1,1,6,39154,M,0.0,0.0,39
201500017871,15,3,31,1445,1,1,1,2,1,39397,M,0.0,0.0,39
201500017872,15,2,11,1815,2,2,1,1,6,39173,M,0.0,0.0,39
201500017873,15,9,29,1700,1,1,1,1,6,39025,M,0.0,0.0,39
201500017874,15,2,3,1300,1,1,1,1,1,39355,M,0.0,0.0,39
201500017875,15,8,16,430,3,1,1,9,6,39013,M,4693000.0,576400.0,39
201500017876,15,8,28,1245,1,1,1,1,1,39013,M,4690100.0,574000.0,39
201500017877,15,8,9,1800,1,1,1,3,7,39434,M,0.0,0.0,39
201500017878,15,11,18,1000,1,2,7,7,6,39013,M,4690700.0,577300.0,39
201500017879,15,5,9,1430,1,2,1,1,7,39500,M,0.0,0.0,39
201500017880,15,6,25,1600,1,2,1,1,6,39315,M,0.0,0.0,39
201500017881,15,3,22,2245,3,1,1,8,1,39030,M,0.0,0.0,39
201500017882,15,6,4,1315,1,2,1,1,6,39412,M,0.0,0.0,39
201500017883,15,5,29,1845,1,1,3,1,3,39502,M,0.0,0.0,39
201500017884,15,8,4,945,1,1,1,2,6,39128,M,4697200.0,538400.0,39
201500017885,15,8,18,730,1,1,2,1,3,39160,M,0.0,0.0,39
201500017886,15,11,24,1750,5,2,7,8,6,39365,M,0.0,0.0,39
201500017887,15,8,8,945,1,1,1,2,1,39528,M,0.0,0.0,39
201500017888,15,5,29,2300,3,1,1,1,6,39184,M,0.0,0.0,39
201500017889,15,3,18,2000,5,1,1,1,3,39258,M,4651800.0,587400.0,39
201500017890,15,11,4,1900,3,1,1,1,1,39494,M,4659600.0,591800.0,39
201500017891,15,3,5,1330,1,1,1,1,3,22232,M,4862243.0,-283739.0,22
201500017892,15,3,18,1400,1,2,1,1,3,22055,M,4863609.0,-283264.0,22
201500017893,15,4,16,1730,1,2,2,1,3,22222,M,4867206.0,-293165.0,22
201500017894,15,5,16,400,3,1,1,1,6,22055,M,4863423.0,-282505.0,22
201500017895,15,5,19,1800,1,1,1,1,5,22222,M,4866769.0,-294624.0,22
201500017896,15,5,27,1015,1,1,1,1,6,22007,M,4859961.0,-282602.0,22
201500017897,15,1,17,715,3,1,1,9,6,22136,M,4815259.0,-275505.0,22
201500017898,15,3,6,1645,1,1,3,1,3,22155,M,4822264.0,-273856.0,22
201500017899,15,5,21,1700,1,1,2,1,2,22075,M,4816231.0,-287993.0,22
201500017900,15,5,22,1430,1,1,2,1,3,22136,M,4817832.0,-277863.0,22
201500017901,15,6,8,945,1,1,1,1,1,22376,M,4822524.0,-280700.0,22
201500017902,15,6,15,1300,1,2,3,1,3,22136,M,4817455.0,-275427.0,22
201500017903,15,6,17,915,1,1,1,1,1,22260,M,4822839.0,-292454.0,22
201500017904,15,1,13,1130,1,1,1,1,6,22371,M,4819663.0,-233788.0,22
201500017905,15,3,3,1530,1,1,3,1,3,22288,M,4807044.0,-264125.0,22
201500017906,15,3,21,1500,1,2,7,8,6,22183,M,4817729.0,-259399.0,22
201500017907,15,4,7,700,2,1,1,5,5,22147,M,4819501.0,-237371.0,22
201500017908,15,6,26,1000,1,1,3,1,3,22147,M,4819611.0,-236178.0,22
201500017909,15,8,25,1215,1,2,1,1,6,22066,M,4830027.0,-251888.0,22
201500017910,15,9,6,215,3,1,2,1,3,22371,M,4815829.0,-229361.0,22
201500017911,15,9,10,1830,1,1,1,1,6,22066,M,4830421.0,-246929.0,22
201500017912,15,10,11,2315,3,1,1,1,1,22062,M,4819873.0,-248051.0,22
201500017913,15,10,30,1215,1,2,1,1,6,22147,M,4820040.0,-241004.0,22
201500017914,15,12,12,700,3,1,1,2,1,22066,M,4836286.0,-249741.0,22
201500017915,15,12,18,2045,3,1,1,2,3,22255,M,4818001.0,-262616.0,22
201500017916,15,1,19,945,1,1,1,4,6,22100,M,4828120.0,-266397.0,22
201500017917,15,2,8,930,1,1,1,1,6,22203,M,4833568.0,-279994.0,22
201500017918,15,3,4,1345,1,1,3,1,3,22079,M,4840837.0,-265251.0,22
201500017919,15,5,10,1445,1,1,4,1,7,22203,M,4834020.0,-276306.0,22
201500017920,15,5,10,1915,1,1,2,1,5,22184,M,4833939.0,-264251.0,22
201500017921,15,6,8,320,3,2,3,1,3,22219,M,4828039.0,-270074.0,22
201500017922,15,6,15,1300,1,2,1,1,1,22153,M,4836231.0,-262991.0,22
201500017923,15,6,20,1600,1,1,1,1,7,22203,M,4834152.0,-274775.0,22
201500017924,15,7,1,1645,1,1,1,1,4,22258,M,4844735.0,-264352.0,22
201500017925,15,10,3,1615,1,1,3,1,3,22258,M,4841544.0,-262560.0,22
201500017926,15,10,16,1800,1,1,3,1,3,22219,M,4830394.0,-270253.0,22
201500017927,15,2,7,1915,3,1,2,1,3,22274,M,4836584.0,-200409.0,22
201500017928,15,3,8,1115,1,2,3,1,3,22327,M,4849575.0,-202691.0,22
201500017929,15,3,11,1615,1,2,4,1,3,22259,M,4844759.0,-208648.0,22
201500017930,15,3,27,1545,1,1,1,1,1,22213,M,4853348.0,-203287.0,22
201500017931,15,4,3,1900,1,1,2,2,3,22035,M,4844478.0,-197557.0,22
201500017932,15,4,6,1730,1,1,3,7,1,22339,M,4848148.0,-204284.0,22
201500017933,15,5,2,845,1,2,1,2,6,22050,M,4845741.0,-205250.0,22
201500017934,15,5,6,1645,1,1,3,1,3,22259,M,4845117.0,-209738.0,22
201500017935,15,5,17,1715,1,2,3,1,3,22123,M,4843537.0,-206679.0,22
201500017936,15,6,6,1500,1,2,1,1,6,22213,M,4852459.0,-200491.0,22
201500017937,15,6,7,415,4,1,4,1,6,22299,M,4847407.0,-198656.0,22
201500017938,15,7,11,130,3,1,2,1,3,22339,M,4847380.0,-206081.0,22
201500017939,15,7,31,1615,1,1,1,1,7,22056,M,4837182.0,-198572.0,22
201500017940,15,3,5,1645,1,1,1,1,7,22269,M,4867244.0,-322538.0,22
201500017941,15,3,7,2100,4,2,7,1,6,22293,M,4865276.0,-310179.0,22
201500017942,15,6,9,1230,1,1,2,1,3,22095,M,4864345.0,-319053.0,22
201500017943,15,9,26,1530,1,2,2,1,3,22004,M,4863101.0,-330239.0,22
201500017944,15,10,17,1830,2,1,1,1,2,22212,M,4868235.0,-321236.0,22
201500017945,15,10,16,1400,1,1,1,1,7,22164,M,4859606.0,-332157.0,22
201500017946,15,5,26,1915,1,1,4,1,1,22320,M,4836421.0,-333195.0,22
201500017947,15,11,11,1345,1,1,1,1,6,22328,M,4840813.0,-338567.0,22
201500017948,15,11,18,1130,1,1,1,1,1,22135,M,4857928.0,-333490.0,22
201500017949,15,12,22,1200,1,1,1,3,7,22088,M,4839520.0,-320263.0,22