Num_Acc,an,mois,jour,hrmn,lum,agg,int,atm,col,com,gps,lat,long,dep
201500017950,15,8,24,1530,1,1,1,2,7,22158,M,4817233.0,-298320.0,22
201500017951,15,12,7,900,3,2,1,2,1,22313,M,4830996.0,-295405.0,22
201500017952,15,4,20,1900,1,1,1,1,3,22351,M,4829460.0,-351992.0,22
201500017953,15,4,26,1145,1,1,1,1,1,22344,M,4829838.0,-350260.0,22
201500017954,15,6,20,1545,1,1,1,1,7,22029,M,4835275.0,-308391.0,22
201500017955,15,7,13,800,1,1,1,2,6,22229,M,4827969.0,-328561.0,22
201500017956,15,1,16,1900,3,1,2,3,3,22238,M,4858273.0,-356663.0,22
201500017957,15,2,7,1915,3,1,2,1,1,22349,M,4870363.0,-355597.0,22
201500017958,15,2,16,1730,1,2,2,2,5,22194,M,4866221.0,-363218.0,22
201500017959,15,3,15,1345,1,1,1,1,6,22387,M,4865036.0,-342695.0,22
201500017960,15,4,4,345,3,1,3,2,3,22226,M,4870373.0,-349923.0,22
201500017961,15,4,11,1800,1,1,2,1,3,22226,M,4866607.0,-351161.0,22
201500017962,15,5,21,1415,1,1,3,1,3,22194,M,4866866.0,-359824.0,22
201500017963,15,6,9,1515,1,1,1,1,2,22387,M,4864918.0,-344636.0,22
201500017964,15,8,1,1900,1,2,3,1,3,22226,M,4867951.0,-352623.0,22
201500017965,15,8,12,1015,1,1,3,1,1,22226,M,4866605.0,-351158.0,22
201500017966,15,12,26,515,3,2,1,2,6,22194,M,4866922.0,-360806.0,22
201500017967,15,1,20,1810,5,1,2,2,3,22199,M,4878168.0,-318414.0,22
201500017968,15,2,19,1000,1,1,1,1,1,22028,M,4879069.0,-332087.0,22
201500017969,15,5,18,1945,1,2,1,1,2,22195,M,4884473.0,-313672.0,22
201500017970,15,6,21,1945,1,1,1,1,6,22111,M,4883774.0,-310454.0,22
201500017971,15,7,8,1330,1,1,1,2,1,22199,M,4878613.0,-314804.0,22
201500017972,15,9,18,1715,1,1,1,1,2,22347,M,4878373.0,-321257.0,22
201500017973,15,9,19,1145,1,1,1,1,3,22199,M,4879506.0,-313914.0,22
201500017974,15,9,26,1600,1,1,1,1,1,22034,M,4869381.0,-334899.0,22
201500017975,15,10,24,1715,1,1,6,1,7,22152,M,4877260.0,-323805.0,22
201500017976,15,1,24,730,1,1,1,1,7,68374,M,0.0,0.0,68
201500017977,15,3,2,1545,1,1,1,2,5,68374,M,4806410.0,724418.0,68
201500017978,15,3,23,1400,1,2,1,1,5,68134,M,4801663.0,731180.0,68
201500017979,15,7,14,945,1,1,1,1,7,68338,M,4808891.0,723752.0,68
201500017980,15,9,7,600,2,1,2,1,3,68096,M,4760972.0,735380.0,68
201500017981,15,5,26,1145,1,1,1,2,6,68152,M,4767201.0,724859.0,68
201500017982,15,2,5,1315,1,2,2,1,3,68195,M,4776155.0,728594.0,68
201500017983,15,2,28,815,1,1,2,1,6,68141,M,4771363.0,728480.0,68
201500017984,15,9,26,100,3,1,1,1,6,68195,M,4776027.0,726566.0,68
201500017985,15,5,31,1645,1,1,1,1,7,68094,M,4754219.0,743523.0,68
201500017986,15,6,13,1045,1,2,4,1,1,68094,M,4754967.0,744033.0,68
201500017987,15,6,24,1930,1,1,1,1,7,68120,M,4752189.0,748509.0,68
201500017988,15,7,10,1230,1,1,1,1,6,68168,M,4756856.0,741452.0,68
201500017989,15,12,15,745,5,2,1,1,6,68120,M,0.0,0.0,68
201500017990,15,5,22,1110,1,2,1,1,7,68266,M,4788768.0,735350.0,68
201500017991,15,5,14,1545,1,2,1,1,6,68046,M,4779432.0,702837.0,68
201500017992,15,7,2,245,5,2,1,1,6,68011,M,4776204.0,715026.0,68
201500017993,15,8,15,1445,1,1,1,1,6,68115,M,4775490.0,707533.0,68
201500017994,15,8,25,1015,1,1,1,1,6,34019,M,4375639.0,310343.0,34
201500017995,15,9,21,1345,1,1,1,1,1,34260,M,4365777.0,303711.0,34
201500017996,15,9,29,30,3,1,1,1,7,34144,M,0.0,0.0,34
201500017997,15,11,11,1645,1,1,1,7,2,34028,M,4361208.0,317704.0,34
201500017998,15,8,17,2315,3,1,1,1,6,34074,M,4345994.0,302511.0,34
201500017999,15,11,6,645,2,1,1,8,3,34084,M,4339759.0,318809.0,34
201500018000,15,2,8,245,3,1,1,1,6,34237,M,4350955.0,328955.0,34
201500018001,15,2,10,1745,1,1,1,1,1,34224,M,4345632.0,321984.0,34
201500018002,15,4,6,1845,1,1,1,1,3,34094,M,4343016.0,325312.0,34
201500018003,15,6,22,945,1,1,1,1,5,34300,M,4339667.0,332834.0,34
201500018004,15,1,18,1600,1,1,1,1,6,34193,M,4347375.0,286766.0,34
201500018005,15,4,5,1830,1,1,1,1,6,34086,M,4347876.0,266833.0,34
201500018006,15,9,4,1300,1,1,1,1,1,34072,M,4366480.0,333530.0,34
201500018007,15,9,20,2100,1,1,1,1,7,34142,M,4372271.0,326226.0,34
201500018008,15,3,8,1130,1,2,1,1,3,34079,M,0.0,0.0,34
201500018009,15,3,25,2200,3,1,1,1,1,34210,M,4359561.0,350053.0,34
201500018010,15,4,7,1015,1,1,1,1,1,34079,M,4360982.0,345731.0,34
201500018011,15,5,10,530,1,2,1,1,6,34281,M,4352971.0,350963.0,34
201500018012,15,6,11,845,1,1,1,1,3,34313,M,4357344.0,348205.0,34
201500018013,15,6,25,1815,1,1,1,1,1,34281,M,4353665.0,354932.0,34
201500018014,15,6,28,1345,1,1,1,1,1,34194,M,4351975.0,344914.0,34
201500018015,15,7,9,545,1,1,6,1,6,34079,M,4361498.0,345555.0,34
201500018016,15,9,8,1645,1,2,1,1,6,34079,M,4362714.0,343251.0,34
201500018017,15,9,17,1115,1,1,1,1,2,34210,M,4358586.0,350888.0,34
201500018018,15,9,25,1730,1,1,1,1,6,34079,M,0.0,0.0,34
201500018019,15,12,13,1515,1,1,1,1,6,34210,M,4360220.0,350220.0,34
201500018020,15,3,15,500,3,1,1,2,6,34114,M,4363744.0,353501.0,34
201500018021,15,4,9,1530,1,1,1,1,6,34114,M,4362551.0,360822.0,34
201500018022,15,8,8,230,5,2,1,1,6,34328,M,4358230.0,356258.0,34
201500018023,15,12,11,1400,1,1,1,1,5,34286,M,4373972.0,345663.0,34
201500018024,15,12,15,1215,1,2,1,1,3,34114,M,4365552.0,355009.0,34
201500018025,15,3,5,1505,1,2,1,1,6,15014,M,,,15
201500018026,15,3,20,2030,5,2,1,1,6,15014,M,4491231.0,243703.0,15
201500018027,15,4,14,940,1,2,6,1,3,15014,M,4491670.0,241667.0,15
201500018028,15,6,15,1525,1,1,1,1,3,15012,M,4489907.0,245015.0,15
201500018029,15,7,5,445,5,2,1,1,6,15012,M,4490014.0,245966.0,15
201500018030,15,7,10,707,1,1,1,7,6,15012,M,4488190.0,243005.0,15
201500018031,15,7,13,1920,1,1,1,1,1,15012,M,0.0,0.0,15
201500018032,15,7,23,2315,5,2,1,1,6,15014,M,4491790.0,243102.0,15
201500018033,15,8,6,1150,1,2,1,1,2,15014,M,,,15
201500018034,15,9,13,1450,1,2,2,3,3,15014,M,,,15
201500018035,15,10,20,1120,1,2,3,1,6,15014,M,,,15
201500018036,15,12,29,1425,1,2,1,1,6,15014,M,,,15
201500018037,15,6,10,900,1,1,1,1,3,34332,M,4331896.0,342788.0,34
201500018038,15,9,11,1830,1,1,1,1,5,34113,M,4348990.0,370390.0,34
201500018039,15,9,11,2145,3,1,6,1,6,34088,M,4356363.0,372990.0,34
201500018040,15,9,16,1330,1,2,9,1,3,34113,M,4349972.0,371433.0,34
201500018041,15,4,27,930,1,2,1,2,6,34199,M,0.0,0.0,34
201500018042,15,4,27,2200,3,1,1,1,6,34289,M,0.0,0.0,34
201500018043,15,4,23,1730,1,1,1,1,3,34199,M,0.0,0.0,34
201500018044,15,6,5,2000,1,2,1,7,6,34162,M,4348074.0,347433.0,34
201500018045,15,6,8,1500,1,2,1,1,6,34009,M,4348015.0,336522.0,34
201500018046,15,6,22,1930,1,1,1,1,5,34009,M,4348234.0,336265.0,34
201500018047,15,8,5,1915,1,2,1,1,6,34009,M,4347084.0,334584.0,34
201500018048,15,8,24,930,1,1,1,1,7,34162,M,4348825.0,349322.0,34
201500018049,15,6,13,1845,1,1,1,2,3,86148,M,0.0,0.0,86
201500018050,15,8,28,1600,1,1,1,1,7,86105,M,0.0,0.0,86
201500018051,15,4,20,1845,1,1,1,1,6,86080,M,4644550.0,18304.0,86
201500018052,15,4,9,1445,1,2,1,1,4,86292,M,0.0,0.0,86
201500018053,15,4,14,1815,1,1,1,1,1,86144,M,4671170.0,5677.0,86
201500018054,15,4,23,815,1,1,1,1,7,86016,M,0.0,0.0,86
201500018055,15,4,29,1745,1,1,2,1,3,86073,M,4669526.0,4631.0,86
201500018056,15,5,7,2330,3,1,1,1,6,86160,M,0.0,0.0,86
201500018057,15,5,12,1100,1,1,1,1,2,86281,M,0.0,0.0,86
201500018058,15,6,23,1845,1,1,1,1,7,86030,M,0.0,0.0,86
201500018059,15,7,3,930,1,2,1,1,3,86016,M,0.0,0.0,86
201500018060,15,7,1,1645,1,2,6,1,6,86160,M,4677682.0,18726.0,86
201500018061,15,8,3,1915,1,1,9,1,1,86277,M,0.0,0.0,86
201500018062,15,8,31,1815,1,1,2,1,3,86002,M,0.0,0.0,86
201500018063,15,9,13,2000,2,1,2,1,3,86002,M,0.0,0.0,86
201500018064,15,11,29,500,3,1,1,1,6,86281,M,0.0,0.0,86
201500018065,15,12,3,730,2,1,1,5,1,86177,M,0.0,0.0,86
201500018066,15,12,24,1815,3,1,1,2,3,86030,M,0.0,0.0,86
201500018067,15,12,21,1130,1,2,1,7,1,86002,M,0.0,0.0,86
201500018068,15,12,30,1230,1,2,1,1,7,86177,M,4667989.0,24996.0,86
201500018069,15,3,7,1030,1,2,1,1,3,86183,M,0.0,0.0,86
201500018070,15,6,24,1600,1,1,1,1,6,86184,M,0.0,0.0,86
201500018071,15,3,30,530,3,2,1,2,6,86128,M,0.0,0.0,86
201500018072,15,4,29,1800,1,2,1,1,7,86221,M,4681549.0,38209.0,86
201500018073,15,5,26,1630,1,1,1,1,3,86257,M,0.0,0.0,86
201500018074,15,6,24,645,1,2,1,1,6,86183,M,4696641.0,60766.0,86
201500018075,15,2,16,2015,3,1,3,2,3,86049,M,0.0,0.0,86
201500018076,15,4,9,1715,1,1,1,1,4,86173,M,0.0,0.0,86
201500018077,15,4,11,2215,3,1,1,1,6,86210,M,0.0,0.0,86
201500018078,15,4,26,1100,1,1,1,3,3,86137,M,0.0,0.0,86
201500018079,15,6,30,1830,1,1,2,7,3,86009,M,0.0,0.0,86
201500018080,15,8,5,1100,1,2,1,1,1,86223,M,0.0,0.0,86
201500018081,15,9,27,630,3,1,1,1,1,86132,M,0.0,0.0,86
201500018082,15,8,4,2115,1,2,1,1,7,29189,M,4837849.0,-437281.0,29
201500018083,15,11,7,1130,1,1,2,2,1,29189,M,4837072.0,-440658.0,29
201500018084,15,2,7,1300,1,1,1,1,7,41097,M,4728200.0,164500.0,41
201500018085,15,4,13,1630,1,2,1,1,1,41044,M,4727200.0,191100.0,41
201500018086,15,5,1,1115,1,1,1,2,1,41016,M,4728800.0,153200.0,41
201500018087,15,7,19,1645,2,2,1,1,6,41135,M,4726980.0,186351.0,41
201500018088,15,7,24,1730,1,1,1,1,3,41242,M,4728648.0,156433.0,41
201500018089,15,8,7,1700,1,2,1,1,6,41016,M,4730793.0,153274.0,41
201500018090,15,10,28,1715,1,1,6,1,3,41185,M,4734596.0,172898.0,41
201500018091,15,11,14,230,4,1,1,1,3,41097,M,4731418.0,167232.0,41
201500018092,15,3,23,1915,2,2,1,1,6,41217,M,4733200.0,121600.0,41
201500018093,15,4,4,1445,1,1,1,8,3,41211,M,4732000.0,112600.0,41
201500018094,15,5,10,915,1,1,1,1,3,41045,M,4744900.0,117500.0,41
201500018095,15,5,19,745,1,2,1,7,6,41151,M,4734300.0,118400.0,41
201500018096,15,6,28,1915,1,1,1,1,2,41094,M,4744991.0,142607.0,41
201500018097,15,8,3,1600,1,2,1,1,3,41080,M,4732831.0,118595.0,41
201500018098,15,8,26,1845,1,1,1,1,6,41126,M,4726555.0,131922.0,41
201500018099,15,9,7,2215,3,2,8,1,1,41023,M,4734387.0,123962.0,41
201500018100,15,9,22,230,4,1,1,2,1,41145,M,4747881.0,129449.0,41
201500018101,15,9,27,2100,3,1,1,1,6,41258,M,4733049.0,129127.0,41
201500018102,15,9,29,1700,1,1,1,1,1,41180,M,4736622.0,121305.0,41
201500018103,15,10,11,530,5,2,1,1,6,41151,M,4734231.0,117459.0,41
201500018104,15,10,16,945,1,1,1,2,2,41164,M,4727206.0,143107.0,41
201500018105,15,10,23,145,5,2,1,2,6,41059,M,4742964.0,142793.0,41
201500018106,15,11,15,815,1,1,1,1,7,41180,M,4743625.0,121861.0,41
201500018107,15,11,14,100,3,1,1,1,6,41043,M,4727768.0,146235.0,41
201500018108,15,1,11,1100,1,1,1,1,6,41046,M,4764600.0,191000.0,41
201500018109,15,2,23,1930,3,1,1,1,7,41084,M,4747200.0,194400.0,41
201500018110,15,4,9,1400,1,1,1,1,6,41296,M,4760300.0,206100.0,41
201500018111,15,5,17,1830,1,2,1,1,6,41106,M,4760400.0,202500.0,41
201500018112,15,5,25,100,4,2,1,1,6,41285,M,4762300.0,175600.0,41
201500018113,15,5,26,1430,1,2,1,1,3,41249,M,4745900.0,218200.0,41
201500018114,15,6,14,2030,1,2,1,1,6,41232,M,4743203.0,205586.0,41
201500018115,15,7,12,530,2,1,1,1,6,41296,M,4762771.0,204584.0,41
201500018116,15,7,23,830,1,1,2,1,3,41152,M,4754294.0,166360.0,41
201500018117,15,7,24,1630,1,1,1,8,1,41232,M,4745067.0,204355.0,41
201500018118,15,7,26,2300,3,1,1,8,7,41297,M,4763452.0,186708.0,41
201500018119,15,7,29,715,1,1,2,1,3,41152,M,4754292.0,166366.0,41
201500018120,15,8,6,1515,1,2,1,1,6,41232,M,4742624.0,205253.0,41
201500018121,15,10,24,1745,1,1,1,8,6,41296,M,4766608.0,204888.0,41
201500018122,15,12,1,1800,3,1,1,1,1,41125,M,4747127.0,192515.0,41
201500018123,15,12,14,900,1,2,1,1,6,41106,M,4759256.0,203135.0,41
201500018124,15,12,18,1715,3,1,1,2,6,41251,M,4766028.0,221642.0,41
201500018125,15,3,6,1700,1,1,1,1,6,41143,M,4799600.0,88000.0,41
201500018126,15,4,9,1415,1,1,1,1,6,41075,M,4803300.0,109500.0,41
201500018127,15,5,6,1515,1,1,1,1,7,41175,M,4788800.0,117500.0,41
201500018128,15,5,10,1045,1,1,1,1,7,41005,M,4806800.0,95300.0,41
201500018129,15,5,22,1615,1,1,1,1,3,41053,M,4800000.0,92800.0,41
201500018130,15,7,16,1915,1,1,1,1,3,41073,M,4789158.0,104613.0,41
201500018131,15,8,8,430,2,1,1,1,6,41209,M,4783676.0,108666.0,41
201500018132,15,8,22,1815,1,1,2,7,3,41197,M,4805371.0,91924.0,41
201500018133,15,9,27,1630,1,1,1,1,3,41193,M,4795640.0,103760.0,41
201500018134,15,10,11,1400,1,2,1,1,1,41235,M,4792344.0,84647.0,41
201500018135,15,10,12,1030,1,2,1,1,5,41060,M,4797442.0,89196.0,41
201500018136,15,10,12,845,2,1,1,1,1,41275,M,4791244.0,107197.0,41
201500018137,15,10,19,1000,1,1,2,1,3,41186,M,4785697.0,104277.0,41
201500018138,15,4,16,1715,1,1,1,1,3,47004,M,4429620.0,33199.0,47
201500018139,15,6,9,315,3,1,1,1,6,47140,M,4427510.0,63004.0,47
201500018140,15,6,8,1715,1,1,2,1,3,47190,M,4434300.0,51363.0,47
201500018141,15,8,13,2115,1,1,1,1,6,47066,M,4424020.0,46656.0,47
201500018142,15,9,5,1745,1,2,3,1,1,47249,M,4424690.0,38994.0,47
201500018143,15,9,23,15,3,1,1,2,6,47140,M,4427950.0,63505.0,47
201500018144,15,10,11,1000,1,1,1,1,6,47125,M,,,47
201500018145,15,4,24,915,1,1,1,1,6,47217,M,0.0,0.0,47
201500018146,15,7,24,845,1,1,1,1,3,47025,M,4426890.0,91642.0,47
201500018147,15,2,14,1145,1,1,1,2,2,47301,M,4452970.0,29090.0,47
201500018148,15,8,3,1000,1,2,1,1,6,47168,M,4460080.0,36063.0,47
201500018149,15,9,23,1445,1,1,2,1,3,47086,M,4466880.0,18692.0,47
201500018150,15,9,24,745,2,2,2,1,1,47232,M,4452110.0,37764.0,47
201500018151,15,6,9,715,1,1,1,1,1,47285,M,4441790.0,12514.0,47
201500018152,15,6,24,2115,1,2,3,1,3,47310,M,4439100.0,30755.0,47
201500018153,15,8,22,1215,1,1,2,1,3,47046,M,4438270.0,23775.0,47
201500018154,15,9,30,1000,1,2,1,1,1,47285,M,4443710.0,11129.0,47
201500018155,15,2,18,2030,5,2,1,1,6,47143,M,4417820.0,29659.0,47
201500018156,15,8,23,1845,1,1,1,1,3,47058,M,0.0,0.0,47
201500018157,15,8,31,1630,1,1,1,3,1,47078,M,4429000.0,28385.0,47
201500018158,15,2,27,15,3,1,1,3,6,47124,M,0.0,0.0,47
201500018159,15,5,8,1915,1,1,1,1,7,47324,M,4463330.0,72827.0,47
201500018160,15,11,11,1116,1,1,8,1,3,47179,M,4450090.0,93946.0,47
201500018161,15,3,13,1630,1,2,1,1,2,47252,M,4439660.0,58308.0,47
201500018162,15,1,4,1345,1,1,1,8,4,12056,M,4427830.0,246262.0,12
201500018163,15,1,10,1640,1,2,1,2,6,12133,M,4429400.0,255893.0,12
201500018164,15,2,7,1415,1,1,1,1,1,12162,M,4431700.0,239437.0,12
201500018165,15,3,6,1920,3,1,3,1,5,12264,M,4441220.0,260559.0,12
201500018166,15,3,15,20,3,1,1,2,6,12090,M,4436950.0,249541.0,12
201500018167,15,4,21,745,1,2,1,1,3,12056,M,4427690.0,244744.0,12
201500018168,15,7,19,1635,1,1,1,1,1,12056,M,4428860.0,245275.0,12
201500018169,15,7,29,1140,1,2,1,1,6,12133,M,4429450.0,255887.0,12
201500018170,15,8,9,1230,1,1,1,8,1,12001,M,4434320.0,269771.0,12
201500018171,15,8,29,40,3,1,1,1,7,12264,M,4440390.0,258805.0,12
201500018172,15,9,26,1800,1,1,1,1,7,12185,M,4427490.0,275222.0,12
201500018173,15,9,27,350,3,1,1,1,1,12056,M,4427170.0,241368.0,12
201500018174,15,10,3,2130,3,1,1,1,6,12137,M,,,12
201500018175,15,10,6,1525,1,1,1,1,1,12297,M,4432700.0,269018.0,12
201500018176,15,10,13,1855,2,1,1,8,4,12102,M,4429570.0,260032.0,12
201500018177,15,5,2,1900,1,1,1,1,3,12254,M,4441290.0,255095.0,12
201500018178,15,5,14,1800,1,1,1,8,7,12254,M,4445080.0,247618.0,12
201500018179,15,6,13,1625,1,1,1,1,3,12142,M,4439920.0,236568.0,12
201500018180,15,6,20,2015,2,1,1,1,6,12138,M,4447470.0,245297.0,12
201500018181,15,7,2,1800,1,1,1,1,5,12288,M,4443070.0,244434.0,12
201500018182,15,7,3,1730,1,1,1,1,6,12218,M,4452420.0,239878.0,12
201500018183,15,8,26,1850,1,1,1,1,6,12223,M,4479300.0,272987.0,12
201500018184,15,3,17,920,1,1,3,1,1,12070,M,4416550.0,310165.0,12
201500018185,15,8,30,1235,1,1,1,1,3,12002,M,4414560.0,309878.0,12
201500018186,15,8,28,1850,1,1,1,1,7,12307,M,4418460.0,283273.0,12
201500018187,15,1,11,535,3,1,1,2,6,12208,M,4395260.0,292140.0,12
201500018188,15,1,28,1000,1,2,1,1,6,12208,M,4395760.0,288128.0,12
201500018189,15,3,1,1420,1,1,1,2,7,12129,M,4408110.0,270165.0,12
201500018190,15,5,5,800,2,1,1,1,6,12044,M,4380010.0,293208.0,12
201500018191,15,7,9,1445,1,1,1,1,1,12154,M,4388160.0,280638.0,12
201500018192,15,7,17,1700,1,1,1,1,6,12195,M,4387200.0,276302.0,12
201500018193,15,3,20,1530,1,1,1,1,2,12301,M,4442820.0,203810.0,12
201500018194,15,4,17,1700,1,1,1,2,6,12257,M,4455570.0,202515.0,12
201500018195,15,7,11,1700,1,2,2,1,3,49020,M,4747220.0,-61982.0,49
201500018196,15,6,26,315,3,1,1,1,6,49223,M,4738894.0,-54398.0,49
201500018197,15,11,4,1445,1,2,1,2,3,49120,M,4737744.0,-60248.0,49
201500018198,15,11,23,1215,1,1,1,1,1,49318,M,4736381.0,-44026.0,49
201500018199,15,7,23,1100,1,1,1,1,2,49042,M,4746501.0,-40124.0,49
201500018200,15,9,26,1815,1,1,1,1,5,49377,M,4753045.0,-41984.0,49
201500018201,15,10,30,2315,3,1,1,1,6,49323,M,4749917.0,-48949.0,49
201500018202,15,10,31,1500,1,1,1,7,1,49004,M,4746783.0,-37902.0,49
201500018203,15,1,19,1815,5,2,2,1,3,49212,M,4738617.0,-86183.0,49
201500018204,15,5,28,815,1,1,1,1,6,49295,M,4733459.0,-82634.0,49
201500018205,15,8,12,1715,1,1,1,1,1,49283,M,4743100.0,-77088.0,49
201500018206,15,5,10,1030,1,1,1,1,1,49083,M,4731205.0,-94084.0,49
201500018207,15,6,19,1330,1,2,1,1,1,49240,M,4706764.0,-63453.0,49
201500018208,15,6,25,2300,3,1,1,1,2,49373,M,4713783.0,-57457.0,49
201500018209,15,6,26,2145,2,2,1,1,3,49373,M,4714738.0,-53306.0,49
201500018210,15,10,17,1800,1,1,2,1,3,49232,M,4712330.0,-42900.0,49
201500018211,15,6,25,2300,3,1,1,1,7,49215,M,4710817.0,-8105.0,49
201500018212,15,10,19,1245,1,1,1,7,3,49215,M,4711382.0,-12271.0,49
201500018213,15,1,27,915,1,1,1,1,6,49077,M,4766840.0,-82168.0,49
201500018214,15,2,21,2300,3,1,1,1,1,49103,M,4771022.0,-100370.0,49
201500018215,15,3,17,945,1,1,1,1,1,49008,M,4759878.0,-99664.0,49
201500018216,15,5,2,2245,3,1,1,2,1,49248,M,4776954.0,-116466.0,49
201500018217,15,5,7,2330,5,2,1,1,6,49008,M,4757136.0,-97224.0,49
201500018218,15,5,27,900,1,1,1,1,1,49008,M,4761078.0,-97908.0,49
201500018219,15,9,3,2115,3,1,1,1,1,49061,M,4761597.0,-103697.0,49
201500018220,15,10,22,1615,1,1,1,1,7,49248,M,4774575.0,-120467.0,49
201500018221,15,10,28,1745,2,1,1,2,7,49061,M,4763246.0,-106558.0,49
201500018222,15,6,11,1745,1,2,1,1,3,49294,M,4748290.0,-68943.0,49
201500018223,15,6,17,1730,1,1,1,1,1,49294,M,4748823.0,-67056.0,49
201500018224,15,12,25,800,2,2,1,1,6,49249,M,4754738.0,-80866.0,49
201500018225,15,11,21,1200,1,2,1,2,6,49080,M,4767912.0,-48769.0,49
201500018226,15,12,18,1830,3,1,1,9,6,49051,M,4769976.0,-45407.0,49
201500018227,15,1,15,1915,5,2,1,2,6,55167,M,0.0,0.0,55
201500018228,15,1,3,2015,3,1,3,3,2,55008,M,4926609.0,566277.0,55
201500018229,15,2,12,2015,5,1,6,5,7,55198,M,4918800.0,506100.0,55
201500018230,15,10,7,2115,3,1,1,1,5,55063,M,0.0,0.0,55
201500018231,15,10,3,1715,1,2,1,1,7,55279,M,0.0,0.0,55
201500018232,15,7,7,1645,1,1,3,1,5,61213,M,4847656.0,-15250.0,61
201500018233,15,5,31,215,3,1,1,1,6,61166,M,4865487.0,37489.0,61
201500018234,15,6,28,1330,1,1,1,1,3,61301,M,4854568.0,16632.0,61
201500018235,15,7,12,600,2,1,1,1,7,61064,M,4864237.0,32188.0,61
201500018236,15,12,20,515,3,1,1,1,6,61417,M,4870427.0,2504.0,61
201500018237,15,8,25,930,1,1,2,1,3,61496,M,4874907.0,2227.0,61
201500018238,15,9,27,100,3,1,1,1,6,61179,M,4873845.0,-24693.0,61
201500018239,15,11,2,1830,3,1,1,1,6,61505,M,4879512.0,1272.0,61
201500018240,15,1,7,1145,1,1,1,8,7,61181,M,4880126.0,31010.0,61
201500018241,15,7,10,1845,1,1,2,1,5,61201,M,4860335.0,-6791.0,61
201500018242,15,9,1,1545,1,1,1,1,1,61324,M,4853163.0,-74116.0,61
201500018243,15,11,20,1800,3,1,3,8,3,61075,M,4851490.0,-64195.0,61
201500018244,15,7,1,1830,1,1,4,1,1,61069,M,4871921.0,-41456.0,61
201500018245,15,7,10,1615,1,1,1,1,1,61044,M,4884674.0,-50103.0,61
201500018246,15,6,19,630,2,1,2,1,1,61063,M,4871921.0,-41456.0,61
201500018247,15,10,9,1030,1,1,3,1,3,61063,M,4869002.0,-38125.0,61
201500018248,15,10,23,800,2,1,1,1,6,61186,M,4851388.0,-47618.0,61
201500018249,15,12,6,340,3,1,1,1,2,61439,M,4849374.0,-36528.0,61
201500018250,15,9,29,845,1,1,1,1,7,61476,M,4838686.0,41604.0,61
201500018251,15,3,7,2345,3,1,1,1,7,61422,M,4869600.0,63245.0,61
201500018252,15,3,7,1515,1,1,3,1,5,61440,M,4873073.0,64954.0,61
201500018253,15,6,6,1210,1,2,3,7,3,61342,M,4875429.0,58989.0,61
201500018254,15,10,19,2200,3,2,1,1,7,61423,M,4878883.0,67853.0,61
201500018255,15,12,14,1000,1,1,1,1,7,61456,M,4879414.0,63331.0,61
201500018256,15,6,6,1200,1,1,2,1,2,61409,M,4836492.0,65067.0,61
201500018257,15,7,18,615,3,1,1,1,6,61471,M,4839384.0,60542.0,61
201500018258,15,10,31,1515,1,1,4,1,3,61207,M,4831759.0,50465.0,61
201500018259,15,1,21,1215,1,2,1,1,6,80533,M,5006148.0,140607.0,80
201500018260,15,1,26,1645,1,1,1,1,6,76644,M,5000548.0,137114.0,76
201500018261,15,4,21,930,1,2,1,7,2,76255,M,5004917.0,140625.0,76
201500018262,15,5,19,1715,1,2,1,1,6,76255,M,5004778.0,141486.0,76
201500018263,15,6,28,1745,1,1,2,1,3,76374,M,5000250.0,151590.0,76
201500018264,15,8,15,1500,1,2,1,1,3,76207,M,4995991.0,139951.0,76
201500018265,15,8,24,1500,1,1,1,1,6,76704,M,4995070.0,124814.0,76
201500018266,15,8,28,1930,1,2,1,1,3,76255,M,5005483.0,142308.0,76
201500018267,15,8,28,1500,1,2,1,1,1,80533,M,5006287.0,140203.0,80
201500018268,15,8,30,1700,1,2,1,1,7,76711,M,5005106.0,136742.0,76
201500018269,15,10,1,900,1,2,1,1,6,76711,M,5005975.0,137654.0,76
201500018270,15,10,2,1430,1,2,1,1,6,76255,M,5003352.0,139820.0,76
201500018271,15,11,29,130,3,2,1,1,6,80533,M,5006425.0,138526.0,80
201500018272,15,12,9,1745,3,1,1,1,5,76192,M,5002217.0,132547.0,76
201500018273,15,12,16,1215,1,2,1,2,1,76255,M,5003875.0,142355.0,76
201500018274,15,5,20,1915,1,1,1,1,3,76591,M,4944660.0,120288.0,76
201500018275,15,5,23,1715,1,1,1,1,1,76673,M,4946165.0,126058.0,76
201500018276,15,6,27,1045,1,1,1,1,6,76248,M,4958013.0,127645.0,76
201500018277,15,8,2,1430,1,1,1,1,6,76560,M,4942160.0,117361.0,76
201500018278,15,10,27,1100,1,1,2,1,3,76248,M,4958641.0,134065.0,76
201500018279,15,5,29,1130,1,1,1,1,1,63395,M,0.0,0.0,63
201500018280,15,11,2,1815,2,1,1,1,1,63302,M,4570600.0,314700.0,63
201500018281,15,11,30,215,3,2,1,1,6,63188,M,4566719.0,325845.0,63