Num_Acc,an,mois,jour,hrmn,lum,agg,int,atm,col,com,gps,lat,long,dep
201500018282,15,8,7,545,2,2,2,1,1,63003,M,4554937.0,373960.0,63
201500018283,15,8,8,1830,1,1,1,2,6,63003,M,0.0,0.0,63
201500018284,15,12,16,1330,1,2,1,8,1,63003,M,4555570.0,373000.0,63
201500018285,15,12,20,1015,1,2,1,8,7,63003,M,4555037.0,374453.0,63
201500018286,15,10,17,1445,1,1,1,8,3,63086,M,4565600.0,363000.0,63
201500018287,15,10,22,1430,1,1,1,2,6,63258,M,4568300.0,363000.0,63
201500018288,15,2,4,1915,3,1,1,4,1,63172,M,0.0,0.0,63
201500018289,15,2,7,2330,3,2,1,9,3,63234,M,4558653.0,309861.0,63
201500018290,15,2,28,1030,1,2,9,1,6,63178,M,4553820.0,325060.0,63
201500018291,15,3,7,2045,5,2,3,1,3,63178,M,4554456.0,324682.0,63
201500018292,15,5,21,1545,1,1,1,1,1,63422,M,0.0,0.0,63
201500018293,15,5,23,2230,3,1,1,1,6,63054,M,0.0,0.0,63
201500018294,15,5,18,745,1,2,1,1,6,63178,M,4555150.0,325330.0,63
201500018295,15,6,17,2030,2,1,1,1,1,63234,M,0.0,0.0,63
201500018296,15,6,28,1715,1,1,1,1,7,63380,M,0.0,0.0,63
201500018297,15,9,7,30,3,1,1,1,7,63178,M,4555146.0,327537.0,63
201500018298,15,9,22,1030,1,1,1,1,6,63275,M,4555300.0,317860.0,63
201500018299,15,12,4,1830,5,2,1,1,1,63275,M,0.0,0.0,63
201500018300,15,8,31,1630,1,1,1,1,7,63352,M,4545500.0,319600.0,63
201500018301,15,9,9,800,1,2,1,1,2,63052,M,4546770.0,326430.0,63
201500018302,15,9,17,2230,3,1,1,2,7,63009,M,4542000.0,316800.0,63
201500018303,15,4,30,745,1,2,1,1,6,63047,M,4559300.0,274400.0,63
201500018304,15,5,21,930,1,1,1,1,7,63236,M,0.0,0.0,63
201500018305,15,9,26,1130,1,1,1,1,1,63236,M,4559800.0,283300.0,63
201500018306,15,7,20,900,1,1,4,1,1,63148,M,4590300.0,321600.0,63
201500018307,15,3,25,1515,1,1,1,1,7,63283,M,0.0,0.0,63
201500018308,15,4,12,1815,1,1,1,1,6,63460,M,4595300.0,265100.0,63
201500018309,15,5,27,1430,1,1,1,1,2,63170,M,4584317.0,354990.0,63
201500018310,15,9,4,1830,1,1,1,1,6,63283,M,0.0,0.0,63
201500018311,15,11,27,1,3,1,1,1,7,63381,M,4586500.0,289800.0,63
201500018312,15,3,12,1900,3,1,1,8,7,63130,M,0.0,0.0,63
201500018313,15,9,5,2015,2,2,9,1,3,63338,M,4616274.0,284077.0,63
201500018314,15,11,3,930,1,2,6,1,2,63338,M,0.0,0.0,63
201500018315,15,6,8,1900,1,2,1,1,6,63072,M,4587934.0,369496.0,63
201500018316,15,1,8,1845,5,2,1,1,6,63195,M,4582940.0,338120.0,63
201500018317,15,2,27,1800,2,1,1,1,1,63125,M,0.0,0.0,63
201500018318,15,7,23,1115,1,2,1,1,6,63195,M,4582730.0,337930.0,63
201500018319,15,8,30,1600,1,1,1,1,6,63016,M,4571400.0,359200.0,63
201500018320,15,12,4,1445,1,1,1,1,6,63265,M,0.0,0.0,63
201500018321,15,10,27,1400,1,2,1,1,7,63291,M,4596170.0,347910.0,63
201500018322,15,12,24,2300,3,1,1,1,6,63210,M,4592300.0,334900.0,63
201500018323,15,6,10,1815,1,1,9,1,6,89117,M,4767711.0,346718.0,89
201500018324,15,7,15,1700,1,1,1,1,6,89237,M,4758622.0,365516.0,89
201500018325,15,9,15,1200,1,1,1,1,6,89252,M,4765858.0,347260.0,89
201500018326,15,12,22,1200,1,2,1,1,3,89119,M,4752743.0,354147.0,89
201500018327,15,1,23,1330,1,1,1,1,1,89263,M,4783954.0,355146.0,89
201500018328,15,5,25,1,5,2,1,1,6,89227,M,4789988.0,376156.0,89
201500018329,15,5,30,2330,3,1,1,1,6,89002,M,4772115.0,387592.0,89
201500018330,15,6,3,2045,1,1,1,1,3,89263,M,4786446.0,357906.0,89
201500018331,15,4,26,15,3,1,1,1,6,89061,M,4799209.0,383064.0,89
201500018332,15,6,10,1830,1,2,1,7,3,89292,M,4796111.0,382403.0,89
201500018333,15,6,25,1830,1,2,1,1,6,89345,M,4800259.0,371980.0,89
201500018334,15,8,11,1445,1,1,1,1,7,89345,M,4801089.0,375118.0,89
201500018335,15,12,20,1915,3,1,1,1,1,89345,M,4801288.0,375336.0,89
201500018336,15,3,15,430,5,2,6,1,6,89025,M,4749358.0,390275.0,89
201500018337,15,3,24,1300,1,1,1,1,1,89145,M,4742708.0,383892.0,89
201500018338,15,8,22,100,3,1,1,1,6,89176,M,4741720.0,373383.0,89
201500018339,15,9,13,2330,3,1,1,2,1,89021,M,4747356.0,375651.0,89
201500018340,15,12,27,1730,5,2,1,1,6,89025,M,4749198.0,390978.0,89
201500018341,15,4,30,1800,1,1,1,2,3,89279,M,4769230.0,402134.0,89
201500018342,15,1,19,1900,3,1,3,4,5,89138,M,4793605.0,307948.0,89
201500018343,15,4,16,1715,1,1,1,1,3,89003,M,4786857.0,331122.0,89
201500018344,15,4,21,1045,1,1,1,1,2,89317,M,4788754.0,312232.0,89
201500018345,15,4,22,1630,1,1,1,1,2,89384,M,4791419.0,334741.0,89
201500018346,15,6,30,1200,1,1,2,1,3,89304,M,4782916.0,341773.0,89
201500018347,15,8,7,1200,1,2,1,1,6,89473,M,0.0,0.0,89
201500018348,15,8,25,1230,1,1,1,1,7,89294,M,4785819.0,315996.0,89
201500018349,15,10,2,2015,3,1,1,1,1,89384,M,4792818.0,336705.0,89
201500018350,15,2,1,700,3,1,1,2,6,89298,M,4805625.0,313513.0,89
201500018351,15,10,16,930,1,1,1,1,3,71264,M,0.0,0.0,71
201500018352,15,11,20,1430,1,2,1,1,6,71137,M,0.0,0.0,71
201500018353,15,2,20,2045,3,1,1,1,6,71543,M,0.0,0.0,71
201500018354,15,12,8,1100,1,2,1,1,7,71543,M,4656086.0,491010.0,71
201500018355,15,2,13,2230,3,1,1,3,6,71493,M,0.0,0.0,71
201500018356,15,2,16,845,1,2,1,5,3,71190,M,4698678.0,452719.0,71
201500018357,15,2,26,745,1,1,1,1,1,71530,M,4698942.0,448395.0,71
201500018358,15,3,11,1330,1,2,9,7,3,71014,M,4695188.0,429214.0,71
201500018359,15,3,27,830,1,2,1,1,1,71014,M,4696616.0,429405.0,71
201500018360,15,4,19,145,3,2,1,1,6,71530,M,4700591.0,446767.0,71
201500018361,15,5,10,1615,1,1,1,1,3,71020,M,4710121.0,434010.0,71
201500018362,15,5,15,2045,2,1,1,1,1,71184,M,4701744.0,432756.0,71
201500018363,15,6,9,1745,1,2,1,1,3,71014,M,4695017.0,429875.0,71
201500018364,15,6,15,745,1,1,1,3,6,71493,M,0.0,0.0,71
201500018365,15,7,9,615,2,1,1,1,7,71527,M,0.0,0.0,71
201500018366,15,7,12,1145,1,1,1,1,7,71266,M,4706727.0,424947.0,71
201500018367,15,8,29,2145,4,2,1,1,1,71014,M,4695283.0,429427.0,71
201500018368,15,9,22,1915,2,1,1,1,7,71493,M,0.0,0.0,71
201500018369,15,10,9,2215,5,2,1,1,6,71368,M,0.0,0.0,71
201500018370,15,11,20,1345,1,2,2,3,6,71014,M,4695283.0,429427.0,71
201500018371,15,12,9,1430,1,1,1,1,3,71009,M,0.0,0.0,71
201500018372,15,9,30,1515,1,2,1,1,6,71347,M,0.0,0.0,71
201500018373,15,11,14,1945,3,1,1,1,4,71073,M,4684225.0,481387.0,71
201500018374,15,6,4,1830,1,1,1,1,3,71482,M,4684655.0,432025.0,71
201500018375,15,7,11,600,1,1,1,1,1,71310,M,0.0,0.0,71
201500018376,15,8,12,1715,1,1,1,1,1,71413,M,0.0,0.0,71
201500018377,15,8,21,1700,1,1,1,1,1,71412,M,0.0,0.0,71
201500018378,15,9,1,1915,1,1,1,1,2,71310,M,0.0,0.0,71
201500018379,15,10,4,730,2,1,1,5,1,71282,M,0.0,0.0,71
201500018380,15,2,12,1930,3,1,1,1,1,71433,M,0.0,0.0,71
201500018381,15,6,12,800,1,1,1,2,6,71268,M,0.0,0.0,71
201500018382,15,6,17,800,1,2,1,7,6,71564,M,4644140.0,433770.0,71
201500018383,15,7,21,1645,1,1,1,1,1,71021,M,4649881.0,429669.0,71
201500018384,15,7,25,830,1,1,1,6,6,71106,M,0.0,0.0,71
201500018385,15,8,21,1215,1,1,1,1,5,71106,M,0.0,0.0,71
201500018386,15,6,27,1800,1,2,4,1,1,71041,M,0.0,0.0,71
201500018387,15,1,14,1715,5,2,1,1,6,71263,M,4662993.0,522110.0,71
201500018388,15,4,14,730,1,2,1,1,6,71157,M,4649852.0,538944.0,71
201500018389,15,5,17,1915,1,1,1,1,3,71558,M,4648212.0,524247.0,71
201500018390,15,7,12,1715,1,2,1,1,3,71263,M,4661973.0,522733.0,71
201500018391,15,7,31,1900,1,2,1,1,6,71379,M,0.0,0.0,71
201500018392,15,8,5,1915,1,1,1,1,7,71379,M,4660373.0,531195.0,71
201500018393,15,10,2,1500,1,1,1,1,3,71303,M,4667080.0,527088.0,71
201500018394,15,10,20,815,3,1,1,1,4,71558,M,4649189.0,524344.0,71
201500018395,15,8,28,1200,1,2,1,1,2,71158,M,0.0,0.0,71
201500018396,15,11,8,145,3,1,1,1,6,71410,M,0.0,0.0,71
201500018397,15,7,10,1315,1,1,1,1,6,71295,M,4681400.0,521000.0,71
201500018398,15,10,24,1850,3,2,1,1,6,11059,M,4316072.0,211314.0,11
201500018399,15,2,7,1600,1,1,1,1,7,11262,M,4318139.0,306284.0,11
201500018400,15,2,28,1530,1,2,1,1,6,71294,M,4683209.0,472452.0,71
201500018401,15,9,18,1100,1,1,1,1,1,32244,M,4367420.0,-9309.0,32
201500018402,15,10,20,1630,1,1,2,1,2,32414,M,4369360.0,-6804.0,32
201500018403,15,3,28,1330,1,1,1,2,7,81125,M,0.0,0.0,81
201500018404,15,5,12,1015,1,2,1,1,6,81099,M,0.0,0.0,81
201500018405,15,10,31,915,1,1,1,1,6,81099,M,0.0,0.0,81
201500018406,15,2,21,1445,1,2,1,1,1,81220,M,0.0,0.0,81
201500018407,15,2,21,1115,1,2,1,1,6,81220,M,0.0,0.0,81
201500018408,15,3,8,1445,1,1,1,1,7,81055,M,4342400.0,208599.0,81
201500018409,15,3,9,845,1,2,1,1,3,81289,M,4355800.0,211600.0,81
201500018410,15,12,2,1015,1,2,9,1,6,81120,M,4352000.0,227000.0,81
201500018411,15,12,9,1445,1,1,1,1,6,81307,M,0.0,0.0,81
201500018412,15,12,29,1045,1,1,1,1,6,81235,M,4354600.0,221100.0,81
201500018413,15,4,22,830,1,2,9,1,6,69088,M,,,69
201500018414,15,12,27,1145,1,1,1,7,6,69002,M,4628200.0,443200.0,69
201500018415,15,2,6,1945,5,2,1,1,1,69084,M,4618880.0,470031.0,69
201500018416,15,2,16,15,5,2,1,8,6,69018,M,0.0,0.0,69
201500018417,15,4,17,2230,3,1,1,2,7,69104,M,4624150.0,466943.0,69
201500018418,15,4,20,1130,1,1,1,1,1,69196,M,4615870.0,454966.0,69
201500018419,15,4,22,1115,1,2,9,1,1,69018,M,0.0,0.0,69
201500018420,15,5,1,900,1,2,2,3,3,69103,M,0.0,0.0,69
201500018421,15,6,4,1400,1,1,1,1,7,69108,M,4617500.0,474800.0,69
201500018422,15,6,6,1730,1,1,1,1,3,69108,M,0.0,0.0,69
201500018423,15,6,19,1900,1,1,1,1,1,69108,M,4616960.0,470831.0,69
201500018424,15,6,20,1215,1,1,1,1,6,69018,M,4614550.0,457708.0,69
201500018425,15,7,24,130,3,1,1,1,7,69258,M,0.0,0.0,69
201500018426,15,8,13,1615,1,1,1,8,1,69012,M,0.0,0.0,69
201500018427,15,11,28,1600,2,1,1,1,6,69267,M,0.0,0.0,69
201500018428,15,12,13,2145,3,1,2,1,3,69165,M,4614700.0,463000.0,69
201500018429,15,3,6,1738,1,2,6,7,6,69025,M,,,69
201500018430,15,4,15,715,1,1,1,1,6,69248,M,0.0,0.0,69
201500018431,15,2,23,2030,5,2,1,2,6,33084,M,4472865.0,-45939.0,33
201500018432,15,3,17,845,1,2,1,1,6,33311,M,4468111.0,-36283.0,33
201500018433,15,6,14,300,3,1,1,1,6,33534,M,4471600.0,-39395.0,33
201500018434,15,12,3,815,1,1,1,5,3,33140,M,4475112.0,-33264.0,33
201500018435,15,12,8,1100,2,2,1,1,3,33226,M,0.0,0.0,33
201500018436,15,1,1,430,3,1,1,1,6,33011,M,4478090.0,-114118.0,33
201500018437,15,10,22,1145,1,2,1,2,1,33011,M,4477150.0,-113572.0,33
201500018438,15,10,25,1745,1,2,2,1,3,33382,M,4519390.0,-45780.0,33
201500018439,15,12,20,830,2,1,1,1,6,33233,M,4514287.0,-38356.0,33
201500018440,15,7,9,1800,1,1,2,1,3,33036,M,0.0,0.0,33
201500018441,15,8,31,1630,1,1,1,2,1,33271,M,4438943.0,-9719.0,33
201500018442,15,12,17,700,2,1,1,1,7,33239,M,4431755.0,-16369.0,33
201500018443,15,5,4,1045,1,1,1,1,1,33399,M,4466474.0,-13221.0,33
201500018444,15,6,29,1100,1,1,1,1,7,33506,M,4472604.0,-10463.0,33
201500018445,15,10,13,815,1,2,1,1,6,33202,M,4449091.0,-63399.0,33
201500018446,15,7,13,815,1,1,1,1,7,33214,M,0.0,0.0,33
201500018447,15,8,27,1200,1,2,4,1,3,33214,M,4498517.0,-108068.0,33
201500018448,15,12,8,915,1,2,1,1,6,33097,M,4504241.0,-105854.0,33
201500018449,15,6,19,1630,1,1,2,1,3,33424,M,4515751.0,-84215.0,33
201500018450,15,4,26,330,3,1,1,1,6,33521,M,4547970.0,-104965.0,33
201500018451,15,7,11,1200,1,1,2,1,1,33193,M,4541622.0,-112944.0,33
201500018452,15,7,15,420,5,2,2,1,3,33540,M,4538030.0,-115452.0,33
201500018453,15,8,6,1615,1,1,2,1,3,33490,M,4542016.0,-103833.0,33
201500018454,15,8,19,1615,1,1,1,1,3,33544,M,0.0,0.0,33
201500018455,15,10,20,1345,1,2,1,1,7,33538,M,4539314.0,-88918.0,33
201500018456,15,11,8,1300,1,1,3,1,6,33544,M,4553570.0,-109901.0,33
201500018457,15,3,28,2130,2,2,1,1,6,33485,M,4483840.0,-14633.0,33
201500018458,15,4,23,715,1,1,1,2,1,33394,M,0.0,0.0,33
201500018459,15,7,22,645,1,2,1,2,2,33437,M,0.0,0.0,33
201500018460,15,10,4,2145,5,2,1,1,6,33108,M,4485671.0,-3405.0,33
201500018461,15,10,20,1815,2,1,2,1,3,33394,M,0.0,0.0,33
201500018462,15,10,23,730,3,1,1,1,1,33342,M,4490900.0,-6900.0,33
201500018463,15,1,20,1515,1,1,1,5,6,33369,M,4480960.0,21880.0,33
201500018464,15,5,23,2345,3,1,1,1,6,33319,M,4481241.0,7466.0,33
201500018465,15,10,30,515,3,1,2,1,3,65126,M,4327650.0,43979.0,65
201500018466,15,10,15,1015,1,1,1,1,6,65174,M,4349150.0,3696.0,65
201500018467,15,10,16,530,3,1,1,1,6,65007,M,4332480.0,6935.0,65
201500018468,15,11,7,1730,1,1,1,1,2,65460,M,4335150.0,22677.0,65
201500018469,15,7,15,1900,1,1,1,1,2,65362,M,4295900.0,-7849.0,65
201500018470,15,8,14,1400,1,1,1,1,2,65077,M,4297880.0,-6935.0,65
201500018471,15,8,27,1545,1,1,1,1,7,65001,M,4297073.0,-7471.0,65
201500018472,15,8,8,1645,1,1,1,2,1,65140,M,4288920.0,37905.0,65
201500018473,15,3,16,1045,1,2,1,1,4,41139,M,4725100.0,150900.0,41
201500018474,15,7,25,1430,1,1,1,1,7,41217,M,4730003.0,119906.0,41
201500018475,15,10,8,445,3,1,1,1,2,41132,M,4732350.0,146888.0,41
201500018476,15,10,8,1730,1,1,1,1,7,41181,M,4729318.0,127195.0,41
201500018477,15,10,18,1515,1,1,1,1,7,41185,M,4733870.0,166308.0,41
201500018478,15,5,28,1230,1,2,1,1,6,82007,M,0.0,0.0,82
201500018479,15,7,14,745,1,1,1,1,2,82148,M,0.0,0.0,82
201500018480,15,10,7,1645,1,1,1,1,6,82076,M,0.0,0.0,82
201500018481,15,10,8,830,1,1,1,1,6,82087,M,0.0,0.0,82
201500018482,15,5,27,1015,1,2,1,1,1,82017,M,4388330.0,125392.0,82
201500018483,15,9,9,1530,1,2,1,1,6,82088,M,0.0,0.0,82
201500018484,15,1,21,1845,3,1,1,1,6,82180,M,4389300.0,103499.0,82
201500018485,15,4,23,1445,1,2,1,8,6,82143,M,0.0,0.0,82
201500018486,15,5,18,1215,1,2,9,1,3,82013,M,4387660.0,99646.0,82
201500018487,15,7,9,600,2,1,1,1,6,82193,M,4389792.0,103993.0,82
201500018488,15,12,8,1000,1,1,1,8,7,82053,M,0.0,0.0,82
201500018489,15,6,3,1645,1,1,1,1,7,82112,M,0.0,0.0,82
201500018490,15,6,23,2300,3,1,1,1,6,82112,M,4414215.0,119768.0,82
201500018491,15,10,27,1845,3,1,1,1,6,82169,M,0.0,0.0,82
201500018492,15,11,3,2245,3,1,1,1,6,82112,M,0.0,0.0,82
201500018493,15,2,6,1030,1,1,2,6,1,80774,M,4988369.0,254851.0,80
201500018494,15,10,16,1645,1,2,1,1,1,80799,M,4986326.0,252277.0,80
201500018495,15,11,6,145,3,1,1,2,6,80426,M,4996470.0,252107.0,80
201500018496,15,11,10,1030,1,2,1,1,2,80212,M,4991298.0,249663.0,80
201500018497,15,11,20,115,5,2,1,1,6,80507,M,4985159.0,257303.0,80
201500018498,15,2,14,2145,5,2,1,1,6,80587,M,4992320.0,166873.0,80
201500018499,15,3,28,2215,5,2,1,8,7,80484,M,4985233.0,182515.0,80
201500018500,15,4,3,2300,3,1,1,2,7,80062,M,4983068.0,177859.0,80
201500018501,15,4,28,1700,1,2,1,1,3,80655,M,4995467.0,199050.0,80
201500018502,15,5,3,1930,1,1,1,1,7,80651,M,0.0,0.0,80
201500018503,15,5,21,815,1,1,2,1,3,80800,M,4987640.0,181826.0,80
201500018504,15,5,22,1830,1,1,1,1,3,80013,M,4996473.0,193336.0,80
201500018505,15,6,26,1545,1,1,1,1,3,80062,M,4983231.0,178061.0,80
201500018506,15,10,7,1430,1,1,1,8,3,80361,M,4991710.0,179990.0,80
201500018507,15,11,26,1300,1,1,1,1,6,80443,M,4987470.0,195181.0,80
201500018508,15,4,27,1430,1,1,1,1,3,80225,M,4983613.0,216196.0,80
201500018509,15,5,6,1345,1,1,1,6,7,80050,M,4982789.0,218394.0,80
201500018510,15,5,20,800,1,1,1,2,3,80357,M,4985075.0,206627.0,80
201500018511,15,6,28,1745,1,2,1,1,7,80627,M,4981370.0,222114.0,80
201500018512,15,7,14,1930,1,1,1,1,7,80630,M,4978267.0,200260.0,80
201500018513,15,8,15,150,3,1,1,8,7,80455,M,4977048.0,196562.0,80
201500018514,15,8,26,1830,1,1,1,3,2,80227,M,4978768.0,198080.0,80
201500018515,15,11,17,1600,1,1,1,2,3,80227,M,4979339.0,197781.0,80
201500018516,15,12,4,1200,1,1,2,1,3,80218,M,4980644.0,205365.0,80
201500018517,15,10,21,1045,1,2,6,8,6,80597,M,5010022.0,158841.0,80
201500018518,15,4,11,930,1,1,1,1,3,80782,M,4997261.0,226990.0,80
201500018519,15,4,24,1615,1,1,2,1,5,80024,M,4995193.0,223835.0,80
201500018520,15,6,5,1015,1,2,1,1,6,80634,M,4993892.0,244033.0,80
201500018521,15,6,20,1230,1,1,1,1,6,80773,M,5002230.0,249286.0,80
201500018522,15,6,20,1530,1,1,1,1,7,80092,M,4996866.0,230033.0,80
201500018523,15,7,4,1830,1,2,1,1,1,80011,M,4992196.0,221098.0,80
201500018524,15,10,17,400,3,1,1,8,6,80622,M,4994100.0,211231.0,80
201500018525,15,1,3,1845,3,1,1,3,6,80406,M,4999837.0,189654.0,80
201500018526,15,1,27,1945,3,1,1,1,1,80163,M,5010330.0,176176.0,80
201500018527,15,2,13,1530,1,2,1,1,1,80488,M,5001755.0,199018.0,80
201500018528,15,3,13,1845,1,1,2,1,3,80078,M,5010024.0,191783.0,80
201500018529,15,3,20,1100,1,1,1,1,1,80009,M,5007969.0,198521.0,80
201500018530,15,4,5,1715,1,2,1,1,3,80446,M,5002665.0,176964.0,80
201500018531,15,8,1,1930,1,1,1,7,1,80245,M,5014555.0,208264.0,80
201500018532,15,8,2,2015,1,2,1,1,6,80196,M,4998210.0,182407.0,80
201500018533,15,8,8,2345,3,1,2,1,3,80779,M,5009150.0,187915.0,80
201500018534,15,8,13,1145,1,1,1,1,5,80260,M,5013715.0,183999.0,80
201500018535,15,8,16,2135,1,2,1,1,6,80282,M,5005225.0,188493.0,80
201500018536,15,8,22,1245,1,1,1,1,7,80546,M,5010057.0,172562.0,80
201500018537,15,8,22,1200,1,1,1,1,6,80135,M,5005083.0,186587.0,80
201500018538,15,9,25,1715,1,2,1,1,1,80171,M,5013136.0,188712.0,80
201500018539,15,10,22,1445,1,1,1,1,1,80546,M,5009362.0,171365.0,80
201500018540,15,10,23,1845,5,2,1,1,6,80262,M,5006121.0,188711.0,80
201500018541,15,1,25,1545,1,1,1,1,6,80373,M,4998287.0,158409.0,80
201500018542,15,3,2,700,2,2,1,1,1,80360,M,5007133.0,157111.0,80
201500018543,15,3,4,1530,1,1,1,1,5,80362,M,4998055.0,164136.0,80
201500018544,15,4,27,1530,1,1,1,1,6,80760,M,4998177.0,159938.0,80
201500018545,15,4,29,715,2,1,1,1,1,80360,M,5006107.0,156784.0,80
201500018546,15,5,23,130,5,2,1,1,6,80368,M,5009100.0,154511.0,80
201500018547,15,5,23,1200,1,1,1,1,4,80714,M,5006403.0,148066.0,80
201500018548,15,5,31,815,1,2,2,2,1,80190,M,5005662.0,165152.0,80
201500018549,15,6,7,1645,1,2,1,1,3,80464,M,5015909.0,155559.0,80
201500018550,15,6,19,1500,1,1,1,1,3,80527,M,5006523.0,150058.0,80
201500018551,15,6,22,1500,1,1,1,2,1,80126,M,4995228.0,160445.0,80
201500018552,15,7,2,1745,1,1,1,1,6,80126,M,4996240.0,159091.0,80
201500018553,15,7,12,1530,1,2,3,2,3,80368,M,5007521.0,155220.0,80
201500018554,15,8,6,1245,1,1,1,1,2,80721,M,5017287.0,164490.0,80
201500018555,15,8,29,1700,1,2,1,1,3,80500,M,5001587.0,161623.0,80
201500018556,15,9,3,715,1,2,1,2,6,80360,M,5006717.0,157032.0,80
201500018557,15,9,5,1900,1,2,2,1,3,80235,M,5004414.0,152446.0,80
201500018558,15,9,19,515,3,2,1,2,6,80362,M,5000989.0,164223.0,80
201500018559,15,9,23,1845,1,1,1,1,2,80368,M,5009553.0,156756.0,80
201500018560,15,10,15,2115,5,2,1,2,3,80360,M,5006730.0,157399.0,80
201500018561,15,11,6,1930,2,1,1,8,1,80126,M,4994309.0,164194.0,80
201500018562,15,11,9,1700,2,1,1,7,2,80368,M,5009578.0,156841.0,80
201500018563,15,11,11,1300,1,1,9,1,7,80190,M,5005100.0,164059.0,80
201500018564,15,11,22,1330,1,1,2,1,3,80775,M,5007678.0,160995.0,80
201500018565,15,12,11,1715,5,2,1,3,6,80373,M,4998604.0,155676.0,80
201500018566,15,12,19,1430,1,2,1,1,3,80265,M,5003033.0,154432.0,80
201500018567,15,1,22,1545,1,1,8,1,1,80600,M,5019901.0,170561.0,80
201500018568,15,3,1,2000,3,1,1,2,7,80589,M,5022253.0,203057.0,80
201500018569,15,4,1,1715,1,1,1,6,7,80548,M,5014952.0,189874.0,80
201500018570,15,4,9,1945,1,1,1,1,6,80810,M,5025216.0,206833.0,80
201500018571,15,4,29,1545,1,1,1,1,6,80580,M,5034788.0,175184.0,80
201500018572,15,5,12,2015,1,1,1,1,6,80248,M,5028164.0,190579.0,80
201500018573,15,6,11,1630,1,1,1,1,5,80109,M,5026004.0,197174.0,80
201500018574,15,7,12,1945,1,2,1,1,6,80030,M,5027852.0,171964.0,80
201500018575,15,8,10,1500,1,2,1,1,1,80763,M,5018896.0,180027.0,80
201500018576,15,8,21,1445,1,1,1,1,1,80222,M,5023279.0,185279.0,80
201500018577,15,8,23,1045,1,1,1,2,1,80228,M,5022212.0,163269.0,80
201500018578,15,8,24,1500,1,2,1,3,1,80109,M,5026988.0,198467.0,80
201500018579,15,8,25,1315,1,1,1,8,6,80688,M,5028743.0,165244.0,80
201500018580,15,8,29,1900,1,2,1,1,3,80333,M,5033863.0,156616.0,80
201500018581,15,9,8,1630,1,1,1,1,1,80600,M,5016584.0,172524.0,80
201500018582,15,9,14,1215,1,1,1,2,1,80590,M,5016523.0,186199.0,80
201500018583,15,9,20,1900,1,1,1,1,2,80149,M,5015648.0,181760.0,80
201500018584,15,10,6,1930,3,1,1,3,7,80590,M,5016504.0,189562.0,80
201500018585,15,10,20,730,2,1,1,8,6,80222,M,5021813.0,183743.0,80
201500018586,15,11,21,2215,5,2,1,8,6,80109,M,5026866.0,198339.0,80
201500018587,15,12,22,1200,1,1,2,1,3,80590,M,5017277.0,186761.0,80
201500018588,15,12,26,100,3,1,1,1,6,80600,M,5019566.0,173512.0,80
201500018589,15,3,1,1730,1,1,1,1,1,80420,M,5002966.0,250422.0,80
201500018590,15,3,8,1815,1,1,1,1,6,80776,M,5005538.0,253553.0,80
201500018591,15,4,29,1845,1,2,1,2,7,80253,M,5015177.0,234079.0,80
201500018592,15,5,9,2025,1,2,1,1,6,80614,M,5017040.0,226137.0,80
201500018593,15,6,18,815,1,1,1,2,3,80431,M,5003071.0,239385.0,80
201500018594,15,10,30,1445,1,1,2,1,3,80659,M,5008222.0,242657.0,80
201500018595,15,2,21,15,5,2,1,1,6,80310,M,5012101.0,222840.0,80
201500018596,15,5,11,845,1,1,1,1,1,80089,M,5009289.0,215905.0,80
201500018597,15,5,23,130,5,1,1,1,6,80318,M,5000886.0,207440.0,80
201500018598,15,8,14,945,1,1,1,1,1,80742,M,5006369.0,208923.0,80
201500018599,15,10,5,1830,1,2,1,2,6,80318,M,5001436.0,208137.0,80
201500018600,15,10,8,1015,1,2,1,1,2,80093,M,5004671.0,214461.0,80
201500018601,15,10,11,1615,1,1,2,1,3,80381,M,5010470.0,218705.0,80
201500018602,15,11,18,1500,1,1,1,6,3,80093,M,5003570.0,215469.0,80
201500018603,15,11,20,15,3,1,1,3,6,80381,M,5011722.0,218143.0,80
201500018604,15,1,14,1445,1,2,9,1,6,80561,M,4964659.0,258738.0,80
201500018605,15,3,17,1745,1,1,2,1,5,80685,M,4968424.0,278929.0,80
201500018606,15,4,18,1745,1,1,2,1,1,80685,M,4969657.0,280653.0,80
201500018607,15,5,6,1415,1,2,1,1,1,80678,M,4959008.0,265510.0,80
201500018608,15,6,29,1515,1,2,1,7,5,80685,M,4971353.0,279546.0,80
201500018609,15,7,6,1130,1,2,1,1,3,80293,M,4966875.0,260202.0,80
201500018610,15,7,12,2045,2,1,1,1,1,80561,M,4965955.0,256603.0,80
201500018611,15,7,23,815,1,1,9,1,2,80561,M,4965870.0,258407.0,80
201500018612,15,8,5,1700,1,1,1,1,6,80685,M,4968765.0,280292.0,80
201500018613,15,8,9,1945,1,1,1,1,6,80759,M,4964560.0,275162.0,80
201500018614,15,8,16,2200,5,2,1,1,6,80685,M,4969973.0,276566.0,80
201500018615,15,9,10,1730,1,1,1,1,1,80561,M,4965890.0,258479.0,80