Num_Acc,an,mois,jour,hrmn,lum,agg,int,atm,col,com,gps,lat,long,dep
201500018616,15,10,6,1745,1,1,1,8,7,80074,M,4969238.0,263221.0,80
201500018617,15,11,5,1745,2,2,1,1,3,80561,M,4964620.0,257260.0,80
201500018618,15,3,13,2145,1,1,1,1,6,80064,M,4979709.0,260382.0,80
201500018619,15,4,2,700,2,1,1,2,2,80652,M,4977820.0,259916.0,80
201500018620,15,6,11,1545,1,1,1,1,4,80571,M,4976609.0,246497.0,80
201500018621,15,6,26,45,5,2,6,1,1,80570,M,4978173.0,247908.0,80
201500018622,15,7,2,100,5,2,1,1,6,80452,M,4975850.0,235301.0,80
201500018623,15,7,29,1330,1,1,1,1,1,80237,M,4982494.0,253608.0,80
201500018624,15,8,2,1715,1,2,1,1,2,80570,M,4976587.0,247434.0,80
201500018625,15,8,17,1545,1,1,1,1,1,80094,M,4981819.0,246054.0,80
201500018626,15,10,10,1330,1,2,1,8,5,80571,M,4976960.0,247201.0,80
201500018627,15,11,6,1800,2,2,1,1,5,80010,M,4975570.0,236216.0,80
201500018628,15,11,12,1745,2,1,1,1,3,80031,M,4975214.0,265972.0,80
201500018629,15,11,25,1745,2,1,1,2,7,80321,M,4968450.0,236059.0,80
201500018630,15,12,17,1745,5,2,9,2,6,80570,M,4977315.0,248735.0,80
201500018631,15,12,24,2345,3,1,1,1,3,80681,M,4976517.0,241663.0,80
201500018632,15,12,27,915,3,1,1,1,3,80652,M,4976943.0,261966.0,80
201500018633,15,2,27,1130,1,1,1,1,1,80747,M,4996539.0,303223.0,80
201500018634,15,3,6,1745,1,2,1,1,1,80204,M,5000893.0,286855.0,80
201500018635,15,4,20,930,3,2,1,1,7,80275,M,5003610.0,301736.0,80
201500018636,15,5,11,745,1,1,1,1,6,80175,M,4998304.0,274512.0,80
201500018637,15,8,7,2245,2,1,1,1,1,80677,M,4995058.0,311944.0,80
201500018638,15,11,28,1930,3,1,1,6,1,80240,M,4992199.0,296209.0,80
201500018639,15,12,1,1145,1,1,1,2,1,80054,M,4990613.0,290505.0,80
201500018640,15,1,27,1645,1,1,2,1,3,80572,M,4993638.0,264256.0,80
201500018641,15,2,23,1215,1,1,1,1,2,80417,M,4985166.0,265856.0,80
201500018642,15,4,14,1500,1,1,3,1,1,80186,M,4980393.0,281145.0,80
201500018643,15,6,30,2115,1,1,1,1,2,80058,M,4987274.0,265652.0,80
201500018644,15,7,30,1700,1,1,2,1,4,80647,M,4978821.0,283162.0,80
201500018645,15,8,16,1915,1,1,1,1,6,80781,M,4984733.0,268819.0,80
201500018646,15,10,14,430,3,1,2,1,3,80617,M,4974688.0,274663.0,80
201500018647,15,10,24,645,3,1,1,1,3,80781,M,4984281.0,269470.0,80
201500018648,15,11,16,1345,1,1,1,1,1,80186,M,4982370.0,279067.0,80
201500018649,15,11,19,1900,3,1,1,2,3,80058,M,4987242.0,263612.0,80
201500018650,15,11,30,2000,5,1,1,2,6,80288,M,4986524.0,283061.0,80
201500018651,15,12,16,1330,1,1,1,8,3,80353,M,4985623.0,287948.0,80
201500018652,15,1,11,315,5,2,1,1,6,80410,M,4974054.0,307427.0,80
201500018653,15,1,23,2130,3,1,1,1,6,80410,M,4975691.0,306101.0,80
201500018654,15,1,25,500,3,1,1,9,6,80474,M,4981758.0,289787.0,80
201500018655,15,1,30,900,1,2,1,4,6,80410,M,4975141.0,306699.0,80
201500018656,15,3,6,1230,1,2,1,1,3,80579,M,4972987.0,306736.0,80
201500018657,15,4,16,900,1,2,1,1,6,80811,M,4977192.0,298272.0,80
201500018658,15,9,13,1815,1,2,1,2,1,80410,M,4974292.0,308272.0,80
201500018659,15,9,25,1500,1,1,2,1,3,80442,M,4974194.0,301755.0,80
201500018660,15,10,14,1700,1,1,1,3,1,80684,M,4975580.0,294971.0,80
201500018661,15,1,17,115,3,1,1,2,7,60547,M,4933586.0,249691.0,60
201500018662,15,1,31,815,2,1,1,9,6,60102,M,4930806.0,253983.0,60
201500018663,15,6,17,1730,1,2,1,1,7,60587,M,4933482.0,260427.0,60
201500018664,15,7,15,2000,1,1,1,1,1,60539,M,4929746.0,251891.0,60
201500018665,15,9,16,1315,1,1,1,2,6,60562,M,4936649.0,255737.0,60
201500018666,15,9,16,900,1,1,1,1,7,19274,M,4519080.0,148601.0,19
201500018667,15,5,30,500,2,2,1,1,6,20346,M,0.0,0.0,202
201500018668,15,8,17,1430,1,1,1,1,2,20318,M,0.0,0.0,202
201500018669,15,7,3,1430,1,1,1,1,7,20121,M,4240100.0,869200.0,202
201500018670,15,11,30,645,2,1,1,1,7,20050,M,4255300.0,878900.0,202
201500018671,15,12,18,1000,1,1,1,1,2,20050,M,0.0,0.0,202
201500018672,15,5,30,1015,1,1,1,1,6,20168,M,0.0,0.0,202
201500018673,15,3,22,1030,1,1,1,2,3,20342,M,0.0,0.0,202
201500018674,15,5,13,1345,1,2,1,1,6,20342,M,0.0,0.0,202
201500018675,15,5,29,1600,1,2,1,1,3,20123,M,0.0,0.0,202
201500018676,15,12,17,2100,3,1,1,1,6,20251,M,0.0,0.0,202
201500018677,15,1,20,1500,1,2,6,1,3,31541,M,4367283.0,136660.0,31
201500018678,15,6,8,830,1,1,1,1,3,31150,M,4365783.0,133849.0,31
201500018679,15,8,25,1515,1,2,1,1,6,31351,M,4366929.0,128035.0,31
201500018680,15,9,4,1545,1,2,2,1,1,31150,M,0.0,0.0,31
201500018681,15,9,17,845,1,1,1,2,5,31541,M,0.0,0.0,31
201500018682,15,10,31,130,3,1,1,1,1,31351,M,0.0,0.0,31
201500018683,15,12,11,1730,2,2,1,1,6,31541,M,4368234.0,136604.0,31
201500018684,15,4,27,1430,1,1,1,8,1,20048,M,0.0,0.0,201
201500018685,15,6,20,1600,1,1,1,8,6,20258,M,4220659.0,880237.0,201
201500018686,15,5,12,1430,1,1,3,1,2,20017,M,4199286.0,876316.0,201
201500018687,15,1,31,900,4,1,1,1,1,20163,M,0.0,0.0,201
201500018688,15,2,10,930,1,1,1,1,7,20139,M,4165970.0,931629.0,201
201500018689,15,10,26,1245,1,1,1,2,1,20139,M,4166614.0,930659.0,201
201500018690,15,12,22,1700,2,1,1,1,6,20092,M,0.0,0.0,201
201500018691,15,4,11,1600,1,1,1,1,7,20064,M,4184909.0,896856.0,201
201500018692,15,5,1,1700,1,2,1,1,3,20026,M,4187600.0,900400.0,201
201500018693,15,1,22,2115,3,1,1,1,6,79086,M,4641880.0,-33285.0,79
201500018694,15,4,12,1700,1,1,1,1,3,79101,M,4648033.0,-57951.0,79
201500018695,15,6,5,2245,3,1,1,1,7,79032,M,4646970.0,-51598.0,79
201500018696,15,6,20,1236,1,1,1,1,1,79066,M,4646614.0,-37051.0,79
201500018697,15,6,20,1615,1,1,2,1,7,79133,M,4644321.0,-40456.0,79
201500018698,15,9,14,2300,3,1,1,2,6,79109,M,4624506.0,-3262.0,79
201500018699,15,10,1,800,1,2,1,7,7,79320,M,4646373.0,-46165.0,79
201500018700,15,12,5,215,3,1,1,1,6,79086,M,4642829.0,-31933.0,79
201500018701,15,1,8,745,5,1,1,1,6,79031,M,4618324.0,-47393.0,79
201500018702,15,3,4,1915,2,1,1,1,3,79355,M,4630949.0,-36149.0,79
201500018703,15,4,3,1315,1,1,4,1,2,79033,M,4612450.0,-49374.0,79
201500018704,15,4,16,1620,1,2,2,1,3,79003,M,4627070.0,-44704.0,79
201500018705,15,4,21,715,1,1,1,1,6,79170,M,4618240.0,-63370.0,79
201500018706,15,5,30,2215,3,1,1,1,7,79034,M,4629242.0,-51070.0,79
201500018707,15,7,11,2215,3,1,1,1,6,79334,M,4616814.0,-55805.0,79
201500018708,15,7,25,1515,1,1,1,1,1,79298,M,4624695.0,-49340.0,79
201500018709,15,10,24,1500,1,1,1,1,6,79130,M,4627070.0,-52763.0,79
201500018710,15,12,4,730,2,1,1,8,2,79130,M,4625131.0,-55329.0,79
201500018711,15,12,8,915,1,2,1,1,6,79130,M,4625438.0,-53981.0,79
201500018712,15,12,11,2130,3,1,1,1,6,79130,M,4624331.0,-57221.0,79
201500018713,15,1,26,1625,1,1,1,1,6,79030,M,4625829.0,-16100.0,79
201500018714,15,4,26,905,1,1,1,8,6,79264,M,4622656.0,-8334.0,79
201500018715,15,6,25,2115,1,1,1,1,1,79217,M,4631297.0,-19665.0,79
201500018716,15,7,4,1915,1,2,1,1,6,79174,M,4622566.0,-14440.0,79
201500018717,15,7,9,945,1,2,6,1,3,79174,M,4623519.0,-15069.0,79
201500018718,15,8,2,345,5,2,1,1,6,79057,M,4615366.0,-22806.0,79
201500018719,15,10,14,1115,1,1,2,1,3,79126,M,4616778.0,-36337.0,79
201500018720,15,10,18,20,3,1,1,1,6,79111,M,4610418.0,-26503.0,79
201500018721,15,1,11,626,4,1,1,1,6,79048,M,4637477.0,-28115.0,79
201500018722,15,3,8,1200,1,1,2,1,4,79319,M,4634001.0,-15758.0,79
201500018723,15,3,10,1230,1,1,1,1,6,79023,M,4637656.0,-891.0,79
201500018724,15,4,5,1540,1,1,1,1,7,79184,M,4634960.0,-12949.0,79
201500018725,15,4,26,550,3,1,1,8,7,79319,M,4637274.0,-18313.0,79
201500018726,15,6,6,2110,1,2,1,1,3,79048,M,4636352.0,-29728.0,79
201500018727,15,6,30,1030,1,1,1,1,1,79246,M,4639407.0,-14813.0,79
201500018728,15,9,12,830,1,1,1,8,4,79189,M,4642279.0,-16636.0,79
201500018729,15,10,14,1500,1,2,1,1,6,79270,M,4661401.0,-23151.0,79
201500018730,15,10,31,1920,3,1,2,1,3,79319,M,4634002.0,-15760.0,79
201500018731,15,1,18,645,3,1,1,1,6,79261,M,4675968.0,-62160.0,79
201500018732,15,1,17,1045,1,2,2,1,4,79079,M,4691869.0,-74368.0,79
201500018733,15,3,14,1630,1,1,1,1,7,79183,M,4683252.0,-73376.0,79
201500018734,15,4,15,930,1,1,1,1,1,79103,M,4679073.0,-6121.0,79
201500018735,15,5,23,1230,1,2,3,1,3,79079,M,4692240.0,-74383.0,79
201500018736,15,8,21,1100,1,2,3,1,1,79195,M,0.0,0.0,79
201500018737,15,10,24,1930,5,2,6,1,3,79079,M,4691791.0,-74853.0,79
201500018738,15,10,25,800,2,1,1,1,7,79103,M,4678850.0,-60801.0,79
201500018739,15,12,17,1730,5,2,9,1,6,79195,M,4694782.0,-59432.0,79
201500018740,15,1,5,745,2,1,2,5,3,79161,M,4694300.0,-20359.0,79
201500018741,15,2,8,1215,1,1,2,6,3,79244,M,4702879.0,-14917.0,79
201500018742,15,2,22,115,3,2,1,1,6,79265,M,4699111.0,-13887.0,79
201500018743,15,7,9,1545,1,1,1,1,5,79134,M,4685599.0,-20879.0,79
201500018744,15,8,28,2130,3,1,2,1,3,79277,M,4709792.0,-16884.0,79
201500018745,15,11,15,1610,1,1,8,1,3,79171,M,4693212.0,-26744.0,79
201500018746,15,11,16,1735,3,1,1,2,2,79299,M,4689614.0,-19267.0,79
201500018747,15,11,29,130,3,2,1,2,7,79013,M,4698591.0,-44592.0,79
201500018748,15,12,5,1030,1,1,1,1,1,79132,M,4705068.0,-41655.0,79
201500018749,15,12,6,1130,1,1,1,1,7,79265,M,4700854.0,-16043.0,79
201500018750,15,12,23,1735,5,2,1,1,6,79043,M,4707589.0,-26888.0,79
201500018751,15,12,30,530,3,1,1,1,6,79157,M,4702305.0,-19699.0,79
201500018752,15,1,6,1320,1,1,4,1,2,79347,M,4669451.0,-27566.0,79
201500018753,15,7,9,905,1,1,3,1,3,79347,M,4668100.0,22066.0,79
201500018754,15,2,15,1920,3,1,1,1,6,79345,M,4652054.0,-30666.0,79
201500018755,15,4,10,500,3,1,1,1,5,79008,M,4674104.0,-30336.0,79
201500018756,15,6,1,1725,1,2,1,1,6,79202,M,4664218.0,-26038.0,79
201500018757,15,6,5,1215,1,1,5,1,3,79339,M,4659660.0,-4183.0,79
201500018758,15,7,6,740,1,1,4,1,7,79339,M,4660542.0,-2201.0,79
201500018759,15,7,9,1745,1,1,1,1,7,79202,M,4664737.0,-21031.0,79
201500018760,15,10,16,1600,1,1,1,1,3,79213,M,4661401.0,-23151.0,79
201500018761,15,10,31,1700,1,1,2,1,3,79092,M,4649704.0,-17767.0,79
201500018762,15,11,24,2115,3,1,1,1,6,79322,M,4663865.0,-28054.0,79
201500018763,15,3,28,1600,1,1,1,1,7,79167,M,4686343.0,-1853.0,79
201500018764,15,3,30,2030,2,1,1,1,7,79005,M,4683310.0,-12364.0,79
201500018765,15,4,26,700,2,1,1,3,6,79208,M,4664855.0,-18858.0,79
201500018766,15,6,30,830,1,2,1,1,1,79260,M,4687888.0,-5021.0,79
201500018767,15,9,5,1700,1,1,1,1,1,79120,M,4666024.0,-7239.0,79
201500018768,15,10,19,1645,1,1,1,1,1,79208,M,4664834.0,-19329.0,79
201500018769,15,11,25,1815,3,2,1,2,6,79022,M,4685469.0,-14309.0,79
201500018770,15,3,5,1430,1,1,1,1,6,79342,M,4663470.0,-52366.0,79
201500018771,15,7,10,1000,1,1,2,1,3,79342,M,4658250.0,-52358.0,79
201500018772,15,8,8,1545,1,2,1,1,6,79311,M,4660924.0,-42427.0,79
201500018773,15,10,8,30,3,1,1,1,6,79179,M,4674768.0,-61422.0,79
201500018774,15,12,13,2000,3,1,1,1,6,79069,M,4678175.0,-47834.0,79
201500018775,15,1,23,1745,1,1,2,1,3,76517,M,4952215.0,113623.0,76
201500018776,15,4,19,1815,1,2,2,1,3,76452,M,4955364.0,107456.0,76
201500018777,15,8,19,1200,1,2,6,1,3,76377,M,4949798.0,115177.0,76
201500018778,15,3,25,815,1,2,1,1,1,76482,M,4985594.0,102138.0,76
201500018779,15,7,5,1900,1,1,1,1,7,76136,M,4981963.0,94050.0,76
201500018780,15,7,10,830,1,2,2,7,3,76136,M,4981449.0,95068.0,76
201500018781,15,7,25,1915,1,1,4,1,1,76034,M,4972429.0,109239.0,76
201500018782,15,7,21,2015,1,1,2,1,3,76321,M,4977474.0,122193.0,76
201500018783,15,10,18,1345,1,1,1,1,7,76700,M,4968171.0,103311.0,76
201500018784,15,12,27,1915,3,2,1,1,6,76018,M,4970878.0,96482.0,76
201500018785,15,1,11,1800,3,1,1,6,2,76470,M,4968260.0,59697.0,76
201500018786,15,1,12,1445,1,1,1,1,6,76607,M,4967443.0,59530.0,76
201500018787,15,2,22,1045,1,2,1,1,6,76593,M,4957193.0,41890.0,76
201500018788,15,4,14,1530,1,1,1,7,1,76525,M,4964052.0,62199.0,76
201500018789,15,9,26,1000,1,1,1,1,1,76471,M,4947728.0,62576.0,76
201500018790,15,12,29,1245,1,2,3,1,1,76258,M,4965339.0,59977.0,76
201500018791,15,9,26,1230,1,2,2,1,3,76454,M,4974919.0,155151.0,76
201500018792,15,5,5,2245,3,1,1,1,6,76101,M,4990383.0,160929.0,76
201500018793,15,5,21,1645,1,1,1,1,6,76612,M,4983198.0,166820.0,76
201500018794,15,8,5,1630,1,1,1,1,3,76527,M,4980152.0,165717.0,76
201500018795,15,10,7,2030,5,2,1,1,6,76035,M,4976554.0,175577.0,76
201500018796,15,9,27,2015,2,1,1,1,6,76621,M,4964685.0,130093.0,76
201500018797,15,9,21,645,3,1,2,1,3,76631,M,4951471.0,86154.0,76
201500018798,15,11,12,815,1,1,2,2,3,76559,M,4957920.0,62832.0,76
201500018799,15,12,4,1800,3,1,6,1,6,76088,M,4947062.0,88944.0,76
201500018800,15,7,25,445,3,1,1,2,6,76325,M,4966144.0,83144.0,76
201500018801,15,9,13,30,5,2,2,1,3,76219,M,4972144.0,78345.0,76
201500018802,15,9,19,1530,1,2,2,1,1,76542,M,4973005.0,74461.0,76
201500018803,15,10,18,1800,1,1,1,2,1,76325,M,4965884.0,83314.0,76
201500018804,15,1,11,1615,1,1,1,6,6,76695,M,4966314.0,51420.0,76
201500018805,15,1,29,1815,5,2,1,2,6,67448,M,0.0,0.0,67
201500018806,15,3,23,2100,3,1,1,1,1,67414,M,0.0,0.0,67
201500018807,15,4,17,1230,1,1,1,8,6,67076,M,0.0,0.0,67
201500018808,15,5,9,1015,1,2,1,1,3,67448,M,0.0,0.0,67
201500018809,15,5,13,1015,1,2,1,1,2,67414,M,0.0,0.0,67
201500018810,15,6,12,900,1,1,1,1,6,67059,M,0.0,0.0,67
201500018811,15,7,1,1030,1,1,1,7,1,67306,M,0.0,0.0,67
201500018812,15,7,6,115,4,2,1,1,6,67424,M,0.0,0.0,67
201500018813,15,8,20,100,3,1,1,1,7,67325,M,0.0,0.0,67
201500018814,15,8,21,1930,1,1,1,1,3,67027,M,0.0,0.0,67
201500018815,15,11,28,2030,5,2,1,1,6,67342,M,0.0,0.0,67
201500018816,15,6,14,1445,1,1,1,1,7,67013,M,0.0,0.0,67
201500018817,15,6,21,230,3,2,1,1,7,67105,M,0.0,0.0,67
201500018818,15,10,5,145,5,2,1,1,6,67088,M,0.0,0.0,67
201500018819,15,10,10,1515,1,1,1,1,6,67401,M,0.0,0.0,67
201500018820,15,6,7,2200,3,1,1,1,2,67019,M,0.0,0.0,67
201500018821,15,5,21,1515,1,1,6,1,3,67443,M,0.0,0.0,67
201500018822,15,8,9,1600,1,1,1,1,7,67069,M,4891800.0,803299.0,67
201500018823,15,12,7,1900,3,1,1,1,6,78505,M,0.0,0.0,78
201500018824,15,7,12,1530,1,2,1,1,3,77011,M,4821988.0,260575.0,77
201500018825,15,9,2,1630,1,1,1,1,7,77297,M,0.0,0.0,77
201500018826,15,9,3,1730,1,1,1,1,6,77045,M,0.0,0.0,77
201500018827,15,4,18,2045,2,1,1,1,7,77263,M,4847142.0,318464.0,77
201500018828,15,5,10,1015,1,2,1,1,6,77051,M,4841480.0,323398.0,77
201500018829,15,5,21,1530,1,1,2,1,3,77452,M,4847591.0,314617.0,77
201500018830,15,8,15,1545,1,1,1,1,6,77311,M,0.0,0.0,77
201500018831,15,10,3,1800,1,1,1,1,1,77311,M,0.0,0.0,77
201500018832,15,5,10,2345,5,1,1,1,6,74299,M,0.0,0.0,74
201500018833,15,7,5,510,4,1,1,1,6,74198,M,0.0,0.0,74
201500018834,15,7,26,645,1,1,1,1,6,74137,M,0.0,0.0,74
201500018835,15,8,20,1715,1,2,1,1,1,74137,M,0.0,0.0,74
201500018836,15,9,29,1730,1,2,6,1,1,74011,M,0.0,0.0,74
201500018837,15,10,7,1230,1,1,1,8,1,74011,M,0.0,0.0,74
201500018838,15,10,20,1445,1,2,9,1,6,74011,M,0.0,0.0,74
201500018839,15,9,6,1030,1,1,4,1,3,74097,M,0.0,0.0,74
201500018840,15,3,22,1200,1,2,1,1,6,74278,M,4607400.0,655100.0,74
201500018841,15,4,18,1115,1,1,1,1,1,74174,M,0.0,0.0,74
201500018842,15,4,20,1715,1,1,1,1,2,74311,M,0.0,0.0,74
201500018843,15,6,1,1715,1,1,1,1,1,74205,M,0.0,0.0,74
201500018844,15,7,9,915,1,2,2,1,3,74164,M,0.0,0.0,74
201500018845,15,7,14,530,1,2,1,1,6,74241,M,0.0,0.0,74
201500018846,15,7,18,2020,1,1,1,1,7,74312,M,0.0,0.0,74
201500018847,15,7,21,800,1,2,1,1,3,74205,M,0.0,0.0,74
201500018848,15,8,30,1645,1,2,1,1,3,74164,M,,,74
201500018849,15,10,28,1545,1,1,1,2,1,74311,M,0.0,0.0,74
201500018850,15,6,13,1400,1,2,6,1,3,74183,M,0.0,0.0,74
201500018851,15,8,1,245,3,1,1,1,7,74183,M,0.0,0.0,74
201500018852,15,1,19,1900,1,2,3,4,1,74128,M,0.0,0.0,74
201500018853,15,3,21,1300,1,1,1,2,1,74162,M,0.0,0.0,74
201500018854,15,5,6,645,2,2,1,1,1,74229,M,0.0,0.0,74
201500018855,15,6,1,1800,1,1,3,1,1,74128,M,4615200.0,634000.0,74
201500018856,15,8,8,100,5,2,4,1,6,74128,M,0.0,0.0,74
201500018857,15,9,25,1630,1,2,2,1,3,74211,M,0.0,0.0,74
201500018858,15,9,26,2030,3,1,1,1,6,74211,M,0.0,0.0,74
201500018859,15,10,15,1800,1,2,1,2,1,74211,M,0.0,0.0,74
201500018860,15,10,24,1930,2,1,1,1,6,74262,M,0.0,0.0,74
201500018861,15,11,5,815,1,1,1,1,3,74128,M,0.0,0.0,74
201500018862,15,7,16,830,1,2,1,1,6,74096,M,0.0,0.0,74
201500018863,15,9,26,1845,2,1,1,1,7,74259,M,0.0,0.0,74
201500018864,15,2,17,1915,3,1,3,8,5,74109,M,0.0,0.0,74
201500018865,15,11,9,630,3,1,1,1,1,74100,M,0.0,0.0,74
201500018866,15,12,9,1815,3,1,1,1,2,74178,M,0.0,0.0,74
201500018867,15,6,26,800,1,1,3,1,3,74050,M,4621900.0,643400.0,74
201500018868,15,8,6,1440,1,1,1,1,5,74236,M,0.0,0.0,74
201500018869,15,3,17,1000,1,2,4,7,3,74208,M,0.0,0.0,74
201500018870,15,8,18,400,4,2,6,1,7,74103,M,0.0,0.0,74
201500018871,15,4,26,1530,1,2,1,1,6,59666,M,0.0,0.0,59
201500018872,15,2,18,1700,1,1,1,1,6,25427,M,4727700.0,588800.0,25
201500018873,15,2,22,1545,1,2,1,1,6,25326,M,4724000.0,577800.0,25
201500018874,15,4,11,1715,1,1,1,1,5,25212,M,0.0,0.0,25
201500018875,15,4,20,1015,1,2,3,1,3,25371,M,4724500.0,587000.0,25
201500018876,15,5,2,1645,1,1,1,2,3,25133,M,4731400.0,599400.0,25
201500018877,15,6,18,1845,1,1,1,3,3,25133,M,4731800.0,599700.0,25
201500018878,15,7,26,1800,1,1,1,2,5,25482,M,0.0,0.0,25
201500018879,15,8,29,2145,3,2,1,1,7,25225,M,4723613.0,574369.0,25
201500018880,15,8,31,1215,1,2,1,1,2,25212,M,0.0,0.0,25
201500018881,15,9,20,1745,1,1,1,1,1,25035,M,4732500.0,595800.0,25
201500018882,15,10,27,1945,3,1,1,1,1,25030,M,4726600.0,586400.0,25
201500018883,15,11,8,1845,3,1,1,1,2,25542,M,0.0,0.0,25
201500018884,15,3,20,845,1,1,1,1,7,56022,M,0.0,0.0,56
201500018885,15,6,15,1645,1,1,1,1,3,56164,M,4765848.0,-281824.0,56
201500018886,15,8,26,1830,1,2,1,8,1,56067,M,0.0,0.0,56
201500018887,15,11,9,630,3,1,1,5,6,56067,M,4772150.0,-287191.0,56
201500018888,15,2,17,1545,1,1,1,1,5,56064,M,0.0,0.0,56
201500018889,15,7,13,1815,1,2,1,1,6,56061,M,0.0,0.0,56
201500018890,15,1,26,1415,1,1,3,1,3,56052,M,0.0,0.0,56
201500018891,15,3,3,1545,1,1,1,1,2,56155,M,0.0,0.0,56
201500018892,15,4,30,1700,1,1,1,2,4,56002,M,0.0,0.0,56
201500018893,15,8,23,1700,1,1,1,1,1,56002,M,0.0,0.0,56
201500018894,15,9,21,2000,2,1,1,2,5,56002,M,0.0,0.0,56
201500018895,15,12,23,2045,5,2,1,2,6,56212,M,4754555.0,-215427.0,56
201500018896,15,2,9,1415,1,1,1,7,2,56231,M,0.0,0.0,56
201500018897,15,8,8,900,1,1,1,1,6,56247,M,0.0,0.0,56
201500018898,15,8,16,615,2,1,1,1,7,56184,M,0.0,0.0,56
201500018899,15,10,26,1900,3,1,1,1,5,56015,M,0.0,0.0,56
201500018900,15,3,13,1115,1,1,1,1,1,56251,M,4765750.0,-265806.0,56
201500018901,15,4,19,1745,1,1,1,1,3,56248,M,0.0,0.0,56
201500018902,15,2,19,1200,1,2,1,1,7,56034,M,4757320.0,-307528.0,56
201500018903,15,2,23,730,2,2,1,3,1,56168,M,0.0,0.0,56
201500018904,15,3,4,845,1,2,6,7,6,56186,M,4749281.0,-312228.0,56
201500018905,15,3,9,830,1,2,6,1,6,56258,M,0.0,0.0,56
201500018906,15,7,25,15,3,1,1,1,2,56168,M,4759103.0,-313250.0,56
201500018907,15,7,25,1700,1,1,1,1,3,56186,M,4748042.0,-311720.0,56
201500018908,15,7,28,1500,1,2,2,2,3,56034,M,4757314.0,-306969.0,56
201500018909,15,8,1,2330,5,2,1,1,3,56034,M,4757427.0,-307699.0,56
201500018910,15,8,1,2300,3,1,1,1,6,56186,M,0.0,0.0,56
201500018911,15,9,5,1530,1,2,1,1,3,56186,M,4748499.0,-311842.0,56
201500018912,15,9,19,145,3,1,1,1,6,56034,M,0.0,0.0,56
201500018913,15,8,31,915,1,2,6,8,3,56177,M,4777910.0,-300750.0,56
201500018914,15,2,5,545,5,1,1,9,6,56089,M,0.0,0.0,56
201500018915,15,2,23,720,3,1,1,2,3,56040,M,0.0,0.0,56
201500018916,15,3,5,1800,1,1,1,1,6,56040,M,4787823.0,-333705.0,56
201500018917,15,3,20,1845,1,1,1,1,7,56078,M,0.0,0.0,56
201500018918,15,5,7,1745,1,1,1,1,6,56036,M,4779839.0,-334845.0,56
201500018919,15,5,24,1700,1,1,2,1,3,56078,M,0.0,0.0,56
201500018920,15,7,28,230,3,1,1,1,6,56078,M,4781899.0,-351569.0,56
201500018921,15,8,9,345,3,1,1,1,6,56040,M,4789145.0,-335230.0,56
201500018922,15,8,11,2230,5,1,1,1,1,56036,M,4778745.0,-333007.0,56
201500018923,15,9,9,1500,1,1,3,1,3,56078,M,4779214.0,-352020.0,56
201500018924,15,9,11,1630,1,2,6,2,7,56078,M,0.0,0.0,56
201500018925,15,9,19,2000,2,1,1,1,3,56078,M,4780633.0,-346029.0,56
201500018926,15,9,25,900,1,2,1,7,6,56063,M,4780360.0,-344362.0,56
201500018927,15,10,7,1815,1,2,1,1,3,56036,M,4777836.0,-334401.0,56
201500018928,15,10,30,2000,3,1,1,1,6,56185,M,4777213.0,-337914.0,56
201500018929,15,11,8,2215,5,1,1,1,2,56078,M,0.0,0.0,56
201500018930,15,11,20,1030,1,1,1,3,6,56185,M,0.0,0.0,56
201500018931,15,4,30,1645,1,2,1,2,6,56193,M,0.0,0.0,56
201500018932,15,7,8,1915,1,1,1,1,1,56169,M,0.0,0.0,56
201500018933,15,8,3,1800,1,2,1,1,6,56169,M,0.0,0.0,56
201500018934,15,8,21,1345,1,1,1,1,6,56062,M,0.0,0.0,56
201500018935,15,10,22,1000,1,2,1,1,6,56119,M,4771803.0,-310230.0,56
201500018936,15,12,17,1230,1,1,1,2,2,56013,M,4767343.0,-314085.0,56
201500018937,15,1,1,230,3,1,1,1,6,56124,M,4780958.0,-237284.0,56
201500018938,15,1,23,1515,1,1,1,1,7,56228,M,4779094.0,-242190.0,56
201500018939,15,5,14,200,3,1,1,2,6,56180,M,4790925.0,-221308.0,56
201500018940,15,5,28,715,1,2,9,1,3,56075,M,0.0,0.0,56
201500018941,15,6,30,1000,1,1,1,1,2,56211,M,0.0,0.0,56
201500018942,15,7,14,1645,1,1,1,1,6,56075,M,0.0,0.0,56
201500018943,15,10,8,1700,1,1,1,1,1,56244,M,4782940.0,-253127.0,56
201500018944,15,11,4,1045,1,1,1,1,2,56133,M,4781022.0,-234037.0,56
201500018945,15,12,26,1030,1,1,2,1,3,56020,M,4779969.0,-240645.0,56
201500018946,15,1,10,600,3,1,1,2,6,56190,M,0.0,0.0,56
201500018947,15,1,31,1030,1,2,1,1,6,56190,M,0.0,0.0,56
201500018948,15,2,8,800,3,1,1,1,6,56017,M,0.0,0.0,56
201500018949,15,2,22,745,2,1,1,9,6,56017,M,0.0,0.0,56
201500018950,15,3,15,1745,1,1,2,8,3,56236,M,0.0,0.0,56
201500018951,15,4,14,1815,1,1,2,1,3,56172,M,4783298.0,-258949.0,56
201500018952,15,4,25,1700,1,1,1,2,6,56071,M,0.0,0.0,56
201500018953,15,6,11,1645,1,2,1,3,1,56222,M,4784869.0,-272562.0,56
201500018954,15,6,12,1400,1,1,2,1,1,56190,M,0.0,0.0,56
201500018955,15,6,18,1700,1,2,1,1,1,56222,M,4784344.0,-273515.0,56
201500018956,15,6,22,1630,1,1,1,1,3,56017,M,4787775.0,-279774.0,56
201500018957,15,8,2,115,3,1,1,1,7,56198,M,0.0,0.0,56