Num_Acc,an,mois,jour,hrmn,lum,agg,int,atm,col,com,gps,lat,long,dep
201500018958,15,8,24,945,1,1,1,2,1,56160,M,4801696.0,-270025.0,56
201500018959,15,10,11,300,3,1,1,1,6,56047,M,0.0,0.0,56
201500018960,15,2,2,1015,1,1,9,1,6,56213,M,0.0,0.0,56
201500018961,15,2,24,1915,3,1,1,2,2,56178,M,0.0,0.0,56
201500018962,15,2,25,645,3,1,1,2,7,56151,M,0.0,0.0,56
201500018963,15,9,1,900,2,2,1,1,6,56178,M,4806559.0,-296629.0,56
201500018964,15,3,7,1945,3,1,2,1,3,56140,M,0.0,0.0,56
201500018965,15,9,12,1230,1,1,1,1,1,56010,M,0.0,0.0,56
201500018966,15,9,30,1215,1,2,1,1,7,56117,M,4787973.0,-282760.0,56
201500018967,15,5,10,545,2,1,1,1,6,56014,M,0.0,0.0,56
201500018968,15,6,10,1545,1,1,1,1,7,56066,M,4815315.0,-362900.0,56
201500018969,15,6,28,1045,1,1,1,1,4,56057,M,0.0,0.0,56
201500018970,15,2,12,645,5,1,1,5,6,95527,M,4899690.0,251070.0,95
201500018971,15,4,5,930,1,2,1,1,1,19073,M,4540510.0,204617.0,19
201500018972,15,11,9,715,2,1,1,1,7,19131,M,4555740.0,164176.0,19
201500018973,15,7,14,1415,1,2,8,1,3,19031,M,4515810.0,155867.0,19
201500018974,15,5,10,1915,1,2,1,7,6,19019,M,4497820.0,183821.0,19
201500018975,15,5,19,700,2,1,1,8,6,19169,M,4503900.0,176870.0,19
201500018976,15,10,16,2145,3,1,1,1,2,19019,M,4498670.0,182373.0,19
201500018977,15,11,25,1145,1,1,1,2,2,19150,M,4507590.0,160721.0,19
201500018978,15,12,8,1800,3,2,1,5,6,19246,M,4521720.0,145421.0,19
201500018979,15,4,12,945,1,2,1,1,6,19011,M,4539600.0,138039.0,19
201500018980,15,1,18,1715,1,1,1,1,6,56101,M,0.0,0.0,56
201500018981,15,1,19,815,2,1,1,1,1,56175,M,0.0,0.0,56
201500018982,15,2,3,1030,1,2,6,7,3,56101,M,0.0,0.0,56
201500018983,15,2,23,845,1,2,6,2,3,56094,M,0.0,0.0,56
201500018984,15,4,4,515,3,1,1,1,6,56094,M,0.0,0.0,56
201500018985,15,6,20,1900,1,1,1,1,6,56101,M,4781713.0,-321937.0,56
201500018986,15,6,20,2100,1,1,1,1,6,56101,M,0.0,0.0,56
201500018987,15,7,12,1445,1,2,1,1,6,56177,M,4781394.0,-294689.0,56
201500018988,15,7,12,1500,1,2,1,1,7,56090,M,4784269.0,-326840.0,56
201500018989,15,8,12,1715,1,2,1,1,2,56090,M,4783204.0,-325922.0,56
201500018990,15,9,7,1700,1,1,1,1,1,56094,M,4775094.0,-327044.0,56
201500018991,15,10,23,1800,1,1,1,2,6,56097,M,0.0,0.0,56
201500018992,15,10,31,1915,2,1,1,1,1,56094,M,0.0,0.0,56
201500018993,15,9,15,2045,3,1,1,8,2,59464,M,0.0,0.0,59
201500018994,15,9,18,2015,3,1,1,2,6,59503,M,0.0,0.0,59
201500018995,15,9,26,1300,1,1,1,1,7,59474,M,0.0,0.0,59
201500018996,15,4,3,2300,3,2,1,1,6,59525,M,0.0,0.0,59
201500018997,15,3,30,2100,3,1,1,2,3,59311,M,0.0,0.0,59
201500018998,15,7,12,115,3,1,1,1,1,59118,M,0.0,0.0,59
201500018999,15,6,7,1515,1,2,1,7,1,59572,M,0.0,0.0,59
201500019000,15,8,14,2200,3,2,1,1,3,59174,M,0.0,0.0,59
201500019001,15,4,13,1815,1,1,1,1,5,51617,M,4902456.0,432573.0,51
201500019002,15,10,31,1800,3,1,1,1,6,51093,M,4899573.0,389345.0,51
201500019003,15,11,6,1930,1,1,1,1,7,51630,M,4893597.0,394615.0,51
201500019004,15,6,30,1115,1,1,1,1,6,51596,M,4888746.0,362352.0,51
201500019005,15,10,9,1715,1,2,1,1,1,51380,M,4887394.0,354216.0,51
201500019006,15,2,13,1945,3,1,1,1,5,51153,M,4902775.0,401784.0,51
201500019007,15,5,24,1645,1,1,1,1,4,51287,M,4908393.0,396144.0,51
201500019008,15,9,12,1415,1,1,1,2,6,51393,M,4915365.0,393136.0,51
201500019009,15,11,15,1330,1,1,8,1,6,51660,M,4933768.0,423363.0,51
201500019010,15,2,7,1800,3,1,1,1,7,62608,M,5007422.0,303467.0,62
201500019011,15,7,10,1730,1,1,1,1,7,62840,M,5009676.0,297624.0,62
201500019012,15,11,15,1730,2,1,1,6,1,62366,M,5041784.0,257669.0,62
201500019013,15,3,10,845,1,2,1,7,3,62773,M,5064576.0,172659.0,62
201500019014,15,8,25,1045,1,2,1,8,1,62566,M,5067378.0,186253.0,62
201500019015,15,2,20,1715,1,1,1,3,6,51397,M,4896328.0,489170.0,51
201500019016,15,7,16,510,2,2,1,1,6,51507,M,4909239.0,489717.0,51
201500019017,15,8,2,1900,1,2,1,1,1,51640,M,4918725.0,478196.0,51
201500019018,15,9,13,130,3,1,1,1,7,51197,M,4906582.0,464442.0,51
201500019019,15,9,21,2145,3,1,1,1,6,51507,M,4910037.0,496475.0,51
201500019020,15,1,28,645,3,1,1,1,5,91617,M,4867400.0,250800.0,91
201500019021,15,1,22,645,3,1,1,1,5,91617,M,4867400.0,250800.0,91
201500019022,15,4,30,1815,1,2,1,2,6,91553,M,0.0,0.0,91
201500019023,15,6,5,930,1,2,1,1,6,91573,M,4862300.0,249600.0,91
201500019024,15,7,5,1000,2,2,1,1,6,91553,M,4863300.0,249200.0,91
201500019025,15,7,5,1700,1,2,6,1,2,91573,M,0.0,0.0,91
201500019026,15,7,7,1830,1,2,1,1,3,91600,M,0.0,0.0,91
201500019027,15,8,8,1800,1,1,1,1,7,91573,M,0.0,0.0,91
201500019028,15,8,10,1600,1,1,1,1,1,91617,M,4864300.0,250000.0,91
201500019029,15,8,16,1100,1,1,1,1,6,91617,M,0.0,0.0,91
201500019030,15,10,11,730,2,2,1,5,3,91577,M,0.0,0.0,91
201500019031,15,11,21,1715,5,2,1,2,6,91600,M,4864600.0,245600.0,91
201500019032,15,11,25,1430,1,2,1,1,6,91577,M,0.0,0.0,91
201500019033,15,12,9,930,1,1,1,1,2,91617,M,4865132.0,250687.0,91
201500019034,15,1,29,1445,1,1,1,2,3,91679,M,4874300.0,212500.0,91
201500019035,15,2,24,1330,1,1,6,1,2,91538,M,0.0,0.0,91
201500019036,15,6,26,1900,1,2,1,1,1,91272,M,0.0,0.0,91
201500019037,15,7,15,1045,1,2,1,1,6,91272,M,4870800.0,214800.0,91
201500019038,15,10,5,1945,5,2,1,3,7,91272,M,4869100.0,211800.0,91
201500019039,15,10,29,200,5,1,1,1,2,91679,M,4873700.0,210200.0,91
201500019040,15,11,25,1745,5,2,1,2,1,91275,M,0.0,0.0,91
201500019041,15,2,20,15,3,1,1,2,6,95056,M,4908180.0,235510.0,95
201500019042,15,4,27,845,1,1,1,1,3,95149,M,4912940.0,243160.0,95
201500019043,15,5,12,1145,1,1,6,1,6,95056,M,4909430.0,236080.0,95
201500019044,15,6,2,745,1,2,1,1,3,95026,M,4913410.0,235930.0,95
201500019045,15,6,5,1345,1,1,1,1,2,95056,M,4908610.0,235710.0,95
201500019046,15,6,5,1715,1,1,1,1,3,95652,M,4911080.0,238530.0,95
201500019047,15,6,8,815,1,2,1,1,6,95056,M,4908890.0,237060.0,95
201500019048,15,7,23,745,1,2,1,1,6,95566,M,4910690.0,234520.0,95
201500019049,15,9,19,515,3,1,1,1,6,95652,M,4913250.0,239190.0,95
201500019050,15,12,14,830,2,1,1,5,3,95214,M,4909070.0,241520.0,95
201500019051,15,4,18,30,3,1,1,1,6,89014,M,0.0,0.0,89
201500019052,15,6,5,1820,1,1,1,7,1,89434,M,4816083.0,343033.0,89
201500019053,15,3,8,1215,1,1,1,1,3,57031,M,0.0,0.0,57
201500019054,15,5,2,1345,1,2,1,1,3,57160,M,0.0,0.0,57
201500019055,15,7,21,1645,1,1,1,7,1,57610,M,0.0,0.0,57
201500019056,15,5,8,445,3,1,1,1,6,57171,M,0.0,0.0,57
201500019057,15,7,5,2245,3,1,1,1,6,57375,M,0.0,0.0,57
201500019058,15,1,27,1245,1,1,1,1,5,57377,M,0.0,0.0,57
201500019059,15,3,13,1815,1,1,1,1,1,57314,M,0.0,0.0,57
201500019060,15,5,26,1530,1,2,1,1,6,57044,M,4873921.0,681193.0,57
201500019061,15,8,2,1500,1,1,1,1,7,57544,M,0.0,0.0,57
201500019062,15,8,30,1915,1,1,1,1,6,57003,M,0.0,0.0,57
201500019063,15,2,8,430,3,1,1,4,7,57468,M,0.0,0.0,57
201500019064,15,8,11,1800,1,1,1,1,7,57169,M,4873782.0,723746.0,57
201500019065,15,2,23,800,1,2,1,4,6,57390,M,0.0,0.0,57
201500019066,15,4,28,1700,1,1,1,1,5,57541,M,0.0,0.0,57
201500019067,15,11,9,1,5,2,1,1,6,57390,M,0.0,0.0,57
201500019068,15,1,5,1930,3,1,1,5,7,57022,M,0.0,0.0,57
201500019069,15,4,10,1730,1,2,1,1,3,57096,M,0.0,0.0,57
201500019070,15,4,15,1815,1,1,1,1,1,57529,M,0.0,0.0,57
201500019071,15,11,11,2130,5,1,6,1,6,57305,M,4939139.0,598592.0,57
201500019072,15,6,20,2130,2,1,1,1,6,57269,M,0.0,0.0,57
201500019073,15,4,16,1545,1,1,2,1,2,35173,M,4823066.0,-170647.0,35
201500019074,15,6,20,1415,1,1,1,1,1,35024,M,4818900.0,-164400.0,35
201500019075,15,7,2,2000,1,1,1,1,3,35173,M,4821044.0,-169945.0,35
201500019076,15,9,4,800,1,1,1,1,2,35024,M,4817465.0,-166511.0,35
201500019077,15,11,20,815,2,1,1,2,1,35024,M,4818905.0,-165964.0,35
201500019078,15,12,4,115,3,1,1,3,6,35024,M,4815653.0,-163712.0,35
201500019079,15,12,14,1330,1,1,2,1,3,35024,M,4818472.0,-169382.0,35
201500019080,15,12,24,2145,3,2,1,1,6,35024,M,4818656.0,-162836.0,35
201500019081,15,12,25,2115,3,1,9,1,6,35173,M,4820261.0,-172746.0,35
201500019082,15,2,22,1800,1,1,1,1,6,31157,M,0.0,0.0,31
201500019083,15,2,28,1915,5,2,1,2,6,31157,M,4353621.0,134504.0,31
201500019084,15,7,7,830,1,2,1,1,2,31157,M,4353766.0,134250.0,31
201500019085,15,1,19,1515,1,1,1,1,6,44071,M,4718521.0,-139359.0,44
201500019086,15,2,8,1415,1,1,1,1,5,03207,M,0.0,0.0,03
201500019087,15,2,22,1515,1,1,1,1,1,03283,M,0.0,0.0,03
201500019088,15,9,17,1645,1,1,1,1,1,03180,M,0.0,0.0,03
201500019089,15,8,4,1900,1,1,1,1,1,62458,M,5079037.0,214928.0,62
201500019090,15,8,29,2315,3,2,1,2,5,62297,M,5080717.0,215127.0,62
201500019091,15,11,26,745,2,2,1,1,6,62792,M,5078418.0,218608.0,62
201500019092,15,1,21,1600,2,1,1,3,5,83116,M,0.0,0.0,83
201500019093,15,1,27,1130,1,2,1,1,6,83116,M,4344968.0,586044.0,83
201500019094,15,2,5,2000,3,2,1,1,6,83140,M,4340700.0,595700.0,83
201500019095,15,2,15,1145,1,1,1,2,1,83087,M,4338400.0,574000.0,83
201500019096,15,3,22,1345,1,1,1,1,3,83140,M,0.0,0.0,83
201500019097,15,3,28,1745,1,1,1,1,6,83093,M,0.0,0.0,83
201500019098,15,5,13,1445,1,1,1,1,6,83140,M,0.0,0.0,83
201500019099,15,5,23,1845,1,1,1,1,1,83089,M,4352600.0,580600.0,83
201500019100,15,6,4,845,1,2,6,1,6,83116,M,0.0,0.0,83
201500019101,15,7,6,915,1,1,1,1,1,83140,M,0.0,0.0,83
201500019102,15,9,12,745,2,1,1,9,7,83087,M,0.0,0.0,83
201500019103,15,1,29,745,1,1,1,1,5,83018,M,0.0,0.0,83
201500019104,15,3,21,145,4,1,1,1,7,83057,M,0.0,0.0,83
201500019105,15,3,28,1845,1,1,1,1,5,83031,M,0.0,0.0,83
201500019106,15,5,22,2215,5,2,1,1,6,83073,M,0.0,0.0,83
201500019107,15,7,3,1715,1,2,1,1,1,83018,M,0.0,0.0,83
201500019108,15,8,29,1915,1,2,7,1,6,83092,M,4330205.0,622661.0,83
201500019109,15,10,15,645,2,2,6,1,2,83073,M,0.0,0.0,83
201500019110,15,10,25,445,3,1,1,1,6,83057,M,0.0,0.0,83
201500019111,15,2,7,2000,3,1,1,1,6,74043,M,0.0,0.0,74
201500019112,15,2,24,1800,2,2,2,1,3,74263,M,0.0,0.0,74
201500019113,15,2,27,930,1,2,1,1,6,74263,M,0.0,0.0,74
201500019114,15,3,6,15,5,2,3,1,5,74263,M,0.0,0.0,74
201500019115,15,3,20,1945,5,1,2,1,3,74005,M,0.0,0.0,74
201500019116,15,3,19,1645,1,2,2,1,3,74263,M,0.0,0.0,74
201500019117,15,5,16,1530,1,1,2,1,3,74293,M,0.0,0.0,74
201500019118,15,5,27,1445,1,2,3,1,1,74043,M,0.0,0.0,74
201500019119,15,5,29,345,5,2,6,1,7,74150,M,0.0,0.0,74
201500019120,15,5,26,1645,1,2,4,1,1,74048,M,0.0,0.0,74
201500019121,15,6,4,1800,1,2,3,1,3,74105,M,0.0,0.0,74
201500019122,15,6,10,1915,1,1,1,1,3,74171,M,0.0,0.0,74
201500019123,15,6,5,1300,1,1,1,1,3,74206,M,0.0,0.0,74
201500019124,15,7,22,640,1,1,1,1,1,74070,M,0.0,0.0,74
201500019125,15,7,31,2145,5,2,6,1,6,74105,M,0.0,0.0,74
201500019126,15,8,11,1700,1,1,1,1,6,74025,M,0.0,0.0,74
201500019127,15,8,13,1715,1,2,9,6,3,74263,M,0.0,0.0,74
201500019128,15,8,16,2015,1,1,4,1,3,74158,M,0.0,0.0,74
201500019129,15,8,23,1215,1,1,1,1,6,74315,M,0.0,0.0,74
201500019130,15,9,13,515,3,1,1,2,6,74106,M,0.0,0.0,74
201500019131,15,9,24,1900,1,2,1,1,6,74263,M,0.0,0.0,74
201500019132,15,10,15,515,5,2,6,1,6,74105,M,0.0,0.0,74
201500019133,15,12,1,1745,5,1,2,1,3,74293,M,0.0,0.0,74
201500019134,15,12,2,1345,1,1,1,2,1,74157,M,0.0,0.0,74
201500019135,15,12,4,1115,1,2,2,1,6,74105,M,0.0,0.0,74
201500019136,15,12,18,730,2,2,4,1,3,74070,M,0.0,0.0,74
201500019137,15,4,18,1030,1,1,1,1,7,24029,M,4500920.0,30817.0,24
201500019138,15,8,13,1700,1,1,1,3,6,24449,M,4498570.0,18694.0,24
201500019139,15,8,29,1715,1,1,1,1,6,24442,M,4513080.0,47524.0,24
201500019140,15,2,10,1615,1,2,1,1,7,34217,M,4369102.0,387989.0,34
201500019141,15,4,11,645,2,2,1,1,6,34169,M,4366206.0,386291.0,34
201500019142,15,10,1,2000,3,1,1,1,7,34309,M,4867441.0,394187.0,34
201500019143,15,10,3,1730,1,1,1,8,1,34118,M,4372739.0,391304.0,34
201500019144,15,10,10,1630,1,2,1,1,6,34077,M,4366001.0,390001.0,34
201500019145,15,10,17,1515,1,1,6,1,7,34169,M,4367432.0,386761.0,34
201500019146,15,11,20,2100,5,2,1,1,1,34309,M,4367929.0,392035.0,34
201500019147,15,1,13,1705,2,2,1,1,2,16015,M,4564538.0,15349.0,16
201500019148,15,4,8,1730,1,2,1,1,2,16374,M,4563667.0,20673.0,16
201500019149,15,5,16,1700,1,2,2,1,3,16374,M,4564158.0,18678.0,16
201500019150,15,3,11,900,1,2,1,1,6,16374,M,4564267.0,18843.0,16
201500019151,15,3,17,1715,1,2,1,1,6,16113,M,4560937.0,9953.0,16
201500019152,15,11,10,924,1,2,3,1,5,16341,M,4563928.0,10849.0,16
201500019153,15,3,29,2100,5,1,6,1,7,16113,M,4562419.0,11005.0,16
201500019154,15,11,27,1105,1,2,7,1,6,16015,M,4565664.0,18178.0,16
201500019155,15,11,9,1720,1,2,6,1,3,16374,M,4564773.0,18669.0,16
201500019156,15,12,22,1805,5,2,1,1,6,16374,M,4564357.0,18493.0,16
201500019157,15,12,16,1158,1,2,1,1,6,16015,M,4565280.0,15753.0,16
201500019158,15,5,9,2350,5,2,3,1,1,16015,M,4565180.0,15481.0,16
201500019159,15,4,5,1837,1,2,1,1,4,16358,M,4566445.0,12753.0,16
201500019160,15,4,10,605,5,2,1,1,6,16015,M,4565075.0,18358.0,16
201500019161,15,4,7,2200,3,1,1,1,7,16291,M,4568979.0,24832.0,16
201500019162,15,4,23,1745,1,2,6,1,3,16374,M,4563371.0,21287.0,16
201500019163,15,6,28,1415,1,2,3,1,6,16015,M,4565288.0,15213.0,16
201500019164,15,4,18,535,3,1,1,1,7,16358,M,4567356.0,14616.0,16
201500019165,15,4,17,2240,3,1,1,1,6,16154,M,4568776.0,15605.0,16
201500019166,15,4,19,955,1,2,3,1,3,16015,M,4563556.0,15328.0,16
201500019167,15,7,10,1915,1,2,6,1,2,16271,M,4562755.0,15763.0,16
201500019168,15,5,28,1825,1,1,6,1,4,16374,M,4563312.0,21092.0,16
201500019169,15,6,25,835,1,2,2,1,6,16015,M,,,16
201500019170,15,5,10,1130,1,1,1,1,3,16019,M,4570190.0,9425.0,16
201500019171,15,5,28,800,1,2,3,1,3,16341,M,4563983.0,11201.0,16
201500019172,15,9,1,1835,2,1,3,1,3,16015,M,4565421.0,11729.0,16
201500019173,15,6,30,1840,1,2,6,1,3,16015,M,4564788.0,16083.0,16
201500019174,15,7,1,1955,1,2,3,1,6,16015,M,4564842.0,12355.0,16
201500019175,15,6,27,2000,1,1,1,1,3,16015,M,4564243.0,15204.0,16
201500019176,15,6,6,1030,1,1,9,1,6,16015,M,4565724.0,18183.0,16
201500019177,15,6,6,750,1,2,1,1,6,16015,M,4564923.0,15108.0,16
201500019178,15,9,20,730,2,2,3,1,6,16015,M,4565138.0,12352.0,16
201500019179,15,6,16,810,1,2,6,1,1,16015,M,4565004.0,16061.0,16
201500019180,15,10,3,1210,1,2,3,2,2,16374,M,4564158.0,19307.0,16
201500019181,15,7,19,1715,1,1,1,1,7,16358,M,4567646.0,14548.0,16
201500019182,15,7,15,1925,1,2,3,1,3,16374,M,4564512.0,18749.0,16
201500019183,15,8,10,900,1,2,1,1,1,16015,M,4565279.0,14675.0,16
201500019184,15,8,9,1300,1,2,2,1,1,16358,M,4566358.0,12981.0,16
201500019185,15,8,6,2147,5,2,1,1,3,16015,M,4564666.0,15085.0,16
201500019186,15,9,20,1730,2,2,3,1,1,16015,M,4564404.0,14635.0,16
201500019187,15,8,10,1550,1,2,6,1,3,16015,M,4565279.0,14675.0,16
201500019188,15,9,30,835,1,2,1,1,6,16015,M,4564877.0,16735.0,16
201500019189,15,12,3,845,2,2,1,1,6,16015,M,4563509.0,14601.0,16
201500019190,15,10,9,1525,1,2,6,1,6,16015,M,4565282.0,13829.0,16
201500019191,15,10,16,1230,1,2,1,1,2,16015,M,4565823.0,14515.0,16
201500019192,15,1,6,1105,1,2,1,1,6,16015,M,4564833.0,15542.0,16
201500019193,15,1,19,1651,1,2,1,1,2,16291,M,4567896.0,21957.0,16
201500019194,15,1,17,1000,1,2,1,1,7,16015,M,4565876.0,17097.0,16
201500019195,15,1,23,1740,2,2,1,1,3,16015,M,4564037.0,13251.0,16
201500019196,15,1,8,1725,2,2,1,1,2,16015,M,4565117.0,11937.0,16
201500019197,15,1,30,800,5,2,1,1,6,16015,M,4565788.0,14149.0,16
201500019198,15,2,11,1010,1,2,1,1,6,16015,M,4565347.0,12705.0,16
201500019199,15,2,21,15,5,2,3,1,1,16015,M,4564687.0,16618.0,16
201500019200,15,3,6,1550,1,2,3,1,3,16358,M,4566286.0,13209.0,16
201500019201,15,3,12,1600,1,1,1,1,5,16358,M,4560765.0,13780.0,16
201500019202,15,1,21,839,1,2,3,1,2,16015,M,4565683.0,17054.0,16
201500019203,15,1,28,2255,5,2,1,3,7,16015,M,4564373.0,16637.0,16
201500019204,15,1,29,825,1,2,2,2,6,16166,M,4566960.0,20680.0,16
201500019205,15,2,6,1505,1,2,1,1,6,16015,M,4565820.0,14190.0,16
201500019206,15,2,8,1910,5,2,3,1,6,16015,M,4565144.0,18828.0,16
201500019207,15,2,27,2300,5,2,1,1,6,16015,M,4563792.0,12947.0,16
201500019208,15,4,14,1210,1,2,1,1,1,16089,M,4568032.0,-31853.0,16
201500019209,15,11,30,815,2,1,1,1,5,16102,M,4571496.0,-33767.0,16
201500019210,15,5,3,550,2,2,3,1,3,16102,M,4569072.0,-34269.0,16
201500019211,15,12,21,1755,5,2,3,1,3,16102,M,4569134.0,-32915.0,16
201500019212,15,6,6,1235,1,2,3,1,3,16102,M,4569887.0,-34162.0,16
201500019213,15,7,5,2100,2,2,1,1,6,16102,M,4568562.0,-35462.0,16
201500019214,15,7,20,750,1,2,2,1,3,16089,M,4567526.0,-32811.0,16
201500019215,15,7,28,1125,1,2,1,1,6,16102,M,4569844.0,-32223.0,16
201500019216,15,9,8,1704,1,2,1,1,6,16102,M,4569177.0,-30726.0,16
201500019217,15,9,22,840,1,2,1,1,1,16102,M,4568265.0,-33832.0,16
201500019218,15,10,1,1600,1,2,1,1,6,16102,M,4569563.0,-32650.0,16
201500019219,15,10,9,1000,1,2,1,1,2,16102,M,4568871.0,-33661.0,16
201500019220,15,1,20,1615,1,1,1,1,6,77006,M,4841420.0,257835.0,77
201500019221,15,2,8,1815,2,1,1,1,7,77185,M,0.0,0.0,77
201500019222,15,7,4,830,1,1,2,1,3,77069,M,4845740.0,258811.0,77
201500019223,15,10,4,545,5,2,1,1,6,77022,M,0.0,0.0,77
201500019224,15,6,9,1945,1,1,1,1,7,69100,M,0.0,0.0,69
201500019225,15,7,9,815,1,1,1,1,1,69133,M,4565010.0,476882.0,69
201500019226,15,8,14,1945,1,2,1,1,6,69046,M,4566500.0,479400.0,69
201500019227,15,9,22,1700,1,2,1,1,3,69260,M,4565030.0,480270.0,69
201500019228,15,11,21,115,5,2,1,2,3,69046,M,0.0,0.0,69
201500019229,15,8,1,415,5,2,1,1,6,59114,M,5046302.0,349064.0,59
201500019230,15,11,12,1730,2,1,1,1,1,66186,M,0.0,0.0,66
201500019231,15,1,8,1535,1,2,1,1,4,17299,M,4594760.0,-98796.0,17
201500019232,15,3,20,1215,1,2,1,2,2,17299,M,4593883.0,-95816.0,17
201500019233,15,12,24,1240,1,2,1,1,7,17299,M,4594448.0,-96783.0,17
201500019234,15,1,9,745,5,2,1,1,7,17299,M,4593134.0,-96560.0,17
201500019235,15,3,27,1555,1,2,1,2,7,17299,M,4594639.0,-95444.0,17
201500019236,15,1,15,725,5,2,1,1,7,17449,M,4594797.0,-89584.0,17
201500019237,15,3,31,1250,1,1,1,1,7,17449,M,4596238.0,-85444.0,17
201500019238,15,2,13,1220,1,2,3,1,3,17299,M,4594344.0,-95791.0,17
201500019239,15,4,24,1055,1,2,2,1,3,17299,M,4592558.0,-96008.0,17
201500019240,15,2,16,1930,5,2,2,2,3,17299,M,4593574.0,-96342.0,17
201500019241,15,4,4,1040,1,2,2,1,3,17299,M,4595863.0,-96387.0,17
201500019242,15,2,25,2005,5,2,1,1,7,17299,M,4593890.0,-96373.0,17
201500019243,15,4,14,1600,1,2,1,1,2,17299,M,4594095.0,-97291.0,17
201500019244,15,4,25,1640,1,1,1,1,1,17449,M,4595381.0,-87554.0,17
201500019245,15,3,8,1215,1,2,1,1,2,17449,M,4594904.0,-91870.0,17
201500019246,15,3,13,710,3,1,1,1,1,17449,M,4595822.0,-94211.0,17
201500019247,15,5,14,1530,1,1,1,1,2,17299,M,4596276.0,-97967.0,17
201500019248,15,3,14,2025,5,2,2,1,3,17299,M,4594172.0,-95908.0,17
201500019249,15,5,22,1115,1,1,1,1,2,17449,M,4595836.0,-84895.0,17
201500019250,15,3,15,10,5,2,1,1,6,17299,M,4594782.0,-97532.0,17
201500019251,15,5,24,1245,1,2,1,1,7,17299,M,4595410.0,-97820.0,17
201500019252,15,5,30,1110,1,2,1,1,6,17299,M,4594274.0,-96140.0,17
201500019253,15,6,4,1805,1,2,2,1,3,17299,M,4591724.0,-96073.0,17
201500019254,15,6,11,1700,1,1,1,1,7,17449,M,4596961.0,-92000.0,17
201500019255,15,6,29,1755,1,2,1,1,4,17449,M,4594943.0,-90162.0,17
201500019256,15,7,7,1835,1,1,1,1,2,17449,M,4595257.0,-88323.0,17
201500019257,15,7,22,2140,2,2,2,1,3,17299,M,4594348.0,-96016.0,17
201500019258,15,7,24,1950,1,2,2,1,3,17299,M,4593579.0,-96337.0,17
201500019259,15,7,25,910,1,2,1,2,7,17299,M,4593633.0,-96328.0,17
201500019260,15,7,25,2215,2,1,1,1,3,17299,M,4595951.0,-97889.0,17
201500019261,15,7,28,915,1,2,6,1,3,17299,M,4593052.0,-96052.0,17
201500019262,15,7,31,2230,5,1,1,1,2,17299,M,4595837.0,-97797.0,17
201500019263,15,8,1,1555,1,1,2,1,3,17299,M,4593188.0,-96321.0,17
201500019264,15,8,1,1915,1,2,3,1,3,17299,M,4595868.0,-96331.0,17
201500019265,15,8,15,1655,1,2,1,1,3,17449,M,4595050.0,-89577.0,17
201500019266,15,8,20,735,1,2,1,1,7,17299,M,4594770.0,-96595.0,17
201500019267,15,8,20,1040,1,2,6,1,3,17299,M,4595205.0,-95267.0,17
201500019268,15,8,21,1515,1,1,1,1,4,17299,M,4595996.0,-97906.0,17
201500019269,15,8,29,1020,1,2,1,1,3,17299,M,4595051.0,-94346.0,17
201500019270,15,9,6,30,3,2,1,1,7,17299,M,4595510.0,-95824.0,17
201500019271,15,9,18,800,1,1,1,2,1,17449,M,4594398.0,-86461.0,17
201500019272,15,9,25,1940,1,2,1,1,7,17299,M,4593156.0,-96266.0,17
201500019273,15,9,27,1900,1,2,1,1,7,17299,M,4592905.0,-96422.0,17
201500019274,15,10,1,1205,1,2,2,1,3,17299,M,4593464.0,95967.0,17
201500019275,15,10,5,1855,1,2,2,1,3,17299,M,4593464.0,-95967.0,17
201500019276,15,10,19,1350,1,2,2,1,3,17299,M,4594775.0,-98937.0,17
201500019277,15,10,23,1910,5,2,1,1,2,17299,M,4593098.0,-96058.0,17
201500019278,15,10,26,2050,5,2,1,1,1,17299,M,4595236.0,-95388.0,17
201500019279,15,10,28,1355,1,2,1,1,7,17299,M,4594313.0,-96073.0,17
201500019280,15,11,14,2250,5,2,4,1,7,17299,M,4594417.0,95899.0,17
201500019281,15,11,18,855,1,2,2,1,3,17449,M,4594472.0,-89286.0,17
201500019282,15,12,17,1355,1,1,1,1,7,17299,M,4596288.0,-97977.0,17
201500019283,15,1,5,1215,1,2,1,1,3,17300,M,4616800.0,-115011.0,17
201500019284,15,12,29,2150,5,2,1,1,3,17300,M,4615794.0,-114232.0,17
201500019285,15,1,10,1800,1,1,1,2,7,17200,M,4617824.0,-115813.0,17
201500019286,15,1,13,819,2,2,1,1,2,17300,M,4616343.0,-116844.0,17
201500019287,15,1,14,1345,1,2,1,1,3,17300,M,4615533.0,-114876.0,17
201500019288,15,3,25,1640,1,2,1,1,6,17300,M,4615428.0,-114449.0,17
201500019289,15,1,15,1320,1,2,1,1,3,17300,M,4616142.0,-113993.0,17
201500019290,15,3,25,1740,1,2,1,1,6,17028,M,4613315.0,-111980.0,17
201500019291,15,1,21,635,5,2,2,1,3,17300,M,4615969.0,-116574.0,17
201500019292,15,1,21,805,1,1,1,2,2,17200,M,4618152.0,-113980.0,17
201500019293,15,3,26,950,1,2,2,1,3,17300,M,4617200.0,-115453.0,17
201500019294,15,1,26,1810,3,2,2,1,3,17274,M,4615350.0,-106462.0,17
201500019295,15,1,27,1735,1,2,2,1,3,17300,M,4616644.0,-115091.0,17
201500019296,15,2,1,755,5,2,6,1,6,17300,M,4615394.0,-115249.0,17
201500019297,15,3,27,1705,1,1,1,1,4,17291,M,4617840.0,-112857.0,17
201500019298,15,2,1,2325,5,2,1,1,6,17300,M,,,17