Num_Acc,an,mois,jour,hrmn,lum,agg,int,atm,col,com,gps,lat,long,dep
201500019299,15,2,2,1625,1,2,1,1,3,17300,M,4617001.0,-115192.0,17
201500019300,15,3,30,1245,1,2,2,2,3,17300,M,4615005.0,-115476.0,17
201500019301,15,2,11,822,2,2,1,1,7,17274,M,,,17
201500019302,15,4,1,1330,1,2,2,1,3,17300,M,4616992.0,-113338.0,17
201500019303,15,2,15,735,5,2,2,1,3,17300,M,,,17
201500019304,15,2,16,747,2,2,3,1,2,17274,M,4616717.0,-109234.0,17
201500019305,15,4,2,2205,5,2,1,1,6,17300,M,4615575.0,-113438.0,17
201500019306,15,2,28,1255,1,2,1,1,6,17300,M,4614618.0,-115414.0,17
201500019307,15,4,5,1550,1,2,1,1,6,17300,M,4616960.0,-118378.0,17
201500019308,15,4,6,1900,2,2,1,1,7,17300,M,4616121.0,-118537.0,17
201500019309,15,3,1,525,4,2,1,3,6,17028,M,4613150.0,-109478.0,17
201500019310,15,4,6,1930,2,2,4,1,3,17300,M,4615072.0,-115404.0,17
201500019311,15,3,3,1310,1,2,2,1,3,17300,M,4617146.0,-115906.0,17
201500019312,15,4,7,1120,1,2,1,1,6,17300,M,4616999.0,-112680.0,17
201500019313,15,3,5,1110,1,2,1,1,2,17300,M,4617128.0,-112317.0,17
201500019314,15,4,7,1520,1,2,2,1,3,17300,M,4615207.0,-112406.0,17
201500019315,15,3,4,45,3,2,1,1,7,17300,M,4614944.0,-120586.0,17
201500019316,15,4,8,1500,1,2,1,1,6,17300,M,4616594.0,-115112.0,17
201500019317,15,3,11,1220,1,1,1,1,4,17028,M,4612111.0,-110964.0,17
201500019318,15,4,8,1600,1,2,1,1,3,17300,M,4616806.0,-114240.0,17
201500019319,15,4,8,1820,1,2,1,1,6,17300,M,4615900.0,-115386.0,17
201500019320,15,4,10,1530,1,2,1,2,2,17300,M,4615789.0,-115417.0,17
201500019321,15,4,14,800,1,2,1,1,6,17200,M,4617656.0,-116162.0,17
201500019322,15,4,14,1915,1,1,1,1,2,17200,M,4617969.0,-115402.0,17
201500019323,15,4,15,1800,1,2,1,1,2,17300,M,4616268.0,-116131.0,17
201500019324,15,4,16,815,1,2,1,1,6,17300,M,4616213.0,-112250.0,17
201500019325,15,4,16,1800,1,1,1,2,3,17291,M,4618096.0,-110399.0,17
201500019326,15,4,18,625,2,2,1,1,6,17300,M,4615612.0,-113159.0,17
201500019327,15,4,19,1540,1,2,1,1,1,17274,M,4615754.0,-109350.0,17
201500019328,15,4,20,1830,1,1,1,1,4,17028,M,4613729.0,-110352.0,17
201500019329,15,4,21,1600,1,1,1,1,2,17300,M,4615002.0,-111179.0,17
201500019330,15,4,22,1300,1,2,1,1,3,17300,M,4616362.0,-118197.0,17
201500019331,15,4,23,150,5,2,1,1,7,17300,M,4615982.0,-116674.0,17
201500019332,15,4,24,1545,1,2,1,1,2,17300,M,4615238.0,-111972.0,17
201500019333,15,4,25,1250,1,2,1,1,3,17300,M,4615599.0,-116689.0,17
201500019334,15,4,25,1749,1,2,1,1,1,17300,M,4614758.0,-114327.0,17
201500019335,15,4,27,1336,1,2,3,1,3,17300,M,4615945.0,-119999.0,17
201500019336,15,4,28,1800,1,2,1,1,6,17300,M,4614874.0,-114403.0,17
201500019337,15,5,3,1440,1,2,1,1,1,17200,M,4617445.0,-116671.0,17
201500019338,15,5,3,2035,2,2,1,1,3,17300,M,4615473.0,-114562.0,17
201500019339,15,5,10,1450,1,2,1,1,7,17300,M,4617561.0,-117496.0,17
201500019340,15,5,13,2230,5,2,1,1,2,17300,M,4616156.0,-117858.0,17
201500019341,15,5,19,1930,1,2,1,1,3,17300,M,4616209.0,-112261.0,17
201500019342,15,5,24,900,1,2,1,1,3,17200,M,4618476.0,-115199.0,17
201500019343,15,5,25,350,5,2,1,1,7,17300,M,4616507.0,-117631.0,17
201500019344,15,5,25,1215,1,2,1,1,6,17300,M,4615206.0,-112207.0,17
201500019345,15,5,27,1850,1,1,1,1,5,17300,M,4617548.0,-110910.0,17
201500019346,15,5,28,340,5,2,1,1,6,17300,M,4615891.0,-114977.0,17
201500019347,15,5,28,940,1,2,2,1,3,17300,M,4617197.0,-121294.0,17
201500019348,15,5,28,1800,1,2,2,1,3,17300,M,4616864.0,-117281.0,17
201500019349,15,5,30,2035,1,2,6,1,3,17300,M,4617306.0,-116115.0,17
201500019350,15,6,1,1950,1,2,2,1,3,17300,M,4615005.0,-115474.0,17
201500019351,15,6,2,1819,1,2,1,1,4,17300,M,4615560.0,-115849.0,17
201500019352,15,6,3,1425,1,2,1,1,2,17300,M,4616233.0,-120854.0,17
201500019353,15,6,4,1330,1,2,3,1,1,17300,M,4614884.0,-114412.0,17
201500019354,15,6,4,1645,1,2,1,1,3,17300,M,4617140.0,-112327.0,17
201500019355,15,6,7,1300,1,2,1,1,7,17300,M,4615605.0,-116392.0,17
201500019356,15,6,10,1905,1,2,1,1,2,17300,M,4616786.0,-118357.0,17
201500019357,15,6,12,1,5,2,1,2,6,17300,M,4616139.0,-120679.0,17
201500019358,15,6,12,800,1,1,1,1,4,17028,M,4612080.0,-110937.0,17
201500019359,15,6,12,1800,1,2,6,1,6,17200,M,4617420.0,-116654.0,17
201500019360,15,6,15,900,1,2,2,1,3,17200,M,4618937.0,-113215.0,17
201500019361,15,6,18,1010,1,2,2,1,3,17300,M,4614994.0,-115553.0,17
201500019362,15,6,17,1020,1,2,1,1,2,17300,M,4614844.0,-115372.0,17
201500019363,15,6,19,1200,1,2,1,1,2,17200,M,4618780.0,-115777.0,17
201500019364,15,6,20,1250,1,2,1,1,7,17300,M,4616460.0,-118027.0,17
201500019365,15,6,22,720,1,2,1,1,1,17300,M,4617197.0,-114748.0,17
201500019366,15,6,22,725,1,2,1,1,6,17300,M,4617027.0,-120315.0,17
201500019367,15,6,23,1710,1,2,2,1,3,17300,M,4615212.0,-114809.0,17
201500019368,15,6,26,1720,1,2,1,1,3,17300,M,4616906.0,-114702.0,17
201500019369,15,7,1,2328,5,2,2,1,3,17300,M,4616152.0,-116541.0,17
201500019370,15,7,2,1650,1,2,1,1,2,17300,M,4616265.0,-116062.0,17
201500019371,15,7,3,1600,1,2,1,1,6,17300,M,4615622.0,-113050.0,17
201500019372,15,7,7,714,1,2,1,1,3,17300,M,4616266.0,-116067.0,17
201500019373,15,7,9,300,5,2,2,1,7,17300,M,4615632.0,-115731.0,17
201500019374,15,7,9,1453,1,2,1,1,1,17300,M,4615557.0,-113700.0,17
201500019375,15,7,9,530,1,2,1,1,2,17300,M,4617236.0,-111917.0,17
201500019376,15,7,10,1540,1,2,1,1,6,17300,M,4617149.0,-113945.0,17
201500019377,15,7,11,1150,1,2,1,1,3,17300,M,4616042.0,-114077.0,17
201500019378,15,7,12,35,5,2,3,1,7,17300,M,4616955.0,-116364.0,17
201500019379,15,7,12,335,5,2,1,1,7,17300,M,4617155.0,-115368.0,17
201500019380,15,7,13,40,5,2,2,1,3,17300,M,4615446.0,-113127.0,17
201500019381,15,7,14,825,1,2,1,1,6,17300,M,4616161.0,-118201.0,17
201500019382,15,7,15,125,5,2,1,1,4,17300,M,4615652.0,-112720.0,17
201500019383,15,7,15,510,1,2,1,1,7,17300,M,4616710.0,-113872.0,17
201500019384,15,7,15,1625,1,2,1,1,6,17028,M,4613349.0,-111328.0,17
201500019385,15,7,22,1410,1,2,2,1,1,17300,M,4616272.0,-116145.0,17
201500019386,15,7,22,1614,1,2,1,1,2,17274,M,4615960.0,-110334.0,17
201500019387,15,7,22,1930,1,1,1,1,7,17028,M,4613724.0,-110350.0,17
201500019388,15,7,24,1558,1,2,3,1,4,17300,M,4615941.0,-117964.0,17
201500019389,15,7,25,350,5,2,1,1,7,17274,M,4616536.0,-111034.0,17
201500019390,15,7,27,1320,1,2,1,1,6,17200,M,4617416.0,-116666.0,17
201500019391,15,7,28,1900,1,2,1,2,2,17200,M,4617825.0,-115808.0,17
201500019392,15,7,30,1240,1,2,1,1,6,17300,M,4616314.0,-115246.0,17
201500019393,15,7,30,613,1,2,1,1,2,17300,M,4616666.0,-113661.0,17
201500019394,15,7,31,1535,1,2,1,1,2,17300,M,4617536.0,-119601.0,17
201500019395,15,8,1,1829,1,1,1,1,7,17291,M,4617422.0,-111303.0,17
201500019396,15,8,4,1625,1,2,1,1,2,17300,M,4616806.0,-114239.0,17
201500019397,15,8,5,735,1,2,2,1,3,17300,M,4616506.0,-119381.0,17
201500019398,15,8,10,805,1,2,1,1,3,17300,M,4616290.0,-113485.0,17
201500019399,15,8,10,1131,1,2,1,1,2,17300,M,4615370.0,-113154.0,17
201500019400,15,8,10,1700,1,2,1,1,3,17300,M,4614900.0,-114541.0,17
201500019401,15,8,12,2215,5,2,1,1,7,17300,M,4616259.0,-114968.0,17
201500019402,15,8,14,1130,1,2,1,1,6,17291,M,4617336.0,-111842.0,17
201500019403,15,8,14,1250,1,2,9,1,7,17300,M,4616507.0,-117629.0,17
201500019404,15,8,15,1825,1,1,1,1,4,17291,M,4617875.0,-112904.0,17
201500019405,15,8,17,1320,1,2,6,1,2,17200,M,4617816.0,-115256.0,17
201500019406,15,8,20,1214,1,2,1,1,6,17300,M,4615967.0,-117911.0,17
201500019407,15,8,20,1525,1,2,1,1,3,17300,M,4615379.0,-115355.0,17
201500019408,15,8,21,1755,1,2,1,1,2,17300,M,4616532.0,-118623.0,17
201500019409,15,8,21,2230,5,2,6,1,2,17300,M,4614035.0,-116485.0,17
201500019410,15,8,22,1130,1,2,2,1,3,17300,M,4616437.0,-117739.0,17
201500019411,15,8,29,1950,1,2,2,1,3,17300,M,4617019.0,-115226.0,17
201500019412,15,8,31,1215,1,2,1,1,2,17300,M,4616768.0,-113372.0,17
201500019413,15,9,1,1151,1,2,2,1,4,17028,M,4613325.0,-111954.0,17
201500019414,15,9,1,1758,1,1,1,1,2,17291,M,4617627.0,-112578.0,17
201500019415,15,9,2,810,1,2,2,1,3,17300,M,4615043.0,-114617.0,17
201500019416,15,9,3,840,1,2,6,1,6,17200,M,4617824.0,-115288.0,17
201500019417,15,9,3,940,1,2,2,1,2,17300,M,4618221.0,-120145.0,17
201500019418,15,9,3,1105,1,2,2,1,6,17300,M,4616755.0,-118077.0,17
201500019419,15,9,3,1143,1,1,1,1,2,17300,M,4617569.0,-121506.0,17
201500019420,15,9,3,1535,1,1,1,1,2,17300,M,4616245.0,-112215.0,17
201500019421,15,9,3,1600,1,2,1,1,3,17300,M,4615536.0,-113672.0,17
201500019422,15,9,4,1523,1,2,1,1,2,17300,M,4613829.0,-115229.0,17
201500019423,15,9,4,1757,1,2,1,1,4,17300,M,4615621.0,-113049.0,17
201500019424,15,9,7,1750,1,2,1,1,3,17300,M,4616766.0,-113980.0,17
201500019425,15,9,7,1825,1,2,2,1,1,17300,M,4616271.0,-116149.0,17
201500019426,15,9,8,1550,1,2,1,1,7,17300,M,4615319.0,-113047.0,17
201500019427,15,9,8,1830,1,2,1,1,6,17300,M,4615877.0,-115391.0,17
201500019428,15,9,8,2240,5,2,1,1,7,17300,M,4615489.0,-115111.0,17
201500019429,15,9,9,900,1,2,6,1,3,17300,M,4614610.0,-115283.0,17
201500019430,15,9,10,1400,1,2,1,1,3,17300,M,4614231.0,-115292.0,17
201500019431,15,9,10,1830,1,2,1,1,2,17291,M,4617594.0,-111230.0,17
201500019432,15,9,11,40,5,2,1,1,6,17300,M,4615921.0,-117248.0,17
201500019433,15,9,11,1320,1,1,1,1,6,17300,M,4617357.0,-117827.0,17
201500019434,15,9,11,1515,1,2,1,1,6,17300,M,4616732.0,-116166.0,17
201500019435,15,9,11,2230,5,2,1,1,1,17300,M,4617307.0,-114646.0,17
201500019436,15,9,13,908,1,2,1,1,2,17300,M,4615575.0,-113438.0,17
201500019437,15,9,14,834,1,2,2,2,6,17300,M,4616919.0,-112914.0,17
201500019438,15,9,15,1700,1,2,1,1,6,17300,M,4615865.0,-114192.0,17
201500019439,15,9,16,1330,1,2,6,1,6,17300,M,4616995.0,-114658.0,17
201500019440,15,9,18,1050,1,2,1,1,3,17291,M,4617592.0,-111333.0,17
201500019441,15,9,18,1350,1,1,1,1,2,17300,M,4612095.0,-110948.0,17
201500019442,15,9,18,2120,4,2,1,1,6,17300,M,4616175.0,-116539.0,17
201500019443,15,9,19,1555,1,2,1,1,6,17300,M,4616390.0,-114723.0,17
201500019444,15,9,22,1514,1,2,1,1,5,17300,M,4616792.0,-113314.0,17
201500019445,15,9,23,1804,1,2,2,1,5,17300,M,4616877.0,-116962.0,17
201500019446,15,9,25,1845,1,2,1,1,6,17300,M,4615099.0,-111632.0,17
201500019447,15,9,27,140,3,1,1,1,6,17300,M,4617061.0,-118967.0,17
201500019448,15,9,28,1220,1,2,2,1,3,17300,M,4616519.0,-117502.0,17
201500019449,15,9,28,1435,1,1,2,1,3,17300,M,4617050.0,-120436.0,17
201500019450,15,9,28,1845,1,2,6,1,3,17200,M,4619020.0,-114683.0,17
201500019451,15,9,29,1900,1,2,3,1,2,17300,M,4616467.0,-115160.0,17
201500019452,15,9,30,1730,1,2,2,1,2,17028,M,4613160.0,-110352.0,17
201500019453,15,9,30,2115,5,2,4,1,1,17300,M,4615851.0,-114567.0,17
201500019454,15,10,8,850,1,2,3,1,3,17300,M,4615923.0,-115178.0,17
201500019455,15,10,8,1645,1,1,1,1,3,17300,M,4615556.0,-111882.0,17
201500019456,15,10,9,1020,1,2,2,1,3,17300,M,4615595.0,-116100.0,17
201500019457,15,10,9,1435,1,2,1,1,7,17200,M,4619198.0,-114762.0,17
201500019458,15,10,9,1741,1,2,1,1,3,17300,M,4615321.0,-115467.0,17
201500019459,15,10,9,1750,1,2,3,1,3,17300,M,4615729.0,-116616.0,17
201500019460,15,10,12,730,2,2,2,1,3,17300,M,4613842.0,-115137.0,17
201500019461,15,10,13,1442,1,2,6,1,3,17300,M,4616957.0,-115115.0,17
201500019462,15,10,14,934,1,2,1,1,6,17300,M,4613838.0,-115177.0,17
201500019463,15,10,14,1130,1,2,1,1,3,17300,M,4615980.0,-116657.0,17
201500019464,15,10,15,1750,1,2,1,1,1,17028,M,4613341.0,-111389.0,17
201500019465,15,10,17,714,2,1,1,1,6,17300,M,4613726.0,-110350.0,17
201500019466,15,10,17,1035,1,2,6,1,2,17300,M,4615340.0,-111302.0,17
201500019467,15,10,17,1245,1,2,2,1,3,17300,M,4617491.0,-119707.0,17
201500019468,15,10,18,1900,2,2,1,1,6,17300,M,4616784.0,-118355.0,17
201500019469,15,10,24,200,5,2,2,1,3,17300,M,4616356.0,-115467.0,17
201500019470,15,10,26,855,1,2,2,1,6,17300,M,4615622.0,-113061.0,17
201500019471,15,10,30,2330,5,2,2,1,3,17300,M,4616175.0,-114670.0,17
201500019472,15,11,1,1845,5,2,2,1,3,17300,M,4615329.0,-114618.0,17
201500019473,15,11,2,1545,1,2,2,1,2,17300,M,4616324.0,-116640.0,17
201500019474,15,11,2,1609,1,1,1,1,7,17300,M,4617332.0,-115627.0,17
201500019475,15,11,5,350,3,1,1,1,6,17200,M,4617859.0,-115770.0,17
201500019476,15,11,6,1710,2,2,1,1,7,17274,M,4615163.0,-109386.0,17
201500019477,15,11,8,1740,2,1,1,1,3,17300,M,4610326.0,-113191.0,17
201500019478,15,11,8,2325,5,2,1,1,6,17300,M,4616635.0,-114150.0,17
201500019479,15,11,13,835,1,2,1,1,3,17300,M,4617574.0,-115467.0,17
201500019480,15,11,13,1000,1,2,1,2,7,17028,M,4608000.0,-106490.0,17
201500019481,15,11,13,1900,5,2,6,1,3,17300,M,4617196.0,-121289.0,17
201500019482,15,11,16,1800,3,1,1,1,4,17291,M,4610055.0,-107155.0,17
201500019483,15,11,16,1815,5,2,1,1,1,17300,M,4609176.0,-108109.0,17
201500019484,15,11,19,1008,1,1,1,1,7,17300,M,4600000.0,-100000.0,17
201500019485,15,11,20,800,2,2,1,1,6,17300,M,4600000.0,-100000.0,17
201500019486,15,11,22,345,5,2,1,1,6,17300,M,4600000.0,-100000.0,17
201500019487,15,11,24,1855,5,2,1,1,6,17300,M,4609231.0,-108920.0,17
201500019488,15,11,24,2300,5,2,6,1,3,17300,M,4616159.0,-113978.0,17
201500019489,15,11,25,738,2,2,1,1,6,17200,M,4617915.0,-115761.0,17
201500019490,15,11,27,1044,1,2,1,1,6,17300,M,4616755.0,-113394.0,17
201500019491,15,11,27,1820,5,2,1,2,1,17291,M,4617823.0,-112219.0,17
201500019492,15,11,28,558,3,1,1,1,7,17300,M,4614640.0,-110936.0,17
201500019493,15,11,28,1148,1,2,9,1,2,17300,M,4616649.0,-117420.0,17
201500019494,15,11,28,1550,1,2,1,1,6,17291,M,4617937.0,-110707.0,17
201500019495,15,12,2,915,1,2,1,1,1,17300,M,4616365.0,-114499.0,17
201500019496,15,12,2,1517,1,1,1,1,4,17300,M,4612085.0,-110937.0,17
201500019497,15,12,3,1817,5,2,1,1,2,17300,M,4614271.0,-114476.0,17
201500019498,15,12,4,235,5,2,1,1,6,17300,M,4616268.0,-115518.0,17
201500019499,15,12,5,1615,1,2,6,1,6,17274,M,4615330.0,-111111.0,17
201500019500,15,12,5,1931,5,2,1,1,3,17300,M,4616947.0,-118090.0,17
201500019501,15,12,5,2018,5,2,9,1,1,17300,M,4616261.0,-116017.0,17
201500019502,15,12,6,2120,5,1,1,1,7,17300,M,4615605.0,-113326.0,17
201500019503,15,12,9,1915,5,2,1,1,2,17291,M,4617340.0,-111674.0,17
201500019504,15,12,9,1210,1,2,1,1,2,17300,M,4616044.0,-115336.0,17
201500019505,15,12,11,845,2,2,1,1,1,17300,M,4616827.0,-117763.0,17
201500019506,15,12,11,1018,1,2,1,1,2,17300,M,4614234.0,-113959.0,17
201500019507,15,12,11,1225,1,2,9,1,6,17300,M,4614423.0,-115312.0,17
201500019508,15,12,14,1314,1,2,1,1,2,17274,M,4616068.0,-110083.0,17
201500019509,15,12,14,1430,1,2,1,1,2,17300,M,4617151.0,-112330.0,17
201500019510,15,12,16,1530,1,2,1,1,6,17300,M,4615680.0,-114976.0,17
201500019511,15,12,16,1825,5,2,1,1,6,17200,M,4618374.0,-115222.0,17
201500019512,15,12,18,500,3,2,1,2,1,17028,M,4612721.0,-113086.0,17
201500019513,15,12,23,1840,3,1,1,1,2,17300,M,4617364.0,-117821.0,17
201500019514,15,1,2,455,3,2,1,1,7,17306,M,4563072.0,-100656.0,17
201500019515,15,11,5,815,1,2,1,1,6,17333,M,4560757.0,-99258.0,17
201500019516,15,3,26,1725,1,2,3,1,6,17306,M,4564064.0,-102491.0,17
201500019517,15,1,2,1155,1,2,1,1,6,17306,M,4563407.0,-103453.0,17
201500019518,15,11,10,2050,3,1,1,5,2,17306,M,4562264.0,-99670.0,17
201500019519,15,3,30,2020,5,2,3,1,2,17306,M,4562872.0,-101034.0,17
201500019520,15,1,2,1405,1,2,1,1,2,17380,M,4566379.0,-107211.0,17
201500019521,15,11,11,1625,1,2,1,1,7,17306,M,4562559.0,-99900.0,17
201500019522,15,4,4,525,3,1,1,1,6,17461,M,4565008.0,-104843.0,17
201500019523,15,11,21,1640,1,2,2,1,3,17333,M,4560302.0,-99692.0,17
201500019524,15,4,12,1901,1,1,3,1,6,17306,M,4562400.0,-102915.0,17
201500019525,15,1,8,1500,1,2,1,1,6,17306,M,4563978.0,-103004.0,17
201500019526,15,11,21,1730,2,2,1,1,6,17380,M,4565196.0,-108738.0,17
201500019527,15,1,21,1216,1,2,1,1,1,17306,M,4562650.0,-102738.0,17
201500019528,15,4,19,1910,2,2,1,1,6,17306,M,4562349.0,-103945.0,17
201500019529,15,11,24,1454,1,2,2,1,3,17306,M,4537499.0,-59457.0,17
201500019530,15,1,23,1554,1,2,1,1,2,17306,M,4562710.0,-101237.0,17
201500019531,15,4,25,1428,1,2,2,1,6,17306,M,4562491.0,-102123.0,17
201500019532,15,12,1,1635,2,2,1,1,6,17306,M,4562921.0,-103229.0,17
201500019533,15,1,23,1715,1,2,1,1,6,17306,M,4562444.0,-101891.0,17
201500019534,15,4,28,1624,1,2,1,1,4,17306,M,4562748.0,-99706.0,17
201500019535,15,12,2,1230,1,2,1,1,3,17333,M,4536145.0,-59362.0,17
201500019536,15,1,29,1845,3,2,1,2,4,17306,M,4564481.0,-102466.0,17
201500019537,15,5,9,1840,1,2,1,1,6,17380,M,4564338.0,-102621.0,17
201500019538,15,1,31,1420,1,2,1,1,6,17380,M,4565194.0,-107292.0,17
201500019539,15,5,11,1405,1,2,3,1,3,17306,M,4562642.0,-102945.0,17
201500019540,15,12,27,1840,5,2,1,1,2,17306,M,4562483.0,-102160.0,17
201500019541,15,2,2,1410,1,2,3,2,3,17306,M,4562871.0,-101035.0,17
201500019542,15,5,13,1202,1,2,2,1,3,17306,M,4562459.0,-102402.0,17
201500019543,15,12,29,1625,1,2,1,1,6,17333,M,4560201.0,-99352.0,17
201500019544,15,2,16,2005,5,2,1,1,6,17306,M,4562451.0,-102969.0,17
201500019545,15,5,15,1020,1,2,1,1,6,17306,M,4562496.0,-102939.0,17
201500019546,15,2,17,833,1,2,3,1,2,17306,M,4564140.0,-104449.0,17
201500019547,15,5,16,1150,1,2,1,1,6,17306,M,4563594.0,-102726.0,17
201500019548,15,2,20,745,2,2,1,1,6,17306,M,4564652.0,-102442.0,17
201500019549,15,5,20,1800,1,2,6,1,2,17461,M,4564974.0,-106820.0,17
201500019550,15,2,25,917,1,2,1,1,2,17333,M,4560369.0,-99337.0,17
201500019551,15,5,25,1012,1,2,3,1,3,17306,M,4562852.0,-104094.0,17
201500019552,15,2,28,1222,1,2,1,3,6,17306,M,4563012.0,-99344.0,17
201500019553,15,6,2,805,2,1,1,1,2,17333,M,4561624.0,-98781.0,17
201500019554,15,3,4,1555,1,2,1,1,6,17306,M,4562445.0,-102968.0,17
201500019555,15,6,6,1700,1,2,5,1,1,17306,M,4562961.0,-99391.0,17
201500019556,15,3,10,757,2,2,3,1,3,17306,M,4562452.0,-102971.0,17
201500019557,15,6,15,1614,1,2,1,1,1,17306,M,4562857.0,-99517.0,17
201500019558,15,6,19,2005,2,2,1,1,6,17306,M,4562213.0,-103367.0,17
201500019559,15,6,23,20,5,2,1,1,6,17306,M,4562787.0,-102803.0,17
201500019560,15,6,24,1815,1,2,2,1,3,17333,M,4561158.0,-100468.0,17
201500019561,15,6,27,1135,1,2,3,1,3,17306,M,4562959.0,-100895.0,17
201500019562,15,6,30,752,1,1,2,1,1,17380,M,4565042.0,-106966.0,17
201500019563,15,7,3,855,1,2,1,2,2,17306,M,4561311.0,-99905.0,17
201500019564,15,7,4,1135,1,1,1,1,7,17380,M,4564662.0,-110285.0,17
201500019565,15,7,5,1430,1,1,1,1,3,17380,M,4564883.0,-104764.0,17
201500019566,15,7,10,1501,1,2,2,1,3,17306,M,4562941.0,-99371.0,17
201500019567,15,7,10,1940,1,2,2,1,3,17306,M,4563196.0,-98556.0,17
201500019568,15,7,12,1900,1,2,3,1,2,17380,M,4565578.0,-108762.0,17
201500019569,15,7,13,1732,1,2,1,1,3,17306,M,4563650.0,-103788.0,17
201500019570,15,7,14,307,5,2,1,1,6,17380,M,4565482.0,-107849.0,17
201500019571,15,7,15,1215,1,2,2,1,3,17333,M,4559579.0,-98902.0,17
201500019572,15,7,19,2020,2,2,1,1,7,17380,M,4565261.0,-107614.0,17
201500019573,15,7,20,1215,1,2,1,1,6,17306,M,4562522.0,-100106.0,17
201500019574,15,7,23,1356,1,2,3,1,3,17333,M,4561086.0,-100907.0,17
201500019575,15,7,24,2155,2,2,3,1,3,17306,M,4562086.0,-103658.0,17
201500019576,15,7,27,640,1,2,1,1,3,17306,M,4562285.0,-101025.0,17
201500019577,15,7,30,1700,1,1,1,1,3,17461,M,4564378.0,-104112.0,17
201500019578,15,7,31,955,1,2,1,1,1,17306,M,4563617.0,-104110.0,17
201500019579,15,8,1,235,3,2,1,1,6,17333,M,4560000.0,-98976.0,17
201500019580,15,8,1,1030,1,2,1,1,6,17306,M,4562692.0,-103157.0,17
201500019581,15,8,1,2020,2,2,1,1,1,17306,M,4562116.0,-101926.0,17
201500019582,15,8,4,2034,2,2,1,1,6,17380,M,4565082.0,-107033.0,17
201500019583,15,8,8,1747,1,2,3,1,3,17306,M,4563009.0,-99493.0,17
201500019584,15,8,10,1530,1,2,3,1,3,17306,M,4562819.0,-100970.0,17
201500019585,15,8,10,1530,1,2,3,1,3,17306,M,4562764.0,-105114.0,17
201500019586,15,8,13,110,5,2,1,3,7,17333,M,4560389.0,-98333.0,17
201500019587,15,8,14,1840,1,2,1,1,7,17306,M,4563923.0,-103747.0,17
201500019588,15,8,15,522,3,1,1,1,7,17306,M,4563675.0,-101769.0,17
201500019589,15,8,15,750,1,2,1,1,6,17461,M,4564504.0,-106022.0,17
201500019590,15,8,17,1920,1,2,1,1,3,17306,M,4563477.0,-102898.0,17
201500019591,15,8,19,1635,1,2,1,1,3,17380,M,4564826.0,-111465.0,17
201500019592,15,8,27,2040,2,2,6,1,3,17306,M,4562819.0,-101710.0,17
201500019593,15,8,28,1220,1,2,2,1,6,17306,M,4562531.0,-102600.0,17
201500019594,15,9,1,45,5,2,1,1,6,17306,M,4562561.0,-104967.0,17
201500019595,15,9,3,113,5,2,1,1,6,17461,M,4563662.0,-107025.0,17
201500019596,15,9,5,2320,5,2,1,1,7,17306,M,4537523.0,-59376.0,17
201500019597,15,9,29,1524,1,2,1,1,2,17306,M,4562188.0,-103910.0,17
201500019598,15,10,8,850,1,2,1,1,2,17306,M,4563006.0,-103017.0,17
201500019599,15,10,13,1325,1,2,6,1,6,17306,M,4563617.0,-102853.0,17
201500019600,15,10,13,1505,1,2,1,1,6,17306,M,4537557.0,-59350.0,17
201500019601,15,10,16,925,1,2,1,1,2,17306,M,4563270.0,-98125.0,17
201500019602,15,10,16,1650,1,2,3,1,3,17333,M,4561250.0,-99247.0,17
201500019603,15,10,19,1210,1,2,1,1,6,17306,M,4562453.0,-103913.0,17
201500019604,15,10,21,1144,1,2,1,1,6,17306,M,4561840.0,-98397.0,17
201500019605,15,10,28,1815,5,2,2,1,6,17306,M,4563660.0,-102854.0,17
201500019606,15,10,29,1503,1,2,1,1,2,17306,M,4562893.0,-104010.0,17
201500019607,15,11,1,1835,2,2,2,1,3,17333,M,4560388.0,-100395.0,17
201500019608,15,6,1,615,1,1,1,1,1,40080,M,4376138.0,-27352.0,40
201500019609,15,1,11,2345,3,1,1,9,6,27613,M,4910203.0,50698.0,27
201500019610,15,3,28,1515,1,1,1,2,6,27125,M,4919458.0,77017.0,27
201500019611,15,6,5,1415,1,1,1,1,6,27125,M,4920266.0,76984.0,27
201500019612,15,7,16,2100,1,1,1,1,6,27148,M,4898799.0,44185.0,27
201500019613,15,10,23,1515,1,1,1,1,2,27095,M,4922213.0,74719.0,27
201500019614,15,10,27,1015,1,1,1,1,7,27049,M,4900345.0,69742.0,27
201500019615,15,9,12,1600,1,1,1,1,6,61352,M,4881049.0,-12643.0,61
201500019616,15,12,17,430,3,1,1,1,6,61306,M,4865780.0,22464.0,61
201500019617,15,1,4,1015,1,2,3,1,3,17415,M,4574029.0,-62065.0,17