Num_Acc,an,mois,jour,hrmn,lum,agg,int,atm,col,com,gps,lat,long,dep
201500019618,15,4,3,1630,1,2,1,1,6,17415,M,4574579.0,-59022.0,17
201500019619,15,11,27,1035,1,2,1,1,6,17415,M,4544275.0,-38037.0,17
201500019620,15,1,17,405,3,1,1,1,6,17415,M,4573021.0,-62566.0,17
201500019621,15,4,8,1802,1,2,1,1,6,17415,M,4575426.0,-60780.0,17
201500019622,15,12,2,1800,2,2,1,1,2,17415,M,4544265.0,-37376.0,17
201500019623,15,1,25,1840,2,1,1,1,6,17415,M,4573649.0,-60561.0,17
201500019624,15,12,12,1905,1,1,1,1,1,17415,M,4544243.0,-39429.0,17
201500019625,15,3,4,914,1,2,1,1,6,17415,M,4574872.0,-64420.0,17
201500019626,15,1,28,1615,1,1,1,1,6,17415,M,4578311.0,-66290.0,17
201500019627,15,3,10,1400,1,2,1,1,6,17415,M,4574668.0,-62453.0,17
201500019628,15,12,13,1730,2,2,3,1,2,17415,M,4544432.0,-36481.0,17
201500019629,15,1,31,2050,3,1,1,1,6,17415,M,4574027.0,-65898.0,17
201500019630,15,3,18,1530,1,2,1,1,6,17415,M,4574365.0,-65590.0,17
201500019631,15,1,31,2145,3,1,6,1,6,17415,M,4574038.0,-66236.0,17
201500019632,15,3,20,2050,2,2,1,1,6,17415,M,4573934.0,-67278.0,17
201500019633,15,2,5,1105,1,2,2,1,6,17415,M,4573796.0,-61650.0,17
201500019634,15,3,23,1730,1,2,1,1,6,17415,M,4574457.0,-62435.0,17
201500019635,15,2,6,1825,2,2,1,1,6,17415,M,4574017.0,-64201.0,17
201500019636,15,3,31,745,5,2,1,1,6,17415,M,4574710.0,-63167.0,17
201500019637,15,2,11,1130,1,1,6,1,6,17415,M,4576029.0,-63786.0,17
201500019638,15,3,31,1210,1,1,1,1,6,17415,M,4574225.0,-59888.0,17
201500019639,15,2,13,2140,3,2,1,1,6,17415,M,4574033.0,-66000.0,17
201500019640,15,4,11,545,1,1,1,1,6,17415,M,4574658.0,-62277.0,17
201500019641,15,2,27,1310,1,1,1,1,6,17415,M,4574017.0,-66210.0,17
201500019642,15,4,12,1738,1,2,1,1,6,17415,M,4574314.0,-62580.0,17
201500019643,15,4,13,1915,1,2,1,1,6,17415,M,4574748.0,-63845.0,17
201500019644,15,4,16,940,1,1,3,1,6,17415,M,4574579.0,-59017.0,17
201500019645,15,4,30,645,5,2,3,1,6,17415,M,4574591.0,-62873.0,17
201500019646,15,4,30,1700,1,1,1,8,6,17415,M,4575424.0,-61417.0,17
201500019647,15,5,21,1730,1,1,6,1,3,17415,M,4575294.0,-63105.0,17
201500019648,15,5,27,1105,1,2,6,1,3,17415,M,4574691.0,-62844.0,17
201500019649,15,5,28,1600,1,2,1,1,6,17415,M,4574714.0,-63239.0,17
201500019650,15,6,6,955,1,1,1,1,2,17415,M,4572650.0,-63583.0,17
201500019651,15,6,8,1650,1,1,6,1,3,17415,M,4573711.0,-65748.0,17
201500019652,15,6,8,1945,1,1,1,1,6,17415,M,4574754.0,-67500.0,17
201500019653,15,6,28,845,1,1,6,1,3,17415,M,4574691.0,-62840.0,17
201500019654,15,7,2,1340,1,1,1,1,6,17415,M,4574633.0,-67476.0,17
201500019655,15,7,5,1730,1,1,1,1,6,17415,M,4574077.0,-62793.0,17
201500019656,15,7,6,1315,1,1,1,1,6,17415,M,4574222.0,-66111.0,17
201500019657,15,7,6,1700,1,2,1,1,6,17415,M,4574684.0,-67398.0,17
201500019658,15,7,12,1855,1,1,1,1,6,17415,M,4574957.0,-66113.0,17
201500019659,15,7,14,1210,1,2,1,1,2,17415,M,4574153.0,-63870.0,17
201500019660,15,7,17,1920,1,1,1,1,6,17415,M,4574677.0,-69789.0,17
201500019661,15,7,21,1625,1,2,5,1,6,17415,M,4573894.0,-65362.0,17
201500019662,15,7,22,2100,1,1,1,1,6,17415,M,4574680.0,-66929.0,17
201500019663,15,7,27,1640,1,1,1,1,6,17415,M,4574506.0,-62731.0,17
201500019664,15,7,28,1735,1,2,1,1,6,17415,M,4574629.0,-63795.0,17
201500019665,15,8,4,1020,1,1,5,1,3,17415,M,4574531.0,-66961.0,17
201500019666,15,8,5,1725,1,2,1,1,6,17415,M,4575068.0,-64817.0,17
201500019667,15,8,22,1055,1,1,1,1,2,17415,M,4572434.0,-65121.0,17
201500019668,15,9,9,1423,1,2,1,1,6,17415,M,4544399.0,-37402.0,17
201500019669,15,9,22,1925,1,2,1,1,6,17415,M,4543499.0,-38277.0,17
201500019670,15,9,23,1652,1,2,1,1,2,17415,M,4574695.0,-63047.0,17
201500019671,15,9,28,910,1,1,1,1,2,17415,M,4542560.0,-39080.0,17
201500019672,15,9,29,1750,1,1,3,1,3,17415,M,4544450.0,-40090.0,17
201500019673,15,10,6,1608,1,2,1,1,2,17415,M,4544360.0,-38236.0,17
201500019674,15,10,14,1325,1,2,3,1,3,17415,M,4543539.0,-38542.0,17
201500019675,15,10,22,1615,1,2,1,1,6,17415,M,4544491.0,-37414.0,17
201500019676,15,10,25,215,5,1,6,1,6,17415,M,4543274.0,-38248.0,17
201500019677,15,10,27,1730,1,2,1,3,2,17415,M,4544266.0,-37407.0,17
201500019678,15,10,28,1535,1,2,1,1,1,17415,M,4543510.0,-38424.0,17
201500019679,15,10,28,1745,1,1,3,1,5,17415,M,4544347.0,-40076.0,17
201500019680,15,11,20,1715,1,1,3,1,3,17415,M,4544457.0,-40099.0,17
201500019681,15,12,2,1550,1,1,1,1,3,17415,M,4543130.0,-38146.0,17
201500019682,15,1,8,1815,3,1,1,1,6,37160,M,0.0,0.0,37
201500019683,15,8,21,1445,1,1,1,1,6,37170,M,0.0,0.0,37
201500019684,15,9,15,1700,1,1,1,1,4,37194,M,,,37
201500019685,15,9,29,1700,1,1,1,1,6,37166,M,0.0,0.0,37
201500019686,15,10,19,800,1,1,1,1,6,37204,M,0.0,0.0,37
201500019687,15,2,20,1740,1,1,1,1,3,34270,M,4358599.0,383787.0,34
201500019688,15,3,5,1815,1,2,1,1,3,34270,M,4358023.0,384816.0,34
201500019689,15,4,2,745,1,2,1,1,1,34270,M,4357300.0,384948.0,34
201500019690,15,5,3,530,2,1,1,1,6,34095,M,4352439.0,373715.0,34
201500019691,15,5,8,845,1,1,1,1,3,34270,M,4356084.0,384933.0,34
201500019692,15,6,18,745,1,2,1,1,3,34270,M,4357354.0,381856.0,34
201500019693,15,7,16,2315,3,1,1,1,6,34095,M,4356149.0,377156.0,34
201500019694,15,9,14,645,2,2,1,1,1,34270,M,4356430.0,385014.0,34
201500019695,15,9,15,1045,1,2,1,1,6,34270,M,4357817.0,383541.0,34
201500019696,15,9,28,830,1,2,1,1,3,34095,M,4354641.0,377317.0,34
201500019697,15,10,31,1215,1,1,1,1,2,34270,M,4356055.0,384934.0,34
201500019698,15,11,21,1245,1,2,1,1,6,34270,M,0.0,0.0,34
201500019699,15,12,17,745,2,1,3,8,5,34295,M,4356486.0,380376.0,34
201500019700,15,1,4,1500,1,2,1,7,6,66141,M,4274646.0,292138.0,66
201500019701,15,9,4,30,5,2,1,1,6,66141,M,4273826.0,290718.0,66
201500019702,15,2,8,930,1,1,1,1,3,30141,M,0.0,0.0,30
201500019703,15,2,19,1500,1,1,1,1,1,30141,M,4408444.0,470503.0,30
201500019704,15,4,10,830,1,2,1,1,6,30331,M,4410736.0,458661.0,30
201500019705,15,4,29,1245,1,1,3,1,3,30331,M,4411748.0,459413.0,30
201500019706,15,4,30,1815,1,2,1,1,1,30331,M,4410628.0,459207.0,30
201500019707,15,5,11,930,1,2,1,1,6,30141,M,4409710.0,469849.0,30
201500019708,15,6,19,2330,3,1,1,1,7,30331,M,4410267.0,458477.0,30
201500019709,15,7,7,1430,1,1,1,1,3,30092,M,4409406.0,459692.0,30
201500019710,15,8,8,715,1,1,1,1,1,30331,M,4411527.0,458523.0,30
201500019711,15,8,23,1930,1,1,1,3,1,30127,M,4407154.0,458136.0,30
201500019712,15,8,30,700,1,1,1,1,1,30141,M,4411412.0,469018.0,30
201500019713,15,9,3,830,1,1,1,8,6,30331,M,4411562.0,461523.0,30
201500019714,15,9,21,1815,1,2,1,1,3,30092,M,4409160.0,458975.0,30
201500019715,15,9,29,1545,1,1,1,1,2,30191,M,4412398.0,468110.0,30
201500019716,15,9,29,1815,1,2,1,1,7,30292,M,0.0,0.0,30
201500019717,15,11,14,1415,1,2,1,1,1,30141,M,4408875.0,470495.0,30
201500019718,15,12,9,1815,5,1,1,1,1,30331,M,4413443.0,460484.0,30
201500019719,15,1,11,715,2,2,1,1,1,41294,M,4781000.0,99300.0,41
201500019720,15,2,25,1545,1,1,1,8,3,41278,M,4765200.0,95300.0,41
201500019721,15,4,8,1230,1,2,1,1,6,41149,M,4775200.0,87400.0,41
201500019722,15,4,29,1045,1,1,1,1,3,41199,M,4770000.0,100200.0,41
201500019723,15,5,15,2145,3,1,1,1,7,41265,M,4779100.0,78800.0,41
201500019724,15,5,21,1715,1,1,1,1,3,41078,M,4790100.0,92200.0,41
201500019725,15,8,1,1145,1,1,1,7,7,41149,M,4777076.0,83142.0,41
201500019726,15,10,21,845,2,1,1,1,6,41238,M,4786567.0,85485.0,41
201500019727,15,11,6,2245,3,2,1,1,6,41225,M,4772453.0,82323.0,41
201500019728,15,11,15,1430,1,1,1,1,1,41113,M,4774202.0,89742.0,41
201500019729,15,12,20,830,2,1,1,1,6,41087,M,4781478.0,86142.0,41
201500019730,15,3,28,1330,1,2,2,8,3,77436,M,4880188.0,321134.0,77
201500019731,15,6,4,1815,1,2,1,1,3,77182,M,0.0,0.0,77
201500019732,15,6,15,1045,1,1,1,1,7,77097,M,0.0,0.0,77
201500019733,15,6,30,1700,1,1,1,1,7,77314,M,0.0,0.0,77
201500019734,15,9,3,645,2,1,1,1,7,77314,M,0.0,0.0,77
201500019735,15,9,17,815,1,1,1,2,6,77240,M,0.0,0.0,77
201500019736,15,10,5,1645,1,1,2,3,3,77398,M,0.0,0.0,77
201500019737,15,10,6,1200,1,2,1,1,6,77287,M,4878935.0,343011.0,77
201500019738,15,2,3,1330,1,1,1,1,6,62172,M,5019328.0,281825.0,62
201500019739,15,3,21,1145,1,2,2,1,3,62151,M,5021000.0,278156.0,62
201500019740,15,8,16,100,3,1,1,1,6,62559,M,5020463.0,311118.0,62
201500019741,15,9,4,1245,1,2,1,1,7,62259,M,5019778.0,287854.0,62
201500019742,15,1,18,1,3,1,1,1,6,62579,M,5018237.0,266696.0,62
201500019743,15,9,6,1345,1,2,1,1,1,62272,M,5017481.0,272395.0,62
201500019744,15,4,1,1030,2,1,1,8,6,62195,M,5060458.0,258725.0,62
201500019745,15,6,19,115,3,2,1,1,6,62176,M,5049935.0,170559.0,62
201500019746,15,10,11,1630,1,2,1,1,6,62447,M,5037414.0,204005.0,62
201500019747,15,11,14,2245,3,2,1,2,3,62783,M,5034904.0,184953.0,62
201500019748,15,4,23,2145,2,1,1,1,6,62553,M,5046627.0,240318.0,62
201500019749,15,6,12,1715,1,2,1,1,6,62416,M,5033499.0,231452.0,62
201500019750,15,8,2,600,2,2,1,1,6,62835,M,5044620.0,237905.0,62
201500019751,15,8,11,1245,1,2,1,1,6,62767,M,5037397.0,233266.0,62
201500019752,15,9,30,1230,1,2,2,1,3,62719,M,5040278.0,212824.0,62
201500019753,15,11,5,830,1,1,1,1,1,62647,M,5037880.0,209937.0,62
201500019754,15,11,23,1630,1,1,1,1,6,62580,M,5040301.0,243915.0,62
201500019755,15,1,6,1515,1,1,1,2,6,44187,M,4719274.0,-202382.0,44
201500019756,15,1,17,800,2,1,1,1,1,44021,M,4705750.0,-197426.0,44
201500019757,15,1,23,1445,1,1,1,1,1,44133,M,4712608.0,-176246.0,44
201500019758,15,3,23,1145,1,1,1,1,2,44154,M,4721792.0,-215130.0,44
201500019759,15,8,5,1115,1,1,3,1,2,44187,M,4719874.0,-203343.0,44
201500019760,15,8,26,1000,1,2,1,1,1,44038,M,4715027.0,-198466.0,44
201500019761,15,1,7,2110,3,2,1,8,7,37226,M,,,37
201500019762,15,1,13,1100,1,1,3,2,3,37154,M,0.0,0.0,37
201500019763,15,1,14,1415,1,1,1,1,2,37216,M,0.0,0.0,37
201500019764,15,1,20,1845,5,1,1,1,1,37261,M,0.0,0.0,37
201500019765,15,2,4,1245,1,2,1,1,6,37083,M,0.0,0.0,37
201500019766,15,2,6,715,3,1,1,1,3,37192,M,0.0,0.0,37
201500019767,15,3,7,1445,1,2,1,1,2,37154,M,0.0,0.0,37
201500019768,15,5,14,340,5,1,1,1,6,37208,M,0.0,0.0,37
201500019769,15,6,28,2230,3,1,1,1,6,37216,M,0.0,0.0,37
201500019770,15,7,9,1530,1,1,1,1,7,37228,M,0.0,0.0,37
201500019771,15,8,14,1500,1,1,1,1,4,37278,M,0.0,0.0,37
201500019772,15,8,16,1230,1,1,1,1,6,37272,M,0.0,0.0,37
201500019773,15,8,30,1915,1,1,1,1,6,37050,M,0.0,0.0,37
201500019774,15,11,3,1730,2,1,1,8,6,37226,M,0.0,0.0,37
201500019775,15,11,13,1900,3,1,1,1,5,37278,M,0.0,0.0,37
201500019776,15,11,23,900,1,1,1,5,6,37272,M,0.0,0.0,37
201500019777,15,2,14,1515,1,1,1,3,1,21310,M,4732533.0,459044.0,21
201500019778,15,5,3,1715,1,1,2,2,1,21081,M,4736772.0,477506.0,21
201500019779,15,6,11,1015,1,2,1,1,3,21661,M,4731846.0,491035.0,21
201500019780,15,9,15,1315,1,1,2,1,3,21223,M,4735291.0,498347.0,21
201500019781,15,1,5,1330,1,1,2,1,3,83130,M,4317500.0,605900.0,83
201500019782,15,1,30,1430,1,1,1,1,4,83054,M,4315398.0,604118.0,83
201500019783,15,3,1,915,1,1,1,1,1,83130,M,4319300.0,602600.0,83
201500019784,15,6,20,1215,1,1,1,1,3,83054,M,0.0,0.0,83
201500019785,15,7,4,400,5,2,1,1,6,83054,M,4315786.0,604048.0,83
201500019786,15,8,8,1815,1,2,1,1,3,83054,M,0.0,0.0,83
201500019787,15,8,9,1130,1,2,6,1,3,83130,M,0.0,0.0,83
201500019788,15,9,11,1215,1,2,6,1,3,83130,M,4319410.0,604205.0,83
201500019789,15,10,18,145,5,2,1,1,1,83131,M,0.0,0.0,83
201500019790,15,11,8,1830,5,2,1,1,7,83054,M,4316900.0,603800.0,83
201500019791,15,11,18,1300,1,2,1,1,6,83131,M,0.0,0.0,83
201500019792,15,11,21,1955,5,1,1,1,1,83054,M,4315399.0,604118.0,83
201500019793,15,6,23,1600,1,2,2,1,3,87202,M,4589640.0,110581.0,87
201500019794,15,3,6,600,2,1,1,6,6,20009,M,0.0,0.0,202
201500019795,15,5,7,1600,1,2,1,1,3,20009,M,0.0,0.0,202
201500019796,15,6,13,515,2,1,1,1,6,20143,M,0.0,0.0,202
201500019797,15,7,28,745,1,1,3,1,3,20009,M,0.0,0.0,202
201500019798,15,8,27,1600,1,1,1,1,7,20320,M,4215300.0,949300.0,202
201500019799,15,9,5,1245,1,1,1,1,7,20124,M,0.0,0.0,202
201500019800,15,9,23,1030,1,1,1,1,1,20143,M,0.0,0.0,202
201500019801,15,12,3,1800,5,2,1,1,3,20009,M,0.0,0.0,202
201500019802,15,2,15,1700,1,1,1,1,7,47244,M,4438360.0,16524.0,47
201500019803,15,3,22,1345,1,1,1,1,3,47114,M,4437080.0,10651.0,47
201500019804,15,5,15,1715,1,1,3,1,3,47233,M,4452400.0,10776.0,47
201500019805,15,6,29,1800,1,1,1,1,3,47121,M,4435710.0,10716.0,47
201500019806,15,11,21,1530,1,1,1,8,1,47108,M,4448920.0,13231.0,47
201500019807,15,12,19,1100,1,1,2,1,3,47227,M,4437110.0,6810.0,47
201500019808,15,4,9,715,1,1,1,1,1,23239,M,4637100.0,151600.0,23
201500019809,15,6,24,2300,3,1,1,1,1,50137,M,4888880.0,-119932.0,50
201500019810,15,7,9,2215,2,1,1,1,6,50465,M,4908820.0,-113328.0,50
201500019811,15,12,17,830,1,1,1,1,1,50512,M,4904720.0,-116568.0,50
201500019812,15,2,7,830,1,1,1,1,6,22032,M,4833047.0,-211691.0,22
201500019813,15,4,1,1415,1,1,2,1,1,22239,M,4834242.0,-210443.0,22
201500019814,15,4,26,1515,1,1,2,1,3,22185,M,4837343.0,-236184.0,22
201500019815,15,6,4,800,1,1,2,1,5,22337,M,4831090.0,-234107.0,22
201500019816,15,6,20,1530,1,1,1,1,7,22032,M,4831053.0,-216261.0,22
201500019817,15,8,7,1945,2,1,1,1,2,22240,M,4825874.0,-222485.0,22
201500019818,15,9,4,2015,2,1,1,1,7,22032,M,4827686.0,-215520.0,22
201500019819,15,10,3,115,3,1,1,1,6,22145,M,4839857.0,-231408.0,22
201500019820,15,11,6,2200,3,1,1,2,3,22032,M,4827680.0,-215530.0,22
201500019821,15,11,26,1700,2,1,1,2,1,22240,M,4827589.0,-225015.0,22
201500019822,15,12,19,2345,4,2,1,1,6,22239,M,4835845.0,-212615.0,22
201500019823,15,2,6,630,5,2,1,1,1,14119,M,4915130.0,-26771.0,14
201500019824,15,5,7,1300,1,1,3,1,3,14456,M,4910290.0,-16355.0,14
201500019825,15,6,9,1355,1,1,1,1,6,14719,M,4903010.0,-27330.0,14
201500019826,15,10,5,1630,1,1,1,3,6,14088,M,4896280.0,-22973.0,14
201500019827,15,5,1,2030,2,2,1,8,7,08199,M,4977374.0,479263.0,08
201500019828,15,9,27,1430,1,2,1,1,6,08096,M,4970964.0,474858.0,08
201500019829,15,10,9,1000,1,1,1,1,5,08140,M,4968904.0,482593.0,08
201500019830,15,12,20,415,3,1,1,2,7,08400,M,4965160.0,478486.0,08
201500019831,15,9,18,1130,1,1,1,1,1,38429,M,4489052.0,561647.0,38
201500019832,15,2,23,2325,3,1,1,1,6,18033,M,4706428.0,243164.0,18
201500019833,15,3,3,1815,5,2,3,3,6,18033,M,4708051.0,240572.0,18
201500019834,15,3,7,1320,1,2,1,1,6,18033,M,4708645.0,239289.0,18
201500019835,15,3,14,1320,1,2,2,1,3,18033,M,4710386.0,240983.0,18
201500019836,15,3,20,2000,3,1,1,1,6,18205,M,,,18
201500019837,15,3,17,1739,1,2,3,1,3,18033,M,4706096.0,241282.0,18
201500019838,15,3,26,757,1,2,3,1,3,18033,M,4707922.0,238981.0,18
201500019839,15,4,12,140,5,1,1,1,7,18033,M,4710633.0,240889.0,18
201500019840,15,4,20,1734,1,2,1,1,2,18033,M,4708031.0,240471.0,18
201500019841,15,4,25,513,5,2,1,2,6,18033,M,4709386.0,239066.0,18
201500019842,15,4,26,1429,1,2,6,2,2,18033,M,4709367.0,239397.0,18
201500019843,15,4,25,2120,5,2,1,1,6,18033,M,4707891.0,239450.0,18
201500019844,15,5,12,2341,5,2,1,1,6,18033,M,4711778.0,240250.0,18
201500019845,15,5,28,1340,1,2,2,1,3,18033,M,4706712.0,238000.0,18
201500019846,15,5,31,1308,1,2,3,1,3,18033,M,4707520.0,241314.0,18
201500019847,15,6,1,1304,1,1,2,1,5,18213,M,4709746.0,245971.0,18
201500019848,15,6,12,1345,1,2,1,1,6,18205,M,4711150.0,237873.0,18
201500019849,15,6,15,1540,1,2,2,1,3,18033,M,4711010.0,241612.0,18
201500019850,15,6,26,1430,1,2,2,1,6,18205,M,4710680.0,238827.0,18
201500019851,15,6,29,2231,5,2,2,1,5,18033,M,4710434.0,239893.0,18
201500019852,15,7,3,1500,1,2,1,1,3,18033,M,4711193.0,240375.0,18
201500019853,15,7,21,1656,1,1,2,1,3,18205,M,4712490.0,234703.0,18
201500019854,15,7,26,100,3,2,1,1,7,18033,M,4705828.0,235997.0,18
201500019855,15,8,7,1840,1,1,2,1,3,18267,M,4702328.0,236934.0,18
201500019856,15,8,14,1130,1,1,3,1,6,18033,M,0.0,0.0,18
201500019857,15,8,17,1,5,2,1,1,1,18033,M,4705995.0,236032.0,18
201500019858,15,8,16,1740,1,1,1,1,7,18050,M,4705159.0,231594.0,18
201500019859,15,1,2,1930,5,2,2,2,6,18033,M,4707140.0,238824.0,18
201500019860,15,8,22,1510,1,2,1,1,6,18033,M,4708231.0,239510.0,18
201500019861,15,8,30,1826,1,1,1,1,5,18033,M,4703946.0,235557.0,18
201500019862,15,9,2,1325,1,2,1,1,7,18205,M,4711620.0,236106.0,18
201500019863,15,9,3,2200,5,2,2,1,3,18033,M,4707476.0,238563.0,18
201500019864,15,9,5,1530,1,1,1,1,7,18205,M,4712670.0,233571.0,18
201500019865,15,9,4,2045,5,2,5,1,1,18033,M,0.0,0.0,18
201500019866,15,9,5,1924,1,2,1,1,7,18033,M,4709578.0,240410.0,18
201500019867,15,10,12,2025,5,2,2,8,1,18033,M,4711045.0,240081.0,18
201500019868,15,10,9,1735,1,2,3,1,6,18213,M,4709656.0,244796.0,18
201500019869,15,10,15,1300,1,2,3,1,3,18033,M,0.0,0.0,18
201500019870,15,11,2,1300,1,2,7,1,6,18033,M,4707844.0,239885.0,18
201500019871,15,11,3,1329,1,2,1,1,6,18205,M,4711059.0,237817.0,18
201500019872,15,11,10,10,3,1,2,1,3,18033,M,4704496.0,244322.0,18
201500019873,15,11,15,2100,3,1,1,1,6,18033,M,,,18
201500019874,15,11,18,2040,5,1,3,1,3,18033,M,4706840.0,241548.0,18
201500019875,15,11,19,1827,5,2,3,2,3,18213,M,4710151.0,248360.0,18
201500019876,15,11,23,2130,5,2,2,1,1,18033,M,4707825.0,240886.0,18
201500019877,15,11,26,804,1,2,1,1,6,18033,M,4707010.0,238029.0,18
201500019878,15,12,6,1105,1,2,5,1,3,18033,M,4707572.0,238463.0,18
201500019879,15,1,13,835,1,2,1,1,3,18033,M,4706796.0,241614.0,18
201500019880,15,1,12,1000,1,2,5,1,6,18033,M,4708434.0,240286.0,18
201500019881,15,1,12,1100,1,2,3,1,6,18033,M,4706124.0,238590.0,18
201500019882,15,1,19,2230,5,2,1,2,6,18033,M,4706411.0,239841.0,18
201500019883,15,2,5,2002,3,1,1,8,3,18033,M,,,18
201500019884,15,2,10,1155,1,2,1,1,6,18033,M,4708043.0,239864.0,18
201500019885,15,4,5,530,5,2,1,1,7,83049,M,0.0,0.0,83
201500019886,15,6,18,1400,1,2,1,1,3,83049,M,0.0,0.0,83
201500019887,15,7,23,1245,1,1,1,1,7,83033,M,4340677.0,602383.0,83
201500019888,15,8,20,1745,1,1,1,1,2,83049,M,4325500.0,610200.0,83
201500019889,15,10,30,1515,1,2,1,1,6,83049,M,4318919.0,603552.0,83
201500019890,15,12,8,900,1,1,1,8,2,83100,M,0.0,0.0,83
201500019891,15,1,28,1215,1,1,1,3,1,41270,M,4796800.0,142500.0,41
201500019892,15,2,16,800,2,1,1,5,1,41221,M,4785200.0,138400.0,41
201500019893,15,2,16,915,1,2,1,1,6,41173,M,4791600.0,153000.0,41
201500019894,15,3,27,1945,3,1,1,1,7,41019,M,4776300.0,132400.0,41
201500019895,15,4,25,515,3,2,1,2,7,41173,M,4788300.0,154900.0,41
201500019896,15,8,2,430,4,2,1,1,6,41058,M,4777252.0,147130.0,41
201500019897,15,10,13,745,2,2,1,1,7,41171,M,4782274.0,129425.0,41
201500019898,15,11,29,1445,1,1,1,8,3,41221,M,4783553.0,136879.0,41
201500019899,15,11,30,2100,3,1,1,1,6,41141,M,4792050.0,130539.0,41
201500019900,15,9,2,825,1,1,1,1,6,12145,M,4413430.0,302518.0,12
201500019901,15,9,12,1345,1,1,1,8,7,12291,M,4426230.0,306941.0,12
201500019902,15,9,30,1150,1,1,2,1,3,12294,M,4424930.0,293012.0,12
201500019903,15,10,28,600,3,1,1,2,2,12115,M,4398880.0,317865.0,12
201500019904,15,12,1,1400,1,1,1,1,6,12155,M,4388320.0,314592.0,12
201500019905,15,12,8,1234,1,1,1,1,1,12203,M,4397920.0,298528.0,12
201500019906,15,12,15,915,1,1,1,1,6,12145,M,,,12
201500019907,15,1,5,845,1,1,1,5,2,58295,M,0.0,0.0,58
201500019908,15,6,26,1600,1,1,1,1,6,58044,M,0.0,0.0,58
201500019909,15,8,30,1100,1,1,2,1,3,71023,M,4668832.0,502658.0,71
201500019910,15,9,8,1215,1,1,1,1,3,71456,M,0.0,0.0,71
201500019911,15,9,20,545,3,1,1,8,6,71256,M,0.0,0.0,71
201500019912,15,1,24,900,1,1,1,2,6,36231,M,4674210.0,161630.0,36
201500019913,15,2,12,1600,1,1,1,1,6,36006,M,4661590.0,153841.0,36
201500019914,15,2,22,1500,1,1,1,1,6,36033,M,4650860.0,150588.0,36
201500019915,15,7,5,1930,1,1,1,8,6,36200,M,4661660.0,153935.0,36
201500019916,15,8,15,15,3,1,1,2,6,36006,M,4660050.0,149853.0,36
201500019917,15,9,18,1045,1,1,1,1,6,36219,M,4666870.0,157426.0,36
201500019918,15,6,13,1400,1,1,1,1,6,15119,M,0.0,0.0,15
201500019919,15,1,1,315,3,1,1,8,6,63121,M,0.0,0.0,63
201500019920,15,6,5,1545,1,1,1,1,3,63054,M,4547800.0,324800.0,63
201500019921,15,7,13,1000,1,1,1,1,2,63352,M,0.0,0.0,63
201500019922,15,8,20,1230,1,1,1,1,4,63352,M,0.0,0.0,63
201500019923,15,9,17,1100,1,1,1,1,3,63411,M,0.0,0.0,63
201500019924,15,12,13,845,2,1,1,5,6,63054,M,4551500.0,326400.0,63
201500019925,15,2,14,1700,1,1,9,4,7,87003,M,4627160.0,139885.0,87
201500019926,15,2,21,915,1,1,1,4,5,87003,M,4628220.0,140545.0,87
201500019927,15,3,31,1400,1,1,1,1,1,87014,M,4610460.0,137016.0,87
201500019928,15,4,27,945,1,1,1,3,7,87020,M,4594760.0,131389.0,87
201500019929,15,5,22,1945,1,1,1,1,6,87014,M,4608430.0,135733.0,87
201500019930,15,6,11,1130,1,1,1,1,1,87014,M,4608800.0,136122.0,87
201500019931,15,2,11,2115,3,1,1,1,2,34194,M,4352302.0,344352.0,34
201500019932,15,2,14,2200,3,1,1,1,6,34114,M,4363051.0,359047.0,34
201500019933,15,2,10,1900,3,1,1,1,2,34199,M,4348157.0,343752.0,34
201500019934,15,3,4,2200,3,1,1,1,1,34114,M,4365887.0,349686.0,34
201500019935,15,3,6,630,3,1,1,1,6,34032,M,4334616.0,328314.0,34
201500019936,15,5,20,1515,1,1,1,1,6,34282,M,4362385.0,362321.0,34
201500019937,15,6,18,715,2,1,1,1,6,34259,M,4362969.0,377022.0,34
201500019938,15,6,29,1830,1,1,1,1,6,34163,M,4363025.0,371588.0,34
201500019939,15,7,6,1200,1,1,1,1,2,34300,M,4339408.0,332556.0,34
201500019940,15,7,14,1245,1,1,1,1,6,34196,M,4382053.0,331892.0,34
201500019941,15,7,30,1615,1,1,1,1,6,34196,M,4381117.0,332391.0,34
201500019942,15,8,7,700,1,1,1,1,3,34076,M,4364374.0,346696.0,34
201500019943,15,8,18,1415,1,1,1,1,2,34079,M,4361979.0,345707.0,34
201500019944,15,8,22,1630,1,1,1,1,5,34064,M,4386135.0,331032.0,34
201500019945,15,9,2,1145,1,1,1,1,2,34311,M,4344269.0,339802.0,34
201500019946,15,9,22,1545,1,1,1,1,6,34076,M,4308800.0,374700.0,34
201500019947,15,10,23,1930,3,1,1,1,2,34013,M,4355668.0,346260.0,34
201500019948,15,11,8,1700,1,1,1,1,5,34282,M,4362673.0,366080.0,34
201500019949,15,11,9,1445,1,1,1,1,2,34239,M,4365982.0,350355.0,34
201500019950,15,11,10,1615,1,1,1,1,2,34199,M,4347949.0,343745.0,34