Num_Acc,an,mois,jour,hrmn,lum,agg,int,atm,col,com,gps,lat,long,dep
201500019951,15,11,10,1800,3,1,1,1,4,34254,M,4365865.0,347362.0,34
201500019952,15,12,6,1900,3,1,1,2,2,34194,M,4354135.0,344872.0,34
201500019953,15,12,7,2015,3,1,1,2,2,34259,M,4363139.0,376339.0,34
201500019954,15,12,10,445,3,1,1,1,6,34259,M,4363083.0,376586.0,34
201500019955,15,6,14,1015,1,1,1,1,6,48009,M,0.0,0.0,48
201500019956,15,6,18,700,1,1,1,1,7,48009,M,0.0,0.0,48
201500019957,15,7,18,1600,1,1,1,1,2,48049,M,0.0,0.0,48
201500019958,15,9,12,1800,2,1,9,2,6,48032,M,0.0,0.0,48
201500019959,15,9,12,1830,2,1,1,2,6,48049,M,0.0,0.0,48
201500019960,15,9,23,945,1,1,1,1,6,48017,M,0.0,0.0,48
201500019961,15,1,10,345,3,1,1,1,7,08132,M,0.0,0.0,08
201500019962,15,2,2,730,3,2,1,1,1,08490,M,0.0,0.0,08
201500019963,15,12,22,1715,3,1,1,1,6,08362,M,4949900.0,435374.0,08
201500019964,15,1,9,1115,1,1,1,8,2,44209,M,4733691.0,-165361.0,44
201500019965,15,1,20,1645,1,1,1,1,1,44075,M,4764170.0,-143425.0,44
201500019966,15,3,8,630,2,1,1,1,3,44113,M,4758259.0,-162782.0,44
201500019967,15,12,6,30,3,1,1,1,7,44113,M,0.0,0.0,44
201500019968,15,1,9,2330,3,1,1,2,1,44089,M,4733822.0,-181712.0,44
201500019969,15,1,19,1130,1,1,2,1,5,44089,M,4732746.0,-188214.0,44
201500019970,15,2,24,2015,3,1,1,1,6,44210,M,4732121.0,-218958.0,44
201500019971,15,4,13,1345,1,1,1,1,4,44089,M,4734274.0,-184060.0,44
201500019972,15,6,21,800,3,1,1,1,6,44052,M,4733671.0,-211267.0,44
201500019973,15,7,3,915,1,1,9,1,6,44195,M,4736938.0,-193642.0,44
201500019974,15,7,29,2315,1,1,1,1,1,44052,M,4734280.0,-209143.0,44
201500019975,15,8,2,330,3,1,1,1,6,44103,M,4732495.0,-214550.0,44
201500019976,15,11,20,2015,3,1,1,2,7,44033,M,0.0,0.0,44
201500019977,15,12,18,1600,1,1,1,1,2,44033,M,0.0,0.0,44
201500019978,15,1,5,1645,1,1,1,1,2,14374,M,4903990.0,-80310.0,14
201500019979,15,1,14,915,1,1,1,4,6,14760,M,4909590.0,-62057.0,14
201500019980,15,1,25,2130,3,1,1,1,6,14120,M,4905070.0,-74560.0,14
201500019981,15,1,27,1715,3,1,1,1,6,14311,M,4914250.0,-53646.0,14
201500019982,15,3,16,630,3,1,1,5,5,14374,M,4904440.0,-78995.0,14
201500019983,15,9,27,1615,1,1,1,1,6,14120,M,4904820.0,-75860.0,14
201500019984,15,10,30,800,2,1,1,1,6,14389,M,4906080.0,-69231.0,14
201500019985,15,11,7,2300,3,1,1,1,6,14636,M,4901420.0,-86130.0,14
201500019986,15,2,17,1600,1,1,1,1,6,14513,M,4894080.0,-105191.0,14
201500019987,15,5,20,1730,1,1,1,1,5,50048,M,4886920.0,-117576.0,50
201500019988,15,7,4,915,1,1,1,1,1,50185,M,4882810.0,-124495.0,50
201500019989,15,9,19,915,1,1,1,1,6,50440,M,4880580.0,-125918.0,50
201500019990,15,12,8,1645,1,1,1,1,7,50553,M,4857640.0,-132919.0,50
201500019991,15,3,7,815,1,1,1,1,7,50498,M,4951310.0,-149523.0,50
201500019992,15,3,8,1345,1,1,4,1,7,50578,M,4949890.0,-144524.0,50
201500019993,15,4,7,1230,1,1,1,1,2,50599,M,4958090.0,-158725.0,50
201500019994,15,4,20,945,1,1,1,8,2,50169,M,4947300.0,-136740.0,50
201500019995,15,5,3,300,3,1,1,3,6,50599,M,4957770.0,-158204.0,50
201500019996,15,6,27,1115,1,1,1,1,2,50194,M,4944570.0,-134623.0,50
201500019997,15,7,7,1645,1,1,1,1,3,50498,M,4952490.0,-150905.0,50
201500019998,15,7,22,1030,1,1,1,1,6,50498,M,4953350.0,-153132.0,50
201500019999,15,12,18,1630,1,1,1,1,6,50087,M,4954120.0,-154626.0,50
201500020000,15,12,19,1030,1,1,1,1,3,50458,M,4934270.0,-127236.0,50
201500020001,15,12,24,1530,1,1,1,1,7,50087,M,4954170.0,-154736.0,50
201500020002,15,1,3,2316,5,2,1,9,2,18279,M,4722420.0,206841.0,18
201500020003,15,2,18,1410,1,2,1,1,3,18279,M,4722142.0,206258.0,18
201500020004,15,1,21,845,1,2,2,8,1,18279,M,4722134.0,206300.0,18
201500020005,15,3,6,1150,1,2,4,1,3,18279,M,4722725.0,208805.0,18
201500020006,15,2,3,1720,1,2,1,8,7,18279,M,4721021.0,210137.0,18
201500020007,15,3,5,1955,2,2,1,1,2,18279,M,4720178.0,208172.0,18
201500020008,15,2,5,1230,1,2,1,1,2,18279,M,4722107.0,207687.0,18
201500020009,15,4,1,1545,1,2,3,1,1,18279,M,4722518.0,207318.0,18
201500020010,15,4,4,1420,1,2,1,1,6,18279,M,4722471.0,206243.0,18
201500020011,15,4,16,1345,1,2,1,1,3,18279,M,4722132.0,206764.0,18
201500020012,15,4,22,1740,1,1,1,1,5,18279,M,4727869.0,205923.0,18
201500020013,15,5,22,900,1,2,3,1,3,18279,M,4722172.0,206774.0,18
201500020014,15,5,23,1640,1,2,1,1,6,18279,M,4723121.0,208826.0,18
201500020015,15,6,8,1532,1,2,1,1,6,18279,M,4723350.0,204003.0,18
201500020016,15,6,12,1815,1,2,3,1,3,18279,M,,,18
201500020017,15,6,25,1050,1,2,1,1,5,18279,M,4723090.0,204984.0,18
201500020018,15,7,15,900,1,2,4,7,3,18279,M,4721907.0,209129.0,18
201500020019,15,7,24,1425,1,2,1,1,1,18279,M,4721486.0,206464.0,18
201500020020,15,7,29,1215,1,2,1,1,6,18279,M,4721409.0,206792.0,18
201500020021,15,8,8,2150,5,2,3,2,3,18279,M,4722173.0,206773.0,18
201500020022,15,8,22,1605,1,2,1,1,2,18279,M,4721198.0,210065.0,18
201500020023,15,8,21,1630,1,2,2,1,3,18279,M,4723239.0,207985.0,18
201500020024,15,8,21,1850,1,2,2,1,3,18279,M,4720661.0,206880.0,18
201500020025,15,8,26,920,1,2,2,1,3,18279,M,,,18
201500020026,15,8,28,2047,2,2,1,1,6,18279,M,4720774.0,205689.0,18
201500020027,15,9,1,1110,1,2,1,1,2,18279,M,4720646.0,209267.0,18
201500020028,15,9,5,1740,1,2,1,1,1,18279,M,,,18
201500020029,15,9,11,1030,1,2,3,7,1,18279,M,4720990.0,209851.0,18
201500020030,15,9,29,1615,1,2,2,1,3,18279,M,4720908.0,207125.0,18
201500020031,15,9,20,1305,1,1,1,1,5,18279,M,,,18
201500020032,15,10,8,1550,1,2,1,1,2,18279,M,4722286.0,207100.0,18
201500020033,15,10,14,1940,5,1,3,2,3,18279,M,4723737.0,206089.0,18
201500020034,15,10,19,1454,1,2,1,1,3,18279,M,4722135.0,206301.0,18
201500020035,15,10,30,1445,1,2,2,1,6,18279,M,4722159.0,206495.0,18
201500020036,15,11,2,1430,1,2,6,1,3,18279,M,4722257.0,206195.0,18
201500020037,15,11,11,200,5,2,2,1,6,18279,M,4722732.0,207001.0,18
201500020038,15,11,3,910,1,2,1,1,6,18279,M,4722398.0,207685.0,18
201500020039,15,12,4,1600,1,2,1,1,6,18279,M,4721195.0,207177.0,18
201500020040,15,12,11,1800,5,2,6,1,3,18279,M,4723655.0,207576.0,18
201500020041,15,12,22,1450,1,1,1,1,6,18279,M,,,18
201500020042,15,4,6,545,3,1,1,1,3,44113,M,4759707.0,-157896.0,44
201500020043,15,6,7,1930,1,2,2,1,3,44149,M,4751241.0,-154470.0,44
201500020044,15,5,26,1845,1,1,2,1,3,72200,M,0.0,0.0,72
201500020045,15,6,18,1815,1,1,1,1,6,72231,M,0.0,0.0,72
201500020046,15,1,30,1645,1,2,9,1,6,72008,M,0.0,0.0,72
201500020047,15,3,19,945,1,2,1,1,2,72124,M,0.0,0.0,72
201500020048,15,6,24,1045,1,2,3,1,3,72350,M,0.0,0.0,72
201500020049,15,6,25,700,1,1,1,1,6,72260,M,0.0,0.0,72
201500020050,15,7,8,1845,1,1,1,1,6,72058,M,0.0,0.0,72
201500020051,15,7,24,1730,1,1,1,1,7,72047,M,0.0,0.0,72
201500020052,15,8,28,1530,1,1,1,1,6,72053,M,0.0,0.0,72
201500020053,15,9,5,1630,1,1,1,1,1,72058,M,0.0,0.0,72
201500020054,15,9,25,2345,3,1,1,1,6,72386,M,0.0,0.0,72
201500020055,15,9,29,1245,1,1,1,1,3,72187,M,0.0,0.0,72
201500020056,15,10,13,715,2,2,1,1,2,72008,M,0.0,0.0,72
201500020057,15,1,22,1345,1,2,1,2,7,65101,M,4319815.0,22262.0,65
201500020058,15,5,6,1545,1,2,2,1,3,65447,M,4318950.0,23562.0,65
201500020059,15,11,8,1415,1,2,1,1,6,65290,M,4314970.0,17906.0,65
201500020060,15,3,1,1945,3,1,1,1,1,83019,M,4319300.0,639100.0,83
201500020061,15,4,7,1845,1,2,1,1,1,83019,M,4314420.0,634782.0,83
201500020062,15,4,20,1045,1,2,1,8,6,83070,M,4316221.0,646599.0,83
201500020063,15,4,21,815,1,1,1,1,6,83070,M,0.0,0.0,83
201500020064,15,5,25,1145,1,1,1,1,7,83019,M,0.0,0.0,83
201500020065,15,5,17,1800,1,2,1,1,6,83019,M,0.0,0.0,83
201500020066,15,5,29,2115,5,1,1,1,5,83019,M,0.0,0.0,83
201500020067,15,6,11,1815,1,2,2,1,3,83019,M,4312451.0,635715.0,83
201500020068,15,6,16,1830,1,1,1,8,7,83019,M,0.0,0.0,83
201500020069,15,6,15,815,1,2,1,1,3,83019,M,4315024.0,631217.0,83
201500020070,15,7,7,1430,1,2,1,1,6,83019,M,4312265.0,636252.0,83
201500020071,15,7,7,2015,2,1,1,1,1,83070,M,4317351.0,644586.0,83
201500020072,15,7,15,1745,1,1,1,1,5,83070,M,4315151.0,642477.0,83
201500020073,15,7,19,1700,1,1,1,1,1,83070,M,4314521.0,638752.0,83
201500020074,15,7,24,1815,1,2,1,1,3,83070,M,4313811.0,637288.0,83
201500020075,15,8,3,1215,1,1,1,1,7,83019,M,0.0,0.0,83
201500020076,15,8,12,1045,1,1,1,1,3,83019,M,0.0,0.0,83
201500020077,15,8,26,1630,1,1,1,1,3,83019,M,0.0,0.0,83
201500020078,15,9,25,1830,1,1,1,1,3,83019,M,0.0,0.0,83
201500020079,15,12,25,1800,5,2,1,1,1,83019,M,0.0,0.0,83
201500020080,15,6,21,1645,1,2,1,1,6,60380,M,4913112.0,307916.0,60
201500020081,15,8,5,2215,2,1,1,1,7,60176,M,4924587.0,287951.0,60
201500020082,15,8,28,1415,1,1,1,1,6,60358,M,4918578.0,289728.0,60
201500020083,15,11,5,900,1,1,1,1,7,60430,M,4932968.0,289446.0,60
201500020084,15,11,16,1415,1,1,1,1,1,60203,M,4923239.0,286701.0,60
201500020085,15,12,4,1700,3,1,1,1,3,60092,M,4913599.0,301205.0,60
201500020086,15,7,12,1130,1,1,1,1,6,91086,M,4860900.0,237500.0,91
201500020087,15,3,17,1315,1,2,3,1,1,91086,M,0.0,0.0,91
201500020088,15,3,21,1615,1,1,6,1,7,91086,M,0.0,0.0,91
201500020089,15,4,10,1545,1,1,6,1,2,91659,M,0.0,0.0,91
201500020090,15,4,20,830,1,1,9,1,1,91648,M,0.0,0.0,91
201500020091,15,5,14,1530,1,1,1,3,3,91649,M,0.0,0.0,91
201500020092,15,8,14,1845,1,2,1,3,5,91235,M,0.0,0.0,91
201500020093,15,6,7,730,1,1,1,1,7,91648,M,0.0,0.0,91
201500020094,15,3,16,810,1,2,3,1,1,19031,M,4515790.0,155462.0,19
201500020095,15,1,3,535,5,2,1,1,6,19031,M,4516390.0,151920.0,19
201500020096,15,3,22,1925,2,2,3,1,3,19031,M,4514810.0,154159.0,19
201500020097,15,1,3,1820,5,2,1,2,6,19031,M,4515670.0,154027.0,19
201500020098,15,1,5,1825,3,2,1,1,6,19031,M,4514330.0,148307.0,19
201500020099,15,3,26,745,1,2,1,1,6,19031,M,4515860.0,152354.0,19
201500020100,15,3,26,1815,1,2,1,2,6,19031,M,4516320.0,153245.0,19
201500020101,15,1,8,1830,5,2,1,2,2,19031,M,4515510.0,153754.0,19
201500020102,15,1,9,2155,5,2,1,3,6,19031,M,4515560.0,152807.0,19
201500020103,15,3,30,835,1,2,3,2,6,19031,M,4515510.0,149945.0,19
201500020104,15,3,31,1805,1,2,1,1,2,19031,M,4516560.0,153824.0,19
201500020105,15,1,14,1405,1,2,1,1,6,19031,M,4515460.0,153458.0,19
201500020106,15,1,16,1500,1,2,1,2,2,19031,M,4515300.0,153954.0,19
201500020107,15,4,10,800,1,2,1,1,6,19031,M,4515750.0,151642.0,19
201500020108,15,1,19,1430,1,2,1,1,6,19031,M,4515360.0,153671.0,19
201500020109,15,4,10,1705,1,2,1,1,6,19031,M,4516110.0,153067.0,19
201500020110,15,1,20,1735,1,2,3,1,3,19031,M,4515950.0,150017.0,19
201500020111,15,4,11,1440,1,2,1,1,4,19031,M,4515590.0,151815.0,19
201500020112,15,4,16,1550,1,2,1,1,2,19031,M,4516370.0,153989.0,19
201500020113,15,1,24,1910,3,1,1,1,7,19031,M,4516300.0,149954.0,19
201500020114,15,1,24,2015,5,2,1,1,7,19031,M,4516700.0,151197.0,19
201500020115,15,4,21,2110,5,2,1,1,6,19031,M,4515530.0,152713.0,19
201500020116,15,5,5,2130,5,2,1,1,6,19031,M,4514650.0,151587.0,19
201500020117,15,2,18,1355,1,2,3,1,3,19031,M,4516230.0,153116.0,19
201500020118,15,5,6,2115,5,2,1,1,6,19031,M,4516920.0,150064.0,19
201500020119,15,2,20,2105,1,2,1,1,6,19031,M,4514660.0,148251.0,19
201500020120,15,2,27,600,2,2,3,1,7,19031,M,4516820.0,151218.0,19
201500020121,15,5,13,1230,1,2,1,1,1,19031,M,4516820.0,153703.0,19
201500020122,15,5,13,1605,1,2,6,1,3,19031,M,4516510.0,153200.0,19
201500020123,15,2,28,945,1,2,1,1,6,19031,M,4516340.0,153564.0,19
201500020124,15,5,16,845,1,2,2,1,3,19031,M,4516070.0,153488.0,19
201500020125,15,3,6,1725,1,2,1,1,2,19031,M,4515320.0,150486.0,19
201500020126,15,5,19,2030,1,2,1,1,3,19031,M,4516080.0,153568.0,19
201500020127,15,3,6,2155,5,2,1,1,6,19031,M,4516440.0,153678.0,19
201500020128,15,3,11,1550,1,2,2,1,3,19031,M,4515440.0,151225.0,19
201500020129,15,5,21,230,5,2,1,1,7,19031,M,4517750.0,152764.0,19
201500020130,15,5,24,15,5,2,1,1,6,19031,M,4515350.0,153676.0,19
201500020131,15,5,27,1650,1,2,1,1,2,19031,M,4515010.0,149623.0,19
201500020132,15,5,28,1800,1,2,1,1,4,19031,M,4514920.0,151203.0,19
201500020133,15,6,1,1215,1,1,1,1,1,19031,M,4514830.0,152815.0,19
201500020134,15,6,4,930,1,2,2,1,6,19031,M,4515360.0,153150.0,19
201500020135,15,6,4,1100,1,2,3,1,3,19031,M,4516880.0,153114.0,19
201500020136,15,6,5,1825,1,2,1,1,4,19031,M,4515800.0,149397.0,19
201500020137,15,6,6,415,5,2,1,1,6,19031,M,4516220.0,151517.0,19
201500020138,15,6,8,1615,1,2,1,1,4,19031,M,4515300.0,153945.0,19
201500020139,15,6,11,1630,1,2,1,1,2,19031,M,4516380.0,153205.0,19
201500020140,15,6,13,1755,1,2,2,1,3,19031,M,4516520.0,153123.0,19
201500020141,15,6,15,5,5,2,1,1,7,19031,M,4516510.0,151769.0,19
201500020142,15,6,16,1845,1,2,9,1,2,19031,M,4516310.0,154056.0,19
201500020143,15,6,17,1215,1,2,9,1,6,19031,M,4515810.0,152365.0,19
201500020144,15,6,24,1245,1,2,2,1,3,19031,M,4515380.0,150475.0,19
201500020145,15,6,26,1410,1,2,1,1,3,19031,M,4515810.0,152547.0,19
201500020146,15,6,29,45,5,2,3,1,3,19031,M,4516490.0,150257.0,19
201500020147,15,6,29,1635,1,2,1,1,6,19031,M,4516300.0,153245.0,19
201500020148,15,6,30,1900,1,2,3,1,3,19031,M,4517590.0,154592.0,19
201500020149,15,7,1,810,1,2,6,1,7,19031,M,4514550.0,147516.0,19
201500020150,15,7,6,1355,1,2,2,1,3,19031,M,4515980.0,151726.0,19
201500020151,15,7,8,910,1,2,6,1,2,19031,M,4516720.0,154234.0,19
201500020152,15,7,17,845,1,2,1,1,3,19031,M,4516790.0,153417.0,19
201500020153,15,7,17,1145,1,2,3,1,6,19031,M,4515620.0,150392.0,19
201500020154,15,7,19,2020,1,2,1,1,6,19031,M,4515940.0,153074.0,19
201500020155,15,7,20,1430,1,2,3,1,3,19031,M,4515760.0,155043.0,19
201500020156,15,7,24,30,5,2,1,1,7,19031,M,4515940.0,153074.0,19
201500020157,15,7,24,825,1,2,1,1,2,19031,M,4514820.0,148898.0,19
201500020158,15,7,24,2020,1,2,1,1,7,19031,M,4515800.0,149400.0,19
201500020159,15,7,31,1600,1,2,1,1,6,19031,M,4517020.0,153095.0,19
201500020160,15,8,1,820,1,2,2,1,3,19031,M,4515570.0,152457.0,19
201500020161,15,8,8,1205,1,2,1,2,2,19031,M,4516150.0,153408.0,19
201500020162,15,8,11,1235,1,2,3,1,3,19031,M,4515510.0,153130.0,19
201500020163,15,8,14,740,1,1,1,3,1,19031,M,4512270.0,155458.0,19
201500020164,15,8,23,1355,1,2,6,2,2,19031,M,4516510.0,153213.0,19
201500020165,15,8,27,1555,1,2,1,1,3,19031,M,4515630.0,151955.0,19
201500020166,15,9,4,1225,1,2,1,1,6,19031,M,4515230.0,150427.0,19
201500020167,15,9,7,755,1,2,2,1,1,19031,M,4516380.0,153230.0,19
201500020168,15,9,4,1915,1,2,2,1,1,19031,M,4516460.0,150277.0,19
201500020169,15,9,5,1720,1,2,3,1,3,19031,M,4515380.0,150473.0,19
201500020170,15,9,10,1550,1,2,2,1,3,19031,M,4516060.0,150329.0,19
201500020171,15,9,11,845,1,2,3,1,3,19031,M,4515980.0,151391.0,19
201500020172,15,9,15,1615,1,2,3,1,3,19031,M,4515880.0,152348.0,19
201500020173,15,9,19,1645,1,2,1,1,6,19031,M,4514500.0,147055.0,19
201500020174,15,9,21,940,1,2,1,1,2,19031,M,4516210.0,153649.0,19
201500020175,15,9,21,1350,1,2,1,1,3,19031,M,4515180.0,154201.0,19
201500020176,15,9,26,850,1,2,1,1,2,19031,M,4516470.0,150942.0,19
201500020177,15,9,29,1630,1,2,1,1,6,19031,M,4516010.0,152847.0,19
201500020178,15,10,3,1330,1,2,3,1,3,19031,M,4515570.0,151710.0,19
201500020179,15,10,3,1725,1,2,1,2,2,19031,M,4515990.0,154573.0,19
201500020180,15,10,5,830,1,2,1,1,7,19031,M,4516880.0,151630.0,19
201500020181,15,10,5,1850,1,2,1,7,6,19031,M,4515800.0,155578.0,19
201500020182,15,10,6,1120,1,2,1,1,3,19031,M,4514850.0,151008.0,19
201500020183,15,10,6,1630,1,2,1,1,7,19031,M,4515850.0,149487.0,19
201500020184,15,10,7,1635,1,2,1,1,6,19031,M,4515840.0,150379.0,19
201500020185,15,10,11,1625,1,2,1,7,3,19031,M,4516650.0,154147.0,19
201500020186,15,10,13,235,5,2,1,1,6,19031,M,4515140.0,150126.0,19
201500020187,15,10,13,1810,1,2,2,1,3,19031,M,4515340.0,153292.0,19
201500020188,15,10,15,955,1,2,3,1,2,19031,M,4516670.0,154530.0,19
201500020189,15,10,17,1930,5,2,1,1,2,19031,M,4515060.0,149818.0,19
201500020190,15,10,20,1440,1,2,3,1,3,19031,M,4516320.0,153755.0,19
201500020191,15,10,21,1330,1,2,1,1,1,19031,M,4515600.0,151843.0,19
201500020192,15,10,22,1300,1,2,1,2,7,19031,M,4515330.0,151955.0,19
201500020193,15,10,26,1950,5,2,1,1,2,19031,M,4517630.0,152779.0,19
201500020194,15,10,30,1030,1,2,6,1,2,19031,M,4516600.0,154181.0,19
201500020195,15,11,1,1640,1,2,6,1,6,19031,M,4516610.0,154149.0,19
201500020196,15,11,7,436,5,2,1,1,7,19031,M,4516140.0,151939.0,19
201500020197,15,11,10,1215,1,2,2,1,3,19031,M,4515740.0,152378.0,19
201500020198,15,11,11,2240,5,2,3,1,3,19031,M,4515490.0,155326.0,19
201500020199,15,11,18,1835,2,2,1,2,6,19031,M,4515320.0,153462.0,19
201500020200,15,11,21,1250,1,2,6,1,3,19031,M,4515890.0,151176.0,19
201500020201,15,11,25,1510,1,2,1,2,6,19031,M,4515540.0,153462.0,19
201500020202,15,11,28,1615,1,2,1,1,6,19031,M,4514370.0,147355.0,19
201500020203,15,11,28,1740,2,2,2,1,3,19031,M,4516150.0,154080.0,19
201500020204,15,12,1,1940,2,2,1,1,2,19031,M,4516700.0,154223.0,19
201500020205,15,12,6,1800,5,1,2,1,3,19031,M,4515460.0,153007.0,19
201500020206,15,12,7,1000,1,2,9,1,6,19031,M,4515930.0,153068.0,19
201500020207,15,12,10,1110,1,1,3,1,3,19031,M,4516770.0,154029.0,19
201500020208,15,12,10,1630,1,2,1,1,6,19031,M,4516060.0,153294.0,19
201500020209,15,12,13,1745,2,2,3,1,1,19031,M,4515330.0,151951.0,19
201500020210,15,12,17,1200,1,2,3,1,6,19031,M,4514560.0,149052.0,19
201500020211,15,12,18,1120,1,2,3,1,3,19031,M,4515820.0,152664.0,19
201500020212,15,12,18,1155,1,2,1,1,2,19031,M,4515260.0,150533.0,19
201500020213,15,12,20,1545,1,2,1,1,1,19031,M,4515020.0,149682.0,19
201500020214,15,12,23,1450,1,2,1,1,3,19031,M,4515010.0,149613.0,19
201500020215,15,12,26,515,5,2,1,1,2,19031,M,4516400.0,152087.0,19
201500020216,15,12,29,1615,1,2,1,1,3,19031,M,4515890.0,149593.0,19
201500020217,15,5,31,1030,1,2,3,1,5,68343,M,4787498.0,731973.0,68
201500020218,15,5,31,1915,1,1,1,1,1,68315,M,0.0,0.0,68
201500020219,15,6,4,1500,1,1,1,7,3,68088,M,0.0,0.0,68
201500020220,15,6,26,1100,1,1,1,1,2,68260,M,4788189.0,726795.0,68
201500020221,15,11,9,1530,1,1,1,1,3,68043,M,0.0,0.0,68
201500020222,15,11,21,45,3,1,1,2,6,68203,M,0.0,0.0,68
201500020223,15,9,20,1115,1,2,1,1,1,59260,M,0.0,0.0,59
201500020224,15,9,20,2230,3,1,1,2,7,59499,M,0.0,0.0,59
201500020225,15,6,29,1745,1,1,1,1,2,59107,M,0.0,0.0,59
201500020226,15,7,15,1,3,1,1,1,5,59260,M,5103673.0,250316.0,59
201500020227,15,8,25,1715,1,2,1,8,6,59260,M,0.0,0.0,59
201500020228,15,8,19,1545,1,2,6,1,1,59448,M,0.0,0.0,59
201500020229,15,9,21,1145,1,2,1,1,6,59668,M,0.0,0.0,59
201500020230,15,11,6,1145,1,2,1,1,6,59107,M,0.0,0.0,59
201500020231,15,7,3,735,1,2,2,1,3,19272,M,4526540.0,178211.0,19
201500020232,15,8,9,1120,1,2,1,1,6,19272,M,4525890.0,175691.0,19
201500020233,15,9,19,215,5,2,3,2,6,19272,M,4526820.0,176817.0,19
201500020234,15,12,24,1820,5,2,1,1,6,19272,M,4525930.0,175380.0,19
201500020235,15,12,5,1600,1,1,1,7,2,19272,M,4525940.0,178584.0,19
201500020236,15,2,10,1058,1,2,3,1,6,19272,M,4525950.0,175620.0,19
201500020237,15,2,14,1920,5,2,1,2,6,19272,M,4525920.0,175284.0,19
201500020238,15,2,26,1025,1,2,1,2,7,19272,M,4525090.0,176547.0,19
201500020239,15,2,2,730,2,2,1,4,7,19275,M,4554960.0,230889.0,19
201500020240,15,3,23,1940,5,2,2,2,3,19275,M,4555150.0,231510.0,19
201500020241,15,4,28,1635,1,1,1,1,1,19275,M,4553120.0,229895.0,19
201500020242,15,3,3,1735,1,2,2,1,2,19275,M,4554650.0,230837.0,19
201500020243,15,5,19,1715,1,1,1,1,1,19275,M,4552160.0,228207.0,19
201500020244,15,6,10,1730,1,2,4,1,2,19275,M,4554350.0,230767.0,19
201500020245,15,6,12,726,1,2,3,8,1,19275,M,4555390.0,231334.0,19
201500020246,15,6,21,1000,1,2,1,1,6,19275,M,4555290.0,232283.0,19
201500020247,15,7,21,25,5,2,2,1,3,19275,M,4554760.0,231220.0,19
201500020248,15,8,19,1445,1,1,1,1,7,19275,M,4557350.0,234019.0,19
201500020249,15,10,28,1739,2,2,1,8,6,19275,M,4554520.0,230389.0,19
201500020250,15,11,10,1905,5,2,3,1,6,19275,M,4555590.0,231472.0,19
201500020251,15,7,2,1015,1,1,2,1,7,68254,M,4772716.0,753135.0,68
201500020252,15,8,19,2130,3,1,1,1,7,68144,M,4776886.0,749913.0,68
201500020253,15,9,5,1000,1,1,2,1,1,68300,M,4777415.0,738021.0,68
201500020254,15,9,26,1915,5,2,3,1,3,68020,M,4782505.0,751711.0,68
201500020255,15,12,19,2045,5,2,2,1,3,68020,M,4782437.0,751355.0,68
201500020256,15,3,13,810,1,2,2,1,3,21054,M,4702352.0,483122.0,21
201500020257,15,4,23,1535,1,1,1,1,6,21054,M,4702724.0,483649.0,21
201500020258,15,4,20,1927,1,2,2,1,3,21054,M,,,21
201500020259,15,5,7,25,5,1,7,1,6,21054,M,4703546.0,486422.0,21
201500020260,15,5,10,1130,1,2,2,1,3,21054,M,,,21
201500020261,15,5,18,1725,1,2,3,1,6,21054,M,4702018.0,483684.0,21
201500020262,15,6,7,1828,1,2,2,1,3,21054,M,4701715.0,485662.0,21
201500020263,15,6,3,740,1,2,2,1,3,21054,M,4701717.0,485659.0,21
201500020264,15,5,12,1705,1,2,2,1,5,21054,M,4703889.0,484495.0,21
201500020265,15,7,2,2050,1,2,3,1,3,21054,M,4702825.0,484594.0,21
201500020266,15,7,15,845,1,2,2,1,2,21054,M,,,21
201500020267,15,8,21,1710,1,2,2,1,6,21054,M,,,21
201500020268,15,9,7,2010,1,2,2,1,3,21054,M,,,21
201500020269,15,9,9,1130,1,2,1,1,6,21054,M,4702486.0,482755.0,21
201500020270,15,9,18,1721,1,2,1,1,6,21054,M,4703538.0,483802.0,21
201500020271,15,10,6,950,1,2,1,3,7,21054,M,4702055.0,483843.0,21
201500020272,15,10,19,1720,1,2,1,7,6,21054,M,4702603.0,483373.0,21
201500020273,15,11,26,1505,1,2,1,1,1,21054,M,4702472.0,483304.0,21
201500020274,15,1,21,1545,1,2,2,8,3,21054,M,4702066.0,484731.0,21
201500020275,15,1,30,1751,2,2,1,2,6,21054,M,4702700.0,486477.0,21
201500020276,15,2,6,1505,1,2,1,1,6,21054,M,4702777.0,483742.0,21
201500020277,15,2,7,1208,1,2,1,1,6,21054,M,4701895.0,485893.0,21
201500020278,15,1,7,1832,5,2,1,5,2,21355,M,4729385.0,506310.0,21
201500020279,15,3,17,35,5,2,3,1,6,21231,M,,,21
201500020280,15,2,12,1345,1,2,3,1,3,21231,M,4731662.0,505110.0,21
201500020281,15,3,20,1609,1,2,6,1,3,21278,M,,,21
201500020282,15,2,19,923,1,2,3,1,3,21231,M,,,21
201500020283,15,3,20,1740,1,2,7,1,1,21231,M,,,21
201500020284,15,3,27,932,1,2,1,1,1,21166,M,4729159.0,501940.0,21
201500020285,15,3,29,2153,5,2,2,2,3,21231,M,4732881.0,505580.0,21