Num_Acc,an,mois,jour,hrmn,lum,agg,int,atm,col,com,gps,lat,long,dep
201500020286,15,4,8,801,1,2,2,1,3,21231,M,,,21
201500020287,15,4,13,804,1,2,2,1,6,21231,M,4733954.0,504566.0,21
201500020288,15,4,15,1705,1,2,1,1,6,21231,M,4732040.0,504526.0,21
201500020289,15,4,20,1838,1,2,1,1,3,21231,M,,,21
201500020290,15,4,22,1759,1,2,2,1,1,21231,M,,,21
201500020291,15,4,22,1500,1,2,2,1,1,21231,M,,,21
201500020292,15,4,23,1005,1,2,1,1,6,21231,M,4733392.0,506734.0,21
201500020293,15,4,24,841,1,2,1,1,6,21231,M,4731460.0,504734.0,21
201500020294,15,5,10,2101,1,2,1,1,1,21231,M,4730400.0,502259.0,21
201500020295,15,5,13,1550,1,2,3,1,6,21231,M,,,21
201500020296,15,5,20,1710,1,2,2,1,3,21231,M,4730949.0,502482.0,21
201500020297,15,5,27,2040,1,2,1,1,6,21231,M,,,21
201500020298,15,6,8,1516,1,2,2,1,3,21231,M,,,21
201500020299,15,6,28,1835,1,2,2,1,3,21166,M,4729035.0,500757.0,21
201500020300,15,6,29,1650,1,2,3,1,3,21278,M,4734229.0,502538.0,21
201500020301,15,8,3,1807,1,2,3,1,1,21231,M,4733086.0,505645.0,21
201500020302,15,8,4,2012,1,2,1,1,3,21231,M,4731603.0,502690.0,21
201500020303,15,8,7,1715,1,2,2,1,3,21231,M,4733094.0,502228.0,21
201500020304,15,8,13,650,1,2,1,1,5,21231,M,4730707.0,504910.0,21
201500020305,15,8,29,445,5,2,2,1,6,21231,M,4731678.0,503768.0,21
201500020306,15,8,31,1040,1,2,1,1,6,21231,M,,,21
201500020307,15,9,17,2020,5,2,3,1,6,21231,M,4731277.0,505088.0,21
201500020308,15,9,17,2100,5,1,1,1,6,21231,M,,,21
201500020309,15,9,30,1636,1,2,1,1,2,21166,M,,,21
201500020310,15,10,4,732,1,2,1,8,6,21355,M,4728929.0,505979.0,21
201500020311,15,10,1,2045,5,2,3,1,4,21231,M,4731198.0,503928.0,21
201500020312,15,10,9,1558,1,2,4,1,6,21231,M,,,21
201500020313,15,10,16,2009,5,2,4,1,3,21231,M,,,21
201500020314,15,10,26,1919,5,2,3,1,1,21231,M,,,21
201500020315,15,11,4,321,4,2,2,1,1,21231,M,4730565.0,502217.0,21
201500020316,15,11,6,2250,5,2,6,1,3,21166,M,4728548.0,500274.0,21
201500020317,15,11,8,1522,1,2,2,1,1,21231,M,4731545.0,506279.0,21
201500020318,15,11,10,1848,1,2,1,1,6,21231,M,4732727.0,506775.0,21
201500020319,15,11,13,2303,5,2,3,2,3,21231,M,4732154.0,505597.0,21
201500020320,15,11,19,250,3,2,9,1,3,21355,M,4727340.0,503997.0,21
201500020321,15,11,20,740,2,2,1,2,6,21231,M,4731162.0,505224.0,21
201500020322,15,11,30,1745,5,2,2,2,1,21166,M,4729033.0,500757.0,21
201500020323,15,12,24,10,5,2,2,1,3,21231,M,4730581.0,504738.0,21
201500020324,15,1,10,930,1,1,1,1,3,42271,M,4549807.0,457993.0,42
201500020325,15,2,4,1145,1,2,1,1,3,42242,M,4555435.0,461892.0,42
201500020326,15,4,10,1215,1,1,1,1,6,42167,M,4547071.0,465682.0,42
201500020327,15,5,10,330,3,1,1,1,7,42283,M,4556332.0,455905.0,42
201500020328,15,5,17,1745,1,1,1,1,2,42083,M,4555740.0,468447.0,42
201500020329,15,6,7,1200,1,2,1,1,7,42307,M,4554946.0,466840.0,42
201500020330,15,8,7,1500,1,1,1,1,6,42283,M,4555477.0,454183.0,42
201500020331,15,9,1,1300,1,1,1,3,1,42308,M,4546200.0,458300.0,42
201500020332,15,10,25,1200,1,1,1,1,2,42032,M,4551555.0,455901.0,42
201500020333,15,11,24,1930,3,1,1,1,6,42283,M,4555023.0,454026.0,42
201500020334,15,2,24,1810,1,2,3,1,2,22113,M,4874597.0,-345521.0,22
201500020335,15,12,31,1120,1,2,1,1,6,22113,M,4872260.0,-342610.0,22
201500020336,15,2,18,1510,1,1,3,1,1,22113,M,4875253.0,-351041.0,22
201500020337,15,12,23,800,3,1,1,1,7,22113,M,4875181.0,-342379.0,22
201500020338,15,3,31,1554,1,2,1,1,4,22113,M,4873203.0,-346142.0,22
201500020339,15,4,2,2230,5,2,4,8,7,22113,M,4873780.0,-346767.0,22
201500020340,15,4,23,1830,1,1,1,1,3,22113,M,4872446.0,-347838.0,22
201500020341,15,6,14,1430,1,1,1,1,7,22113,M,4872466.0,-343141.0,22
201500020342,15,7,14,2028,1,1,1,1,7,22113,M,4874272.0,-344981.0,22
201500020343,15,7,10,1445,1,2,1,1,3,22113,M,4875822.0,-348210.0,22
201500020344,15,8,12,1350,1,2,9,1,7,22113,M,4873937.0,-346330.0,22
201500020345,15,8,16,1825,1,2,9,1,6,22113,M,4873753.0,-343906.0,22
201500020346,15,8,4,730,1,2,4,1,2,22113,M,4873801.0,-346774.0,22
201500020347,15,8,18,1650,1,2,6,1,3,22113,M,4875182.0,-345316.0,22
201500020348,15,8,21,1355,1,2,1,1,7,22113,M,4873478.0,-347909.0,22
201500020349,15,9,11,710,2,2,3,1,1,22113,M,4873391.0,-344153.0,22
201500020350,15,9,1,1755,1,2,6,1,3,22113,M,4874659.0,-346181.0,22
201500020351,15,9,29,1550,1,2,1,1,3,22113,M,4875643.0,-344887.0,22
201500020352,15,9,21,1820,1,1,1,1,1,22113,M,4875650.0,-348549.0,22
201500020353,15,9,21,1615,1,1,6,8,6,22113,M,4876229.0,-345194.0,22
201500020354,15,10,6,1000,1,2,2,2,6,22113,M,4873903.0,-345768.0,22
201500020355,15,11,20,1450,1,2,6,1,6,22113,M,4873338.0,-344988.0,22
201500020356,15,11,22,1900,3,1,3,1,1,22113,M,4875189.0,-349825.0,22
201500020357,15,9,16,1050,1,2,1,2,7,22113,M,4873293.0,-347437.0,22
201500020358,15,9,8,2103,1,2,7,1,6,22113,M,4873203.0,-346341.0,22
201500020359,15,11,26,1000,1,1,1,2,6,22113,M,4876559.0,-347853.0,22
201500020360,15,1,17,1110,1,2,1,1,6,22113,M,4873466.0,-344431.0,22
201500020361,15,1,22,1020,1,2,1,7,6,22113,M,4872609.0,-344871.0,22
201500020362,15,1,31,2025,5,2,1,4,5,22113,M,4873210.0,-346572.0,22
201500020363,15,2,19,720,2,1,1,9,6,22215,M,4851816.0,-281302.0,22
201500020364,15,12,23,2110,5,2,1,1,3,22278,M,4850838.0,-276852.0,22
201500020365,15,2,24,1415,1,2,1,1,3,22278,M,4851274.0,-276818.0,22
201500020366,15,2,25,1500,1,1,1,8,6,22187,M,4852713.0,-276983.0,22
201500020367,15,2,22,2020,3,1,1,1,6,22215,M,4848969.0,-284068.0,22
201500020368,15,12,29,2100,5,2,2,1,3,22278,M,4851209.0,-274502.0,22
201500020369,15,3,2,30,3,1,1,1,6,22187,M,4853017.0,-275560.0,22
201500020370,15,12,26,1335,1,1,1,1,3,22106,M,4829391.0,-243254.0,22
201500020371,15,2,27,1610,1,2,6,1,6,22278,M,4850793.0,-276430.0,22
201500020372,15,1,1,1110,1,2,6,1,3,22278,M,4849762.0,-274830.0,22
201500020373,15,3,3,1630,1,2,3,1,6,22278,M,4850636.0,-274768.0,22
201500020374,15,12,4,1140,1,2,1,1,7,22278,M,4831160.0,-247099.0,22
201500020375,15,3,6,1430,1,2,4,1,6,22278,M,4850898.0,-275012.0,22
201500020376,15,3,10,1430,1,2,3,1,3,22278,M,4851050.0,-278591.0,22
201500020377,15,3,4,1718,1,2,6,1,3,22215,M,4849400.0,-277740.0,22
201500020378,15,3,15,1155,1,2,1,1,6,22215,M,4848884.0,-279405.0,22
201500020379,15,3,16,1700,1,2,1,1,3,22215,M,4850001.0,-278257.0,22
201500020380,15,3,24,1000,1,2,4,1,3,22278,M,4851058.0,-274550.0,22
201500020381,15,3,25,1745,1,2,1,1,6,22278,M,4851853.0,-275559.0,22
201500020382,15,3,31,1215,1,2,3,1,3,22278,M,4850964.0,-274710.0,22
201500020383,15,3,13,800,1,1,3,1,2,22215,M,4850364.0,-280303.0,22
201500020384,15,4,7,1145,1,1,1,1,2,22278,M,4850337.0,-273077.0,22
201500020385,15,4,9,1220,1,2,1,1,6,22278,M,4851063.0,-277458.0,22
201500020386,15,4,16,1648,1,2,1,1,3,22278,M,4849967.0,-275588.0,22
201500020387,15,4,14,1815,1,1,1,1,6,22106,M,4850001.0,-273022.0,22
201500020388,15,4,8,1410,1,1,1,1,7,22187,M,4854614.0,-278117.0,22
201500020389,15,4,28,1235,1,1,1,1,1,22278,M,4850396.0,-273582.0,22
201500020390,15,4,30,2100,1,1,1,2,2,22106,M,4849379.0,-272351.0,22
201500020391,15,5,1,950,1,1,1,1,1,22360,M,4846748.0,-275812.0,22
201500020392,15,4,8,1915,1,2,1,1,6,22187,M,4852686.0,-274820.0,22
201500020393,15,5,5,850,1,1,1,1,5,22360,M,4848292.0,-269464.0,22
201500020394,15,5,13,1825,1,1,3,1,3,22187,M,4853011.0,-276464.0,22
201500020395,15,5,18,1850,1,2,1,1,6,22278,M,4852210.0,-273520.0,22
201500020396,15,5,11,1640,1,2,1,1,6,22215,M,4848862.0,-279420.0,22
201500020397,15,3,22,1330,1,2,3,1,3,22187,M,4852397.0,-274941.0,22
201500020398,15,5,21,1140,1,2,2,1,3,22187,M,4853379.0,-277160.0,22
201500020399,15,4,4,2000,1,2,3,1,3,22278,M,4850018.0,-275652.0,22
201500020400,15,5,22,2310,5,2,6,1,6,22278,M,4850511.0,-273420.0,22
201500020401,15,5,21,1425,1,1,1,1,2,22360,M,4849191.0,-276298.0,22
201500020402,15,5,28,755,1,2,1,1,6,22278,M,4851964.0,-274758.0,22
201500020403,15,5,4,1845,1,1,1,1,6,22278,M,4852060.0,-274755.0,22
201500020404,15,5,20,800,1,2,4,1,2,22187,M,4854104.0,-277463.0,22
201500020405,15,5,18,1125,1,1,1,1,3,22187,M,4854503.0,-280033.0,22
201500020406,15,6,3,1500,1,1,3,1,3,22278,M,4851413.0,-274625.0,22
201500020407,15,5,30,1900,1,2,4,1,6,22278,M,4850046.0,-276983.0,22
201500020408,15,6,6,1135,1,1,2,1,3,22215,M,4848962.0,-281687.0,22
201500020409,15,5,14,2330,5,2,2,1,1,22278,M,4850950.0,-273478.0,22
201500020410,15,6,15,1750,1,1,1,1,7,22278,M,4849461.0,-274363.0,22
201500020411,15,6,16,1500,1,1,6,1,3,22278,M,4850525.0,-273408.0,22
201500020412,15,5,31,2010,1,1,1,1,1,22360,M,4847765.0,-275038.0,22
201500020413,15,6,20,620,1,1,3,1,3,22187,M,4853957.0,-276842.0,22
201500020414,15,6,19,1910,1,1,1,1,4,22187,M,4853387.0,-275836.0,22
201500020415,15,6,14,1930,1,1,1,1,2,22360,M,4847858.0,-271219.0,22
201500020416,15,6,29,1715,1,2,1,1,6,22278,M,4850577.0,-276141.0,22
201500020417,15,7,1,1235,1,2,2,1,3,22278,M,4850253.0,-273799.0,22
201500020418,15,7,7,2130,1,1,1,1,7,22360,M,4848554.0,-271289.0,22
201500020419,15,7,15,1410,1,2,3,1,3,22106,M,4849373.0,-271179.0,22
201500020420,15,6,28,1835,1,1,6,1,6,22278,M,4849733.0,-274755.0,22
201500020421,15,7,23,220,3,2,1,1,6,22278,M,4851989.0,-279038.0,22
201500020422,15,7,25,1810,1,1,1,1,2,22278,M,4850745.0,-273603.0,22
201500020423,15,7,6,1930,1,1,1,1,2,22187,M,4854542.0,-277254.0,22
201500020424,15,8,9,1720,1,2,2,1,7,22278,M,4849281.0,-274879.0,22
201500020425,15,1,3,1905,5,2,1,1,7,22106,M,4849873.0,-273097.0,22
201500020426,15,7,21,900,1,1,1,1,1,22215,M,4851692.0,-282373.0,22
201500020427,15,7,31,1415,1,2,3,1,6,22106,M,4849550.0,-271788.0,22
201500020428,15,8,14,1715,1,1,3,1,1,22187,M,4854470.0,-278569.0,22
201500020429,15,7,4,600,2,1,1,1,7,22187,M,4852769.0,-275341.0,22
201500020430,15,8,23,1610,1,2,1,1,5,22106,M,4850315.0,-269608.0,22
201500020431,15,7,26,1856,1,1,1,1,1,22360,M,4848659.0,-277456.0,22
201500020432,15,8,28,935,1,2,1,1,6,22278,M,4852529.0,-273640.0,22
201500020433,15,8,27,1449,1,2,1,2,7,22215,M,4850077.0,-277807.0,22
201500020434,15,8,22,2020,1,2,1,2,1,22278,M,4851849.0,-274835.0,22
201500020435,15,9,8,745,1,2,2,1,3,22187,M,4853810.0,-273227.0,22
201500020436,15,9,8,1900,1,1,1,1,1,22106,M,4849895.0,-273582.0,22
201500020437,15,8,10,115,5,2,6,1,7,22215,M,4849383.0,-276308.0,22
201500020438,15,9,6,50,4,1,1,1,6,22106,M,4848259.0,-268998.0,22
201500020439,15,9,14,800,1,2,1,1,3,22278,M,4851896.0,-279306.0,22
201500020440,15,9,18,840,1,2,1,1,5,22278,M,4851221.0,-275420.0,22
201500020441,15,9,15,1825,1,1,1,1,2,22278,M,4849769.0,-274621.0,22
201500020442,15,9,19,2230,5,2,1,1,5,22278,M,4851594.0,-276406.0,22
201500020443,15,9,20,1955,1,2,2,1,1,22278,M,4850267.0,-275034.0,22
201500020444,15,9,21,1040,1,2,1,1,6,22278,M,4851103.0,-276060.0,22
201500020445,15,9,16,1746,1,2,1,1,6,22278,M,4851812.0,-279306.0,22
201500020446,15,10,12,1640,1,2,1,1,6,22278,M,4852357.0,-273204.0,22
201500020447,15,9,22,1225,1,2,1,1,6,22278,M,4851103.0,-245361.0,22
201500020448,15,10,18,1620,1,1,1,1,3,22360,M,4848432.0,-277291.0,22
201500020449,15,11,2,1830,2,2,1,1,6,22106,M,4849213.0,-270598.0,22
201500020450,15,11,9,1420,1,2,1,1,6,22278,M,4851059.0,-275936.0,22
201500020451,15,11,27,1355,1,2,1,1,6,22278,M,4850667.0,-274918.0,22
201500020452,15,11,26,2000,1,1,1,1,6,22360,M,4846451.0,-277928.0,22
201500020453,15,12,4,1300,1,1,1,1,7,22278,M,4852787.0,-272721.0,22
201500020454,15,12,5,945,1,1,3,1,5,22360,M,4847887.0,-270945.0,22
201500020455,15,12,8,1754,2,2,1,1,1,22360,M,4848438.0,-274894.0,22
201500020456,15,12,12,1900,3,1,1,1,4,22106,M,4850185.0,-272898.0,22
201500020457,15,11,27,2310,3,1,1,1,7,22187,M,4854497.0,-277335.0,22
201500020458,15,12,15,1750,5,1,2,8,3,22215,M,4851926.0,-281482.0,22
201500020459,15,1,5,1740,2,2,4,1,3,22278,M,4849350.0,-275378.0,22
201500020460,15,11,23,1600,1,2,1,1,7,22278,M,4850530.0,-275010.0,22
201500020461,15,11,11,1343,1,2,1,1,3,22278,M,4851248.0,-277785.0,22
201500020462,15,12,16,1530,1,2,1,1,6,22278,M,4851299.0,-276406.0,22
201500020463,15,12,14,1740,1,1,1,1,3,22278,M,4851634.0,-277224.0,22
201500020464,15,12,24,1910,2,2,1,1,6,22215,M,4849601.0,-280874.0,22
201500020465,15,1,6,1505,1,2,3,1,3,22278,M,4850687.0,-274961.0,22
201500020466,15,1,7,1400,1,2,1,1,6,22278,M,4851302.0,-275910.0,22
201500020467,15,1,7,1800,5,1,6,9,6,22215,M,4850108.0,-277946.0,22
201500020468,15,1,13,820,5,2,1,2,3,22278,M,4851850.0,-279988.0,22
201500020469,15,1,13,1720,2,2,1,1,6,22278,M,4851849.0,-277866.0,22
201500020470,15,1,14,750,2,2,1,1,6,22187,M,4852588.0,-277079.0,22
201500020471,15,1,16,745,5,2,1,2,6,22278,M,4851895.0,-278543.0,22
201500020472,15,1,16,1510,1,2,3,1,7,22278,M,4850560.0,-277559.0,22
201500020473,15,1,17,1205,1,2,1,1,6,22278,M,4852402.0,-274487.0,22
201500020474,15,1,19,1000,1,1,1,1,7,22360,M,4848306.0,-269922.0,22
201500020475,15,1,26,815,5,2,3,1,6,22278,M,4850888.0,-275387.0,22
201500020476,15,1,27,1945,5,2,1,1,7,22278,M,4850677.0,-276085.0,22
201500020477,15,1,29,920,1,2,1,3,7,22278,M,4851740.0,-277872.0,22
201500020478,15,1,30,915,1,2,3,1,6,22278,M,4851510.0,-276193.0,22
201500020479,15,1,30,950,1,1,1,3,7,22187,M,4852709.0,-276977.0,22
201500020480,15,1,31,1300,1,2,3,2,3,22278,M,4850935.0,-275482.0,22
201500020481,15,2,5,1630,1,2,6,1,2,22278,M,4850865.0,-277170.0,22
201500020482,15,2,8,2045,5,2,3,1,1,22360,M,4848895.0,-275661.0,22
201500020483,15,2,9,1530,1,2,6,1,6,22278,M,4849867.0,-277174.0,22
201500020484,15,2,12,1210,1,1,1,1,6,22187,M,4852950.0,-276042.0,22
201500020485,15,4,9,1553,1,2,2,1,3,23096,M,4616871.0,187401.0,23
201500020486,15,4,25,1715,1,2,1,1,6,23096,M,4617233.0,187658.0,23
201500020487,15,5,17,640,2,1,1,5,7,23096,M,4613328.0,186478.0,23
201500020488,15,5,19,1350,1,2,1,1,6,23096,M,4617489.0,187377.0,23
201500020489,15,6,15,1630,1,2,3,3,2,23096,M,4617140.0,187458.0,23
201500020490,15,6,23,1740,1,2,4,1,3,23096,M,4616650.0,187458.0,23
201500020491,15,9,7,1800,1,2,1,1,6,23096,M,4617107.0,186844.0,23
201500020492,15,11,14,1540,1,2,1,1,6,23096,M,,,23
201500020493,15,12,6,1115,1,2,6,1,6,23096,M,4618303.0,187797.0,23
201500020494,15,2,23,1255,1,2,3,2,3,23096,M,4617547.0,186384.0,23
201500020495,15,2,23,1845,2,2,2,9,3,23096,M,4617558.0,187451.0,23
201500020496,15,3,9,1135,1,2,3,1,3,23096,M,4617077.0,187003.0,23
201500020497,15,3,13,1600,1,2,1,1,6,24037,M,4485500.0,47948.0,24
201500020498,15,6,30,735,2,2,1,1,6,24037,M,4485010.0,49307.0,24
201500020499,15,7,9,2010,1,2,2,1,1,24037,M,4484320.0,48316.0,24
201500020500,15,8,25,1703,1,1,1,1,1,24140,M,4484180.0,54934.0,24
201500020501,15,8,31,759,1,2,1,1,6,24037,M,4486410.0,50424.0,24
201500020502,15,11,27,1040,1,2,1,5,1,24037,M,4483690.0,49108.0,24
201500020503,15,12,7,745,5,2,1,1,6,24037,M,4486040.0,47914.0,24
201500020504,15,12,22,2056,3,1,1,1,6,24037,M,4485480.0,52609.0,24
201500020505,15,1,8,1825,5,2,4,2,6,24322,M,4518450.0,70862.0,24
201500020506,15,2,10,1400,1,2,1,1,6,24322,M,4520180.0,68858.0,24
201500020507,15,2,24,410,5,2,1,1,6,24322,M,4518881.0,71542.0,24
201500020508,15,3,3,2015,5,1,1,1,6,24256,M,4518380.0,66178.0,24
201500020509,15,3,5,800,1,2,3,1,3,24322,M,4518520.0,70997.0,24
201500020510,15,3,6,825,1,2,1,1,6,24322,M,4518150.0,71510.0,24
201500020511,15,3,27,1245,1,2,1,1,3,24322,M,4517680.0,72414.0,24
201500020512,15,4,19,1255,1,2,1,1,6,24557,M,4521730.0,75120.0,24
201500020513,15,4,21,1110,1,2,1,1,6,24322,M,4518550.0,70564.0,24
201500020514,15,4,27,1246,1,2,2,1,1,24138,M,4518500.0,69699.0,24
201500020515,15,4,30,1440,1,2,3,1,2,24322,M,4519720.0,70043.0,24
201500020516,15,5,29,2240,5,1,1,1,3,24557,M,4519450.0,77780.0,24
201500020517,15,5,13,1900,1,2,3,1,3,24098,M,4519930.0,73070.0,24
201500020518,15,5,15,600,5,2,1,1,3,24322,M,4518530.0,71254.0,24
201500020519,15,6,21,1715,1,2,3,1,6,24322,M,4518320.0,71833.0,24
201500020520,15,6,26,1215,1,2,1,1,1,24053,M,4517780.0,76789.0,24
201500020521,15,6,30,958,1,2,4,7,6,24322,M,4518340.0,71836.0,24
201500020522,15,7,29,935,1,2,1,2,3,24098,M,4519980.0,74227.0,24
201500020523,15,8,30,1220,1,1,1,1,2,24312,M,4517550.0,73299.0,24
201500020524,15,9,14,1720,1,2,1,1,3,24322,M,4517870.0,73990.0,24
201500020525,15,9,27,605,5,2,1,1,1,24322,M,4518250.0,71199.0,24
201500020526,15,10,22,1210,1,2,1,1,1,24053,M,4518120.0,74966.0,24
201500020527,15,11,18,730,2,2,3,2,6,24053,M,4518010.0,72910.0,24
201500020528,15,11,20,1810,5,1,3,2,6,24138,M,4518400.0,71699.0,24
201500020529,15,1,26,914,1,2,3,4,3,25056,M,,,25
201500020530,15,3,11,1629,1,2,1,1,6,25056,M,4724600.0,602886.0,25
201500020531,15,1,26,1646,1,2,1,2,6,25056,M,4723145.0,601089.0,25
201500020532,15,3,12,1252,1,2,1,1,6,25056,M,,,25
201500020533,15,1,28,1800,5,2,1,2,1,25056,M,,,25
201500020534,15,3,16,1755,1,2,1,1,6,25056,M,4721222.0,597167.0,25
201500020535,15,1,30,1608,1,2,1,4,6,25056,M,4724304.0,602688.0,25
201500020536,15,3,17,731,1,2,2,1,3,25056,M,4715110.0,621260.0,25
201500020537,15,1,31,1740,5,2,1,1,3,25056,M,,,25
201500020538,15,3,17,1713,1,2,1,1,6,25056,M,4715100.0,616000.0,25
201500020539,15,2,15,1725,1,2,2,1,6,25056,M,4723782.0,602405.0,25
201500020540,15,3,19,1712,1,2,1,1,1,25056,M,4722780.0,597508.0,25
201500020541,15,2,15,1518,1,2,1,1,6,25056,M,4721633.0,597873.0,25
201500020542,15,3,20,1757,1,2,1,1,6,25056,M,4723852.0,601252.0,25
201500020543,15,2,17,1544,1,2,1,1,6,25056,M,4724573.0,603565.0,25
201500020544,15,3,24,1852,2,2,3,1,6,25056,M,4724278.0,599333.0,25
201500020545,15,2,18,127,5,2,1,1,6,25056,M,4723547.0,601543.0,25
201500020546,15,3,25,838,1,2,1,1,6,25056,M,4721859.0,597115.0,25
201500020547,15,2,21,756,1,2,1,2,6,25056,M,4723081.0,603636.0,25
201500020548,15,3,25,2230,5,2,1,1,6,25056,M,4722202.0,597983.0,25
201500020549,15,2,25,1145,1,2,1,1,6,25056,M,4725565.0,601321.0,25
201500020550,15,3,26,1734,1,2,3,1,3,25056,M,4710740.0,590867.0,25
201500020551,15,3,26,1948,5,2,1,1,6,25056,M,,,25
201500020552,15,3,27,555,5,2,1,1,6,25056,M,4725617.0,599388.0,25
201500020553,15,3,30,1125,1,2,3,2,6,25056,M,4725406.0,601530.0,25
201500020554,15,4,8,1928,1,2,7,1,6,25056,M,4721792.0,597018.0,25
201500020555,15,4,10,2200,5,2,1,1,6,25056,M,,,25
201500020556,15,4,14,1934,1,2,1,1,3,25056,M,4726728.0,601139.0,25
201500020557,15,4,22,1533,1,2,1,1,2,25056,M,4724486.0,599598.0,25
201500020558,15,5,5,1145,1,2,1,1,6,25056,M,,,25
201500020559,15,5,6,935,1,2,1,1,6,25056,M,,,25
201500020560,15,5,7,712,1,2,3,1,5,25056,M,4722144.0,597328.0,25
201500020561,15,5,9,1557,1,2,1,1,1,25056,M,,,25
201500020562,15,5,11,1621,1,2,3,1,5,25056,M,,,25
201500020563,15,5,11,2315,5,2,1,1,1,25056,M,,,25
201500020564,15,5,12,1830,1,2,1,1,2,25056,M,4724574.0,601050.0,25
201500020565,15,5,13,1018,1,2,3,1,3,25056,M,,,25
201500020566,15,5,13,1327,1,2,1,1,1,25056,M,4722207.0,595684.0,25
201500020567,15,5,15,1057,1,2,1,1,2,25056,M,4700000.0,200000.0,25
201500020568,15,5,16,1917,1,2,2,7,3,25056,M,4724290.0,602497.0,25
201500020569,15,5,18,1802,1,2,1,1,6,25056,M,4714529.0,608496.0,25
201500020570,15,5,20,1716,1,2,1,1,6,25056,M,4722340.0,599208.0,25
201500020571,15,5,21,800,1,2,3,1,3,25056,M,4725710.0,603578.0,25
201500020572,15,5,26,1513,1,2,2,1,3,25056,M,4715151.0,608715.0,25
201500020573,15,5,29,1542,1,2,1,1,5,25056,M,4724470.0,602200.0,25
201500020574,15,6,2,1310,1,2,1,1,7,25056,M,4724580.0,603506.0,25
201500020575,15,6,2,1625,1,2,1,1,2,25056,M,4723190.0,599933.0,25
201500020576,15,6,3,856,1,2,1,1,6,25056,M,4714538.0,614760.0,25
201500020577,15,6,5,2018,1,2,1,1,6,25056,M,4726140.0,601439.0,25
201500020578,15,6,6,2110,1,2,1,1,6,25056,M,4720760.0,598308.0,25
201500020579,15,6,22,1549,1,2,6,1,3,25056,M,0.0,0.0,25
201500020580,15,6,25,2200,2,2,1,1,6,25056,M,4728720.0,606383.0,25
201500020581,15,6,28,1950,1,2,1,1,3,25056,M,4721780.0,597525.0,25
201500020582,15,6,28,2335,5,2,2,1,3,25056,M,0.0,0.0,25
201500020583,15,7,1,1715,1,2,1,1,3,25056,M,4725493.0,601325.0,25
201500020584,15,7,3,740,1,2,1,1,3,25056,M,4724027.0,600411.0,25
201500020585,15,7,9,1955,1,2,1,1,7,25056,M,,,25
201500020586,15,7,12,159,5,2,1,1,6,25056,M,0.0,0.0,25
201500020587,15,7,13,152,5,2,4,1,3,25056,M,4724703.0,600673.0,25
201500020588,15,7,15,1226,1,2,1,1,4,25056,M,0.0,0.0,25
201500020589,15,7,15,2345,5,2,1,1,6,25056,M,0.0,0.0,25
201500020590,15,7,13,1117,1,2,3,1,3,25056,M,0.0,0.0,25
201500020591,15,7,20,1803,1,2,3,1,3,25056,M,0.0,0.0,25
201500020592,15,7,22,1523,1,1,1,1,6,25056,M,0.0,0.0,25
201500020593,15,7,28,1202,1,2,1,1,4,25056,M,0.0,0.0,25
201500020594,15,7,30,1648,1,2,5,1,3,25056,M,4724565.0,602791.0,25
201500020595,15,8,3,1435,1,1,2,1,3,25056,M,4721464.0,595093.0,25
201500020596,15,8,8,2030,1,2,6,1,3,25056,M,0.0,0.0,25
201500020597,15,8,13,1017,1,2,1,1,7,25056,M,4723145.0,601319.0,25
201500020598,15,8,13,1456,1,2,9,1,6,25056,M,4715600.0,612000.0,25
201500020599,15,8,27,1027,1,1,1,1,7,25056,M,0.0,0.0,25
201500020600,15,8,27,1650,1,2,1,1,6,25056,M,0.0,0.0,25
201500020601,15,8,29,1805,1,2,1,1,3,25056,M,4722642.0,597100.0,25
201500020602,15,9,3,1359,1,2,1,1,1,25056,M,0.0,0.0,25
201500020603,15,9,6,1855,1,2,1,1,6,25056,M,0.0,0.0,25
201500020604,15,9,8,1511,1,2,4,1,3,25056,M,4725722.0,602841.0,25
201500020605,15,9,9,1216,1,2,1,1,4,25056,M,4723636.0,598582.0,25
201500020606,15,9,12,143,5,2,1,1,6,25056,M,,,25
201500020607,15,9,17,800,1,2,9,8,3,25056,M,,,25
201500020608,15,9,20,210,5,2,1,1,6,25056,M,4715488.0,621967.0,25
201500020609,15,9,20,1230,1,2,1,1,7,25056,M,0.0,0.0,25
201500020610,15,9,21,1828,1,2,9,2,2,25056,M,4723215.0,599922.0,25
201500020611,15,9,23,740,1,2,9,1,6,25056,M,4724403.0,600707.0,25
201500020612,15,9,24,1609,1,2,3,1,3,25056,M,4724175.0,603410.0,25
201500020613,15,9,26,1130,1,2,2,1,6,25056,M,4723775.0,603214.0,25
201500020614,15,9,28,1743,1,2,1,1,6,25056,M,4723804.0,601476.0,25
201500020615,15,10,2,1440,1,2,1,1,7,25056,M,0.0,0.0,25
201500020616,15,10,3,445,5,2,1,1,6,25056,M,4722857.0,602861.0,25