Num_Acc,an,mois,jour,hrmn,lum,agg,int,atm,col,com,gps,lat,long,dep
201500020617,15,10,4,1641,1,2,1,1,7,25056,M,4726311.0,600585.0,25
201500020618,15,10,4,1705,1,2,9,1,6,25056,M,4723118.0,602655.0,25
201500020619,15,10,6,43,5,2,1,1,6,25056,M,4725431.0,601546.0,25
201500020620,15,10,6,1439,1,2,1,8,7,25056,M,4725340.0,598845.0,25
201500020621,15,10,9,2012,5,2,1,1,6,25056,M,4722610.0,597677.0,25
201500020622,15,10,13,1113,1,2,3,1,3,25056,M,4723905.0,598766.0,25
201500020623,15,10,14,1646,1,2,2,1,6,25056,M,4725935.0,602864.0,25
201500020624,15,10,14,2059,5,2,1,1,6,25056,M,4721433.0,596355.0,25
201500020625,15,10,16,1625,1,2,1,1,6,25056,M,4725255.0,598945.0,25
201500020626,15,10,22,1506,1,2,9,1,3,25056,M,4723229.0,597269.0,25
201500020627,15,10,23,320,5,2,1,2,6,25056,M,4725229.0,603041.0,25
201500020628,15,11,6,807,1,2,1,1,3,25056,M,4723885.0,599378.0,25
201500020629,15,11,10,1802,5,2,2,1,1,25056,M,4721948.0,601696.0,25
201500020630,15,11,10,2000,5,2,2,1,3,25056,M,4726360.0,604723.0,25
201500020631,15,11,13,1740,3,2,1,1,3,25056,M,4722284.0,595047.0,25
201500020632,15,11,16,848,1,2,1,1,6,25056,M,4724437.0,601438.0,25
201500020633,15,11,18,1343,1,2,1,1,6,25056,M,4723090.0,599506.0,25
201500020634,15,11,19,2040,5,2,1,2,6,25056,M,4724940.0,600258.0,25
201500020635,15,11,20,715,3,2,1,3,1,25056,M,4725944.0,602916.0,25
201500020636,15,11,20,1815,5,2,3,3,3,25056,M,4723387.0,600710.0,25
201500020637,15,11,20,1652,1,2,1,3,6,25056,M,4723384.0,602678.0,25
201500020638,15,11,25,2209,5,2,9,2,3,25056,M,4722905.0,599014.0,25
201500020639,15,11,29,1704,2,2,3,2,2,25056,M,4721786.0,595260.0,25
201500020640,15,12,4,1650,1,2,1,1,6,25056,M,4725498.0,603997.0,25
201500020641,15,12,8,943,1,2,1,1,6,25056,M,4724897.0,603157.0,25
201500020642,15,12,8,1731,5,2,1,1,6,25056,M,,,25
201500020643,15,12,8,1903,5,2,1,1,6,25056,M,4724590.0,601884.0,25
201500020644,15,12,9,1213,1,2,1,1,6,25056,M,4725901.0,604443.0,25
201500020645,15,12,13,358,5,2,1,1,6,25056,M,4714407.0,611758.0,25
201500020646,15,12,15,1219,1,2,1,1,6,25056,M,4724137.0,600761.0,25
201500020647,15,12,16,1750,5,2,1,2,6,25056,M,4723097.0,599544.0,25
201500020648,15,12,21,741,5,2,6,2,3,25056,M,4725612.0,600367.0,25
201500020649,15,12,28,1909,5,2,1,1,6,25056,M,4725244.0,603636.0,25
201500020650,15,12,30,1749,2,2,1,1,6,25056,M,4724200.0,599419.0,25
201500020651,15,12,30,2000,5,2,2,1,3,25056,M,4722947.0,599058.0,25
201500020652,15,12,27,1140,1,2,1,1,2,25031,M,4747840.0,685696.0,25
201500020653,15,5,8,1940,1,2,1,2,6,25388,M,4750802.0,679305.0,25
201500020654,15,12,14,1555,1,2,1,1,6,25388,M,4749489.0,680123.0,25
201500020655,15,5,22,1048,1,2,2,1,6,25031,M,4748218.0,684226.0,25
201500020656,15,11,6,1740,5,1,1,1,6,25388,M,4749453.0,681147.0,25
201500020657,15,7,21,1520,1,2,1,1,3,25031,M,,,25
201500020658,15,6,24,1213,1,2,1,1,6,25539,M,4746131.0,686683.0,25
201500020659,15,11,15,215,5,2,1,1,7,25580,M,,,25
201500020660,15,8,19,1800,1,2,1,1,6,25388,M,0.0,0.0,25
201500020661,15,8,22,525,5,2,3,1,7,25031,M,4748901.0,682438.0,25
201500020662,15,10,4,2300,5,2,1,1,7,25388,M,4749920.0,680455.0,25
201500020663,15,10,8,2123,5,2,1,1,5,25388,M,,,25
201500020664,15,12,16,1600,1,1,1,2,6,25614,M,,,25
201500020665,15,11,12,647,4,2,1,1,6,25031,M,4747678.0,684094.0,25
201500020666,15,11,20,1727,5,2,1,3,6,25539,M,,,25
201500020667,15,11,24,1120,1,2,1,1,2,25031,M,,,25
201500020668,15,1,2,1440,1,2,1,9,6,25388,M,4751156.0,679864.0,25
201500020669,15,1,12,915,1,2,3,1,3,25388,M,4749602.0,680537.0,25
201500020670,15,1,31,1846,5,2,1,4,1,25388,M,4750973.0,678386.0,25
201500020671,15,2,2,1115,1,2,1,1,3,25031,M,4748602.0,683261.0,25
201500020672,15,2,2,1750,5,2,9,1,6,25388,M,,,25
201500020673,15,3,27,1620,1,2,1,1,2,25388,M,,,25
201500020674,15,1,1,1600,1,2,1,1,1,25462,M,4689933.0,636196.0,25
201500020675,15,3,4,1905,5,2,1,1,6,25462,M,4690459.0,635978.0,25
201500020676,15,1,8,1752,5,2,1,2,6,25204,M,,,25
201500020677,15,3,7,1105,1,1,1,1,5,25204,M,,,25
201500020678,15,1,16,1615,2,2,3,4,2,25462,M,4691414.0,635215.0,25
201500020679,15,3,8,1520,1,2,3,1,6,25204,M,4692580.0,634618.0,25
201500020680,15,1,31,2020,3,1,1,4,1,25462,M,4689935.0,635953.0,25
201500020681,15,3,13,1510,1,2,1,1,2,25462,M,4691428.0,635025.0,25
201500020682,15,3,16,1610,1,2,1,1,4,25462,M,,,25
201500020683,15,2,13,2006,5,2,1,1,4,25462,M,4690185.0,634476.0,25
201500020684,15,2,28,1040,1,1,1,4,3,25204,M,4692439.0,635704.0,25
201500020685,15,4,2,1015,1,2,3,2,6,25462,M,4690334.0,635552.0,25
201500020686,15,4,11,1115,1,2,1,1,6,25462,M,4690402.0,635671.0,25
201500020687,15,4,14,1515,1,1,1,1,1,25204,M,4691891.0,634305.0,25
201500020688,15,4,21,1005,1,2,1,1,6,25462,M,,,25
201500020689,15,4,27,2005,2,2,6,3,3,25462,M,,,25
201500020690,15,5,14,1205,1,2,6,1,1,25462,M,4690588.0,635757.0,25
201500020691,15,5,19,835,1,2,1,2,5,25462,M,,,25
201500020692,15,6,2,910,1,2,2,1,3,25462,M,4689824.0,635023.0,25
201500020693,15,6,14,2226,5,2,2,2,3,25462,M,4690537.0,635144.0,25
201500020694,15,6,23,1741,1,2,3,1,3,25462,M,4690313.0,633299.0,25
201500020695,15,6,29,1715,1,1,1,1,7,25462,M,4690508.0,636204.0,25
201500020696,15,7,2,1910,1,2,1,1,6,25462,M,4690563.0,635170.0,25
201500020697,15,7,14,1420,1,2,3,1,1,25462,M,4690990.0,634700.0,25
201500020698,15,7,16,1424,1,2,1,1,3,25462,M,4690739.0,633351.0,25
201500020699,15,7,17,634,1,2,1,1,7,25462,M,4689586.0,636295.0,25
201500020700,15,8,11,1100,1,2,6,1,2,25462,M,4691414.0,635215.0,25
201500020701,15,8,21,1850,1,2,3,1,6,25462,M,4691609.0,634483.0,25
201500020702,15,9,8,2010,2,2,2,1,1,25462,M,4690993.0,635497.0,25
201500020703,15,9,9,50,5,1,1,1,6,25462,M,,,25
201500020704,15,9,24,1302,1,1,3,1,3,25204,M,4693224.0,636648.0,25
201500020705,15,9,28,1735,1,2,1,1,3,25462,M,4693052.0,635489.0,25
201500020706,15,10,2,755,1,2,2,1,1,25462,M,4691322.0,634123.0,25
201500020707,15,10,3,955,1,2,1,1,3,25462,M,4690778.0,634648.0,25
201500020708,15,10,8,1722,1,2,1,1,6,25462,M,4690057.0,635599.0,25
201500020709,15,10,15,1812,1,1,1,1,3,25462,M,4690161.0,635440.0,25
201500020710,15,11,11,2006,5,2,3,1,3,25462,M,4691604.0,634478.0,25
201500020711,15,11,12,1215,1,2,1,1,3,25462,M,4691803.0,634332.0,25
201500020712,15,11,17,2025,5,2,3,1,3,25462,M,4690309.0,635531.0,25
201500020713,15,11,18,740,2,2,1,1,6,25462,M,4690936.0,633666.0,25
201500020714,15,11,23,1800,5,2,1,4,6,25462,M,4691368.0,634622.0,25
201500020715,15,11,26,1115,1,2,2,4,3,25462,M,4691435.0,634611.0,25
201500020716,15,12,1,1725,5,2,3,1,7,25462,M,4689342.0,636487.0,25
201500020717,15,12,9,1950,3,1,1,1,1,25462,M,4690092.0,634293.0,25
201500020718,15,12,24,1601,1,2,1,1,6,25462,M,4691553.0,634407.0,25
201500020719,15,12,29,1150,1,2,1,1,6,25462,M,4691321.0,635339.0,25
201500020720,15,12,30,1725,5,2,1,1,6,25462,M,4690167.0,636033.0,25
201500020721,15,2,28,2330,4,1,1,9,6,26295,M,0.0,0.0,26
201500020722,15,11,19,1845,3,1,1,1,7,26010,M,4527840.0,484520.0,26
201500020723,15,1,8,2215,3,1,2,1,1,84099,M,4386736.0,511991.0,84
201500020724,15,1,24,530,3,1,1,1,6,84025,M,4388300.0,514722.0,84
201500020725,15,5,23,1115,1,1,1,1,3,84038,M,0.0,0.0,84
201500020726,15,5,24,1430,1,1,2,1,3,84099,M,4386090.0,513434.0,84
201500020727,15,6,6,430,3,2,1,1,6,84099,M,4384068.0,510793.0,84
201500020728,15,7,6,1015,1,1,1,1,6,84038,M,4378908.0,508561.0,84
201500020729,15,9,9,645,2,1,1,1,1,84062,M,0.0,0.0,84
201500020730,15,10,24,1545,1,1,1,1,1,84062,M,0.0,0.0,84
201500020731,15,12,5,1130,1,1,1,1,1,84062,M,4390519.0,510689.0,84
201500020732,15,4,9,1930,1,1,2,1,4,59478,M,0.0,0.0,59
201500020733,15,4,21,730,1,1,1,7,2,59082,M,5095204.0,239542.0,59
201500020734,15,6,7,1115,1,2,1,8,6,59478,M,0.0,0.0,59
201500020735,15,6,12,2215,2,2,1,1,6,59067,M,0.0,0.0,59
201500020736,15,7,9,2215,2,1,1,1,3,59478,M,0.0,0.0,59
201500020737,15,7,18,1200,1,2,2,1,3,59162,M,0.0,0.0,59
201500020738,15,10,19,1315,1,1,1,1,3,59082,M,0.0,0.0,59
201500020739,15,11,3,1800,3,1,1,1,1,59016,M,0.0,0.0,59
201500020740,15,2,16,655,3,1,4,5,3,79307,M,4612869.0,-8783.0,79
201500020741,15,9,10,1845,1,2,1,1,1,79297,M,4624506.0,3226.0,79
201500020742,15,3,6,415,4,2,1,1,6,79307,M,4613590.0,9990.0,79
201500020743,15,4,15,1915,1,1,3,1,3,79083,M,4612004.0,-6765.0,79
201500020744,15,6,7,200,3,2,1,1,6,79163,M,4615243.0,5757.0,79
201500020745,15,6,7,340,3,1,1,1,6,79027,M,4607974.0,-11249.0,79
201500020746,15,6,13,1845,1,1,1,1,3,79148,M,4623479.0,-3676.0,79
201500020747,15,3,8,930,1,2,1,1,3,62261,M,5048470.0,162860.0,62
201500020748,15,3,27,1545,1,2,1,1,3,62571,M,5045172.0,161476.0,62
201500020749,15,4,22,1115,1,2,2,1,3,62261,M,5047613.0,160188.0,62
201500020750,15,6,9,1830,1,2,1,1,6,62261,M,5047713.0,157573.0,62
201500020751,15,7,28,1900,1,1,2,1,3,62849,M,5040695.0,163336.0,62
201500020752,15,8,27,1830,1,2,1,2,6,62849,M,5040305.0,163681.0,62
201500020753,15,1,1,445,3,1,1,4,5,59653,M,0.0,0.0,59
201500020754,15,1,12,1245,1,2,1,1,2,59202,M,0.0,0.0,59
201500020755,15,1,13,1830,5,2,6,3,6,59202,M,0.0,0.0,59
201500020756,15,1,25,1100,1,1,1,1,6,59553,M,5060256.0,296480.0,59
201500020757,15,6,18,700,1,2,9,2,7,59278,M,0.0,0.0,59
201500020758,15,7,31,1300,1,1,1,1,1,59553,M,5059874.0,293907.0,59
201500020759,15,8,21,1715,1,2,1,1,1,59202,M,0.0,0.0,59
201500020760,15,9,8,1700,1,2,1,1,6,59653,M,0.0,0.0,59
201500020761,15,4,25,430,3,1,1,1,1,74026,M,0.0,0.0,74
201500020762,15,8,26,1830,1,2,6,1,1,74182,M,0.0,0.0,74
201500020763,15,10,25,1745,3,1,1,1,5,74179,M,0.0,0.0,74
201500020764,15,11,6,815,1,1,1,1,4,74112,M,4556600.0,611300.0,74
201500020765,15,1,16,1200,1,2,1,2,6,01033,M,0.0,0.0,01
201500020766,15,6,3,1515,1,1,1,1,1,01091,M,0.0,0.0,01
201500020767,15,6,30,830,1,2,1,1,6,01033,M,0.0,0.0,01
201500020768,15,7,17,745,1,2,1,1,1,01033,M,0.0,0.0,01
201500020769,15,9,24,1315,1,1,1,1,1,01357,M,0.0,0.0,01
201500020770,15,11,10,100,3,1,1,1,6,01091,M,0.0,0.0,01
201500020771,15,12,9,815,1,2,1,1,6,01033,M,0.0,0.0,01
201500020772,15,6,6,1500,1,1,1,1,1,83049,M,0.0,0.0,83
201500020773,15,8,19,930,1,2,1,1,6,83049,M,4323910.0,607677.0,83
201500020774,15,10,12,2015,3,1,1,2,1,83049,M,0.0,0.0,83
201500020775,15,3,29,2045,1,1,3,1,3,26198,M,4454720.0,477330.0,26
201500020776,15,4,8,2130,5,2,1,1,1,26198,M,0.0,0.0,26
201500020777,15,4,13,800,1,2,3,1,3,26198,M,4456700.0,474080.0,26
201500020778,15,4,25,1635,1,2,1,1,6,26198,M,4454830.0,475670.0,26
201500020779,15,5,15,855,1,1,1,1,3,26198,M,0.0,0.0,26
201500020780,15,5,26,855,1,2,2,1,3,26198,M,4456310.0,473370.0,26
201500020781,15,5,28,1215,1,2,2,1,3,26198,M,4452560.0,474360.0,26
201500020782,15,7,15,100,5,2,1,1,6,26198,M,4456090.0,474680.0,26
201500020783,15,8,13,730,1,2,1,1,6,26198,M,4455000.0,474725.0,26
201500020784,15,8,11,1530,1,2,1,1,6,26198,M,4455620.0,474856.0,26
201500020785,15,8,26,1350,1,1,1,1,2,26198,M,0.0,0.0,26
201500020786,15,8,27,700,1,2,6,1,3,26198,M,4453740.0,476440.0,26
201500020787,15,8,14,1930,1,2,1,1,6,26198,M,4455240.0,471880.0,26
201500020788,15,9,29,705,1,1,1,1,4,26198,M,0.0,0.0,26
201500020789,15,9,19,1810,1,1,1,1,1,26198,M,0.0,0.0,26
201500020790,15,9,27,1050,1,2,9,1,6,26198,M,,,26
201500020791,15,10,15,1850,5,1,1,1,1,26198,M,0.0,0.0,26
201500020792,15,11,6,930,1,2,1,1,6,26198,M,0.0,0.0,26
201500020793,15,11,18,1118,1,2,1,1,3,26198,M,,,26
201500020794,15,11,20,800,1,1,1,1,3,26008,M,,,26
201500020795,15,10,25,22,3,1,1,1,6,26198,M,,,26
201500020796,15,12,2,1230,1,1,2,1,3,26198,M,4452620.0,473980.0,26
201500020797,15,11,30,1115,1,2,1,1,6,26198,M,,,26
201500020798,15,1,4,15,5,2,1,1,6,26198,M,,,26
201500020799,15,1,5,815,1,2,1,1,4,26198,M,,,26
201500020800,15,1,6,1620,1,2,3,1,3,26198,M,,,26
201500020801,15,1,18,2105,5,2,6,2,3,26198,M,4456740.0,475530.0,26
201500020802,15,1,26,1740,1,2,1,1,1,26198,M,,,26
201500020803,15,2,5,1115,1,1,1,6,5,26008,M,,,26
201500020804,15,3,1,1020,1,2,1,2,6,26198,M,,,26
201500020805,15,2,28,1650,1,1,3,1,2,26198,M,,,26
201500020806,15,1,3,955,1,2,2,1,3,26281,M,4504750.0,504970.0,26
201500020807,15,3,22,1635,1,2,1,1,3,26057,M,4503820.0,504340.0,26
201500020808,15,1,5,1445,1,2,1,1,6,26281,M,4504140.0,505630.0,26
201500020809,15,3,23,1139,1,2,6,1,1,26281,M,4504560.0,504630.0,26
201500020810,15,1,7,450,5,2,1,1,6,26281,M,4504970.0,507020.0,26
201500020811,15,3,23,2010,2,2,1,1,6,26281,M,4504690.0,504890.0,26
201500020812,15,1,7,1045,1,2,1,1,1,26281,M,4504790.0,507560.0,26
201500020813,15,4,10,1750,1,1,1,1,1,26057,M,,,26
201500020814,15,1,9,750,2,2,6,1,6,26281,M,4505660.0,505730.0,26
201500020815,15,4,10,1835,1,2,3,1,3,26281,M,4504810.0,506450.0,26
201500020816,15,1,14,1550,1,2,3,1,3,26281,M,4504470.0,504080.0,26
201500020817,15,4,10,2255,5,2,1,1,3,26281,M,4504390.0,506230.0,26
201500020818,15,1,16,1835,5,2,6,1,3,26281,M,4504710.0,507080.0,26
201500020819,15,4,14,750,1,2,2,1,3,26281,M,4504390.0,505330.0,26
201500020820,15,1,24,1425,1,2,3,1,3,26281,M,4504810.0,506450.0,26
201500020821,15,4,19,1605,1,2,1,1,3,26281,M,4505350.0,505440.0,26
201500020822,15,2,14,1550,1,2,1,1,6,26281,M,4504590.0,505150.0,26
201500020823,15,4,21,1330,1,2,1,1,6,26057,M,4503850.0,504920.0,26
201500020824,15,2,15,905,1,2,1,2,6,26057,M,4504810.0,507730.0,26
201500020825,15,4,29,1440,1,2,1,1,6,26281,M,4504030.0,506620.0,26
201500020826,15,2,23,755,1,2,1,1,3,26281,M,4504710.0,504340.0,26
201500020827,15,5,9,1852,1,1,1,1,2,26281,M,,,26
201500020828,15,2,23,850,1,2,2,1,7,26057,M,4504010.0,505020.0,26
201500020829,15,5,11,1800,1,2,3,1,3,26281,M,4504630.0,507750.0,26
201500020830,15,2,27,1125,1,2,1,3,7,26281,M,,,26
201500020831,15,5,14,1620,1,2,6,1,3,26281,M,,,26
201500020832,15,3,10,1725,1,2,1,1,2,26281,M,4505520.0,504900.0,26
201500020833,15,5,19,1820,1,2,1,1,1,26057,M,,,26
201500020834,15,5,20,1207,1,2,2,1,3,26281,M,4504730.0,507560.0,26
201500020835,15,5,28,845,1,2,1,1,6,26281,M,4504220.0,504610.0,26
201500020836,15,6,10,750,1,2,1,1,3,26281,M,4504830.0,505170.0,26
201500020837,15,6,18,1815,1,2,2,1,1,26281,M,4504750.0,505470.0,26
201500020838,15,6,18,1115,1,2,2,1,3,26057,M,4503690.0,505100.0,26
201500020839,15,6,24,1945,2,2,1,1,1,26281,M,4504430.0,505820.0,26
201500020840,15,6,26,835,1,2,1,1,2,26281,M,4504860.0,504960.0,26
201500020841,15,6,26,1615,1,2,1,1,3,26281,M,4504920.0,505110.0,26
201500020842,15,6,28,1925,2,2,1,1,2,26281,M,4504510.0,504470.0,26
201500020843,15,7,1,1147,1,2,1,1,3,26281,M,4504630.0,505260.0,26
201500020844,15,7,6,1220,1,2,1,1,3,26057,M,,,26
201500020845,15,7,13,950,1,2,1,1,2,26281,M,4504350.0,506130.0,26
201500020846,15,7,30,1730,1,2,7,1,3,26281,M,4504540.0,505910.0,26
201500020847,15,7,30,1650,1,2,6,1,3,26281,M,4504540.0,505320.0,26
201500020848,15,8,7,930,1,2,2,1,1,26281,M,4505410.0,510100.0,26
201500020849,15,8,12,808,1,2,1,1,3,26057,M,4503750.0,505340.0,26
201500020850,15,8,18,1930,2,2,1,1,4,26281,M,,,26
201500020851,15,8,22,1430,1,2,3,1,2,26281,M,4504370.0,505130.0,26
201500020852,15,8,24,1214,1,2,1,1,2,26281,M,4504560.0,505160.0,26
201500020853,15,9,7,1600,1,1,1,1,6,26281,M,4505000.0,504030.0,26
201500020854,15,9,14,1200,1,2,1,1,2,26281,M,4504420.0,505200.0,26
201500020855,15,9,15,1137,1,2,1,1,7,26057,M,4503390.0,506490.0,26
201500020856,15,9,15,1340,1,2,9,1,6,26281,M,4504540.0,506070.0,26
201500020857,15,9,16,2030,3,2,1,1,3,26057,M,,,26
201500020858,15,9,18,1605,1,2,9,1,3,26281,M,4504550.0,506030.0,26
201500020859,15,9,19,1910,1,2,1,1,3,26281,M,4504950.0,507680.0,26
201500020860,15,9,19,1945,1,2,3,1,4,26057,M,4504080.0,505240.0,26
201500020861,15,9,21,1815,1,2,6,1,2,26281,M,,,26
201500020862,15,9,26,1205,1,2,1,1,1,26281,M,4504460.0,503880.0,26
201500020863,15,9,29,1800,1,2,1,1,5,26281,M,,,26
201500020864,15,10,1,900,1,2,9,1,3,26281,M,4504150.0,505630.0,26
201500020865,15,10,6,1650,1,2,1,1,6,26281,M,4505750.0,504980.0,26
201500020866,15,10,8,1815,1,2,1,1,4,26281,M,4504350.0,504350.0,26
201500020867,15,10,9,920,1,2,2,1,3,26281,M,4504380.0,504960.0,26
201500020868,15,10,12,1540,1,2,1,1,1,26281,M,,,26
201500020869,15,10,13,1045,1,2,1,2,2,26281,M,4504550.0,505890.0,26
201500020870,15,11,2,1125,1,2,1,1,2,26057,M,4504080.0,505240.0,26
201500020871,15,11,2,1650,1,2,1,1,3,26281,M,4504410.0,502000.0,26
201500020872,15,11,6,1210,1,2,1,1,2,26281,M,4504700.0,503540.0,26
201500020873,15,11,14,953,1,2,3,1,3,26281,M,4504840.0,503740.0,26
201500020874,15,11,28,1405,1,2,1,1,6,26281,M,4505110.0,505920.0,26
201500020875,15,11,30,750,5,2,6,1,3,26281,M,,,26
201500020876,15,11,23,1214,1,2,6,1,7,26281,M,4504440.0,504130.0,26
201500020877,15,12,2,1040,1,1,2,1,3,26057,M,4501780.0,503510.0,26
201500020878,15,12,8,1140,1,2,6,1,6,26057,M,4503930.0,504770.0,26
201500020879,15,12,8,1350,1,1,4,1,6,26281,M,4504820.0,504120.0,26
201500020880,15,12,10,1420,1,2,2,1,2,26281,M,4504490.0,506510.0,26
201500020881,15,12,11,740,5,2,6,1,3,26281,M,4504260.0,505800.0,26
201500020882,15,12,12,1605,1,1,1,1,2,26281,M,,,26
201500020883,15,12,15,1905,2,2,1,1,3,26281,M,,,26
201500020884,15,12,17,1655,1,1,2,1,3,26057,M,,,26
201500020885,15,12,18,1648,1,2,1,1,3,26281,M,4505590.0,504930.0,26
201500020886,15,12,21,1152,1,2,6,2,3,26281,M,4505050.0,508290.0,26
201500020887,15,12,22,1815,5,1,1,1,2,26281,M,,,26
201500020888,15,1,8,1345,1,1,3,1,3,26058,M,4495100.0,490190.0,26
201500020889,15,12,28,1706,2,2,1,1,6,26362,M,4492990.0,491840.0,26
201500020890,15,3,21,2200,3,2,1,1,1,26362,M,,,26
201500020891,15,1,8,1400,1,2,3,1,6,26362,M,4493420.0,489720.0,26
201500020892,15,3,18,1920,1,2,2,1,3,26362,M,4492620.0,490120.0,26
201500020893,15,12,28,2015,5,2,1,1,3,26362,M,4494200.0,491810.0,26
201500020894,15,1,11,530,3,1,1,1,1,26170,M,,,26
201500020895,15,12,29,220,3,2,1,1,7,26058,M,4494340.0,488879.0,26
201500020896,15,1,12,953,1,2,2,1,6,26362,M,4492710.0,489970.0,26
201500020897,15,3,27,1950,3,1,1,1,4,26362,M,0.0,0.0,26
201500020898,15,1,7,910,1,2,1,1,6,26362,M,4492900.0,489880.0,26
201500020899,15,3,29,2100,4,1,1,1,7,26362,M,,,26
201500020900,15,1,15,2100,3,1,1,1,4,26170,M,,,26
201500020901,15,3,31,1344,1,2,1,1,6,26362,M,4493470.0,490120.0,26
201500020902,15,1,21,1213,1,2,1,2,6,26362,M,4492650.0,488910.0,26
201500020903,15,4,9,825,1,2,7,1,3,26058,M,4494110.0,489360.0,26
201500020904,15,1,28,2030,5,2,3,1,3,26252,M,4488610.0,488610.0,26
201500020905,15,4,10,810,1,2,6,1,6,26362,M,4494010.0,491590.0,26
201500020906,15,1,30,2059,5,2,2,1,3,26058,M,4495160.0,490280.0,26
201500020907,15,4,19,1422,1,2,1,2,3,26362,M,4493710.0,491190.0,26
201500020908,15,1,30,1325,1,2,2,1,3,26362,M,4492010.0,493190.0,26
201500020909,15,4,14,1115,1,2,1,1,6,26362,M,4493330.0,490200.0,26
201500020910,15,2,10,600,3,1,1,1,6,26252,M,4487730.0,489410.0,26
201500020911,15,4,20,925,1,2,1,1,3,26362,M,4492810.0,489970.0,26
201500020912,15,2,13,1908,5,2,1,1,6,26362,M,4493040.0,489010.0,26
201500020913,15,5,15,928,1,2,1,1,6,26058,M,,,26
201500020914,15,2,17,1825,5,2,9,1,6,26362,M,4490680.0,487910.0,26
201500020915,15,5,14,1743,1,2,3,1,3,26362,M,4491780.0,488540.0,26
201500020916,15,2,19,701,3,2,1,1,3,26058,M,4496480.0,487830.0,26
201500020917,15,5,17,1540,1,2,1,1,7,26362,M,4493800.0,493200.0,26
201500020918,15,2,23,1830,5,1,2,1,3,26252,M,,,26
201500020919,15,5,7,1443,1,1,1,1,6,26362,M,4493430.0,490610.0,26
201500020920,15,2,28,1410,1,2,6,1,3,26058,M,4494110.0,489360.0,26
201500020921,15,6,2,935,1,2,1,1,6,26362,M,4493660.0,491120.0,26
201500020922,15,2,28,1615,1,1,1,1,5,26362,M,4495010.0,492750.0,26
201500020923,15,5,18,1753,1,1,1,1,7,26313,M,,,26
201500020924,15,3,11,1226,1,2,2,1,3,26362,M,4492650.0,491740.0,26
201500020925,15,6,3,1912,1,2,1,1,6,26058,M,4495830.0,488930.0,26
201500020926,15,3,13,1605,1,1,1,1,6,26362,M,4492640.0,490004.0,26
201500020927,15,6,5,1325,1,1,2,1,3,26252,M,0.0,0.0,26
201500020928,15,3,13,1135,1,2,1,1,6,26362,M,4493080.0,489140.0,26
201500020929,15,6,18,2112,1,1,1,1,7,26362,M,0.0,0.0,26
201500020930,15,6,19,20,3,1,1,1,2,26004,M,0.0,0.0,26
201500020931,15,6,21,100,3,2,1,1,6,26362,M,0.0,0.0,26
201500020932,15,6,23,1330,1,2,2,1,3,26362,M,4493420.0,489260.0,26
201500020933,15,4,9,2220,5,2,1,1,7,26362,M,4493500.0,490880.0,26
201500020934,15,6,24,1105,1,1,2,1,3,26362,M,4495000.0,494910.0,26
201500020935,15,6,28,1805,1,1,6,1,3,26058,M,4495450.0,493250.0,26
201500020936,15,7,2,1403,1,1,1,1,5,26252,M,0.0,0.0,26
201500020937,15,7,1,1730,1,2,3,1,1,26362,M,4493340.0,490220.0,26
201500020938,15,7,26,355,5,2,6,1,2,26362,M,4493270.0,489880.0,26
201500020939,15,7,27,1555,1,1,1,1,4,26058,M,0.0,0.0,26
201500020940,15,8,10,1455,1,2,2,1,3,26058,M,4496690.0,491550.0,26
201500020941,15,8,14,955,1,2,1,1,6,26362,M,4491990.0,488580.0,26
201500020942,15,9,10,1250,1,2,1,1,2,26362,M,4493800.0,489890.0,26
201500020943,15,9,14,2230,1,1,1,1,7,26252,M,0.0,0.0,26
201500020944,15,9,14,1715,1,2,1,1,6,26362,M,4488850.0,489020.0,26
201500020945,15,9,23,1800,1,2,1,1,3,26362,M,4490140.0,488410.0,26
201500020946,15,9,22,1544,1,2,1,1,6,26362,M,4494620.0,491490.0,26
201500020947,15,8,6,815,1,2,1,1,6,26362,M,4493810.0,489920.0,26
201500020948,15,9,24,1700,1,2,6,1,6,26362,M,4491220.0,490880.0,26
201500020949,15,9,24,1745,1,2,1,1,2,26362,M,0.0,0.0,26
201500020950,15,9,28,1515,1,2,1,1,6,26362,M,4493540.0,489760.0,26
201500020951,15,10,17,1630,1,2,1,1,6,26058,M,4493710.0,488880.0,26
201500020952,15,11,16,1808,5,2,1,1,6,26362,M,4492930.0,490830.0,26
201500020953,15,11,19,1140,1,2,1,1,5,26362,M,4493710.0,491190.0,26
201500020954,15,11,14,2046,5,2,2,1,3,26362,M,4493650.0,491810.0,26
201500020955,15,11,28,2040,4,2,2,1,3,26362,M,4493140.0,490130.0,26
201500020956,15,11,29,1440,1,2,1,1,6,26058,M,4494830.0,489310.0,26
201500020957,15,12,5,200,3,1,1,1,7,26252,M,,,26
201500020958,15,12,3,1035,1,2,1,1,6,26362,M,4492810.0,488999.0,26
201500020959,15,10,23,838,1,1,1,1,6,26362,M,4493040.0,489270.0,26