Num_Acc,an,mois,jour,hrmn,lum,agg,int,atm,col,com,gps,lat,long,dep
201500020960,15,12,12,1003,1,2,6,1,6,26362,M,4492220.0,489080.0,26
201500020961,15,2,5,900,1,2,1,1,6,84037,M,4405689.0,482116.0,84
201500020962,15,7,8,1615,1,2,1,1,3,84037,M,4405053.0,483550.0,84
201500020963,15,11,17,2200,3,1,1,1,6,84027,M,0.0,0.0,84
201500020964,15,1,22,1800,2,1,1,1,1,06109,M,0.0,0.0,06
201500020965,15,2,27,1415,1,2,1,1,4,06126,M,4382506.0,718960.0,06
201500020966,15,4,30,1115,1,1,1,1,7,06025,M,0.0,0.0,06
201500020967,15,6,14,1500,1,1,1,1,6,06022,M,0.0,0.0,06
201500020968,15,6,20,1815,1,1,1,1,7,06034,M,0.0,0.0,06
201500020969,15,7,15,800,1,2,1,1,1,06046,M,0.0,0.0,06
201500020970,15,7,31,745,1,2,9,1,3,06006,M,0.0,0.0,06
201500020971,15,9,22,1900,1,1,1,1,1,06117,M,0.0,0.0,06
201500020972,15,10,5,1945,3,1,1,1,1,06022,M,0.0,0.0,06
201500020973,15,10,26,1700,1,1,1,1,2,06046,M,0.0,0.0,06
201500020974,15,11,6,1830,3,1,1,1,1,06064,M,0.0,0.0,06
201500020975,15,11,12,1800,3,1,1,1,7,06126,M,0.0,0.0,06
201500020976,15,2,6,1930,3,2,1,1,4,38337,M,0.0,0.0,38
201500020977,15,3,31,1700,1,2,3,1,6,38239,M,4533013.0,555727.0,38
201500020978,15,4,8,800,1,2,1,1,1,38133,M,4537135.0,561445.0,38
201500020979,15,5,23,1230,1,1,1,1,1,38332,M,0.0,0.0,38
201500020980,15,5,30,1230,1,2,1,1,1,38194,M,0.0,0.0,38
201500020981,15,2,18,600,2,2,2,1,1,38239,M,4532945.0,556917.0,38
201500020982,15,3,11,2245,3,2,1,1,7,38133,M,4535310.0,562051.0,38
201500020983,15,3,14,430,3,1,1,2,6,38337,M,0.0,0.0,38
201500020984,15,3,28,1415,1,2,1,8,3,38105,M,4540746.0,556253.0,38
201500020985,15,6,2,1945,1,1,1,1,2,38084,M,0.0,0.0,38
201500020986,15,7,18,2045,2,1,1,1,3,38239,M,0.0,0.0,38
201500020987,15,7,29,645,2,1,1,1,5,38239,M,0.0,0.0,38
201500020988,15,9,5,445,3,1,1,1,1,38337,M,0.0,0.0,38
201500020989,15,9,27,300,5,2,1,1,6,38239,M,4532699.0,557302.0,38
201500020990,15,10,3,330,5,2,1,1,6,38337,M,0.0,0.0,38
201500020991,15,10,11,1500,1,1,1,1,3,38332,M,0.0,0.0,38
201500020992,15,10,23,830,1,1,1,1,6,38337,M,0.0,0.0,38
201500020993,15,10,30,345,3,2,1,5,6,38105,M,0.0,0.0,38
201500020994,15,11,4,1730,2,1,1,1,6,38194,M,0.0,0.0,38
201500020995,15,11,6,815,1,1,1,1,1,38105,M,4542757.0,556271.0,38
201500020996,15,11,20,1645,2,1,2,2,6,38400,M,4534963.0,559554.0,38
201500020997,15,12,5,815,1,1,4,5,2,38030,M,4535873.0,547023.0,38
201500020998,15,4,29,1145,1,2,6,1,6,69283,M,0.0,0.0,69
201500020999,15,5,8,1845,2,1,1,3,3,69283,M,0.0,0.0,69
201500021000,15,5,28,1900,1,2,1,1,6,69283,M,0.0,0.0,69
201500021001,15,9,10,1715,1,2,1,1,3,69283,M,0.0,0.0,69
201500021002,15,10,19,1245,1,2,1,1,6,69283,M,0.0,0.0,69
201500021003,15,3,7,1745,1,2,1,1,6,62397,M,5086655.0,186464.0,62
201500021004,15,3,24,815,1,1,1,1,1,62408,M,5085407.0,181916.0,62
201500021005,15,6,11,1715,1,2,1,1,4,62397,M,5087272.0,186968.0,62
201500021006,15,7,22,1430,1,2,1,1,1,62408,M,5091229.0,187444.0,62
201500021007,15,8,14,1530,1,2,1,1,3,62161,M,5082630.0,190269.0,62
201500021008,15,12,15,1730,5,2,9,2,6,62334,M,5082512.0,182096.0,62
201500021009,15,2,21,1900,5,2,6,2,6,58086,M,0.0,0.0,58
201500021010,15,6,4,1315,1,1,1,1,3,58251,M,0.0,0.0,58
201500021011,15,12,10,1930,3,1,1,8,6,58209,M,0.0,0.0,58
201500021012,15,3,23,345,3,1,1,1,6,41101,M,4762100.0,116200.0,41
201500021013,15,4,3,1715,1,1,1,1,2,41008,M,4774600.0,152700.0,41
201500021014,15,5,4,1500,1,1,1,8,2,41252,M,4770500.0,145200.0,41
201500021015,15,5,10,2215,3,1,1,1,7,41206,M,4763200.0,135500.0,41
201500021016,15,5,23,830,1,1,1,1,7,41114,M,4774700.0,153800.0,41
201500021017,15,7,13,1545,1,1,1,7,6,41223,M,4761707.0,121396.0,41
201500021018,15,7,15,615,1,1,1,1,7,41252,M,4768393.0,141644.0,41
201500021019,15,7,22,1430,1,1,1,1,2,41101,M,4761536.0,116029.0,41
201500021020,15,7,27,600,2,1,1,1,5,41136,M,4772209.0,149170.0,41
201500021021,15,7,19,1915,1,1,1,1,2,41091,M,4761804.0,126537.0,41
201500021022,15,8,4,1945,1,1,1,7,2,41245,M,4774253.0,153066.0,41
201500021023,15,8,14,745,1,1,1,1,2,41252,M,4768060.0,140859.0,41
201500021024,15,8,22,845,1,1,1,1,3,41136,M,4771283.0,147099.0,41
201500021025,15,8,28,630,2,1,1,2,2,41252,M,4769289.0,143489.0,41
201500021026,15,9,7,2300,3,1,1,1,2,41288,M,4765771.0,138118.0,41
201500021027,15,1,12,1030,1,2,1,1,6,27229,M,4900457.0,111312.0,27
201500021028,15,2,17,1330,1,2,9,1,3,27229,M,4902558.0,155669.0,27
201500021029,15,10,21,440,5,2,2,1,1,27229,M,4902880.0,116644.0,27
201500021030,15,3,23,1150,1,2,1,1,6,27229,M,4902900.0,113582.0,27
201500021031,15,3,20,2155,5,2,2,1,3,27229,M,4902081.0,115657.0,27
201500021032,15,11,6,2110,3,1,1,1,1,27299,M,4904319.0,117220.0,27
201500021033,15,3,26,1245,1,1,1,1,2,27229,M,4901515.0,114992.0,27
201500021034,15,11,20,1940,5,2,1,1,1,27229,M,4902717.0,114694.0,27
201500021035,15,4,4,535,5,2,1,1,6,27229,M,4901751.0,111473.0,27
201500021036,15,12,4,1620,1,2,2,1,3,27229,M,4900340.0,114807.0,27
201500021037,15,4,18,2125,2,2,2,1,3,27229,M,4902764.0,115199.0,27
201500021038,15,4,23,1320,1,2,1,1,3,27229,M,4901244.0,116517.0,27
201500021039,15,5,18,850,1,2,1,1,1,27229,M,4902191.0,148959.0,27
201500021040,15,6,10,1455,1,2,1,1,6,27229,M,4902666.0,117617.0,27
201500021041,15,6,25,935,1,2,1,1,6,27229,M,4903366.0,118492.0,27
201500021042,15,7,1,1925,1,2,6,1,3,27229,M,4902044.0,118200.0,27
201500021043,15,7,14,1840,1,2,1,1,6,27229,M,,,27
201500021044,15,7,20,1425,1,2,2,1,3,27229,M,4901073.0,115220.0,27
201500021045,15,7,28,900,1,1,1,1,5,27229,M,4901403.0,110719.0,27
201500021046,15,8,25,1720,1,2,1,1,3,27229,M,4901148.0,114175.0,27
201500021047,15,9,1,2155,5,2,1,1,6,27229,M,4902687.0,114875.0,27
201500021048,15,9,3,925,1,2,1,1,6,27229,M,4902502.0,115317.0,27
201500021049,15,9,5,1940,2,2,1,1,6,27229,M,4902231.0,113577.0,27
201500021050,15,10,4,955,1,2,3,1,3,27229,M,4902617.0,115831.0,27
201500021051,15,9,8,1730,1,1,1,1,3,35353,M,4810496.0,-174133.0,35
201500021052,15,10,3,630,5,2,1,1,4,35353,M,4810508.0,-173585.0,35
201500021053,15,3,29,1930,1,1,3,2,2,51326,M,4911467.0,425343.0,51
201500021054,15,1,10,1530,1,2,3,2,6,27701,M,4926809.0,121166.0,27
201500021055,15,2,26,830,2,2,1,2,1,27375,M,4922746.0,116856.0,27
201500021056,15,1,29,1505,1,2,1,1,6,27375,M,4921056.0,116561.0,27
201500021057,15,3,29,1405,1,2,1,2,6,27375,M,4921110.0,116942.0,27
201500021058,15,4,1,735,1,2,3,1,3,27701,M,4925411.0,117667.0,27
201500021059,15,4,16,810,1,2,3,1,3,27701,M,4925780.0,118603.0,27
201500021060,15,6,25,1700,1,2,6,1,4,27375,M,4920940.0,117975.0,27
201500021061,15,6,16,2050,2,2,3,1,3,27701,M,4926120.0,119869.0,27
201500021062,15,7,3,1515,1,1,1,1,6,27701,M,4924483.0,123783.0,27
201500021063,15,11,28,1625,2,2,3,1,3,27701,M,4926893.0,121165.0,27
201500021064,15,5,29,2000,1,1,1,1,3,38229,M,4534800.0,533800.0,38
201500021065,15,2,6,1945,3,1,1,1,2,14543,M,4920030.0,-48561.0,14
201500021066,15,2,7,650,3,1,1,1,7,14342,M,4930810.0,-110905.0,14
201500021067,15,4,7,1930,1,1,1,1,3,14380,M,4923060.0,-57248.0,14
201500021068,15,5,15,900,1,1,1,1,6,14098,M,4920820.0,-51296.0,14
201500021069,15,6,7,1915,1,1,1,1,2,14098,M,4920750.0,-51049.0,14
201500021070,15,6,10,1500,1,1,2,1,3,14577,M,4926870.0,-55895.0,14
201500021071,15,6,16,830,1,1,1,1,1,14630,M,4924970.0,-66552.0,14
201500021072,15,6,16,1730,1,1,1,1,1,14436,M,4925380.0,-69911.0,14
201500021073,15,8,2,545,2,1,1,1,6,14098,M,4922680.0,-53004.0,14
201500021074,15,8,23,1515,1,1,1,1,6,14453,M,4931000.0,-82869.0,14
201500021075,15,9,14,620,3,1,1,1,2,14380,M,4922760.0,-56392.0,14
201500021076,15,2,10,1445,1,2,1,1,1,06095,M,4364150.0,687896.0,06
201500021077,15,6,3,1945,1,2,1,1,1,06095,M,0.0,0.0,06
201500021078,15,7,25,300,5,2,1,1,6,06137,M,0.0,0.0,06
201500021079,15,12,18,745,2,2,1,1,3,06095,M,0.0,0.0,06
201500021080,15,1,2,1715,5,2,1,1,6,06095,M,4363860.0,687423.0,06
201500021081,15,1,29,1630,1,2,1,1,3,06095,M,4363737.0,686231.0,06
201500021082,15,2,14,1415,1,2,1,3,6,06095,M,4364664.0,688950.0,06
201500021083,15,12,18,745,2,1,1,1,3,06095,M,0.0,0.0,06
201500021084,15,5,6,1830,1,1,1,1,5,39081,M,0.0,0.0,39
201500021085,15,7,8,1315,1,1,1,1,5,39439,M,0.0,0.0,39
201500021086,15,8,24,1530,1,1,1,2,5,39208,M,0.0,0.0,39
201500021087,15,10,27,745,1,2,1,1,6,39097,M,0.0,0.0,39
201500021088,15,2,16,1655,1,2,3,1,3,27001,M,4909295.0,145514.0,27
201500021089,15,11,7,1530,1,2,1,1,2,27681,M,4909559.0,146587.0,27
201500021090,15,11,7,855,1,1,1,1,1,27681,M,4911524.0,139449.0,27
201500021091,15,4,9,1040,1,2,3,1,6,27681,M,,,27
201500021092,15,11,7,1725,2,2,3,1,6,27681,M,4908652.0,149669.0,27
201500021093,15,4,21,1130,1,2,3,1,6,27681,M,4909351.0,148572.0,27
201500021094,15,5,15,240,3,1,1,1,6,27681,M,,,27
201500021095,15,6,19,2040,1,2,1,1,1,27681,M,4909017.0,146357.0,27
201500021096,15,7,10,1640,1,2,3,1,3,27681,M,4907906.0,148829.0,27
201500021097,15,8,1,1555,1,1,3,1,3,27681,M,4909559.0,147775.0,27
201500021098,15,9,11,1610,1,2,3,1,3,27681,M,4908817.0,147264.0,27
201500021099,15,9,24,1435,1,2,1,1,6,27681,M,4908038.0,148455.0,27
201500021100,15,9,26,1130,1,1,3,1,6,27681,M,4909018.0,148503.0,27
201500021101,15,10,31,1555,1,2,6,7,6,27681,M,4909100.0,146928.0,27
201500021102,15,3,6,1500,1,1,3,1,3,17222,M,4623559.0,-112529.0,17
201500021103,15,3,16,1015,1,1,1,1,1,17153,M,4623973.0,-110635.0,17
201500021104,15,3,28,2015,3,1,1,8,6,25629,M,4738200.0,639600.0,25
201500021105,15,5,19,900,1,1,1,1,3,25370,M,4745400.0,678600.0,25
201500021106,15,7,31,1600,1,1,1,1,5,25156,M,4741700.0,651700.0,25
201500021107,15,9,20,1300,1,1,9,1,6,25519,M,4731600.0,681000.0,25
201500021108,15,9,19,2230,3,1,1,3,6,25629,M,4738800.0,641900.0,25
201500021109,15,10,15,1200,1,1,1,2,3,25595,M,4735272.0,658335.0,25
201500021110,15,12,8,815,1,1,1,9,1,25315,M,4740200.0,658600.0,25
201500021111,15,1,31,1030,1,1,6,1,6,91458,M,4865600.0,224100.0,91
201500021112,15,3,22,1800,1,2,1,1,1,91363,M,4864500.0,223700.0,91
201500021113,15,4,1,115,5,2,7,1,6,91363,M,4864400.0,224000.0,91
201500021114,15,4,12,1945,1,2,1,1,6,91458,M,0.0,0.0,91
201500021115,15,4,30,745,1,1,6,2,3,91666,M,0.0,0.0,91
201500021116,15,5,9,2030,1,2,1,1,1,91665,M,0.0,0.0,91
201500021117,15,6,30,745,1,2,1,1,6,91458,M,4866400.0,224500.0,91
201500021118,15,9,16,900,1,2,1,3,1,91458,M,4867300.0,223700.0,91
201500021119,15,12,30,1330,1,1,1,1,3,91363,M,4865600.0,219400.0,91
201500021120,15,6,27,715,1,1,1,1,6,76462,M,4973093.0,146126.0,76
201500021121,15,10,24,1845,2,1,1,1,3,76621,M,4965827.0,129152.0,76
201500021122,15,11,6,1630,2,1,1,8,6,76621,M,4966292.0,130652.0,76
201500021123,15,12,9,745,2,1,1,2,2,76244,M,4970270.0,136861.0,76
201500021124,15,1,24,1015,1,1,1,2,6,87202,M,4588340.0,108618.0,87
201500021125,15,8,21,1130,1,1,1,1,2,87148,M,4572650.0,134378.0,87
201500021126,15,8,24,630,3,1,1,2,5,87019,M,4574580.0,134037.0,87
201500021127,15,10,15,2145,3,1,1,1,7,87154,M,4590490.0,94249.0,87
201500021128,15,11,7,1130,1,1,1,1,6,87088,M,4560540.0,144717.0,87
201500021129,15,11,18,715,2,1,1,2,4,87019,M,4574490.0,134042.0,87
201500021130,15,11,19,845,1,1,1,9,2,87148,M,4573750.0,134035.0,87
201500021131,15,11,27,1500,1,1,1,1,6,87119,M,4573270.0,134038.0,87
201500021132,15,1,12,1430,1,1,1,1,3,19123,M,4518110.0,157312.0,19
201500021133,15,1,14,1145,1,1,1,8,2,19129,M,4552470.0,151484.0,19
201500021134,15,2,21,1645,1,1,1,4,4,19162,M,4534930.0,156977.0,19
201500021135,15,6,16,100,3,1,1,2,1,19031,M,4513826.0,149064.0,19
201500021136,15,7,14,1330,1,1,1,1,6,19248,M,4543370.0,151259.0,19
201500021137,15,10,21,730,3,1,1,1,2,19248,M,4545390.0,150924.0,19
201500021138,15,12,8,1315,1,1,1,1,1,19274,M,4520090.0,151153.0,19
201500021139,15,6,9,715,1,1,1,1,1,59123,M,0.0,0.0,59
201500021140,15,7,11,1300,1,1,1,1,7,59266,M,5053398.0,297128.0,59
201500021141,15,11,26,1815,3,1,1,1,1,59462,M,0.0,0.0,59
201500021142,15,12,19,1700,2,1,1,1,3,59145,M,0.0,0.0,59
201500021143,15,12,11,1110,1,2,1,1,6,28085,M,4844245.0,148837.0,28
201500021144,15,12,26,655,5,2,3,1,6,28085,M,4844448.0,148510.0,28
201500021145,15,12,16,1730,1,1,1,1,6,28085,M,4844012.0,151197.0,28
201500021146,15,1,5,755,5,2,1,5,6,28220,M,4842845.0,146743.0,28
201500021147,15,1,7,1220,1,2,1,1,6,28085,M,4844923.0,148340.0,28
201500021148,15,1,8,1630,1,2,2,2,3,28220,M,4842594.0,145678.0,28
201500021149,15,1,9,1830,5,2,5,1,6,28085,M,4845334.0,148837.0,28
201500021150,15,1,10,1605,1,2,1,2,6,28209,M,4846853.0,148021.0,28
201500021151,15,1,24,1135,1,2,3,1,3,28218,M,4843383.0,145751.0,28
201500021152,15,1,25,1815,3,1,1,1,1,28229,M,4846879.0,146510.0,28
201500021153,15,1,26,815,1,2,1,2,1,28085,M,4844793.0,148177.0,28
201500021154,15,1,26,1315,1,2,1,2,3,28218,M,4843165.0,147049.0,28
201500021155,15,1,28,1635,1,2,1,2,6,28085,M,4844949.0,148357.0,28
201500021156,15,1,10,1815,5,2,2,3,3,28085,M,4843773.0,150409.0,28
201500021157,15,1,10,2030,5,2,2,1,3,28218,M,4843157.0,144549.0,28
201500021158,15,1,29,1920,5,2,1,2,6,28218,M,4843803.0,145229.0,28
201500021159,15,1,29,1650,1,2,3,2,6,28085,M,4844264.0,148651.0,28
201500021160,15,1,31,1500,1,1,1,2,1,28070,M,4846122.0,150529.0,28
201500021161,15,1,31,1650,1,2,2,1,5,28218,M,4842934.0,146631.0,28
201500021162,15,1,19,1340,1,2,1,1,2,28085,M,4843673.0,151528.0,28
201500021163,15,2,1,1104,1,2,1,4,6,28085,M,4844248.0,147833.0,28
201500021164,15,2,1,1809,3,1,1,9,7,28209,M,4847837.0,147171.0,28
201500021165,15,2,3,1430,1,1,6,1,4,28110,M,4842779.0,151460.0,28
201500021166,15,2,4,1325,1,1,1,1,2,28229,M,4844901.0,144143.0,28
201500021167,15,2,4,1900,3,1,1,1,7,28085,M,4846172.0,147452.0,28
201500021168,15,2,5,1710,1,1,1,4,6,28085,M,4845477.0,153526.0,28
201500021169,15,2,9,750,2,2,3,1,3,28085,M,4844182.0,147587.0,28
201500021170,15,2,4,2045,5,2,1,1,2,28220,M,4843552.0,147900.0,28
201500021171,15,2,12,800,2,2,1,5,4,28085,M,4844254.0,150030.0,28
201500021172,15,2,13,1940,5,2,2,8,2,28070,M,4845768.0,149658.0,28
201500021173,15,2,14,1945,3,1,1,3,5,28229,M,4846541.0,142309.0,28
201500021174,15,2,17,1210,1,2,1,1,2,28229,M,4845424.0,145610.0,28
201500021175,15,2,18,900,1,2,1,1,7,28085,M,4844889.0,149252.0,28
201500021176,15,2,18,827,1,2,1,1,6,28220,M,4842442.0,147056.0,28
201500021177,15,2,18,1300,1,1,1,1,7,28229,M,4846550.0,145924.0,28
201500021178,15,2,14,1140,1,1,1,1,6,28229,M,4845331.0,145435.0,28
201500021179,15,2,18,2135,3,1,1,1,7,28110,M,4842170.0,151061.0,28
201500021180,15,2,19,1735,1,2,3,1,3,28110,M,4842074.0,148883.0,28
201500021181,15,2,20,850,1,2,1,2,4,28085,M,4844866.0,149267.0,28
201500021182,15,2,20,1145,1,2,1,2,5,28085,M,4843966.0,149502.0,28
201500021183,15,2,20,2335,5,2,1,2,7,28220,M,4843192.0,147250.0,28
201500021184,15,2,22,450,5,2,1,8,6,28085,M,4845328.0,148052.0,28
201500021185,15,2,24,1620,1,2,1,2,1,28085,M,4843823.0,151125.0,28
201500021186,15,2,25,910,1,2,3,2,3,28085,M,4845122.0,152796.0,28
201500021187,15,2,25,1135,1,1,1,2,3,28220,M,4841618.0,146787.0,28
201500021188,15,2,25,1935,5,2,1,2,2,28085,M,4844094.0,148266.0,28
201500021189,15,2,12,1615,1,2,1,1,6,28085,M,4845113.0,148564.0,28
201500021190,15,2,27,1615,1,2,1,1,6,28085,M,4845039.0,148458.0,28
201500021191,15,3,2,620,5,1,6,2,3,28085,M,4843883.0,152169.0,28
201500021192,15,3,2,750,2,2,6,1,3,28229,M,4844729.0,145128.0,28
201500021193,15,3,4,1355,1,2,6,1,3,28229,M,4844725.0,145121.0,28
201500021194,15,3,9,1345,1,1,1,1,4,28085,M,4843277.0,154238.0,28
201500021195,15,3,13,1115,1,2,1,1,3,28085,M,4844998.0,148306.0,28
201500021196,15,3,15,1045,1,2,2,1,3,28218,M,4843100.0,146386.0,28
201500021197,15,3,17,1340,1,2,1,1,6,28085,M,4844556.0,148357.0,28
201500021198,15,3,18,1745,1,2,1,1,3,28218,M,4843560.0,146334.0,28
201500021199,15,3,19,2120,5,2,2,1,3,28218,M,4843800.0,146200.0,28
201500021200,15,3,24,1645,1,2,1,3,7,28085,M,4843318.0,149817.0,28
201500021201,15,3,25,1520,1,1,1,1,6,28110,M,4841683.0,150230.0,28
201500021202,15,3,27,2108,5,2,1,1,6,28085,M,4844473.0,149738.0,28
201500021203,15,3,29,20,5,2,1,2,7,28085,M,4844199.0,149310.0,28
201500021204,15,3,30,1955,1,2,2,1,3,28085,M,4844948.0,147809.0,28
201500021205,15,3,31,845,1,2,2,2,6,28085,M,4844497.0,149647.0,28
201500021206,15,3,31,1715,1,2,1,1,2,28220,M,4842684.0,147251.0,28
201500021207,15,3,22,2145,5,2,1,2,7,28085,M,4844459.0,148149.0,28
201500021208,15,4,2,730,1,2,1,2,6,28229,M,4845070.0,146951.0,28
201500021209,15,4,2,800,1,2,1,1,3,28085,M,4843961.0,149499.0,28
201500021210,15,4,2,1715,1,2,1,3,6,28085,M,4844501.0,148524.0,28
201500021211,15,4,4,1110,1,1,3,8,2,28070,M,4846932.0,152412.0,28
201500021212,15,4,14,1440,1,2,1,1,3,28218,M,4843935.0,146058.0,28
201500021213,15,4,15,910,1,1,9,1,6,28110,M,4841573.0,150127.0,28
201500021214,15,4,13,1210,1,1,1,1,3,28229,M,4844740.0,146755.0,28
201500021215,15,4,17,1220,1,2,1,1,2,28085,M,4846312.0,148170.0,28
201500021216,15,4,18,1300,1,2,3,1,1,28218,M,4843973.0,146319.0,28
201500021217,15,4,18,1530,1,2,1,1,1,28209,M,4847039.0,147818.0,28
201500021218,15,4,20,1340,1,2,1,1,6,28218,M,4843479.0,146834.0,28
201500021219,15,4,20,1615,1,2,1,1,6,28220,M,4841909.0,147287.0,28
201500021220,15,4,22,1435,1,2,1,1,3,28085,M,4844235.0,150025.0,28
201500021221,15,4,23,900,1,2,1,1,6,28209,M,4846396.0,148124.0,28
201500021222,15,4,29,1530,1,2,1,1,3,28085,M,4844348.0,151653.0,28
201500021223,15,4,30,920,1,2,1,2,6,28085,M,4844286.0,148323.0,28
201500021224,15,4,30,1855,1,1,1,2,2,28229,M,4845032.0,145209.0,28
201500021225,15,5,1,1145,1,1,1,2,7,28229,M,4844752.0,143936.0,28
201500021226,15,5,9,1750,1,2,1,1,1,28085,M,4844246.0,149454.0,28
201500021227,15,5,10,1440,1,1,1,1,4,28110,M,4842683.0,151458.0,28
201500021228,15,5,13,1515,1,2,1,1,5,28085,M,4844106.0,147277.0,28
201500021229,15,5,13,1446,1,1,3,1,3,28220,M,4841882.0,147776.0,28
201500021230,15,5,14,220,5,2,1,1,6,28229,M,4844845.0,146414.0,28
201500021231,15,5,14,850,1,2,1,1,6,28085,M,4844664.0,150319.0,28
201500021232,15,5,16,205,5,2,2,1,6,28085,M,4844934.0,152080.0,28
201500021233,15,5,18,1635,1,2,1,1,4,28085,M,,,28
201500021234,15,5,18,1525,1,2,1,1,6,28085,M,4844505.0,152088.0,28
201500021235,15,5,19,1450,1,2,1,1,3,28110,M,4842907.0,149286.0,28
201500021236,15,5,20,1415,1,1,2,1,3,28229,M,4845712.0,145964.0,28
201500021237,15,5,21,1625,1,1,3,1,2,28209,M,4848646.0,147442.0,28
201500021238,15,5,21,2000,1,2,3,1,2,28218,M,4843819.0,145359.0,28
201500021239,15,5,23,2240,5,2,1,1,6,28085,M,4844534.0,148307.0,28
201500021240,15,5,28,800,1,1,1,1,2,28110,M,,,28
201500021241,15,5,30,1850,1,2,1,1,6,28229,M,4845290.0,146114.0,28
201500021242,15,6,2,835,1,2,1,1,6,28085,M,4844003.0,151210.0,28
201500021243,15,6,4,1120,1,2,1,1,1,28085,M,4843812.0,843812.0,28
201500021244,15,6,5,1240,1,2,3,1,2,28085,M,4844143.0,148281.0,28
201500021245,15,6,2,1224,1,2,1,1,2,28218,M,4843403.0,146746.0,28
201500021246,15,6,7,1825,1,1,1,1,7,28229,M,4845724.0,144948.0,28
201500021247,15,6,8,1045,1,2,1,1,7,28085,M,4845545.0,148880.0,28
201500021248,15,6,10,1400,1,1,1,1,6,28110,M,4841582.0,150183.0,28
201500021249,15,6,12,1630,1,1,1,1,1,28070,M,4846901.0,150788.0,28
201500021250,15,6,12,1145,1,1,1,1,1,28220,M,4841615.0,146707.0,28
201500021251,15,6,14,620,1,2,1,1,1,28085,M,4843310.0,150343.0,28
201500021252,15,6,13,850,1,2,1,1,4,28085,M,4843270.0,149258.0,28
201500021253,15,6,16,820,1,1,1,1,2,28110,M,4844058.0,152198.0,28
201500021254,15,6,16,1530,1,2,1,1,6,28085,M,4844404.0,149348.0,28
201500021255,15,6,11,955,1,2,1,1,6,28085,M,4845002.0,148620.0,28
201500021256,15,6,17,1120,1,2,9,1,6,28218,M,4844167.0,146794.0,28
201500021257,15,6,18,1540,1,2,1,2,2,28085,M,4845035.0,148466.0,28
201500021258,15,6,20,1855,1,2,1,1,6,28209,M,4846758.0,149248.0,28
201500021259,15,6,21,1140,1,2,1,1,7,28085,M,4844830.0,148240.0,28
201500021260,15,6,21,1810,1,2,4,1,2,28085,M,,,28
201500021261,15,6,26,1408,1,2,1,1,6,28085,M,4844301.0,148562.0,28
201500021262,15,6,28,1950,1,1,3,1,6,28085,M,4843644.0,148357.0,28
201500021263,15,6,29,1525,1,2,2,1,3,28085,M,4845670.0,147414.0,28
201500021264,15,7,3,1915,1,2,1,1,7,28218,M,4842805.0,144629.0,28
201500021265,15,7,5,1630,1,2,1,1,1,28229,M,4845024.0,146857.0,28
201500021266,15,7,5,2035,1,2,1,1,6,28218,M,4844029.0,145639.0,28
201500021267,15,7,6,1515,1,2,1,1,6,28220,M,4841850.0,146197.0,28
201500021268,15,7,6,815,1,2,7,1,7,28085,M,4844788.0,148172.0,28
201500021269,15,7,14,2055,1,1,1,1,2,28229,M,4843918.0,143110.0,28
201500021270,15,7,16,955,1,2,2,1,3,28085,M,4844059.0,150696.0,28
201500021271,15,7,23,1915,1,2,3,1,3,28110,M,,,28
201500021272,15,8,30,1210,1,2,6,1,1,28229,M,4845024.0,145211.0,28
201500021273,15,9,4,1150,1,1,1,1,3,28209,M,4848063.0,147965.0,28
201500021274,15,9,3,805,1,2,2,1,3,28070,M,4846084.0,149522.0,28
201500021275,15,9,21,820,1,2,3,1,1,28070,M,4846499.0,150491.0,28
201500021276,15,9,9,1220,1,2,1,1,1,28218,M,4844277.0,146374.0,28
201500021277,15,9,9,750,1,2,1,1,6,28229,M,4844785.0,146404.0,28
201500021278,15,11,17,725,5,2,2,2,3,28218,M,4844063.0,147076.0,28
201500021279,15,11,6,1450,1,2,4,2,7,28085,M,4845361.0,147322.0,28
201500021280,15,11,3,1630,1,2,1,1,6,28085,M,4844259.0,147869.0,28
201500021281,15,12,27,1400,1,2,1,1,6,28085,M,4844147.0,150067.0,28
201500021282,15,2,21,1730,1,1,1,3,5,42003,M,4612400.0,389100.0,42
201500021283,15,3,5,700,1,1,1,1,7,42194,M,4625002.0,384189.0,42
201500021284,15,4,5,845,1,1,1,1,1,42231,M,4610175.0,397643.0,42
201500021285,15,4,16,1030,1,2,1,1,6,42049,M,4614219.0,389104.0,42
201500021286,15,4,18,1500,1,1,1,1,1,42231,M,4611038.0,397773.0,42
201500021287,15,6,30,1210,1,1,1,1,1,42257,M,4620197.0,382910.0,42
201500021288,15,6,30,845,1,2,6,1,3,42176,M,4603865.0,398139.0,42
201500021289,15,7,2,1815,1,1,1,1,1,42231,M,4610217.0,395539.0,42
201500021290,15,8,21,1230,1,1,3,1,1,42284,M,4606956.0,397774.0,42
201500021291,15,9,6,1300,1,1,1,1,1,42220,M,4612876.0,391708.0,42
201500021292,15,9,9,800,1,1,1,1,2,42199,M,4603538.0,393504.0,42