Num_Acc,an,mois,jour,hrmn,lum,agg,int,atm,col,com,gps,lat,long,dep
201500021293,15,10,25,1345,1,2,1,1,6,42233,M,4607457.0,390489.0,42
201500021294,15,11,1,1000,1,2,1,1,6,42157,M,4613628.0,401268.0,42
201500021295,15,12,30,2230,3,1,1,2,6,28404,M,,,28
201500021296,15,1,23,2300,5,2,6,1,6,28404,M,4871906.0,136871.0,28
201500021297,15,2,10,1930,1,2,1,1,7,28134,M,4872806.0,137194.0,28
201500021298,15,2,12,810,1,2,1,5,2,28134,M,4873730.0,138798.0,28
201500021299,15,2,20,1600,1,1,1,1,6,28001,M,4869415.0,137821.0,28
201500021300,15,2,21,1430,1,1,2,1,5,28134,M,4874602.0,136541.0,28
201500021301,15,2,23,2255,5,1,2,1,2,28134,M,4874608.0,136537.0,28
201500021302,15,3,2,1725,1,2,1,1,6,28134,M,4874063.0,138338.0,28
201500021303,15,3,28,650,3,1,1,2,1,28404,M,4870056.0,137459.0,28
201500021304,15,4,5,1810,1,2,2,1,6,28134,M,,,28
201500021305,15,4,14,1425,1,2,6,1,2,28404,M,,,28
201500021306,15,5,11,1700,1,2,1,1,2,28134,M,4873348.0,134968.0,28
201500021307,15,6,5,1900,1,2,1,8,1,28134,M,4873726.0,136148.0,28
201500021308,15,6,11,1620,1,2,1,1,2,28404,M,,,28
201500021309,15,6,21,1755,1,2,1,1,3,28404,M,4871691.0,135542.0,28
201500021310,15,6,25,1545,1,2,2,1,6,28134,M,4873659.0,138869.0,28
201500021311,15,7,1,1720,1,2,1,1,7,28134,M,4874534.0,138741.0,28
201500021312,15,7,24,1715,1,1,1,2,1,28404,M,0.0,137791.0,28
201500021313,15,7,28,1300,1,2,1,1,3,28134,M,4873440.0,137624.0,28
201500021314,15,7,31,715,1,2,1,1,7,28134,M,4874843.0,135916.0,28
201500021315,15,8,8,2105,1,2,1,1,6,28134,M,4873967.0,133931.0,28
201500021316,15,9,18,1930,1,1,1,2,5,28404,M,4870960.0,136957.0,28
201500021317,15,9,24,1735,1,2,1,1,3,28134,M,,,28
201500021318,15,9,26,1840,1,2,1,9,6,28404,M,4873200.0,134032.0,28
201500021319,15,10,16,730,5,2,2,2,3,28404,M,4872725.0,133264.0,28
201500021320,15,10,18,2210,3,1,1,1,1,28404,M,4872585.0,138759.0,28
201500021321,15,11,13,1810,1,2,1,1,3,28134,M,4875027.0,135557.0,28
201500021322,15,12,11,835,1,2,1,1,6,28134,M,4873815.0,134109.0,28
201500021323,15,12,28,745,5,2,4,1,3,28134,M,4872900.0,136672.0,28
201500021324,15,1,21,115,3,1,1,1,6,71384,M,0.0,0.0,71
201500021325,15,1,17,1800,2,1,1,8,2,71073,M,0.0,0.0,71
201500021326,15,1,31,845,1,1,1,8,6,71052,M,0.0,0.0,71
201500021327,15,2,24,300,3,1,1,1,2,71118,M,0.0,0.0,71
201500021328,15,4,10,1900,2,1,1,1,6,71170,M,0.0,0.0,71
201500021329,15,4,18,1215,1,1,1,1,7,71170,M,0.0,0.0,71
201500021330,15,9,30,2045,3,1,1,1,5,71081,M,0.0,0.0,71
201500021331,15,10,4,1730,1,1,1,1,6,71265,M,0.0,0.0,71
201500021332,15,11,9,630,3,1,1,1,4,71475,M,0.0,0.0,71
201500021333,15,2,18,1400,1,1,1,1,6,74026,M,0.0,0.0,74
201500021334,15,6,2,830,1,2,1,1,5,74213,M,4592000.0,607400.0,74
201500021335,15,6,20,1915,1,1,1,1,6,74217,M,0.0,0.0,74
201500021336,15,11,5,725,1,1,1,1,1,74217,M,0.0,0.0,74
201500021337,15,11,7,1230,1,1,1,1,1,74272,M,0.0,0.0,74
201500021338,15,6,20,1930,1,1,1,1,1,14027,M,,,14
201500021339,15,7,11,700,1,1,1,1,6,14317,M,4890360.0,-87587.0,14
201500021340,15,7,26,530,2,1,1,2,6,14139,M,,,14
201500021341,15,8,29,1900,1,1,1,1,3,14317,M,4889180.0,-82663.0,14
201500021342,15,11,1,830,1,1,1,8,6,14412,M,,,14
201500021343,15,1,8,1845,3,1,1,1,7,22164,M,4858545.0,-324874.0,22
201500021344,15,2,19,1545,1,1,1,2,7,22182,M,4853036.0,-291643.0,22
201500021345,15,2,21,745,2,1,1,4,5,22135,M,4856509.0,-332665.0,22
201500021346,15,3,23,830,1,1,1,7,5,22206,M,4853097.0,-299932.0,22
201500021347,15,4,5,530,3,1,1,1,6,22034,M,4866757.0,-334877.0,22
201500021348,15,4,11,1245,1,1,1,1,7,22004,M,4864816.0,-332872.0,22
201500021349,15,4,11,1200,1,1,1,2,2,22206,M,4852960.0,-297334.0,22
201500021350,15,4,25,1345,1,1,1,8,2,22116,M,4853543.0,-304001.0,22
201500021351,15,4,25,1000,1,1,1,8,7,22182,M,4853148.0,-293209.0,22
201500021352,15,4,26,745,1,1,1,3,6,22004,M,4864823.0,-332894.0,22
201500021353,15,5,19,2045,2,1,1,1,6,22164,M,4859606.0,-326009.0,22
201500021354,15,5,24,1130,1,1,1,1,2,22206,M,4853074.0,-295585.0,22
201500021355,15,6,11,1600,1,1,1,1,7,22225,M,4854678.0,-309677.0,22
201500021356,15,6,21,1515,1,1,1,1,5,22182,M,4853140.0,-292691.0,22
201500021357,15,8,8,1900,1,1,1,7,7,22164,M,4858086.0,-323297.0,22
201500021358,15,8,10,700,1,1,1,1,2,22182,M,4853138.0,-294259.0,22
201500021359,15,8,28,1545,1,1,1,1,5,22225,M,4854534.0,-309064.0,22
201500021360,15,9,4,1945,1,1,1,1,4,22206,M,4853021.0,-296503.0,22
201500021361,15,9,5,1945,1,1,1,1,3,22251,M,4854369.0,-283129.0,22
201500021362,15,9,10,2215,3,1,9,1,6,22228,M,4854994.0,-340219.0,22
201500021363,15,10,11,1600,1,1,9,1,6,22225,M,4854617.0,-309446.0,22
201500021364,15,10,18,900,1,1,1,5,6,22225,M,4855100.0,-311347.0,22
201500021365,15,11,22,2145,3,1,1,8,2,22206,M,4853372.0,-301138.0,22
201500021366,15,1,30,1615,1,1,1,4,6,22190,M,4852107.0,-203811.0,22
201500021367,15,2,8,2015,3,1,1,1,6,22044,M,4847687.0,-260098.0,22
201500021368,15,3,11,730,2,1,1,1,6,22020,M,4829453.0,-222171.0,22
201500021369,15,3,17,1330,1,1,1,1,5,22193,M,4840701.0,-241889.0,22
201500021370,15,4,14,2330,3,1,9,1,6,22339,M,4847933.0,-204437.0,22
201500021371,15,4,24,1800,1,1,1,2,4,22160,M,4844344.0,-247879.0,22
201500021372,15,4,27,2000,1,1,1,1,3,22389,M,4848171.0,-268412.0,22
201500021373,15,4,28,700,2,1,1,1,7,22084,M,4841713.0,-229112.0,22
201500021374,15,6,16,845,1,1,1,1,4,22389,M,4847997.0,-267278.0,22
201500021375,15,7,2,500,2,1,1,2,7,22389,M,4848029.0,-265363.0,22
201500021376,15,7,5,215,3,1,1,1,6,22389,M,4848063.0,-265039.0,22
201500021377,15,7,19,1745,1,1,1,8,6,22185,M,4837116.0,-234494.0,22
201500021378,15,7,21,900,1,1,1,1,4,22160,M,4844585.0,-248059.0,22
201500021379,15,8,1,1230,1,1,1,1,4,22389,M,4848205.0,-268601.0,22
201500021380,15,8,23,615,3,1,1,3,3,22193,M,4841174.0,-242694.0,22
201500021381,15,8,24,845,1,1,1,3,6,22044,M,4847713.0,-259598.0,22
201500021382,15,8,29,1515,1,1,1,1,3,22246,M,4847690.0,-260284.0,22
201500021383,15,9,11,945,1,1,1,1,6,22185,M,4837052.0,-238392.0,22
201500021384,15,9,29,745,1,1,1,1,4,22389,M,4848150.0,-268193.0,22
201500021385,15,10,5,1630,1,1,4,1,2,22093,M,4845690.0,-251176.0,22
201500021386,15,10,16,1200,1,1,1,1,6,22081,M,4848124.0,-263955.0,22
201500021387,15,10,31,415,3,1,9,1,3,22389,M,4848006.0,-267446.0,22
201500021388,15,11,20,830,1,1,1,3,5,22388,M,4843864.0,-213861.0,22
201500021389,15,11,26,1615,1,1,1,1,6,22369,M,4834042.0,-228427.0,22
201500021390,15,12,21,845,2,1,1,1,6,22190,M,4851257.0,-203900.0,22
201500021391,15,1,7,2015,3,1,1,1,6,29204,M,4850201.0,-416991.0,29
201500021392,15,1,31,1015,1,1,1,4,2,29199,M,4858381.0,-376669.0,29
201500021393,15,2,21,1000,1,1,1,4,6,29095,M,4846070.0,-435716.0,29
201500021394,15,2,24,1045,1,1,1,4,6,29183,M,4857243.0,-360889.0,29
201500021395,15,4,2,2345,3,1,1,1,6,29199,M,4857548.0,-372347.0,29
201500021396,15,5,1,745,1,1,1,1,6,29105,M,4851767.0,-408090.0,29
201500021397,15,5,23,2315,3,1,1,2,7,29105,M,4851863.0,-405005.0,29
201500021398,15,6,19,500,3,1,1,1,6,29266,M,4852125.0,-394684.0,29
201500021399,15,6,24,1115,1,1,1,1,7,29068,M,4851913.0,-402598.0,29
201500021400,15,7,16,1100,1,1,1,1,2,29068,M,4852720.0,-397938.0,29
201500021401,15,7,21,1045,1,1,1,1,2,29179,M,4848275.0,-429605.0,29
201500021402,15,8,7,1615,1,1,1,1,6,29061,M,4843327.0,-444404.0,29
201500021403,15,8,18,1815,1,1,1,1,2,29075,M,4844140.0,-440984.0,29
201500021404,15,8,31,845,1,1,1,2,6,29268,M,4847271.0,-432451.0,29
201500021405,15,9,13,1315,1,1,1,2,7,29075,M,4844890.0,-439006.0,29
201500021406,15,11,2,1045,1,1,1,1,2,29199,M,4857636.0,-365217.0,29
201500021407,15,11,17,1200,1,1,1,2,7,29266,M,4852657.0,-395357.0,29
201500021408,15,1,31,100,5,1,1,2,6,29189,M,4838426.0,-438622.0,29
201500021409,15,6,5,1930,1,1,1,1,1,29302,M,4825439.0,-408964.0,29
201500021410,15,7,26,1100,1,1,9,3,3,29053,M,4829518.0,-416843.0,29
201500021411,15,8,22,945,1,1,1,1,7,29020,M,4814903.0,-403493.0,29
201500021412,15,12,28,1400,1,1,1,1,7,29140,M,4838409.0,-431456.0,29
201500021413,15,1,31,715,3,1,1,8,1,35090,M,4793155.0,-167273.0,35
201500021414,15,5,2,2345,3,1,1,2,2,35231,M,4788315.0,-168955.0,35
201500021415,15,5,6,1430,1,1,1,1,5,35139,M,4797619.0,-169469.0,35
201500021416,15,7,3,2145,2,1,1,1,6,35363,M,4802012.0,-169086.0,35
201500021417,15,7,10,1645,1,1,1,1,3,35066,M,4803537.0,-168770.0,35
201500021418,15,9,26,1700,1,1,1,1,7,35098,M,4774225.0,-166714.0,35
201500021419,15,10,24,1445,1,1,1,1,6,35221,M,4786665.0,-169089.0,35
201500021420,15,2,1,2215,3,1,1,3,2,35191,M,4846121.0,-132855.0,35
201500021421,15,5,19,1745,1,1,1,1,1,01109,M,4612545.0,590778.0,01
201500021422,15,5,22,1730,1,1,1,1,7,01209,M,0.0,0.0,01
201500021423,15,6,4,745,1,1,1,1,2,01419,M,0.0,0.0,01
201500021424,15,6,21,1900,1,1,1,1,7,01135,M,0.0,0.0,01
201500021425,15,11,1,2245,3,1,1,1,6,01209,M,0.0,0.0,01
201500021426,15,11,8,1200,1,1,1,1,6,01158,M,4617431.0,589792.0,01
201500021427,15,3,1,615,3,2,1,2,6,54138,M,4952455.0,572131.0,54
201500021428,15,3,29,2245,3,1,1,2,6,54428,M,4945100.0,573300.0,54
201500021429,15,4,19,1345,1,1,1,1,6,54236,M,4945173.0,551814.0,54
201500021430,15,10,25,1045,1,1,1,5,6,54314,M,4950200.0,572000.0,54
201500021431,15,1,18,1045,1,1,1,1,7,54537,M,4946070.0,571724.0,54
201500021432,15,1,23,1100,2,1,1,1,3,54067,M,4942958.0,568623.0,54
201500021433,15,2,13,830,1,1,3,5,3,54138,M,4952800.0,572300.0,54
201500021434,15,2,19,1,5,2,1,1,6,54322,M,4943907.0,560700.0,54
201500021435,15,4,24,1830,1,2,1,1,7,54314,M,4951400.0,573000.0,54
201500021436,15,4,26,1915,1,1,1,3,7,54067,M,4943783.0,564273.0,54
201500021437,15,5,6,1845,1,1,1,1,7,54322,M,4945058.0,558405.0,54
201500021438,15,5,14,1345,1,1,1,1,1,54322,M,4946069.0,561079.0,54
201500021439,15,7,10,730,1,1,1,1,3,54537,M,4945067.0,570376.0,54
201500021440,15,7,15,1645,1,1,1,1,1,54290,M,4942937.0,578285.0,54
201500021441,15,7,22,2030,2,2,1,1,6,54134,M,0.0,0.0,54
201500021442,15,8,6,1745,1,2,1,1,1,54322,M,4943600.0,561100.0,54
201500021443,15,8,11,1800,1,2,1,1,7,54151,M,4948810.0,574730.0,54
201500021444,15,1,11,1530,1,1,1,1,1,67437,M,0.0,0.0,67
201500021445,15,9,16,900,1,1,1,2,6,67208,M,0.0,0.0,67
201500021446,15,12,31,1345,1,1,1,1,1,67179,M,0.0,0.0,67
201500021447,15,2,8,2030,5,1,1,1,6,83048,M,4320500.0,655800.0,83
201500021448,15,6,3,1930,1,2,1,1,3,83048,M,0.0,0.0,83
201500021449,15,7,7,830,1,1,1,1,6,83036,M,4318899.0,654964.0,83
201500021450,15,8,19,30,3,2,1,1,6,83048,M,4320500.0,655400.0,83
201500021451,15,10,26,1545,1,1,1,1,1,83036,M,0.0,0.0,83
201500021452,15,10,31,1500,1,2,1,1,6,83036,M,4303000.0,608900.0,83
201500021453,15,12,20,1745,5,1,1,5,6,83048,M,4321135.0,657411.0,83
201500021454,15,11,15,1200,1,1,9,1,5,67363,M,0.0,0.0,67
201500021455,15,2,20,1000,1,1,1,1,6,04073,M,0.0,0.0,04
201500021456,15,9,6,1430,1,2,2,1,1,04019,M,0.0,0.0,04
201500021457,15,9,7,1115,1,2,1,1,3,04062,M,0.0,0.0,04
201500021458,15,1,22,1930,3,1,1,1,6,35219,M,0.0,0.0,35
201500021459,15,1,27,1730,2,1,1,8,7,35328,M,4778822.0,-203435.0,35
201500021460,15,3,7,645,3,1,1,1,6,35129,M,4782472.0,-186244.0,35
201500021461,15,4,10,2015,2,1,1,1,3,35219,M,0.0,0.0,35
201500021462,15,5,1,830,1,1,6,2,3,35129,M,4786499.0,-187854.0,35
201500021463,15,8,3,2300,3,1,1,1,6,35328,M,4778940.0,-206484.0,35
201500021464,15,10,11,1000,1,1,1,1,6,35285,M,4776895.0,-196627.0,35
201500021465,15,11,10,915,1,2,1,7,1,35219,M,4780649.0,-194280.0,35
201500021466,15,12,16,1915,3,1,1,2,3,35219,M,4782174.0,-194488.0,35
201500021467,15,4,29,1215,1,1,1,1,6,86100,M,0.0,0.0,86
201500021468,15,6,29,1100,1,1,1,1,2,86083,M,0.0,0.0,86
201500021469,15,8,20,315,3,1,1,1,5,86056,M,0.0,0.0,86
201500021470,15,11,27,1300,1,1,1,1,1,86050,M,0.0,0.0,86
201500021471,15,4,20,830,1,1,1,1,7,21128,M,4728931.0,450701.0,21
201500021472,15,6,20,1315,1,1,1,1,2,21380,M,0.0,0.0,21
201500021473,15,6,24,1715,1,1,1,1,1,21634,M,4714549.0,470112.0,21
201500021474,15,7,9,1815,1,1,1,1,6,21177,M,4737132.0,439887.0,21
201500021475,15,7,15,145,3,1,1,1,6,21634,M,4715900.0,469746.0,21
201500021476,15,8,23,915,1,1,1,2,2,21087,M,4711450.0,470976.0,21
201500021477,15,10,26,845,1,1,1,5,2,21501,M,0.0,0.0,21
201500021478,15,12,19,1530,1,1,1,1,6,21214,M,4717429.0,468937.0,21
201500021479,15,12,20,1200,1,1,1,1,2,21529,M,4740702.0,434495.0,21
201500021480,15,12,24,430,3,1,1,8,5,21214,M,4718704.0,467446.0,21
201500021481,15,7,26,1230,1,2,1,1,1,86140,M,4640249.0,72566.0,86
201500021482,15,3,21,1245,1,1,1,2,1,01103,M,4628493.0,603890.0,01
201500021483,15,3,28,400,5,2,1,1,6,01173,M,0.0,0.0,01
201500021484,15,4,16,330,3,1,1,1,7,01436,M,0.0,0.0,01
201500021485,15,8,15,430,3,1,1,1,7,01399,M,0.0,0.0,01
201500021486,15,5,14,910,1,2,1,1,1,12201,M,4450010.0,266217.0,12
201500021487,15,6,4,2045,2,2,1,1,3,12096,M,,,12
201500021488,15,9,5,1545,1,1,1,1,1,12157,M,4439210.0,268852.0,12
201500021489,15,1,24,1930,3,1,1,4,1,12043,M,4428950.0,251074.0,12
201500021490,15,2,28,1145,1,1,1,1,1,64254,M,4350800.0,-58800.0,64
201500021491,15,11,7,945,1,2,1,7,6,64410,M,4337248.0,-62594.0,64
201500021492,15,11,10,1015,1,2,6,1,6,64410,M,4336778.0,-62717.0,64
201500021493,15,11,27,2345,5,2,1,2,6,64410,M,4337249.0,-62948.0,64
201500021494,15,12,7,800,1,1,1,1,1,64521,M,4340573.0,-53770.0,64
201500021495,15,12,11,1930,5,2,1,1,6,64410,M,4337254.0,-62909.0,64
201500021496,15,2,27,945,1,2,1,2,6,68300,M,4778866.0,736981.0,68
201500021497,15,11,12,1900,3,1,1,8,6,68020,M,4781057.0,749714.0,68
201500021498,15,6,13,1600,1,1,1,7,3,01157,M,0.0,0.0,01
201500021499,15,7,5,1145,1,1,1,1,1,01166,M,0.0,0.0,01
201500021500,15,1,2,900,2,2,1,1,6,29019,M,4839629.0,-440367.0,29
201500021501,15,2,21,1010,1,2,2,1,3,29019,M,4839716.0,-446140.0,29
201500021502,15,12,18,1804,5,2,1,1,2,29019,M,4841201.0,-448648.0,29
201500021503,15,1,2,1955,5,2,3,1,3,29019,M,4839063.0,-448704.0,29
201500021504,15,2,27,1950,5,2,1,2,6,29019,M,4839330.0,-443472.0,29
201500021505,15,12,29,1130,1,2,1,1,6,29019,M,4839870.0,-445655.0,29
201500021506,15,1,5,1715,2,2,3,1,3,29019,M,4838376.0,-452384.0,29
201500021507,15,2,18,835,1,2,1,1,3,29019,M,4840651.0,-452041.0,29
201500021508,15,12,28,1820,5,2,1,3,1,29019,M,4841574.0,-447363.0,29
201500021509,15,1,12,1010,1,2,1,2,2,29019,M,4840769.0,-451169.0,29
201500021510,15,2,23,1410,1,2,3,1,3,29019,M,4840922.0,-446290.0,29
201500021511,15,12,11,1840,5,2,1,1,2,29019,M,4841293.0,-450174.0,29
201500021512,15,1,6,1635,1,2,3,1,3,29019,M,4840354.0,-448041.0,29
201500021513,15,2,24,1640,1,2,1,1,6,29019,M,4839531.0,-449226.0,29
201500021514,15,1,6,2055,1,2,1,1,1,29019,M,4839767.0,-446688.0,29
201500021515,15,2,25,1255,1,2,1,2,6,29019,M,4838182.0,-452729.0,29
201500021516,15,2,27,1815,2,2,6,1,3,29019,M,4838292.0,-448798.0,29
201500021517,15,1,7,1725,1,2,3,1,3,29019,M,4840434.0,-451251.0,29
201500021518,15,1,8,1905,5,2,2,1,3,29019,M,4838294.0,-453828.0,29
201500021519,15,3,5,1820,1,2,2,1,6,29019,M,4838105.0,-453070.0,29
201500021520,15,1,8,1420,1,2,1,1,3,29019,M,4842741.0,-446714.0,29
201500021521,15,3,7,900,1,2,1,1,1,29019,M,4839411.0,-453897.0,29
201500021522,15,1,12,920,1,2,6,2,2,29019,M,4841833.0,-446323.0,29
201500021523,15,3,9,850,1,2,1,1,3,29019,M,4837643.0,-455319.0,29
201500021524,15,1,20,1718,1,2,1,8,3,29019,M,4838833.0,-450345.0,29
201500021525,15,12,2,1630,1,2,2,1,1,29019,M,4839965.0,-448608.0,29
201500021526,15,3,13,705,1,2,6,1,3,29019,M,4839988.0,-449680.0,29
201500021527,15,1,20,1745,1,2,9,9,2,29019,M,4839306.0,-453941.0,29
201500021528,15,3,16,1310,1,2,1,1,6,29019,M,4838674.0,-450716.0,29
201500021529,15,1,20,1935,5,2,1,2,3,29019,M,4840064.0,-449949.0,29
201500021530,15,3,9,2115,4,2,1,1,6,29019,M,4840510.0,-446348.0,29
201500021531,15,1,28,2200,5,2,3,1,3,29019,M,4839533.0,-449209.0,29
201500021532,15,3,10,825,1,2,3,1,3,29019,M,4840327.0,-450679.0,29
201500021533,15,1,23,915,1,2,1,2,3,29019,M,4840461.0,-448067.0,29
201500021534,15,3,22,1700,1,2,1,1,3,29019,M,4840489.0,-451255.0,29
201500021535,15,1,25,555,5,2,1,1,6,29019,M,4839324.0,-448447.0,29
201500021536,15,3,26,1525,1,2,1,1,6,29019,M,4840777.0,-448847.0,29
201500021537,15,1,28,1205,1,2,9,2,6,29019,M,4840202.0,-450271.0,29
201500021538,15,3,25,640,5,2,2,1,3,29019,M,4841022.0,-446216.0,29
201500021539,15,1,29,905,1,2,3,2,6,29019,M,4840940.0,-448470.0,29
201500021540,15,3,29,2300,5,2,1,2,6,29019,M,4840700.0,-451262.0,29
201500021541,15,1,29,1030,1,2,1,2,6,29019,M,4839048.0,-448268.0,29
201500021542,15,3,31,15,5,2,1,1,6,29019,M,4838261.0,-451259.0,29
201500021543,15,2,2,30,5,2,1,1,6,29019,M,4840559.0,-448466.0,29
201500021544,15,3,29,1940,1,2,3,1,3,29019,M,4839835.0,-448106.0,29
201500021545,15,2,6,1330,1,2,1,1,2,29019,M,4840486.0,-450620.0,29
201500021546,15,4,7,900,1,2,1,7,6,29019,M,4840439.0,-450925.0,29
201500021547,15,2,6,1710,1,2,1,6,6,29019,M,4840774.0,-451213.0,29
201500021548,15,4,5,1515,1,2,1,1,6,29019,M,4839473.0,-443428.0,29
201500021549,15,2,7,2040,5,2,1,1,3,29019,M,4839074.0,-448182.0,29
201500021550,15,4,8,1640,1,2,1,1,3,29019,M,4842738.0,-446569.0,29
201500021551,15,2,12,1845,2,2,1,2,7,29019,M,4838942.0,-448326.0,29
201500021552,15,4,13,1240,1,2,2,1,3,29019,M,4841331.0,-448668.0,29
201500021553,15,4,14,1315,1,2,2,1,3,29019,M,4839461.0,-447928.0,29
201500021554,15,4,29,1040,1,2,1,1,6,29019,M,4838898.0,-450951.0,29
201500021555,15,4,24,2000,1,2,2,1,5,29019,M,4839887.0,-448761.0,29
201500021556,15,5,1,20,5,2,5,2,1,29019,M,4837953.0,-452023.0,29
201500021557,15,5,5,1810,1,2,1,1,4,29019,M,4842285.0,-451134.0,29
201500021558,15,4,9,1640,1,2,1,1,4,29019,M,4839599.0,-448872.0,29
201500021559,15,5,18,1630,1,2,3,1,6,29019,M,4837755.0,-453546.0,29
201500021560,15,5,14,200,5,2,1,2,6,29019,M,4838923.0,-448439.0,29
201500021561,15,5,11,1110,1,2,1,1,3,29019,M,4842559.0,-448009.0,29
201500021562,15,5,20,1745,1,2,1,1,6,29019,M,4838235.0,-452277.0,29
201500021563,15,5,19,720,1,2,1,1,2,29019,M,4839206.0,-448704.0,29
201500021564,15,5,13,1225,1,2,9,1,3,29019,M,4839752.0,-453124.0,29
201500021565,15,5,16,2220,5,2,2,1,3,29019,M,4839887.0,-448761.0,29
201500021566,15,5,21,1640,1,2,6,1,1,29019,M,4840359.0,-449762.0,29
201500021567,15,5,24,1054,1,2,1,1,1,29019,M,4840019.0,-444490.0,29
201500021568,15,5,20,2015,1,2,1,1,2,29019,M,4839430.0,-449325.0,29
201500021569,15,6,1,1835,1,2,1,1,3,29019,M,4843270.0,-448955.0,29
201500021570,15,5,28,845,1,2,2,1,3,29019,M,4841321.0,-448656.0,29
201500021571,15,5,27,1800,1,2,2,1,3,29019,M,4842132.0,-450331.0,29
201500021572,15,6,9,100,5,2,2,1,3,29019,M,4839970.0,-448599.0,29
201500021573,15,6,16,725,1,2,6,1,3,29019,M,4840454.0,450094.0,29
201500021574,15,6,18,1045,1,2,1,1,6,29019,M,4841552.0,-449251.0,29
201500021575,15,6,19,720,1,2,1,1,3,29019,M,4840947.0,449849.0,29
201500021576,15,6,4,840,1,1,1,1,3,29019,M,4836140.0,-453687.0,29
201500021577,15,6,23,745,1,2,3,1,6,29019,M,4837457.0,455780.0,29
201500021578,15,6,23,1345,1,1,1,1,2,29019,M,4840488.0,-450983.0,29
201500021579,15,6,29,800,1,2,1,1,3,29019,M,4840469.0,-450960.0,29
201500021580,15,6,29,1040,1,2,1,1,6,29019,M,4838537.0,-447955.0,29
201500021581,15,6,30,735,1,2,1,1,2,29019,M,4840165.0,-450271.0,29
201500021582,15,7,7,1530,1,2,7,1,1,29019,M,4839026.0,-445836.0,29
201500021583,15,7,11,1940,1,2,1,1,6,29019,M,4838547.0,-453551.0,29
201500021584,15,7,16,2200,1,2,2,1,3,29019,M,4840350.0,-448040.0,29
201500021585,15,7,11,1030,1,2,2,1,3,29019,M,4840268.0,-449440.0,29
201500021586,15,7,20,1630,1,2,1,2,6,29019,M,4837501.0,-455687.0,29
201500021587,15,7,7,1705,1,2,3,1,2,29019,M,4837971.0,-454131.0,29
201500021588,15,7,23,1400,1,2,1,1,2,29019,M,4840391.0,-450252.0,29
201500021589,15,7,26,1200,1,2,1,2,6,29019,M,4840160.0,-451173.0,29
201500021590,15,7,24,1025,1,2,1,2,3,29019,M,4839803.0,-446508.0,29
201500021591,15,8,3,905,1,2,1,2,1,29019,M,4840468.0,-450610.0,29
201500021592,15,8,6,1530,1,2,1,1,1,29019,M,4841319.0,-448750.0,29
201500021593,15,8,3,1420,1,2,1,1,1,29019,M,4841319.0,-448750.0,29
201500021594,15,8,13,730,2,2,1,3,6,29019,M,4842656.0,-447686.0,29
201500021595,15,8,20,1042,1,2,3,2,6,29019,M,4838519.0,-449150.0,29
201500021596,15,8,11,1900,1,2,1,1,6,29019,M,4839039.0,-448607.0,29
201500021597,15,8,4,1715,1,2,1,1,4,29019,M,4838176.0,-449174.0,29
201500021598,15,8,26,905,1,2,3,1,3,29019,M,4840093.0,-449955.0,29
201500021599,15,8,24,1820,1,2,1,1,6,29019,M,4839671.0,-448568.0,29
201500021600,15,7,31,1730,1,2,9,1,6,29019,M,4838580.0,-451965.0,29
201500021601,15,7,25,1405,1,2,2,1,3,29019,M,4840947.0,-449874.0,29
201500021602,15,8,4,1227,1,2,1,1,6,29019,M,4838397.0,-450428.0,29
201500021603,15,8,29,1825,1,2,2,1,3,29019,M,4840450.0,-446660.0,29
201500021604,15,8,27,1655,1,2,1,1,4,29019,M,4839212.0,-450326.0,29
201500021605,15,9,2,2250,4,2,1,1,6,29019,M,4840277.0,-446795.0,29
201500021606,15,8,21,1545,1,2,3,1,3,29019,M,4838865.0,-451052.0,29
201500021607,15,8,23,1025,1,2,1,1,6,29019,M,4842144.0,-450306.0,29
201500021608,15,8,29,2110,5,2,1,1,6,29019,M,4841175.0,-448643.0,29
201500021609,15,9,8,1520,1,2,1,1,2,29019,M,4839354.0,-449237.0,29
201500021610,15,8,28,1150,1,2,1,1,6,29019,M,4837960.0,-453373.0,29
201500021611,15,9,10,1630,1,2,3,1,1,29019,M,4840328.0,-448087.0,29
201500021612,15,9,2,1107,1,2,1,1,6,29019,M,4842944.0,-450425.0,29
201500021613,15,9,17,905,1,2,1,1,6,29019,M,4838215.0,-450109.0,29
201500021614,15,9,15,1740,1,2,1,2,2,29019,M,4840096.0,-448897.0,29
201500021615,15,9,11,750,1,2,6,1,3,29019,M,4840346.0,-447111.0,29
201500021616,15,9,15,850,1,2,1,1,6,29019,M,4839808.0,-446497.0,29
201500021617,15,9,18,1400,1,2,1,1,1,29019,M,4840488.0,-450627.0,29
201500021618,15,9,24,1540,1,2,1,1,6,29019,M,4840759.0,-448877.0,29
201500021619,15,9,23,1715,1,2,2,1,3,29019,M,4840389.0,-447489.0,29
201500021620,15,9,30,150,5,2,1,1,7,29019,M,4839396.0,-449441.0,29
201500021621,15,9,22,1300,1,2,2,1,3,29019,M,4842488.0,446707.0,29