Num_Acc,an,mois,jour,hrmn,lum,agg,int,atm,col,com,gps,lat,long,dep
201500021622,15,9,24,1205,1,2,1,1,2,29019,M,4840884.0,-448018.0,29
201500021623,15,9,29,1040,1,2,1,1,6,29019,M,4840743.0,-448984.0,29
201500021624,15,9,30,750,2,2,2,1,1,29019,M,4840285.0,-451122.0,29
201500021625,15,10,3,1755,1,2,2,1,3,29019,M,4837278.0,-453912.0,29
201500021626,15,10,8,1820,1,2,1,1,3,29019,M,4838289.0,-451791.0,29
201500021627,15,10,2,2240,1,1,1,1,3,29019,M,4838251.0,-454114.0,29
201500021628,15,10,8,1450,1,2,2,1,5,29019,M,4841548.0,-446196.0,29
201500021629,15,10,9,1620,1,2,1,1,3,29019,M,4838812.0,448301.0,29
201500021630,15,10,9,1700,1,2,1,1,4,29019,M,4839321.0,-444263.0,29
201500021631,15,11,14,2225,5,2,1,1,6,29019,M,4840791.0,-451105.0,29
201500021632,15,10,14,830,1,2,1,1,6,29019,M,4842554.0,-448007.0,29
201500021633,15,10,14,1205,1,2,2,1,3,29019,M,4838580.0,-447940.0,29
201500021634,15,10,16,2115,5,2,1,1,2,29019,M,4841398.0,-447947.0,29
201500021635,15,10,19,1255,1,2,1,1,6,29019,M,4839132.0,448106.0,29
201500021636,15,10,23,745,5,2,1,1,2,29019,M,4839569.0,-440777.0,29
201500021637,15,10,21,1300,1,2,6,1,6,29019,M,4837309.0,-456183.0,29
201500021638,15,10,30,1210,1,2,1,1,3,29019,M,4841151.0,-449338.0,29
201500021639,15,10,8,1705,1,1,1,1,3,29019,M,4841461.0,-447870.0,29
201500021640,15,10,15,825,1,2,1,1,6,29019,M,4839140.0,-448069.0,29
201500021641,15,10,23,2040,5,2,2,1,3,29019,M,4839022.0,-447739.0,29
201500021642,15,10,27,1530,1,1,1,1,4,29019,M,4841554.0,-447948.0,29
201500021643,15,10,26,1810,2,2,1,1,2,29019,M,4840465.0,-447886.0,29
201500021644,15,10,30,1220,1,2,9,1,6,29019,M,4839695.0,-447938.0,29
201500021645,15,11,3,1645,2,2,1,1,6,29019,M,4836532.0,-452691.0,29
201500021646,15,11,6,1030,1,2,1,1,6,29019,M,4839982.0,-445193.0,29
201500021647,15,11,11,410,5,1,1,1,6,29019,M,4838481.0,-448308.0,29
201500021648,15,11,12,1540,1,2,1,1,2,29019,M,4839400.0,-448790.0,29
201500021649,15,10,14,1900,1,2,1,1,6,29019,M,4839881.0,-445139.0,29
201500021650,15,10,25,1015,1,2,1,1,6,29019,M,4837474.0,-455761.0,29
201500021651,15,10,19,1635,1,2,1,1,4,29019,M,4841678.0,-446708.0,29
201500021652,15,11,13,1200,1,2,1,1,2,29019,M,4840935.0,-446999.0,29
201500021653,15,11,21,1600,1,2,2,1,3,29019,M,4841330.0,-448665.0,29
201500021654,15,11,20,2110,5,2,1,1,3,29019,M,4840494.0,-446357.0,29
201500021655,15,11,20,820,2,2,1,2,3,29019,M,4839155.0,-449075.0,29
201500021656,15,11,28,1855,5,2,2,6,3,29019,M,4840248.0,-446741.0,29
201500021657,15,11,27,1130,1,2,3,1,3,29019,M,4840578.0,-445819.0,29
201500021658,15,11,4,2005,5,2,1,1,4,29019,M,4839813.0,-449262.0,29
201500021659,15,11,27,1950,5,2,1,2,3,29019,M,4840837.0,-447573.0,29
201500021660,15,11,15,1215,1,2,6,1,3,29019,M,4839000.0,-450350.0,29
201500021661,15,11,24,905,1,2,1,1,6,29019,M,4838409.0,-450495.0,29
201500021662,15,11,26,1440,1,2,1,2,1,29019,M,4840729.0,-449075.0,29
201500021663,15,11,21,1620,1,2,2,1,3,29019,M,4839032.0,-449156.0,29
201500021664,15,11,19,720,1,2,1,1,6,29019,M,4840199.0,-449874.0,29
201500021665,15,12,2,815,1,2,1,7,6,29019,M,4836610.0,-452578.0,29
201500021666,15,12,3,1815,4,2,2,3,2,29019,M,4840743.0,-448503.0,29
201500021667,15,12,4,1800,4,2,6,1,2,29019,M,4840181.0,-450249.0,29
201500021668,15,12,3,1125,1,1,1,1,6,29019,M,4838728.0,-452171.0,29
201500021669,15,12,4,1555,1,2,1,1,4,29019,M,4839456.0,-448428.0,29
201500021670,15,12,9,1710,1,2,6,1,3,29019,M,4838306.0,-452767.0,29
201500021671,15,12,10,1655,1,2,1,1,3,29019,M,4840236.0,-446753.0,29
201500021672,15,12,2,1800,1,2,1,1,3,29019,M,4838458.0,-448935.0,29
201500021673,15,12,11,750,5,2,2,1,3,29019,M,4840952.0,-445646.0,29
201500021674,15,12,9,755,5,2,1,1,3,29019,M,4840074.0,-448462.0,29
201500021675,15,12,7,1320,1,2,1,1,6,29019,M,4839531.0,-440933.0,29
201500021676,15,12,9,1410,1,2,3,1,1,29019,M,4839439.0,-452855.0,29
201500021677,15,12,15,910,1,2,1,2,2,29019,M,4840955.0,-447624.0,29
201500021678,15,12,14,905,1,2,1,2,6,29019,M,4840350.0,-447122.0,29
201500021679,15,12,15,835,1,2,1,1,5,29019,M,4838499.0,-447884.0,29
201500021680,15,12,22,530,4,2,3,3,3,29019,M,4842495.0,-446049.0,29
201500021681,15,12,22,1725,2,2,3,3,3,29019,M,4840291.0,-447123.0,29
201500021682,15,12,17,1655,2,2,1,2,6,29019,M,4840582.0,-448472.0,29
201500021683,15,2,1,1445,1,1,1,4,4,40245,M,4404582.0,-33738.0,40
201500021684,15,2,7,1500,1,1,1,8,6,40164,M,4410088.0,-28252.0,40
201500021685,15,2,24,700,2,1,1,4,6,40146,M,4364988.0,-29385.0,40
201500021686,15,4,27,1115,1,1,1,3,7,40014,M,4408035.0,-29553.0,40
201500021687,15,8,31,1615,1,1,1,1,6,40080,M,4379751.0,-29592.0,40
201500021688,15,1,15,1825,4,2,1,1,7,29039,M,4787283.0,-392073.0,29
201500021689,15,2,24,720,3,1,1,2,7,29039,M,4789368.0,-390121.0,29
201500021690,15,1,17,715,3,1,1,1,6,29039,M,4791791.0,-393281.0,29
201500021691,15,2,20,1020,1,2,6,2,6,29039,M,4789466.0,-391406.0,29
201500021692,15,1,20,820,5,2,1,1,6,29039,M,4786757.0,-390406.0,29
201500021693,15,2,28,1515,1,1,1,1,2,29039,M,4787492.0,-389846.0,29
201500021694,15,1,31,1535,1,1,1,8,7,29039,M,4792585.0,-389424.0,29
201500021695,15,3,2,1140,1,1,1,1,3,29039,M,4789726.0,-394320.0,29
201500021696,15,3,6,1140,1,2,1,1,6,29039,M,4787167.0,-391854.0,29
201500021697,15,3,21,1120,1,2,6,1,6,29039,M,4787735.0,-390215.0,29
201500021698,15,3,21,1705,1,2,1,1,2,29039,M,4790062.0,-391088.0,29
201500021699,15,3,23,1630,1,1,1,1,3,29039,M,4789967.0,-391189.0,29
201500021700,15,3,28,230,5,1,1,2,6,29039,M,4790072.0,-390871.0,29
201500021701,15,4,17,1150,1,1,1,1,5,29039,M,4787493.0,-391675.0,29
201500021702,15,4,20,1646,1,2,1,1,6,29039,M,4785747.0,-391302.0,29
201500021703,15,5,6,900,1,1,1,1,6,29039,M,4789001.0,-391601.0,29
201500021704,15,5,14,1550,1,2,1,2,6,29039,M,4787287.0,-391732.0,29
201500021705,15,5,15,915,1,1,1,8,7,29039,M,4792583.0,-389661.0,29
201500021706,15,5,17,700,2,1,1,1,6,29039,M,4791733.0,-393574.0,29
201500021707,15,5,20,1405,1,1,3,1,3,29039,M,4790720.0,-390554.0,29
201500021708,15,6,1,1000,1,2,1,1,7,29039,M,4785671.0,-389890.0,29
201500021709,15,6,8,2035,1,2,1,1,7,29039,M,4788563.0,-391342.0,29
201500021710,15,6,13,5,5,1,6,1,6,29039,M,4790026.0,391198.0,29
201500021711,15,6,14,1320,1,2,3,1,3,29039,M,4789954.0,-390946.0,29
201500021712,15,6,15,1450,1,2,1,1,3,29039,M,4790215.0,-391098.0,29
201500021713,15,6,25,900,1,1,1,1,2,29039,M,4757393.0,-354146.0,29
201500021714,15,6,28,820,1,1,1,1,7,29039,M,4754157.0,-356427.0,29
201500021715,15,7,3,1719,1,1,6,1,3,29039,M,4792589.0,-389429.0,29
201500021716,15,7,9,1200,1,2,1,1,3,29039,M,4786424.0,-389852.0,29
201500021717,15,7,16,2105,1,2,3,1,3,29039,M,4787150.0,-390736.0,29
201500021718,15,8,10,1215,1,2,3,1,3,29039,M,4787204.0,-390716.0,29
201500021719,15,8,18,2338,5,2,6,1,3,29039,M,4788315.0,-392252.0,29
201500021720,15,8,19,1700,1,2,1,1,2,29039,M,4789506.0,-391376.0,29
201500021721,15,8,19,2155,3,1,1,1,6,29039,M,4790634.0,-399154.0,29
201500021722,15,8,20,823,1,1,1,2,7,29039,M,4792531.0,-389696.0,29
201500021723,15,8,21,2225,1,2,1,1,1,29039,M,4789374.0,-391547.0,29
201500021724,15,8,23,730,1,2,3,1,6,29039,M,4787481.0,-391895.0,29
201500021725,15,8,30,1225,1,2,1,1,1,29039,M,4788216.0,-391945.0,29
201500021726,15,9,1,1410,1,1,1,1,2,29039,M,4787458.0,-391880.0,29
201500021727,15,9,20,1015,1,2,6,1,3,29039,M,4786249.0,-388884.0,29
201500021728,15,8,9,830,1,2,6,1,3,29039,M,4788248.0,-392408.0,29
201500021729,15,10,9,830,1,2,6,1,3,29039,M,4788268.0,-392406.0,29
201500021730,15,10,9,1845,1,2,1,1,7,29039,M,4787184.0,-391913.0,29
201500021731,15,10,18,1825,2,1,1,1,6,29039,M,4789002.0,-389715.0,29
201500021732,15,10,22,1320,1,1,1,8,7,29039,M,4791726.0,-393583.0,29
201500021733,15,10,30,1150,1,1,9,1,7,29039,M,4792398.0,-389713.0,29
201500021734,15,11,5,1825,5,2,1,2,7,29039,M,4787989.0,-391598.0,29
201500021735,15,11,15,1855,5,2,1,8,3,29039,M,4789727.0,-391240.0,29
201500021736,15,12,1,1755,2,1,2,1,3,29039,M,4788152.0,-391011.0,29
201500021737,15,12,10,1320,1,1,3,1,3,29039,M,4787642.0,-390810.0,29
201500021738,15,12,16,1215,1,2,1,2,6,29039,M,4787002.0,-392178.0,29
201500021739,15,12,21,900,1,2,3,2,6,29039,M,4787404.0,-391853.0,29
201500021740,15,12,28,1705,1,2,1,2,2,29039,M,4788515.0,-391292.0,29
201500021741,15,3,11,1020,1,2,1,1,6,29151,M,4858350.0,-383436.0,29
201500021742,15,4,18,330,3,1,1,1,7,29151,M,4859521.0,-383303.0,29
201500021743,15,7,22,1435,1,2,6,1,3,29151,M,4858414.0,-381620.0,29
201500021744,15,8,8,1440,1,2,4,1,3,29151,M,4858781.0,-383705.0,29
201500021745,15,12,23,1720,1,2,1,8,5,29254,M,4860088.0,-384686.0,29
201500021746,15,1,10,20,3,1,1,2,1,29151,M,4860282.0,-380050.0,29
201500021747,15,1,13,1415,1,1,1,1,6,52384,M,4780016.0,522479.0,52
201500021748,15,2,6,730,2,1,1,1,2,52355,M,4780549.0,522444.0,52
201500021749,15,5,13,1630,1,1,1,1,7,52074,M,4808002.0,561395.0,52
201500021750,15,5,23,445,3,1,1,1,6,52282,M,4799093.0,512557.0,52
201500021751,15,10,7,1345,1,1,9,1,2,52027,M,4773299.0,519405.0,52
201500021752,15,10,15,1715,1,1,1,1,2,52205,M,4800418.0,511193.0,52
201500021753,15,11,27,1300,1,1,9,1,1,52147,M,4782381.0,522540.0,52
201500021754,15,12,2,1800,3,1,1,1,6,52258,M,4808827.0,484797.0,52
201500021755,15,12,22,530,3,1,1,1,6,52189,M,4771162.0,518825.0,52
201500021756,15,12,27,200,3,1,1,5,6,52042,M,4791018.0,522226.0,52
201500021757,15,12,27,1800,3,1,1,1,6,52258,M,4808937.0,483775.0,52
201500021758,15,4,30,830,1,1,3,1,3,57690,M,0.0,0.0,57
201500021759,15,7,1,2000,1,1,6,1,6,57576,M,0.0,0.0,57
201500021760,15,11,24,1730,5,2,1,1,6,57224,M,0.0,0.0,57
201500021761,15,12,29,1500,1,1,1,8,6,57690,M,4908596.0,668024.0,57
201500021762,15,2,20,1415,1,1,2,2,3,76409,M,4959202.0,18751.0,76
201500021763,15,4,22,1700,1,1,2,1,3,76167,M,4960928.0,15317.0,76
201500021764,15,6,23,1115,1,2,1,1,6,76534,M,4958659.0,21051.0,76
201500021765,15,10,18,600,4,1,6,1,6,76404,M,4957765.0,24010.0,76
201500021766,15,7,18,1215,1,1,1,1,2,41256,M,4736110.0,205231.0,41
201500021767,15,8,5,315,3,1,9,1,2,41232,M,4742170.0,201977.0,41
201500021768,15,8,6,345,4,1,1,1,7,41256,M,4131204.0,204947.0,41
201500021769,15,8,13,800,1,1,1,1,6,41046,M,4762891.0,195701.0,41
201500021770,15,8,18,2000,1,1,1,1,7,41232,M,4737045.0,205384.0,41
201500021771,15,11,29,2045,3,1,1,8,4,41232,M,4740420.0,203022.0,41
201500021772,15,12,9,1045,1,1,1,5,6,41161,M,4749739.0,200651.0,41
201500021773,15,1,1,1955,5,2,2,8,7,29232,M,4799430.0,-410423.0,29
201500021774,15,1,2,1850,2,1,1,1,7,29232,M,4802049.0,-409290.0,29
201500021775,15,2,12,1150,1,2,6,1,6,29232,M,4798743.0,-410957.0,29
201500021776,15,12,15,1115,1,1,1,3,7,29232,M,4798562.0,-402270.0,29
201500021777,15,1,3,1710,4,1,1,1,7,29232,M,4799848.0,-412290.0,29
201500021778,15,2,21,1005,1,1,1,1,7,29232,M,4800524.0,-406021.0,29
201500021779,15,1,5,1425,1,1,1,8,7,29232,M,4799555.0,-404695.0,29
201500021780,15,3,11,2201,3,1,1,1,6,29232,M,4800440.0,-406009.0,29
201500021781,15,1,5,1635,1,2,1,1,2,29232,M,4799631.0,-410978.0,29
201500021782,15,3,15,1645,1,1,1,1,6,29232,M,4798181.0,-412020.0,29
201500021783,15,1,6,845,2,2,6,1,2,29232,M,4799480.0,-407239.0,29
201500021784,15,3,20,1240,1,2,2,1,3,29232,M,4799502.0,-410812.0,29
201500021785,15,1,7,1848,4,2,1,1,3,29232,M,4798399.0,-409834.0,29
201500021786,15,3,27,1910,2,1,6,2,2,29232,M,4800340.0,-408364.0,29
201500021787,15,1,9,1930,4,1,2,2,3,29232,M,4796816.0,-408464.0,29
201500021788,15,3,15,5,3,1,3,1,1,29051,M,4802912.0,-394975.0,29
201500021789,15,4,8,900,1,2,1,1,6,29232,M,4799505.0,-409791.0,29
201500021790,15,1,9,1950,3,1,1,9,7,29232,M,4802995.0,-408723.0,29
201500021791,15,1,12,1630,1,1,3,1,2,29232,M,4802355.0,-410802.0,29
201500021792,15,4,10,815,1,1,1,8,6,29232,M,4806412.0,-417042.0,29
201500021793,15,4,12,1500,1,2,3,1,3,29232,M,4800174.0,-407892.0,29
201500021794,15,1,19,430,3,1,1,9,7,29232,M,4797867.0,-404985.0,29
201500021795,15,1,19,700,3,1,1,9,7,29051,M,4799524.0,-399628.0,29
201500021796,15,4,13,340,5,2,1,1,6,29232,M,4798866.0,-411106.0,29
201500021797,15,1,19,1901,1,2,1,1,7,29232,M,4800610.0,-409734.0,29
201500021798,15,4,15,1630,1,1,3,1,3,29051,M,4799114.0,-399178.0,29
201500021799,15,1,22,1000,1,1,1,1,2,29232,M,4799801.0,-404891.0,29
201500021800,15,4,18,2020,2,1,3,1,3,29232,M,4799738.0,-411929.0,29
201500021801,15,1,22,1300,1,2,6,1,3,29232,M,4801032.0,-409595.0,29
201500021802,15,4,21,812,1,2,6,1,3,29232,M,4799191.0,-411954.0,29
201500021803,15,1,22,1645,1,2,1,1,5,29232,M,4799246.0,-410732.0,29
201500021804,15,4,23,1640,1,2,3,7,3,29232,M,4798169.0,-407418.0,29
201500021805,15,1,23,1620,1,1,1,1,7,29232,M,4799081.0,-406987.0,29
201500021806,15,3,29,1715,1,1,1,2,6,29232,M,4801832.0,-413569.0,29
201500021807,15,4,11,1520,1,1,1,1,4,29232,M,4797931.0,-409593.0,29
201500021808,15,1,24,1354,1,1,3,1,7,29232,M,4795150.0,-407640.0,29
201500021809,15,2,5,1430,1,1,1,8,7,29232,M,4801347.0,-412630.0,29
201500021810,15,4,30,2340,3,1,1,3,6,29232,M,4803942.0,-407253.0,29
201500021811,15,2,5,1650,1,2,6,1,3,29232,M,4800339.0,-408389.0,29
201500021812,15,5,1,255,3,2,1,3,6,29232,M,4797851.0,-409445.0,29
201500021813,15,12,19,2113,5,1,1,1,6,29232,M,4799631.0,-410689.0,29
201500021814,15,2,5,1945,5,2,2,1,3,29232,M,4800018.0,-411239.0,29
201500021815,15,5,5,1535,1,2,3,1,6,29232,M,4798805.0,-410951.0,29
201500021816,15,2,9,1435,1,2,6,1,3,29232,M,4801578.0,-408741.0,29
201500021817,15,5,4,1730,1,1,6,3,1,29232,M,4802974.0,-408802.0,29
201500021818,15,5,1,1350,1,1,1,1,7,29232,M,4798511.0,-411138.0,29
201500021819,15,2,14,55,5,2,2,9,3,29232,M,4799204.0,-410801.0,29
201500021820,15,5,16,1705,1,1,1,1,3,29232,M,4797941.0,-409516.0,29
201500021821,15,2,14,1530,1,2,1,1,6,29232,M,4799434.0,-410598.0,29
201500021822,15,5,12,850,1,1,1,1,1,29232,M,4795701.0,-408217.0,29
201500021823,15,2,14,1655,1,1,6,1,3,29232,M,4802972.0,-408785.0,29
201500021824,15,5,16,1940,1,1,1,1,2,29232,M,4798556.0,-406275.0,29
201500021825,15,5,19,1037,1,1,1,2,2,29232,M,4798430.0,-411436.0,29
201500021826,15,5,21,850,1,2,3,1,4,29232,M,4800670.0,-406320.0,29
201500021827,15,5,30,1908,1,1,1,1,7,29232,M,4793784.0,-406560.0,29
201500021828,15,5,31,1930,1,2,1,1,6,29232,M,4799241.0,-412323.0,29
201500021829,15,6,1,1230,1,2,1,1,3,29232,M,4798288.0,-407538.0,29
201500021830,15,6,4,1850,1,2,2,1,6,29232,M,4799455.0,-410445.0,29
201500021831,15,6,5,1600,1,2,6,1,6,29232,M,4797501.0,-409793.0,29
201500021832,15,6,10,1200,1,2,8,1,2,29232,M,4799747.0,-409878.0,29
201500021833,15,6,23,2100,1,2,6,1,3,29232,M,4800018.0,-408929.0,29
201500021834,15,6,17,1350,1,2,1,1,2,29232,M,4798373.0,-407462.0,29
201500021835,15,6,23,1930,1,2,1,1,3,29232,M,4797625.0,-407761.0,29
201500021836,15,7,2,1910,1,2,1,1,3,29232,M,4799601.0,-411015.0,29
201500021837,15,7,3,1110,1,2,1,1,2,29232,M,4799462.0,-410246.0,29
201500021838,15,7,7,1035,1,1,1,1,2,29051,M,4800920.0,-402697.0,29
201500021839,15,7,20,830,1,2,6,1,7,29232,M,4798363.0,-407477.0,29
201500021840,15,7,22,815,1,2,6,1,2,29232,M,4798774.0,-410935.0,29
201500021841,15,7,22,40,5,2,1,1,1,29232,M,4799225.0,-410757.0,29
201500021842,15,7,24,1645,1,2,6,2,3,29051,M,4800451.0,-405860.0,29
201500021843,15,7,25,2330,3,1,3,1,3,29232,M,4793406.0,-406923.0,29
201500021844,15,7,26,1835,1,1,1,2,4,29232,M,4798018.0,-410107.0,29
201500021845,15,7,31,1736,1,1,1,1,4,29232,M,4798105.0,-410023.0,29
201500021846,15,8,6,1850,1,2,2,1,6,29232,M,4799536.0,-410818.0,29
201500021847,15,8,7,1045,1,2,2,1,2,29051,M,4799933.0,-405438.0,29
201500021848,15,8,13,1810,1,1,1,1,7,29232,M,4797808.0,404242.0,29
201500021849,15,8,15,1550,1,2,3,1,2,29232,M,4800101.0,-411312.0,29
201500021850,15,9,1,2047,1,2,1,1,3,29232,M,4796939.0,-411744.0,29
201500021851,15,9,1,1840,1,1,1,1,7,29232,M,4801323.0,-412608.0,29
201500021852,15,8,21,1800,1,1,1,1,1,29232,M,4799687.0,-412200.0,29
201500021853,15,7,31,1230,1,1,1,1,4,29232,M,4799239.0,-408837.0,29
201500021854,15,8,11,2325,3,1,1,9,6,29232,M,4800069.0,-407667.0,29
201500021855,15,7,10,2305,5,2,3,1,3,29232,M,4800292.0,-409895.0,29
201500021856,15,9,7,1520,1,2,1,1,2,29232,M,4797764.0,-407019.0,29
201500021857,15,9,14,810,1,2,1,2,7,29232,M,4797298.0,-409414.0,29
201500021858,15,9,14,1830,1,2,6,3,3,29232,M,4798319.0,-407552.0,29
201500021859,15,9,11,1520,1,2,1,1,1,29232,M,4798911.0,-411673.0,29
201500021860,15,9,21,1925,1,2,1,1,3,29232,M,4799197.0,-411932.0,29
201500021861,15,9,24,1045,1,2,3,1,6,29232,M,4798211.0,-410260.0,29
201500021862,15,9,29,1640,1,2,1,1,7,29232,M,4798330.0,-407564.0,29
201500021863,15,10,1,837,1,2,1,1,6,29232,M,4798223.0,-409445.0,29
201500021864,15,9,30,1200,1,1,3,1,2,29232,M,4798139.0,-409668.0,29
201500021865,15,10,5,605,5,2,3,2,6,29232,M,4797730.0,-406984.0,29
201500021866,15,10,5,1730,1,1,1,1,1,29051,M,4802613.0,-396670.0,29
201500021867,15,10,6,1205,1,2,1,1,2,29232,M,4799169.0,-408169.0,29
201500021868,15,10,18,1229,1,2,1,1,2,29232,M,4799558.0,409644.0,29
201500021869,15,10,22,1337,1,1,1,1,3,29232,M,4798293.0,-403259.0,29
201500021870,15,10,27,753,1,2,1,3,2,29232,M,4801001.0,-408132.0,29
201500021871,15,11,3,1445,1,2,1,1,6,29232,M,4799532.0,-410837.0,29
201500021872,15,11,5,1640,1,2,9,2,6,29232,M,4798335.0,-406899.0,29
201500021873,15,11,6,1020,1,1,1,3,7,29232,M,4800878.0,-408256.0,29
201500021874,15,11,5,1830,2,2,2,2,3,29232,M,4799523.0,-410002.0,29
201500021875,15,10,20,2000,5,2,1,1,6,29232,M,4799493.0,-409654.0,29
201500021876,15,11,14,1355,1,1,2,1,3,29051,M,4800484.0,-403282.0,29
201500021877,15,11,19,1015,1,2,1,2,2,29232,M,4798272.0,-407437.0,29
201500021878,15,11,20,1825,2,2,3,1,3,29232,M,4800268.0,-411441.0,29
201500021879,15,11,24,1052,1,2,1,1,1,29232,M,4798404.0,-410342.0,29
201500021880,15,11,25,1000,1,2,3,2,6,29232,M,4798812.0,-410947.0,29
201500021881,15,11,26,1250,1,2,6,2,3,29232,M,4801579.0,-408737.0,29
201500021882,15,11,21,1230,1,2,1,1,3,29232,M,4799847.0,-411076.0,29
201500021883,15,12,1,915,1,1,1,1,5,29232,M,4798131.0,-407854.0,29
201500021884,15,12,2,2207,3,1,1,1,7,29051,M,4802708.0,-396793.0,29
201500021885,15,12,3,215,3,2,1,1,6,29232,M,4799404.0,-406902.0,29
201500021886,15,11,15,2235,3,2,1,1,6,29232,M,4804611.0,-407041.0,29
201500021887,15,11,25,945,1,2,1,2,6,29232,M,4799061.0,-407536.0,29
201500021888,15,12,5,1905,5,2,1,1,4,29232,M,4799030.0,-413267.0,29
201500021889,15,10,23,1345,1,2,1,1,7,29232,M,4798284.0,-407426.0,29
201500021890,15,12,7,815,2,1,1,1,7,29232,M,4802680.0,-408732.0,29
201500021891,15,12,15,1815,5,2,1,1,1,29051,M,4800064.0,-404872.0,29
201500021892,15,12,17,1335,1,2,6,2,3,29232,M,4798256.0,-408180.0,29
201500021893,15,12,17,1220,1,2,1,8,6,29232,M,4798414.0,-411456.0,29
201500021894,15,12,17,2120,5,2,1,2,6,29232,M,4799846.0,-408073.0,29
201500021895,15,12,28,1140,1,2,1,1,6,29232,M,4798546.0,-408364.0,29
201500021896,15,12,31,845,3,1,6,1,6,29232,M,4803220.0,-408368.0,29
201500021897,15,12,31,1145,1,2,1,1,6,29232,M,4798287.0,-407212.0,29
201500021898,15,4,20,900,1,1,1,1,3,54371,M,4919953.0,593360.0,54
201500021899,15,7,22,1930,1,1,1,1,2,54002,M,4919525.0,586498.0,54
201500021900,15,8,10,115,3,1,1,1,7,55400,M,0.0,0.0,55
201500021901,15,8,29,845,1,1,1,1,7,55557,M,0.0,0.0,55
201500021902,15,1,19,2030,3,2,1,1,1,60395,M,4922334.0,214758.0,60
201500021903,15,1,23,2330,3,1,1,1,7,60395,M,4924918.0,212817.0,60
201500021904,15,2,12,1730,1,1,1,5,1,60088,M,4920352.0,220046.0,60
201500021905,15,3,3,30,3,1,1,8,6,60395,M,4926655.0,211564.0,60
201500021906,15,4,28,15,3,1,1,1,6,60010,M,4921910.0,211932.0,60
201500021907,15,6,22,1700,1,2,1,2,1,60218,M,4921591.0,217214.0,60
201500021908,15,6,26,1645,1,2,1,1,7,60012,M,4925889.0,215896.0,60
201500021909,15,6,26,1245,1,1,1,1,7,60010,M,4922227.0,210082.0,60
201500021910,15,7,16,930,1,2,1,1,6,60532,M,4928723.0,208811.0,60
201500021911,15,7,8,2030,1,1,1,1,1,60532,M,4928628.0,209094.0,60
201500021912,15,7,31,1030,1,2,1,1,2,60088,M,4919449.0,217913.0,60
201500021913,15,10,25,1215,1,2,9,1,6,60395,M,4923863.0,213374.0,60
201500021914,15,11,17,745,2,2,1,2,6,60088,M,4919854.0,221258.0,60
201500021915,15,1,2,2350,5,2,2,1,3,30007,M,4412003.0,407896.0,30
201500021916,15,2,27,1245,1,2,1,1,6,30007,M,,,30
201500021917,15,11,20,2345,5,2,6,2,1,30007,M,4413530.0,408397.0,30
201500021918,15,3,11,844,1,2,1,1,6,30007,M,4412379.0,408035.0,30
201500021919,15,12,5,1720,1,2,1,1,1,30007,M,4411301.0,409415.0,30
201500021920,15,1,26,1545,1,2,1,1,2,30007,M,4412963.0,410629.0,30
201500021921,15,3,16,1615,1,2,1,1,6,30243,M,4408554.0,407730.0,30
201500021922,15,12,7,1245,1,1,1,1,6,30007,M,4414679.0,408656.0,30
201500021923,15,4,11,1530,1,2,1,1,5,30007,M,,,30
201500021924,15,1,31,2355,5,2,1,1,6,30007,M,4412000.0,407899.0,30
201500021925,15,12,2,1600,1,2,6,1,6,30007,M,4412751.0,407896.0,30
201500021926,15,12,17,1920,4,2,3,1,3,30007,M,4413280.0,411027.0,30
201500021927,15,3,18,1010,1,2,1,1,3,30007,M,,,30
201500021928,15,1,7,600,5,2,1,1,6,30007,M,,,30
201500021929,15,2,17,1955,1,2,1,1,1,30007,M,,,30
201500021930,15,12,29,1645,1,2,1,1,5,30007,M,4412875.0,409999.0,30
201500021931,15,5,10,2045,2,2,1,1,7,30243,M,,,30
201500021932,15,2,28,708,1,2,1,1,1,30007,M,4412619.0,407317.0,30
201500021933,15,12,21,1815,5,2,3,1,6,30007,M,4412360.0,408176.0,30
201500021934,15,2,26,1250,1,2,1,1,3,30007,M,,,30
201500021935,15,12,21,1540,1,2,2,1,3,30007,M,4413375.0,407829.0,30
201500021936,15,5,7,1520,1,2,1,1,6,30007,M,,,30
201500021937,15,5,29,1400,1,2,1,1,6,30007,M,,,30
201500021938,15,3,5,720,1,2,1,1,6,30007,M,4411798.0,408033.0,30
201500021939,15,3,9,1730,1,2,1,1,6,30007,M,4413825.0,408750.0,30
201500021940,15,3,24,1345,1,2,1,1,6,30007,M,,,30
201500021941,15,4,16,1900,1,2,1,2,6,30007,M,4413928.0,408861.0,30
201500021942,15,4,11,1140,1,2,1,1,6,30007,M,,,30
201500021943,15,6,10,1840,1,2,1,1,6,30007,M,,,30