Num_Acc,an,mois,jour,hrmn,lum,agg,int,atm,col,com,gps,lat,long,dep
201500021944,15,6,13,2300,5,2,1,1,3,30007,M,4413391.0,407996.0,30
201500021945,15,6,23,1356,1,2,1,1,1,30007,M,,,30
201500021946,15,6,29,1825,1,2,1,1,6,30007,M,4411091.0,410439.0,30
201500021947,15,6,28,216,1,2,1,1,3,30007,M,4413782.0,408603.0,30
201500021948,15,8,6,2100,2,2,1,1,6,30007,M,,,30
201500021949,15,8,11,1015,1,2,1,1,6,30007,M,,,30
201500021950,15,9,8,2122,5,2,1,1,6,30007,M,0.0,0.0,30
201500021951,15,9,18,1130,1,2,1,1,6,30007,M,4412106.0,408477.0,30
201500021952,15,9,25,1845,1,2,1,1,3,30007,M,,,30
201500021953,15,10,28,1215,1,1,1,3,6,30243,M,4407132.0,407135.0,30
201500021954,15,11,27,800,1,2,3,1,6,30007,M,4413523.0,408472.0,30
201500021955,15,11,2,1335,1,2,1,1,6,30007,M,4413932.0,408893.0,30
201500021956,15,11,30,920,1,2,2,1,3,30007,M,4412250.0,408340.0,30
201500021957,15,10,20,1830,2,2,3,1,4,30007,M,4413517.0,408968.0,30
201500021958,15,11,5,1220,1,2,1,1,6,30007,M,4412139.0,407556.0,30
201500021959,15,11,11,1230,1,1,6,1,3,30007,M,4414585.0,410106.0,30
201500021960,15,12,15,1926,5,2,6,1,6,30007,M,4412128.0,408030.0,30
201500021961,15,12,16,1615,1,1,1,1,3,30007,M,4411785.0,408197.0,30
201500021962,15,12,16,1245,1,1,1,1,1,30007,M,4414493.0,407296.0,30
201500021963,15,11,20,1815,1,2,1,1,1,30007,M,4413372.0,407831.0,30
201500021964,15,11,16,1700,1,2,1,1,6,30007,M,4412700.0,407583.0,30
201500021965,15,2,17,1120,1,2,1,1,3,30028,M,4415334.0,464518.0,30
201500021966,15,11,17,845,1,2,1,1,6,30028,M,4415891.0,462425.0,30
201500021967,15,3,2,1330,1,2,1,1,6,30028,M,4415982.0,461825.0,30
201500021968,15,3,15,1135,1,2,1,2,2,30028,M,,,30
201500021969,15,3,24,1200,1,2,1,1,2,30028,M,4416676.0,461206.0,30
201500021970,15,4,16,1000,1,2,1,1,6,30028,M,4416390.0,462188.0,30
201500021971,15,4,4,1630,1,2,1,1,1,30028,M,4414873.0,461562.0,30
201500021972,15,5,6,1150,1,2,1,1,4,30028,M,,,30
201500021973,15,4,24,1830,1,2,6,1,6,30028,M,4416702.0,461206.0,30
201500021974,15,5,7,1035,1,2,3,1,3,30028,M,4415788.0,462350.0,30
201500021975,15,6,8,1535,1,2,1,1,1,30028,M,4415525.0,464069.0,30
201500021976,15,5,23,340,5,2,1,1,6,30028,M,4414376.0,461008.0,30
201500021977,15,6,13,1210,1,1,1,1,2,30028,M,4417872.0,461952.0,30
201500021978,15,6,20,1620,1,2,1,1,6,30028,M,4416158.0,461993.0,30
201500021979,15,6,10,1620,1,2,1,4,6,30028,M,4416792.0,461443.0,30
201500021980,15,7,3,1815,1,2,1,1,6,30028,M,4415750.0,461336.0,30
201500021981,15,6,29,1845,1,2,1,1,2,30028,M,4416849.0,461567.0,30
201500021982,15,7,7,1730,1,2,1,1,3,30028,M,4414480.0,461031.0,30
201500021983,15,7,16,2030,2,2,3,1,3,30028,M,4416128.0,462441.0,30
201500021984,15,8,11,1145,1,2,1,1,2,30028,M,4417550.0,461989.0,30
201500021985,15,8,20,1610,1,2,1,1,6,30028,M,4416130.0,462169.0,30
201500021986,15,7,25,845,1,2,6,1,2,30028,M,4415490.0,461611.0,30
201500021987,15,9,24,640,5,2,3,1,3,30028,M,4415651.0,463639.0,30
201500021988,15,9,18,1450,1,1,1,1,2,30028,M,4417661.0,461968.0,30
201500021989,15,11,12,955,1,2,1,1,6,30028,M,4415561.0,461880.0,30
201500021990,15,12,11,900,2,2,6,1,3,30028,M,4416021.0,461154.0,30
201500021991,15,12,17,900,1,2,1,1,6,30028,M,4416225.0,462261.0,30
201500021992,15,12,21,1720,2,2,1,2,6,30028,M,4414993.0,461581.0,30
201500021993,15,12,25,1315,1,1,1,1,6,30028,M,0.0,0.0,30
201500021994,15,1,1,325,5,2,1,1,6,30189,M,4384021.0,435699.0,30
201500021995,15,3,17,735,2,2,3,2,3,30189,M,4385481.0,432175.0,30
201500021996,15,12,7,1800,2,2,1,1,2,30189,M,4381759.0,439125.0,30
201500021997,15,1,4,1156,1,2,3,1,2,30189,M,4382330.0,437126.0,30
201500021998,15,3,18,2125,3,1,1,1,1,30189,M,0.0,0.0,30
201500021999,15,11,23,1834,5,2,1,6,1,30189,M,,,30
201500022000,15,1,4,2000,5,2,1,1,3,30189,M,,,30
201500022001,15,3,20,1354,1,2,3,1,3,30189,M,4382170.0,435945.0,30
201500022002,15,11,24,1330,1,2,1,1,6,30189,M,,,30
201500022003,15,1,5,1037,1,2,1,1,7,30189,M,,,30
201500022004,15,3,21,115,5,2,1,1,7,30189,M,4383332.0,438596.0,30
201500022005,15,12,26,1200,1,2,2,1,3,30189,M,4385481.0,432172.0,30
201500022006,15,1,5,1445,1,2,1,1,4,30189,M,,,30
201500022007,15,3,19,1700,1,2,3,1,1,30189,M,4384349.0,438520.0,30
201500022008,15,11,23,1142,1,1,2,1,3,30189,M,4383610.0,435278.0,30
201500022009,15,1,9,1250,1,2,4,1,3,30189,M,4382892.0,433591.0,30
201500022010,15,3,23,850,1,2,3,1,6,30189,M,4383831.0,437234.0,30
201500022011,15,12,28,1750,5,2,3,1,3,30189,M,4382116.0,434754.0,30
201500022012,15,1,11,1525,1,2,1,1,1,30189,M,4384651.0,438076.0,30
201500022013,15,3,21,1340,1,2,3,2,3,30189,M,4382231.0,436230.0,30
201500022014,15,1,12,1010,1,2,4,1,3,30189,M,,,30
201500022015,15,3,24,1845,5,1,1,2,6,30189,M,,,30
201500022016,15,11,6,1800,5,1,1,1,4,30189,M,,,30
201500022017,15,1,15,1915,5,2,1,1,3,30189,M,4381512.0,434612.0,30
201500022018,15,3,21,1720,1,2,1,2,3,30189,M,4380901.0,436488.0,30
201500022019,15,11,12,1628,1,2,1,1,2,30189,M,,,30
201500022020,15,1,16,1250,1,2,3,2,5,30189,M,4383768.0,438093.0,30
201500022021,15,3,24,1220,1,2,3,1,3,30189,M,4382751.0,435585.0,30
201500022022,15,11,6,1617,1,2,1,1,6,30189,M,,,30
201500022023,15,1,17,1505,1,2,2,1,7,30189,M,4381659.0,434998.0,30
201500022024,15,3,24,2100,5,2,3,2,3,30189,M,4383972.0,437916.0,30
201500022025,15,12,14,1409,1,1,3,1,6,30189,M,4383380.0,436721.0,30
201500022026,15,1,17,2125,5,2,6,1,2,30189,M,4383692.0,438769.0,30
201500022027,15,3,27,2035,5,1,1,1,2,30189,M,4383292.0,436805.0,30
201500022028,15,12,30,1450,1,2,1,1,2,30189,M,4383736.0,439294.0,30
201500022029,15,1,19,1955,5,2,1,2,1,30189,M,4384832.0,436189.0,30
201500022030,15,3,31,1010,1,1,3,1,3,30189,M,4389201.0,441885.0,30
201500022031,15,12,25,240,5,2,2,1,3,30189,M,4382873.0,437699.0,30
201500022032,15,1,20,1315,1,2,1,1,6,30189,M,0.0,0.0,30
201500022033,15,3,31,1400,1,2,3,1,3,30189,M,4383785.0,434990.0,30
201500022034,15,12,31,2320,3,1,1,1,7,30189,M,4387055.0,432194.0,30
201500022035,15,1,20,1845,5,2,3,1,7,30189,M,4384047.0,435540.0,30
201500022036,15,4,1,1740,1,2,9,1,3,30189,M,4381181.0,436217.0,30
201500022037,15,1,22,840,1,2,2,1,3,30189,M,4385049.0,437454.0,30
201500022038,15,4,3,1510,1,1,1,1,2,30189,M,4384165.0,436717.0,30
201500022039,15,1,23,1651,1,2,1,1,7,30189,M,4382971.0,436179.0,30
201500022040,15,4,6,2055,5,2,3,1,1,30189,M,4382706.0,433142.0,30
201500022041,15,1,23,2315,5,2,1,1,7,30189,M,4383265.0,438488.0,30
201500022042,15,1,26,1741,1,2,6,1,3,30189,M,4381606.0,434819.0,30
201500022043,15,4,10,1730,1,1,1,1,6,30189,M,4385181.0,437678.0,30
201500022044,15,1,27,740,1,2,1,1,6,30189,M,4383192.0,434669.0,30
201500022045,15,4,11,1150,1,2,3,1,2,30189,M,4383280.0,437942.0,30
201500022046,15,2,2,1750,5,2,6,1,6,30189,M,4382503.0,436198.0,30
201500022047,15,4,13,1950,1,2,3,1,3,30189,M,4385126.0,439950.0,30
201500022048,15,12,24,330,3,2,1,1,7,30189,M,4383519.0,442829.0,30
201500022049,15,2,2,1730,3,2,1,1,6,30189,M,4384875.0,435146.0,30
201500022050,15,4,15,1530,1,2,2,1,5,30189,M,4383358.0,435027.0,30
201500022051,15,2,3,110,5,2,3,1,3,30189,M,4384162.0,437679.0,30
201500022052,15,4,17,950,1,2,3,1,6,30189,M,4383217.0,434975.0,30
201500022053,15,2,3,815,2,2,1,1,2,30189,M,0.0,0.0,30
201500022054,15,4,17,1955,1,2,1,1,6,30189,M,,,30
201500022055,15,2,4,1830,2,2,1,1,5,30189,M,,,30
201500022056,15,4,21,643,2,2,3,1,4,30189,M,4382034.0,434027.0,30
201500022057,15,12,4,1350,1,2,1,1,5,30189,M,,,30
201500022058,15,2,8,1,5,2,2,1,2,30189,M,4380750.0,437164.0,30
201500022059,15,4,23,1720,1,2,3,1,2,30189,M,4384136.0,435789.0,30
201500022060,15,12,19,2225,5,2,2,2,3,30189,M,4383779.0,434515.0,30
201500022061,15,2,13,1305,1,2,3,1,3,30189,M,4383569.0,436532.0,30
201500022062,15,4,17,2240,5,2,1,1,2,30189,M,4382106.0,434731.0,30
201500022063,15,2,13,1943,5,2,3,1,3,30189,M,4384103.0,434105.0,30
201500022064,15,4,19,230,5,2,2,1,3,30189,M,4384027.0,436664.0,30
201500022065,15,2,14,1945,5,2,2,2,3,30189,M,4384360.0,436906.0,30
201500022066,15,4,24,1715,1,2,1,1,3,30189,M,4385092.0,428151.0,30
201500022067,15,2,19,2345,5,2,1,1,2,30189,M,0.0,0.0,30
201500022068,15,4,30,900,1,2,3,1,3,30189,M,4381362.0,430604.0,30
201500022069,15,2,25,1430,1,2,3,1,2,30189,M,4387188.0,431987.0,30
201500022070,15,5,2,1410,1,2,1,1,3,30189,M,,,30
201500022071,15,2,26,1310,1,2,1,1,2,30189,M,,,30
201500022072,15,5,2,1930,1,2,3,1,3,30189,M,4383280.0,436944.0,30
201500022073,15,3,6,1340,1,2,3,1,3,30189,M,,,30
201500022074,15,4,30,1545,1,2,1,1,3,30189,M,4382946.0,436165.0,30
201500022075,15,3,10,1620,1,2,3,1,1,30189,M,4381969.0,434664.0,30
201500022076,15,3,12,1050,1,2,3,1,3,30189,M,4382379.0,435434.0,30
201500022077,15,5,5,1410,1,2,6,1,3,30189,M,4381414.0,433478.0,30
201500022078,15,3,13,1535,1,2,7,1,3,30189,M,4383021.0,435234.0,30
201500022079,15,5,12,1810,1,2,1,1,6,30189,M,4381857.0,434197.0,30
201500022080,15,3,14,1600,1,2,1,1,2,30189,M,4383103.0,432286.0,30
201500022081,15,5,9,2210,5,2,1,1,7,30189,M,4381750.0,434694.0,30
201500022082,15,3,15,625,5,2,6,2,7,30189,M,4382350.0,432792.0,30
201500022083,15,5,5,1248,1,2,1,1,7,30189,M,4382830.0,437306.0,30
201500022084,15,3,15,1900,5,2,1,2,5,30189,M,4385473.0,433861.0,30
201500022085,15,5,15,1530,1,2,3,1,3,30189,M,4382030.0,432386.0,30
201500022086,15,5,11,1335,1,2,1,1,6,30189,M,,,30
201500022087,15,5,22,314,5,2,3,1,6,30189,M,4379235.0,434762.0,30
201500022088,15,5,27,1115,1,2,2,1,6,30189,M,4382841.0,435993.0,30
201500022089,15,5,22,1130,1,2,2,1,3,30189,M,4382839.0,435994.0,30
201500022090,15,4,4,1215,1,2,1,1,6,30189,M,4383918.0,431697.0,30
201500022091,15,5,29,1445,1,2,1,1,3,30189,M,4384356.0,438201.0,30
201500022092,15,5,29,1630,1,2,1,1,6,30189,M,,,30
201500022093,15,5,28,915,1,2,4,1,2,30189,M,4383027.0,436992.0,30
201500022094,15,5,28,950,1,2,1,1,6,30189,M,4383081.0,436535.0,30
201500022095,15,5,15,2030,1,1,3,1,2,30189,M,4381514.0,436850.0,30
201500022096,15,5,11,840,1,2,1,1,6,30189,M,4383672.0,438490.0,30
201500022097,15,5,25,1710,1,2,1,1,6,30189,M,4383322.0,435925.0,30
201500022098,15,5,26,1240,1,2,1,1,7,30189,M,4383843.0,435367.0,30
201500022099,15,5,29,505,2,1,6,1,3,30189,M,4381759.0,434715.0,30
201500022100,15,6,1,1840,1,2,2,1,6,30189,M,4383378.0,435152.0,30
201500022101,15,6,4,1850,1,2,1,1,6,30189,M,4382843.0,435973.0,30
201500022102,15,6,5,930,1,2,4,1,3,30189,M,4384741.0,439720.0,30
201500022103,15,6,4,1950,1,2,3,1,3,30189,M,4381079.0,432977.0,30
201500022104,15,6,13,1650,1,2,1,1,1,30189,M,4382848.0,435308.0,30
201500022105,15,6,12,2315,3,2,1,1,2,30189,M,,,30
201500022106,15,6,19,918,1,1,1,1,1,30189,M,4381522.0,430423.0,30
201500022107,15,6,10,740,1,2,2,1,6,30189,M,4383221.0,436076.0,30
201500022108,15,6,21,1845,1,2,3,1,3,30189,M,4381114.0,433025.0,30
201500022109,15,6,19,2050,2,2,2,1,3,30189,M,4383519.0,437830.0,30
201500022110,15,6,21,1025,1,2,2,1,2,30189,M,4382428.0,436958.0,30
201500022111,15,6,24,1955,1,2,3,1,3,30189,M,4384014.0,431910.0,30
201500022112,15,6,17,1914,1,2,2,1,3,30189,M,4382640.0,433176.0,30
201500022113,15,6,21,1340,1,2,2,1,3,30189,M,4382507.0,435406.0,30
201500022114,15,6,11,1100,1,2,1,1,3,30189,M,4385493.0,439928.0,30
201500022115,15,6,20,2100,1,2,1,1,7,30189,M,4382727.0,433200.0,30
201500022116,15,6,23,1255,1,2,1,1,3,30189,M,4383843.0,435366.0,30
201500022117,15,6,28,1715,1,1,2,1,3,30189,M,4381115.0,433024.0,30
201500022118,15,6,25,1712,1,2,6,1,3,30189,M,4380997.0,435518.0,30
201500022119,15,6,30,2025,1,2,1,1,2,30189,M,4383746.0,438260.0,30
201500022120,15,7,4,2045,1,2,1,1,3,30189,M,4385092.0,428148.0,30
201500022121,15,7,10,1040,1,2,1,1,6,30189,M,4382850.0,435310.0,30
201500022122,15,7,16,1025,1,2,2,1,2,30189,M,4382004.0,433590.0,30
201500022123,15,7,19,1622,1,2,2,1,3,30189,M,4383693.0,437121.0,30
201500022124,15,7,24,1240,1,2,1,1,6,30189,M,4383908.0,436338.0,30
201500022125,15,7,14,1755,1,2,6,1,2,30189,M,4382430.0,436962.0,30
201500022126,15,6,23,320,5,1,1,1,7,30189,M,4384273.0,438892.0,30
201500022127,15,6,28,2045,1,2,1,1,7,30189,M,4384107.0,437446.0,30
201500022128,15,7,10,2155,1,2,1,1,6,30189,M,4383920.0,436516.0,30
201500022129,15,7,16,2020,1,2,2,1,3,30189,M,4383544.0,434974.0,30
201500022130,15,7,21,1840,1,2,3,1,6,30189,M,4382860.0,437274.0,30
201500022131,15,7,24,1915,1,2,2,1,3,30189,M,4382747.0,437457.0,30
201500022132,15,8,2,10,1,1,1,1,6,30189,M,4383686.0,436681.0,30
201500022133,15,8,2,1625,1,2,2,1,3,30189,M,4381691.0,435302.0,30
201500022134,15,8,5,1727,1,2,1,1,6,30189,M,4382620.0,435313.0,30
201500022135,15,8,11,1320,1,2,6,1,3,30189,M,4382429.0,436958.0,30
201500022136,15,8,12,1250,1,2,6,1,3,30189,M,4381309.0,431666.0,30
201500022137,15,8,11,2015,1,2,3,1,4,30189,M,4383720.0,432861.0,30
201500022138,15,8,14,1400,1,2,2,1,3,30189,M,4383460.0,434923.0,30
201500022139,15,8,26,1525,1,2,6,1,4,30189,M,4383683.0,438823.0,30
201500022140,15,7,19,2200,5,2,4,1,3,30189,M,4382229.0,434595.0,30
201500022141,15,7,28,1700,1,2,3,1,2,30189,M,4382736.0,437473.0,30
201500022142,15,8,27,750,1,2,2,1,3,30189,M,4381789.0,436090.0,30
201500022143,15,8,27,905,1,2,3,1,3,30189,M,4382498.0,435391.0,30
201500022144,15,7,22,2030,1,2,4,1,3,30189,M,4382107.0,434732.0,30
201500022145,15,7,13,1600,1,2,1,1,2,30189,M,4391795.0,438817.0,30
201500022146,15,9,20,41,5,2,3,1,3,30189,M,4383199.0,433129.0,30
201500022147,15,7,17,1750,1,2,1,1,2,30189,M,,,30
201500022148,15,7,3,1340,1,2,3,1,3,30189,M,4384057.0,437215.0,30
201500022149,15,9,2,600,2,2,2,1,3,30189,M,4381691.0,435303.0,30
201500022150,15,9,3,830,1,2,1,1,2,30189,M,0.0,0.0,30
201500022151,15,8,28,1040,1,2,1,1,3,30189,M,4385863.0,440704.0,30
201500022152,15,9,8,1330,1,2,3,1,3,30189,M,4382130.0,435639.0,30
201500022153,15,9,8,845,1,2,2,1,3,30189,M,4384026.0,436666.0,30
201500022154,15,9,14,1900,1,2,3,1,3,30189,M,4385480.0,432178.0,30
201500022155,15,9,14,1830,1,2,1,1,6,30189,M,4384056.0,438451.0,30
201500022156,15,8,20,1815,1,2,4,1,3,30189,M,4383797.0,434508.0,30
201500022157,15,9,6,125,5,2,2,1,3,30189,M,4383692.0,437110.0,30
201500022158,15,9,8,1720,1,1,1,1,6,30189,M,4385539.0,440000.0,30
201500022159,15,9,16,1040,1,1,1,1,1,30189,M,4383216.0,434964.0,30
201500022160,15,9,21,2130,5,2,3,1,3,30189,M,4382941.0,437134.0,30
201500022161,15,9,26,950,1,2,3,1,3,30189,M,4381672.0,435136.0,30
201500022162,15,9,24,1450,1,2,2,1,3,30189,M,4382639.0,433178.0,30
201500022163,15,8,8,1437,1,2,2,1,3,30189,M,4383764.0,436703.0,30
201500022164,15,8,27,1502,1,2,2,1,3,30189,M,4385481.0,432175.0,30
201500022165,15,9,25,2350,5,2,2,1,3,30189,M,4384083.0,437333.0,30
201500022166,15,10,3,2055,3,1,3,2,7,30189,M,4389202.0,441886.0,30
201500022167,15,10,5,1,3,2,1,1,7,30189,M,4383423.0,441497.0,30
201500022168,15,10,10,540,3,2,1,1,7,30189,M,4390528.0,427806.0,30
201500022169,15,10,6,940,1,2,3,1,3,30189,M,4384116.0,435664.0,30
201500022170,15,10,14,1445,1,2,1,1,7,30189,M,4385716.0,433705.0,30
201500022171,15,10,18,2240,3,2,2,1,6,30189,M,4383452.0,435685.0,30
201500022172,15,10,11,2055,3,2,3,1,3,30189,M,4376466.0,440563.0,30
201500022173,15,10,16,1610,1,1,1,1,2,30189,M,,,30
201500022174,15,10,20,350,5,1,2,1,2,30189,M,4381116.0,433024.0,30
201500022175,15,10,15,2200,5,2,2,1,7,30189,M,4382670.0,435680.0,30
201500022176,15,10,22,225,5,2,1,1,6,30189,M,4385041.0,437444.0,30
201500022177,15,9,5,2030,3,2,2,1,3,30189,M,4382846.0,435392.0,30
201500022178,15,9,15,2214,5,2,1,1,7,30189,M,4383339.0,436776.0,30
201500022179,15,10,30,1410,1,2,3,1,3,30189,M,4382828.0,435268.0,30
201500022180,15,10,31,55,5,2,1,1,6,30189,M,4384027.0,435740.0,30
201500022181,15,10,21,815,1,1,1,1,1,30189,M,,,30
201500022182,15,11,4,2120,5,2,1,1,7,30189,M,,,30
201500022183,15,10,12,1525,1,2,3,2,2,30189,M,4382002.0,435809.0,30
201500022184,15,11,7,2325,5,2,1,1,1,30189,M,4383890.0,439030.0,30
201500022185,15,11,12,1740,2,2,2,1,6,30189,M,4383017.0,433235.0,30
201500022186,15,11,12,1425,1,2,2,1,3,30189,M,4383390.0,436838.0,30
201500022187,15,11,12,2140,3,2,1,1,6,30189,M,4384649.0,429496.0,30
201500022188,15,11,19,1800,2,2,4,1,3,30189,M,4383183.0,435754.0,30
201500022189,15,11,20,1920,5,2,1,1,4,30189,M,,,30
201500022190,15,11,24,1530,1,2,2,1,3,30189,M,4383000.0,435056.0,30
201500022191,15,11,12,1040,1,2,1,1,2,30189,M,4384045.0,436139.0,30
201500022192,15,11,12,1900,5,2,3,1,1,30189,M,4384902.0,437369.0,30
201500022193,15,11,24,2330,5,2,3,1,3,30189,M,4384833.0,436281.0,30
201500022194,15,11,30,1625,1,1,1,1,4,30189,M,4385428.0,432178.0,30
201500022195,15,11,13,915,1,2,4,1,3,30189,M,4384592.0,436220.0,30
201500022196,15,10,15,1105,1,2,1,1,3,30189,M,4383526.0,436979.0,30
201500022197,15,10,29,1740,5,2,1,1,3,30189,M,4384721.0,438300.0,30
201500022198,15,10,2,1050,1,2,1,1,2,30189,M,,,30
201500022199,15,10,18,300,5,2,3,1,3,30189,M,4382997.0,435267.0,30
201500022200,15,11,26,2030,5,1,3,1,2,30189,M,4384742.0,439720.0,30
201500022201,15,12,5,1640,2,2,2,2,3,30189,M,4383608.0,435040.0,30
201500022202,15,10,24,40,5,2,3,1,2,30189,M,4381416.0,439699.0,30
201500022203,15,12,1,1615,1,2,1,1,2,30189,M,4383980.0,431780.0,30
201500022204,15,12,10,850,1,1,1,1,6,30189,M,4382269.0,437013.0,30
201500022205,15,12,12,205,5,2,6,1,7,30189,M,4382205.0,436499.0,30
201500022206,15,11,20,1555,1,1,1,1,6,30189,M,,,30
201500022207,15,12,16,1620,1,2,3,1,1,30189,M,4382263.0,434769.0,30
201500022208,15,12,20,110,5,1,6,2,3,30189,M,4383684.0,438822.0,30
201500022209,15,11,26,1750,2,2,1,1,6,30189,M,4381679.0,436714.0,30
201500022210,15,12,17,2100,5,2,3,1,3,30189,M,4383560.0,435099.0,30
201500022211,15,8,15,945,1,1,2,1,3,63068,M,4594520.0,313960.0,63
201500022212,15,4,14,1800,1,1,1,1,6,63093,M,0.0,0.0,63
201500022213,15,5,30,2145,3,1,1,1,7,63358,M,4603001.0,302371.0,63
201500022214,15,7,5,1415,1,1,4,1,3,63198,M,0.0,0.0,63
201500022215,15,8,21,2030,1,1,1,1,6,63329,M,4606654.0,282178.0,63
201500022216,15,9,14,1245,1,1,1,2,6,63464,M,4598000.0,292500.0,63
201500022217,15,11,8,1045,1,1,1,1,3,63388,M,0.0,0.0,63
201500022218,15,7,26,1945,1,2,1,1,3,63219,M,0.0,0.0,63
201500022219,15,8,8,1945,2,1,1,8,7,63219,M,4578500.0,285900.0,63
201500022220,15,8,27,1115,1,2,1,1,6,23170,M,4610403.0,190409.0,23
201500022221,15,9,4,2130,5,2,1,1,6,23247,M,4620329.0,176764.0,23
201500022222,15,9,16,815,1,1,1,2,1,23092,M,4625114.0,190258.0,23
201500022223,15,9,17,1300,1,2,9,2,1,23068,M,4613904.0,210848.0,23
201500022224,15,9,23,1845,1,1,1,1,1,23193,M,4615008.0,190880.0,23
201500022225,15,10,30,1800,5,1,1,1,6,23092,M,4623700.0,191500.0,23
201500022226,15,11,4,345,3,1,1,8,6,23001,M,4605800.0,204100.0,23
201500022227,15,11,6,900,1,1,1,1,6,23092,M,4623300.0,191800.0,23
201500022228,15,11,15,1200,1,1,1,1,6,23001,M,4610200.0,201200.0,23
201500022229,15,12,8,1845,3,1,1,2,6,23095,M,0.0,0.0,23
201500022230,15,12,9,1415,1,1,1,1,6,23186,M,4610400.0,185900.0,23
201500022231,15,12,26,1530,1,1,1,7,1,23245,M,4621300.0,186200.0,23
201500022232,15,1,24,1045,1,1,1,4,4,23002,M,4620066.0,197073.0,23
201500022233,15,6,29,1615,1,1,1,1,7,23001,M,4609734.0,200789.0,23
201500022234,15,7,2,800,1,2,1,1,2,23206,M,4616469.0,196306.0,23
201500022235,15,7,19,2145,2,1,1,1,6,23193,M,4618368.0,192092.0,23
201500022236,15,8,5,2245,3,1,1,1,6,23004,M,4627538.0,181498.0,23
201500022237,15,1,1,145,3,1,1,1,7,26191,M,0.0,0.0,26
201500022238,15,1,2,1430,1,1,1,1,2,26169,M,0.0,0.0,26
201500022239,15,1,3,2115,3,1,1,8,7,26345,M,0.0,0.0,26
201500022240,15,1,25,215,3,1,1,6,6,26176,M,0.0,0.0,26
201500022241,15,1,25,730,1,2,1,1,6,26106,M,0.0,0.0,26
201500022242,15,2,10,1600,1,1,1,6,6,26324,M,0.0,0.0,26
201500022243,15,2,16,1815,1,1,1,1,3,26357,M,0.0,0.0,26
201500022244,15,2,19,1630,1,1,1,1,1,26345,M,0.0,0.0,26
201500022245,15,2,26,1445,1,1,3,1,3,26121,M,0.0,0.0,26
201500022246,15,3,3,1845,3,1,1,1,3,26033,M,0.0,0.0,26
201500022247,15,3,8,1645,1,2,1,1,3,26211,M,0.0,0.0,26
201500022248,15,3,11,2130,3,1,3,1,1,26235,M,0.0,0.0,26
201500022249,15,3,16,1700,1,1,2,1,1,26176,M,0.0,0.0,26
201500022250,15,3,25,800,2,1,1,2,3,26176,M,0.0,0.0,26
201500022251,15,4,21,1230,1,1,1,1,6,26339,M,0.0,0.0,26
201500022252,15,4,22,1500,1,1,1,1,6,26005,M,0.0,0.0,26
201500022253,15,5,17,1745,1,1,1,1,1,26353,M,0.0,0.0,26
201500022254,15,5,23,515,3,1,1,1,3,26339,M,0.0,0.0,26
201500022255,15,5,31,1800,1,1,1,1,4,26235,M,0.0,0.0,26
201500022256,15,6,2,2345,3,1,1,1,2,26324,M,0.0,0.0,26
201500022257,15,6,4,1730,1,2,1,1,1,26338,M,4460010.0,481640.0,26
201500022258,15,6,6,615,2,1,1,1,2,26339,M,0.0,0.0,26
201500022259,15,6,9,1930,1,1,1,1,6,26360,M,0.0,0.0,26
201500022260,15,6,28,230,3,1,1,1,6,26005,M,4448440.0,478610.0,26
201500022261,15,6,27,2245,3,1,3,1,6,26095,M,0.0,0.0,26
201500022262,15,7,6,1030,1,1,1,1,6,26005,M,0.0,0.0,26
201500022263,15,7,6,2100,1,1,2,1,1,26345,M,0.0,0.0,26
201500022264,15,7,7,830,1,1,1,1,5,26339,M,0.0,0.0,26
201500022265,15,7,14,130,3,1,1,1,7,26357,M,0.0,0.0,26
201500022266,15,7,22,2345,3,1,1,1,2,26085,M,0.0,0.0,26
201500022267,15,7,24,1130,1,1,1,1,3,26106,M,0.0,0.0,26
201500022268,15,8,5,1800,1,2,3,7,1,26235,M,4437080.0,471030.0,26
201500022269,15,8,8,1245,1,2,1,1,1,26106,M,0.0,0.0,26
201500022270,15,7,13,1900,1,1,1,1,7,26116,M,0.0,0.0,26
201500022271,15,8,14,2330,5,2,1,1,6,26353,M,4466050.0,479300.0,26
201500022272,15,8,20,1800,3,1,1,1,5,26324,M,0.0,0.0,26
201500022273,15,9,13,1,3,1,4,3,3,26339,M,0.0,0.0,26
201500022274,15,9,18,1545,1,2,1,1,6,26176,M,0.0,0.0,26
201500022275,15,9,28,1630,1,2,1,1,3,26345,M,0.0,0.0,26
201500022276,15,10,3,545,3,1,1,2,6,26345,M,0.0,0.0,26
201500022277,15,10,10,430,5,2,6,1,6,26345,M,0.0,0.0,26
201500022278,15,10,23,2100,3,1,1,1,6,26275,M,0.0,0.0,26
201500022279,15,10,24,515,3,1,1,1,6,26326,M,0.0,0.0,26
201500022280,15,11,8,930,1,1,1,5,1,26338,M,0.0,0.0,26
201500022281,15,11,20,1845,3,1,3,1,6,26005,M,0.0,0.0,26
201500022282,15,12,1,1300,1,1,1,1,3,26169,M,0.0,0.0,26