Num_Acc,an,mois,jour,hrmn,lum,agg,int,atm,col,com,gps,lat,long,dep
201500022283,15,12,17,715,3,1,1,5,6,26169,M,0.0,0.0,26
201500022284,15,6,27,1300,1,2,1,1,1,84029,M,4416830.0,485727.0,84
201500022285,15,7,18,715,1,1,1,1,7,84028,M,4423848.0,490975.0,84
201500022286,15,10,29,430,3,1,1,1,7,84091,M,4415000.0,476700.0,84
201500022287,15,5,17,830,3,1,1,1,6,26138,M,4439950.0,475760.0,26
201500022288,15,1,6,715,3,1,1,9,1,67107,M,0.0,0.0,67
201500022289,15,1,31,945,1,2,1,4,6,35345,M,4837084.0,-192621.0,35
201500022290,15,5,16,1645,1,1,1,1,3,35085,M,4836342.0,-187672.0,35
201500022291,15,6,11,700,1,1,1,1,3,35029,M,4847809.0,-173637.0,35
201500022292,15,6,28,1030,1,1,2,1,5,35226,M,4841237.0,-192421.0,35
201500022293,15,9,9,1315,1,2,1,1,6,35056,M,4838390.0,-182486.0,35
201500022294,15,9,11,1445,1,1,2,1,6,35172,M,4841500.0,-183914.0,35
201500022295,15,9,11,1430,1,1,1,1,1,35226,M,4842791.0,-191027.0,35
201500022296,15,9,16,800,1,1,1,2,3,35265,M,4836647.0,-186297.0,35
201500022297,15,10,9,1445,1,1,1,1,3,35308,M,4845672.0,-191528.0,35
201500022298,15,11,29,645,2,1,1,1,7,35265,M,4835553.0,-186746.0,35
201500022299,15,3,2,1545,1,2,3,1,1,27507,M,4890266.0,127760.0,27
201500022300,15,3,11,1130,1,1,1,1,2,27154,M,4886737.0,117741.0,27
201500022301,15,6,18,845,1,1,1,1,6,27306,M,4897626.0,119986.0,27
201500022302,15,7,7,1830,1,2,1,1,3,27301,M,4894277.0,119686.0,27
201500022303,15,7,22,1730,1,2,1,1,6,27621,M,4893070.0,133741.0,27
201500022304,15,9,20,1145,1,2,1,1,3,84122,M,4410800.0,495400.0,84
201500022305,15,1,13,1345,1,1,1,3,3,62748,M,5095785.0,212639.0,62
201500022306,15,2,22,500,3,1,1,2,7,83085,M,0.0,0.0,83
201500022307,15,3,21,1445,1,2,1,2,1,83134,M,0.0,0.0,83
201500022308,15,4,9,1745,1,2,6,1,3,83148,M,4342595.0,643859.0,83
201500022309,15,5,28,645,1,1,3,1,3,83086,M,0.0,0.0,83
201500022310,15,7,12,1145,1,1,6,1,6,83004,M,4346154.0,648879.0,83
201500022311,15,7,23,1545,1,1,1,1,4,83004,M,4345078.0,649552.0,83
201500022312,15,7,25,1400,1,1,1,1,1,83134,M,4344890.0,644052.0,83
201500022313,15,8,13,1145,1,1,1,1,6,83004,M,0.0,0.0,83
201500022314,15,9,25,1345,1,1,1,1,1,83004,M,0.0,0.0,83
201500022315,15,10,5,1715,1,2,1,1,4,83086,M,0.0,0.0,83
201500022316,15,2,2,1400,1,1,1,8,2,54432,M,0.0,0.0,54
201500022317,15,3,30,1800,1,1,1,1,3,54196,M,4855300.0,618700.0,54
201500022318,15,6,4,1430,1,1,1,1,3,54513,M,4845700.0,612800.0,54
201500022319,15,6,7,1945,1,1,2,1,3,54196,M,4855180.0,619100.0,54
201500022320,15,6,27,1,3,1,1,1,7,54235,M,4848745.0,601284.0,54
201500022321,15,7,21,2145,1,1,1,1,7,54032,M,0.0,0.0,54
201500022322,15,8,11,1730,1,2,1,1,1,54109,M,4852395.0,615976.0,54
201500022323,15,9,6,1945,2,1,1,1,7,54597,M,4843600.0,616000.0,54
201500022324,15,10,3,815,1,2,9,1,6,54397,M,4860900.0,608800.0,54
201500022325,15,11,6,1915,3,1,1,2,3,54459,M,4859092.0,616837.0,54
201500022326,15,11,11,1830,3,1,1,1,1,54132,M,4851842.0,614102.0,54
201500022327,15,11,26,2015,5,2,1,1,1,54397,M,4802700.0,619200.0,54
201500022328,15,2,24,1815,3,1,1,6,3,05079,M,4495625.0,654774.0,05
201500022329,15,3,3,2115,3,1,1,1,1,05174,M,4491375.0,667371.0,05
201500022330,15,10,11,2145,3,1,1,1,2,05107,M,4486556.0,659980.0,05
201500022331,15,10,11,1615,1,1,1,1,3,05085,M,4492532.0,669023.0,05
201500022332,15,3,18,1900,2,1,1,1,7,55532,M,0.0,0.0,55
201500022333,15,10,27,1800,2,1,1,1,5,55414,M,0.0,0.0,55
201500022334,15,11,9,1800,5,1,1,1,1,55366,M,0.0,0.0,55
201500022335,15,5,24,1630,1,1,1,1,2,67280,M,0.0,0.0,67
201500022336,15,7,13,645,1,2,1,1,6,67022,M,0.0,0.0,67
201500022337,15,9,21,200,3,1,1,1,6,67073,M,0.0,0.0,67
201500022338,15,1,10,1515,1,2,1,1,2,31483,M,4310623.0,72248.0,31
201500022339,15,3,24,1730,1,2,1,2,3,31483,M,4310856.0,71243.0,31
201500022340,15,1,15,1035,1,2,1,1,6,31483,M,4311488.0,73187.0,31
201500022341,15,3,30,1120,1,2,4,1,1,31483,M,4310479.0,72664.0,31
201500022342,15,1,7,1535,1,2,1,1,7,31483,M,4310975.0,72921.0,31
201500022343,15,4,12,1920,1,2,3,1,7,31483,M,4312184.0,72592.0,31
201500022344,15,2,12,1720,1,1,4,1,3,31565,M,4309665.0,70545.0,31
201500022345,15,4,27,1530,1,1,1,1,7,31344,M,,,31
201500022346,15,2,13,1700,1,2,1,1,6,31483,M,4310869.0,71215.0,31
201500022347,15,4,30,1835,1,2,6,1,3,31483,M,4311289.0,72088.0,31
201500022348,15,5,7,1240,1,2,1,1,3,31483,M,4310835.0,71825.0,31
201500022349,15,5,6,1130,1,1,1,1,4,31483,M,4311134.0,74028.0,31
201500022350,15,5,11,1205,1,2,1,1,6,31483,M,4310626.0,72213.0,31
201500022351,15,5,12,1545,1,2,3,1,6,31483,M,4310906.0,72246.0,31
201500022352,15,5,15,1830,1,2,1,1,6,31483,M,4310811.0,72664.0,31
201500022353,15,5,17,130,3,2,1,1,6,31483,M,4311924.0,72102.0,31
201500022354,15,6,1,955,1,2,3,1,2,31483,M,4310930.0,72341.0,31
201500022355,15,6,1,1620,1,2,1,1,6,31483,M,4310928.0,72523.0,31
201500022356,15,6,8,1000,1,2,1,1,3,31483,M,4311121.0,73977.0,31
201500022357,15,6,12,1735,1,2,1,2,6,31483,M,4311162.0,74217.0,31
201500022358,15,7,17,2355,3,2,1,8,7,31483,M,4309864.0,70973.0,31
201500022359,15,7,26,1130,1,2,9,1,2,31483,M,4310383.0,71030.0,31
201500022360,15,7,28,1720,1,1,1,1,6,31483,M,4311050.0,70622.0,31
201500022361,15,7,31,1040,1,1,1,2,6,31483,M,4312131.0,71139.0,31
201500022362,15,8,8,1928,1,2,2,2,3,31483,M,4311536.0,71714.0,31
201500022363,15,8,11,1325,1,2,1,1,6,31483,M,4311058.0,70246.0,31
201500022364,15,8,12,2000,1,1,1,1,7,31565,M,4309433.0,70924.0,31
201500022365,15,8,18,1825,1,1,1,2,7,31483,M,4314367.0,73807.0,31
201500022366,15,8,31,1330,1,2,3,1,2,31483,M,4311511.0,73252.0,31
201500022367,15,9,8,1000,1,2,3,1,2,31483,M,4310796.0,71587.0,31
201500022368,15,9,15,945,1,2,1,1,7,31483,M,4310662.0,72093.0,31
201500022369,15,9,14,1845,1,2,2,2,3,31483,M,4310737.0,72379.0,31
201500022370,15,9,18,1040,1,2,3,1,1,31483,M,4310805.0,70941.0,31
201500022371,15,10,7,1100,1,2,2,1,1,31483,M,4310979.0,73140.0,31
201500022372,15,10,6,1240,1,1,3,1,2,31344,M,4309695.0,78261.0,31
201500022373,15,10,16,900,1,2,3,1,3,31483,M,4311189.0,72226.0,31
201500022374,15,10,19,1830,1,2,1,1,6,31483,M,4311342.0,72153.0,31
201500022375,15,10,24,1500,1,1,1,1,7,31483,M,4309286.0,72400.0,31
201500022376,15,11,2,1215,1,2,1,1,7,31483,M,4311979.0,72577.0,31
201500022377,15,11,6,1215,1,1,1,1,1,31483,M,4312730.0,72445.0,31
201500022378,15,11,9,1020,1,1,1,1,3,31483,M,4310502.0,69674.0,31
201500022379,15,11,18,1545,1,1,3,1,2,31483,M,4310213.0,70500.0,31
201500022380,15,12,3,1015,1,2,1,1,6,31483,M,4311292.0,72592.0,31
201500022381,15,12,9,1620,1,2,3,1,3,31483,M,4310836.0,71671.0,31
201500022382,15,12,11,2025,5,1,1,1,6,31565,M,4309429.0,70944.0,31
201500022383,15,12,16,1855,5,2,1,1,2,31483,M,4309899.0,73228.0,31
201500022384,15,12,17,1500,1,2,1,1,3,31483,M,4310892.0,72228.0,31
201500022385,15,5,28,2015,1,2,1,1,6,69277,M,0.0,0.0,69
201500022386,15,7,13,1915,1,1,6,1,5,69285,M,0.0,0.0,69
201500022387,15,7,20,2045,2,2,7,1,6,69279,M,4579690.0,504874.0,69
201500022388,15,8,4,1845,1,2,1,1,1,69277,M,0.0,0.0,69
201500022389,15,8,28,1330,1,2,1,1,3,69277,M,0.0,0.0,69
201500022390,15,11,9,1600,1,1,1,1,6,69277,M,0.0,0.0,69
201500022391,15,1,2,1600,1,2,6,1,3,31555,M,,,31
201500022392,15,3,18,1945,5,2,1,1,1,31555,M,,,31
201500022393,15,12,31,1000,1,2,1,2,3,31555,M,,,31
201500022394,15,1,3,445,5,2,2,1,6,31555,M,,,31
201500022395,15,3,17,1000,1,2,1,1,1,31555,M,,,31
201500022396,15,12,31,915,1,2,1,1,6,31557,M,4357553.0,132848.0,31
201500022397,15,1,3,1810,3,2,9,9,1,31555,M,,,31
201500022398,15,3,17,830,1,2,1,1,2,31555,M,,,31
201500022399,15,1,6,1612,1,2,1,1,6,31555,M,,,31
201500022400,15,3,19,100,5,2,2,1,3,31555,M,,,31
201500022401,15,1,7,735,2,2,1,1,6,31555,M,,,31
201500022402,15,3,16,1935,5,2,3,1,1,31557,M,4358993.0,136980.0,31
201500022403,15,1,7,1855,5,1,1,1,4,31555,M,4359160.0,139871.0,31
201500022404,15,3,19,950,1,2,1,1,6,31555,M,,,31
201500022405,15,1,8,1025,1,1,1,1,3,31555,M,,,31
201500022406,15,3,19,950,1,2,3,1,6,31555,M,,,31
201500022407,15,1,7,1900,3,2,1,9,6,31149,M,4361697.0,132999.0,31
201500022408,15,3,21,1210,1,2,1,1,3,31555,M,,,31
201500022409,15,1,8,545,4,2,1,5,2,31069,M,4364950.0,136555.0,31
201500022410,15,3,22,700,2,2,1,3,2,31555,M,,,31
201500022411,15,1,8,650,5,1,1,5,6,31555,M,,,31
201500022412,15,3,21,2340,5,2,1,2,6,31555,M,,,31
201500022413,15,1,8,1230,1,2,1,1,3,31069,M,4364367.0,137076.0,31
201500022414,15,3,22,1110,1,1,1,2,7,31555,M,,,31
201500022415,15,1,8,2353,5,2,2,1,3,31555,M,,,31
201500022416,15,3,23,1820,1,2,3,1,3,31555,M,,,31
201500022417,15,1,9,1610,1,2,1,1,3,31555,M,,,31
201500022418,15,3,25,1945,5,2,3,1,3,31555,M,,,31
201500022419,15,1,12,1515,1,1,1,1,2,31555,M,,,31
201500022420,15,3,26,805,1,1,1,1,7,31555,M,,,31
201500022421,15,1,13,950,1,2,1,1,6,31555,M,,,31
201500022422,15,3,26,1805,2,2,1,1,6,31555,M,,,31
201500022423,15,1,13,1725,1,2,1,1,5,31555,M,,,31
201500022424,15,3,27,825,1,1,1,1,3,31555,M,,,31
201500022425,15,1,15,1240,1,2,1,1,1,31555,M,,,31
201500022426,15,3,27,2045,5,2,1,1,3,31555,M,,,31
201500022427,15,1,14,2240,5,2,1,1,6,31555,M,,,31
201500022428,15,3,27,1640,1,2,3,1,6,31555,M,,,31
201500022429,15,1,15,925,1,2,1,1,3,31555,M,,,31
201500022430,15,3,28,1235,1,2,1,1,3,31555,M,,,31
201500022431,15,1,13,1040,1,2,1,1,3,31555,M,,,31
201500022432,15,3,28,1400,1,1,1,1,6,31555,M,,,31
201500022433,15,1,15,820,1,1,1,2,2,31555,M,4357020.0,147757.0,31
201500022434,15,3,28,2205,5,2,1,1,3,31555,M,,,31
201500022435,15,1,15,810,1,2,1,1,2,31555,M,,,31
201500022436,15,3,29,1105,1,2,1,1,1,31555,M,,,31
201500022437,15,1,15,1710,1,2,1,1,2,31555,M,,,31
201500022438,15,3,26,2120,5,2,1,1,2,31557,M,4356251.0,133878.0,31
201500022439,15,1,15,1805,3,1,1,1,2,31555,M,,,31
201500022440,15,3,31,740,1,2,1,1,2,31149,M,,,31
201500022441,15,1,15,1850,5,1,1,1,6,31555,M,,,31
201500022442,15,4,2,815,1,2,1,1,3,31555,M,,,31
201500022443,15,1,17,1600,1,2,1,1,3,31555,M,,,31
201500022444,15,4,2,1550,1,2,1,1,2,31555,M,,,31
201500022445,15,1,18,1255,1,2,1,1,6,31555,M,,,31
201500022446,15,4,2,835,1,2,1,1,1,31555,M,,,31
201500022447,15,1,18,15,5,2,1,2,7,31555,M,,,31
201500022448,15,4,4,815,1,2,1,1,7,31555,M,,,31
201500022449,15,1,19,1435,1,2,1,2,2,31555,M,,,31
201500022450,15,4,4,855,1,2,1,1,6,31555,M,,,31
201500022451,15,1,15,905,1,2,1,1,3,31555,M,,,31
201500022452,15,4,4,1600,1,2,1,1,3,31555,M,,,31
201500022453,15,1,21,550,1,1,1,1,2,31555,M,4358330.0,140358.0,31
201500022454,15,4,4,1950,1,2,1,1,2,31555,M,,,31
201500022455,15,1,20,905,1,2,1,1,2,31555,M,,,31
201500022456,15,4,5,500,5,2,1,1,6,31149,M,4361769.0,131605.0,31
201500022457,15,1,20,1115,1,2,1,1,3,31555,M,,,31
201500022458,15,4,7,1700,1,2,1,1,1,31555,M,,,31
201500022459,15,1,20,1755,5,1,1,1,3,31555,M,4358310.0,140372.0,31
201500022460,15,4,7,1835,1,2,1,1,3,31555,M,,,31
201500022461,15,1,21,720,3,2,1,1,3,31555,M,,,31
201500022462,15,4,8,800,1,1,1,1,3,31555,M,,,31
201500022463,15,1,21,850,1,2,1,1,6,31555,M,,,31
201500022464,15,4,8,935,1,1,1,1,2,31555,M,,,31
201500022465,15,1,21,1140,1,2,1,1,2,31555,M,,,31
201500022466,15,4,7,1145,1,2,1,1,6,31069,M,4363217.0,139883.0,31
201500022467,15,1,21,1805,5,2,1,1,3,31069,M,4364068.0,137945.0,31
201500022468,15,4,7,1925,1,2,1,1,3,31555,M,,,31
201500022469,15,1,21,40,1,2,3,1,3,31555,M,,,31
201500022470,15,4,8,1530,1,2,1,1,2,31149,M,4362591.0,134668.0,31
201500022471,15,1,24,1820,1,2,1,1,7,31069,M,,,31
201500022472,15,4,9,1305,1,2,1,1,6,31555,M,,,31
201500022473,15,1,25,115,1,2,1,1,2,31555,M,,,31
201500022474,15,4,8,1250,1,2,1,1,1,31149,M,4361441.0,130672.0,31
201500022475,15,1,26,745,1,2,1,1,3,31555,M,,,31
201500022476,15,4,9,1425,1,1,1,1,4,31555,M,,,31
201500022477,15,1,26,805,1,2,1,1,1,31555,M,,,31
201500022478,15,4,9,2120,5,2,1,1,6,31555,M,,,31
201500022479,15,1,26,1730,5,1,1,1,3,31555,M,4358380.0,140324.0,31
201500022480,15,4,10,1120,1,2,1,1,2,31555,M,,,31
201500022481,15,1,21,1145,1,2,1,1,1,31555,M,,,31
201500022482,15,4,10,1141,1,2,1,1,6,31555,M,,,31
201500022483,15,1,26,1915,5,2,1,1,3,31149,M,4360395.0,130652.0,31
201500022484,15,4,10,1735,1,2,1,1,3,31555,M,,,31
201500022485,15,1,29,125,5,2,1,1,6,31555,M,,,31
201500022486,15,4,10,950,1,2,1,1,3,31555,M,,,31
201500022487,15,1,30,55,5,2,1,2,1,31555,M,,,31
201500022488,15,4,12,210,5,2,1,1,3,31557,M,4358686.0,134864.0,31
201500022489,15,1,30,230,3,2,1,1,6,31555,M,,,31
201500022490,15,4,12,1230,1,2,1,1,6,31555,M,,,31
201500022491,15,1,29,1150,1,2,1,1,6,31555,M,,,31
201500022492,15,4,12,1430,1,2,3,1,3,31149,M,4361507.0,134625.0,31
201500022493,15,1,30,2015,5,2,1,9,7,31555,M,,,31
201500022494,15,4,13,1545,1,2,1,1,6,31557,M,4358877.0,131133.0,31
201500022495,15,2,1,750,2,2,1,2,7,31555,M,,,31
201500022496,15,4,15,538,5,2,1,1,1,31555,M,,,31
201500022497,15,2,1,936,1,1,1,2,6,31555,M,4362420.0,141792.0,31
201500022498,15,4,15,1043,1,2,1,1,6,31555,M,,,31
201500022499,15,2,1,1315,1,2,1,1,6,31555,M,,,31
201500022500,15,4,15,2030,1,2,3,1,3,31555,M,,,31
201500022501,15,1,29,1836,1,2,1,1,6,31069,M,4363109.0,139508.0,31
201500022502,15,4,15,2030,5,2,1,1,1,31149,M,4360220.0,130151.0,31
201500022503,15,2,2,905,1,2,1,1,7,31555,M,,,31
201500022504,15,4,17,1120,1,2,1,1,3,31069,M,4363222.0,138701.0,31
201500022505,15,2,4,1145,1,2,2,1,3,31555,M,,,31
201500022506,15,4,18,1,5,2,1,1,3,31555,M,,,31
201500022507,15,2,5,1435,1,2,1,1,6,31555,M,,,31
201500022508,15,4,19,2253,5,2,2,1,3,31555,M,,,31
201500022509,15,2,6,1350,1,1,1,4,2,31555,M,4361082.0,137654.0,31
201500022510,15,4,20,625,5,1,1,1,1,31555,M,,,31
201500022511,15,2,7,1230,1,2,1,1,6,31555,M,,,31
201500022512,15,4,17,635,5,2,6,1,7,31557,M,4358460.0,132536.0,31
201500022513,15,2,9,1645,1,2,2,1,6,31555,M,,,31
201500022514,15,4,20,1150,1,2,1,1,6,31555,M,,,31
201500022515,15,2,11,800,1,2,1,1,6,31555,M,,,31
201500022516,15,4,21,1840,1,2,1,1,1,31555,M,,,31
201500022517,15,2,10,1820,2,2,1,1,2,31149,M,4359826.0,135230.0,31
201500022518,15,4,21,1900,1,1,1,1,2,31555,M,4362420.0,141790.0,31
201500022519,15,2,12,925,1,2,1,1,7,31149,M,4359535.0,134383.0,31
201500022520,15,4,22,820,1,2,1,1,3,31555,M,,,31
201500022521,15,2,12,1805,2,2,4,1,3,31069,M,4362964.0,138435.0,31
201500022522,15,4,22,620,5,2,1,1,6,31555,M,,,31
201500022523,15,2,12,1515,1,2,1,1,6,31555,M,,,31
201500022524,15,4,25,1415,1,1,1,1,7,31555,M,,,31
201500022525,15,2,13,1050,1,1,1,1,2,31555,M,,,31
201500022526,15,4,24,530,5,2,1,1,3,31555,M,,,31
201500022527,15,2,15,740,2,2,1,2,6,31555,M,,,31
201500022528,15,4,25,1720,1,1,1,8,7,31555,M,4360660.0,139168.0,31
201500022529,15,2,16,1430,1,2,1,1,3,31555,M,,,31
201500022530,15,4,27,810,1,2,1,1,2,31555,M,,,31
201500022531,15,2,18,1350,1,2,1,1,7,31555,M,,,31
201500022532,15,4,27,2145,5,2,1,2,6,31555,M,,,31
201500022533,15,2,18,1410,1,2,1,1,1,31555,M,,,31
201500022534,15,4,5,1630,1,2,1,1,6,31555,M,,,31
201500022535,15,2,18,2020,5,1,1,1,3,31555,M,4356880.0,141537.0,31
201500022536,15,4,28,1315,1,2,6,1,7,31555,M,,,31
201500022537,15,2,18,1515,1,2,2,1,3,31555,M,,,31
201500022538,15,4,28,1707,1,2,1,1,1,31555,M,,,31
201500022539,15,2,19,925,1,2,3,1,3,31555,M,,,31
201500022540,15,4,28,1750,1,2,1,1,3,31555,M,,,31
201500022541,15,2,15,145,5,2,4,3,3,31555,M,,,31
201500022542,15,4,27,1130,1,2,1,1,2,31555,M,,,31
201500022543,15,2,19,1650,1,2,1,1,6,31149,M,4361030.0,132851.0,31
201500022544,15,4,29,1300,1,2,1,1,7,31555,M,,,31
201500022545,15,2,23,1750,1,2,1,1,5,31555,M,,,31
201500022546,15,4,28,1245,1,1,3,1,3,31555,M,,,31
201500022547,15,2,20,2205,3,2,1,1,3,31555,M,,,31
201500022548,15,4,28,1920,1,2,1,1,1,31555,M,,,31
201500022549,15,2,22,2220,1,2,2,1,3,31555,M,,,31
201500022550,15,4,30,1615,1,2,1,1,3,31555,M,,,31
201500022551,15,2,24,205,5,2,1,1,7,31555,M,,,31
201500022552,15,4,30,1930,1,2,1,1,2,31555,M,,,31
201500022553,15,2,24,1100,1,2,1,2,6,31555,M,,,31
201500022554,15,5,1,1350,1,2,3,2,3,31555,M,,,31
201500022555,15,2,24,1720,1,2,1,1,6,31069,M,4364892.0,137509.0,31
201500022556,15,5,1,1930,1,2,1,1,3,31555,M,,,31
201500022557,15,2,25,1230,1,2,1,3,7,31149,M,4359310.0,134730.0,31
201500022558,15,5,2,1024,1,2,1,1,3,31555,M,,,31
201500022559,15,2,26,745,1,1,1,3,3,31555,M,,,31
201500022560,15,5,2,1300,1,2,3,1,3,31555,M,,,31
201500022561,15,2,26,2315,5,2,1,1,3,31555,M,,,31
201500022562,15,5,3,805,1,2,1,1,2,31555,M,,,31
201500022563,15,2,25,1630,1,2,1,3,3,31149,M,4360858.0,132680.0,31
201500022564,15,4,30,835,1,2,1,1,6,31149,M,4360603.0,130568.0,31
201500022565,15,2,26,1240,1,2,1,1,7,31149,M,4361384.0,134120.0,31
201500022566,15,5,4,1700,1,2,1,1,3,31555,M,,,31
201500022567,15,2,27,800,1,2,1,1,6,31555,M,,,31
201500022568,15,5,4,1825,1,2,3,1,6,31555,M,,,31
201500022569,15,1,27,1420,1,2,1,1,3,31555,M,,,31
201500022570,15,5,4,1633,1,2,1,1,1,31149,M,4361028.0,133361.0,31
201500022571,15,2,27,1420,1,2,1,1,3,31555,M,4355770.0,145316.0,31
201500022572,15,2,28,750,1,1,1,1,7,31555,M,4359170.0,139867.0,31
201500022573,15,5,4,635,2,2,1,1,3,31555,M,,,31
201500022574,15,3,1,5,4,2,1,2,3,31555,M,,,31
201500022575,15,5,6,1705,1,2,1,1,6,31555,M,,,31
201500022576,15,3,3,1200,1,2,1,1,3,31555,M,,,31
201500022577,15,5,6,1525,1,2,1,8,3,31555,M,,,31
201500022578,15,3,3,945,1,2,1,1,1,31555,M,,,31
201500022579,15,5,9,2350,5,2,2,1,3,31555,M,,,31
201500022580,15,3,4,910,1,2,1,3,3,31557,M,4357257.0,134044.0,31
201500022581,15,5,9,1830,1,2,1,1,2,31555,M,,,31
201500022582,15,5,9,2130,1,2,1,1,7,31555,M,,,31
201500022583,15,3,6,1330,1,2,1,1,4,31557,M,4358675.0,134846.0,31
201500022584,15,3,6,840,1,2,1,1,3,31149,M,4361200.0,135227.0,31
201500022585,15,5,7,2110,5,2,1,1,3,31555,M,,,31
201500022586,15,3,6,1420,1,2,3,1,3,31555,M,,,31
201500022587,15,5,10,8,5,2,2,1,3,31555,M,,,31
201500022588,15,2,28,1440,1,2,1,1,4,31557,M,4358607.0,134757.0,31
201500022589,15,5,10,840,1,1,1,1,3,31555,M,,,31
201500022590,15,3,6,300,5,2,1,1,6,31555,M,,,31
201500022591,15,5,9,1205,1,2,3,7,3,31555,M,,,31
201500022592,15,3,7,2215,5,2,1,1,3,31555,M,,,31
201500022593,15,5,6,1630,1,2,1,1,6,31555,M,,,31
201500022594,15,3,7,2230,3,1,1,1,6,31555,M,,,31
201500022595,15,5,7,1840,1,2,1,1,6,31555,M,,,31
201500022596,15,3,8,1635,1,2,1,1,1,31555,M,,,31
201500022597,15,5,12,855,1,2,3,1,3,31555,M,,,31
201500022598,15,3,10,545,5,2,1,1,3,31555,M,,,31
201500022599,15,5,12,908,1,2,3,1,7,31555,M,,,31
201500022600,15,3,10,710,1,2,1,1,3,31555,M,,,31
201500022601,15,5,12,1320,1,2,1,1,3,31555,M,,,31
201500022602,15,3,10,1325,1,2,1,1,2,31555,M,,,31
201500022603,15,5,12,2130,5,2,1,1,3,31555,M,,,31
201500022604,15,3,10,1400,1,2,1,1,2,31069,M,4362557.0,139348.0,31
201500022605,15,5,12,1931,1,2,1,1,1,31069,M,4364676.0,136885.0,31
201500022606,15,3,10,1805,1,2,1,1,3,31555,M,,,31
201500022607,15,5,13,2300,5,2,1,1,2,31555,M,,,31
201500022608,15,3,13,1525,1,2,1,2,6,31555,M,,,31
201500022609,15,5,11,1240,1,1,1,1,2,31557,M,4358500.0,136260.0,31
201500022610,15,3,13,2300,5,2,3,1,3,31555,M,,,31
201500022611,15,5,15,1147,1,2,1,2,2,31555,M,,,31
201500022612,15,3,14,505,1,2,1,1,6,31555,M,,,31
201500022613,15,5,15,720,2,2,2,2,3,31555,M,,,31
201500022614,15,3,6,1930,5,2,1,1,3,31555,M,4361900.0,143639.0,31
201500022615,15,5,17,240,5,1,1,1,7,31555,M,4361010.0,138567.0,31
201500022616,15,5,17,1956,1,2,1,1,2,31069,M,4365139.0,138621.0,31
201500022617,15,5,18,840,1,2,1,1,4,31555,M,,,31
201500022618,15,5,18,1846,1,2,1,1,2,31557,M,4358715.0,134909.0,31
201500022619,15,5,18,915,1,2,3,1,2,31555,M,,,31
201500022620,15,5,7,1730,1,1,1,1,2,31555,M,4356880.0,142121.0,31
201500022621,15,5,19,825,1,1,1,1,7,31555,M,4365140.0,142296.0,31
201500022622,15,5,19,1845,1,2,1,8,6,31555,M,,,31
201500022623,15,5,19,1300,1,1,1,1,2,31069,M,4362160.0,139303.0,31
201500022624,15,5,19,500,1,2,1,8,4,31555,M,,,31
201500022625,15,5,21,1320,1,2,1,1,3,31555,M,,,31
201500022626,15,5,21,1555,1,1,1,1,2,31555,M,4365130.0,142293.0,31
201500022627,15,5,21,2230,5,2,3,1,6,31555,M,,,31
201500022628,15,5,22,340,5,2,1,1,6,31555,M,,,31
201500022629,15,5,23,1840,1,2,1,1,6,31555,M,,,31
201500022630,15,5,23,1845,1,2,1,1,3,31555,M,,,31
201500022631,15,5,26,1245,1,2,1,1,3,31555,M,,,31
201500022632,15,5,26,1000,1,2,1,1,4,31555,M,,,31
201500022633,15,5,26,1320,1,1,1,1,2,31555,M,,,31
201500022634,15,5,26,1815,1,2,1,1,2,31557,M,4357919.0,132626.0,31
201500022635,15,5,27,900,1,2,1,1,2,31555,M,,,31
201500022636,15,5,27,1815,1,2,1,1,6,31555,M,,,31
201500022637,15,5,23,1840,1,2,1,1,3,31555,M,,,31
201500022638,15,5,28,910,1,2,3,1,2,31557,M,4357325.0,134171.0,31
201500022639,15,5,28,830,1,1,1,1,2,31555,M,4363800.0,142101.0,31
201500022640,15,5,28,1215,1,2,1,1,6,31555,M,,,31
201500022641,15,5,29,820,1,2,1,1,3,31555,M,,,31
201500022642,15,5,29,800,1,2,1,1,3,31555,M,,,31
201500022643,15,5,29,1925,1,2,3,2,3,31069,M,4362700.0,139234.0,31
201500022644,15,5,31,1345,1,2,1,1,7,31149,M,4362976.0,134515.0,31
201500022645,15,5,30,1950,1,2,1,1,6,31555,M,,,31
201500022646,15,6,1,905,1,2,1,1,6,31555,M,,,31
201500022647,15,6,1,1710,1,2,1,1,6,31555,M,,,31
201500022648,15,6,1,1940,1,2,1,1,1,31555,M,,,31
201500022649,15,6,3,700,1,2,1,1,2,31555,M,,,31
201500022650,15,6,4,1710,1,2,1,1,6,31555,M,,,31
201500022651,15,6,4,1200,1,2,1,1,2,31555,M,,,31
201500022652,15,6,4,1240,1,2,3,1,3,31555,M,,,31
201500022653,15,6,5,1750,1,2,1,1,4,31555,M,,,31
201500022654,15,6,5,1525,1,1,1,1,5,31555,M,,,31
201500022655,15,6,7,1430,1,2,1,1,7,31555,M,,,31
201500022656,15,6,8,550,1,2,3,1,6,31555,M,,,31
201500022657,15,6,8,805,1,2,2,1,3,31069,M,4364868.0,137229.0,31
201500022658,15,6,8,2220,5,2,1,2,2,31555,M,,,31
201500022659,15,6,9,1755,1,2,1,1,1,31069,M,,,31
201500022660,15,6,9,1620,1,2,1,1,4,31555,M,,,31
201500022661,15,6,10,1925,1,2,1,1,6,31555,M,,,31
201500022662,15,6,11,745,1,2,3,1,6,31555,M,,,31
201500022663,15,6,11,1935,1,2,1,1,3,31555,M,,,31
201500022664,15,6,13,1420,1,2,1,1,2,31555,M,,,31
201500022665,15,6,12,1300,1,1,1,1,4,31149,M,4360607.0,133809.0,31