Num_Acc,an,mois,jour,hrmn,lum,agg,int,atm,col,com,gps,lat,long,dep
201500022666,15,6,12,1145,1,2,1,1,4,31149,M,4360685.0,132802.0,31
201500022667,15,6,12,1715,1,2,1,1,2,31555,M,,,31
201500022668,15,6,14,550,5,2,3,3,3,31555,M,,,31
201500022669,15,6,15,945,1,2,1,1,3,31555,M,,,31
201500022670,15,6,17,1000,1,2,1,1,3,31555,M,,,31
201500022671,15,6,20,2135,5,2,1,1,3,31555,M,,,31
201500022672,15,6,21,1425,1,2,1,1,3,31555,M,,,31
201500022673,15,6,22,1420,1,2,2,1,3,31555,M,,,31
201500022674,15,6,22,1745,1,2,1,1,6,31555,M,,,31
201500022675,15,6,23,1340,1,2,1,1,2,31555,M,,,31
201500022676,15,6,23,1705,1,2,1,1,3,31555,M,,,31
201500022677,15,6,23,1850,1,2,3,1,2,31555,M,,,31
201500022678,15,6,23,1756,1,1,1,1,3,31555,M,4358320.0,140362.0,31
201500022679,15,6,23,1520,1,2,3,1,3,31149,M,4359902.0,129538.0,31
201500022680,15,6,25,330,4,2,1,1,6,31149,M,4359923.0,131519.0,31
201500022681,15,6,25,532,2,2,1,1,6,31555,M,,,31
201500022682,15,6,24,1255,1,2,3,1,3,31149,M,4360372.0,130574.0,31
201500022683,15,6,24,1650,1,2,1,1,7,31149,M,4360861.0,133610.0,31
201500022684,15,6,24,2000,1,2,1,1,6,31555,M,,,31
201500022685,15,6,25,905,1,2,1,1,1,31555,M,,,31
201500022686,15,6,25,1730,1,1,1,1,4,31555,M,4357070.0,143152.0,31
201500022687,15,6,26,1430,1,2,1,1,7,31555,M,,,31
201500022688,15,6,26,920,1,1,1,1,4,31555,M,4365263.0,142432.0,31
201500022689,15,6,25,1745,1,1,1,1,3,31555,M,4356870.0,147987.0,31
201500022690,15,6,29,755,1,2,2,1,3,31069,M,4363483.0,139960.0,31
201500022691,15,6,29,1408,1,2,1,1,6,31069,M,4362487.0,139934.0,31
201500022692,15,6,29,1730,1,2,1,1,6,31555,M,,,31
201500022693,15,6,30,940,1,1,1,1,4,31555,M,4359180.0,139863.0,31
201500022694,15,6,30,845,1,2,3,1,3,31555,M,,,31
201500022695,15,6,30,2130,1,2,1,1,6,31555,M,,,31
201500022696,15,6,30,1115,1,2,1,1,6,31555,M,,,31
201500022697,15,6,30,1400,1,2,1,1,3,31555,M,,,31
201500022698,15,6,30,1555,1,1,1,1,2,31555,M,4360833.0,138875.0,31
201500022699,15,7,2,945,1,2,2,1,6,31555,M,,,31
201500022700,15,7,2,2115,2,2,1,1,3,31555,M,,,31
201500022701,15,7,3,1620,1,2,1,1,6,31555,M,,,31
201500022702,15,7,4,2039,1,2,1,1,3,31555,M,,,31
201500022703,15,7,5,900,1,2,1,1,6,31555,M,,,31
201500022704,15,7,5,617,1,2,1,1,6,31555,M,,,31
201500022705,15,7,2,1915,1,1,1,1,2,31555,M,,,31
201500022706,15,6,6,2115,2,2,3,1,3,31149,M,4361918.0,133538.0,31
201500022707,15,7,6,2115,2,2,3,1,3,31149,M,4361809.0,133417.0,31
201500022708,15,7,7,735,1,2,1,1,3,31555,M,,,31
201500022709,15,7,8,130,5,2,1,1,3,31555,M,,,31
201500022710,15,7,7,1630,1,2,3,1,5,31555,M,,,31
201500022711,15,7,7,1925,1,2,1,1,3,31555,M,,,31
201500022712,15,7,7,1700,1,2,6,1,6,31557,M,4358845.0,135897.0,31
201500022713,15,7,8,1505,1,2,1,1,3,31555,M,,,31
201500022714,15,7,8,1905,1,2,1,1,6,31069,M,4363934.0,138785.0,31
201500022715,15,7,9,1550,1,2,1,1,7,31555,M,,,31
201500022716,15,7,10,430,2,1,1,1,7,31555,M,4360970.0,141371.0,31
201500022717,15,7,10,1900,1,2,1,1,3,31555,M,,,31
201500022718,15,7,12,825,1,2,1,1,1,31555,M,,,31
201500022719,15,7,14,1120,1,2,1,1,6,31555,M,,,31
201500022720,15,7,16,1015,1,2,1,1,6,31555,M,,,31
201500022721,15,7,16,955,1,2,1,1,4,31149,M,,,31
201500022722,15,7,17,1212,1,2,1,1,3,31555,M,,,31
201500022723,15,7,17,1305,1,2,1,1,2,31555,M,,,31
201500022724,15,7,17,1720,1,2,1,1,6,31555,M,,,31
201500022725,15,7,18,1138,1,2,1,1,6,31555,M,,,31
201500022726,15,7,18,1800,1,2,1,1,7,31555,M,,,31
201500022727,15,7,18,1915,1,2,1,1,2,31555,M,,,31
201500022728,15,7,19,315,5,2,2,1,5,31555,M,,,31
201500022729,15,7,17,1905,1,2,3,1,3,31555,M,,,31
201500022730,15,7,20,1415,1,2,1,1,6,31555,M,,,31
201500022731,15,7,20,2050,1,2,1,1,3,31555,M,,,31
201500022732,15,7,22,30,3,2,1,1,6,31555,M,,,31
201500022733,15,7,15,1845,1,2,2,1,6,31555,M,,,31
201500022734,15,7,22,1440,1,2,1,1,6,31555,M,,,31
201500022735,15,7,23,125,5,2,1,1,7,31555,M,,,31
201500022736,15,7,22,1736,1,2,1,1,2,31555,M,,,31
201500022737,15,7,21,1510,1,1,1,1,4,31555,M,4357070.0,143147.0,31
201500022738,15,7,22,1655,1,2,5,1,3,31555,M,,,31
201500022739,15,7,23,1715,1,2,1,1,2,31555,M,,,31
201500022740,15,7,24,2025,2,1,1,2,2,31555,M,,,31
201500022741,15,7,26,545,5,2,3,1,6,31555,M,,,31
201500022742,15,7,25,150,3,2,1,1,3,31555,M,,,31
201500022743,15,7,27,1035,1,2,1,1,6,31555,M,,,31
201500022744,15,7,28,630,1,1,1,1,6,31555,M,,,31
201500022745,15,7,27,1910,1,2,1,1,2,31069,M,4362921.0,138315.0,31
201500022746,15,7,28,1500,1,1,1,1,4,31149,M,4360616.0,133779.0,31
201500022747,15,7,31,710,1,2,1,1,6,31555,M,,,31
201500022748,15,7,31,1300,1,2,1,2,6,31555,M,,,31
201500022749,15,8,1,1805,1,2,1,1,2,31555,M,,,31
201500022750,15,8,2,2350,5,2,1,1,2,31555,M,,,31
201500022751,15,7,31,1525,1,2,2,1,3,31555,M,,,31
201500022752,15,8,4,1545,1,2,1,1,1,31555,M,,,31
201500022753,15,8,5,1755,1,2,1,1,6,31555,M,,,31
201500022754,15,8,6,1210,1,1,1,1,3,31069,M,,,31
201500022755,15,8,6,2215,5,1,1,1,6,31555,M,4357432.0,146904.0,31
201500022756,15,8,7,940,1,2,1,1,3,31555,M,,,31
201500022757,15,8,8,400,3,2,1,2,6,31555,M,,,31
201500022758,15,8,8,2030,2,2,1,2,3,31555,M,,,31
201500022759,15,8,9,1700,1,1,1,3,2,31555,M,4364987.0,142188.0,31
201500022760,15,8,8,1225,1,2,1,3,2,31555,M,,,31
201500022761,15,8,7,1140,1,2,1,1,3,31555,M,,,31
201500022762,15,8,10,1215,1,2,1,1,2,31555,M,,,31
201500022763,15,8,9,800,1,1,1,1,7,31555,M,4362289.0,141758.0,31
201500022764,15,8,13,715,1,2,6,1,3,31555,M,,,31
201500022765,15,8,14,1200,1,2,1,2,6,31555,M,,,31
201500022766,15,8,14,2220,5,2,1,1,6,31555,M,,,31
201500022767,15,8,18,1325,1,2,1,1,2,31555,M,,,31
201500022768,15,8,19,910,1,2,6,1,7,31555,M,,,31
201500022769,15,8,18,855,1,2,3,1,2,31557,M,4356547.0,133707.0,31
201500022770,15,8,19,950,1,2,1,1,7,31555,M,,,31
201500022771,15,8,19,1600,1,2,1,1,2,31555,M,,,31
201500022772,15,8,20,1035,1,2,2,7,3,31555,M,,,31
201500022773,15,8,19,1900,1,1,1,1,7,31555,M,,,31
201500022774,15,8,20,900,1,1,1,1,2,31555,M,4360929.0,141295.0,31
201500022775,15,8,21,20,5,2,1,1,3,31555,M,,,31
201500022776,15,8,21,625,5,2,1,1,7,31555,M,,,31
201500022777,15,8,20,1440,1,2,3,1,3,31149,M,4359701.0,132773.0,31
201500022778,15,8,21,1745,1,2,1,1,3,31555,M,,,31
201500022779,15,8,22,25,5,2,1,1,3,31555,M,,,31
201500022780,15,8,25,1620,1,2,1,1,5,31555,M,,,31
201500022781,15,8,25,1850,1,2,1,7,3,31555,M,,,31
201500022782,15,8,26,1415,1,2,1,1,5,31555,M,,,31
201500022783,15,8,26,2150,5,2,1,1,5,31555,M,,,31
201500022784,15,8,27,1450,1,2,1,1,2,31555,M,,,31
201500022785,15,8,27,1204,1,2,1,1,2,31555,M,,,31
201500022786,15,8,28,1305,1,2,1,1,2,31555,M,,,31
201500022787,15,8,28,1415,1,2,1,1,6,31555,M,,,31
201500022788,15,8,30,150,5,2,1,1,1,31555,M,,,31
201500022789,15,8,30,218,5,2,1,1,6,31555,M,,,31
201500022790,15,8,20,725,1,2,1,1,3,31555,M,,,31
201500022791,15,8,31,1017,1,2,1,1,3,31555,M,,,31
201500022792,15,8,31,1920,2,2,1,1,6,31555,M,,,31
201500022793,15,9,3,800,1,1,1,8,2,31555,M,,,31
201500022794,15,9,3,1505,1,2,1,1,6,31555,M,,,31
201500022795,15,9,4,1555,1,2,1,1,3,31555,M,,,31
201500022796,15,9,6,710,1,1,1,1,7,31555,M,4359150.0,139878.0,31
201500022797,15,9,4,2130,5,2,1,1,3,31555,M,,,31
201500022798,15,9,6,1206,1,2,1,1,2,31555,M,,,31
201500022799,15,9,7,815,1,1,1,1,2,31555,M,4357540.0,144529.0,31
201500022800,15,9,7,930,1,1,1,1,2,31555,M,4364400.0,149810.0,31
201500022801,15,9,8,800,1,1,1,1,3,31555,M,,,31
201500022802,15,9,8,1015,1,1,1,1,3,31555,M,4357331.0,143810.0,31
201500022803,15,9,7,930,1,2,1,1,6,31555,M,,,31
201500022804,15,9,9,1020,1,2,1,1,3,31555,M,,,31
201500022805,15,9,9,1403,1,2,1,1,6,31555,M,,,31
201500022806,15,9,8,10,5,2,1,1,3,31555,M,,,31
201500022807,15,9,10,950,1,2,1,1,3,31555,M,,,31
201500022808,15,9,10,1719,1,1,1,1,4,31555,M,,,31
201500022809,15,9,10,1515,1,2,3,1,3,31149,M,4360863.0,134033.0,31
201500022810,15,9,11,925,1,2,4,1,3,31149,M,4360644.0,133679.0,31
201500022811,15,9,12,1930,1,2,1,1,4,31557,M,4358418.0,134308.0,31
201500022812,15,9,5,1900,1,2,1,1,3,31555,M,,,31
201500022813,15,9,15,30,5,2,1,1,7,31555,M,,,31
201500022814,15,9,10,1740,1,2,1,1,4,31555,M,,,31
201500022815,15,9,14,1845,1,2,3,1,2,31557,M,4356052.0,135720.0,31
201500022816,15,9,11,1115,1,1,1,1,2,31555,M,4358300.0,140376.0,31
201500022817,15,9,14,1939,1,2,1,1,6,31555,M,,,31
201500022818,15,9,15,1430,1,2,1,1,3,31555,M,,,31
201500022819,15,9,15,1645,1,2,1,1,6,31555,M,,,31
201500022820,15,9,15,1700,1,1,1,1,4,31555,M,,,31
201500022821,15,9,16,915,1,1,1,1,5,31555,M,4360280.0,140001.0,31
201500022822,15,9,16,1230,1,2,1,1,3,31555,M,4356584.0,145925.0,31
201500022823,15,9,18,714,2,2,1,1,2,31555,M,,,31
201500022824,15,9,18,850,1,2,1,1,6,31149,M,4361500.0,132859.0,31
201500022825,15,9,18,1150,1,2,1,1,3,31555,M,,,31
201500022826,15,9,19,2215,5,2,1,1,3,31555,M,,,31
201500022827,15,9,20,520,5,2,1,1,6,31555,M,,,31
201500022828,15,9,20,1855,1,2,1,1,3,31555,M,,,31
201500022829,15,9,21,650,1,1,2,1,3,31555,M,,,31
201500022830,15,9,21,713,2,2,1,1,3,31555,M,,,31
201500022831,15,9,21,1910,2,2,1,1,2,31555,M,,,31
201500022832,15,9,18,1930,1,2,1,1,3,31149,M,4359992.0,135332.0,31
201500022833,15,9,22,710,5,2,1,1,3,31555,M,,,31
201500022834,15,9,22,1250,1,2,1,1,2,31555,M,,,31
201500022835,15,9,22,1300,1,2,1,1,3,31555,M,,,31
201500022836,15,9,22,1840,1,2,1,1,3,31555,M,,,31
201500022837,15,9,22,2145,5,2,6,2,3,31555,M,,,31
201500022838,15,9,23,840,1,2,3,1,3,31555,M,,,31
201500022839,15,9,23,830,1,2,1,1,4,31557,M,4356077.0,135027.0,31
201500022840,15,9,22,825,1,1,1,2,2,31555,M,4358280.0,140388.0,31
201500022841,15,9,23,1750,1,1,1,1,3,31555,M,4357560.0,144479.0,31
201500022842,15,9,22,1215,1,2,9,1,3,31069,M,4364992.0,138076.0,31
201500022843,15,9,23,1610,1,2,1,1,4,31555,M,,,31
201500022844,15,9,24,815,1,1,1,1,3,31555,M,4361150.0,138006.0,31
201500022845,15,9,24,1550,1,2,1,1,6,31555,M,,,31
201500022846,15,9,24,1750,1,2,6,1,7,31069,M,4364452.0,136279.0,31
201500022847,15,9,24,1820,1,2,1,1,3,31555,M,,,31
201500022848,15,9,24,2230,5,2,3,1,3,31555,M,,,31
201500022849,15,9,24,1920,2,2,1,1,3,31555,M,,,31
201500022850,15,9,25,745,1,2,2,1,3,31555,M,,,31
201500022851,15,9,25,720,1,1,1,1,4,31555,M,4360900.0,136105.0,31
201500022852,15,9,26,2345,5,2,1,1,3,31555,M,,,31
201500022853,15,9,27,630,2,2,2,1,3,31555,M,,,31
201500022854,15,9,29,725,1,2,1,1,6,31555,M,,,31
201500022855,15,9,29,1805,1,2,6,1,6,31149,M,4360948.0,135154.0,31
201500022856,15,9,30,1730,1,2,1,1,3,31555,M,,,31
201500022857,15,9,19,1030,1,2,1,1,6,31555,M,,,31
201500022858,15,10,1,800,1,1,1,1,1,31555,M,,,31
201500022859,15,10,1,830,1,2,1,1,3,31555,M,,,31
201500022860,15,10,1,1930,1,2,1,1,3,31555,M,,,31
201500022861,15,10,2,715,1,2,1,1,6,31555,M,,,31
201500022862,15,10,2,750,1,2,1,1,3,31555,M,,,31
201500022863,15,10,2,1155,1,2,1,1,6,31555,M,,,31
201500022864,15,10,3,155,5,2,1,1,3,31555,M,,,31
201500022865,15,10,4,610,5,2,1,1,3,31555,M,,,31
201500022866,15,10,4,1400,1,2,1,1,2,31555,M,,,31
201500022867,15,10,2,1200,1,2,1,1,6,31555,M,,,31
201500022868,15,10,5,1030,1,2,1,1,3,31555,M,,,31
201500022869,15,10,5,1745,1,2,1,1,3,31555,M,,,31
201500022870,15,10,6,120,5,2,1,1,6,31555,M,,,31
201500022871,15,10,5,1850,1,2,6,1,6,31557,M,4357612.0,134763.0,31
201500022872,15,10,6,1940,5,2,3,1,1,31149,M,4361265.0,133169.0,31
201500022873,15,10,6,1210,1,2,3,1,3,31149,M,4361017.0,134803.0,31
201500022874,15,10,8,1650,1,2,1,1,3,31149,M,4361265.0,135247.0,31
201500022875,15,10,9,510,5,2,1,1,6,31555,M,,,31
201500022876,15,10,8,1730,1,2,1,1,1,31555,M,,,31
201500022877,15,10,9,1855,2,2,1,1,6,31555,M,,,31
201500022878,15,10,10,1650,1,2,1,1,7,31555,M,,,31
201500022879,15,10,10,1815,1,2,1,1,7,31555,M,,,31
201500022880,15,10,11,555,5,2,1,1,3,31555,M,,,31
201500022881,15,10,11,1135,1,1,1,1,2,31555,M,,,31
201500022882,15,10,10,940,1,2,1,1,6,31555,M,,,31
201500022883,15,10,12,1305,1,2,1,1,3,31555,M,,,31
201500022884,15,10,12,1240,1,2,1,1,5,31149,M,4360445.0,133543.0,31
201500022885,15,10,12,2215,5,2,1,1,6,31555,M,,,31
201500022886,15,10,13,930,1,2,1,2,6,31555,M,,,31
201500022887,15,10,12,1720,1,2,1,1,2,31555,M,,,31
201500022888,15,10,14,734,2,2,1,1,3,31069,M,4363672.0,138395.0,31
201500022889,15,10,13,1350,1,2,1,2,3,31555,M,,,31
201500022890,15,10,13,1850,2,2,1,1,7,31149,M,4360529.0,129073.0,31
201500022891,15,10,15,655,1,2,1,1,3,31555,M,,,31
201500022892,15,10,14,1710,1,2,1,1,2,31555,M,,,31
201500022893,15,10,16,1900,1,2,1,1,3,31555,M,,,31
201500022894,15,10,16,2025,5,2,1,1,4,31555,M,,,31
201500022895,15,10,16,2230,5,2,1,1,6,31555,M,,,31
201500022896,15,10,17,1600,1,2,2,1,3,31555,M,,,31
201500022897,15,10,18,1220,1,2,1,1,2,31555,M,,,31
201500022898,15,10,19,730,2,2,1,1,6,31555,M,,,31
201500022899,15,10,19,800,1,2,6,1,3,31149,M,4360859.0,133628.0,31
201500022900,15,10,17,355,4,1,4,2,7,31555,M,4360578.0,139508.0,31
201500022901,15,10,19,1100,1,2,2,1,6,31555,M,,,31
201500022902,15,10,20,2150,5,2,1,1,3,31555,M,,,31
201500022903,15,10,20,2000,5,2,1,1,3,31149,M,4359505.0,135882.0,31
201500022904,15,10,21,1255,1,2,2,1,6,31555,M,,,31
201500022905,15,10,21,1500,1,1,1,1,4,31555,M,,,31
201500022906,15,10,22,515,5,2,3,1,3,31555,M,,,31
201500022907,15,10,22,1955,5,2,1,1,7,31555,M,,,31
201500022908,15,10,23,715,5,2,2,1,3,31555,M,,,31
201500022909,15,10,23,1450,1,2,1,1,6,31555,M,,,31
201500022910,15,10,23,1750,1,1,1,1,4,31555,M,4361020.0,138548.0,31
201500022911,15,10,23,1930,5,2,1,1,3,31555,M,,,31
201500022912,15,10,27,1813,2,2,1,1,1,31555,M,,,31
201500022913,15,10,27,2000,5,2,2,1,3,31149,M,4361031.0,133956.0,31
201500022914,15,10,28,1511,1,2,1,1,3,31557,M,4358368.0,133830.0,31
201500022915,15,10,28,1100,1,1,1,2,2,31555,M,,,31
201500022916,15,10,28,1450,1,1,1,1,2,31555,M,,,31
201500022917,15,10,28,1410,1,2,1,1,6,31555,M,,,31
201500022918,15,10,28,1615,1,2,1,1,3,31555,M,,,31
201500022919,15,10,28,1700,1,1,1,1,4,31555,M,,,31
201500022920,15,10,30,600,5,2,3,1,1,31555,M,,,31
201500022921,15,10,30,915,1,2,1,1,6,31555,M,,,31
201500022922,15,10,30,1545,1,2,1,1,3,31555,M,,,31
201500022923,15,11,1,910,1,2,1,1,6,31555,M,,,31
201500022924,15,11,1,1433,1,2,1,1,6,31069,M,4364764.0,137270.0,31
201500022925,15,11,1,2130,5,2,1,1,1,31555,M,,,31
201500022926,15,11,2,720,2,2,1,1,3,31555,M,,,31
201500022927,15,11,2,955,1,2,1,1,3,31555,M,,,31
201500022928,15,11,2,1805,5,2,1,1,6,31555,M,,,31
201500022929,15,11,3,855,1,2,1,1,6,31555,M,,,31
201500022930,15,11,3,1605,1,2,2,1,3,31069,M,4363433.0,139130.0,31
201500022931,15,11,3,1920,5,2,1,1,3,31557,M,4358980.0,137175.0,31
201500022932,15,11,4,1455,1,2,3,1,6,31555,M,,,31
201500022933,15,11,4,1530,1,2,1,1,6,31555,M,,,31
201500022934,15,11,5,910,1,1,1,1,3,31555,M,4357640.0,140810.0,31
201500022935,15,11,5,2200,5,2,1,1,3,31555,M,,,31
201500022936,15,11,6,1350,1,2,1,1,6,31555,M,,,31
201500022937,15,11,6,1435,1,2,1,1,6,31555,M,,,31
201500022938,15,11,6,1900,2,2,1,1,1,31069,M,4364440.0,136190.0,31
201500022939,15,11,5,1400,1,2,3,1,3,31149,M,4360797.0,133368.0,31
201500022940,15,11,7,1225,1,1,1,1,3,31555,M,4358730.0,140096.0,31
201500022941,15,11,7,1530,1,2,1,1,7,31149,M,4360378.0,133422.0,31
201500022942,15,11,8,1145,1,2,1,1,6,31555,M,,,31
201500022943,15,11,8,1755,5,2,1,1,3,31555,M,,,31
201500022944,15,11,9,1430,1,2,3,1,3,31555,M,,,31
201500022945,15,11,10,755,1,1,1,1,3,31433,M,,,31
201500022946,15,11,10,510,5,1,1,1,7,31555,M,,,31
201500022947,15,11,10,852,1,1,1,1,4,31555,M,,,31
201500022948,15,11,10,1300,1,1,1,1,6,31555,M,4360480.0,140339.0,31
201500022949,15,11,10,1755,5,1,6,1,1,31555,M,,,31
201500022950,15,11,11,425,5,2,2,1,6,31555,M,,,31
201500022951,15,11,12,1820,5,2,1,1,3,31555,M,,,31
201500022952,15,11,12,710,2,2,3,1,3,31555,M,,,31
201500022953,15,11,16,645,2,1,1,9,7,31555,M,4357120.0,143430.0,31
201500022954,15,11,16,1600,1,2,3,1,3,31149,M,4360948.0,133000.0,31
201500022955,15,11,17,1345,1,2,1,1,6,31555,M,,,31
201500022956,15,11,17,1539,1,2,1,1,6,31555,M,,,31
201500022957,15,11,19,1110,1,2,1,1,3,31555,M,,,31
201500022958,15,11,19,2345,5,2,1,1,2,31555,M,,,31
201500022959,15,11,16,1225,1,1,1,1,4,31555,M,4356840.0,141703.0,31
201500022960,15,11,20,1241,1,1,1,1,4,31555,M,4357465.0,143953.0,31
201500022961,15,11,20,1500,1,1,1,1,2,31555,M,4360970.0,141381.0,31
201500022962,15,11,20,2100,5,2,1,1,2,31555,M,,,31
201500022963,15,11,22,635,5,2,1,1,1,31555,M,,,31
201500022964,15,11,23,845,1,2,1,1,6,31555,M,,,31
201500022965,15,11,23,910,1,1,1,1,4,31555,M,4362784.0,142000.0,31
201500022966,15,11,23,1405,1,2,1,1,6,31555,M,,,31
201500022967,15,11,24,1900,3,1,1,2,2,31555,M,,,31
201500022968,15,11,25,835,3,1,1,3,3,31149,M,4360770.0,135219.0,31
201500022969,15,11,23,853,1,2,1,1,3,31069,M,4362101.0,139055.0,31
201500022970,15,11,25,1320,1,1,1,2,6,31555,M,4365080.0,142246.0,31
201500022971,15,11,23,1530,1,1,1,1,2,31555,M,4357960.0,140600.0,31
201500022972,15,11,27,1136,1,2,1,1,6,31555,M,,,31
201500022973,15,11,26,2040,5,2,1,1,6,31555,M,,,31
201500022974,15,11,27,1650,1,2,1,1,1,31555,M,,,31
201500022975,15,11,27,1830,5,2,1,1,2,31555,M,4360744.0,136916.0,31
201500022976,15,11,28,120,5,2,1,2,6,31555,M,,,31
201500022977,15,11,28,1110,1,1,1,1,3,31555,M,4356325.0,141805.0,31
201500022978,15,11,29,1555,1,2,1,1,3,31555,M,,,31
201500022979,15,11,26,1815,5,1,1,2,4,31555,M,,,31
201500022980,15,11,30,920,1,2,1,1,1,31555,M,,,31
201500022981,15,11,30,1700,1,2,1,1,3,31555,M,,,31
201500022982,15,11,30,1420,1,2,1,1,2,31557,M,4358108.0,133543.0,31
201500022983,15,12,1,1218,1,2,1,1,6,31555,M,,,31
201500022984,15,12,1,850,1,2,1,1,2,31149,M,4362424.0,133295.0,31
201500022985,15,12,2,1255,1,2,1,1,2,31149,M,4360911.0,134516.0,31
201500022986,15,12,2,1550,1,2,1,7,4,31149,M,4360780.0,135247.0,31
201500022987,15,12,2,1945,3,2,1,1,3,31555,M,,,31
201500022988,15,12,2,1545,1,2,3,1,3,31149,M,4360607.0,133476.0,31
201500022989,15,12,2,910,1,2,1,2,3,31555,M,,,31
201500022990,15,12,2,2005,5,2,2,1,6,31555,M,,,31
201500022991,15,12,3,1715,3,2,1,1,3,31555,M,,,31
201500022992,15,12,4,840,1,2,1,1,6,31555,M,,,31
201500022993,15,12,4,820,1,2,3,1,3,31555,M,,,31
201500022994,15,12,3,1725,2,2,1,1,3,31149,M,4361226.0,135235.0,31
201500022995,15,12,4,1300,1,1,1,1,4,31555,M,,,31
201500022996,15,12,4,1310,1,2,1,1,2,31149,M,4360675.0,134966.0,31
201500022997,15,12,4,1720,5,2,1,1,3,31555,M,,,31
201500022998,15,12,4,1750,2,2,1,1,3,31555,M,,,31
201500022999,15,12,5,2100,5,2,1,1,4,31555,M,4360270.0,136630.0,31
201500023000,15,12,6,2030,5,2,1,1,2,31555,M,,,31
201500023001,15,12,5,1840,2,2,1,1,3,31555,M,,,31
201500023002,15,12,7,1415,1,2,1,1,3,31555,M,,,31
201500023003,15,12,8,800,1,2,1,1,3,31555,M,,,31
201500023004,15,12,8,1800,5,2,1,1,3,31555,M,,,31
201500023005,15,12,8,1355,1,2,1,1,3,31555,M,,,31
201500023006,15,12,8,1830,4,1,1,2,2,31555,M,,,31
201500023007,15,12,9,1140,1,2,1,1,3,31555,M,,,31
201500023008,15,12,9,1630,1,2,1,1,6,31555,M,,,31
201500023009,15,12,9,1930,5,2,1,1,6,31555,M,,,31
201500023010,15,12,9,2145,2,2,2,1,3,31069,M,4364462.0,138181.0,31
201500023011,15,12,10,15,5,2,1,1,3,31555,M,,,31
201500023012,15,12,10,1300,1,2,1,1,7,31555,M,,,31
201500023013,15,12,8,1947,3,2,1,1,6,31555,M,,,31
201500023014,15,12,10,15,5,2,1,1,6,31555,M,,,31
201500023015,15,12,11,120,5,2,1,1,2,31555,M,,,31
201500023016,15,12,11,900,1,2,3,1,6,31555,M,,,31
201500023017,15,12,12,2000,3,2,3,1,3,31069,M,4362745.0,139228.0,31
201500023018,15,12,12,2230,5,1,1,1,7,31555,M,,,31
201500023019,15,12,13,545,5,2,1,5,7,31555,M,,,31
201500023020,15,12,14,1515,1,2,1,1,3,31555,M,,,31
201500023021,15,12,15,1700,5,2,1,1,2,31555,M,,,31
201500023022,15,12,15,1745,5,2,1,1,3,31555,M,,,31
201500023023,15,12,17,825,1,1,1,1,3,31555,M,4360040.0,139800.0,31
201500023024,15,12,17,1130,1,2,1,1,4,31555,M,,,31
201500023025,15,12,17,1750,5,2,1,1,1,31555,M,,,31
201500023026,15,12,16,1910,3,1,1,1,4,31555,M,,,31
201500023027,15,12,18,1610,2,2,6,1,3,31149,M,4359830.0,134608.0,31
201500023028,15,12,19,1750,5,2,1,1,2,31555,M,,,31
201500023029,15,12,21,1635,1,2,1,1,2,31555,M,,,31
201500023030,15,12,21,1520,1,2,1,1,3,31555,M,,,31
201500023031,15,12,21,1825,5,2,6,1,6,31149,M,4361327.0,130698.0,31
201500023032,15,12,22,1155,1,2,1,1,4,31555,M,4363710.0,142085.0,31
201500023033,15,12,19,550,5,2,3,1,3,31555,M,,,31
201500023034,15,12,21,1830,5,2,1,1,4,31555,M,4361302.0,138678.0,31
201500023035,15,12,23,2253,5,2,1,1,7,31555,M,,,31
201500023036,15,12,21,1906,5,2,3,1,3,31149,M,4365111.0,137435.0,31
201500023037,15,12,24,1110,1,2,1,1,3,31555,M,,,31
201500023038,15,12,25,2015,5,2,1,1,4,31555,M,,,31
201500023039,15,12,28,1435,1,2,1,1,6,31555,M,,,31
201500023040,15,12,28,1410,1,1,1,1,4,31555,M,,,31
201500023041,15,12,30,803,1,2,3,1,3,31555,M,,,31
201500023042,15,2,26,1845,2,1,1,8,2,10336,M,4837588.0,402218.0,10
201500023043,15,7,15,1930,1,1,1,1,7,68227,M,4810788.0,747193.0,68
201500023044,15,9,27,1445,1,2,2,1,3,68066,M,4808705.0,736808.0,68
201500023045,15,1,5,945,1,1,1,5,5,71305,M,0.0,0.0,71
201500023046,15,3,2,2130,3,1,1,1,2,71270,M,0.0,0.0,71
201500023047,15,4,23,2330,3,1,1,1,5,71105,M,0.0,0.0,71
201500023048,15,5,1,1,3,1,1,2,4,71481,M,0.0,0.0,71
201500023049,15,5,8,845,1,1,1,1,1,71150,M,0.0,0.0,71
201500023050,15,6,18,1415,1,1,1,1,6,71372,M,0.0,0.0,71
201500023051,15,7,3,1315,1,1,1,1,6,71448,M,0.0,0.0,71
201500023052,15,7,17,1130,1,1,1,1,2,71383,M,0.0,0.0,71
201500023053,15,7,20,45,3,1,1,1,2,71105,M,0.0,0.0,71
201500023054,15,10,30,1745,3,1,1,1,6,71150,M,0.0,0.0,71
201500023055,15,6,18,400,3,1,1,1,6,54500,M,4849300.0,590559.0,54
201500023056,15,1,4,1815,3,1,1,1,5,83107,M,0.0,0.0,83
201500023057,15,1,14,645,2,1,1,1,6,83033,M,0.0,0.0,83
201500023058,15,1,20,1345,1,1,1,1,5,83023,M,0.0,0.0,83
201500023059,15,2,1,245,3,1,1,1,6,83004,M,0.0,0.0,83
201500023060,15,2,12,2115,3,1,1,1,5,83031,M,0.0,0.0,83
201500023061,15,3,9,2100,3,1,1,1,4,83073,M,0.0,0.0,83
201500023062,15,3,12,1545,1,1,1,1,6,83100,M,0.0,0.0,83