Num_Acc,an,mois,jour,hrmn,lum,agg,int,atm,col,com,gps,lat,long,dep
201500023063,15,4,19,1930,1,1,1,8,2,83061,M,0.0,0.0,83
201500023064,15,5,8,2145,3,1,1,1,6,83004,M,0.0,0.0,83
201500023065,15,5,11,1545,1,1,1,1,6,83100,M,0.0,0.0,83
201500023066,15,6,5,1230,1,1,1,1,2,83107,M,0.0,0.0,83
201500023067,15,6,19,815,3,1,1,1,6,83033,M,0.0,0.0,83
201500023068,15,6,26,1515,1,1,1,1,6,83023,M,4341976.0,609624.0,83
201500023069,15,7,2,1800,1,1,1,1,2,83057,M,0.0,0.0,83
201500023070,15,7,30,2015,1,1,1,1,2,83033,M,0.0,0.0,83
201500023071,15,8,5,1,3,1,1,1,2,83049,M,0.0,0.0,83
201500023072,15,8,5,1900,1,1,1,1,6,83023,M,0.0,0.0,83
201500023073,15,8,6,1300,1,1,1,1,6,83026,M,0.0,0.0,83
201500023074,15,8,15,1730,1,1,1,1,2,83086,M,0.0,0.0,83
201500023075,15,8,17,2015,1,1,1,1,3,83023,M,0.0,0.0,83
201500023076,15,11,9,1530,1,1,1,1,2,83107,M,0.0,0.0,83
201500023077,15,11,13,730,2,1,1,1,6,83004,M,0.0,0.0,83
201500023078,15,2,8,1500,1,1,1,1,6,28196,M,4828764.0,125875.0,28
201500023079,15,2,22,814,2,1,1,1,7,28161,M,4825574.0,112977.0,28
201500023080,15,2,24,1545,1,1,1,4,3,28219,M,4823412.0,104271.0,28
201500023081,15,3,18,1600,1,1,1,1,7,28252,M,4822701.0,98481.0,28
201500023082,15,4,19,1415,1,1,1,1,7,28018,M,4820432.0,91880.0,28
201500023083,15,5,8,1015,1,1,1,1,6,28104,M,4847473.0,161267.0,28
201500023084,15,5,17,1715,1,1,1,1,7,28388,M,4827023.0,115963.0,28
201500023085,15,7,11,1445,1,1,1,1,6,28139,M,4831930.0,134295.0,28
201500023086,15,7,24,1045,1,1,1,1,6,28173,M,4846422.0,156487.0,28
201500023087,15,7,29,1,3,1,1,2,6,28080,M,0.0,0.0,28
201500023088,15,9,19,1715,1,1,1,1,1,28139,M,4831518.0,132415.0,28
201500023089,15,9,26,845,1,1,1,1,1,28161,M,4826252.0,114178.0,28
201500023090,15,10,13,815,1,1,1,1,6,28398,M,4823816.0,106180.0,28
201500023091,15,12,19,830,1,1,1,1,6,28141,M,4833106.0,138656.0,28
201500023092,15,10,6,1300,1,1,1,1,1,45137,M,4811632.0,219571.0,45
201500023093,15,3,16,545,3,1,1,5,1,44022,M,4703967.0,-112695.0,44
201500023094,15,9,24,2015,3,2,1,1,5,13078,M,0.0,0.0,13
201500023095,15,12,22,1430,1,2,1,1,6,13078,M,0.0,0.0,13
201500023096,15,2,9,2100,3,1,1,1,4,77484,M,0.0,0.0,77
201500023097,15,3,8,2045,3,1,1,1,2,77415,M,4892600.0,302200.0,77
201500023098,15,10,1,1530,1,1,1,1,6,77141,M,0.0,0.0,77
201500023099,15,10,2,1515,1,1,1,1,6,77157,M,0.0,0.0,77
201500023100,15,12,1,1815,3,1,1,1,2,77128,M,0.0,0.0,77
201500023101,15,1,1,1830,3,1,1,5,1,81222,M,0.0,0.0,81
201500023102,15,5,12,1345,1,1,1,1,5,81147,M,0.0,0.0,81
201500023103,15,5,24,400,5,2,1,1,6,81297,M,4392400.0,208400.0,81
201500023104,15,1,29,15,3,1,1,2,1,81036,M,0.0,0.0,81
201500023105,15,4,27,1600,1,1,1,2,6,81005,M,0.0,0.0,81
201500023106,15,5,18,1345,1,1,1,1,3,81005,M,0.0,0.0,81
201500023107,15,8,12,630,2,2,1,1,6,81121,M,0.0,0.0,81
201500023108,15,10,6,1800,1,2,1,1,6,81238,M,0.0,0.0,81
201500023109,15,10,17,1330,1,1,1,1,1,81036,M,0.0,0.0,81
201500023110,15,3,19,850,1,2,1,1,2,32013,M,4363830.0,60106.0,32
201500023111,15,3,25,1610,1,2,1,1,6,32013,M,4363450.0,58296.0,32
201500023112,15,3,31,1525,1,1,1,8,6,32013,M,4366180.0,64636.0,32
201500023113,15,4,7,1645,1,2,1,1,6,32013,M,4364930.0,59760.0,32
201500023114,15,4,27,2145,5,2,2,1,1,32013,M,4363470.0,59594.0,32
201500023115,15,7,2,2115,2,2,1,1,6,32013,M,4363490.0,59598.0,32
201500023116,15,7,10,1830,1,2,3,1,3,32013,M,4363360.0,58828.0,32
201500023117,15,7,13,1830,1,2,1,1,6,32013,M,4363690.0,59563.0,32
201500023118,15,6,11,2340,5,2,3,8,1,32013,M,4364840.0,58107.0,32
201500023119,15,7,21,1715,1,2,1,1,6,32013,M,4364860.0,59030.0,32
201500023120,15,8,16,1600,1,1,1,1,1,32013,M,4366080.0,62874.0,32
201500023121,15,7,30,1700,1,2,1,1,4,32013,M,4364570.0,59127.0,32
201500023122,15,9,2,1920,1,1,3,1,3,32013,M,4364320.0,52713.0,32
201500023123,15,9,8,830,1,1,1,7,1,32013,M,4365390.0,60432.0,32
201500023124,15,9,19,945,1,2,6,1,3,32013,M,4364820.0,59277.0,32
201500023125,15,10,9,1000,1,2,6,7,3,32013,M,4365390.0,61182.0,32
201500023126,15,9,19,1805,1,2,1,1,3,32013,M,4365010.0,59952.0,32
201500023127,15,8,27,1715,1,2,1,7,6,32013,M,4364900.0,58942.0,32
201500023128,15,8,28,1358,1,1,3,1,4,32013,M,4370350.0,61621.0,32
201500023129,15,9,20,1615,1,2,3,1,6,32013,M,4363360.0,58829.0,32
201500023130,15,9,25,1215,1,2,6,1,3,32013,M,4363310.0,58931.0,32
201500023131,15,1,3,835,1,1,1,9,7,32117,M,4366410.0,55592.0,32
201500023132,15,11,2,1950,5,2,1,1,6,32013,M,4364710.0,58413.0,32
201500023133,15,11,4,1355,1,2,1,1,6,32013,M,4364750.0,58869.0,32
201500023134,15,11,17,1300,1,2,6,1,3,32013,M,4364080.0,59615.0,32
201500023135,15,11,25,1525,1,2,2,3,3,32013,M,4366500.0,59231.0,32
201500023136,15,11,25,1955,5,2,1,8,3,32013,M,4364470.0,58743.0,32
201500023137,15,11,27,1750,5,2,1,8,7,32013,M,4364490.0,58755.0,32
201500023138,15,1,18,600,3,1,1,1,6,32013,M,4366580.0,58686.0,32
201500023139,15,1,20,1255,1,1,1,8,6,32013,M,4362970.0,62231.0,32
201500023140,15,2,27,1915,5,2,3,1,3,32013,M,4364700.0,59750.0,32
201500023141,15,3,11,1200,1,2,1,1,6,32013,M,4364700.0,59611.0,32
201500023142,15,3,15,1530,1,2,1,1,6,57177,M,4881184.0,671858.0,57
201500023143,15,3,27,2045,3,1,1,1,1,57629,M,0.0,0.0,57
201500023144,15,5,30,2130,3,1,1,1,6,57723,M,4893300.0,676700.0,57
201500023145,15,9,30,1815,1,1,1,7,7,57469,M,0.0,0.0,57
201500023146,15,1,28,2100,3,1,1,3,6,21171,M,4728085.0,512565.0,21
201500023147,15,2,11,515,3,1,1,1,6,21183,M,4723031.0,527679.0,21
201500023148,15,3,15,1545,1,1,1,1,6,21483,M,4746338.0,518034.0,21
201500023149,15,4,23,1915,1,1,1,1,1,21106,M,4724443.0,509741.0,21
201500023150,15,4,25,1230,1,1,1,2,6,21371,M,4717252.0,534822.0,21
201500023151,15,5,16,1915,1,1,1,1,6,21268,M,4713576.0,537706.0,21
201500023152,15,5,26,400,3,1,1,1,5,21638,M,4753015.0,519910.0,21
201500023153,15,7,3,1700,1,1,1,1,7,21572,M,4711990.0,539186.0,21
201500023154,15,3,12,1045,1,1,1,1,6,76541,M,4952376.0,96621.0,76
201500023155,15,7,20,1830,1,1,1,7,2,76010,M,4964456.0,97211.0,76
201500023156,15,9,7,830,1,1,2,1,3,31454,M,0.0,0.0,31
201500023157,15,11,28,1630,1,2,6,1,6,31547,M,4349348.0,131302.0,31
201500023158,15,11,20,2100,5,2,1,1,1,31113,M,4352041.0,149793.0,31
201500023159,15,12,20,1630,3,1,1,1,4,42294,M,4600700.0,410799.0,42
201500023160,15,5,10,1930,1,2,1,1,1,31410,M,4370554.0,145881.0,31
201500023161,15,10,25,30,3,2,1,1,6,76624,M,4988094.0,121833.0,76
201500023162,15,12,6,1145,1,1,1,1,2,76081,M,4995574.0,119477.0,76
201500023163,15,1,11,1515,1,1,1,1,7,41234,M,4755400.0,112300.0,41
201500023164,15,1,18,1700,1,2,1,1,5,41055,M,4752900.0,124900.0,41
201500023165,15,3,16,1330,1,1,1,1,3,41035,M,4773100.0,127200.0,41
201500023166,15,4,3,1745,1,1,1,2,3,41055,M,4753600.0,127700.0,41
201500023167,15,4,23,1430,1,1,1,1,6,41045,M,4748700.0,122000.0,41
201500023168,15,4,24,1745,1,1,1,1,1,41055,M,4751300.0,122700.0,41
201500023169,15,4,24,1700,1,2,1,1,1,41167,M,4750500.0,119300.0,41
201500023170,15,5,25,1345,1,1,3,1,3,41276,M,4763900.0,132500.0,41
201500023171,15,6,3,1730,1,1,4,1,3,41142,M,4757900.0,123200.0,41
201500023172,15,7,3,1830,1,1,1,1,1,41234,M,4757135.0,112245.0,41
201500023173,15,7,23,1215,1,1,1,1,3,41091,M,4763859.0,128113.0,41
201500023174,15,7,28,1930,1,1,1,3,1,41167,M,4749387.0,120656.0,41
201500023175,15,8,1,630,1,1,1,1,1,41055,M,4751712.0,124997.0,41
201500023176,15,8,11,1945,1,1,1,1,6,41055,M,4750068.0,123625.0,41
201500023177,15,8,20,1945,1,1,1,1,7,41167,M,4752459.0,119223.0,41
201500023178,15,8,23,130,3,1,1,1,7,41167,M,4752505.0,119218.0,41
201500023179,15,9,20,1930,2,2,1,1,7,41230,M,4760559.0,127081.0,41
201500023180,15,12,8,930,1,1,1,1,7,41029,M,4753061.0,127404.0,41
201500023181,15,4,5,1245,1,2,3,1,6,33009,M,4466302.0,-116978.0,33
201500023182,15,4,11,1205,1,1,2,1,1,33529,M,4461772.0,-111469.0,33
201500023183,15,4,27,1515,1,1,3,1,6,33529,M,4459798.0,-113011.0,33
201500023184,15,4,23,1520,1,2,6,1,6,33009,M,4465359.0,-115909.0,33
201500023185,15,4,30,1825,1,1,1,1,1,33529,M,4463728.0,-112626.0,33
201500023186,15,5,20,1210,1,2,2,1,3,33009,M,4465560.0,-116899.0,33
201500023187,15,5,14,1705,1,2,3,1,2,33529,M,4454157.0,-115123.0,33
201500023188,15,5,25,230,4,2,2,1,3,33009,M,4464490.0,-117918.0,33
201500023189,15,6,2,805,1,2,1,1,2,33009,M,4465238.0,-115378.0,33
201500023190,15,5,23,1730,1,2,1,1,3,33529,M,4464351.0,-115454.0,33
201500023191,15,6,8,1210,1,2,1,1,6,33529,M,4461807.0,-113868.0,33
201500023192,15,6,20,1030,1,2,1,1,6,33529,M,4462618.0,-113919.0,33
201500023193,15,6,23,855,1,2,1,1,6,33529,M,4462649.0,-114127.0,33
201500023194,15,6,23,1630,1,1,1,1,6,33529,M,4461833.0,-112555.0,33
201500023195,15,7,12,1500,1,2,1,1,6,33009,M,4464173.0,-120163.0,33
201500023196,15,7,14,910,1,1,6,1,3,33529,M,4461823.0,-112537.0,33
201500023197,15,7,18,810,1,2,6,1,6,33529,M,4462673.0,114158.0,33
201500023198,15,7,23,1700,1,2,2,1,6,33009,M,4466141.0,-117436.0,33
201500023199,15,8,2,1325,1,2,3,7,3,33009,M,4464541.0,-119454.0,33
201500023200,15,8,2,1910,1,1,1,1,1,33529,M,4463836.0,-115589.0,33
201500023201,15,8,6,1720,1,2,1,1,6,33529,M,4462442.0,-120201.0,33
201500023202,15,8,15,1755,1,2,1,1,6,33529,M,4463612.0,-114456.0,33
201500023203,15,8,18,1830,1,2,6,1,3,33009,M,4465772.0,-115857.0,33
201500023204,15,8,5,1720,1,1,1,1,6,33529,M,4455267.0,-123746.0,33
201500023205,15,8,22,1220,1,2,1,1,6,33009,M,4465872.0,-116300.0,33
201500023206,15,8,21,1220,1,2,1,1,6,33009,M,4464713.0,119244.0,33
201500023207,15,8,24,1250,1,2,6,3,2,33529,M,4461569.0,-112668.0,33
201500023208,15,9,4,1610,1,2,2,1,5,33009,M,4465660.0,-116022.0,33
201500023209,15,9,15,1200,1,2,1,1,4,33529,M,4463824.0,-115382.0,33
201500023210,15,10,8,830,1,2,6,1,6,33009,M,4465364.0,-114671.0,33
201500023211,15,10,9,1710,1,2,1,1,2,33529,M,4462103.0,-113183.0,33
201500023212,15,10,13,1345,1,2,1,1,6,33009,M,4465575.0,-115488.0,33
201500023213,15,10,19,1650,1,2,1,1,6,33009,M,4466092.0,-117020.0,33
201500023214,15,10,23,205,3,1,1,1,7,33529,M,4457505.0,-120357.0,33
201500023215,15,10,21,1845,1,2,6,1,3,33529,M,4462672.0,-114415.0,33
201500023216,15,11,8,1930,5,1,1,1,1,33529,M,4461772.0,-111669.0,33
201500023217,15,11,2,930,1,2,2,1,3,33529,M,4462932.0,-114141.0,33
201500023218,15,11,21,1800,3,1,1,3,1,33529,M,4464027.0,-115643.0,33
201500023219,15,11,25,1700,1,1,1,2,1,33529,M,4461724.0,-111407.0,33
201500023220,15,12,4,750,2,2,6,1,3,33529,M,4462671.0,-114153.0,33
201500023221,15,12,5,230,5,2,1,1,6,33009,M,4464609.0,-119268.0,33
201500023222,15,12,17,2030,5,2,2,1,6,33009,M,4466084.0,-118693.0,33
201500023223,15,12,24,955,1,2,1,1,1,33529,M,4463606.0,-114985.0,33
201500023224,15,1,28,1405,1,2,1,2,6,33529,M,4463601.0,-114341.0,33
201500023225,15,3,11,400,5,2,1,1,6,33529,M,4464221.0,-115654.0,33
201500023226,15,3,15,1550,1,1,2,1,3,33529,M,4462670.0,-114154.0,33
201500023227,15,3,15,1230,1,2,1,1,6,33529,M,,,33
201500023228,15,3,29,1245,1,1,1,2,7,74238,M,4624200.0,665200.0,74
201500023229,15,3,24,745,1,2,1,1,3,74188,M,0.0,0.0,74
201500023230,15,6,19,1300,1,1,1,1,1,74295,M,4631800.0,661100.0,74
201500023231,15,9,24,1730,1,1,1,1,1,74030,M,4629300.0,661500.0,74
201500023232,15,3,16,737,1,2,3,1,3,33318,M,4479825.0,-67583.0,33
201500023233,15,3,17,2020,5,2,6,1,6,33318,M,4479460.0,-68232.0,33
201500023234,15,12,28,1215,1,2,2,1,3,33075,M,4488230.0,-62104.0,33
201500023235,15,3,17,1245,1,2,2,1,3,33063,M,4485700.0,-61992.0,33
201500023236,15,3,19,2010,5,2,3,1,6,33063,M,4484020.0,-56065.0,33
201500023237,15,3,19,1105,1,2,3,1,6,33063,M,4483597.0,-57853.0,33
201500023238,15,3,24,1635,1,2,1,2,6,33318,M,4481086.0,-62042.0,33
201500023239,15,3,20,25,5,2,4,1,6,33063,M,4482320.0,-59313.0,33
201500023240,15,12,30,1820,5,2,3,1,1,33069,M,4486660.0,-59582.0,33
201500023241,15,3,18,220,5,1,1,1,6,33063,M,4485080.0,-53792.0,33
201500023242,15,3,16,2210,5,2,3,1,6,33119,M,4486450.0,-51378.0,33
201500023243,15,3,21,1205,1,2,2,1,3,33063,M,4482116.0,-56581.0,33
201500023244,15,3,20,2300,5,2,6,2,6,33063,M,4488790.0,-56006.0,33
201500023245,15,3,21,10,5,2,3,1,3,33063,M,4485320.0,-59384.0,33
201500023246,15,3,18,1100,1,2,1,1,2,33281,M,4484140.0,-64497.0,33
201500023247,15,3,23,755,1,2,1,1,3,33063,M,4482830.0,-56223.0,33
201500023248,15,3,24,1135,1,2,2,1,6,33063,M,4482816.0,-56077.0,33
201500023249,15,3,22,1640,1,2,3,1,6,33550,M,4476190.0,-58196.0,33
201500023250,15,1,1,225,5,2,1,1,6,33063,M,4482830.0,-55028.0,33
201500023251,15,3,22,1915,1,2,6,1,3,33200,M,4489120.0,-67118.0,33
201500023252,15,3,21,1956,5,2,1,3,2,33119,M,4484700.0,-51093.0,33
201500023253,15,3,27,815,1,2,3,1,6,33318,M,4479050.0,-65048.0,33
201500023254,15,3,26,1700,1,2,3,2,6,33063,M,4483550.0,-56908.0,33
201500023255,15,12,31,1744,5,2,2,1,3,33522,M,4479890.0,-58742.0,33
201500023256,15,3,29,2155,5,2,1,1,2,33318,M,4479680.0,-66170.0,33
201500023257,15,12,21,2315,5,2,2,1,3,33075,M,4488020.0,-62764.0,33
201500023258,15,3,19,746,1,2,1,1,6,33167,M,4484580.0,-52293.0,33
201500023259,15,3,20,2200,5,2,2,1,6,33039,M,4480190.0,-55797.0,33
201500023260,15,3,20,940,1,2,3,1,3,33069,M,4486490.0,-60382.0,33
201500023261,15,3,24,1920,5,2,2,1,2,33063,M,4484490.0,-57098.0,33
201500023262,15,3,19,1745,1,2,1,1,3,33522,M,4480041.0,-60566.0,33
201500023263,15,3,27,730,1,2,2,1,6,33063,M,4482470.0,-58496.0,33
201500023264,15,3,28,1830,1,2,1,2,2,33063,M,4482710.0,-59186.0,33
201500023265,15,12,27,9,5,2,2,1,2,33522,M,4481231.0,-58763.0,33
201500023266,15,3,28,2030,4,2,2,2,5,33281,M,4484019.0,-63977.0,33
201500023267,15,3,27,1730,1,2,1,2,2,33063,M,4482200.0,-58418.0,33
201500023268,15,3,27,830,1,2,3,1,3,33063,M,4485240.0,-59240.0,33
201500023269,15,3,27,1915,5,2,2,2,3,33063,M,4484511.0,-62850.0,33
201500023270,15,3,24,925,1,2,3,1,3,33039,M,4481133.0,-54986.0,33
201500023271,15,3,27,1540,1,2,2,1,3,33063,M,4484210.0,-59418.0,33
201500023272,15,3,21,1530,1,2,1,2,6,33522,M,4480670.0,-59249.0,33
201500023273,15,3,25,810,1,2,2,1,6,33281,M,4482650.0,-61934.0,33
201500023274,15,3,30,1400,1,2,3,2,6,33063,M,4486820.0,-57039.0,33
201500023275,15,3,25,750,1,2,6,1,3,33281,M,4484110.0,-65365.0,33
201500023276,15,3,25,1245,1,2,2,1,5,33075,M,4488190.0,-62090.0,33
201500023277,15,3,31,1040,1,2,2,2,3,33063,M,4485530.0,-60926.0,33
201500023278,15,3,24,1800,1,2,1,8,2,33281,M,4481900.0,-65013.0,33
201500023279,15,4,1,2215,5,2,1,1,6,33063,M,4483990.0,-57418.0,33
201500023280,15,4,1,2030,5,2,3,1,6,33063,M,4482816.0,-57236.0,33
201500023281,15,4,1,1300,1,2,3,1,5,33063,M,4483716.0,-58117.0,33
201500023282,15,3,28,945,1,2,6,2,1,33318,M,4478580.0,-64369.0,33
201500023283,15,3,30,824,1,2,6,2,3,33522,M,4480350.0,-58665.0,33
201500023284,15,4,2,1210,1,2,3,1,6,33063,M,4482930.0,-56580.0,33
201500023285,15,4,2,1620,1,2,1,1,6,33063,M,4486530.0,-57730.0,33
201500023286,15,4,4,130,5,2,2,2,3,33063,M,4483630.0,-56606.0,33
201500023287,15,4,1,1835,1,2,3,1,2,33249,M,4487220.0,-51614.0,33
201500023288,15,4,2,715,2,2,1,1,4,33013,M,4486780.0,-49281.0,33
201500023289,15,3,30,1305,1,2,1,2,1,33039,M,4479470.0,-54229.0,33
201500023290,15,4,3,2020,5,2,3,2,3,33063,M,4485047.0,-57203.0,33
201500023291,15,4,3,2110,5,2,2,2,3,33063,M,4482330.0,-57072.0,33
201500023292,15,4,3,1,5,2,1,1,6,33063,M,4483810.0,-58289.0,33
201500023293,15,4,2,1125,1,2,1,1,5,33063,M,4484720.0,-62199.0,33
201500023294,15,4,4,1210,1,2,1,2,6,33063,M,4483983.0,-55956.0,33
201500023295,15,4,3,1630,1,2,6,1,2,33032,M,4490550.0,-51720.0,33
201500023296,15,4,4,1300,1,2,1,1,6,33167,M,4483166.0,-53394.0,33
201500023297,15,4,7,920,1,2,1,1,2,33063,M,4484305.0,-57342.0,33
201500023298,15,4,7,2125,5,2,3,1,6,33063,M,4482920.0,-56013.0,33
201500023299,15,4,3,725,2,1,1,1,2,33065,M,4481170.0,-52195.0,33
201500023300,15,4,7,1630,1,2,1,1,2,33063,M,4482010.0,-56986.0,33
201500023301,15,4,9,1023,1,2,2,1,2,33063,M,4485836.0,-56978.0,33
201500023302,15,4,9,1350,1,2,3,1,6,33063,M,4482530.0,-59281.0,33
201500023303,15,4,9,1200,1,2,1,1,6,33063,M,4484170.0,-55771.0,33
201500023304,15,4,13,855,1,2,2,1,3,33063,M,4483470.0,-58217.0,33
201500023305,15,4,11,1834,1,2,2,1,3,33063,M,4484416.0,-58889.0,33
201500023306,15,4,11,235,5,2,2,1,3,33063,M,4482980.0,-56803.0,33
201500023307,15,4,10,2110,2,2,5,1,3,33063,M,4484208.0,-59417.0,33
201500023308,15,4,10,1210,1,2,3,1,4,33063,M,4485880.0,-58309.0,33
201500023309,15,4,3,1715,1,2,1,1,3,33069,M,4486947.0,-60719.0,33
201500023310,15,4,2,1700,1,2,3,1,6,33192,M,4477566.0,-61142.0,33
201500023311,15,4,11,2147,5,2,1,1,6,33063,M,4483758.0,-56703.0,33
201500023312,15,4,11,2310,3,2,1,1,6,33063,M,4484002.0,-55092.0,33
201500023313,15,4,3,730,1,2,3,1,3,33162,M,4486544.0,-63839.0,33
201500023314,15,4,14,2340,5,2,1,1,6,33063,M,4485820.0,-55853.0,33
201500023315,15,4,6,1650,1,2,6,1,3,33318,M,4478640.0,-66471.0,33
201500023316,15,4,7,1925,1,2,1,1,3,33281,M,4484780.0,-63984.0,33
201500023317,15,4,8,832,1,2,1,1,3,33522,M,4481190.0,-59107.0,33
201500023318,15,4,12,2045,2,2,6,1,7,33013,M,4485450.0,-49892.0,33
201500023319,15,4,8,1729,1,2,6,1,4,33063,M,4487750.0,-56901.0,33
201500023320,15,4,13,1145,1,2,1,1,3,33281,M,4485590.0,-65485.0,33
201500023321,15,4,12,2015,1,2,1,1,6,33063,M,4482875.0,-55678.0,33
201500023322,15,4,9,820,1,2,6,1,6,33318,M,4478320.0,-65255.0,33
201500023323,15,4,13,1130,1,2,1,1,3,33063,M,4482440.0,-59108.0,33
201500023324,15,4,8,840,1,2,3,1,3,33281,M,4485980.0,-64294.0,33
201500023325,15,4,8,835,1,1,3,1,3,33013,M,4486016.0,-49797.0,33
201500023326,15,4,9,755,1,1,1,1,2,33013,M,4486730.0,-47539.0,33
201500023327,15,1,2,340,5,2,4,1,7,33075,M,4488820.0,-59964.0,33
201500023328,15,4,15,815,1,2,2,1,3,33063,M,4481570.0,-55125.0,33
201500023329,15,4,15,1420,1,2,2,1,6,33063,M,4485686.0,-56894.0,33
201500023330,15,4,14,1445,1,2,2,1,3,33281,M,4485740.0,-66018.0,33
201500023331,15,4,14,1540,1,2,3,1,3,33063,M,4483230.0,-57941.0,33
201500023332,15,4,16,1420,1,2,1,1,3,33063,M,4486280.0,-58365.0,33
201500023333,15,4,15,945,1,2,2,1,3,33550,M,4478169.0,-56589.0,33
201500023334,15,4,18,1900,1,2,1,3,3,33063,M,4484630.0,-57718.0,33
201500023335,15,4,18,105,5,2,3,1,3,33063,M,4482560.0,-54724.0,33
201500023336,15,4,16,915,1,2,3,1,1,33063,M,4485910.0,-56574.0,33
201500023337,15,4,18,910,1,2,2,1,1,33550,M,4478170.0,-56605.0,33
201500023338,15,4,5,400,5,2,6,1,6,33318,M,4480300.0,-63866.0,33
201500023339,15,4,11,1045,1,2,4,1,5,33013,M,4486860.0,-50295.0,33
201500023340,15,4,14,1930,1,2,3,1,2,33249,M,4488120.0,-51032.0,33
201500023341,15,4,16,850,1,2,1,1,6,33069,M,4486510.0,-60477.0,33
201500023342,15,4,20,1540,1,2,1,1,2,33063,M,4484460.0,-59913.0,33
201500023343,15,4,15,830,1,2,1,1,3,33063,M,4485750.0,-62112.0,33
201500023344,15,4,16,1350,1,2,2,2,1,33063,M,4485500.0,-58312.0,33
201500023345,15,4,17,1445,1,2,1,1,3,33063,M,4484550.0,-59408.0,33
201500023346,15,4,18,2100,2,2,2,3,3,33063,M,4482750.0,-57584.0,33
201500023347,15,4,19,615,5,2,2,2,6,33063,M,4482470.0,-56386.0,33
201500023348,15,4,25,2140,5,2,2,1,1,33063,M,4485500.0,-57749.0,33
201500023349,15,4,17,950,1,2,2,1,6,33039,M,4479940.0,-56969.0,33
201500023350,15,4,20,1500,1,2,3,1,3,33063,M,4484910.0,-54521.0,33
201500023351,15,4,16,1515,1,2,2,1,1,33200,M,4486490.0,-66462.0,33
201500023352,15,4,20,1455,1,2,4,1,3,33200,M,4488100.0,-68609.0,33
201500023353,15,4,19,2140,5,2,2,1,3,33039,M,4479980.0,-54307.0,33
201500023354,15,4,24,745,1,2,1,1,3,33063,M,4483610.0,-59883.0,33
201500023355,15,4,23,1505,1,2,1,8,3,33063,M,4482760.0,-60191.0,33
201500023356,15,4,27,2030,1,2,1,1,6,33063,M,4483050.0,-59704.0,33
201500023357,15,4,22,805,1,2,3,1,1,33063,M,4481710.0,-56873.0,33
201500023358,15,4,26,250,5,2,3,1,3,33063,M,4486120.0,-55465.0,33
201500023359,15,4,13,1740,1,2,2,1,6,33162,M,4486120.0,-64214.0,33
201500023360,15,4,27,1040,1,2,3,1,3,33063,M,4484220.0,-60370.0,33
201500023361,15,4,10,2115,5,2,1,1,7,33318,M,4478400.0,-63219.0,33
201500023362,15,4,22,1350,1,2,2,1,3,33249,M,4487310.0,-51152.0,33
201500023363,15,4,22,1900,1,2,3,1,1,33281,M,4484160.0,-63965.0,33
201500023364,15,4,23,1920,1,2,3,1,6,33075,M,4488800.0,-61479.0,33
201500023365,15,4,23,1220,1,2,1,2,2,33318,M,4479720.0,-63073.0,33
201500023366,15,4,22,1730,1,2,4,1,3,33281,M,4485800.0,-65749.0,33
201500023367,15,4,24,930,1,2,3,1,3,33200,M,4485940.0,-68464.0,33
201500023368,15,4,27,1915,1,2,3,1,3,33065,M,4481710.0,-52943.0,33
201500023369,15,4,28,750,1,2,4,1,3,33063,M,4481400.0,-56809.0,33
201500023370,15,4,30,925,1,2,1,1,5,33063,M,4483920.0,-61218.0,33
201500023371,15,5,2,1215,1,2,1,2,6,33063,M,4487720.0,-56780.0,33
201500023372,15,4,30,2100,5,2,3,3,7,33063,M,4487410.0,-54600.0,33
201500023373,15,4,26,1025,1,2,2,2,3,33063,M,4483150.0,-55860.0,33
201500023374,15,4,30,1850,1,2,1,1,2,33063,M,4484390.0,-57042.0,33
201500023375,15,5,1,800,1,2,2,3,2,33063,M,4481288.0,-56138.0,33
201500023376,15,4,2,1540,1,2,2,1,6,33063,M,4484197.0,-56017.0,33
201500023377,15,4,24,2105,5,2,1,1,3,33522,M,4480320.0,-59079.0,33
201500023378,15,4,29,1505,1,2,2,1,3,33167,M,4482820.0,-51810.0,33
201500023379,15,4,29,1600,1,2,1,1,3,33281,M,4485710.0,-65804.0,33
201500023380,15,5,5,1825,1,2,3,1,3,33063,M,4482880.0,-56356.0,33
201500023381,15,5,5,755,1,2,1,6,3,33063,M,4483390.0,-57708.0,33
201500023382,15,4,24,1130,1,2,2,1,3,33039,M,4480010.0,-55149.0,33
201500023383,15,5,5,1100,1,2,1,1,1,33192,M,4478440.0,-60869.0,33
201500023384,15,5,4,1615,1,2,1,1,2,33281,M,4484440.0,-63953.0,33
201500023385,15,5,6,1431,1,2,1,1,6,33063,M,4484430.0,-57600.0,33
201500023386,15,5,6,1150,1,2,2,1,6,33063,M,4485240.0,-57422.0,33
201500023387,15,5,2,1430,1,2,1,2,3,33167,M,4484320.0,-50271.0,33
201500023388,15,5,6,1330,1,2,2,1,3,33063,M,4485090.0,-58039.0,33
201500023389,15,5,6,935,1,2,1,1,2,33063,M,4489910.0,-55238.0,33
201500023390,15,4,1,210,5,2,2,1,3,33063,M,4483330.0,-59874.0,33