Num_Acc,an,mois,jour,hrmn,lum,agg,int,atm,col,com,gps,lat,long,dep
201500023391,15,5,11,840,1,2,4,1,3,33013,M,4484260.0,-49942.0,33
201500023392,15,5,5,1220,1,2,3,1,3,33063,M,4481616.0,-57233.0,33
201500023393,15,5,8,1430,1,2,1,1,5,33063,M,4487750.0,-56371.0,33
201500023394,15,5,13,2300,5,2,1,1,6,33063,M,4484230.0,-57968.0,33
201500023395,15,5,9,1840,1,2,2,1,3,33281,M,4484730.0,-65825.0,33
201500023396,15,5,7,2130,5,2,1,1,1,33063,M,4487630.0,-55508.0,33
201500023397,15,5,11,1700,1,2,2,1,3,33281,M,4485080.0,-64627.0,33
201500023398,15,5,5,1330,1,2,3,1,2,33281,M,4482580.0,-62813.0,33
201500023399,15,5,4,850,1,2,2,8,5,33550,M,4476480.0,-57075.0,33
201500023400,15,5,12,1230,1,2,6,1,3,33063,M,4488790.0,-56006.0,33
201500023401,15,5,13,1620,1,2,2,1,3,33063,M,4484210.0,-60287.0,33
201500023402,15,5,14,5,5,2,1,1,6,33063,M,4489777.0,-56725.0,33
201500023403,15,5,12,2250,4,2,1,1,7,33063,M,4488750.0,-56011.0,33
201500023404,15,5,14,30,5,2,1,1,6,33063,M,4485530.0,-60062.0,33
201500023405,15,5,7,725,1,2,6,1,3,33318,M,4478140.0,-65011.0,33
201500023406,15,5,9,1725,1,2,1,1,6,33281,M,4483320.0,-65035.0,33
201500023407,15,5,6,1400,1,2,3,1,1,33281,M,4481930.0,-63470.0,33
201500023408,15,5,7,850,1,2,3,1,3,33075,M,4487390.0,-60925.0,33
201500023409,15,5,7,1720,1,2,1,1,6,33039,M,4478387.0,-56621.0,33
201500023410,15,5,6,940,1,2,3,1,7,33318,M,4482020.0,-61080.0,33
201500023411,15,5,6,1200,1,2,1,1,3,33318,M,4478720.0,-64538.0,33
201500023412,15,5,5,1915,1,2,1,1,3,33281,M,4485420.0,-67724.0,33
201500023413,15,5,7,1730,1,2,3,1,3,33069,M,4486660.0,-59582.0,33
201500023414,15,5,17,138,5,2,1,1,6,33063,M,4484150.0,-56966.0,33
201500023415,15,5,16,320,5,2,1,1,7,33063,M,4482600.0,-58820.0,33
201500023416,15,5,18,550,2,2,1,1,2,33063,M,4486100.0,-56917.0,33
201500023417,15,5,18,1815,1,2,1,1,1,33063,M,4484830.0,-57051.0,33
201500023418,15,5,13,2000,1,2,3,1,3,33281,M,4482840.0,-61943.0,33
201500023419,15,5,18,1600,1,2,1,1,3,33063,M,4483960.0,-60651.0,33
201500023420,15,5,19,2005,2,2,3,1,3,33063,M,4485330.0,-58838.0,33
201500023421,15,5,14,1950,2,2,3,1,3,33032,M,4489080.0,-51627.0,33
201500023422,15,5,21,1,5,2,2,1,6,33063,M,4484700.0,-57608.0,33
201500023423,15,5,19,1735,1,2,3,1,2,33063,M,4484230.0,-58574.0,33
201500023424,15,5,20,920,1,2,6,8,2,33063,M,4482410.0,-54461.0,33
201500023425,15,5,9,240,5,2,1,1,6,33039,M,4480300.0,-55823.0,33
201500023426,15,5,21,300,5,2,2,1,7,33063,M,4483510.0,-57499.0,33
201500023427,15,5,13,1905,1,2,3,1,3,33550,M,4478160.0,-56440.0,33
201500023428,15,5,20,915,1,2,3,1,1,33063,M,4486000.0,-56456.0,33
201500023429,15,5,23,35,5,2,1,1,3,33063,M,4484150.0,-56945.0,33
201500023430,15,5,22,2205,5,2,1,1,6,33063,M,4483730.0,-58130.0,33
201500023431,15,5,21,1645,1,2,3,1,6,33063,M,4483940.0,-58312.0,33
201500023432,15,5,13,1650,1,2,1,1,2,33039,M,4481620.0,-53667.0,33
201500023433,15,5,20,1420,1,2,1,1,6,33119,M,4486160.0,-51987.0,33
201500023434,15,5,22,1540,1,2,1,1,5,33063,M,4483500.0,-57398.0,33
201500023435,15,5,23,1015,1,2,1,1,3,33063,M,4482270.0,-60412.0,33
201500023436,15,5,15,2300,5,2,3,1,3,33522,M,4481822.0,-58481.0,33
201500023437,15,5,20,1800,1,2,1,1,6,33063,M,4482180.0,-56944.0,33
201500023438,15,5,26,915,1,2,3,1,3,33063,M,4485150.0,-59693.0,33
201500023439,15,5,23,1428,1,2,2,1,1,33063,M,4485830.0,-56689.0,33
201500023440,15,5,28,640,1,2,1,1,6,33063,M,4482170.0,-54143.0,33
201500023441,15,5,21,1755,1,2,2,1,3,33063,M,4486090.0,-56317.0,33
201500023442,15,5,26,1635,1,2,2,1,3,33063,M,4482200.0,-57654.0,33
201500023443,15,5,21,732,1,2,2,1,3,33162,M,4487960.0,-62689.0,33
201500023444,15,5,21,1100,1,2,1,1,6,33069,M,4486090.0,-59125.0,33
201500023445,15,5,22,1920,1,2,1,1,1,33032,M,4488800.0,-51710.0,33
201500023446,15,5,24,1040,1,2,3,1,3,33119,M,4484960.0,-53456.0,33
201500023447,15,5,28,1915,1,2,1,1,1,33063,M,4483070.0,-60128.0,33
201500023448,15,5,27,1005,1,2,1,1,3,33063,M,4486170.0,-57086.0,33
201500023449,15,5,27,1950,1,2,1,1,3,33063,M,4484640.0,-59418.0,33
201500023450,15,5,27,700,1,2,3,1,3,33063,M,4485690.0,-56884.0,33
201500023451,15,5,28,830,1,2,3,1,3,33063,M,4481440.0,-57066.0,33
201500023452,15,5,22,1525,1,2,2,1,2,33200,M,4486490.0,-66462.0,33
201500023453,15,5,28,810,1,2,2,1,3,33063,M,4484040.0,-59642.0,33
201500023454,15,5,27,1515,1,2,2,1,3,33063,M,4482920.0,-56831.0,33
201500023455,15,5,21,1055,1,2,2,1,6,33550,M,4477830.0,-53953.0,33
201500023456,15,5,22,2335,5,2,3,1,3,33281,M,4483220.0,-67424.0,33
201500023457,15,5,22,1745,1,2,6,1,2,33249,M,4486450.0,-52049.0,33
201500023458,15,5,22,1330,1,2,2,1,3,33281,M,4483940.0,-63524.0,33
201500023459,15,5,22,1420,1,2,2,1,3,33318,M,4479950.0,-66318.0,33
201500023460,15,5,22,1640,1,2,1,1,6,33281,M,4485170.0,-66314.0,33
201500023461,15,5,27,1650,1,2,3,1,6,33063,M,4485030.0,-56999.0,33
201500023462,15,5,29,1620,1,2,1,1,6,33063,M,4485890.0,-56610.0,33
201500023463,15,5,27,810,1,2,3,1,5,33281,M,4486260.0,-65057.0,33
201500023464,15,5,28,1840,1,2,3,1,3,33281,M,4483460.0,-67167.0,33
201500023465,15,6,1,1040,1,2,2,1,3,33281,M,4484960.0,-65604.0,33
201500023466,15,6,1,1050,1,2,4,1,1,33063,M,4486790.0,-55497.0,33
201500023467,15,5,28,900,1,2,1,1,1,33318,M,4479140.0,-68859.0,33
201500023468,15,5,30,1850,1,2,3,1,6,33318,M,4481380.0,-64954.0,33
201500023469,15,6,2,1445,1,2,1,1,2,33039,M,4481780.0,-54717.0,33
201500023470,15,5,30,1140,1,2,1,1,3,33281,M,4482640.0,-61582.0,33
201500023471,15,5,29,1100,1,2,2,1,3,33063,M,4484830.0,-59764.0,33
201500023472,15,5,31,1705,1,2,2,1,4,33281,M,4482590.0,-63759.0,33
201500023473,15,5,29,1740,1,2,2,1,2,33162,M,4486740.0,-63729.0,33
201500023474,15,6,3,1045,1,2,1,1,2,33063,M,4481350.0,-57317.0,33
201500023475,15,6,4,1545,1,2,1,1,3,33063,M,4482990.0,-60723.0,33
201500023476,15,6,4,820,1,2,1,1,3,33063,M,4485580.0,-62531.0,33
201500023477,15,6,2,2040,2,2,1,1,6,33281,M,4482630.0,-63776.0,33
201500023478,15,6,4,815,1,2,1,1,6,33063,M,4485280.0,-59927.0,33
201500023479,15,6,4,1305,1,2,2,1,3,33063,M,4483750.0,-56966.0,33
201500023480,15,6,6,1425,1,2,2,1,2,33063,M,4487040.0,-56656.0,33
201500023481,15,6,3,1020,1,2,1,1,2,33281,M,4483280.0,-64743.0,33
201500023482,15,6,5,2002,1,2,1,1,3,33063,M,4485540.0,-57104.0,33
201500023483,15,6,4,1445,1,2,2,1,5,33281,M,4484360.0,-67300.0,33
201500023484,15,6,4,2320,5,2,3,1,6,33063,M,4485750.0,-62398.0,33
201500023485,15,6,4,1355,1,2,1,1,2,33063,M,4485400.0,-59282.0,33
201500023486,15,6,4,330,5,2,6,1,6,33075,M,4488450.0,-60360.0,33
201500023487,15,6,6,1902,1,2,1,1,3,33063,M,4484440.0,-57841.0,33
201500023488,15,6,5,1700,1,1,1,1,4,33281,M,4481910.0,-65767.0,33
201500023489,15,6,6,1040,1,2,3,1,3,33063,M,4482280.0,-56580.0,33
201500023490,15,6,5,2035,1,2,2,1,6,33063,M,4484010.0,-58101.0,33
201500023491,15,6,1,1530,1,2,3,1,6,33522,M,4479330.0,-58949.0,33
201500023492,15,6,4,555,2,2,6,1,7,33281,M,4484150.0,-67071.0,33
201500023493,15,1,2,1515,1,2,1,1,3,33281,M,4484770.0,-67868.0,33
201500023494,15,6,5,1859,1,2,1,1,3,33063,M,4487140.0,-56274.0,33
201500023495,15,6,11,525,4,2,1,1,6,33063,M,4487760.0,-54714.0,33
201500023496,15,6,9,1345,1,2,1,1,3,33063,M,4482670.0,-55776.0,33
201500023497,15,6,3,1930,1,2,2,1,3,33063,M,4488310.0,-56962.0,33
201500023498,15,6,10,2055,2,2,2,1,1,33063,M,4482970.0,-57348.0,33
201500023499,15,6,2,830,1,2,3,1,3,33192,M,4476610.0,-61864.0,33
201500023500,15,6,3,1645,1,2,1,1,3,33162,M,4486960.0,-66257.0,33
201500023501,15,5,28,2215,5,2,6,1,2,33249,M,4487580.0,-50170.0,33
201500023502,15,6,5,1725,1,2,6,1,3,33013,M,4484910.0,-49697.0,33
201500023503,15,6,15,815,1,2,1,1,6,33063,M,4481980.0,-56601.0,33
201500023504,15,6,14,2045,1,2,4,1,3,33281,M,4414151.0,-64935.0,33
201500023505,15,6,13,1430,1,2,1,1,4,33063,M,4488010.0,-56789.0,33
201500023506,15,6,7,1657,1,2,1,1,3,33522,M,4480370.0,-57916.0,33
201500023507,15,6,9,1220,1,2,1,1,1,33281,M,4483810.0,-66067.0,33
201500023508,15,6,9,820,1,2,1,1,5,33281,M,4484830.0,-68416.0,33
201500023509,15,6,10,915,1,2,1,3,6,33281,M,4484620.0,-63291.0,33
201500023510,15,6,12,1140,1,2,2,1,6,33063,M,4485500.0,-57749.0,33
201500023511,15,6,12,2109,1,2,3,1,3,33063,M,4482890.0,-56842.0,33
201500023512,15,6,5,1015,1,2,3,1,3,33192,M,4477580.0,-59536.0,33
201500023513,15,6,9,925,1,2,3,1,6,33550,M,4478160.0,-56734.0,33
201500023514,15,6,10,1700,1,2,6,1,6,33192,M,4477100.0,-60047.0,33
201500023515,15,6,11,1443,1,2,1,1,1,33318,M,4479140.0,-67251.0,33
201500023516,15,5,31,1440,1,2,2,1,3,33522,M,4480250.0,-58715.0,33
201500023517,15,6,11,1600,1,2,5,1,3,33522,M,4480667.0,-58616.0,33
201500023518,15,6,12,1700,1,2,1,1,6,33249,M,4487950.0,-49798.0,33
201500023519,15,6,11,2055,1,2,3,2,7,33318,M,4480609.0,-63127.0,33
201500023520,15,6,11,1000,1,2,3,1,6,33075,M,4488190.0,-61011.0,33
201500023521,15,6,11,1935,1,2,2,2,3,33192,M,4477849.0,-60983.0,33
201500023522,15,6,10,1908,1,2,3,1,3,33063,M,4485890.0,-55676.0,33
201500023523,15,6,21,1,5,2,1,1,6,33013,M,4485970.0,-48802.0,33
201500023524,15,6,13,1940,1,2,1,1,6,33069,M,4486760.0,-59066.0,33
201500023525,15,6,15,940,1,2,2,1,6,33039,M,4480745.0,-54889.0,33
201500023526,15,6,12,1010,1,2,2,1,3,33281,M,4481610.0,-63990.0,33
201500023527,15,6,17,1030,1,2,2,1,6,33069,M,4485492.0,-59691.0,33
201500023528,15,6,15,900,1,2,3,1,3,33281,M,4483802.0,-64704.0,33
201500023529,15,6,12,735,1,2,2,8,3,33039,M,4480501.0,-54324.0,33
201500023530,15,6,17,2110,1,2,2,1,7,33063,M,4484004.0,-56893.0,33
201500023531,15,6,17,2345,5,2,4,1,7,33063,M,4484560.0,-59365.0,33
201500023532,15,6,20,908,1,2,3,1,6,33063,M,4481390.0,-57298.0,33
201500023533,15,6,13,1700,1,2,2,1,3,33522,M,4479547.0,-60400.0,33
201500023534,15,6,4,1845,1,2,3,1,3,33281,M,4484035.0,-66687.0,33
201500023535,15,1,3,125,5,2,4,1,6,33318,M,4479930.0,-67060.0,33
201500023536,15,6,18,900,1,2,1,1,6,33063,M,4483396.0,-58964.0,33
201500023537,15,6,18,1835,1,2,1,1,6,33075,M,4489460.0,-58827.0,33
201500023538,15,6,18,202,5,2,2,1,3,33522,M,4481711.0,-59107.0,33
201500023539,15,6,18,1200,1,1,2,1,1,33200,M,4487539.0,-67686.0,33
201500023540,15,6,23,810,1,2,1,1,6,33063,M,4481720.0,-56477.0,33
201500023541,15,6,13,2330,5,2,1,2,6,33249,M,4488379.0,-53033.0,33
201500023542,15,6,23,1400,1,2,2,1,1,33063,M,4483110.0,-57520.0,33
201500023543,15,6,23,1850,1,2,1,1,2,33063,M,4484004.0,-60162.0,33
201500023544,15,6,17,600,2,2,2,1,3,33281,M,4485318.0,-66959.0,33
201500023545,15,6,19,810,1,2,2,2,3,33063,M,4483444.0,-56782.0,33
201500023546,15,6,21,2110,2,2,2,1,3,33550,M,4478260.0,-55871.0,33
201500023547,15,6,28,615,1,2,1,1,6,33063,M,4486062.0,-55605.0,33
201500023548,15,6,26,2329,5,2,3,1,3,33063,M,4483510.0,-55296.0,33
201500023549,15,6,25,1345,1,2,2,1,3,33063,M,4486094.0,-56319.0,33
201500023550,15,6,23,840,1,2,1,1,2,33013,M,4486900.0,-47024.0,33
201500023551,15,6,22,930,1,2,1,1,3,33281,M,4483368.0,-69093.0,33
201500023552,15,6,17,1845,1,2,3,1,1,33192,M,4476741.0,-61328.0,33
201500023553,15,6,22,1740,1,2,3,1,1,33550,M,4477980.0,-53993.0,33
201500023554,15,6,29,1045,1,2,2,1,3,33063,M,4481860.0,-57228.0,33
201500023555,15,6,30,1700,1,2,1,1,3,33063,M,4486909.0,-56827.0,33
201500023556,15,6,27,1950,1,2,1,1,3,33119,M,4485517.0,-53329.0,33
201500023557,15,6,28,2320,5,2,4,1,3,33063,M,4484070.0,-55744.0,33
201500023558,15,6,30,2120,2,2,3,1,6,33063,M,4487404.0,-57489.0,33
201500023559,15,6,30,1100,1,2,1,1,6,33063,M,4484972.0,-57507.0,33
201500023560,15,7,1,900,1,2,3,1,3,33063,M,4485880.0,-62759.0,33
201500023561,15,6,19,1050,1,2,2,1,6,33522,M,4481411.0,-58893.0,33
201500023562,15,6,27,1620,1,2,1,1,3,33281,M,4481280.0,-66475.0,33
201500023563,15,7,1,1700,1,2,1,1,2,33063,M,4491330.0,-56064.0,33
201500023564,15,6,24,2210,5,2,1,1,2,33281,M,4481493.0,-66585.0,33
201500023565,15,7,3,2140,1,2,2,1,3,33063,M,4481350.0,-56469.0,33
201500023566,15,7,1,1215,1,2,1,1,6,33063,M,4485710.0,-56679.0,33
201500023567,15,7,6,1440,1,2,1,1,3,33063,M,4486210.0,-55470.0,33
201500023568,15,6,25,1825,1,2,6,1,3,33069,M,4486350.0,-60634.0,33
201500023569,15,7,4,35,5,2,1,1,6,33063,M,4483730.0,-56452.0,33
201500023570,15,7,2,2215,2,2,2,1,3,33281,M,4483550.0,-68024.0,33
201500023571,15,6,2,700,1,2,1,1,1,33249,M,4488240.0,-50954.0,33
201500023572,15,1,3,1415,1,2,2,1,3,33063,M,4482850.0,-56205.0,33
201500023573,15,7,3,1701,1,2,3,1,3,33063,M,4484990.0,-54427.0,33
201500023574,15,6,26,835,1,2,3,1,3,33318,M,4480010.0,-67672.0,33
201500023575,15,6,26,725,1,2,2,1,3,33318,M,4479965.0,-66861.0,33
201500023576,15,6,25,850,1,2,1,1,6,33192,M,4478460.0,-62489.0,33
201500023577,15,6,24,710,1,2,2,1,1,33039,M,4481136.0,-54909.0,33
201500023578,15,6,26,750,1,2,6,1,3,33162,M,4489001.0,-63750.0,33
201500023579,15,7,3,925,1,2,1,1,6,33281,M,4482840.0,-65900.0,33
201500023580,15,6,29,1930,1,2,4,1,3,33162,M,4488507.0,-63656.0,33
201500023581,15,7,1,1130,1,2,6,1,3,33281,M,4481740.0,-67143.0,33
201500023582,15,6,27,5,5,2,1,1,2,33318,M,4478320.0,-64625.0,33
201500023583,15,6,30,1210,1,2,1,1,2,33281,M,4484890.0,-67916.0,33
201500023584,15,7,5,1800,1,2,2,1,3,33281,M,4484638.0,-63409.0,33
201500023585,15,7,2,1350,1,2,1,1,2,33119,M,4485720.0,-53207.0,33
201500023586,15,7,6,800,1,2,3,7,3,33318,M,4481710.0,-60592.0,33
201500023587,15,7,13,1855,1,2,2,1,3,33063,M,4483560.0,-56556.0,33
201500023588,15,7,12,1930,1,2,3,1,3,33063,M,4483540.0,-56919.0,33
201500023589,15,6,29,1550,1,2,1,1,6,33192,M,4478480.0,-60594.0,33
201500023590,15,7,8,2035,1,2,2,1,3,33281,M,4484188.0,-66387.0,33
201500023591,15,7,9,840,1,2,6,1,2,33281,M,4484920.0,-66636.0,33
201500023592,15,7,12,1020,1,2,2,1,3,33063,M,4485507.0,-57448.0,33
201500023593,15,7,8,1625,1,2,1,1,1,33281,M,4483420.0,-63777.0,33
201500023594,15,7,15,1550,1,2,1,1,2,33063,M,4488880.0,-56770.0,33
201500023595,15,7,15,1345,1,2,1,1,3,33063,M,4485740.0,-58651.0,33
201500023596,15,7,16,245,5,2,1,1,6,33063,M,4483567.0,-56740.0,33
201500023597,15,7,11,1920,1,2,6,1,1,33318,M,4480060.0,-68564.0,33
201500023598,15,7,9,1850,1,2,3,1,3,33192,M,4478170.0,-60798.0,33
201500023599,15,7,9,2050,1,2,1,1,2,33281,M,4485353.0,-67397.0,33
201500023600,15,7,6,1030,1,2,1,1,4,33119,M,4485810.0,-53090.0,33
201500023601,15,7,7,1700,1,2,7,1,6,33063,M,4483860.0,-57744.0,33
201500023602,15,7,7,2150,5,2,2,1,3,33063,M,4483630.0,-58099.0,33
201500023603,15,7,7,750,1,2,3,1,3,33069,M,4485960.0,-60787.0,33
201500023604,15,7,8,1630,1,2,3,1,2,33063,M,4487172.0,-56202.0,33
201500023605,15,7,8,1915,1,2,2,1,3,33192,M,4477430.0,-61279.0,33
201500023606,15,7,7,915,1,2,6,1,3,33063,M,4486070.0,-57530.0,33
201500023607,15,7,9,1705,1,2,2,1,3,33063,M,4485690.0,-59110.0,33
201500023608,15,7,8,727,1,2,2,1,3,33063,M,4483200.0,-56573.0,33
201500023609,15,7,10,1025,1,2,1,1,6,33063,M,4482630.0,-60002.0,33
201500023610,15,6,19,945,1,2,2,1,6,33281,M,4482651.0,-66389.0,33
201500023611,15,7,15,940,1,2,3,1,6,33167,M,4484060.0,-50748.0,33
201500023612,15,7,15,1820,1,2,2,1,3,33063,M,4483087.0,-57572.0,33
201500023613,15,7,9,1436,1,2,2,1,1,33063,M,4482843.0,-56207.0,33
201500023614,15,7,10,210,5,2,1,1,6,33063,M,4484810.0,-57082.0,33
201500023615,15,7,9,1955,1,2,2,1,3,33249,M,4486510.0,-52197.0,33
201500023616,15,7,11,1240,1,2,2,1,3,33075,M,4487430.0,-61849.0,33
201500023617,15,7,11,1500,1,2,2,1,3,33281,M,4480240.0,-70140.0,33
201500023618,15,7,17,1130,1,2,3,1,3,33063,M,4484040.0,-56171.0,33
201500023619,15,7,11,1118,1,2,3,1,2,33063,M,4484220.0,-54250.0,33
201500023620,15,7,11,2050,1,2,3,1,3,33281,M,4483350.0,-66607.0,33
201500023621,15,7,17,1340,1,2,1,1,5,33063,M,4485430.0,-56544.0,33
201500023622,15,7,18,1110,1,2,3,1,3,33063,M,4484930.0,-58434.0,33
201500023623,15,7,20,525,5,2,2,1,3,33063,M,4483450.0,-58559.0,33
201500023624,15,7,21,1145,1,2,2,1,2,33063,M,4484580.0,-61331.0,33
201500023625,15,7,8,2340,5,2,2,1,3,33039,M,4478760.0,-56657.0,33
201500023626,15,7,19,1520,1,2,2,1,3,33522,M,4481268.0,-57390.0,33
201500023627,15,7,19,700,2,2,1,1,6,33063,M,4482520.0,-54631.0,33
201500023628,15,7,20,830,1,2,5,1,6,33063,M,4486290.0,-56044.0,33
201500023629,15,7,17,1800,1,2,4,1,3,33318,M,4480860.0,-62813.0,33
201500023630,15,7,17,1249,1,2,3,1,3,33063,M,4483143.0,-57517.0,33
201500023631,15,7,16,905,1,2,1,1,1,33281,M,4481330.0,-71846.0,33
201500023632,15,7,16,724,1,2,3,1,5,33192,M,4478390.0,-60661.0,33
201500023633,15,7,24,1940,1,2,1,1,1,33063,M,4483220.0,-55419.0,33
201500023634,15,7,16,1130,1,2,1,1,1,33550,M,4475740.0,-57416.0,33
201500023635,15,7,21,1830,1,2,2,1,3,33281,M,4481740.0,-66588.0,33
201500023636,15,7,19,145,5,2,1,1,6,33039,M,4480480.0,-55880.0,33
201500023637,15,7,18,1848,1,2,6,1,2,33550,M,4477860.0,-57031.0,33
201500023638,15,7,27,2107,2,2,2,1,3,33550,M,4478210.0,-54037.0,33
201500023639,15,7,26,1040,1,2,1,1,3,33063,M,4485570.0,-58434.0,33
201500023640,15,7,26,1655,1,2,2,1,3,33063,M,4485830.0,-56689.0,33
201500023641,15,7,27,810,1,2,2,1,3,33318,M,4480670.0,-64616.0,33
201500023642,15,7,21,750,2,2,6,1,3,33069,M,4487030.0,-59263.0,33
201500023643,15,7,24,1700,1,2,2,1,3,33063,M,4483450.0,-58554.0,33
201500023644,15,7,23,730,1,2,3,1,2,33063,M,4484630.0,-63130.0,33
201500023645,15,7,26,930,1,2,3,1,3,33063,M,4486600.0,-56115.0,33
201500023646,15,7,28,1654,1,2,1,1,6,33063,M,4484210.0,-57582.0,33
201500023647,15,7,23,1850,1,2,3,1,3,33281,M,4485340.0,-67204.0,33
201500023648,15,7,28,1540,1,2,2,1,3,33063,M,4485920.0,-58940.0,33
201500023649,15,7,28,1115,1,2,3,1,3,33063,M,4485602.0,-57010.0,33
201500023650,15,7,28,135,5,2,1,1,7,33063,M,4482420.0,-58744.0,33
201500023651,15,7,22,1900,1,2,3,1,3,33522,M,4478973.0,-58711.0,33
201500023652,15,7,21,1810,1,2,1,1,2,33318,M,4478630.0,-64428.0,33
201500023653,15,7,28,830,1,2,3,1,2,33167,M,4484750.0,-50771.0,33
201500023654,15,7,19,930,1,2,3,1,6,33167,M,4484750.0,-50771.0,33
201500023655,15,7,18,1000,1,2,3,1,3,33069,M,4485480.0,-59957.0,33
201500023656,15,7,24,645,2,2,6,1,3,33281,M,4484660.0,-71939.0,33
201500023657,15,7,29,2045,1,2,7,1,7,33281,M,4482520.0,-66297.0,33
201500023658,15,7,31,1435,1,2,2,1,6,33063,M,4485820.0,-58434.0,33
201500023659,15,8,2,1015,1,2,2,1,3,33063,M,4483920.0,-61194.0,33
201500023660,15,8,3,1,5,2,2,1,3,33063,M,4481330.0,-55550.0,33
201500023661,15,8,4,1320,1,2,3,1,3,33063,M,4485252.0,-62931.0,33
201500023662,15,7,27,1750,1,2,3,1,5,33281,M,4483277.0,-64716.0,33
201500023663,15,8,4,955,1,2,4,2,3,33069,M,4486290.0,-58455.0,33
201500023664,15,8,4,1205,1,2,1,1,2,33063,M,4487130.0,-57617.0,33
201500023665,15,8,5,850,1,2,1,1,3,33063,M,4482910.0,-55844.0,33
201500023666,15,8,6,845,1,2,3,1,6,33063,M,4483430.0,-58856.0,33
201500023667,15,8,6,115,5,2,3,1,3,33063,M,4483330.0,-60175.0,33
201500023668,15,7,28,1820,1,2,1,1,2,33063,M,4484390.0,-55371.0,33
201500023669,15,7,31,1720,1,2,1,1,6,33318,M,4475880.0,-73403.0,33
201500023670,15,8,6,2300,5,2,6,1,7,33069,M,4487070.0,-61336.0,33
201500023671,15,8,6,2100,5,2,3,1,2,33069,M,4486460.0,-60430.0,33
201500023672,15,8,7,2255,5,2,3,1,7,33063,M,4483832.0,-60759.0,33
201500023673,15,8,10,1620,1,1,3,1,2,33063,M,4482113.0,-57241.0,33
201500023674,15,7,5,1300,1,2,1,1,1,33063,M,4482710.0,-56917.0,33
201500023675,15,7,7,2305,5,2,1,1,7,33522,M,4479960.0,-60594.0,33
201500023676,15,8,10,1534,1,2,1,1,6,33063,M,4484400.0,-57405.0,33
201500023677,15,8,4,1220,1,2,3,1,2,33069,M,4486640.0,-60609.0,33
201500023678,15,8,8,1700,1,2,1,1,3,33065,M,4482020.0,-51095.0,33
201500023679,15,8,11,1925,1,2,3,1,6,33063,M,4481190.0,-57375.0,33
201500023680,15,8,9,1950,1,2,3,1,3,33318,M,4479555.0,-64248.0,33
201500023681,15,8,9,220,5,1,1,2,3,33249,M,4487920.0,-50634.0,33
201500023682,15,8,12,1700,1,2,5,1,3,33063,M,4485505.0,-57735.0,33
201500023683,15,8,13,1740,1,2,2,1,3,33063,M,4486034.0,-55408.0,33
201500023684,15,8,14,1030,1,2,1,2,1,33063,M,4488440.0,-57157.0,33
201500023685,15,8,14,940,1,2,2,3,3,33063,M,4482140.0,-57815.0,33
201500023686,15,8,17,1140,1,2,2,1,6,33063,M,4483430.0,-58856.0,33
201500023687,15,8,17,1600,1,2,3,1,3,33063,M,4485980.0,-54341.0,33
201500023688,15,8,12,1155,1,2,1,1,3,33200,M,4489530.0,-66929.0,33
201500023689,15,8,18,1725,1,2,1,1,6,33063,M,4484000.0,-55958.0,33
201500023690,15,8,18,1400,1,2,3,1,2,33063,M,4485320.0,-59384.0,33
201500023691,15,7,20,2240,5,2,3,1,6,33063,M,4484930.0,-54536.0,33
201500023692,15,8,19,620,5,2,3,1,3,33063,M,4483230.0,-57941.0,33
201500023693,15,8,12,1450,1,2,1,1,4,33550,M,4477982.0,-56984.0,33
201500023694,15,8,20,440,5,2,1,1,1,33318,M,4480147.0,-68791.0,33
201500023695,15,8,21,125,5,2,3,1,6,33063,M,4482930.0,-55490.0,33
201500023696,15,8,21,110,5,2,3,1,3,33063,M,4482330.0,-57256.0,33
201500023697,15,8,13,1725,1,2,3,1,3,33318,M,4480247.0,-64467.0,33
201500023698,15,8,20,1920,1,2,2,1,3,33063,M,4481457.0,-56693.0,33
201500023699,15,8,18,1914,2,2,1,1,6,33522,M,4479820.0,-60012.0,33
201500023700,15,8,23,110,5,2,4,3,6,33063,M,4483330.0,-59196.0,33
201500023701,15,8,23,425,5,2,1,2,6,33063,M,4483060.0,-55608.0,33
201500023702,15,8,24,1320,1,2,3,1,6,33063,M,4482820.0,-56077.0,33
201500023703,15,8,24,2330,5,2,2,1,3,33063,M,4486050.0,-55383.0,33
201500023704,15,8,24,722,1,2,3,1,3,33063,M,4483000.0,-60294.0,33
201500023705,15,8,25,1420,1,2,1,1,3,33063,M,4484026.0,-62086.0,33
201500023706,15,8,21,753,1,1,1,1,3,33069,M,4485490.0,-59506.0,33
201500023707,15,8,21,2135,5,2,6,1,6,33318,M,4479460.0,-68232.0,33
201500023708,15,8,25,1545,1,2,3,1,1,33318,M,4481400.0,-63521.0,33
201500023709,15,8,25,1320,1,2,1,1,3,33281,M,4483010.0,-65959.0,33
201500023710,15,8,31,1725,1,2,1,1,6,33063,M,4487055.0,-56485.0,33
201500023711,15,8,30,1920,1,2,1,1,3,33063,M,4487751.0,-57609.0,33
201500023712,15,8,31,1315,1,2,2,1,6,33063,M,4483496.0,-57333.0,33
201500023713,15,9,1,1815,1,2,2,1,2,33063,M,4485370.0,-55357.0,33
201500023714,15,8,27,1736,1,2,1,1,6,33167,M,4484560.0,-51063.0,33
201500023715,15,8,27,1450,1,2,1,1,2,33013,M,4485710.0,-49415.0,33