Num_Acc,an,mois,jour,hrmn,lum,agg,int,atm,col,com,gps,lat,long,dep
201500023716,15,8,31,1705,1,2,1,1,3,33522,M,4479620.0,-59333.0,33
201500023717,15,8,28,825,1,2,3,1,3,33063,M,4483450.0,-60355.0,33
201500023718,15,8,25,1218,1,2,1,2,2,33069,M,4487050.0,-61281.0,33
201500023719,15,8,26,1850,1,2,1,1,1,33318,M,4476260.0,-72776.0,33
201500023720,15,8,28,1640,1,2,1,1,4,33063,M,4482230.0,-54672.0,33
201500023721,15,9,3,1840,1,2,6,1,6,33249,M,4486790.0,-52364.0,33
201500023722,15,9,6,1540,1,2,1,1,3,33063,M,4483130.0,-58961.0,33
201500023723,15,9,3,1630,1,2,1,1,6,33063,M,4483200.0,-55932.0,33
201500023724,15,9,1,710,1,2,2,1,3,33522,M,4480679.0,-59175.0,33
201500023725,15,8,29,1645,1,2,3,7,3,33063,M,4486580.0,-62242.0,33
201500023726,15,9,2,900,1,2,2,1,3,33063,M,4485273.0,-59049.0,33
201500023727,15,9,4,1810,1,2,4,1,6,33063,M,4484296.0,-57931.0,33
201500023728,15,9,4,805,1,2,1,1,6,33063,M,4487963.0,-57329.0,33
201500023729,15,8,28,2030,1,2,1,1,6,33318,M,4480280.0,-68902.0,33
201500023730,15,9,6,1030,1,2,1,1,2,33063,M,4482810.0,-59355.0,33
201500023731,15,8,28,1215,1,2,1,1,2,33039,M,4479462.0,-56775.0,33
201500023732,15,9,7,1350,1,2,2,1,1,33063,M,4482680.0,-56753.0,33
201500023733,15,8,28,815,1,2,3,1,1,33550,M,4478228.0,-56614.0,33
201500023734,15,9,6,1515,1,2,1,1,2,33063,M,4484893.0,-56258.0,33
201500023735,15,9,2,1235,1,2,2,1,6,33281,M,4485660.0,-65327.0,33
201500023736,15,9,2,1710,1,2,1,1,2,33318,M,4478010.0,-69571.0,33
201500023737,15,9,3,1410,1,2,2,1,1,33013,M,4485000.0,-49457.0,33
201500023738,15,9,8,1220,1,2,3,1,3,33063,M,4487640.0,-55998.0,33
201500023739,15,1,5,800,2,2,6,5,2,33167,M,4484150.0,-49655.0,33
201500023740,15,9,8,1300,1,2,2,1,3,33063,M,4483640.0,-58102.0,33
201500023741,15,9,7,1645,1,2,6,1,6,33249,M,4487792.0,-51088.0,33
201500023742,15,9,8,1215,1,2,1,1,1,33063,M,4483004.0,-58080.0,33
201500023743,15,9,8,905,1,2,2,1,1,33063,M,4483330.0,-58354.0,33
201500023744,15,9,4,1430,1,2,1,1,3,33318,M,4480100.0,-63622.0,33
201500023745,15,9,7,1125,1,2,3,1,3,33063,M,4484624.0,-56475.0,33
201500023746,15,9,3,1625,1,2,6,1,3,33281,M,4483460.0,-67167.0,33
201500023747,15,9,4,800,1,2,3,1,3,33162,M,4488500.0,-63649.0,33
201500023748,15,9,8,815,1,2,1,1,6,33281,M,4482870.0,-66579.0,33
201500023749,15,9,9,1210,1,2,3,1,3,33281,M,4485190.0,-63710.0,33
201500023750,15,9,11,1230,1,2,1,1,4,33063,M,4482720.0,-59443.0,33
201500023751,15,9,11,840,1,2,1,1,2,33063,M,4481380.0,-56671.0,33
201500023752,15,9,16,815,1,2,1,1,2,33063,M,4485049.0,-59604.0,33
201500023753,15,9,15,1908,1,2,1,1,6,33063,M,4483605.0,-60929.0,33
201500023754,15,9,14,110,5,2,1,2,7,33063,M,4485470.0,-58466.0,33
201500023755,15,9,14,1105,1,2,1,1,2,33063,M,4482646.0,-59087.0,33
201500023756,15,9,15,1750,1,2,2,1,1,33063,M,4483088.0,-57573.0,33
201500023757,15,9,15,720,2,2,2,1,6,33063,M,4482240.0,-56219.0,33
201500023758,15,9,7,1815,1,2,1,1,6,33522,M,4482080.0,-58732.0,33
201500023759,15,9,9,1755,1,2,1,1,2,33192,M,4477560.0,-60398.0,33
201500023760,15,9,9,1700,1,2,1,1,3,33119,M,4486190.0,-52046.0,33
201500023761,15,9,13,718,5,2,6,1,6,33063,M,4482610.0,-55242.0,33
201500023762,15,9,20,1815,1,2,1,1,6,33063,M,4487688.0,-54447.0,33
201500023763,15,9,20,805,1,2,1,1,2,33063,M,4481920.0,-57234.0,33
201500023764,15,9,13,1500,1,2,1,1,2,33192,M,4478440.0,-60868.0,33
201500023765,15,9,14,1705,1,2,3,1,6,33119,M,4485901.0,-51520.0,33
201500023766,15,9,8,1050,1,2,2,1,1,33192,M,4477460.0,-59722.0,33
201500023767,15,9,9,930,1,2,2,1,3,33522,M,4482187.0,-59395.0,33
201500023768,15,9,9,2010,1,2,2,1,3,33069,M,4487057.0,-59827.0,33
201500023769,15,9,9,1715,1,2,2,1,1,33192,M,4477598.0,-62156.0,33
201500023770,15,9,10,815,1,2,6,1,6,33550,M,4476570.0,-58038.0,33
201500023771,15,9,17,1600,1,2,6,1,2,33119,M,4485080.0,-51761.0,33
201500023772,15,9,22,1348,1,2,3,2,2,33063,M,4482850.0,-56205.0,33
201500023773,15,9,22,800,1,2,1,2,6,33063,M,4485410.0,-59774.0,33
201500023774,15,9,21,1000,1,2,1,1,2,33249,M,4487965.0,-50581.0,33
201500023775,15,9,22,830,1,2,3,1,3,33063,M,4484357.0,-60818.0,33
201500023776,15,9,22,1350,1,2,1,2,2,33063,M,4481950.0,-58025.0,33
201500023777,15,9,22,1500,1,2,3,3,3,33063,M,4487870.0,-56847.0,33
201500023778,15,9,23,1445,1,2,1,1,3,33063,M,4482570.0,-59001.0,33
201500023779,15,9,24,830,1,2,1,1,5,33013,M,4486619.0,-48033.0,33
201500023780,15,9,17,2100,5,2,2,1,1,33162,M,4488020.0,-62764.0,33
201500023781,15,9,18,1735,1,2,1,1,5,33063,M,4484552.0,-53898.0,33
201500023782,15,9,23,1220,1,1,3,1,3,33063,M,4483960.0,-60683.0,33
201500023783,15,9,23,1050,1,2,3,1,2,33063,M,4482050.0,-54935.0,33
201500023784,15,9,11,1720,1,2,4,1,3,33039,M,4480118.0,-53992.0,33
201500023785,15,9,15,1810,1,2,3,1,3,33063,M,4485556.0,-61502.0,33
201500023786,15,9,14,1325,1,2,1,1,4,33063,M,4481840.0,-54620.0,33
201500023787,15,9,15,1830,1,2,6,1,3,33192,M,4476780.0,-61182.0,33
201500023788,15,9,16,1200,1,2,3,1,3,33281,M,4483180.0,-65505.0,33
201500023789,15,9,16,1630,1,2,1,6,3,33200,M,4487557.0,-67948.0,33
201500023790,15,9,15,745,2,2,3,1,2,33069,M,4486400.0,-60551.0,33
201500023791,15,9,25,800,1,2,3,1,4,33063,M,4490684.0,-55578.0,33
201500023792,15,9,25,1915,2,2,2,1,3,33063,M,4483500.0,-57522.0,33
201500023793,15,9,16,2000,5,2,1,1,3,33522,M,4479890.0,-58651.0,33
201500023794,15,9,16,1020,1,2,4,1,2,33063,M,4487026.0,-56645.0,33
201500023795,15,9,25,410,5,2,1,1,7,33063,M,4481559.0,-55659.0,33
201500023796,15,9,17,1820,1,2,3,1,5,33063,M,4485572.0,-62551.0,33
201500023797,15,9,18,1900,1,2,2,1,3,33063,M,4483150.0,-55860.0,33
201500023798,15,9,20,945,1,2,5,1,1,33063,M,4484990.0,-58187.0,33
201500023799,15,9,21,1800,1,2,4,1,2,33167,M,4483740.0,-51229.0,33
201500023800,15,9,17,2140,5,2,1,1,3,33063,M,4482050.0,-60207.0,33
201500023801,15,9,24,2045,5,2,3,1,3,33281,M,4482750.0,-61373.0,33
201500023802,15,9,21,940,1,2,3,1,1,33522,M,4480630.0,-60184.0,33
201500023803,15,9,22,1745,1,2,1,1,2,33119,M,4485980.0,-52970.0,33
201500023804,15,9,22,900,1,2,3,1,3,33281,M,4484130.0,-64440.0,33
201500023805,15,9,23,1225,1,2,2,1,6,33039,M,4480750.0,-54887.0,33
201500023806,15,9,24,910,1,2,1,1,3,33063,M,4488500.0,-56855.0,33
201500023807,15,9,25,1810,1,2,3,1,1,33281,M,4483200.0,-66673.0,33
201500023808,15,9,23,740,1,2,3,1,3,33281,M,4486220.0,-64511.0,33
201500023809,15,9,25,2120,5,2,2,1,2,33063,M,4483646.0,-59886.0,33
201500023810,15,9,23,1145,1,2,2,1,3,33063,M,4483140.0,-55841.0,33
201500023811,15,9,25,2240,5,2,3,1,3,33281,M,4485740.0,-66018.0,33
201500023812,15,9,28,805,1,2,6,1,3,33063,M,4485950.0,-58173.0,33
201500023813,15,9,29,1645,1,2,1,1,2,33063,M,4482040.0,-54223.0,33
201500023814,15,9,29,740,1,2,1,1,6,33063,M,4486850.0,-56971.0,33
201500023815,15,10,2,555,5,2,3,1,6,33063,M,4482880.0,-55383.0,33
201500023816,15,9,30,2100,5,2,2,1,1,33063,M,4485603.0,-57009.0,33
201500023817,15,9,24,2045,5,2,1,1,3,33318,M,4480510.0,-65662.0,33
201500023818,15,10,3,1540,1,2,3,1,3,33063,M,4483877.0,-54560.0,33
201500023819,15,9,24,1130,1,2,3,1,3,33522,M,4480793.0,-57987.0,33
201500023820,15,9,25,1620,1,2,6,1,2,33318,M,4478640.0,-63742.0,33
201500023821,15,9,26,1845,1,2,1,1,4,33281,M,4482374.0,-64025.0,33
201500023822,15,8,31,1739,1,2,1,1,6,33063,M,4483180.0,-55802.0,33
201500023823,15,9,29,810,1,2,3,1,3,33281,M,4483765.0,-66722.0,33
201500023824,15,9,27,1225,1,2,2,1,1,33167,M,4483160.0,-53698.0,33
201500023825,15,9,28,1545,1,2,1,1,6,33069,M,4486906.0,-60865.0,33
201500023826,15,9,29,1950,2,2,2,1,3,33063,M,4483280.0,-58179.0,33
201500023827,15,9,30,1850,1,2,1,1,6,33162,M,4487560.0,-62445.0,33
201500023828,15,10,1,2110,5,2,2,1,3,33069,M,4486385.0,-59039.0,33
201500023829,15,9,28,1750,1,2,2,1,3,33039,M,4481285.0,-56137.0,33
201500023830,15,9,28,1815,1,2,3,1,3,33069,M,4485938.0,-59892.0,33
201500023831,15,10,1,935,1,2,2,1,3,33200,M,4489340.0,-66904.0,33
201500023832,15,9,30,1245,1,2,1,1,3,33281,M,4482793.0,-66431.0,33
201500023833,15,10,2,905,1,2,1,1,3,33281,M,4483360.0,-61790.0,33
201500023834,15,10,2,753,1,2,1,1,6,33167,M,4484340.0,-53174.0,33
201500023835,15,10,6,655,5,2,1,1,3,33063,M,4482856.0,-59394.0,33
201500023836,15,10,6,2150,5,2,1,2,4,33063,M,4485810.0,-55862.0,33
201500023837,15,10,2,815,1,2,3,1,4,33192,M,4478510.0,-61086.0,33
201500023838,15,10,7,1450,1,2,1,1,4,33063,M,4487746.0,-56348.0,33
201500023839,15,10,4,1810,1,2,2,1,3,33318,M,4479944.0,-66312.0,33
201500023840,15,10,4,1645,1,2,2,2,1,33069,M,4486247.0,-59020.0,33
201500023841,15,10,2,1900,1,2,1,2,1,33167,M,4484170.0,-52366.0,33
201500023842,15,10,8,1610,1,2,1,1,6,33063,M,4485889.0,-58316.0,33
201500023843,15,10,2,1340,1,2,3,1,3,33075,M,4487724.0,-57956.0,33
201500023844,15,10,5,725,2,2,1,1,1,33200,M,4486250.0,-67144.0,33
201500023845,15,10,8,820,1,2,2,1,3,33063,M,4482635.0,-59353.0,33
201500023846,15,10,8,1030,1,2,3,1,3,33063,M,4483293.0,-58799.0,33
201500023847,15,10,7,1240,1,2,3,1,3,33281,M,4485188.0,-63711.0,33
201500023848,15,10,9,915,1,2,1,1,2,33063,M,4484720.0,-54832.0,33
201500023849,15,10,9,2130,5,2,2,1,6,33063,M,4488800.0,-55738.0,33
201500023850,15,10,9,835,1,2,3,1,6,33063,M,4482510.0,-61299.0,33
201500023851,15,10,10,1015,1,2,2,1,3,33063,M,4484120.0,-58671.0,33
201500023852,15,10,9,2135,5,2,3,1,6,33069,M,4486310.0,-60808.0,33
201500023853,15,10,7,1910,1,2,1,1,2,33013,M,4484840.0,-49984.0,33
201500023854,15,10,10,1435,1,2,2,1,3,33063,M,4485707.0,-61986.0,33
201500023855,15,10,10,1900,1,2,1,1,6,33063,M,4482700.0,-55859.0,33
201500023856,15,10,11,1610,1,2,4,1,6,33063,M,4483980.0,-56976.0,33
201500023857,15,10,10,1410,1,2,1,1,6,33063,M,4485530.0,-56437.0,33
201500023858,15,10,10,2005,1,2,2,1,3,33063,M,4482654.0,-59280.0,33
201500023859,15,10,11,2330,5,2,3,1,6,33063,M,4482320.0,-57717.0,33
201500023860,15,10,7,1220,1,2,6,2,3,33200,M,4487789.0,-67712.0,33
201500023861,15,10,1,1230,1,2,2,1,2,33281,M,4482890.0,-66452.0,33
201500023862,15,10,10,1405,1,2,1,1,6,33063,M,4483760.0,-54861.0,33
201500023863,15,10,7,1640,1,2,1,1,3,33318,M,4479190.0,-62224.0,33
201500023864,15,10,8,2000,5,2,2,1,2,33281,M,4483680.0,-62132.0,33
201500023865,15,10,7,715,2,2,2,1,3,33162,M,4487790.0,-62394.0,33
201500023866,15,10,8,1210,1,2,2,1,6,33039,M,4480750.0,-54887.0,33
201500023867,15,10,13,1850,1,2,1,1,5,33063,M,4486880.0,-56879.0,33
201500023868,15,10,13,2055,5,2,1,1,2,33063,M,4483471.0,-58039.0,33
201500023869,15,10,13,550,5,2,2,1,3,33063,M,4486970.0,-56665.0,33
201500023870,15,10,7,1545,1,2,3,1,5,33192,M,4476928.0,-61661.0,33
201500023871,15,10,9,740,2,2,3,1,3,33039,M,4480939.0,-53735.0,33
201500023872,15,10,8,1720,1,2,1,1,2,33522,M,4479937.0,-59786.0,33
201500023873,15,10,13,1920,2,2,1,1,6,33063,M,4483585.0,-59880.0,33
201500023874,15,10,14,1730,1,2,1,1,6,33063,M,4485090.0,-60055.0,33
201500023875,15,10,8,1540,1,2,1,1,3,33249,M,4487380.0,-51566.0,33
201500023876,15,10,12,813,1,2,3,1,2,33192,M,4477570.0,-61152.0,33
201500023877,15,10,13,745,2,2,2,1,3,33281,M,4484730.0,-65825.0,33
201500023878,15,10,12,1330,1,2,1,1,6,33039,M,4479890.0,-54710.0,33
201500023879,15,10,13,1440,1,2,6,1,3,33119,M,4485075.0,-51739.0,33
201500023880,15,10,15,1130,1,2,2,1,6,33063,M,4485700.0,-61992.0,33
201500023881,15,10,13,830,1,2,1,1,3,33063,M,4482902.0,-54120.0,33
201500023882,15,10,16,1050,1,2,1,1,2,33063,M,4481810.0,-57228.0,33
201500023883,15,10,13,2230,5,2,2,1,1,33281,M,4483344.0,-66611.0,33
201500023884,15,10,10,1020,1,2,2,1,3,33069,M,4485866.0,-60339.0,33
201500023885,15,10,17,130,5,2,2,1,1,33063,M,4482982.0,-56805.0,33
201500023886,15,10,18,1700,1,2,2,2,2,33063,M,4483560.0,-58412.0,33
201500023887,15,10,17,1615,1,2,1,1,4,33063,M,4485540.0,-59241.0,33
201500023888,15,10,18,2045,5,2,2,1,4,33063,M,4483879.0,-62583.0,33
201500023889,15,10,16,725,5,2,2,1,6,33162,M,4487910.0,-63484.0,33
201500023890,15,10,15,1845,2,2,2,1,6,33200,M,4487350.0,-68309.0,33
201500023891,15,10,19,918,1,2,2,1,6,33063,M,4482980.0,-56805.0,33
201500023892,15,10,20,906,1,2,3,1,3,33063,M,4485240.0,-61855.0,33
201500023893,15,10,20,1445,1,2,1,1,6,33063,M,4486009.0,-57829.0,33
201500023894,15,10,19,1815,1,2,2,1,3,33281,M,4484197.0,-66076.0,33
201500023895,15,10,20,1210,1,2,2,1,3,33318,M,4478238.0,-68901.0,33
201500023896,15,10,20,1700,1,2,3,1,3,33318,M,4477907.0,-65990.0,33
201500023897,15,10,21,2250,5,2,2,1,3,33192,M,4478641.0,-60504.0,33
201500023898,15,10,19,1200,1,2,2,1,3,33281,M,4484011.0,-63353.0,33
201500023899,15,10,19,1940,5,2,1,1,3,33039,M,4480990.0,-57395.0,33
201500023900,15,10,20,1320,1,2,2,1,3,33281,M,4485250.0,-64518.0,33
201500023901,15,10,19,1717,1,2,1,1,3,33318,M,4479590.0,-66741.0,33
201500023902,15,10,15,1515,1,2,2,1,2,33192,M,4477846.0,-60978.0,33
201500023903,15,10,20,1810,1,2,3,1,6,33550,M,4476980.0,-58751.0,33
201500023904,15,10,22,1700,1,2,3,2,3,33119,M,4485220.0,-51326.0,33
201500023905,15,10,25,2345,5,2,2,1,3,33063,M,4482690.0,-56923.0,33
201500023906,15,10,23,1400,1,2,1,1,3,33063,M,4487135.0,-56302.0,33
201500023907,15,10,23,1300,1,2,1,1,6,33063,M,4483400.0,-56292.0,33
201500023908,15,10,24,1700,1,2,5,1,1,33063,M,4481522.0,-56534.0,33
201500023909,15,10,25,414,5,2,1,1,3,33063,M,4484760.0,-57104.0,33
201500023910,15,10,25,1740,1,2,3,1,2,33063,M,4486420.0,-57379.0,33
201500023911,15,10,26,1715,1,2,1,1,6,33063,M,4487053.0,-56503.0,33
201500023912,15,10,26,1830,5,2,4,1,6,33063,M,4484240.0,-58465.0,33
201500023913,15,10,27,1755,5,2,3,3,6,33063,M,4482510.0,-59874.0,33
201500023914,15,10,27,1820,5,2,6,3,6,33192,M,4477076.0,-60946.0,33
201500023915,15,10,27,735,1,2,5,1,3,33119,M,4484500.0,-53239.0,33
201500023916,15,10,22,1655,1,2,6,1,5,33522,M,4479770.0,-58093.0,33
201500023917,15,10,28,1852,5,2,3,1,6,33063,M,4484510.0,-62853.0,33
201500023918,15,10,28,2030,5,2,1,2,3,33063,M,4485690.0,-63624.0,33
201500023919,15,10,29,1400,1,2,1,1,2,33063,M,4486051.0,-58843.0,33
201500023920,15,10,29,1741,2,2,6,1,2,33550,M,4477650.0,-57637.0,33
201500023921,15,10,29,830,1,2,1,1,6,33318,M,4477880.0,-66043.0,33
201500023922,15,10,24,2000,5,2,1,1,2,33162,M,4486270.0,-65157.0,33
201500023923,15,10,27,1300,1,2,2,1,3,33119,M,4484601.0,-53519.0,33
201500023924,15,10,29,1930,5,2,2,1,3,33063,M,4481885.0,-54514.0,33
201500023925,15,10,26,1055,1,2,1,1,3,33550,M,4476846.0,-57949.0,33
201500023926,15,10,29,1950,5,2,3,1,3,33063,M,4483000.0,-57239.0,33
201500023927,15,10,23,1800,1,2,2,1,3,33281,M,4485624.0,-64189.0,33
201500023928,15,10,30,1945,5,2,1,1,2,33063,M,4487390.0,-56521.0,33
201500023929,15,11,1,1210,1,2,7,1,6,33063,M,4487550.0,-55310.0,33
201500023930,15,11,2,1630,1,2,1,1,5,33063,M,4485610.0,-57109.0,33
201500023931,15,11,3,855,1,2,3,1,3,33063,M,4483080.0,-54464.0,33
201500023932,15,10,28,545,5,2,6,1,3,33192,M,4477720.0,-59293.0,33
201500023933,15,10,31,1815,5,2,3,1,6,33063,M,4485530.0,-57115.0,33
201500023934,15,11,4,1010,1,2,1,1,3,33063,M,4487400.0,-56351.0,33
201500023935,15,11,2,905,1,2,1,1,2,33281,M,4482630.0,-67179.0,33
201500023936,15,11,4,1019,1,2,2,1,3,33063,M,4483954.0,-60768.0,33
201500023937,15,11,4,1345,1,2,2,1,2,33063,M,4482240.0,-56219.0,33
201500023938,15,10,30,1738,1,2,1,1,3,33039,M,4479958.0,-54375.0,33
201500023939,15,11,6,1210,1,2,3,1,6,33063,M,4483060.0,-57337.0,33
201500023940,15,11,6,2040,5,2,4,1,1,33063,M,4486030.0,-61264.0,33
201500023941,15,11,4,1705,1,2,6,1,6,33192,M,4477350.0,-63948.0,33
201500023942,15,11,6,1200,1,2,2,1,2,33063,M,4481470.0,-55287.0,33
201500023943,15,11,6,950,1,2,1,1,3,33063,M,4482715.0,-53815.0,33
201500023944,15,11,8,1120,1,2,6,1,3,33063,M,4487650.0,-55103.0,33
201500023945,15,11,4,815,1,2,2,1,3,33162,M,4488020.0,-62764.0,33
201500023946,15,10,30,930,1,2,2,1,1,33550,M,4476190.0,-57071.0,33
201500023947,15,11,6,1700,1,2,3,1,1,33075,M,4487500.0,-59044.0,33
201500023948,15,11,9,220,5,2,2,1,6,33063,M,4484520.0,-57705.0,33
201500023949,15,11,9,710,2,2,3,1,2,33063,M,4485600.0,-54953.0,33
201500023950,15,11,9,2020,5,2,2,1,2,33063,M,4486240.0,-55105.0,33
201500023951,15,11,9,1300,1,2,2,1,3,33063,M,4481714.0,-54849.0,33
201500023952,15,11,9,1620,1,2,1,1,6,33063,M,4485310.0,-56740.0,33
201500023953,15,11,3,1030,1,2,3,1,3,33200,M,4487377.0,-68521.0,33
201500023954,15,11,11,720,1,2,1,1,6,33063,M,4484980.0,-56992.0,33
201500023955,15,11,4,1040,1,2,2,1,3,33039,M,4481248.0,-54654.0,33
201500023956,15,11,11,145,4,2,4,1,6,33063,M,4483830.0,-59068.0,33
201500023957,15,11,5,2110,5,2,3,1,6,33281,M,4484590.0,-64451.0,33
201500023958,15,11,3,1430,1,2,2,2,2,33550,M,4479690.0,-56844.0,33
201500023959,15,11,4,1230,1,2,1,1,2,33318,M,4480970.0,-62216.0,33
201500023960,15,11,11,620,5,2,1,5,1,33063,M,4483070.0,-55564.0,33
201500023961,15,11,10,830,1,2,1,1,2,33063,M,4485840.0,-55174.0,33
201500023962,15,11,8,1510,1,2,3,1,3,33318,M,4478320.0,-68707.0,33
201500023963,15,11,5,750,1,2,2,1,3,33039,M,4481250.0,-54657.0,33
201500023964,15,11,7,2330,5,2,1,1,6,33013,M,4485370.0,-50371.0,33
201500023965,15,11,10,1450,1,2,3,1,3,33063,M,4484160.0,-58350.0,33
201500023966,15,11,12,1830,5,2,2,5,3,33063,M,4483050.0,-59275.0,33
201500023967,15,11,12,1115,1,2,3,1,1,33063,M,4485600.0,-62671.0,33
201500023968,15,11,12,1910,5,2,3,5,3,33063,M,4484460.0,-55261.0,33
201500023969,15,11,13,1735,5,2,3,1,6,33063,M,4485380.0,-57259.0,33
201500023970,15,11,13,2215,3,2,4,1,2,33013,M,4486850.0,-50292.0,33
201500023971,15,11,12,1300,1,2,3,1,6,33063,M,4482560.0,-58874.0,33
201500023972,15,11,13,1500,1,2,6,1,3,33063,M,4486580.0,-57611.0,33
201500023973,15,11,15,256,5,2,3,5,6,33063,M,4484490.0,-57098.0,33
201500023974,15,11,13,1915,5,2,3,1,3,33063,M,4483734.0,-58121.0,33
201500023975,15,11,10,1313,1,2,6,1,6,33318,M,4480070.0,-60958.0,33
201500023976,15,11,10,800,1,2,6,5,3,33069,M,4486350.0,-60651.0,33
201500023977,15,11,10,1835,5,2,2,1,3,33065,M,4481710.0,-52943.0,33
201500023978,15,11,16,1340,1,1,3,1,3,33063,M,4483939.0,-55905.0,33
201500023979,15,11,16,840,1,2,3,1,3,33063,M,4485680.0,-63671.0,33
201500023980,15,11,15,2325,5,2,1,1,6,33167,M,4484350.0,-52810.0,33
201500023981,15,11,5,819,1,2,1,1,2,33162,M,4487320.0,-63408.0,33
201500023982,15,11,12,1810,5,2,1,1,4,33281,M,4484100.0,-64284.0,33
201500023983,15,11,16,1215,1,2,1,1,3,33281,M,4485090.0,-67842.0,33
201500023984,15,11,15,25,5,2,1,5,6,33162,M,4488860.0,-64552.0,33
201500023985,15,11,18,2230,1,2,2,8,3,33063,M,4483199.0,-57787.0,33
201500023986,15,11,18,1155,1,2,3,1,6,33063,M,4483100.0,-57341.0,33
201500023987,15,11,16,1725,2,2,3,1,3,33119,M,4485965.0,-51500.0,33
201500023988,15,11,19,1440,1,2,1,2,2,33063,M,4487137.0,-56299.0,33
201500023989,15,11,19,840,1,2,2,1,3,33063,M,4485141.0,-58226.0,33
201500023990,15,11,19,1915,5,2,2,1,1,33063,M,4483080.0,-54464.0,33
201500023991,15,11,22,230,5,2,2,1,3,33063,M,4482533.0,-58915.0,33
201500023992,15,11,21,545,5,2,1,2,6,33063,M,4483530.0,-56455.0,33
201500023993,15,11,20,1700,1,2,5,2,3,33063,M,4483510.0,-57499.0,33
201500023994,15,11,19,1010,1,2,3,2,6,33119,M,4485320.0,-51685.0,33
201500023995,15,11,16,1500,1,2,2,1,5,33039,M,4480760.0,-54895.0,33
201500023996,15,11,9,840,1,2,3,1,3,33522,M,4480290.0,-58401.0,33
201500023997,15,11,12,1425,1,2,2,1,6,33075,M,4488410.0,-59916.0,33
201500023998,15,11,18,1705,2,2,1,2,3,33162,M,4488377.0,-63338.0,33
201500023999,15,11,19,1640,1,2,2,1,3,33281,M,4483766.0,-64088.0,33
201500024000,15,11,16,1930,5,2,3,1,5,33522,M,4480436.0,-58672.0,33
201500024001,15,11,19,815,1,2,3,2,2,33167,M,4482390.0,-52129.0,33
201500024002,15,11,20,1815,3,2,2,1,6,33119,M,4485510.0,-53057.0,33
201500024003,15,11,22,1015,1,2,2,1,6,33167,M,4483020.0,-52724.0,33
201500024004,15,11,24,1846,5,2,1,1,6,33063,M,4485309.0,-61092.0,33
201500024005,15,11,21,1545,1,2,1,1,4,33013,M,4484350.0,-49658.0,33
201500024006,15,11,22,1825,5,2,1,1,5,33281,M,4484550.0,-67652.0,33
201500024007,15,11,25,1430,1,2,3,2,2,33063,M,4486696.0,-57323.0,33
201500024008,15,11,27,756,1,2,2,1,3,33063,M,4483144.0,-59836.0,33
201500024009,15,11,27,1915,5,2,1,2,2,33063,M,4481413.0,-57285.0,33
201500024010,15,11,21,1400,1,2,3,3,7,33063,M,4482814.0,-57240.0,33
201500024011,15,11,28,1400,1,2,3,1,3,33063,M,4485967.0,-55470.0,33
201500024012,15,11,26,1108,1,2,1,1,6,33063,M,4488220.0,-56788.0,33
201500024013,15,11,24,1800,5,2,6,2,2,33281,M,4484310.0,-67036.0,33
201500024014,15,11,24,1810,5,2,2,1,3,33318,M,4479628.0,-67128.0,33
201500024015,15,11,28,240,5,2,1,2,2,33063,M,4483350.0,-54992.0,33
201500024016,15,11,26,1650,2,2,3,1,3,33167,M,4482630.0,-52661.0,33
201500024017,15,11,27,735,2,2,6,1,6,33013,M,4485260.0,-48180.0,33
201500024018,15,11,26,750,1,2,3,1,6,33318,M,4480460.0,-63647.0,33
201500024019,15,11,29,1810,2,2,3,1,3,33318,M,4479450.0,-61199.0,33
201500024020,15,11,27,1730,5,2,2,1,3,33032,M,4490750.0,-51043.0,33
201500024021,15,11,30,900,1,2,2,1,3,33063,M,4483120.0,-58734.0,33
201500024022,15,11,30,915,1,2,3,1,3,33063,M,4483779.0,-55736.0,33
201500024023,15,11,28,1010,1,2,3,1,1,33281,M,4482503.0,-62225.0,33
201500024024,15,12,1,830,1,2,2,5,3,33063,M,4484670.0,-59815.0,33
201500024025,15,12,1,850,1,2,2,5,3,33063,M,4487173.0,-54871.0,33
201500024026,15,11,27,1515,1,2,1,1,3,33063,M,4482431.0,-58761.0,33
201500024027,15,11,26,1630,1,2,1,2,2,33063,M,4482440.0,-59108.0,33
201500024028,15,12,2,840,1,2,3,1,6,33063,M,4485520.0,-62470.0,33
201500024029,15,12,2,1420,1,2,3,1,6,33063,M,4483070.0,-57191.0,33
201500024030,15,12,2,2010,5,2,3,1,1,33063,M,4483440.0,-59014.0,33
201500024031,15,12,3,1930,5,2,1,1,3,33063,M,4482230.0,-59366.0,33
201500024032,15,12,3,1645,1,2,3,1,2,33063,M,4485010.0,-58197.0,33
201500024033,15,11,30,1422,1,2,1,1,6,33119,M,4485500.0,-51827.0,33
201500024034,15,11,30,1715,1,2,3,1,6,33119,M,4484820.0,-50566.0,33
201500024035,15,11,30,2130,5,2,1,1,2,33522,M,4479740.0,-59924.0,33