Num_Acc,an,mois,jour,hrmn,lum,agg,int,atm,col,com,gps,lat,long,dep
201500024036,15,12,1,2120,5,2,3,1,3,33522,M,4480590.0,-59851.0,33
201500024037,15,12,1,1535,1,2,2,1,4,33281,M,4483080.0,-66489.0,33
201500024038,15,12,1,1715,1,2,4,1,5,33281,M,4482240.0,-69083.0,33
201500024039,15,11,30,1130,1,2,1,1,3,33063,M,4486422.0,-57999.0,33
201500024040,15,12,6,905,1,2,1,1,3,33063,M,4484005.0,-59175.0,33
201500024041,15,12,2,2135,5,2,6,5,6,33192,M,4477010.0,-62875.0,33
201500024042,15,12,5,1400,1,2,3,1,3,33063,M,4490683.0,-55584.0,33
201500024043,15,12,6,1820,5,2,3,1,2,33063,M,4484778.0,-58169.0,33
201500024044,15,12,6,1635,1,2,1,1,1,33063,M,4486743.0,-57573.0,33
201500024045,15,12,4,1240,1,2,1,1,6,33281,M,4482260.0,-62269.0,33
201500024046,15,12,3,1630,1,2,2,1,6,33281,M,4486120.0,-64229.0,33
201500024047,15,12,2,1330,1,2,1,1,3,33075,M,4487450.0,-61883.0,33
201500024048,15,12,7,1730,5,2,2,1,3,33075,M,4488563.0,-61088.0,33
201500024049,15,12,7,1035,1,2,2,1,1,33063,M,4486160.0,-57301.0,33
201500024050,15,12,9,750,2,2,1,8,3,33063,M,4485757.0,-55964.0,33
201500024051,15,12,9,855,1,2,3,5,6,33063,M,4486030.0,-55367.0,33
201500024052,15,12,9,930,1,2,1,1,2,33063,M,4482990.0,-60723.0,33
201500024053,15,12,7,1130,1,2,1,1,3,33167,M,4483541.0,-52340.0,33
201500024054,15,12,7,855,2,2,1,1,6,33075,M,4487140.0,-59526.0,33
201500024055,15,12,6,115,5,2,1,1,1,33119,M,4485780.0,-53111.0,33
201500024056,15,12,2,1605,1,1,1,1,1,33281,M,4483310.0,-69716.0,33
201500024057,15,12,10,1830,5,2,3,1,3,33063,M,4485216.0,-57363.0,33
201500024058,15,12,5,2000,5,2,2,1,3,33032,M,4490450.0,-51507.0,33
201500024059,15,12,4,815,1,2,1,1,2,33281,M,4484780.0,-67863.0,33
201500024060,15,12,5,1645,1,2,2,1,1,33281,M,4485307.0,-64732.0,33
201500024061,15,12,3,1845,1,2,2,1,3,33550,M,4476480.0,-57075.0,33
201500024062,15,12,4,2320,5,2,3,1,6,33318,M,4481430.0,-61610.0,33
201500024063,15,12,3,830,1,2,3,5,1,33318,M,4480890.0,-60582.0,33
201500024064,15,12,8,1401,1,2,2,1,3,33119,M,4484980.0,-50902.0,33
201500024065,15,12,6,14,5,2,1,1,3,33318,M,4477740.0,-69977.0,33
201500024066,15,12,11,1600,2,2,1,1,3,33063,M,4485680.0,-62445.0,33
201500024067,15,12,12,1345,1,2,2,1,3,33063,M,4483250.0,-60233.0,33
201500024068,15,12,11,2140,5,2,3,1,6,33063,M,4484030.0,-59816.0,33
201500024069,15,12,12,1210,1,2,2,1,6,33063,M,4482980.0,-56805.0,33
201500024070,15,12,12,2103,5,2,2,1,3,33063,M,4487540.0,-56895.0,33
201500024071,15,12,7,1330,1,2,2,1,3,33281,M,4484715.0,-65803.0,33
201500024072,15,12,7,1835,4,2,1,1,6,33281,M,4483580.0,-69178.0,33
201500024073,15,12,13,1800,5,2,1,1,6,33063,M,4485640.0,-61780.0,33
201500024074,15,12,12,1434,1,2,2,1,3,33063,M,4482680.0,-56753.0,33
201500024075,15,11,30,1715,1,2,1,1,6,33063,M,4484197.0,-57610.0,33
201500024076,15,12,14,800,3,1,1,1,4,33281,M,4481962.0,-65275.0,33
201500024077,15,12,15,1700,2,2,1,1,2,33063,M,4485110.0,-54207.0,33
201500024078,15,12,10,730,4,2,3,1,3,33281,M,4484377.0,-71837.0,33
201500024079,15,12,8,1415,1,2,3,1,1,33249,M,4488120.0,-51032.0,33
201500024080,15,12,9,1500,1,2,3,1,3,33522,M,4479904.0,-59291.0,33
201500024081,15,12,9,715,2,2,3,5,3,33119,M,4485320.0,-51685.0,33
201500024082,15,12,9,1715,1,2,2,1,1,33013,M,4485001.0,-49457.0,33
201500024083,15,5,29,905,1,2,4,1,1,33063,M,4485899.0,-58959.0,33
201500024084,15,12,12,1830,1,2,3,1,6,33281,M,4484300.0,-63951.0,33
201500024085,15,12,10,815,1,2,1,1,6,33075,M,4487448.0,-60584.0,33
201500024086,15,12,13,1825,5,2,2,1,3,33119,M,4485359.0,-50947.0,33
201500024087,15,12,16,1040,1,2,2,1,3,33063,M,4483990.0,-60339.0,33
201500024088,15,12,9,1700,5,2,3,1,3,33281,M,4483630.0,-67080.0,33
201500024089,15,12,15,840,1,2,1,1,6,33192,M,4477240.0,-60174.0,33
201500024090,15,12,9,1350,1,2,1,1,3,33522,M,4479625.0,-59346.0,33
201500024091,15,12,10,750,1,2,2,1,3,33039,M,4480750.0,-54887.0,33
201500024092,15,12,11,835,2,2,1,1,3,33039,M,4479795.0,-56889.0,33
201500024093,15,12,13,1820,5,2,2,1,3,33318,M,4479292.0,-64706.0,33
201500024094,15,12,17,2105,5,2,2,1,3,33063,M,4485430.0,-57226.0,33
201500024095,15,12,14,737,3,2,6,1,1,33167,M,4484290.0,-50341.0,33
201500024096,15,12,16,1505,1,2,3,1,3,33063,M,4483500.0,-57205.0,33
201500024097,15,12,17,2015,5,2,3,1,3,33063,M,4485207.0,-58136.0,33
201500024098,15,12,11,1700,5,2,3,1,3,33069,M,4486189.0,-60190.0,33
201500024099,15,12,19,2255,5,2,4,1,6,33063,M,4484060.0,-58074.0,33
201500024100,15,12,18,2145,5,2,3,1,3,33200,M,4488100.0,-68609.0,33
201500024101,15,12,15,1650,1,2,5,1,6,33318,M,4479197.0,-63059.0,33
201500024102,15,12,18,1430,1,2,3,1,3,33063,M,4483150.0,-57547.0,33
201500024103,15,12,15,2000,5,2,1,1,6,33200,M,4487960.0,-68412.0,33
201500024104,15,12,18,1455,1,2,3,1,3,33063,M,4482555.0,-57775.0,33
201500024105,15,12,18,1145,1,2,1,1,3,33063,M,4485470.0,-61271.0,33
201500024106,15,12,15,840,1,2,3,1,3,33069,M,4486300.0,-61415.0,33
201500024107,15,12,15,755,5,2,3,2,6,33039,M,4479190.0,-56708.0,33
201500024108,15,12,18,1747,2,2,2,1,3,33063,M,4484186.0,-55550.0,33
201500024109,15,12,16,705,2,2,2,1,3,33318,M,4479520.0,-66303.0,33
201500024110,15,12,21,1045,1,2,1,1,6,33063,M,4485410.0,-57181.0,33
201500024111,15,12,16,515,5,2,1,1,1,33162,M,4488010.0,-62752.0,33
201500024112,15,12,21,2300,5,2,3,1,3,33063,M,4483340.0,-59426.0,33
201500024113,15,12,21,2050,5,2,2,1,3,33039,M,4480940.0,-57396.0,33
201500024114,15,12,20,2229,5,2,2,1,3,33063,M,4484252.0,-58299.0,33
201500024115,15,12,16,1225,1,2,3,1,4,33522,M,4480760.0,-57350.0,33
201500024116,15,12,21,5,5,2,1,2,6,33119,M,4484560.0,-53360.0,33
201500024117,15,12,21,2030,5,2,1,1,3,33063,M,4483170.0,-58754.0,33
201500024118,15,12,22,1630,1,2,1,1,6,33063,M,4488052.0,-56776.0,33
201500024119,15,12,15,1115,1,2,2,1,6,33281,M,4483800.0,-61654.0,33
201500024120,15,12,17,1050,1,2,2,1,5,33550,M,4479687.0,-56844.0,33
201500024121,15,12,17,805,2,2,3,1,2,33039,M,4480460.0,-57215.0,33
201500024122,15,12,24,1350,1,2,2,1,3,33063,M,4483290.0,-58415.0,33
201500024123,15,12,22,630,5,2,2,8,3,33075,M,4488020.0,-62764.0,33
201500024124,15,12,26,1440,1,2,2,1,3,33063,M,4483830.0,-58160.0,33
201500024125,15,12,28,130,5,2,1,1,7,33063,M,4485210.0,-53827.0,33
201500024126,15,12,28,2145,5,2,3,2,6,33063,M,4483420.0,-56630.0,33
201500024127,15,12,29,1610,1,2,2,1,6,33063,M,4482140.0,-58293.0,33
201500024128,15,12,29,1540,1,2,2,1,3,33063,M,4486012.0,-63414.0,33
201500024129,15,12,24,1440,1,2,1,1,3,33167,M,4482950.0,-52564.0,33
201500024130,15,12,30,2234,5,2,2,2,3,33063,M,4483480.0,-57837.0,33
201500024131,15,12,24,1530,1,2,1,1,3,33069,M,4486556.0,-60122.0,33
201500024132,15,12,30,1505,1,2,2,1,3,33063,M,4483203.0,-59388.0,33
201500024133,15,1,6,1723,1,2,2,2,6,33063,M,4482750.0,-58592.0,33
201500024134,15,1,6,1448,1,2,2,3,2,33063,M,4483540.0,-58886.0,33
201500024135,15,1,7,1700,1,2,3,1,1,33318,M,4481210.0,-61626.0,33
201500024136,15,1,7,2315,5,2,3,1,1,33063,M,4483720.0,-58120.0,33
201500024137,15,1,8,805,2,2,3,1,6,33063,M,4483210.0,-58042.0,33
201500024138,15,1,5,1830,5,2,1,8,2,33069,M,4486820.0,-60782.0,33
201500024139,15,1,8,1850,5,2,3,2,4,33063,M,4482470.0,-57261.0,33
201500024140,15,1,8,1730,2,2,3,2,5,33063,M,4486690.0,-57327.0,33
201500024141,15,1,9,1700,1,2,3,1,6,33063,M,4485430.0,-57834.0,33
201500024142,15,1,10,405,5,2,2,1,3,33063,M,4482130.0,-58277.0,33
201500024143,15,1,9,1750,2,2,2,8,3,33069,M,4486480.0,-58750.0,33
201500024144,15,1,10,645,5,2,4,1,6,33063,M,4485170.0,-58996.0,33
201500024145,15,1,9,1850,5,2,2,2,2,33522,M,4479370.0,-59189.0,33
201500024146,15,1,10,1925,5,2,5,2,6,33281,M,4484120.0,-65330.0,33
201500024147,15,1,10,1700,1,2,2,1,6,33063,M,4483670.0,-56542.0,33
201500024148,15,1,10,2030,5,2,2,8,6,33063,M,4483650.0,-56627.0,33
201500024149,15,1,11,610,2,2,6,2,6,33162,M,4487540.0,-65984.0,33
201500024150,15,1,12,700,2,2,1,1,2,33063,M,4486880.0,-56889.0,33
201500024151,15,1,12,850,1,2,2,1,6,33162,M,4486740.0,-63729.0,33
201500024152,15,1,7,1120,1,2,1,1,3,33200,M,4485410.0,-69394.0,33
201500024153,15,1,12,650,5,2,2,1,3,33075,M,4487620.0,-58229.0,33
201500024154,15,1,12,1533,1,2,3,1,3,33063,M,4483930.0,-55957.0,33
201500024155,15,1,12,1815,5,2,1,1,1,33550,M,4480000.0,-57644.0,33
201500024156,15,1,12,1200,1,2,7,1,3,33281,M,4485110.0,-64467.0,33
201500024157,15,1,13,930,1,2,6,1,3,33063,M,4484470.0,-59599.0,33
201500024158,15,1,13,1610,1,2,1,1,1,33063,M,4484410.0,-58773.0,33
201500024159,15,1,13,1720,1,2,1,2,3,33318,M,4478330.0,-68992.0,33
201500024160,15,1,14,800,1,2,1,1,6,33069,M,4486400.0,-58938.0,33
201500024161,15,1,14,815,1,2,7,1,3,33063,M,4486010.0,-57937.0,33
201500024162,15,1,14,1240,1,2,3,1,6,33063,M,4483820.0,-58152.0,33
201500024163,15,1,14,2050,5,2,1,8,6,33162,M,4488340.0,-63225.0,33
201500024164,15,1,15,510,5,2,6,1,3,33039,M,4479090.0,-53566.0,33
201500024165,15,1,15,810,1,1,3,1,3,33192,M,4477720.0,-64478.0,33
201500024166,15,1,15,1715,1,2,3,2,2,33162,M,4487530.0,-63052.0,33
201500024167,15,1,15,1800,5,2,2,2,6,33063,M,4485270.0,-57533.0,33
201500024168,15,1,16,1350,1,2,3,2,3,33318,M,4480530.0,-65918.0,33
201500024169,15,1,16,1215,1,2,1,3,2,33318,M,4478480.0,-65012.0,33
201500024170,15,1,16,1255,1,2,1,3,5,33063,M,4488760.0,-55158.0,33
201500024171,15,1,16,1210,1,2,3,2,3,33039,M,4480250.0,-57122.0,33
201500024172,15,1,16,1900,5,2,3,2,3,33200,M,4487450.0,-67905.0,33
201500024173,15,1,17,1955,5,2,1,1,3,33063,M,4482910.0,-54144.0,33
201500024174,15,1,19,1005,1,2,2,2,3,33318,M,4479920.0,-66319.0,33
201500024175,15,1,19,1055,1,2,1,2,6,33063,M,4482840.0,-57964.0,33
201500024176,15,1,19,1910,4,2,3,1,1,33063,M,4485100.0,-59561.0,33
201500024177,15,1,19,2113,5,2,2,1,3,33039,M,4481130.0,-54914.0,33
201500024178,15,1,20,750,2,2,5,1,3,33119,M,4484570.0,-53307.0,33
201500024179,15,1,20,1340,1,2,3,1,2,33063,M,4485030.0,-60552.0,33
201500024180,15,1,21,220,5,2,2,1,6,33063,M,4483020.0,-56988.0,33
201500024181,15,1,21,1620,1,2,5,2,4,33281,M,4483600.0,-64108.0,33
201500024182,15,1,21,1905,5,2,6,1,1,33063,M,4486530.0,-56176.0,33
201500024183,15,1,22,845,1,2,3,1,6,33281,M,4484140.0,-65521.0,33
201500024184,15,1,22,1458,1,2,3,1,3,33063,M,4484040.0,-59695.0,33
201500024185,15,1,22,1615,1,2,3,1,3,33318,M,4478650.0,-68021.0,33
201500024186,15,1,23,530,5,2,3,1,3,33063,M,4485100.0,-59561.0,33
201500024187,15,1,22,1620,1,2,1,1,6,33192,M,4476220.0,-62165.0,33
201500024188,15,1,23,750,2,2,3,1,3,33162,M,4488020.0,-62764.0,33
201500024189,15,1,23,1020,1,2,7,1,2,33063,M,4482010.0,-57238.0,33
201500024190,15,1,22,1815,5,2,1,1,6,33281,M,4482680.0,-62063.0,33
201500024191,15,1,23,2140,5,2,2,1,3,33063,M,4481470.0,-57265.0,33
201500024192,15,1,23,1934,5,2,3,1,2,33063,M,4483500.0,-57205.0,33
201500024193,15,1,23,1700,1,2,3,1,1,33192,M,4476430.0,-61971.0,33
201500024194,15,1,24,1500,1,2,2,1,2,33063,M,4487590.0,-54845.0,33
201500024195,15,1,24,1640,1,2,2,1,6,33075,M,4487800.0,-61429.0,33
201500024196,15,1,25,1435,1,2,1,1,6,33063,M,4484670.0,-62977.0,33
201500024197,15,1,26,730,2,2,1,1,3,33013,M,4486910.0,-47003.0,33
201500024198,15,1,26,1740,1,2,4,1,3,33063,M,4485340.0,-59261.0,33
201500024199,15,1,27,755,1,2,1,1,2,33281,M,4481160.0,-71038.0,33
201500024200,15,1,27,1315,1,2,6,1,6,33281,M,4481620.0,-68062.0,33
201500024201,15,1,27,1232,1,2,1,1,6,33318,M,4477130.0,-72460.0,33
201500024202,15,1,27,1700,1,2,1,1,6,33063,M,4485950.0,-58367.0,33
201500024203,15,1,28,712,4,2,3,2,3,33281,M,4485510.0,-67694.0,33
201500024204,15,1,28,1555,1,2,2,2,3,33063,M,4485370.0,-57635.0,33
201500024205,15,1,29,705,3,2,1,3,6,33075,M,4489460.0,-58828.0,33
201500024206,15,1,29,1745,5,2,1,6,6,33063,M,4487040.0,-56510.0,33
201500024207,15,1,29,2045,5,2,4,2,1,33550,M,4477720.0,-56752.0,33
201500024208,15,1,31,609,5,2,6,2,6,33063,M,4482080.0,-54133.0,33
201500024209,15,1,31,1135,1,2,6,2,6,33281,M,4484110.0,-65366.0,33
201500024210,15,1,31,1600,1,2,2,1,3,33063,M,4483230.0,-58170.0,33
201500024211,15,2,3,25,5,2,6,1,6,33069,M,4486070.0,-61260.0,33
201500024212,15,1,31,1205,1,2,6,1,3,33318,M,4479460.0,-68232.0,33
201500024213,15,2,4,755,2,2,1,8,3,33039,M,4479950.0,-54273.0,33
201500024214,15,2,4,1650,1,2,1,1,6,33063,M,4482890.0,-58647.0,33
201500024215,15,2,5,1620,1,2,2,1,3,33063,M,4483350.0,-58821.0,33
201500024216,15,2,5,1705,1,2,3,1,3,33039,M,4480770.0,-54763.0,33
201500024217,15,2,7,5,5,2,2,1,3,33069,M,4485540.0,-59579.0,33
201500024218,15,2,7,1500,1,2,1,1,3,33063,M,4486050.0,-57641.0,33
201500024219,15,2,7,1620,1,2,1,1,6,33063,M,4484180.0,-57765.0,33
201500024220,15,2,7,1505,1,2,2,1,3,33550,M,4478210.0,-54037.0,33
201500024221,15,2,9,850,1,2,2,1,3,33075,M,4488560.0,-61090.0,33
201500024222,15,1,23,1505,1,2,2,1,3,33063,M,4484530.0,-58541.0,33
201500024223,15,2,10,950,1,2,3,1,6,33063,M,4483500.0,-57205.0,33
201500024224,15,2,10,1415,1,2,2,1,3,33063,M,4485900.0,-55677.0,33
201500024225,15,2,11,10,5,2,1,1,6,33063,M,4485920.0,-55618.0,33
201500024226,15,2,9,1236,1,2,2,1,3,33063,M,4483330.0,-58354.0,33
201500024227,15,2,11,1300,1,2,2,1,1,33318,M,4480880.0,-64939.0,33
201500024228,15,2,5,1830,2,2,1,1,6,33063,M,4483430.0,-58907.0,33
201500024229,15,2,11,1700,1,2,2,1,1,33318,M,4479960.0,-66864.0,33
201500024230,15,2,11,1615,1,2,4,1,1,33063,M,4483180.0,-55901.0,33
201500024231,15,2,12,650,5,2,1,1,3,33318,M,4475750.0,-73632.0,33
201500024232,15,2,12,738,2,2,1,1,6,33119,M,4485340.0,-50854.0,33
201500024233,15,2,12,1955,5,2,1,1,2,33550,M,4478170.0,-56560.0,33
201500024234,15,2,14,800,2,2,1,2,1,33063,M,4489280.0,-54920.0,33
201500024235,15,2,14,2320,5,2,1,1,2,33192,M,4479230.0,-61320.0,33
201500024236,15,2,16,1555,1,2,1,1,3,33063,M,4484160.0,-56076.0,33
201500024237,15,2,17,835,1,2,3,2,4,33162,M,4488500.0,-63649.0,33
201500024238,15,2,18,1200,1,2,3,1,2,33063,M,4485710.0,-59115.0,33
201500024239,15,2,19,740,1,2,1,1,5,33162,M,4488760.0,-64313.0,33
201500024240,15,2,19,1550,1,2,1,1,6,33249,M,4486850.0,-52323.0,33
201500024241,15,2,19,2110,5,2,1,1,6,33550,M,4477130.0,-55041.0,33
201500024242,15,2,19,1000,1,2,1,1,2,33167,M,4484410.0,-51069.0,33
201500024243,15,2,20,915,1,2,1,1,2,33318,M,4478600.0,-64398.0,33
201500024244,15,2,20,1500,1,2,2,2,3,33162,M,4486740.0,-63728.0,33
201500024245,15,2,20,1830,4,2,2,3,3,33200,M,4486490.0,-66462.0,33
201500024246,15,2,20,2235,5,2,1,2,7,33318,M,4479850.0,-62838.0,33
201500024247,15,2,26,1215,1,2,2,1,3,33063,M,4481440.0,-56498.0,33
201500024248,15,2,22,105,5,2,1,1,3,33063,M,4483330.0,-57811.0,33
201500024249,15,2,20,1650,1,2,1,2,6,33069,M,4486090.0,-60009.0,33
201500024250,15,2,21,1920,5,2,6,1,3,33281,M,4483280.0,-64060.0,33
201500024251,15,2,22,2111,5,2,2,2,3,33119,M,4485520.0,-53219.0,33
201500024252,15,2,23,720,2,2,6,3,3,33281,M,4482410.0,-63643.0,33
201500024253,15,2,23,1900,5,2,3,3,1,33063,M,4483910.0,-61308.0,33
201500024254,15,2,24,1815,1,2,3,1,3,33063,M,4482850.0,-56205.0,33
201500024255,15,2,25,1215,1,2,3,2,1,33192,M,4476830.0,-60371.0,33
201500024256,15,2,25,1940,5,2,4,3,3,33065,M,4480950.0,-50469.0,33
201500024257,15,2,27,850,1,2,2,1,3,33281,M,4481790.0,-62974.0,33
201500024258,15,2,27,830,1,2,3,1,3,33281,M,4484640.0,-63505.0,33
201500024259,15,2,27,1425,1,2,2,1,3,33063,M,4483020.0,-56988.0,33
201500024260,15,2,28,1145,1,2,3,2,3,33063,M,4487750.0,-56901.0,33
201500024261,15,3,1,233,5,2,3,3,6,33119,M,4485698.0,-53727.0,33
201500024262,15,3,1,730,5,2,1,2,6,33281,M,4485700.0,-64667.0,33
201500024263,15,3,1,1205,1,2,1,2,6,33162,M,4487810.0,-65679.0,33
201500024264,15,3,2,450,4,2,3,3,3,33281,M,4485870.0,-67288.0,33
201500024265,15,3,1,1150,1,2,2,2,6,33069,M,4486390.0,-59036.0,33
201500024266,15,3,2,1950,5,2,2,1,1,33063,M,4483190.0,-57727.0,33
201500024267,15,3,3,500,5,2,3,1,3,33063,M,4487161.0,-56244.0,33
201500024268,15,3,3,745,1,2,1,1,6,33063,M,4483650.0,-58400.0,33
201500024269,15,3,4,1030,1,2,2,1,3,33063,M,4486460.0,-56377.0,33
201500024270,15,3,7,1440,1,2,3,1,2,33063,M,4482830.0,-54019.0,33
201500024271,15,3,5,1400,1,2,1,1,5,33162,M,4487990.0,-66186.0,33
201500024272,15,3,8,1115,1,2,3,1,2,33063,M,4482390.0,-59178.0,33
201500024273,15,3,9,801,1,2,1,1,3,33318,M,4478750.0,-64568.0,33
201500024274,15,3,9,1530,1,2,2,1,3,33063,M,4485320.0,-57669.0,33
201500024275,15,3,9,1745,1,2,3,1,3,33522,M,4479800.0,-58777.0,33
201500024276,15,3,10,1300,1,2,3,1,3,33069,M,4485710.0,-59722.0,33
201500024277,15,3,11,750,1,2,2,1,3,33522,M,4479690.0,-58567.0,33
201500024278,15,3,11,1830,1,2,3,1,3,33063,M,4485890.0,-62799.0,33
201500024279,15,3,11,2305,5,2,1,1,6,33063,M,4485760.0,-56603.0,33
201500024280,15,3,12,1507,1,2,2,1,1,33063,M,4482890.0,-59141.0,33
201500024281,15,3,12,1245,1,2,4,1,1,33281,M,4481710.0,-66296.0,33
201500024282,15,3,12,1920,5,2,1,1,2,33063,M,4482850.0,-58374.0,33
201500024283,15,3,13,1205,1,2,1,1,3,33119,M,4485390.0,-51665.0,33
201500024284,15,3,13,1730,1,2,3,2,6,33063,M,4482330.0,-60052.0,33
201500024285,15,3,13,2010,5,2,2,2,2,33192,M,4477850.0,-60988.0,33
201500024286,15,3,14,1549,1,2,1,1,6,33063,M,4484450.0,-57417.0,33
201500024287,15,3,15,245,5,2,2,1,6,33192,M,4475780.0,-61356.0,33
201500024288,15,3,13,2155,5,2,1,1,3,33063,M,4484220.0,-58546.0,33
201500024289,15,3,15,1340,1,2,2,1,3,33162,M,4488450.0,-66081.0,33
201500024290,15,3,15,1910,5,2,2,1,1,33281,M,4485700.0,-65767.0,33
201500024291,15,3,13,745,1,2,3,2,6,33063,M,4484390.0,-56426.0,33
201500024292,15,1,12,1345,1,1,1,1,1,06161,M,4364465.0,713452.0,06
201500024293,15,12,21,1700,2,2,1,1,3,06161,M,0.0,0.0,06
201500024294,15,3,6,830,1,2,1,7,1,06161,M,0.0,0.0,06
201500024295,15,3,20,2015,5,1,1,1,3,06044,M,0.0,0.0,06
201500024296,15,4,1,800,1,2,1,1,2,06161,M,4363702.0,713337.0,06
201500024297,15,4,4,15,3,1,1,1,7,06161,M,0.0,0.0,06
201500024298,15,5,30,1600,1,2,1,1,6,06161,M,0.0,0.0,06
201500024299,15,6,13,1830,1,2,1,1,1,06161,M,0.0,0.0,06
201500024300,15,6,16,1730,1,2,1,1,3,06161,M,0.0,0.0,06
201500024301,15,6,18,1330,1,1,1,1,6,06161,M,0.0,0.0,06
201500024302,15,6,24,1630,1,2,1,1,1,06161,M,0.0,0.0,06
201500024303,15,6,25,1815,1,2,1,1,3,06161,M,0.0,0.0,06
201500024304,15,7,1,1000,1,2,1,1,6,06161,M,0.0,0.0,06
201500024305,15,7,16,1145,1,2,1,1,3,06161,M,0.0,0.0,06
201500024306,15,7,21,2045,2,2,1,1,3,06161,M,0.0,0.0,06
201500024307,15,7,27,1130,1,2,1,1,1,06161,M,0.0,0.0,06
201500024308,15,8,28,1045,1,2,1,1,6,06161,M,0.0,0.0,06
201500024309,15,10,10,30,3,1,1,1,7,06161,M,0.0,0.0,06
201500024310,15,10,14,2030,5,2,6,1,7,06161,M,0.0,0.0,06
201500024311,15,11,21,1430,1,2,1,1,3,06161,M,0.0,0.0,06
201500024312,15,11,28,1930,3,2,1,1,3,06161,M,0.0,0.0,06
201500024313,15,12,11,815,1,2,1,1,3,06044,M,0.0,0.0,06
201500024314,15,12,17,1500,1,2,1,1,1,06161,M,0.0,0.0,06
201500024315,15,4,24,1630,1,2,1,1,3,34003,M,4329883.0,347762.0,34
201500024316,15,5,1,1815,1,1,1,1,6,34003,M,4331757.0,348199.0,34
201500024317,15,6,7,1350,1,2,1,1,3,34003,M,4331689.0,346615.0,34
201500024318,15,6,9,1745,1,2,4,1,3,34003,M,4329159.0,345183.0,34
201500024319,15,6,25,1530,1,1,1,1,5,34003,M,4329813.0,346828.0,34
201500024320,15,7,21,1955,1,1,1,1,5,34003,M,4330407.0,345586.0,34
201500024321,15,7,14,1935,1,2,1,1,6,34003,M,4328454.0,350295.0,34
201500024322,15,7,28,545,5,2,1,1,7,34003,M,4327722.0,350396.0,34
201500024323,15,5,2,2310,3,1,1,1,1,34003,M,4333188.0,348761.0,34
201500024324,15,8,1,145,5,2,1,1,7,34003,M,4328068.0,346028.0,34
201500024325,15,8,8,2340,3,1,9,2,3,34003,M,4329464.0,350431.0,34
201500024326,15,7,9,1925,1,1,1,1,2,34003,M,4330481.0,345245.0,34
201500024327,15,9,25,1210,1,2,1,1,3,34003,M,4330169.0,347409.0,34
201500024328,15,8,27,2350,5,2,1,1,1,34003,M,4328056.0,351936.0,34
201500024329,15,8,12,1900,1,2,3,1,3,34003,M,4331182.0,347609.0,34
201500024330,15,10,1,1805,1,2,2,1,3,34003,M,4331260.0,348205.0,34
201500024331,15,10,20,1030,1,2,1,1,6,34003,M,4331691.0,346639.0,34
201500024332,15,11,13,1415,1,2,7,1,3,34003,M,4330646.0,349309.0,34
201500024333,15,11,15,605,2,1,1,1,7,34003,M,4330667.0,350821.0,34
201500024334,15,12,16,1735,5,2,9,1,3,34003,M,4331080.0,348079.0,34
201500024335,15,1,17,1340,1,2,1,1,3,34003,M,4329790.0,347319.0,34
201500024336,15,1,22,1145,1,1,1,1,1,34003,M,4330549.0,344895.0,34
201500024337,15,1,28,936,1,2,1,1,6,34003,M,4331701.0,347787.0,34
201500024338,15,1,14,1,3,1,1,1,7,34032,M,4325280.0,319057.0,34
201500024339,15,3,18,920,1,2,1,2,7,34032,M,4334916.0,322472.0,34
201500024340,15,1,13,1435,1,2,1,1,7,34032,M,4335434.0,322790.0,34
201500024341,15,3,19,1800,1,1,1,1,5,34032,M,4336555.0,322500.0,34
201500024342,15,1,17,1705,1,2,3,9,3,34032,M,4334171.0,322314.0,34
201500024343,15,4,4,1615,1,2,6,1,7,34032,M,4334000.0,321874.0,34
201500024344,15,2,1,1805,1,2,6,9,1,34032,M,4333190.0,324836.0,34
201500024345,15,4,10,950,1,1,1,1,7,34032,M,4334650.0,323905.0,34
201500024346,15,4,15,1820,1,2,1,1,3,34032,M,4334370.0,322199.0,34
201500024347,15,2,24,810,1,2,2,1,5,34032,M,4334398.0,322841.0,34
201500024348,15,2,24,1155,1,2,1,9,7,34032,M,4334303.0,321210.0,34
201500024349,15,4,28,635,3,2,1,1,1,34032,M,4335611.0,321916.0,34
201500024350,15,4,30,1400,1,2,1,7,3,34032,M,4336324.0,321647.0,34
201500024351,15,5,2,2050,1,1,1,1,6,34032,M,4334730.0,321833.0,34
201500024352,15,5,6,730,1,2,3,1,6,34032,M,4335270.0,321608.0,34
201500024353,15,5,10,2030,2,1,1,1,3,34032,M,4333743.0,320378.0,34
201500024354,15,5,7,1205,1,2,1,1,1,34032,M,4334694.0,321194.0,34
201500024355,15,5,9,1310,1,1,1,1,7,34032,M,4334778.0,321000.0,34
201500024356,15,5,17,1735,1,2,1,1,6,34032,M,4333305.0,325577.0,34
201500024357,15,5,31,300,5,2,9,1,6,34032,M,4333895.0,321027.0,34
201500024358,15,4,19,1500,1,1,1,1,5,34032,M,4333493.0,316961.0,34
201500024359,15,6,23,850,1,1,2,1,3,34032,M,4334624.0,316621.0,34
201500024360,15,6,16,945,1,2,6,1,6,34032,M,4335396.0,322642.0,34
201500024361,15,7,11,1050,1,1,6,1,3,34032,M,4332978.0,321620.0,34