Num_Acc,an,mois,jour,hrmn,lum,agg,int,atm,col,com,gps,lat,long,dep
201500024362,15,7,31,1940,1,2,1,1,4,34032,M,4333718.0,321354.0,34
201500024363,15,8,8,2220,5,2,1,2,1,34032,M,4335702.0,322208.0,34
201500024364,15,8,24,1030,1,2,3,1,1,34032,M,4335409.0,323550.0,34
201500024365,15,9,1,1745,1,2,1,1,7,34032,M,4333665.0,321915.0,34
201500024366,15,9,6,455,2,1,1,1,7,34032,M,4334271.0,326196.0,34
201500024367,15,9,14,1440,1,2,9,1,6,34032,M,4333380.0,325043.0,34
201500024368,15,9,17,740,2,1,1,8,7,34032,M,4337827.0,329815.0,34
201500024369,15,9,25,1515,1,2,1,1,2,34032,M,4333988.0,327014.0,34
201500024370,15,9,25,850,1,2,1,1,7,34032,M,4334002.0,322345.0,34
201500024371,15,10,8,1730,1,1,1,1,6,34032,M,4330832.0,318740.0,34
201500024372,15,9,21,1625,1,1,1,1,1,34032,M,4335300.0,323321.0,34
201500024373,15,10,16,1641,1,2,1,1,2,34032,M,4334703.0,324402.0,34
201500024374,15,10,22,1340,1,2,2,1,3,34032,M,4335283.0,321214.0,34
201500024375,15,10,27,1930,2,2,2,1,3,34032,M,4335457.0,322962.0,34
201500024376,15,9,26,1750,1,1,1,1,6,34032,M,4334412.0,321314.0,34
201500024377,15,10,10,1900,1,2,2,1,3,34032,M,4334933.0,322520.0,34
201500024378,15,10,19,2130,3,1,1,1,1,34032,M,4336226.0,324326.0,34
201500024379,15,10,24,1650,1,1,1,1,1,34032,M,4331353.0,320626.0,34
201500024380,15,12,1,1630,1,1,1,1,3,34032,M,4338209.0,322333.0,34
201500024381,15,12,3,1420,1,2,1,1,6,34032,M,4333600.0,322620.0,34
201500024382,15,12,9,750,1,1,1,1,2,34032,M,4336590.0,326589.0,34
201500024383,15,12,17,500,3,1,1,1,2,34336,M,4333250.0,328581.0,34
201500024384,15,12,18,1040,1,2,1,1,7,34032,M,4334836.0,322000.0,34
201500024385,15,12,19,650,5,2,1,1,7,34032,M,4334033.0,324735.0,34
201500024386,15,12,26,1040,1,2,1,1,6,34032,M,4334447.0,322983.0,34
201500024387,15,1,1,240,3,1,1,1,1,34129,M,4357560.0,389704.0,34
201500024388,15,3,16,950,1,2,1,8,2,34172,M,4359610.0,386851.0,34
201500024389,15,3,17,1950,5,2,1,1,2,34172,M,4362430.0,386271.0,34
201500024390,15,1,5,945,1,2,1,1,6,34172,M,4360519.0,387552.0,34
201500024391,15,3,26,815,1,2,6,1,3,34172,M,4362470.0,382676.0,34
201500024392,15,1,6,1250,1,2,1,1,2,34172,M,4362359.0,388633.0,34
201500024393,15,1,7,2113,5,2,1,1,5,34172,M,4362293.0,385445.0,34
201500024394,15,1,8,1315,1,1,9,1,6,34172,M,4359320.0,382111.0,34
201500024395,15,3,27,1610,1,1,1,1,6,34198,M,4357949.0,393237.0,34
201500024396,15,3,27,1955,5,2,1,1,6,34172,M,4360990.0,383619.0,34
201500024397,15,1,10,1950,5,2,1,1,6,34172,M,4362190.0,384649.0,34
201500024398,15,1,14,810,1,2,1,1,7,34172,M,4362032.0,385004.0,34
201500024399,15,3,29,15,3,1,1,1,7,34129,M,4354958.0,389388.0,34
201500024400,15,4,2,1830,1,2,1,1,3,34172,M,4362470.0,385182.0,34
201500024401,15,1,15,1603,1,2,9,1,6,34172,M,4361685.0,382586.0,34
201500024402,15,4,8,1710,1,2,1,1,6,34172,M,4364570.0,384398.0,34
201500024403,15,1,15,1710,1,2,1,8,6,34172,M,4360859.0,384744.0,34
201500024404,15,1,15,1928,3,2,1,1,3,34172,M,4360230.0,391676.0,34
201500024405,15,4,8,2100,5,2,1,1,2,34172,M,4360000.0,387669.0,34
201500024406,15,1,17,915,1,2,9,1,3,34129,M,4358378.0,393368.0,34
201500024407,15,4,9,815,1,2,1,1,3,34172,M,4358010.0,387991.0,34
201500024408,15,1,20,1020,1,2,2,1,3,34172,M,4360920.0,389439.0,34
201500024409,15,4,9,1811,1,2,1,1,6,34172,M,4361370.0,383906.0,34
201500024410,15,4,9,2000,1,2,1,1,6,34172,M,4361540.0,382021.0,34
201500024411,15,1,30,1128,1,2,9,1,6,34172,M,4360858.0,387985.0,34
201500024412,15,4,10,1326,1,2,1,1,3,34172,M,4362110.0,383410.0,34
201500024413,15,2,1,135,5,2,1,1,1,34129,M,4357921.0,387880.0,34
201500024414,15,2,1,1420,1,2,2,1,3,34172,M,4360820.0,384734.0,34
201500024415,15,4,12,2350,3,1,1,1,2,34172,M,4360980.0,382230.0,34
201500024416,15,4,13,1730,1,2,1,1,2,34172,M,4360660.0,390472.0,34
201500024417,15,2,2,950,1,2,1,1,5,34172,M,4361140.0,382870.0,34
201500024418,15,2,2,1300,1,2,2,1,4,34172,M,4357970.0,386913.0,34
201500024419,15,4,14,1525,1,2,1,1,3,34172,M,4361030.0,385520.0,34
201500024420,15,4,16,520,5,2,2,1,3,34172,M,4362500.0,388805.0,34
201500024421,15,2,2,1430,1,2,3,1,3,34172,M,4362590.0,381756.0,34
201500024422,15,4,17,1945,1,2,1,1,2,34172,M,4360300.0,388065.0,34
201500024423,15,2,4,1100,1,2,2,8,6,34198,M,4358281.0,392525.0,34
201500024424,15,4,19,1930,1,1,1,2,7,34172,M,4364380.0,384419.0,34
201500024425,15,2,11,820,1,2,9,1,6,34129,M,4356286.0,389849.0,34
201500024426,15,2,11,1843,5,2,1,1,3,34172,M,4362000.0,386527.0,34
201500024427,15,4,20,1555,1,2,1,1,3,34172,M,4363670.0,383154.0,34
201500024428,15,4,21,1120,1,2,1,1,6,34172,M,4360410.0,387863.0,34
201500024429,15,2,16,2310,5,2,1,1,3,34172,M,4361890.0,384722.0,34
201500024430,15,2,18,1325,1,2,1,1,6,34172,M,4360720.0,387077.0,34
201500024431,15,4,25,2245,4,1,1,1,6,34129,M,4358854.0,391363.0,34
201500024432,15,5,9,1130,1,2,1,1,1,34172,M,4360220.0,386700.0,34
201500024433,15,2,18,1440,1,2,1,1,3,34172,M,4359740.0,386421.0,34
201500024434,15,5,10,2010,1,1,3,1,1,34172,M,4362870.0,384555.0,34
201500024435,15,2,19,1700,1,2,1,1,6,34172,M,4359700.0,388273.0,34
201500024436,15,2,23,1550,1,2,1,1,6,34172,M,4360580.0,387340.0,34
201500024437,15,5,11,830,1,1,2,1,3,34198,M,4357699.0,393303.0,34
201500024438,15,2,23,2230,5,2,1,1,7,34172,M,4360750.0,391338.0,34
201500024439,15,5,13,1615,1,2,1,1,6,34172,M,4360890.0,389255.0,34
201500024440,15,5,16,1326,1,2,1,1,2,34172,M,4360710.0,388937.0,34
201500024441,15,2,24,805,1,2,1,1,7,34172,M,4360360.0,388915.0,34
201500024442,15,5,15,1535,1,2,1,1,3,34172,M,4360200.0,387405.0,34
201500024443,15,2,24,905,1,2,1,1,5,34172,M,4360300.0,388728.0,34
201500024444,15,5,14,935,1,2,3,1,3,34172,M,4361760.0,388172.0,34
201500024445,15,2,24,1939,5,2,1,1,6,34172,M,4361440.0,391469.0,34
201500024446,15,5,19,2330,5,2,1,1,6,34172,M,4361850.0,381824.0,34
201500024447,15,2,25,1920,5,2,1,1,3,34172,M,4361360.0,390527.0,34
201500024448,15,2,27,1720,1,2,1,1,3,34172,M,4360740.0,389050.0,34
201500024449,15,5,21,735,1,2,1,1,3,34172,M,4361180.0,382589.0,34
201500024450,15,5,22,1150,1,2,1,1,6,34172,M,4359660.0,384503.0,34
201500024451,15,3,4,1040,1,2,9,2,3,34172,M,4359700.0,387777.0,34
201500024452,15,5,22,2300,5,2,1,1,6,34172,M,4358350.0,386618.0,34
201500024453,15,3,6,745,1,2,2,1,3,34172,M,4361420.0,387417.0,34
201500024454,15,5,26,1610,1,2,1,1,3,34172,M,4360100.0,385020.0,34
201500024455,15,3,6,910,1,2,1,1,6,34172,M,4362480.0,383605.0,34
201500024456,15,3,6,920,1,2,3,1,3,34172,M,4361470.0,382775.0,34
201500024457,15,5,26,1600,1,2,1,1,6,34172,M,4360540.0,387422.0,34
201500024458,15,3,6,1140,1,2,1,1,1,34172,M,4361310.0,383894.0,34
201500024459,15,5,26,1900,1,2,2,1,3,34172,M,4359700.0,387777.0,34
201500024460,15,3,6,2305,5,2,1,1,1,34172,M,4360190.0,388506.0,34
201500024461,15,5,27,745,1,2,9,1,6,34172,M,4361880.0,389269.0,34
201500024462,15,5,27,1215,1,2,3,1,1,34172,M,4361670.0,386030.0,34
201500024463,15,3,9,1010,1,2,2,1,7,34172,M,4361620.0,384107.0,34
201500024464,15,5,27,1530,1,2,2,1,3,34172,M,4359970.0,387515.0,34
201500024465,15,3,9,1600,1,2,1,1,3,34172,M,4360020.0,389452.0,34
201500024466,15,5,27,1555,1,2,2,1,3,34172,M,4361710.0,388955.0,34
201500024467,15,3,9,1755,1,2,1,1,6,34172,M,4364280.0,384529.0,34
201500024468,15,3,9,1845,2,2,9,1,3,34172,M,4362480.0,388916.0,34
201500024469,15,5,28,820,1,2,1,1,3,34172,M,4361080.0,391609.0,34
201500024470,15,5,28,1830,1,1,1,1,1,34172,M,4359450.0,382034.0,34
201500024471,15,3,10,815,1,2,9,1,3,34172,M,4357520.0,385676.0,34
201500024472,15,5,29,1440,1,2,2,1,7,34172,M,4360360.0,386777.0,34
201500024473,15,3,11,1310,1,2,9,1,3,34172,M,4360480.0,388246.0,34
201500024474,15,5,30,1510,1,2,2,1,6,34172,M,4362010.0,381752.0,34
201500024475,15,3,13,1650,1,2,6,1,7,34172,M,4362290.0,387250.0,34
201500024476,15,6,1,850,1,2,1,1,3,34172,M,4362850.0,384579.0,34
201500024477,15,3,14,1450,2,2,1,8,6,34172,M,4361480.0,383088.0,34
201500024478,15,6,2,910,1,2,2,1,6,34172,M,4358140.0,386921.0,34
201500024479,15,6,2,1815,1,2,1,1,3,34172,M,4363250.0,386031.0,34
201500024480,15,6,3,745,1,2,1,1,1,34172,M,4361480.0,383033.0,34
201500024481,15,6,3,1140,1,2,1,1,3,34172,M,4358140.0,386921.0,34
201500024482,15,6,4,1645,1,2,1,1,7,34172,M,4362970.0,384369.0,34
201500024483,15,6,6,1600,1,2,1,1,7,34172,M,4364530.0,385281.0,34
201500024484,15,6,7,1810,1,2,1,1,2,34172,M,4362780.0,385822.0,34
201500024485,15,6,8,735,1,2,1,1,3,34172,M,4357740.0,386227.0,34
201500024486,15,6,8,1525,1,1,3,1,3,34172,M,4360730.0,383829.0,34
201500024487,15,6,8,1630,1,2,1,1,6,34172,M,4361950.0,386084.0,34
201500024488,15,6,8,1540,1,2,2,1,3,34172,M,4359700.0,387777.0,34
201500024489,15,6,9,740,1,2,1,1,6,34172,M,4364260.0,383583.0,34
201500024490,15,6,12,1915,1,2,2,8,3,34172,M,4361090.0,383336.0,34
201500024491,15,6,13,2120,2,2,2,1,3,34172,M,4361080.0,386668.0,34
201500024492,15,6,18,1335,1,2,1,1,3,34172,M,4357600.0,387103.0,34
201500024493,15,6,19,1500,1,2,1,1,3,34172,M,4357510.0,386074.0,34
201500024494,15,6,19,1440,1,1,1,1,2,34172,M,4364030.0,384751.0,34
201500024495,15,6,22,910,1,1,1,1,7,34172,M,4357480.0,386063.0,34
201500024496,15,6,23,710,1,2,3,1,3,34129,M,4357165.0,390570.0,34
201500024497,15,6,23,2048,1,2,1,1,6,34172,M,4364140.0,382050.0,34
201500024498,15,6,25,2025,2,2,1,1,7,34172,M,4361160.0,383887.0,34
201500024499,15,6,27,1020,1,2,1,1,3,34198,M,4355805.0,394044.0,34
201500024500,15,6,26,1800,1,2,1,1,6,34172,M,4359820.0,386294.0,34
201500024501,15,6,29,1525,1,2,2,1,1,34172,M,4360770.0,388465.0,34
201500024502,15,6,29,1940,1,2,2,1,3,34172,M,4362480.0,388916.0,34
201500024503,15,7,1,1225,1,2,1,1,6,34172,M,4360550.0,387495.0,34
201500024504,15,7,1,1655,1,2,1,1,4,34172,M,4359040.0,388182.0,34
201500024505,15,7,1,1850,1,2,1,1,6,34172,M,4360290.0,385519.0,34
201500024506,15,7,2,1410,1,2,1,1,1,34172,M,4357780.0,387258.0,34
201500024507,15,7,3,140,5,2,1,1,2,34172,M,4362490.0,385118.0,34
201500024508,15,7,6,810,1,2,3,1,1,34172,M,4363100.0,388512.0,34
201500024509,15,7,6,2030,2,2,9,1,1,34172,M,4362350.0,389227.0,34
201500024510,15,7,7,1655,1,2,1,1,6,34172,M,4360350.0,388251.0,34
201500024511,15,7,7,1820,1,2,2,1,3,34172,M,4361420.0,390664.0,34
201500024512,15,7,8,1200,1,2,1,1,1,34172,M,4360100.0,385020.0,34
201500024513,15,7,10,105,5,2,1,1,7,34172,M,4362520.0,381652.0,34
201500024514,15,7,9,2015,1,2,9,1,3,34172,M,4360510.0,385492.0,34
201500024515,15,7,12,755,1,2,1,1,7,34172,M,4359330.0,387772.0,34
201500024516,15,7,13,625,1,1,1,1,7,34172,M,4359370.0,390612.0,34
201500024517,15,7,14,2030,1,2,2,1,3,34172,M,4360420.0,385830.0,34
201500024518,15,7,15,2100,1,2,6,1,3,34172,M,4362560.0,383689.0,34
201500024519,15,7,10,2000,1,2,4,1,7,34172,M,4362190.0,388298.0,34
201500024520,15,7,17,1233,1,2,9,1,6,34172,M,4359980.0,387560.0,34
201500024521,15,7,20,355,5,2,1,1,3,34172,M,4362780.0,385822.0,34
201500024522,15,7,20,1910,1,2,1,1,6,34172,M,4360550.0,389207.0,34
201500024523,15,7,22,2230,4,2,1,1,2,34172,M,4361450.0,389805.0,34
201500024524,15,7,22,2340,3,1,1,1,6,34198,M,4355506.0,396665.0,34
201500024525,15,7,23,745,1,2,1,1,6,34172,M,4359730.0,384362.0,34
201500024526,15,7,26,2325,4,2,1,1,3,34172,M,4361810.0,384385.0,34
201500024527,15,7,27,950,1,2,1,1,5,34172,M,4360900.0,385479.0,34
201500024528,15,7,30,930,1,2,1,1,7,34172,M,4360910.0,387886.0,34
201500024529,15,7,31,2205,4,2,1,3,1,34172,M,4362220.0,381924.0,34
201500024530,15,8,1,500,1,2,1,1,7,34172,M,4361370.0,388493.0,34
201500024531,15,8,2,1710,1,1,1,1,3,34198,M,4354983.0,396881.0,34
201500024532,15,8,5,1743,1,2,2,1,6,34172,M,4361870.0,384617.0,34
201500024533,15,8,7,1450,1,2,1,1,2,34172,M,4360250.0,386671.0,34
201500024534,15,8,7,1820,1,2,1,1,6,34172,M,4360440.0,388934.0,34
201500024535,15,8,9,2350,5,2,1,1,6,34172,M,4361220.0,388942.0,34
201500024536,15,8,10,1025,1,2,1,1,6,34172,M,4360060.0,385099.0,34
201500024537,15,8,10,2215,3,2,1,1,2,34129,M,4356442.0,389449.0,34
201500024538,15,8,11,1315,1,2,1,1,6,34172,M,4358020.0,385789.0,34
201500024539,15,8,11,2145,5,2,1,1,1,34172,M,4360870.0,384649.0,34
201500024540,15,8,14,2205,5,2,1,1,1,34172,M,4360650.0,387210.0,34
201500024541,15,8,15,2005,1,2,2,1,3,34172,M,4359570.0,384449.0,34
201500024542,15,8,17,1550,1,2,1,1,2,34172,M,4362490.0,386134.0,34
201500024543,15,8,18,2230,5,2,9,1,3,34172,M,4361370.0,383907.0,34
201500024544,15,8,20,249,5,2,1,1,6,34172,M,4362020.0,382237.0,34
201500024545,15,8,20,515,3,2,1,1,6,34129,M,4355908.0,386528.0,34
201500024546,15,8,20,1820,1,2,3,1,3,34172,M,4359360.0,386000.0,34
201500024547,15,8,20,2320,5,2,1,1,7,34172,M,4359560.0,383687.0,34
201500024548,15,8,21,2015,1,2,1,1,7,34172,M,4361240.0,383882.0,34
201500024549,15,8,23,1505,1,2,1,3,7,34172,M,4362120.0,385846.0,34
201500024550,15,8,24,2015,2,2,1,1,2,34172,M,4361460.0,383564.0,34
201500024551,15,8,25,1035,1,2,3,1,3,34172,M,4360850.0,386700.0,34
201500024552,15,8,25,1220,1,2,2,1,4,34172,M,4361040.0,385626.0,34
201500024553,15,8,29,2330,5,2,1,1,6,34172,M,4361100.0,382996.0,34
201500024554,15,8,31,1250,1,2,1,1,3,34172,M,4362500.0,386231.0,34
201500024555,15,9,1,1309,1,2,1,1,6,34172,M,4362580.0,382461.0,34
201500024556,15,9,4,2125,5,2,1,1,2,34172,M,4360180.0,389168.0,34
201500024557,15,9,5,1330,1,1,1,1,2,34172,M,4362470.0,382676.0,34
201500024558,15,9,5,2010,2,2,9,1,3,34172,M,4360500.0,389649.0,34
201500024559,15,9,7,605,5,2,1,1,1,34172,M,4359860.0,387283.0,34
201500024560,15,9,9,700,1,2,3,1,3,34172,M,4362560.0,386079.0,34
201500024561,15,9,11,1735,1,2,1,1,6,34172,M,4360960.0,385314.0,34
201500024562,15,9,12,50,3,1,1,1,6,34129,M,4358142.0,389811.0,34
201500024563,15,9,11,2340,5,2,3,1,3,34172,M,4362250.0,381336.0,34
201500024564,15,9,18,1610,1,2,1,1,6,34172,M,4360860.0,384600.0,34
201500024565,15,9,19,1310,1,2,3,1,2,34172,M,4363680.0,384489.0,34
201500024566,15,9,19,2140,5,2,3,1,5,34172,M,4361540.0,381811.0,34
201500024567,15,9,20,135,5,2,2,1,1,34172,M,4359700.0,388047.0,34
201500024568,15,9,25,835,1,2,2,1,3,34172,M,4362730.0,384736.0,34
201500024569,15,9,25,730,1,2,1,1,3,34172,M,4358970.0,385677.0,34
201500024570,15,9,25,2155,5,2,1,1,7,34172,M,4359380.0,386245.0,34
201500024571,15,9,23,740,1,2,1,1,2,34172,M,4360820.0,387948.0,34
201500024572,15,9,29,1700,1,2,1,1,2,34172,M,4359810.0,387383.0,34
201500024573,15,9,30,930,1,2,1,1,1,34172,M,4363010.0,388575.0,34
201500024574,15,10,1,1010,1,2,1,1,1,34172,M,4362000.0,385115.0,34
201500024575,15,10,1,1515,1,2,2,1,3,34172,M,4362480.0,388916.0,34
201500024576,15,10,9,735,2,2,2,1,3,34172,M,4358140.0,386921.0,34
201500024577,15,10,1,2310,5,2,3,1,3,34172,M,4362442.0,386272.0,34
201500024578,15,10,1,2030,5,2,2,1,6,34172,M,4361500.0,382592.0,34
201500024579,15,10,3,2215,5,2,1,1,3,34172,M,4360090.0,386804.0,34
201500024580,15,10,4,355,5,2,6,1,7,34172,M,4362510.0,382616.0,34
201500024581,15,10,7,2024,5,2,2,1,7,34172,M,4359700.0,388047.0,34
201500024582,15,10,9,730,1,2,2,1,1,34172,M,4359740.0,386421.0,34
201500024583,15,10,9,1120,1,2,2,1,3,34172,M,4360260.0,389884.0,34
201500024584,15,10,10,1850,2,2,1,1,7,34129,M,4356781.0,390092.0,34
201500024585,15,10,11,1855,2,1,1,1,7,34172,M,4359020.0,385575.0,34
201500024586,15,10,12,730,1,2,1,2,3,34172,M,4362030.0,385528.0,34
201500024587,15,10,13,1930,3,1,1,2,4,34198,M,4355517.0,396656.0,34
201500024588,15,10,14,950,1,2,1,1,6,34172,M,4360520.0,387568.0,34
201500024589,15,10,15,1050,1,2,1,1,6,34172,M,4362840.0,388752.0,34
201500024590,15,10,16,1810,1,2,1,1,6,34172,M,4364070.0,385746.0,34
201500024591,15,10,17,1900,5,2,1,1,3,34172,M,4361990.0,386533.0,34
201500024592,15,10,21,700,5,2,9,1,1,34172,M,4361560.0,381905.0,34
201500024593,15,10,21,1110,1,2,2,1,3,34172,M,4362680.0,388956.0,34
201500024594,15,10,21,1935,5,2,1,1,6,34172,M,4361100.0,387367.0,34
201500024595,15,10,22,1630,1,2,1,1,2,34172,M,4360890.0,389544.0,34
201500024596,15,10,23,1900,5,2,1,1,6,34172,M,4360470.0,387901.0,34
201500024597,15,10,25,545,4,2,1,1,6,34172,M,4359310.0,390644.0,34
201500024598,15,10,29,1415,1,2,1,1,3,34172,M,4360620.0,389513.0,34
201500024599,15,11,1,20,5,2,3,1,3,34172,M,4359530.0,386193.0,34
201500024600,15,11,2,535,4,1,1,1,6,34172,M,4359370.0,390613.0,34
201500024601,15,11,4,1405,1,2,1,1,2,34172,M,4360980.0,383658.0,34
201500024602,15,11,4,1650,1,2,1,8,1,34172,M,4362680.0,383973.0,34
201500024603,15,11,4,1834,5,2,1,2,6,34172,M,4360580.0,386713.0,34
201500024604,15,11,4,1940,1,1,1,1,2,34172,M,4359300.0,385943.0,34
201500024605,15,11,4,1855,2,2,1,2,3,34172,M,4362900.0,389562.0,34
201500024606,15,11,5,1500,1,2,1,1,7,34172,M,4361940.0,388796.0,34
201500024607,15,11,5,1820,2,1,1,1,1,34172,M,4360990.0,383647.0,34
201500024608,15,11,5,1945,5,2,3,1,3,34172,M,4361990.0,386533.0,34
201500024609,15,11,6,800,1,2,1,1,5,34172,M,4361020.0,389144.0,34
201500024610,15,11,6,2100,4,2,1,1,1,34129,M,4358836.0,391429.0,34
201500024611,15,11,6,1440,1,2,9,1,2,34172,M,4363090.0,384264.0,34
201500024612,15,11,5,1715,1,2,1,1,6,34172,M,4362800.0,385805.0,34
201500024613,15,11,6,1845,2,2,1,1,4,34172,M,4360980.0,390248.0,34
201500024614,15,11,8,1220,1,2,2,1,3,34172,M,4363750.0,382255.0,34
201500024615,15,11,10,1840,2,2,1,1,6,34172,M,4359460.0,386389.0,34
201500024616,15,11,11,1100,1,2,1,1,2,34172,M,4358680.0,385303.0,34
201500024617,15,11,12,1600,1,2,3,1,3,34198,M,4357231.0,393828.0,34
201500024618,15,11,12,1820,5,2,9,1,1,34172,M,4359920.0,389386.0,34
201500024619,15,11,15,1610,1,2,1,1,6,34172,M,4359760.0,386705.0,34
201500024620,15,11,15,1925,5,2,1,1,2,34172,M,4363070.0,384177.0,34
201500024621,15,11,16,1340,1,2,2,1,3,34172,M,4358220.0,387964.0,34
201500024622,15,11,16,1745,2,2,1,1,6,34129,M,4356873.0,390439.0,34
201500024623,15,11,17,920,1,2,1,1,3,34172,M,4360080.0,389754.0,34
201500024624,15,11,17,903,1,2,1,1,4,34172,M,4360140.0,381974.0,34
201500024625,15,11,17,1140,1,2,1,1,6,34172,M,4360590.0,388206.0,34
201500024626,15,11,17,1945,5,2,1,1,4,34172,M,4360030.0,389458.0,34
201500024627,15,11,18,1358,1,2,1,1,1,34172,M,4360330.0,385633.0,34
201500024628,15,11,20,1450,1,2,1,1,2,34172,M,4359240.0,388017.0,34
201500024629,15,11,20,2100,5,2,1,1,7,34172,M,4360330.0,383311.0,34
201500024630,15,11,21,2056,5,2,1,1,6,34172,M,4359650.0,384488.0,34
201500024631,15,11,24,1120,1,2,1,1,6,34172,M,4362890.0,386105.0,34
201500024632,15,11,26,2030,5,2,1,1,3,34172,M,4362200.0,384653.0,34
201500024633,15,11,28,1955,2,2,1,1,6,34129,M,4358753.0,393042.0,34
201500024634,15,11,30,1825,2,2,1,1,3,34172,M,4362850.0,384581.0,34
201500024635,15,12,3,1600,1,2,1,1,6,34172,M,4359620.0,388499.0,34
201500024636,15,12,3,1740,5,2,1,1,6,34172,M,4361270.0,386666.0,34
201500024637,15,12,3,1904,5,2,1,1,6,34172,M,4361310.0,383894.0,34
201500024638,15,12,3,2030,5,2,1,1,5,34172,M,4361030.0,383447.0,34
201500024639,15,11,28,2115,5,2,1,1,3,34172,M,4359850.0,388559.0,34
201500024640,15,12,2,1500,1,2,1,1,5,34172,M,4359330.0,385192.0,34
201500024641,15,12,4,1620,1,2,1,1,1,34172,M,4358220.0,388610.0,34
201500024642,15,12,4,1810,5,2,1,1,6,34172,M,4363450.0,383389.0,34
201500024643,15,12,5,1640,1,2,2,1,3,34172,M,4360590.0,389423.0,34
201500024644,15,12,4,800,1,2,3,1,3,34172,M,4359330.0,385194.0,34
201500024645,15,12,8,1000,1,2,1,2,6,34172,M,4362980.0,387002.0,34
201500024646,15,12,9,1435,1,2,1,1,6,34172,M,4361140.0,386654.0,34
201500024647,15,12,9,1830,5,2,1,1,3,34172,M,4360960.0,390887.0,34
201500024648,15,12,9,1145,1,2,3,1,3,34172,M,4358710.0,388955.0,34
201500024649,15,12,10,1235,1,2,1,1,3,34172,M,4361360.0,391200.0,34
201500024650,15,12,11,1520,1,2,2,1,6,34172,M,4360280.0,387100.0,34
201500024651,15,12,12,750,2,2,1,1,6,34172,M,4359400.0,389862.0,34
201500024652,15,12,12,1815,3,2,2,1,3,34172,M,4360080.0,389754.0,34
201500024653,15,12,16,950,1,1,1,1,6,34172,M,4360830.0,387202.0,34
201500024654,15,12,17,1815,5,2,1,1,6,34172,M,4362520.0,387092.0,34
201500024655,15,12,18,2000,3,1,1,1,6,34172,M,4361230.0,393359.0,34
201500024656,15,12,24,50,5,2,3,1,3,34172,M,4358790.0,385415.0,34
201500024657,15,12,24,1455,1,2,1,1,1,34172,M,4358900.0,389094.0,34
201500024658,15,12,27,2,5,2,2,1,3,34172,M,4362370.0,386183.0,34
201500024659,15,12,30,1530,1,2,1,1,6,34172,M,4360870.0,385032.0,34
201500024660,15,1,20,1040,1,2,1,1,6,34108,M,4344723.0,375433.0,34
201500024661,15,1,24,102,5,2,1,6,7,34301,M,4341377.0,368204.0,34
201500024662,15,3,14,635,1,1,1,1,1,34108,M,4344738.0,379644.0,34
201500024663,15,2,8,1600,1,1,1,7,6,34301,M,4340175.0,366162.0,34
201500024664,15,3,25,415,5,2,1,2,6,34108,M,4345163.0,374959.0,34
201500024665,15,3,26,1610,1,2,1,1,3,34301,M,4340690.0,366629.0,34
201500024666,15,3,11,1545,1,2,1,1,3,34301,M,4341390.0,370496.0,34
201500024667,15,4,4,255,5,2,1,1,6,34301,M,4344158.0,369733.0,34
201500024668,15,4,14,1815,1,1,1,1,5,34108,M,4343527.0,372017.0,34
201500024669,15,4,23,750,1,2,1,1,6,34301,M,4341212.0,369679.0,34
201500024670,15,4,25,310,3,1,1,2,6,34108,M,4345110.0,376370.0,34
201500024671,15,5,6,940,1,2,1,1,3,34301,M,4340930.0,370062.0,34
201500024672,15,5,8,300,5,2,1,1,6,34301,M,4341437.0,367324.0,34
201500024673,15,5,13,2335,5,2,1,1,3,34301,M,4339452.0,367743.0,34
201500024674,15,6,11,800,1,1,1,1,1,34108,M,4345466.0,376692.0,34
201500024675,15,5,24,2255,3,1,1,1,7,34108,M,4342967.0,376657.0,34
201500024676,15,5,28,2007,1,2,1,1,7,34301,M,4342091.0,372264.0,34
201500024677,15,6,12,1215,1,1,3,1,3,34301,M,4345387.0,369123.0,34
201500024678,15,7,3,1855,1,2,2,1,3,34301,M,4340087.0,369463.0,34
201500024679,15,7,4,850,1,2,3,1,3,34301,M,4340933.0,367309.0,34
201500024680,15,7,6,2210,3,1,9,1,7,34301,M,,,34
201500024681,15,7,22,1000,1,2,1,1,2,34301,M,4341326.0,366898.0,34
201500024682,15,7,31,1700,1,2,1,1,6,34301,M,4340344.0,369692.0,34
201500024683,15,8,1,1215,1,2,3,1,2,34108,M,4344723.0,375433.0,34
201500024684,15,8,2,2000,1,2,3,1,3,34301,M,4339280.0,368576.0,34