Num_Acc,an,mois,jour,hrmn,lum,agg,int,atm,col,com,gps,lat,long,dep
201500024685,15,8,3,1945,1,2,3,1,2,34301,M,4341097.0,367088.0,34
201500024686,15,8,4,1610,1,2,1,1,2,34301,M,4339378.0,367163.0,34
201500024687,15,8,5,1915,1,1,1,1,1,34301,M,4335379.0,359336.0,34
201500024688,15,8,17,1040,1,1,1,1,5,34301,M,4343216.0,370305.0,34
201500024689,15,8,20,1614,1,1,3,1,3,34108,M,4342406.0,371283.0,34
201500024690,15,9,6,1715,1,1,1,1,6,34108,M,4344445.0,376347.0,34
201500024691,15,9,11,715,1,1,1,1,7,34108,M,4344872.0,374585.0,34
201500024692,15,9,16,2220,5,2,1,1,6,34301,M,4340153.0,366139.0,34
201500024693,15,9,19,1500,1,1,1,1,1,34301,M,4335431.0,359417.0,34
201500024694,15,9,24,720,1,2,3,1,3,34301,M,4340799.0,369622.0,34
201500024695,15,10,11,1045,1,2,1,1,6,34301,M,4340107.0,369611.0,34
201500024696,15,10,21,945,1,2,1,1,6,34301,M,4340272.0,369996.0,34
201500024697,15,10,25,545,5,2,1,1,6,34301,M,4340762.0,369568.0,34
201500024698,15,10,26,1845,2,2,1,1,6,34301,M,4340795.0,370430.0,34
201500024699,15,11,6,815,1,1,3,1,3,34108,M,4343347.0,370232.0,34
201500024700,15,11,7,1825,5,2,1,1,6,34301,M,4339499.0,369472.0,34
201500024701,15,11,12,1545,1,1,1,1,3,34108,M,4344011.0,375406.0,34
201500024702,15,12,4,2110,5,2,1,1,1,34108,M,4344754.0,375470.0,34
201500024703,15,12,6,2000,3,2,1,1,6,34108,M,4342267.0,371760.0,34
201500024704,15,2,17,1605,1,2,1,1,6,35115,M,4835296.0,-119901.0,35
201500024705,15,3,13,2220,3,1,1,1,6,35150,M,,,35
201500024706,15,4,23,1230,1,2,3,1,7,35115,M,4834655.0,-120242.0,35
201500024707,15,5,13,1705,1,2,6,1,6,35115,M,4835337.0,-120100.0,35
201500024708,15,5,12,1850,1,2,1,1,3,35115,M,4834784.0,-119068.0,35
201500024709,15,6,10,1445,1,2,1,1,6,35115,M,4835952.0,-119234.0,35
201500024710,15,6,10,1615,1,2,7,1,3,35115,M,4834805.0,-119464.0,35
201500024711,15,8,1,1900,1,2,1,1,6,35115,M,4834696.0,-118778.0,35
201500024712,15,10,19,1612,1,2,6,8,3,35115,M,4835452.0,-121105.0,35
201500024713,15,11,14,1510,1,2,9,1,6,35115,M,4834982.0,-119399.0,35
201500024714,15,11,24,1450,1,2,2,2,3,35115,M,4835512.0,-119223.0,35
201500024715,15,12,17,1820,3,1,2,2,3,35150,M,4835501.0,-123028.0,35
201500024716,15,2,6,1645,1,1,1,1,6,35150,M,4835129.0,-122961.0,35
201500024717,15,2,10,1725,1,2,6,1,3,35115,M,4835447.0,-121101.0,35
201500024718,15,1,2,1145,1,2,6,1,3,35238,M,4808770.0,-165090.0,35
201500024719,15,1,5,930,1,2,2,1,3,35238,M,4812540.0,-165289.0,35
201500024720,15,2,16,1740,1,2,1,2,7,35281,M,4809361.0,-170094.0,35
201500024721,15,1,6,1845,5,2,3,1,6,35238,M,4811700.0,-170469.0,35
201500024722,15,1,7,1740,5,1,1,8,2,35238,M,4813180.0,-170858.0,35
201500024723,15,2,17,829,1,2,3,1,6,35238,M,4809136.0,-165503.0,35
201500024724,15,1,7,1910,3,2,1,1,4,35206,M,4807940.0,-168794.0,35
201500024725,15,2,17,1530,1,2,2,1,3,35238,M,4810855.0,-169297.0,35
201500024726,15,2,17,1145,1,2,3,1,3,35238,M,4808585.0,-169535.0,35
201500024727,15,1,8,835,2,2,1,1,6,35238,M,4809840.0,-167910.0,35
201500024728,15,2,20,940,1,2,6,2,1,35051,M,4811417.0,-162077.0,35
201500024729,15,1,8,1430,1,2,5,1,3,35238,M,4810180.0,-168441.0,35
201500024730,15,2,20,2300,5,2,1,1,6,35238,M,4812975.0,-164263.0,35
201500024731,15,1,12,1237,1,2,1,1,2,35238,M,4811760.0,-170796.0,35
201500024732,15,2,21,1455,1,1,1,4,6,35281,M,4806210.0,-171979.0,35
201500024733,15,1,11,640,3,2,5,1,6,35206,M,4807930.0,-168886.0,35
201500024734,15,2,22,618,3,2,1,1,6,35278,M,4814900.0,-168581.0,35
201500024735,15,1,11,1400,1,2,2,1,3,35238,M,4812270.0,-168542.0,35
201500024736,15,1,12,1300,1,2,1,8,3,35238,M,4810980.0,-166928.0,35
201500024737,15,1,12,1500,1,2,2,1,2,35238,M,4810150.0,-170258.0,35
201500024738,15,1,13,510,5,2,1,2,6,35238,M,4810990.0,-166629.0,35
201500024739,15,1,13,1830,5,2,3,1,5,35238,M,4812200.0,-171344.0,35
201500024740,15,1,14,1750,3,2,1,8,2,35238,M,4812170.0,-171973.0,35
201500024741,15,1,14,1910,5,2,1,8,7,35238,M,4809000.0,-167491.0,35
201500024742,15,1,17,1150,1,2,1,1,7,35238,M,4811710.0,-167614.0,35
201500024743,15,1,17,1325,1,2,2,1,3,35238,M,4810860.0,-168015.0,35
201500024744,15,1,19,1830,3,1,6,1,2,35278,M,4814471.0,-165699.0,35
201500024745,15,3,2,745,1,1,1,1,7,35278,M,4813921.0,-169782.0,35
201500024746,15,1,26,1005,1,2,1,1,3,35238,M,4810359.0,-166251.0,35
201500024747,15,1,19,1005,1,2,2,1,3,35238,M,4810350.0,-166268.0,35
201500024748,15,1,19,1200,1,2,9,1,6,35051,M,4811429.0,-158971.0,35
201500024749,15,1,20,1040,1,1,1,9,2,35278,M,4814152.0,-167141.0,35
201500024750,15,1,20,900,1,2,1,1,5,35051,M,4812745.0,-162670.0,35
201500024751,15,1,21,1445,1,2,2,1,6,35238,M,4810740.0,-167784.0,35
201500024752,15,1,23,830,1,2,6,1,7,35281,M,4808660.0,-170753.0,35
201500024753,15,1,25,1350,1,2,2,1,4,35238,M,4810740.0,-167201.0,35
201500024754,15,3,7,2230,5,2,2,1,1,35281,M,4808856.0,-169379.0,35
201500024755,15,1,28,750,5,2,1,2,6,35238,M,4812530.0,-163275.0,35
201500024756,15,1,28,815,2,2,5,2,3,35238,M,4810650.0,-168451.0,35
201500024757,15,1,29,1750,1,2,4,2,6,35238,M,4810370.0,-167502.0,35
201500024758,15,3,11,800,2,2,3,8,7,35238,M,4812208.0,-162873.0,35
201500024759,15,1,30,240,5,2,3,6,6,35238,M,4811360.0,-168724.0,35
201500024760,15,3,11,1115,1,2,1,1,7,35281,M,4807823.0,-172488.0,35
201500024761,15,1,30,845,3,2,6,2,3,35238,M,4811152.0,-162513.0,35
201500024762,15,1,30,1425,1,2,2,3,3,35238,M,4810790.0,-167354.0,35
201500024763,15,11,26,1530,1,2,1,1,7,35238,M,4813156.0,-164088.0,35
201500024764,15,1,31,1850,5,2,1,2,6,35281,M,4807939.0,-171565.0,35
201500024765,15,11,20,2000,3,1,1,2,6,35051,M,4811550.0,-157072.0,35
201500024766,15,1,31,1910,5,2,4,2,6,35238,M,4809730.0,-168884.0,35
201500024767,15,11,26,1830,3,1,1,1,7,35278,M,4813966.0,-169531.0,35
201500024768,15,11,25,1930,5,2,1,1,7,35281,M,4808671.0,-170751.0,35
201500024769,15,2,1,145,5,2,2,4,6,35238,M,4811780.0,-168553.0,35
201500024770,15,3,23,920,1,2,1,1,2,35278,M,4814061.0,-169625.0,35
201500024771,15,2,4,1430,1,2,1,1,6,35238,M,4811300.0,-168016.0,35
201500024772,15,3,25,10,5,2,1,1,3,35281,M,4808239.0,-171531.0,35
201500024773,15,2,5,1430,1,2,1,2,6,35238,M,4813030.0,-168650.0,35
201500024774,15,2,5,1720,1,2,1,8,2,35238,M,4811450.0,-171894.0,35
201500024775,15,2,6,1345,1,2,1,1,3,35238,M,4811390.0,-164501.0,35
201500024776,15,2,6,1800,1,2,1,1,6,35238,M,4810220.0,-171203.0,35
201500024777,15,3,30,1810,1,2,3,1,2,35238,M,4812019.0,-163140.0,35
201500024778,15,2,7,1400,1,2,6,1,6,35238,M,4809160.0,-165839.0,35
201500024779,15,4,1,1100,1,1,6,1,2,35238,M,4808193.0,-167512.0,35
201500024780,15,2,7,1600,1,2,1,1,3,35238,M,4810970.0,-168782.0,35
201500024781,15,4,1,1730,1,2,1,1,3,35238,M,4810724.0,-168449.0,35
201500024782,15,2,8,1615,1,2,1,1,2,35238,M,4810200.0,-170609.0,35
201500024783,15,2,9,705,5,2,6,1,6,35238,M,4810410.0,-165012.0,35
201500024784,15,4,8,1415,1,2,1,1,7,35238,M,4811331.0,-167522.0,35
201500024785,15,2,9,2155,5,2,2,1,7,35238,M,4809740.0,-167516.0,35
201500024786,15,12,11,1945,5,2,1,1,6,35238,M,4810632.0,-172018.0,35
201500024787,15,4,3,2140,5,2,4,2,3,35238,M,4812453.0,-170991.0,35
201500024788,15,2,11,655,3,2,1,1,6,35238,M,4808400.0,-169874.0,35
201500024789,15,4,5,720,1,2,1,1,7,35238,M,4810706.0,-172598.0,35
201500024790,15,2,11,1300,1,2,2,1,3,35238,M,4810210.0,-169866.0,35
201500024791,15,2,12,145,3,1,1,1,6,35281,M,4807618.0,-174492.0,35
201500024792,15,4,8,1920,1,2,1,1,6,35238,M,4810935.0,-168382.0,35
201500024793,15,2,12,1410,1,2,1,1,3,35238,M,4810410.0,-168435.0,35
201500024794,15,4,11,2050,1,1,1,1,5,35238,M,4811212.0,-171836.0,35
201500024795,15,2,12,1705,1,2,6,1,6,35238,M,4810180.0,-170729.0,35
201500024796,15,4,9,1915,1,2,1,1,6,35238,M,4812138.0,-171347.0,35
201500024797,15,4,9,1830,1,2,1,1,3,35281,M,4807786.0,-174177.0,35
201500024798,15,2,13,1845,5,2,2,1,6,35238,M,4810860.0,-167917.0,35
201500024799,15,4,12,210,3,1,1,1,6,35238,M,4813767.0,-162607.0,35
201500024800,15,4,12,1400,1,1,1,1,1,35238,M,4808096.0,-167282.0,35
201500024801,15,4,13,1600,1,2,1,1,3,35055,M,4809004.0,-161404.0,35
201500024802,15,2,14,410,5,2,1,2,6,35238,M,4811040.0,-168462.0,35
201500024803,15,4,17,1400,1,2,1,1,3,35238,M,4810206.0,-168251.0,35
201500024804,15,4,17,1440,1,1,1,1,2,35238,M,4811390.0,-171892.0,35
201500024805,15,2,14,2050,3,1,1,1,7,35051,M,4809841.0,-160622.0,35
201500024806,15,4,18,15,3,1,9,1,6,35238,M,4813044.0,-170986.0,35
201500024807,15,4,18,1945,1,2,1,1,3,35238,M,4809229.0,-162930.0,35
201500024808,15,4,19,1215,1,2,6,1,3,35238,M,4813665.0,-166689.0,35
201500024809,15,2,16,1315,1,2,2,3,3,35238,M,4810850.0,-169298.0,35
201500024810,15,4,20,1400,1,1,1,1,3,35238,M,4807930.0,-168886.0,35
201500024811,15,4,20,1600,1,2,1,1,3,35238,M,4808795.0,-167207.0,35
201500024812,15,2,17,829,1,2,3,1,3,35238,M,4809130.0,-165504.0,35
201500024813,15,4,20,1900,1,2,1,1,4,35238,M,4810745.0,-169308.0,35
201500024814,15,4,21,1255,1,1,6,1,1,35051,M,4813637.0,-162447.0,35
201500024815,15,4,23,1015,1,2,2,1,6,35238,M,4810860.0,-167782.0,35
201500024816,15,4,24,2330,5,2,3,2,1,35238,M,4812845.0,-166424.0,35
201500024817,15,4,27,1840,1,2,2,1,1,35238,M,4808970.0,-168563.0,35
201500024818,15,4,25,1155,1,1,1,1,6,35051,M,4811875.0,-157255.0,35
201500024819,15,2,19,1237,1,2,5,1,7,35238,M,4812100.0,-172203.0,35
201500024820,15,4,25,1810,1,1,1,1,2,35238,M,4807780.0,-167458.0,35
201500024821,15,4,26,1500,1,2,1,1,7,35238,M,4812103.0,-167170.0,35
201500024822,15,4,27,810,1,2,1,8,3,35238,M,4809690.0,-165341.0,35
201500024823,15,4,29,745,1,2,6,1,6,35238,M,4808966.0,-168225.0,35
201500024824,15,4,29,1245,1,2,2,1,3,35238,M,4809447.0,-168558.0,35
201500024825,15,2,21,2150,5,2,2,1,6,35238,M,4811010.0,-168621.0,35
201500024826,15,4,29,1743,1,1,1,1,4,35238,M,4808970.0,-168563.0,35
201500024827,15,5,2,2104,3,1,6,2,6,35281,M,4807423.0,-171260.0,35
201500024828,15,2,22,1230,1,2,3,1,3,35238,M,4808471.0,-166072.0,35
201500024829,15,2,23,1835,2,2,1,1,2,35238,M,4812770.0,-165089.0,35
201500024830,15,2,25,458,3,2,6,2,2,35238,M,4812720.0,-162892.0,35
201500024831,15,2,25,750,1,2,6,2,6,35238,M,4813230.0,-165205.0,35
201500024832,15,2,25,1130,1,2,1,1,6,35238,M,4811260.0,-167528.0,35
201500024833,15,2,25,1545,1,2,1,2,6,35238,M,4810940.0,-170804.0,35
201500024834,15,2,26,809,1,2,6,2,6,35238,M,4808460.0,-169601.0,35
201500024835,15,5,12,1630,1,2,9,1,6,35278,M,4814333.0,-168799.0,35
201500024836,15,2,26,1630,1,1,2,2,2,35238,M,4809800.0,-172712.0,35
201500024837,15,5,13,1430,1,2,1,1,2,35281,M,4809196.0,-169176.0,35
201500024838,15,2,27,1215,1,2,1,1,3,35238,M,4811497.0,-165734.0,35
201500024839,15,5,14,925,1,2,3,2,6,35278,M,4815172.0,-168867.0,35
201500024840,15,2,27,1310,1,2,1,1,6,35238,M,4809810.0,-164338.0,35
201500024841,15,3,1,1715,1,2,1,1,6,35238,M,4809430.0,-168283.0,35
201500024842,15,3,6,1010,1,2,6,1,6,35051,M,4811266.0,-160809.0,35
201500024843,15,3,2,1345,1,2,1,1,1,35238,M,4810130.0,-173132.0,35
201500024844,15,3,3,1035,1,2,2,2,3,35238,M,4812280.0,-168870.0,35
201500024845,15,5,16,1220,1,2,6,1,6,35055,M,4808573.0,-161437.0,35
201500024846,15,3,4,1035,1,2,2,1,3,35238,M,4808830.0,-166760.0,35
201500024847,15,3,4,1100,1,2,2,8,3,35238,M,4812800.0,-165746.0,35
201500024848,15,3,4,1810,1,2,1,1,2,35238,M,4808470.0,-165904.0,35
201500024849,15,3,5,1545,1,2,3,1,4,35238,M,4810690.0,-172602.0,35
201500024850,15,3,6,545,5,2,4,1,6,35238,M,4811150.0,-169085.0,35
201500024851,15,5,22,1340,1,1,1,1,3,35051,M,4811596.0,-158336.0,35
201500024852,15,5,19,1830,1,1,6,1,1,35051,M,4812326.0,-162088.0,35
201500024853,15,3,7,420,5,2,6,1,7,35238,M,4809000.0,-169106.0,35
201500024854,15,5,19,1930,1,1,1,1,6,35051,M,4811429.0,-161317.0,35
201500024855,15,3,7,1510,1,2,1,1,6,35238,M,4811250.0,-166756.0,35
201500024856,15,3,10,925,1,2,2,8,3,35238,M,4809740.0,-167516.0,35
201500024857,15,6,1,1500,1,2,3,1,3,35238,M,4812525.0,-166393.0,35
201500024858,15,6,2,1725,1,2,1,1,6,35238,M,4811847.0,-171575.0,35
201500024859,15,6,3,1135,1,2,2,1,6,35238,M,4810847.0,-168436.0,35
201500024860,15,3,12,800,1,2,2,1,3,35238,M,4813510.0,-165961.0,35
201500024861,15,6,4,900,1,1,1,1,6,35238,M,4813686.0,-166288.0,35
201500024862,15,3,12,1745,1,2,2,1,5,35238,M,4811620.0,-166126.0,35
201500024863,15,6,4,1825,1,2,4,1,3,35238,M,4811012.0,-169902.0,35
201500024864,15,3,14,1910,5,2,1,8,3,35238,M,4810570.0,-167765.0,35
201500024865,15,6,5,900,1,2,1,1,6,35238,M,4809255.0,-168021.0,35
201500024866,15,6,5,1245,1,2,1,1,2,35238,M,4808873.0,-164466.0,35
201500024867,15,6,7,1940,1,2,2,1,3,35238,M,4809518.0,-163768.0,35
201500024868,15,3,17,2320,5,2,2,1,3,35238,M,4808370.0,-167516.0,35
201500024869,15,6,8,855,1,2,1,1,3,35238,M,4810246.0,-169455.0,35
201500024870,15,3,18,1740,1,2,2,1,3,35238,M,4808970.0,-168563.0,35
201500024871,15,6,11,1655,1,2,1,1,2,35238,M,4810499.0,-168443.0,35
201500024872,15,6,12,815,1,2,1,1,5,35051,M,4813230.0,-163446.0,35
201500024873,15,3,20,1725,1,2,6,2,4,35238,M,4808120.0,-167506.0,35
201500024874,15,6,12,900,1,2,1,1,7,35238,M,4808369.0,-167688.0,35
201500024875,15,3,20,2145,5,2,6,1,6,35238,M,4808700.0,-168549.0,35
201500024876,15,6,12,1105,1,2,1,1,6,35055,M,4808756.0,-161674.0,35
201500024877,15,3,21,2015,5,2,3,1,3,35238,M,4809710.0,-165385.0,35
201500024878,15,6,10,1550,1,1,1,1,3,35238,M,4810908.0,-169070.0,35
201500024879,15,6,12,1420,1,1,1,1,4,35278,M,4816056.0,-165130.0,35
201500024880,15,3,24,1050,1,2,1,8,2,35238,M,4812620.0,-166904.0,35
201500024881,15,6,13,220,3,1,6,1,6,35051,M,4810738.0,-161650.0,35
201500024882,15,6,13,1045,1,1,1,1,4,35238,M,4814136.0,-167858.0,35
201500024883,15,3,25,755,1,2,3,1,6,35238,M,4811060.0,-167169.0,35
201500024884,15,6,13,1148,1,2,1,1,7,35238,M,4809045.0,-165528.0,35
201500024885,15,3,26,1830,1,2,6,1,3,35238,M,4810540.0,-170846.0,35
201500024886,15,6,13,1150,1,1,1,1,2,35238,M,4808453.0,-169883.0,35
201500024887,15,3,26,2345,5,2,2,1,3,35238,M,4810040.0,-164993.0,35
201500024888,15,6,15,1752,1,1,6,1,7,35051,M,4811810.0,-156769.0,35
201500024889,15,6,16,1550,1,2,1,1,1,35238,M,4810621.0,-171600.0,35
201500024890,15,6,16,1630,1,2,1,1,6,35238,M,4811621.0,-167874.0,35
201500024891,15,6,17,1830,1,2,2,1,3,35238,M,4811822.0,-167633.0,35
201500024892,15,6,18,830,1,2,1,1,1,35238,M,4809757.0,-164255.0,35
201500024893,15,3,30,40,5,2,5,2,6,35238,M,4810180.0,-168441.0,35
201500024894,15,6,18,1335,1,2,1,1,6,35238,M,4809158.0,-166255.0,35
201500024895,15,6,19,1400,1,2,2,1,2,35238,M,4811016.0,-168407.0,35
201500024896,15,3,31,1055,1,2,2,1,3,35238,M,4810350.0,-169401.0,35
201500024897,15,6,19,1510,1,1,1,1,4,35238,M,4812936.0,-171097.0,35
201500024898,15,6,20,1145,1,2,3,1,3,35238,M,4810719.0,-173362.0,35
201500024899,15,6,23,1600,1,2,1,1,7,35238,M,4810605.0,-168444.0,35
201500024900,15,6,23,1750,1,1,1,1,2,35278,M,4814722.0,-169903.0,35
201500024901,15,6,20,1300,1,2,4,1,3,35238,M,4811237.0,-167284.0,35
201500024902,15,6,24,1640,1,2,9,1,6,35238,M,4811002.0,-168424.0,35
201500024903,15,6,25,1720,1,2,3,1,3,35238,M,4811008.0,-168623.0,35
201500024904,15,6,26,825,1,2,2,1,6,35238,M,4810050.0,-164989.0,35
201500024905,15,6,26,1225,1,1,1,1,4,35238,M,4808425.0,-169885.0,35
201500024906,15,6,27,1500,1,2,6,1,6,35238,M,4813230.0,-169086.0,35
201500024907,15,6,28,1715,1,2,2,1,1,35051,M,4813099.0,-162123.0,35
201500024908,15,6,29,1615,1,1,9,1,2,35281,M,4806740.0,-171430.0,35
201500024909,15,6,29,2010,1,2,1,1,6,35238,M,4810733.0,-167169.0,35
201500024910,15,6,30,1610,1,2,1,1,7,35238,M,4810617.0,-171761.0,35
201500024911,15,6,30,1630,1,2,3,1,6,35238,M,4809989.0,-165793.0,35
201500024912,15,7,1,1745,1,1,1,1,4,35238,M,4811965.0,-172022.0,35
201500024913,15,7,2,1755,1,2,2,1,3,35238,M,4808843.0,-166766.0,35
201500024914,15,6,5,1015,1,2,1,1,2,35238,M,4815461.0,-169369.0,35
201500024915,15,7,3,1315,1,1,9,1,3,35238,M,4814073.0,-168887.0,35
201500024916,15,7,3,1805,1,2,2,1,2,35238,M,4810938.0,-167393.0,35
201500024917,15,6,5,1825,1,2,6,1,3,35051,M,,,35
201500024918,15,7,5,1830,1,2,2,1,3,35238,M,4809514.0,-163785.0,35
201500024919,15,7,5,1728,1,2,2,1,3,35238,M,4808675.0,-167505.0,35
201500024920,15,7,6,800,1,2,6,1,3,35051,M,4815453.0,-159461.0,35
201500024921,15,7,6,1735,1,1,1,1,4,35278,M,4814147.0,-167092.0,35
201500024922,15,7,6,1845,1,2,6,1,3,35051,M,4810143.0,-160829.0,35
201500024923,15,7,7,1050,1,1,9,1,7,35238,M,4808511.0,-163997.0,35
201500024924,15,7,8,1330,1,2,6,1,6,35278,M,4813621.0,-169213.0,35
201500024925,15,7,9,100,5,2,2,1,3,35238,M,4808894.0,-167428.0,35
201500024926,15,7,9,1345,1,2,6,1,2,35055,M,4808807.0,-160834.0,35
201500024927,15,7,9,1515,1,2,2,1,3,35281,M,4809638.0,-169262.0,35
201500024928,15,7,10,920,1,2,1,1,6,35055,M,4809819.0,-162290.0,35
201500024929,15,7,10,1500,1,1,1,1,7,35238,M,4809642.0,-171215.0,35
201500024930,15,5,20,30,3,1,1,1,6,35278,M,4816457.0,-169129.0,35
201500024931,15,7,10,1845,1,2,3,1,5,35055,M,4808694.0,-160910.0,35
201500024932,15,7,11,1120,1,2,2,1,3,35238,M,4810746.0,-168028.0,35
201500024933,15,7,11,1855,1,2,2,1,3,35238,M,4811445.0,-169999.0,35
201500024934,15,7,15,1900,1,1,6,1,7,35278,M,4815240.0,-170585.0,35
201500024935,15,7,17,1800,1,1,1,1,2,35278,M,4814094.0,-168323.0,35
201500024936,15,7,18,1205,1,1,1,1,6,35238,M,4809538.0,-171107.0,35
201500024937,15,7,19,100,5,2,2,1,3,35238,M,4811795.0,-168618.0,35
201500024938,15,7,20,730,1,2,6,1,3,35238,M,4809008.0,-169097.0,35
201500024939,15,7,22,2145,2,2,2,1,3,35238,M,4809137.0,-166496.0,35
201500024940,15,7,23,1050,1,1,6,1,3,35055,M,4807782.0,-163225.0,35
201500024941,15,5,4,1455,1,2,2,2,3,35238,M,4810940.0,-167393.0,35
201500024942,15,7,23,1550,1,2,1,1,6,35238,M,4812328.0,-166494.0,35
201500024943,15,5,4,1920,1,2,1,2,6,35238,M,4812310.0,-166029.0,35
201500024944,15,7,23,2215,5,2,2,1,2,35238,M,4812845.0,-166445.0,35
201500024945,15,5,6,1210,1,2,3,1,6,35238,M,4811270.0,-166464.0,35
201500024946,15,7,24,1130,1,1,6,1,7,35278,M,4815507.0,-170077.0,35
201500024947,15,5,6,1550,1,2,1,2,3,35238,M,4809000.0,-168861.0,35
201500024948,15,7,24,1800,1,1,1,1,4,35238,M,4811090.0,-171834.0,35
201500024949,15,5,7,905,1,2,1,1,3,35238,M,4810540.0,-165057.0,35
201500024950,15,7,27,1210,1,2,1,1,6,35238,M,4810880.0,-171031.0,35
201500024951,15,7,28,1630,1,2,2,1,3,35238,M,4810935.0,-167784.0,35
201500024952,15,5,9,2303,5,2,2,1,3,35238,M,4808370.0,-167516.0,35
201500024953,15,7,28,1615,1,2,1,2,7,35238,M,4812789.0,-166467.0,35
201500024954,15,5,12,1540,1,2,6,1,2,35238,M,4808160.0,-167455.0,35
201500024955,15,7,28,1910,1,2,6,1,3,35238,M,4810531.0,-170810.0,35
201500024956,15,7,29,920,1,2,2,1,3,35238,M,4811272.0,-169333.0,35
201500024957,15,5,13,154,4,2,2,1,3,35238,M,4810610.0,-169213.0,35
201500024958,15,7,29,1140,1,1,1,1,5,35238,M,4811453.0,-171907.0,35
201500024959,15,7,30,1815,1,2,3,1,5,35238,M,4812199.0,-170878.0,35
201500024960,15,7,31,1230,1,2,1,1,1,35238,M,4811172.0,-169306.0,35
201500024961,15,8,6,340,5,2,2,1,3,35238,M,4812843.0,-166430.0,35
201500024962,15,8,5,1840,1,2,6,1,3,35281,M,4808720.0,-170733.0,35
201500024963,15,5,14,1300,1,2,2,1,1,35238,M,4808370.0,-167516.0,35
201500024964,15,8,6,1715,1,2,6,1,6,35281,M,4808698.0,-170740.0,35
201500024965,15,5,14,1540,1,2,2,1,3,35238,M,4810850.0,-169298.0,35
201500024966,15,8,7,1740,1,2,1,1,2,35238,M,4810043.0,-165860.0,35
201500024967,15,5,15,1930,1,2,1,1,7,35238,M,4808540.0,-166552.0,35
201500024968,15,8,10,815,1,2,3,1,2,35051,M,4813354.0,-162990.0,35
201500024969,15,8,3,1250,1,2,1,1,2,35238,M,4810966.0,-166568.0,35
201500024970,15,8,8,1055,1,1,1,1,2,35278,M,4815647.0,-170355.0,35
201500024971,15,8,11,1700,1,2,3,1,3,35238,M,4810647.0,-166828.0,35
201500024972,15,5,19,1330,1,2,4,1,3,35238,M,4812990.0,-168422.0,35
201500024973,15,8,12,1320,1,2,2,1,6,35238,M,4810988.0,-168019.0,35
201500024974,15,8,12,1430,1,2,1,1,2,35238,M,4809310.0,-163130.0,35
201500024975,15,8,12,1920,1,2,6,1,2,35278,M,4815144.0,-169163.0,35
201500024976,15,5,19,2250,5,2,1,1,6,35238,M,4809670.0,-168917.0,35
201500024977,15,8,14,1241,1,1,1,1,1,35278,M,4814084.0,-169153.0,35
201500024978,15,8,17,1600,1,2,1,1,2,35238,M,4810861.0,-169617.0,35
201500024979,15,5,20,1200,1,2,1,2,1,35238,M,4807760.0,-167530.0,35
201500024980,15,8,18,1130,1,1,1,1,3,35281,M,4809218.0,-170756.0,35
201500024981,15,8,18,1800,1,1,2,1,1,35238,M,4809364.0,-167099.0,35
201500024982,15,8,14,1150,1,2,1,2,2,35238,M,4808795.0,-168224.0,35
201500024983,15,8,21,910,1,1,9,1,5,35238,M,4811076.0,-171836.0,35
201500024984,15,5,22,1510,1,2,2,1,2,35238,M,4812620.0,-169297.0,35
201500024985,15,8,21,1825,1,1,1,1,6,35238,M,4812446.0,-171492.0,35
201500024986,15,8,24,1850,1,1,1,2,6,35051,M,4813994.0,-158131.0,35
201500024987,15,8,20,1450,1,1,6,1,1,35238,M,4809337.0,-165837.0,35
201500024988,15,5,28,1310,1,2,2,1,3,35238,M,4809810.0,-168788.0,35
201500024989,15,8,24,745,1,2,2,3,6,35238,M,4811525.0,-168445.0,35
201500024990,15,8,25,1810,1,1,6,2,1,35055,M,4808008.0,-160639.0,35
201500024991,15,5,29,835,1,2,3,1,2,35238,M,4808470.0,-166092.0,35
201500024992,15,8,25,1850,1,1,1,2,7,35278,M,4816149.0,-162587.0,35
201500024993,15,5,30,1500,1,2,5,1,3,35238,M,4811450.0,-170007.0,35
201500024994,15,8,27,1930,1,1,6,3,7,35051,M,4810187.0,-160798.0,35
201500024995,15,8,28,1400,1,2,1,1,6,35238,M,4808542.0,-166151.0,35
201500024996,15,8,27,1945,1,1,1,2,1,35238,M,4808361.0,-164284.0,35
201500024997,15,9,1,1805,1,2,6,1,1,35238,M,4809336.0,-165840.0,35
201500024998,15,9,1,650,1,1,1,1,4,35238,M,4807994.0,-168322.0,35
201500024999,15,9,2,1615,1,2,2,1,2,35238,M,4811247.0,-166668.0,35
201500025000,15,9,4,815,1,2,3,1,3,35238,M,4813101.0,-170388.0,35
201500025001,15,9,5,1600,1,2,1,1,6,35238,M,4808138.0,-167838.0,35
201500025002,15,9,6,1830,1,2,3,1,3,35051,M,4812128.0,-163016.0,35
201500025003,15,9,7,1300,1,2,1,1,3,35238,M,4811009.0,-166371.0,35