Num_Acc,an,mois,jour,hrmn,lum,agg,int,atm,col,com,gps,lat,long,dep
201500025004,15,9,7,1825,1,1,1,1,4,35238,M,4810468.0,-171665.0,35
201500025005,15,8,29,145,5,2,1,1,6,35238,M,4811327.0,-168085.0,35
201500025006,15,8,24,810,1,2,1,1,5,35238,M,4811478.0,-167443.0,35
201500025007,15,9,11,1700,1,1,1,1,4,35238,M,4811770.0,-171970.0,35
201500025008,15,9,12,1,3,2,1,1,2,35238,M,4811001.0,-165758.0,35
201500025009,15,9,16,925,1,1,1,1,4,35051,M,4811505.0,-156337.0,35
201500025010,15,9,16,1535,1,2,2,1,3,35238,M,4810615.0,-169213.0,35
201500025011,15,9,16,1750,1,2,1,1,7,35238,M,4810897.0,-168683.0,35
201500025012,15,9,16,1810,1,1,1,3,2,35051,M,4811560.0,-156833.0,35
201500025013,15,9,17,40,3,1,9,1,7,35051,M,4814911.0,-160926.0,35
201500025014,15,9,18,1640,1,1,1,1,2,35238,M,4811065.0,-171834.0,35
201500025015,15,9,19,1740,1,2,3,1,6,35238,M,4812579.0,-168561.0,35
201500025016,15,9,20,310,5,2,1,1,6,35238,M,4811418.0,-168511.0,35
201500025017,15,9,21,830,1,2,2,1,3,35238,M,4812263.0,-168422.0,35
201500025018,15,9,20,2050,5,2,2,1,3,35238,M,4811206.0,-170232.0,35
201500025019,15,9,20,225,5,2,1,1,7,35238,M,4811321.0,-167524.0,35
201500025020,15,9,22,2115,3,1,1,1,7,35238,M,4809082.0,-173890.0,35
201500025021,15,9,22,830,1,2,3,8,1,35238,M,4812072.0,-166470.0,35
201500025022,15,9,23,1210,1,2,1,1,2,35238,M,4810823.0,-169447.0,35
201500025023,15,9,23,1550,1,2,1,1,6,35238,M,4808233.0,-167691.0,35
201500025024,15,9,24,624,3,1,1,1,6,35238,M,4810373.0,-171634.0,35
201500025025,15,9,24,1220,1,2,6,1,2,35278,M,4813698.0,-169265.0,35
201500025026,15,9,14,1836,1,1,1,1,7,35051,M,4811142.0,-158711.0,35
201500025027,15,9,29,1730,1,2,5,1,3,35238,M,4809730.0,-165777.0,35
201500025028,15,10,1,1855,1,2,1,1,6,35238,M,4810029.0,-169845.0,35
201500025029,15,10,1,1755,1,1,1,1,4,35238,M,4810185.0,-171575.0,35
201500025030,15,10,2,10,4,2,3,1,7,35238,M,4811011.0,-170525.0,35
201500025031,15,10,2,735,2,2,1,1,2,35238,M,4811006.0,-169887.0,35
201500025032,15,10,2,1920,1,2,2,1,4,35238,M,4809381.0,-167407.0,35
201500025033,15,10,4,1730,1,2,6,1,3,35281,M,4809080.0,-170428.0,35
201500025034,15,10,6,1720,1,2,5,1,3,35238,M,4809351.0,-166909.0,35
201500025035,15,10,4,2135,5,2,1,2,6,35238,M,4811482.0,-165722.0,35
201500025036,15,10,8,750,5,2,3,1,3,35238,M,4810387.0,-167701.0,35
201500025037,15,10,8,815,2,1,1,1,6,35055,M,4808426.0,-164115.0,35
201500025038,15,10,8,835,1,2,2,1,6,35278,M,4813838.0,-169829.0,35
201500025039,15,10,9,1820,1,2,1,1,1,35238,M,4809072.0,-173894.0,35
201500025040,15,10,9,805,1,2,6,1,2,35238,M,4808942.0,-168243.0,35
201500025041,15,10,9,1450,1,2,2,1,6,35238,M,4809345.0,-167426.0,35
201500025042,15,10,9,2050,5,2,1,1,6,35051,M,4811105.0,-160858.0,35
201500025043,15,10,9,2230,5,2,2,1,3,35238,M,4809344.0,-166883.0,35
201500025044,15,10,11,1545,1,2,6,1,3,35238,M,4809977.0,-168316.0,35
201500025045,15,10,13,1950,5,2,6,1,6,35238,M,4808501.0,-168246.0,35
201500025046,15,10,15,750,4,2,2,1,3,35238,M,4811008.0,-165983.0,35
201500025047,15,10,15,810,2,1,1,1,4,35055,M,4809731.0,-161727.0,35
201500025048,15,10,15,1145,1,2,1,1,3,35238,M,4810826.0,-168446.0,35
201500025049,15,10,16,1710,1,2,3,1,3,35238,M,4810753.0,-167343.0,35
201500025050,15,10,16,1220,1,2,1,1,6,35238,M,4808909.0,-167973.0,35
201500025051,15,10,16,2205,5,2,2,1,6,35238,M,4810696.0,-167055.0,35
201500025052,15,10,17,1110,1,1,1,1,4,35238,M,4813777.0,-170154.0,35
201500025053,15,10,19,800,2,1,9,1,6,35238,M,4814016.0,-163247.0,35
201500025054,15,8,24,1030,1,1,6,1,6,35051,M,4810122.0,-160877.0,35
201500025055,15,10,22,1130,1,2,1,1,6,35238,M,4812317.0,-171068.0,35
201500025056,15,10,22,1700,1,1,1,1,7,35051,M,4811871.0,-157103.0,35
201500025057,15,10,22,1850,1,2,1,1,4,35238,M,4808757.0,-167497.0,35
201500025058,15,10,22,2135,5,2,3,1,3,35238,M,4811333.0,-165663.0,35
201500025059,15,10,23,1210,1,2,1,1,2,35238,M,4809537.0,-166290.0,35
201500025060,15,10,25,1310,1,1,1,1,4,35238,M,4814144.0,-164174.0,35
201500025061,15,10,19,1610,1,2,4,1,3,35238,M,4810949.0,-170748.0,35
201500025062,15,10,24,2145,3,1,2,8,7,35051,M,4809949.0,-160539.0,35
201500025063,15,10,25,1850,5,2,2,1,3,35238,M,4812176.0,-166275.0,35
201500025064,15,10,27,1000,1,1,1,1,7,35051,M,4811958.0,-157251.0,35
201500025065,15,10,27,1730,1,2,2,1,3,35238,M,4812727.0,-168659.0,35
201500025066,15,10,27,1845,1,2,1,1,3,35238,M,4811392.0,-168799.0,35
201500025067,15,10,28,1231,1,2,2,1,3,35238,M,4812716.0,-168648.0,35
201500025068,15,10,28,1720,1,2,1,1,2,35238,M,4810608.0,-167761.0,35
201500025069,15,10,29,1035,1,2,1,1,2,35238,M,4809137.0,-166461.0,35
201500025070,15,10,30,1930,5,2,1,1,4,35238,M,4812757.0,-168319.0,35
201500025071,15,10,31,1205,1,2,3,1,3,35238,M,4812102.0,-168690.0,35
201500025072,15,11,1,2000,5,2,6,1,6,35281,M,4808670.0,-170752.0,35
201500025073,15,11,2,920,1,2,1,1,6,35238,M,4811016.0,-168238.0,35
201500025074,15,11,2,1230,1,2,6,1,3,35278,M,4813414.0,-169424.0,35
201500025075,15,11,2,1405,1,2,2,1,6,35238,M,4812812.0,-168343.0,35
201500025076,15,11,2,1815,3,1,1,1,6,35278,M,4814080.0,-168994.0,35
201500025077,15,11,3,1710,1,2,1,2,6,35238,M,4813076.0,-165671.0,35
201500025078,15,11,3,2120,5,2,6,1,3,35238,M,4808449.0,-164332.0,35
201500025079,15,11,4,830,5,2,2,1,3,35238,M,4810175.0,-168447.0,35
201500025080,15,11,4,1045,1,2,3,1,3,35238,M,4809096.0,-168034.0,35
201500025081,15,11,5,1250,1,2,3,1,3,35238,M,4810106.0,-172001.0,35
201500025082,15,11,5,1800,5,2,2,2,6,35238,M,4808679.0,-167436.0,35
201500025083,15,11,5,1915,5,2,6,2,6,35051,M,4811425.0,-160999.0,35
201500025084,15,11,5,1845,5,1,1,1,4,35051,M,4811028.0,-158461.0,35
201500025085,15,11,6,1405,1,2,3,1,1,35238,M,4812890.0,-164557.0,35
201500025086,15,11,6,1315,1,2,1,2,3,35238,M,4813046.0,-164246.0,35
201500025087,15,11,6,1650,1,2,2,1,1,35238,M,4809488.0,-163795.0,35
201500025088,15,11,6,2125,5,2,2,2,3,35238,M,4811248.0,-166624.0,35
201500025089,15,11,6,1720,1,1,1,2,4,35278,M,4814921.0,-169917.0,35
201500025090,15,11,11,2015,3,2,3,1,3,35238,M,4810518.0,-167756.0,35
201500025091,15,11,13,818,1,2,6,1,3,35278,M,4815941.0,-167732.0,35
201500025092,15,11,15,2035,5,2,2,1,3,35238,M,4812845.0,-166430.0,35
201500025093,15,11,4,1535,1,1,1,1,2,35238,M,4808652.0,-167506.0,35
201500025094,15,11,10,725,1,1,1,1,2,35238,M,4809958.0,-161363.0,35
201500025095,15,11,17,1427,1,2,1,1,6,35238,M,4810887.0,-169153.0,35
201500025096,15,11,18,1340,1,2,6,1,3,35238,M,4811599.0,-170517.0,35
201500025097,15,11,18,1720,1,2,7,1,3,35238,M,4810936.0,-168471.0,35
201500025098,15,11,12,1740,5,2,2,1,3,35238,M,4811027.0,-166562.0,35
201500025099,15,11,16,2040,5,2,3,1,6,35238,M,4812053.0,-171336.0,35
201500025100,15,11,16,1838,5,2,1,2,3,35238,M,4811337.0,-169617.0,35
201500025101,15,11,16,2020,3,2,1,1,2,35051,M,0.0,0.0,35
201500025102,15,11,18,820,1,1,1,1,4,35238,M,4813827.0,-170057.0,35
201500025103,15,11,18,1630,1,2,2,7,6,35238,M,4810100.0,-168513.0,35
201500025104,15,11,18,1830,1,1,6,1,3,35051,M,4814017.0,-162716.0,35
201500025105,15,11,20,1705,5,2,1,1,6,35238,M,4812543.0,-163258.0,35
201500025106,15,11,7,1740,2,1,1,1,3,35238,M,4811036.0,-165565.0,35
201500025107,15,11,9,1105,1,1,1,1,4,35238,M,4813125.0,-169022.0,35
201500025108,15,11,11,2145,4,2,3,1,1,35238,M,4810917.0,-165945.0,35
201500025109,15,11,13,1850,3,1,1,1,4,35238,M,4808276.0,-169757.0,35
201500025110,15,11,16,1930,1,1,2,1,3,35281,M,4809251.0,-169468.0,35
201500025111,15,11,20,825,2,2,2,2,1,35238,M,4809900.0,-168431.0,35
201500025112,15,11,27,1000,1,2,5,1,6,35238,M,4811453.0,-165704.0,35
201500025113,15,11,27,1700,1,2,1,2,6,35238,M,4813227.0,-170830.0,35
201500025114,15,11,18,1315,1,2,1,1,6,35238,M,4812564.0,-169299.0,35
201500025115,15,11,27,1900,5,2,1,2,6,35238,M,4811278.0,-168028.0,35
201500025116,15,11,27,2005,5,2,3,2,6,35238,M,4810744.0,-167612.0,35
201500025117,15,11,28,315,5,2,1,2,3,35238,M,4811017.0,-168386.0,35
201500025118,15,11,28,1700,1,2,4,1,3,35238,M,4812129.0,-168294.0,35
201500025119,15,11,30,800,5,2,1,1,7,35238,M,4809769.0,-165675.0,35
201500025120,15,11,30,910,1,2,1,2,6,35238,M,4808875.0,-164458.0,35
201500025121,15,11,30,945,1,1,1,2,2,35281,M,4808624.0,-169994.0,35
201500025122,15,11,30,1700,1,2,2,1,3,35238,M,4810980.0,-168419.0,35
201500025123,15,12,1,445,5,2,1,1,6,35281,M,4807496.0,-171248.0,35
201500025124,15,12,1,845,2,1,1,1,6,35238,M,4810470.0,-167263.0,35
201500025125,15,12,1,1810,5,2,2,1,3,35238,M,4810980.0,-167792.0,35
201500025126,15,12,1,2035,5,2,1,1,6,35238,M,4811525.0,-169887.0,35
201500025127,15,12,3,250,5,2,6,1,6,35238,M,4811174.0,-164664.0,35
201500025128,15,12,3,1320,1,2,2,1,3,35238,M,4810178.0,-165613.0,35
201500025129,15,12,3,1840,5,2,6,1,4,35238,M,4811171.0,-164638.0,35
201500025130,15,12,6,345,5,2,6,1,7,35281,M,4808212.0,-171148.0,35
201500025131,15,12,4,410,3,1,1,2,7,35051,M,4814823.0,-159696.0,35
201500025132,15,11,26,930,1,2,3,1,1,35238,M,4808652.0,-166377.0,35
201500025133,15,12,4,915,1,2,1,7,4,35238,M,4810480.0,-166478.0,35
201500025134,15,12,4,925,1,2,6,1,3,35278,M,4813661.0,-169295.0,35
201500025135,15,12,4,2020,5,2,1,1,2,35238,M,4809341.0,-163922.0,35
201500025136,15,12,5,1545,1,2,2,8,6,35238,M,4810753.0,-168028.0,35
201500025137,15,12,5,1920,5,2,2,1,6,35238,M,4809533.0,-163789.0,35
201500025138,15,12,6,1740,2,2,1,1,7,35238,M,4810672.0,-166915.0,35
201500025139,15,12,7,845,1,2,6,1,3,35238,M,4811605.0,-169186.0,35
201500025140,15,11,30,1700,1,1,1,1,5,35238,M,4808956.0,-163142.0,35
201500025141,15,12,6,325,5,2,2,1,3,35281,M,4809035.0,-169278.0,35
201500025142,15,12,7,1030,1,2,2,1,3,35238,M,4809184.0,-167827.0,35
201500025143,15,12,9,830,1,2,3,1,6,35238,M,4810322.0,-168859.0,35
201500025144,15,12,9,1000,1,2,1,1,1,35238,M,4808999.0,-167675.0,35
201500025145,15,12,9,1900,3,1,9,1,2,35238,M,4814215.0,-162367.0,35
201500025146,15,11,25,1845,3,1,1,2,2,35238,M,4812728.0,-171231.0,35
201500025147,15,12,10,1355,1,2,2,1,3,35238,M,4810618.0,-169214.0,35
201500025148,15,12,10,1800,5,2,6,1,6,35238,M,4811622.0,-171613.0,35
201500025149,15,12,11,1300,1,2,6,1,4,35051,M,4810770.0,-161535.0,35
201500025150,15,12,15,1300,1,2,3,1,3,35238,M,4812445.0,-170932.0,35
201500025151,15,12,11,1730,2,1,6,1,6,35055,M,4807991.0,-160473.0,35
201500025152,15,12,11,1830,3,1,1,1,6,35051,M,4814210.0,-161369.0,35
201500025153,15,12,13,800,5,2,2,1,3,35238,M,4809379.0,-167454.0,35
201500025154,15,12,13,940,1,2,2,1,3,35238,M,4808377.0,-167511.0,35
201500025155,15,12,14,1755,3,2,1,1,3,35238,M,4810102.0,-165187.0,35
201500025156,15,12,14,1820,3,2,1,1,5,35238,M,4809135.0,-164259.0,35
201500025157,15,12,15,1800,5,2,2,8,6,35238,M,4810546.0,-168430.0,35
201500025158,15,12,15,1905,5,2,6,8,6,35278,M,4813502.0,-169359.0,35
201500025159,15,12,16,1200,1,2,1,1,4,35238,M,4811587.0,-165803.0,35
201500025160,15,12,17,1625,1,2,3,1,6,35238,M,4812810.0,-165908.0,35
201500025161,15,12,17,1730,5,2,1,1,6,35055,M,4808835.0,-161889.0,35
201500025162,15,12,13,1900,5,2,2,1,3,35238,M,4811256.0,-168480.0,35
201500025163,15,12,18,1910,5,2,1,1,6,35238,M,4811066.0,-167045.0,35
201500025164,15,12,18,2150,5,2,2,1,2,35238,M,4809825.0,-165530.0,35
201500025165,15,12,19,1115,1,2,3,1,3,35238,M,4810753.0,-167543.0,35
201500025166,15,12,19,1715,2,2,1,8,6,35238,M,4813033.0,-168439.0,35
201500025167,15,12,20,1305,1,2,3,1,6,35238,M,4810861.0,-167995.0,35
201500025168,15,12,22,1320,1,2,2,2,3,35238,M,4812797.0,-165737.0,35
201500025169,15,12,22,1730,1,1,1,1,2,35278,M,4814201.0,-164492.0,35
201500025170,15,12,22,1350,1,2,1,2,6,35238,M,4812676.0,-165852.0,35
201500025171,15,12,23,1300,1,2,2,1,1,35238,M,4812458.0,-170304.0,35
201500025172,15,12,15,1530,1,2,1,1,3,35238,M,4810731.0,-165114.0,35
201500025173,15,12,23,1030,1,2,2,1,3,35238,M,4810356.0,-169401.0,35
201500025174,15,12,26,1255,1,2,9,1,3,35238,M,4811169.0,-169116.0,35
201500025175,15,12,26,1510,1,2,4,1,6,35238,M,4810875.0,-165474.0,35
201500025176,15,12,26,1544,1,2,2,1,6,35238,M,4810981.0,-168469.0,35
201500025177,15,12,29,1700,1,1,9,1,7,35238,M,4812205.0,-171983.0,35
201500025178,15,12,29,2120,5,2,2,1,2,35238,M,4812848.0,-166448.0,35
201500025179,15,12,30,1355,1,2,1,1,6,35238,M,4811531.0,-167734.0,35
201500025180,15,12,30,1845,5,2,3,1,6,35238,M,4811302.0,-168375.0,35
201500025181,15,12,30,2000,5,2,2,3,6,35278,M,4815179.0,-168604.0,35
201500025182,15,3,20,1515,1,2,1,1,6,35288,M,4863662.0,-199682.0,35
201500025183,15,2,7,1630,1,2,1,1,6,35288,M,4864615.0,-202618.0,35
201500025184,15,5,10,20,5,2,1,1,7,35093,M,4863333.0,-205874.0,35
201500025185,15,5,6,1218,1,2,1,1,6,35288,M,4865107.0,-202173.0,35
201500025186,15,4,17,1818,1,1,2,1,5,35288,M,4863338.0,-195011.0,35
201500025187,15,7,18,1158,1,2,1,1,6,35288,M,4865033.0,-202119.0,35
201500025188,15,8,4,410,3,1,5,1,7,35288,M,4860766.0,-195913.0,35
201500025189,15,8,15,910,1,2,2,1,1,35241,M,4861380.0,-203646.0,35
201500025190,15,10,16,1350,1,2,6,1,3,35288,M,4864736.0,-200812.0,35
201500025191,15,9,17,1215,1,1,1,1,2,35241,M,4861360.0,-204128.0,35
201500025192,15,3,4,1540,1,2,1,1,6,36159,M,4679240.0,173601.0,36
201500025193,15,11,20,540,5,2,1,1,6,36044,M,4680720.0,168588.0,36
201500025194,15,2,17,1755,1,2,1,8,1,36044,M,4679120.0,170047.0,36
201500025195,15,11,26,820,1,2,1,8,1,36044,M,4679860.0,170113.0,36
201500025196,15,3,6,1744,1,2,1,1,6,36044,M,4680750.0,169172.0,36
201500025197,15,11,29,805,1,2,1,1,6,36044,M,4680950.0,168348.0,36
201500025198,15,3,11,1858,1,2,1,1,7,36044,M,4678720.0,168234.0,36
201500025199,15,11,19,2043,5,1,6,1,3,36159,M,4679770.0,172814.0,36
201500025200,15,3,12,745,1,2,1,1,2,36044,M,4680090.0,169243.0,36
201500025201,15,11,22,2055,5,2,1,1,6,36044,M,4680710.0,169324.0,36
201500025202,15,3,6,1030,1,2,1,1,2,36044,M,4681190.0,170072.0,36
201500025203,15,11,25,1850,3,1,1,8,2,36063,M,4680750.0,174560.0,36
201500025204,15,3,14,1720,1,1,1,1,7,36159,M,4675610.0,172208.0,36
201500025205,15,11,27,1615,1,2,2,1,3,36044,M,4681570.0,170711.0,36
201500025206,15,3,17,1701,1,2,1,1,4,36202,M,4678340.0,165513.0,36
201500025207,15,12,18,1730,3,1,1,1,2,36044,M,4679690.0,172690.0,36
201500025208,15,3,27,1221,1,1,1,1,3,36202,M,4683160.0,161365.0,36
201500025209,15,12,6,2255,5,2,2,1,3,36044,M,4681140.0,169570.0,36
201500025210,15,3,20,930,1,2,1,8,6,36044,M,4681210.0,170044.0,36
201500025211,15,12,4,1900,5,2,1,1,6,36044,M,4680440.0,169687.0,36
201500025212,15,3,27,1615,1,2,1,1,3,36044,M,4680710.0,170692.0,36
201500025213,15,12,9,1600,1,1,1,1,3,36044,M,4678870.0,169126.0,36
201500025214,15,4,4,620,5,2,1,8,7,36044,M,4679930.0,172471.0,36
201500025215,15,12,9,1154,1,2,1,1,2,36044,M,4681060.0,169502.0,36
201500025216,15,4,7,1610,1,2,1,1,3,36044,M,4680380.0,170752.0,36
201500025217,15,12,8,1725,3,1,1,1,2,36159,M,4671960.0,173923.0,36
201500025218,15,4,12,720,2,1,1,8,7,36063,M,4684590.0,168813.0,36
201500025219,15,12,11,759,2,2,1,1,3,36044,M,4679900.0,171297.0,36
201500025220,15,4,1,1522,1,2,3,1,2,36063,M,4682580.0,170049.0,36
201500025221,15,12,8,844,2,2,1,1,6,36044,M,4680140.0,172036.0,36
201500025222,15,4,5,1901,1,2,2,1,3,36044,M,4680680.0,169449.0,36
201500025223,15,12,9,1420,1,2,6,1,3,36063,M,4685320.0,171237.0,36
201500025224,15,4,8,1709,1,2,1,1,2,36044,M,4680610.0,170017.0,36
201500025225,15,12,13,1232,1,1,6,1,3,36044,M,4678800.0,170369.0,36
201500025226,15,4,10,1828,1,2,1,1,2,36044,M,4681210.0,169828.0,36
201500025227,15,12,5,1623,1,2,1,1,2,36044,M,4681570.0,168468.0,36
201500025228,15,5,11,1530,1,2,1,1,2,36044,M,4679350.0,171184.0,36
201500025229,15,12,11,2309,5,2,1,1,2,36044,M,4681200.0,169442.0,36
201500025230,15,5,2,2325,5,2,1,1,1,36044,M,,,36
201500025231,15,12,15,1455,1,2,1,1,6,36044,M,4681140.0,169365.0,36
201500025232,15,4,16,835,1,2,1,1,3,36044,M,4680290.0,167989.0,36
201500025233,15,12,24,1145,1,2,1,1,6,36044,M,4680850.0,169172.0,36
201500025234,15,4,22,903,1,2,1,1,6,36044,M,,,36
201500025235,15,12,16,1006,1,2,1,1,6,36044,M,4680310.0,171621.0,36
201500025236,15,4,21,1430,1,2,1,1,2,36044,M,4679610.0,169206.0,36
201500025237,15,4,24,1140,1,2,1,1,2,36044,M,4681620.0,170884.0,36
201500025238,15,12,30,445,3,1,1,1,6,36063,M,4683000.0,167966.0,36
201500025239,15,5,7,2210,5,2,3,1,3,36044,M,4679780.0,170595.0,36
201500025240,15,5,11,1830,1,2,6,1,3,36044,M,4681290.0,172017.0,36
201500025241,15,5,8,425,3,1,6,1,6,36063,M,4682390.0,175720.0,36
201500025242,15,5,15,2005,1,2,2,1,3,36044,M,4680820.0,170379.0,36
201500025243,15,5,5,1650,1,2,1,1,3,36044,M,4680080.0,171328.0,36
201500025244,15,5,29,440,4,2,1,1,7,36159,M,4677930.0,170722.0,36
201500025245,15,6,11,1520,1,2,1,1,2,36044,M,4680060.0,169244.0,36
201500025246,15,6,2,2303,3,1,1,1,6,36159,M,4676300.0,167931.0,36
201500025247,15,6,6,1541,1,2,1,1,6,36202,M,4680710.0,164216.0,36
201500025248,15,6,5,1920,1,2,1,1,3,36063,M,4681140.0,174344.0,36
201500025249,15,6,16,940,1,1,1,1,7,36202,M,4680850.0,162087.0,36
201500025250,15,6,21,1615,1,2,1,1,2,36202,M,4679130.0,166233.0,36
201500025251,15,6,30,1822,1,2,1,1,3,36063,M,4685160.0,170350.0,36
201500025252,15,8,1,1535,1,2,2,1,3,36044,M,4681040.0,170578.0,36
201500025253,15,7,1,1759,1,2,1,1,3,36044,M,4680790.0,167678.0,36
201500025254,15,7,7,2105,1,1,6,1,3,36063,M,4684550.0,170895.0,36
201500025255,15,7,12,1825,1,2,6,1,3,36044,M,4679310.0,171116.0,36
201500025256,15,7,14,1112,1,1,6,1,6,36063,M,4685150.0,170119.0,36
201500025257,15,7,19,1250,1,1,1,1,6,36202,M,4677620.0,167474.0,36
201500025258,15,7,21,1900,1,2,1,1,2,36044,M,4680500.0,168821.0,36
201500025259,15,7,29,1605,1,2,1,1,2,36063,M,4683060.0,171304.0,36
201500025260,15,7,17,2030,1,2,1,1,1,36044,M,4681050.0,170528.0,36
201500025261,15,8,3,2330,5,2,1,1,2,36044,M,4681970.0,171093.0,36
201500025262,15,8,9,1800,1,2,1,1,6,36044,M,4680060.0,170195.0,36
201500025263,15,8,29,1810,1,1,1,1,2,36063,M,4684330.0,171036.0,36
201500025264,15,8,29,1034,1,1,1,1,4,36063,M,4683790.0,173093.0,36
201500025265,15,9,8,1336,1,2,1,1,3,36044,M,4680850.0,168917.0,36
201500025266,15,9,7,1555,1,2,1,1,3,36044,M,4680000.0,167003.0,36
201500025267,15,9,13,820,1,2,1,8,3,36044,M,4680830.0,170593.0,36
201500025268,15,9,14,1715,1,2,1,8,3,36044,M,4681920.0,168652.0,36
201500025269,15,9,8,837,1,2,6,1,3,36044,M,4679620.0,170795.0,36
201500025270,15,9,16,1955,1,1,6,1,6,36063,M,4685220.0,170064.0,36
201500025271,15,9,23,845,1,2,1,1,6,36044,M,4678880.0,169323.0,36
201500025272,15,9,26,1610,1,1,4,1,3,36202,M,4679050.0,160979.0,36
201500025273,15,9,26,1940,1,2,1,1,6,36044,M,4678930.0,169124.0,36
201500025274,15,9,27,1800,1,1,4,1,1,36044,M,4682210.0,167759.0,36
201500025275,15,10,4,2218,5,1,6,2,3,36202,M,4677570.0,164841.0,36
201500025276,15,10,15,1620,1,2,1,1,6,36044,M,4679780.0,171845.0,36
201500025277,15,10,15,1620,1,2,1,1,2,36159,M,4676060.0,171751.0,36
201500025278,15,10,3,2010,5,2,1,2,7,36044,M,4681110.0,167869.0,36
201500025279,15,10,22,1007,1,2,1,1,6,36044,M,4680660.0,168155.0,36
201500025280,15,10,23,25,5,2,2,2,3,36044,M,4680540.0,168571.0,36
201500025281,15,10,22,1529,1,2,1,1,7,36063,M,4683190.0,170285.0,36
201500025282,15,11,6,1300,1,1,2,2,3,36057,M,4678870.0,169130.0,36
201500025283,15,11,12,1800,5,1,2,1,3,36063,M,4685340.0,171266.0,36
201500025284,15,11,5,845,1,2,1,1,2,36044,M,4680240.0,167665.0,36
201500025285,15,11,14,1119,1,2,1,1,6,36044,M,4680160.0,169218.0,36
201500025286,15,11,13,1845,5,2,3,8,3,36044,M,4681130.0,168834.0,36
201500025287,15,11,12,1009,1,2,1,1,2,36044,M,4681290.0,169704.0,36
201500025288,15,11,13,1730,3,1,1,2,7,36044,M,4682090.0,172474.0,36
201500025289,15,11,2,1735,2,2,1,1,2,36044,M,4680640.0,170981.0,36
201500025290,15,11,3,800,1,1,3,1,3,36063,M,4685490.0,166821.0,36
201500025291,15,11,11,1450,1,1,2,1,3,36202,M,4677410.0,164705.0,36
201500025292,15,1,9,835,2,2,1,8,6,36044,M,4680770.0,170709.0,36
201500025293,15,1,7,825,2,2,1,2,2,36044,M,4680230.0,171835.0,36
201500025294,15,2,9,350,5,2,2,1,3,36044,M,4680230.0,171835.0,36
201500025295,15,2,11,1650,1,1,1,1,2,36202,M,4677500.0,164549.0,36
201500025296,15,2,14,2340,5,2,4,1,3,36044,M,4679870.0,169230.0,36
201500025297,15,1,19,1744,5,2,1,2,3,36159,M,4679210.0,174005.0,36
201500025298,15,1,23,1750,2,2,1,8,3,36044,M,4680820.0,167694.0,36
201500025299,15,1,31,1502,1,1,1,1,3,36159,M,4677170.0,171250.0,36
201500025300,15,2,3,750,2,2,1,1,6,36159,M,4677180.0,171243.0,36
201500025301,15,2,11,1132,1,2,1,1,1,36044,M,4678910.0,169438.0,36
201500025302,15,2,17,1845,5,2,1,1,6,37261,M,,,37
201500025303,15,2,18,1640,1,2,1,1,6,37261,M,,,37
201500025304,15,2,23,1750,1,2,1,1,6,37261,M,,,37
201500025305,15,2,20,1420,1,2,3,2,6,37261,M,,,37
201500025306,15,2,24,2150,5,2,1,1,6,37261,M,,,37
201500025307,15,2,25,1110,1,2,1,2,6,37214,M,,,37
201500025308,15,2,25,1220,1,2,1,2,4,37261,M,,,37
201500025309,15,2,25,1745,1,2,1,2,7,37261,M,,,37
201500025310,15,2,27,730,1,2,9,1,7,37233,M,,,37
201500025311,15,2,27,1409,1,2,3,1,3,37122,M,,,37
201500025312,15,2,27,1336,1,2,1,1,2,37261,M,,,37
201500025313,15,3,2,1006,1,2,6,1,6,37261,M,,,37
201500025314,15,3,2,1315,1,2,3,1,1,37261,M,,,37
201500025315,15,3,6,1700,1,2,3,1,3,37261,M,,,37
201500025316,15,3,7,1420,1,2,1,1,6,37261,M,,,37
201500025317,15,3,8,120,5,2,2,1,3,37261,M,,,37
201500025318,15,1,8,1420,1,2,1,2,2,37208,M,,,37
201500025319,15,3,9,1410,1,1,1,1,4,37122,M,,,37
201500025320,15,1,11,1055,1,2,1,1,7,37261,M,,,37
201500025321,15,3,11,1556,1,2,1,1,3,37261,M,,,37
201500025322,15,1,15,1700,1,2,2,3,3,37261,M,,,37
201500025323,15,3,6,830,1,2,1,1,6,37261,M,,,37
201500025324,15,1,15,1410,1,2,1,1,3,37261,M,,,37
201500025325,15,3,6,1115,1,1,1,1,2,37261,M,,,37
201500025326,15,1,15,1425,1,2,6,1,3,37261,M,,,37
201500025327,15,3,6,830,1,2,6,1,3,37233,M,,,37
201500025328,15,1,20,1800,2,2,2,1,7,37261,M,,,37
201500025329,15,3,12,1408,1,2,1,1,7,37261,M,,,37