Num_Acc,an,mois,jour,hrmn,lum,agg,int,atm,col,com,gps,lat,long,dep
201500025330,15,1,21,1530,1,2,6,1,3,37233,M,,,37
201500025331,15,3,12,2150,5,2,1,1,1,37261,M,,,37
201500025332,15,1,21,1645,1,2,2,1,3,37233,M,,,37
201500025333,15,3,13,1005,1,2,3,1,3,37261,M,,,37
201500025334,15,1,29,1015,1,2,1,2,7,37261,M,,,37
201500025335,15,3,13,1440,1,2,6,2,3,37214,M,,,37
201500025336,15,1,29,1140,1,2,2,2,3,37214,M,,,37
201500025337,15,3,16,730,1,2,1,1,6,37261,M,,,37
201500025338,15,1,29,1200,1,2,1,1,7,37261,M,,,37
201500025339,15,12,16,1858,3,1,1,2,7,37122,M,4732019.0,66805.0,37
201500025340,15,3,16,900,1,2,6,1,6,37261,M,,,37
201500025341,15,2,4,1030,1,2,1,1,3,37122,M,,,37
201500025342,15,3,15,1405,1,2,1,1,6,37233,M,,,37
201500025343,15,2,7,1900,5,2,1,1,5,37261,M,,,37
201500025344,15,3,16,1245,1,2,1,1,1,37122,M,,,37
201500025345,15,2,9,720,2,2,1,1,7,37122,M,,,37
201500025346,15,3,11,1045,1,2,1,1,2,37261,M,,,37
201500025347,15,2,9,750,2,2,1,1,6,37122,M,,,37
201500025348,15,3,19,834,1,2,1,1,7,37261,M,,,37
201500025349,15,3,20,818,1,2,1,1,3,37261,M,,,37
201500025350,15,3,20,930,1,2,1,1,3,37261,M,,,37
201500025351,15,3,20,1234,1,2,2,2,7,37261,M,,,37
201500025352,15,3,20,1325,1,2,6,2,3,37261,M,,,37
201500025353,15,3,20,1515,1,2,1,1,6,37261,M,,,37
201500025354,15,3,21,1815,1,2,1,1,7,37261,M,,,37
201500025355,15,3,25,1755,1,2,3,1,3,37214,M,,,37
201500025356,15,3,25,1210,1,2,4,1,1,37261,M,,,37
201500025357,15,3,26,1635,1,2,1,2,6,37261,M,,,37
201500025358,15,3,27,805,1,2,3,1,6,37261,M,,,37
201500025359,15,3,28,1230,1,2,6,1,7,37261,M,,,37
201500025360,15,3,27,1430,1,2,1,1,7,37261,M,,,37
201500025361,15,3,27,1354,1,1,2,1,3,37214,M,,,37
201500025362,15,3,29,1216,1,2,1,2,3,37261,M,,,37
201500025363,15,3,30,1333,1,2,1,1,7,37122,M,,,37
201500025364,15,3,30,2010,2,2,1,1,3,37261,M,,,37
201500025365,15,3,31,1835,1,2,1,1,6,37261,M,,,37
201500025366,15,2,22,1715,1,2,1,1,7,37195,M,,,37
201500025367,15,4,1,915,1,2,7,1,6,37261,M,,,37
201500025368,15,4,1,1400,1,2,2,1,3,37261,M,,,37
201500025369,15,4,1,1530,1,2,6,1,6,37261,M,,,37
201500025370,15,1,7,744,5,2,1,8,3,37261,M,,,37
201500025371,15,4,3,2100,5,2,3,3,7,37261,M,,,37
201500025372,15,1,10,1635,1,2,1,1,4,37261,M,,,37
201500025373,15,4,3,2315,5,2,2,2,3,37261,M,,,37
201500025374,15,1,13,800,1,2,2,1,2,37261,M,,,37
201500025375,15,4,3,2335,5,2,1,2,2,37261,M,,,37
201500025376,15,1,22,1401,1,2,1,1,6,37122,M,,,37
201500025377,15,4,2,1330,1,2,1,1,6,37261,M,,,37
201500025378,15,1,25,1110,1,2,1,1,6,37122,M,,,37
201500025379,15,4,3,1958,1,2,6,8,3,37261,M,,,37
201500025380,15,1,30,800,1,2,6,8,7,37214,M,,,37
201500025381,15,4,4,1340,1,2,2,1,3,37261,M,,,37
201500025382,15,2,5,835,1,2,1,1,6,37261,M,,,37
201500025383,15,4,4,1850,1,2,6,1,3,37261,M,,,37
201500025384,15,2,11,745,1,2,1,1,7,37261,M,,,37
201500025385,15,4,4,1936,1,1,1,1,1,37195,M,,,37
201500025386,15,2,11,800,1,2,2,8,6,37261,M,,,37
201500025387,15,4,7,830,1,2,2,1,3,37233,M,,,37
201500025388,15,2,11,830,1,2,1,1,6,37261,M,,,37
201500025389,15,4,7,908,1,2,1,1,4,37208,M,,,37
201500025390,15,4,7,1005,1,2,1,1,3,37233,M,,,37
201500025391,15,4,7,1310,1,2,2,1,3,37261,M,,,37
201500025392,15,4,8,955,1,2,1,1,6,37261,M,,,37
201500025393,15,4,8,1515,1,2,1,1,2,37233,M,,,37
201500025394,15,4,8,2200,2,2,1,1,6,37261,M,,,37
201500025395,15,4,9,800,1,2,3,1,3,37122,M,,,37
201500025396,15,4,8,2030,1,2,1,1,2,37233,M,,,37
201500025397,15,4,10,2010,2,2,1,2,2,37233,M,,,37
201500025398,15,4,5,1117,1,1,1,1,6,37122,M,,,37
201500025399,15,2,16,1810,1,2,1,1,6,37261,M,,,37
201500025400,15,4,12,1235,1,2,6,1,6,37233,M,,,37
201500025401,15,4,12,1700,1,1,6,1,3,37261,M,,,37
201500025402,15,4,12,1635,1,2,1,1,6,37261,M,,,37
201500025403,15,4,13,1118,1,2,1,1,6,37261,M,,,37
201500025404,15,4,12,1910,1,2,2,1,3,37261,M,0.0,0.0,37
201500025405,15,4,14,1315,1,1,1,1,2,37261,M,,,37
201500025406,15,4,15,1250,1,2,2,1,3,37261,M,,,37
201500025407,15,4,15,1340,1,2,6,1,3,37261,M,,,37
201500025408,15,4,15,2000,1,2,1,1,7,37261,M,,,37
201500025409,15,3,7,115,5,2,1,1,6,37208,M,,,37
201500025410,15,4,19,120,5,2,2,1,3,37261,M,,,37
201500025411,15,4,19,1525,1,2,1,1,1,37261,M,,,37
201500025412,15,4,20,810,1,2,1,1,6,37261,M,,,37
201500025413,15,1,3,650,5,2,1,2,6,37261,M,,,37
201500025414,15,4,20,1135,1,2,3,1,3,37122,M,,,37
201500025415,15,1,7,1505,1,2,1,1,7,37122,M,,,37
201500025416,15,4,22,1247,1,2,1,1,6,37214,M,,,37
201500025417,15,1,7,1815,5,2,2,1,3,37261,M,,,37
201500025418,15,4,22,1550,1,2,2,1,3,37261,M,,,37
201500025419,15,1,9,825,5,2,1,2,6,37261,M,,,37
201500025420,15,4,21,1700,1,2,1,1,2,37261,M,,,37
201500025421,15,1,19,1805,3,2,2,1,3,37261,M,,,37
201500025422,15,4,21,1740,1,2,1,1,7,37261,M,,,37
201500025423,15,1,20,830,5,2,3,1,3,37261,M,,,37
201500025424,15,4,21,1915,1,1,2,1,6,37261,M,,,37
201500025425,15,1,20,850,1,2,1,1,5,37261,M,,,37
201500025426,15,4,23,805,1,2,3,1,1,37195,M,,,37
201500025427,15,1,20,855,2,2,2,1,3,37261,M,,,37
201500025428,15,4,23,2110,5,2,2,1,3,37261,M,,,37
201500025429,15,1,24,1501,1,2,3,1,3,37261,M,,,37
201500025430,15,4,24,35,5,2,1,1,6,37261,M,,,37
201500025431,15,1,27,730,5,2,1,1,2,37261,M,,,37
201500025432,15,4,24,1320,1,2,1,1,3,37261,M,,,37
201500025433,15,1,30,2010,5,2,2,1,3,37261,M,,,37
201500025434,15,4,24,1355,1,1,1,1,7,37122,M,,,37
201500025435,15,2,2,615,5,2,1,1,3,37261,M,,,37
201500025436,15,4,24,1720,1,2,6,1,2,37261,M,,,37
201500025437,15,2,2,755,5,2,1,1,6,37261,M,,,37
201500025438,15,4,25,1535,1,2,6,1,6,37261,M,,,37
201500025439,15,2,6,1340,1,2,3,1,3,37261,M,,,37
201500025440,15,4,22,835,1,1,1,1,3,37233,M,,,37
201500025441,15,2,6,1900,5,2,3,1,6,37261,M,,,37
201500025442,15,4,26,1900,1,2,6,3,3,37261,M,,,37
201500025443,15,2,11,1400,1,2,2,1,3,37261,M,,,37
201500025444,15,4,29,720,1,2,3,1,3,37233,M,,,37
201500025445,15,2,13,1000,1,1,1,1,7,37122,M,,,37
201500025446,15,4,23,1910,1,2,1,1,6,37122,M,,,37
201500025447,15,4,30,2150,3,2,1,3,7,37261,M,,,37
201500025448,15,5,1,400,5,2,1,3,2,37261,M,0.0,0.0,37
201500025449,15,5,2,2055,5,2,1,3,7,37261,M,0.0,0.0,37
201500025450,15,4,30,2004,1,1,1,3,5,37261,M,,,37
201500025451,15,5,2,1155,1,2,1,8,7,37208,M,,,37
201500025452,15,5,5,615,2,2,1,8,7,37261,M,,,37
201500025453,15,5,5,1915,1,2,1,1,3,37261,M,,,37
201500025454,15,3,15,35,5,2,1,1,7,37261,M,,,37
201500025455,15,3,6,1709,1,2,1,1,2,37261,M,,,37
201500025456,15,5,1,1840,1,1,1,3,6,37122,M,,,37
201500025457,15,5,6,1455,1,2,3,1,3,37261,M,,,37
201500025458,15,5,7,1247,1,2,2,1,3,37261,M,,,37
201500025459,15,5,7,1835,1,2,1,1,7,37261,M,,,37
201500025460,15,3,18,1210,1,2,1,1,7,37261,M,,,37
201500025461,15,1,2,2000,3,1,1,5,7,37122,M,,,37
201500025462,15,3,24,1030,1,2,3,2,7,37261,M,,,37
201500025463,15,1,17,2230,5,2,1,1,7,37122,M,,,37
201500025464,15,5,11,40,5,2,2,1,3,37261,M,0.0,0.0,37
201500025465,15,1,26,2113,5,2,6,8,7,37261,M,,,37
201500025466,15,5,12,1140,1,2,2,1,3,37261,M,,,37
201500025467,15,2,13,1,4,2,1,1,6,37261,M,,,37
201500025468,15,5,12,1225,1,1,3,1,6,37122,M,,,37
201500025469,15,5,15,1710,1,1,1,1,7,37261,M,,,37
201500025470,15,5,17,1548,1,2,1,1,6,37195,M,,,37
201500025471,15,5,19,1755,1,2,3,1,3,37233,M,,,37
201500025472,15,5,19,1945,1,2,3,1,6,37261,M,,,37
201500025473,15,5,20,515,5,2,3,1,3,37122,M,,,37
201500025474,15,5,20,1030,1,2,6,2,7,37261,M,,,37
201500025475,15,3,24,715,1,2,1,1,6,37261,M,,,37
201500025476,15,5,21,1210,1,2,1,1,3,37261,M,,,37
201500025477,15,5,20,1800,1,2,2,1,1,37261,M,,,37
201500025478,15,5,20,1615,1,1,3,1,1,37195,M,,,37
201500025479,15,5,23,1500,1,2,1,1,7,37261,M,,,37
201500025480,15,5,25,1145,1,2,2,1,3,37195,M,,,37
201500025481,15,5,26,1120,1,2,1,1,6,37214,M,,,37
201500025482,15,5,28,940,1,2,1,1,6,37214,M,,,37
201500025483,15,4,28,2315,5,2,2,1,2,37261,M,,,37
201500025484,15,5,28,2315,5,2,2,1,2,37261,M,0.0,0.0,37
201500025485,15,5,28,1210,1,2,1,1,7,37122,M,,,37
201500025486,15,5,29,1830,1,2,1,1,7,37195,M,,,37
201500025487,15,5,29,1649,1,2,1,1,2,37261,M,,,37
201500025488,15,5,30,1525,1,2,1,1,2,37261,M,,,37
201500025489,15,1,3,1615,1,2,1,2,7,37261,M,,,37
201500025490,15,5,31,1218,1,2,1,1,3,37261,M,,,37
201500025491,15,6,2,1820,1,2,1,1,1,37122,M,,,37
201500025492,15,6,3,1340,1,2,1,1,3,37261,M,,,37
201500025493,15,6,4,730,1,1,6,1,3,37233,M,,,37
201500025494,15,6,4,850,1,1,1,1,4,37261,M,,,37
201500025495,15,6,3,1950,1,2,6,1,3,37122,M,,,37
201500025496,15,6,5,1530,1,2,2,1,1,37233,M,,,37
201500025497,15,6,7,4,3,2,1,1,7,37122,M,0.0,0.0,37
201500025498,15,3,16,1300,1,2,6,1,6,37122,M,,,37
201500025499,15,6,8,820,1,2,1,1,6,37208,M,0.0,0.0,37
201500025500,15,6,8,1205,1,2,6,1,3,37214,M,,,37
201500025501,15,6,8,2215,3,2,1,1,6,37195,M,0.0,0.0,37
201500025502,15,6,8,1715,1,1,1,1,2,37122,M,,,37
201500025503,15,6,9,855,1,2,1,1,3,37261,M,,,37
201500025504,15,4,1,950,1,2,1,1,2,37261,M,,,37
201500025505,15,6,9,1427,1,1,1,1,6,37233,M,,,37
201500025506,15,6,9,1905,1,2,6,1,3,37122,M,,,37
201500025507,15,3,17,1602,1,2,1,1,2,37261,M,,,37
201500025508,15,6,10,1422,1,2,1,2,7,37261,M,,,37
201500025509,15,6,11,1216,1,2,1,1,5,37122,M,,,37
201500025510,15,6,12,1111,1,2,6,2,3,37261,M,,,37
201500025511,15,6,12,1150,1,2,3,2,3,37261,M,,,37
201500025512,15,6,12,1415,1,2,1,1,6,37122,M,,,37
201500025513,15,6,13,1730,1,1,6,1,3,37261,M,,,37
201500025514,15,6,13,1730,1,2,1,1,7,37208,M,,,37
201500025515,15,6,14,1715,1,2,1,8,6,37261,M,,,37
201500025516,15,6,17,813,1,2,2,1,3,37261,M,,,37
201500025517,15,6,17,1745,1,2,3,1,3,37122,M,,,37
201500025518,15,6,19,1335,1,2,1,1,3,37122,M,,,37
201500025519,15,6,15,515,3,2,1,2,3,37214,M,,,37
201500025520,15,6,21,1400,1,2,1,1,7,37214,M,0.0,0.0,37
201500025521,15,6,21,2030,1,2,2,1,3,37261,M,0.0,0.0,37
201500025522,15,6,24,1435,1,2,1,1,7,37261,M,0.0,0.0,37
201500025523,15,6,24,1935,1,1,9,1,3,37122,M,0.0,0.0,37
201500025524,15,6,10,1235,1,2,1,2,2,37208,M,0.0,0.0,37
201500025525,15,6,26,736,1,2,1,1,2,37122,M,0.0,0.0,37
201500025526,15,7,2,1715,1,2,1,1,3,37261,M,0.0,0.0,37
201500025527,15,6,27,1520,1,2,1,7,2,37208,M,,,37
201500025528,15,6,26,1730,1,2,1,1,2,37122,M,0.0,0.0,37
201500025529,15,6,30,1845,1,2,1,1,6,37261,M,0.0,0.0,37
201500025530,15,6,30,2040,1,2,3,1,6,37261,M,0.0,0.0,37
201500025531,15,7,1,1135,1,2,2,1,3,37122,M,0.0,0.0,37
201500025532,15,7,1,1125,1,2,1,1,3,37233,M,0.0,0.0,37
201500025533,15,5,11,840,1,1,1,1,2,37261,M,0.0,0.0,37
201500025534,15,5,13,1858,1,2,9,1,5,37122,M,,,37
201500025535,15,7,2,1050,1,2,3,1,6,37122,M,0.0,0.0,37
201500025536,15,7,3,2340,5,2,7,1,6,37195,M,0.0,0.0,37
201500025537,15,7,3,1120,1,1,2,1,3,37214,M,0.0,0.0,37
201500025538,15,7,5,2100,1,2,3,1,3,37233,M,0.0,0.0,37
201500025539,15,7,7,905,1,2,2,1,6,37261,M,0.0,0.0,37
201500025540,15,5,15,1734,1,2,1,1,2,37122,M,0.0,0.0,37
201500025541,15,7,7,2300,3,2,1,1,6,37122,M,0.0,0.0,37
201500025542,15,7,8,800,1,2,1,1,6,37261,M,0.0,0.0,37
201500025543,15,5,21,1619,1,2,1,1,7,37261,M,,,37
201500025544,15,7,8,345,3,2,1,1,6,37233,M,0.0,0.0,37
201500025545,15,7,9,930,1,2,1,1,2,37233,M,0.0,0.0,37
201500025546,15,7,10,1920,1,2,3,1,3,37208,M,0.0,0.0,37
201500025547,15,6,18,1445,1,2,1,1,6,37261,M,0.0,0.0,37
201500025548,15,6,16,830,1,2,8,1,7,37122,M,0.0,0.0,37
201500025549,15,7,14,18,5,2,1,1,6,37261,M,0.0,0.0,37
201500025550,15,7,14,2030,1,2,2,1,3,37233,M,0.0,0.0,37
201500025551,15,7,15,1642,1,1,1,1,7,37261,M,0.0,0.0,37
201500025552,15,7,15,1130,1,2,2,1,3,37261,M,0.0,0.0,37
201500025553,15,7,16,1632,1,2,1,1,6,37261,M,0.0,0.0,37
201500025554,15,7,17,1740,1,2,1,1,4,37261,M,0.0,0.0,37
201500025555,15,7,6,2210,5,2,6,1,6,37122,M,,,37
201500025556,15,7,17,1910,1,2,1,1,6,37122,M,0.0,0.0,37
201500025557,15,7,23,824,1,2,3,1,3,37261,M,0.0,0.0,37
201500025558,15,7,10,1930,1,2,1,1,1,37261,M,0.0,0.0,37
201500025559,15,7,24,1545,1,2,1,1,6,37261,M,0.0,0.0,37
201500025560,15,7,25,2125,2,2,1,1,6,37261,M,0.0,0.0,37
201500025561,15,7,19,2035,1,2,1,1,7,37122,M,0.0,0.0,37
201500025562,15,7,27,1540,1,2,1,1,2,37261,M,,,37
201500025563,15,7,28,2010,1,2,1,1,7,37214,M,0.0,0.0,37
201500025564,15,7,26,1220,1,2,4,2,1,37261,M,0.0,0.0,37
201500025565,15,7,30,1620,1,2,2,1,1,37233,M,0.0,0.0,37
201500025566,15,8,4,1058,1,1,1,1,6,37122,M,0.0,0.0,37
201500025567,15,8,4,1535,1,2,1,1,1,37261,M,0.0,0.0,37
201500025568,15,8,7,2315,5,2,1,1,7,37261,M,0.0,0.0,37
201500025569,15,7,31,1550,1,2,1,1,2,37214,M,0.0,0.0,37
201500025570,15,8,8,1326,1,1,1,8,3,37122,M,0.0,0.0,37
201500025571,15,8,7,1558,1,2,2,1,6,37195,M,0.0,0.0,37
201500025572,15,8,9,900,1,2,1,2,7,37261,M,0.0,0.0,37
201500025573,15,8,9,1553,1,2,1,1,3,37261,M,0.0,0.0,37
201500025574,15,8,10,840,1,2,1,1,3,37214,M,0.0,0.0,37
201500025575,15,8,7,1130,1,2,1,1,6,37195,M,0.0,0.0,37
201500025576,15,8,11,2015,1,2,4,1,3,37233,M,0.0,0.0,37
201500025577,15,8,13,945,1,2,1,2,7,37261,M,,,37
201500025578,15,8,13,1755,1,2,1,8,7,37261,M,0.0,0.0,37
201500025579,15,8,13,2105,5,2,1,2,7,37261,M,0.0,0.0,37
201500025580,15,8,14,1445,1,2,1,2,6,37261,M,0.0,0.0,37
201500025581,15,8,16,1525,1,2,1,1,6,37208,M,0.0,0.0,37
201500025582,15,8,16,1730,1,2,3,1,6,37261,M,0.0,0.0,37
201500025583,15,8,18,1840,1,1,1,1,7,37122,M,0.0,0.0,37
201500025584,15,8,18,1830,1,2,1,1,3,37195,M,0.0,0.0,37
201500025585,15,8,19,2010,1,2,2,1,3,37261,M,0.0,0.0,37
201500025586,15,8,19,1800,1,2,1,1,4,37122,M,0.0,0.0,37
201500025587,15,8,6,1652,1,2,1,1,7,37261,M,0.0,0.0,37
201500025588,15,8,6,1812,1,2,1,1,1,37208,M,0.0,0.0,37
201500025589,15,8,21,2350,5,2,4,1,2,37233,M,0.0,0.0,37
201500025590,15,8,22,240,5,2,1,1,7,37214,M,0.0,0.0,37
201500025591,15,8,24,745,1,2,6,2,7,37261,M,0.0,0.0,37
201500025592,15,8,24,1200,1,2,6,2,7,37214,M,0.0,0.0,37
201500025593,15,8,25,725,1,2,6,1,3,37122,M,0.0,0.0,37
201500025594,15,8,25,1145,1,2,1,1,2,37261,M,0.0,0.0,37
201500025595,15,8,21,1000,1,2,1,1,3,37261,M,0.0,0.0,37
201500025596,15,8,24,1350,1,2,1,1,7,37214,M,0.0,0.0,37
201500025597,15,8,24,1635,1,2,1,1,7,37122,M,0.0,0.0,37
201500025598,15,8,24,1650,1,1,1,1,2,37261,M,,,37
201500025599,15,8,27,2100,5,2,2,3,6,37261,M,0.0,0.0,37
201500025600,15,8,28,605,5,2,1,2,7,37122,M,,,37
201500025601,15,8,27,845,1,1,1,1,3,37122,M,0.0,0.0,37
201500025602,15,8,27,1025,1,2,2,2,3,37261,M,0.0,0.0,37
201500025603,15,9,1,1652,1,2,1,1,5,37261,M,0.0,0.0,37
201500025604,15,9,1,1200,1,2,2,1,3,37233,M,0.0,0.0,37
201500025605,15,9,1,1230,1,2,1,1,7,37261,M,0.0,0.0,37
201500025606,15,9,2,840,1,2,1,1,3,37261,M,0.0,0.0,37
201500025607,15,9,2,1240,1,2,2,1,3,37261,M,0.0,0.0,37
201500025608,15,9,2,1900,1,2,1,1,1,37261,M,0.0,0.0,37
201500025609,15,8,27,1820,1,1,1,1,6,37261,M,,,37
201500025610,15,9,3,954,1,2,2,1,6,37261,M,0.0,0.0,37
201500025611,15,9,4,1615,1,2,1,1,6,37261,M,0.0,0.0,37
201500025612,15,9,4,1855,1,2,2,1,3,37208,M,0.0,0.0,37
201500025613,15,9,7,820,1,2,1,1,3,37195,M,0.0,0.0,37
201500025614,15,9,7,840,1,1,1,1,7,37122,M,0.0,0.0,37
201500025615,15,9,7,810,1,2,1,1,7,37261,M,0.0,0.0,37
201500025616,15,9,8,1300,1,2,3,1,2,37208,M,0.0,0.0,37
201500025617,15,9,8,1930,1,2,3,1,3,37261,M,0.0,0.0,37
201500025618,15,9,9,850,1,2,1,1,3,37233,M,0.0,0.0,37
201500025619,15,9,9,1900,1,2,1,1,3,37261,M,0.0,0.0,37
201500025620,15,9,10,800,1,2,8,1,1,37122,M,0.0,0.0,37
201500025621,15,9,10,827,1,2,1,1,2,37261,M,0.0,0.0,37
201500025622,15,9,10,1620,1,2,1,1,6,37261,M,0.0,0.0,37
201500025623,15,9,10,1530,1,2,6,1,3,37261,M,0.0,0.0,37
201500025624,15,9,11,4,5,2,1,1,2,37261,M,,,37
201500025625,15,9,11,1345,1,2,1,1,1,37261,M,0.0,0.0,37
201500025626,15,9,12,1020,1,2,1,2,7,37261,M,0.0,0.0,37
201500025627,15,9,11,2035,5,2,2,1,3,37261,M,0.0,0.0,37
201500025628,15,7,27,820,1,2,1,1,3,37122,M,0.0,0.0,37
201500025629,15,9,13,2035,5,2,1,2,7,37261,M,0.0,0.0,37
201500025630,15,9,10,1955,1,2,2,1,3,37208,M,0.0,0.0,37
201500025631,15,9,15,2005,3,2,1,2,7,37261,M,0.0,0.0,37
201500025632,15,9,16,835,1,2,3,3,7,37233,M,0.0,0.0,37
201500025633,15,9,16,1425,1,2,2,3,7,37261,M,0.0,0.0,37
201500025634,15,9,18,1537,1,2,4,3,3,37122,M,0.0,0.0,37
201500025635,15,9,18,1735,1,2,7,1,6,37261,M,0.0,0.0,37
201500025636,15,9,18,1845,1,2,6,3,6,37122,M,0.0,0.0,37
201500025637,15,9,19,930,1,2,1,1,2,37261,M,0.0,0.0,37
201500025638,15,9,21,1625,1,2,1,1,7,37261,M,0.0,0.0,37
201500025639,15,8,27,1400,1,2,2,1,3,37261,M,,,37
201500025640,15,8,27,1725,1,2,3,1,2,37233,M,,,37
201500025641,15,9,22,1835,1,2,2,1,2,37233,M,0.0,0.0,37
201500025642,15,8,14,830,1,2,1,1,7,37195,M,0.0,0.0,37
201500025643,15,8,15,1235,1,2,3,1,3,37261,M,0.0,0.0,37
201500025644,15,9,24,1915,1,2,7,1,3,37261,M,0.0,0.0,37
201500025645,15,9,25,755,1,2,1,1,7,37208,M,0.0,0.0,37
201500025646,15,9,25,1350,1,2,3,1,3,37261,M,,,37
201500025647,15,9,25,1915,1,2,2,1,3,37261,M,0.0,0.0,37
201500025648,15,9,25,340,5,2,1,1,6,37214,M,0.0,0.0,37
201500025649,15,9,26,1800,1,2,3,1,2,37261,M,0.0,0.0,37
201500025650,15,9,27,600,3,1,1,1,7,37122,M,,,37
201500025651,15,9,27,2215,3,2,1,1,2,37122,M,0.0,0.0,37
201500025652,15,9,28,812,1,2,1,1,6,37122,M,0.0,0.0,37
201500025653,15,9,28,850,1,2,3,1,6,37261,M,0.0,0.0,37
201500025654,15,9,28,940,1,2,1,1,1,37122,M,0.0,0.0,37
201500025655,15,9,28,1710,1,2,2,1,6,37233,M,0.0,0.0,37
201500025656,15,9,28,1615,1,2,3,1,3,37261,M,0.0,0.0,37
201500025657,15,9,29,910,1,2,1,1,6,37261,M,0.0,0.0,37
201500025658,15,9,18,1915,2,2,1,2,7,37261,M,0.0,0.0,37
201500025659,15,9,29,2230,5,2,2,1,3,37261,M,0.0,0.0,37
201500025660,15,9,30,905,1,2,3,1,5,37208,M,0.0,0.0,37
201500025661,15,9,29,1320,1,2,1,1,3,37261,M,0.0,0.0,37
201500025662,15,9,30,1354,1,2,1,1,7,37261,M,0.0,0.0,37
201500025663,15,9,30,1910,1,2,2,1,3,37261,M,0.0,0.0,37
201500025664,15,8,9,1015,1,1,1,3,7,37122,M,0.0,0.0,37
201500025665,15,10,1,1255,1,2,2,1,6,37122,M,0.0,0.0,37
201500025666,15,10,1,1430,1,2,3,1,3,37261,M,,,37
201500025667,15,10,1,1834,1,2,1,1,6,37261,M,0.0,0.0,37
201500025668,15,10,1,2155,5,2,1,1,1,37261,M,0.0,0.0,37
201500025669,15,10,2,825,1,2,2,1,3,37233,M,0.0,0.0,37
201500025670,15,9,18,1657,1,2,1,2,2,37261,M,0.0,0.0,37
201500025671,15,10,2,1440,1,2,1,1,3,37261,M,0.0,0.0,37
201500025672,15,10,2,1755,1,2,1,1,2,37122,M,0.0,0.0,37
201500025673,15,10,2,1714,1,2,1,1,7,37233,M,0.0,0.0,37
201500025674,15,10,6,815,1,2,1,1,2,37122,M,0.0,0.0,37
201500025675,15,10,8,1754,1,2,2,1,3,37261,M,0.0,0.0,37
201500025676,15,10,11,340,3,2,1,1,4,37261,M,0.0,0.0,37
201500025677,15,10,11,530,5,2,1,1,6,37261,M,0.0,0.0,37
201500025678,15,10,12,540,5,2,3,1,1,37233,M,0.0,0.0,37
201500025679,15,10,13,525,5,2,6,1,3,37261,M,0.0,0.0,37
201500025680,15,10,13,820,1,2,1,1,3,37261,M,0.0,0.0,37
201500025681,15,10,13,1730,1,1,3,1,3,37122,M,0.0,0.0,37
201500025682,15,10,13,2020,5,2,3,1,1,37261,M,0.0,0.0,37
201500025683,15,10,15,2138,5,2,2,1,1,37122,M,0.0,0.0,37
201500025684,15,10,15,1210,1,2,1,1,6,37261,M,0.0,0.0,37
201500025685,15,10,16,1115,1,2,3,8,3,37233,M,,,37
201500025686,15,10,12,1129,1,1,9,1,5,37261,M,0.0,0.0,37
201500025687,15,10,16,2050,5,2,1,1,6,37261,M,0.0,0.0,37
201500025688,15,10,17,720,5,2,1,1,6,37233,M,0.0,0.0,37
201500025689,15,10,17,1855,2,2,1,1,2,37261,M,0.0,0.0,37
201500025690,15,10,19,735,1,1,1,1,5,37195,M,0.0,0.0,37
201500025691,15,10,19,1558,1,2,1,1,3,37261,M,0.0,0.0,37
201500025692,15,10,19,2145,5,2,1,1,1,37195,M,0.0,0.0,37
201500025693,15,10,20,1300,1,1,1,1,7,37208,M,0.0,0.0,37
201500025694,15,10,20,1613,1,2,1,1,6,37233,M,0.0,0.0,37
201500025695,15,10,21,1220,1,2,1,1,3,37261,M,0.0,0.0,37
201500025696,15,8,5,1430,1,1,1,1,6,37122,M,,,37
201500025697,15,10,22,1945,5,2,2,2,6,37122,M,0.0,0.0,37
201500025698,15,9,4,1140,1,2,1,1,6,37261,M,,,37
201500025699,15,10,26,1435,1,1,1,1,2,37195,M,0.0,0.0,37
201500025700,15,10,27,710,1,2,2,1,3,37261,M,,,37
201500025701,15,10,27,1945,5,2,6,2,2,37261,M,0.0,0.0,37
201500025702,15,10,27,1900,3,1,1,2,5,37233,M,0.0,0.0,37
201500025703,15,10,28,1222,1,2,3,1,1,37261,M,0.0,0.0,37
201500025704,15,10,28,1350,1,2,1,1,3,37261,M,0.0,0.0,37
201500025705,15,8,28,2140,5,2,1,1,3,37122,M,,,37
201500025706,15,9,29,2055,5,2,6,1,7,37261,M,0.0,0.0,37
201500025707,15,10,29,2055,5,2,6,1,7,37261,M,0.0,0.0,37
201500025708,15,10,29,1500,1,2,1,1,4,37261,M,0.0,0.0,37
201500025709,15,11,1,1500,1,2,1,1,7,37233,M,,,37
201500025710,15,11,2,1225,1,2,1,1,1,37261,M,4742817.0,69098.0,37
201500025711,15,11,2,1410,1,2,1,1,6,37261,M,4735771.0,70212.0,37
201500025712,15,11,2,1605,1,2,1,1,6,37261,M,4743456.0,67789.0,37
201500025713,15,11,2,1810,5,2,1,1,6,37122,M,,,37
201500025714,15,11,3,755,1,1,3,1,3,37233,M,4739669.0,72651.0,37
201500025715,15,11,3,820,1,1,3,1,2,37233,M,4739669.0,72651.0,37
201500025716,15,11,4,1335,1,2,1,1,6,37261,M,,,37
201500025717,15,11,5,800,1,2,6,1,3,37233,M,4739287.0,71595.0,37
201500025718,15,11,5,1115,1,1,1,1,7,37233,M,4739418.0,75131.0,37
201500025719,15,11,5,1250,1,2,3,1,3,37122,M,,,37
201500025720,15,11,5,1710,1,1,1,1,7,37261,M,,,37
201500025721,15,11,6,850,1,2,1,2,7,37122,M,,,37
201500025722,15,11,4,1740,5,2,1,2,4,37233,M,4739697.0,70658.0,37
201500025723,15,11,6,630,2,2,1,2,7,37261,M,,,37
201500025724,15,11,6,1730,2,2,3,8,3,37261,M,4742298.0,69159.0,37
201500025725,15,11,8,820,1,1,1,1,7,37214,M,4742925.0,64381.0,37
201500025726,15,11,9,840,1,2,1,1,3,37261,M,4739412.0,67162.0,37
201500025727,15,11,9,1810,5,2,3,1,1,37261,M,4740598.0,71179.0,37
201500025728,15,11,10,755,1,2,2,1,6,37261,M,4738141.0,68318.0,37
201500025729,15,11,10,1750,5,2,2,1,3,37261,M,4738029.0,68935.0,37
201500025730,15,11,11,1940,5,2,1,1,6,37261,M,,,37
201500025731,15,11,12,920,1,2,1,1,7,37122,M,,,37
201500025732,15,11,12,1310,1,2,3,1,1,37122,M,4735380.0,69282.0,37
201500025733,15,11,12,1810,5,2,1,1,7,37261,M,4737403.0,69622.0,37
201500025734,15,11,17,920,1,2,6,2,7,37261,M,0.0,0.0,37
201500025735,15,11,17,1010,1,2,6,2,7,37214,M,0.0,0.0,37
201500025736,15,11,17,1045,1,2,6,2,7,37214,M,0.0,0.0,37
201500025737,15,11,17,1730,5,2,2,1,3,37208,M,0.0,0.0,37