Num_Acc,an,mois,jour,hrmn,lum,agg,int,atm,col,com,gps,lat,long,dep
201500025738,15,11,17,1820,5,2,2,2,6,37261,M,0.0,0.0,37
201500025739,15,11,17,2000,5,2,1,1,6,37261,M,0.0,0.0,37
201500025740,15,11,18,1740,5,2,1,2,6,37261,M,0.0,0.0,37
201500025741,15,11,19,1820,5,2,6,2,3,37261,M,0.0,0.0,37
201500025742,15,11,19,1855,5,2,1,2,7,37261,M,0.0,0.0,37
201500025743,15,11,20,500,5,2,1,2,6,37261,M,0.0,0.0,37
201500025744,15,11,20,1730,2,1,1,2,6,37261,M,0.0,0.0,37
201500025745,15,11,20,1750,5,2,1,2,2,37261,M,0.0,0.0,37
201500025746,15,11,23,755,5,2,2,5,6,37122,M,0.0,0.0,37
201500025747,15,11,25,1835,5,2,9,2,6,37261,M,0.0,0.0,37
201500025748,15,10,8,1800,1,2,6,1,7,37208,M,,,37
201500025749,15,11,27,1030,1,1,1,1,2,37261,M,0.0,0.0,37
201500025750,15,11,28,1425,1,2,1,1,3,37233,M,0.0,0.0,37
201500025751,15,10,19,757,2,2,6,1,7,37261,M,0.0,0.0,37
201500025752,15,11,25,1025,1,1,1,1,6,37261,M,0.0,0.0,37
201500025753,15,11,28,1220,1,2,3,1,6,37261,M,0.0,0.0,37
201500025754,15,10,12,715,2,2,1,1,7,37261,M,0.0,0.0,37
201500025755,15,11,24,1040,1,2,6,2,7,37261,M,0.0,0.0,37
201500025756,15,11,29,1940,5,2,1,8,7,37261,M,0.0,0.0,37
201500025757,15,11,30,640,2,2,2,1,3,37261,M,0.0,0.0,37
201500025758,15,12,1,810,1,2,3,1,1,37261,M,0.0,0.0,37
201500025759,15,12,1,915,1,2,1,1,3,37261,M,4740936.0,69481.0,37
201500025760,15,12,1,1800,5,2,1,1,6,37261,M,0.0,0.0,37
201500025761,15,12,2,740,5,2,3,1,3,37261,M,,,37
201500025762,15,12,3,820,1,2,1,1,2,37122,M,0.0,0.0,37
201500025763,15,12,3,900,1,2,6,1,3,37233,M,0.0,0.0,37
201500025764,15,10,24,1150,1,1,1,1,6,37122,M,0.0,0.0,37
201500025765,15,12,3,1710,5,2,1,1,6,37122,M,0.0,0.0,37
201500025766,15,11,29,1136,1,2,3,1,1,37261,M,,,37
201500025767,15,11,17,1210,1,2,2,1,6,37261,M,0.0,0.0,37
201500025768,15,12,4,1040,1,2,6,1,6,37261,M,0.0,0.0,37
201500025769,15,12,5,1430,1,2,1,1,4,37261,M,0.0,0.0,37
201500025770,15,12,5,2255,5,2,6,1,6,37233,M,4739185.0,73278.0,37
201500025771,15,12,5,1650,1,2,1,1,6,37122,M,0.0,0.0,37
201500025772,15,12,4,1305,1,2,1,1,6,37261,M,0.0,0.0,37
201500025773,15,12,7,1030,1,2,1,1,6,37261,M,0.0,0.0,37
201500025774,15,12,7,1050,1,2,1,1,1,37261,M,0.0,0.0,37
201500025775,15,12,7,1745,5,2,3,1,3,37261,M,,,37
201500025776,15,12,8,1420,1,2,6,3,7,37261,M,0.0,0.0,37
201500025777,15,12,8,1400,1,2,3,3,2,37208,M,0.0,0.0,37
201500025778,15,12,9,845,1,2,1,1,7,37261,M,,,37
201500025779,15,12,9,1809,5,2,1,1,6,37261,M,0.0,0.0,37
201500025780,15,12,9,1530,1,2,2,1,3,37261,M,0.0,0.0,37
201500025781,15,12,9,1600,1,2,1,1,7,37261,M,,,37
201500025782,15,12,9,1755,3,1,3,1,3,37214,M,0.0,0.0,37
201500025783,15,12,10,715,5,2,6,5,2,37208,M,0.0,0.0,37
201500025784,15,12,10,740,2,2,1,5,6,37122,M,0.0,0.0,37
201500025785,15,12,10,1515,1,1,1,1,3,37233,M,,,37
201500025786,15,12,10,1910,5,2,1,5,7,37261,M,0.0,0.0,37
201500025787,15,12,11,725,5,2,1,1,3,37261,M,0.0,0.0,37
201500025788,15,12,11,1330,1,2,1,1,2,37261,M,,,37
201500025789,15,12,11,1450,1,1,1,1,6,37122,M,0.0,0.0,37
201500025790,15,12,11,1720,2,2,1,2,6,37261,M,0.0,0.0,37
201500025791,15,12,12,1540,1,2,1,8,2,37261,M,,,37
201500025792,15,12,12,1805,5,2,1,1,1,37261,M,,,37
201500025793,15,12,12,2130,3,2,1,5,6,37122,M,0.0,0.0,37
201500025794,15,12,13,45,5,2,1,5,7,37233,M,0.0,0.0,37
201500025795,15,12,7,815,1,2,2,1,3,37122,M,0.0,0.0,37
201500025796,15,12,1,815,1,2,1,1,7,37261,M,,,37
201500025797,15,12,13,1523,1,2,1,1,7,37195,M,0.0,0.0,37
201500025798,15,12,13,1709,2,2,1,1,6,37261,M,0.0,0.0,37
201500025799,15,12,15,1300,1,2,1,2,6,37261,M,0.0,0.0,37
201500025800,15,12,15,1510,1,2,1,2,6,37261,M,0.0,0.0,37
201500025801,15,12,15,1640,2,2,1,3,6,37208,M,0.0,0.0,37
201500025802,15,12,17,745,2,2,3,1,2,37233,M,4737733.0,71539.0,37
201500025803,15,12,17,900,1,1,1,1,7,37261,M,4738028.0,67945.0,37
201500025804,15,11,17,1845,3,2,1,2,3,37208,M,0.0,0.0,37
201500025805,15,11,11,1350,1,2,1,1,6,37214,M,4742145.0,66079.0,37
201500025806,15,12,17,2252,5,2,3,8,7,37214,M,4742790.0,64325.0,37
201500025807,15,12,18,1050,1,2,1,1,6,37122,M,4734849.0,66000.0,37
201500025808,15,12,19,1555,1,2,9,1,6,37261,M,4742670.0,69780.0,37
201500025809,15,12,19,110,5,2,1,1,1,37261,M,4740685.0,70314.0,37
201500025810,15,12,20,820,1,2,1,1,2,37261,M,4737582.0,69390.0,37
201500025811,15,12,23,723,3,2,6,1,7,37261,M,4740416.0,72388.0,37
201500025812,15,12,23,900,1,2,1,8,7,37261,M,0.0,0.0,37
201500025813,15,12,23,1010,1,2,6,1,6,37214,M,4741666.0,65972.0,37
201500025814,15,12,24,1610,1,2,2,1,3,37122,M,4735163.0,66518.0,37
201500025815,15,12,26,2105,5,2,1,1,4,37261,M,,,37
201500025816,15,12,28,840,1,2,6,1,7,37261,M,4743026.0,70444.0,37
201500025817,15,12,28,725,5,2,6,1,7,37261,M,4743034.0,70478.0,37
201500025818,15,12,28,1550,1,2,1,1,7,37214,M,4742236.0,65951.0,37
201500025819,15,12,29,1255,1,1,1,1,3,37261,M,4738722.0,67654.0,37
201500025820,15,12,28,1924,5,2,1,1,3,37233,M,4738106.0,73542.0,37
201500025821,15,12,30,2300,5,2,3,2,6,37233,M,4739258.0,74205.0,37
201500025822,15,12,12,1356,1,2,1,8,6,37233,M,,,37
201500025823,15,12,31,1325,1,1,1,1,6,37261,M,4739391.0,68724.0,37
201500025824,15,1,31,3,2,2,1,1,7,37261,M,,,37
201500025825,15,1,20,1550,1,2,1,1,6,37122,M,,,37
201500025826,15,2,14,1431,1,2,1,1,2,37122,M,,,37
201500025827,15,1,16,800,2,2,1,1,7,37261,M,,,37
201500025828,15,1,21,845,2,2,2,1,6,37233,M,,,37
201500025829,15,5,5,1355,1,2,1,1,3,38053,M,,,38
201500025830,15,2,12,915,1,2,2,1,6,38053,M,,,38
201500025831,15,5,17,1535,1,2,1,1,1,38053,M,4559560.0,526010.0,38
201500025832,15,2,13,2350,5,2,1,2,1,38053,M,,,38
201500025833,15,6,11,420,5,2,1,1,2,38053,M,4558461.0,527820.0,38
201500025834,15,2,18,1930,5,2,1,1,6,38053,M,,,38
201500025835,15,6,30,1000,1,2,3,1,6,38053,M,4558513.0,528115.0,38
201500025836,15,3,27,750,1,2,2,1,3,38053,M,,,38
201500025837,15,9,3,2053,5,2,1,1,3,38053,M,4558554.0,526934.0,38
201500025838,15,4,7,1200,1,2,9,1,3,38053,M,,,38
201500025839,15,9,12,845,1,2,1,1,6,38053,M,4558513.0,527382.0,38
201500025840,15,4,21,910,1,2,1,1,7,38053,M,,,38
201500025841,15,9,24,1000,1,2,1,1,6,38053,M,4559449.0,529459.0,38
201500025842,15,5,1,1635,1,2,2,3,3,38053,M,4558507.0,527326.0,38
201500025843,15,11,3,1830,5,2,1,1,2,38053,M,4559725.0,526812.0,38
201500025844,15,11,18,835,1,2,2,1,6,38053,M,,,38
201500025845,15,12,16,1000,1,2,1,1,5,38053,M,4559772.0,527513.0,38
201500025846,15,11,19,1147,1,2,1,1,1,38053,M,4558920.0,527579.0,38
201500025847,15,12,16,1220,1,2,1,1,3,38053,M,4559408.0,523905.0,38
201500025848,15,1,2,1530,1,2,1,1,6,38421,M,4517062.0,575656.0,38
201500025849,15,3,16,1310,1,1,1,1,6,38185,M,4516557.0,570140.0,38
201500025850,15,12,31,1210,1,2,1,1,6,38185,M,4518368.0,572198.0,38
201500025851,15,3,28,2250,5,2,9,2,6,38185,M,4518602.0,573271.0,38
201500025852,15,12,31,1700,1,2,1,1,6,38151,M,4515850.0,572179.0,38
201500025853,15,1,2,1905,4,2,1,1,6,38185,M,4517947.0,571622.0,38
201500025854,15,4,1,1900,1,2,2,1,6,38423,M,4520834.0,570623.0,38
201500025855,15,1,6,925,1,2,1,1,6,38185,M,4519971.0,571789.0,38
201500025856,15,4,4,1000,1,2,2,1,3,38185,M,4517530.0,572554.0,38
201500025857,15,1,12,625,5,2,1,1,2,38421,M,,,38
201500025858,15,4,16,1825,1,2,1,1,6,38185,M,4518740.0,572375.0,38
201500025859,15,1,14,650,5,2,1,8,6,38185,M,4519171.0,570400.0,38
201500025860,15,4,19,2025,5,1,3,1,3,38179,M,4518163.0,577991.0,38
201500025861,15,1,17,946,1,2,1,3,6,38421,M,4516927.0,575244.0,38
201500025862,15,4,22,1430,1,2,1,1,6,38169,M,4519116.0,568302.0,38
201500025863,15,1,19,1750,1,2,2,2,6,38185,M,4517223.0,570500.0,38
201500025864,15,4,23,1425,1,2,1,1,6,38185,M,4518372.0,573893.0,38
201500025865,15,1,24,710,2,2,1,1,6,38185,M,4518029.0,571268.0,38
201500025866,15,4,28,1905,1,2,1,1,6,38185,M,4519811.0,571733.0,38
201500025867,15,1,27,1400,1,2,2,1,6,38185,M,,,38
201500025868,15,4,30,2140,5,2,2,1,6,38185,M,,,38
201500025869,15,1,30,1820,5,2,1,1,6,38185,M,4517960.0,573541.0,38
201500025870,15,5,3,2130,5,2,2,1,3,38185,M,4518901.0,572939.0,38
201500025871,15,1,31,1640,1,1,1,1,2,38423,M,4520717.0,570532.0,38
201500025872,15,5,7,850,1,2,3,1,3,38185,M,4519142.0,572511.0,38
201500025873,15,2,12,1510,1,2,1,1,6,38185,M,4518487.0,572167.0,38
201500025874,15,5,5,1338,1,2,1,1,6,38185,M,4517621.0,570919.0,38
201500025875,15,2,16,1015,1,2,1,1,6,38185,M,4518007.0,571160.0,38
201500025876,15,5,7,2035,1,2,3,1,3,38151,M,4514945.0,570032.0,38
201500025877,15,2,18,1700,1,2,2,1,6,38169,M,4519885.0,568213.0,38
201500025878,15,5,8,1700,1,2,3,2,3,38185,M,4517303.0,570507.0,38
201500025879,15,2,19,1305,1,1,4,1,6,38229,M,4520560.0,578929.0,38
201500025880,15,5,9,1940,1,1,1,1,6,38185,M,4518480.0,572533.0,38
201500025881,15,2,21,55,5,2,1,1,6,38185,M,,,38
201500025882,15,5,10,1120,1,2,2,1,6,38185,M,4518800.0,571904.0,38
201500025883,15,2,26,845,1,2,6,1,7,38516,M,4519699.0,574870.0,38
201500025884,15,5,11,840,1,2,2,1,6,38421,M,4517325.0,575502.0,38
201500025885,15,2,27,1730,1,2,1,2,6,38179,M,4518176.0,579163.0,38
201500025886,15,5,22,1949,1,2,2,1,3,38185,M,4517488.0,570852.0,38
201500025887,15,3,1,1340,1,2,1,9,6,38185,M,,,38
201500025888,15,5,24,1810,1,1,1,1,3,38423,M,4521512.0,571915.0,38
201500025889,15,3,2,1550,1,2,1,1,6,38185,M,4519014.0,572866.0,38
201500025890,15,5,28,1315,1,2,1,1,6,38151,M,4514678.0,571970.0,38
201500025891,15,3,3,1130,1,2,1,1,6,38185,M,,,38
201500025892,15,5,29,805,1,2,1,1,3,38185,M,4517116.0,572395.0,38
201500025893,15,3,6,1110,1,2,1,1,6,38185,M,,,38
201500025894,15,6,2,1700,1,2,1,1,6,38185,M,4517013.0,574019.0,38
201500025895,15,3,7,1900,5,2,2,1,6,38185,M,4517462.0,572517.0,38
201500025896,15,6,3,2115,1,2,6,1,6,38151,M,4515972.0,571987.0,38
201500025897,15,3,9,1810,1,2,1,1,6,38185,M,,,38
201500025898,15,6,9,1150,1,2,3,1,3,38185,M,4516804.0,570485.0,38
201500025899,15,3,12,1830,1,2,1,1,6,38185,M,,,38
201500025900,15,6,10,1115,1,2,1,1,6,38185,M,4518258.0,572842.0,38
201500025901,15,3,15,1500,1,2,1,1,6,38185,M,4519129.0,571567.0,38
201500025902,15,6,12,1640,1,2,2,2,6,38185,M,4518706.0,573061.0,38
201500025903,15,6,18,1824,1,2,1,1,6,38151,M,4514379.0,570253.0,38
201500025904,15,6,19,1650,1,2,2,1,6,38185,M,4518568.0,571215.0,38
201500025905,15,6,19,1930,1,2,3,1,3,38169,M,,,38
201500025906,15,6,25,820,1,2,1,1,6,38185,M,,,38
201500025907,15,7,1,1,5,2,2,1,3,38169,M,4519238.0,569654.0,38
201500025908,15,7,1,1040,1,2,1,1,6,38151,M,4515024.0,569385.0,38
201500025909,15,7,2,1750,1,2,9,1,6,38185,M,4518446.0,574081.0,38
201500025910,15,7,5,825,1,1,1,1,6,38179,M,4519934.0,578053.0,38
201500025911,15,7,7,1425,1,2,2,1,3,38185,M,4519074.0,573584.0,38
201500025912,15,7,8,1636,1,2,1,1,6,38185,M,4517245.0,571389.0,38
201500025913,15,7,9,1825,1,2,9,1,6,38185,M,4516685.0,570623.0,38
201500025914,15,7,10,400,3,2,1,1,7,38421,M,4517653.0,577889.0,38
201500025915,15,7,11,1630,1,2,1,1,6,38185,M,4519005.0,573105.0,38
201500025916,15,7,15,2132,2,2,1,1,6,38421,M,4516603.0,575821.0,38
201500025917,15,7,16,1200,1,1,1,1,6,38185,M,,,38
201500025918,15,7,20,1100,1,1,1,1,1,38151,M,4514132.0,569112.0,38
201500025919,15,7,23,1400,1,2,1,1,6,38516,M,4520411.0,573521.0,38
201500025920,15,8,5,10,5,2,1,1,3,38185,M,4518090.0,572293.0,38
201500025921,15,8,6,1815,1,2,1,1,3,38185,M,4516200.0,572403.0,38
201500025922,15,8,8,925,1,2,2,1,3,38185,M,4519271.0,572414.0,38
201500025923,15,8,22,1045,1,2,3,1,1,38151,M,4514406.0,571868.0,38
201500025924,15,8,27,1445,1,2,1,1,4,38516,M,4519748.0,574633.0,38
201500025925,15,8,28,1315,1,2,1,1,3,38185,M,4517463.0,572524.0,38
201500025926,15,8,30,535,3,2,1,1,6,38185,M,4519111.0,573867.0,38
201500025927,15,9,5,1530,1,2,1,1,6,38185,M,4517563.0,574415.0,38
201500025928,15,9,9,505,5,2,2,1,6,38185,M,,,38
201500025929,15,9,15,930,1,2,1,1,6,38421,M,4516675.0,575371.0,38
201500025930,15,9,15,1400,1,2,2,1,6,38185,M,4519419.0,571894.0,38
201500025931,15,9,17,1530,1,1,1,1,6,38185,M,4520370.0,578303.0,38
201500025932,15,9,18,845,1,2,1,1,6,38185,M,4517348.0,571783.0,38
201500025933,15,9,19,2235,4,2,1,9,2,38185,M,4518075.0,572292.0,38
201500025934,15,9,20,145,4,2,2,1,3,38185,M,4518022.0,571018.0,38
201500025935,15,9,21,1905,1,2,1,1,3,38185,M,4517136.0,573948.0,38
201500025936,15,9,28,1115,1,2,1,1,3,38185,M,4516153.0,571540.0,38
201500025937,15,9,29,1025,1,2,1,1,6,38185,M,4518769.0,570585.0,38
201500025938,15,10,1,1355,1,2,1,1,6,38421,M,4516229.0,575381.0,38
201500025939,15,10,6,1053,1,2,1,1,6,38185,M,4516227.0,571522.0,38
201500025940,15,10,6,1210,1,2,6,1,7,38185,M,4515988.0,572122.0,38
201500025941,15,10,7,1610,1,2,1,1,6,38169,M,4519727.0,567413.0,38
201500025942,15,10,14,1000,1,2,2,1,3,38185,M,4519206.0,573476.0,38
201500025943,15,10,20,950,1,2,1,1,6,38185,M,4518857.0,572239.0,38
201500025944,15,10,21,1220,1,2,2,8,6,38185,M,4518069.0,571957.0,38
201500025945,15,10,21,1800,1,2,3,8,6,38185,M,4517235.0,570770.0,38
201500025946,15,10,22,915,1,2,2,1,3,38185,M,4517657.0,573168.0,38
201500025947,15,10,27,1750,1,2,2,1,6,38185,M,4518208.0,573421.0,38
201500025948,15,10,28,1640,1,2,1,3,6,38516,M,4519746.0,574622.0,38
201500025949,15,10,30,500,5,2,2,1,3,38185,M,4518062.0,573180.0,38
201500025950,15,10,31,645,2,2,2,1,3,38185,M,4518184.0,572744.0,38
201500025951,15,11,2,920,1,2,1,1,6,38185,M,4518102.0,571541.0,38
201500025952,15,11,6,1050,1,1,9,1,6,38421,M,4516651.0,575764.0,38
201500025953,15,11,6,1400,1,2,1,1,6,38185,M,4518579.0,571263.0,38
201500025954,15,11,7,1600,1,2,1,1,3,38151,M,4515424.0,570762.0,38
201500025955,15,11,7,1915,5,2,1,1,6,38185,M,4518712.0,572376.0,38
201500025956,15,11,8,1415,1,2,2,1,3,38185,M,4518728.0,571098.0,38
201500025957,15,11,10,1800,1,1,1,1,2,38185,M,4515182.0,573801.0,38
201500025958,15,11,18,2115,5,2,1,1,6,38179,M,4519076.0,577836.0,38
201500025959,15,11,20,1715,2,2,1,8,6,38421,M,4516340.0,575162.0,38
201500025960,15,11,25,1520,1,2,1,2,6,38185,M,4517287.0,575019.0,38
201500025961,15,11,26,915,1,2,2,2,6,38185,M,4517811.0,572753.0,38
201500025962,15,11,27,1300,1,2,2,1,1,38185,M,4519070.0,570468.0,38
201500025963,15,12,1,1340,1,2,1,1,6,38185,M,4518020.0,570660.0,38
201500025964,15,12,1,1725,2,2,2,1,3,38169,M,4518909.0,569890.0,38
201500025965,15,12,3,1615,1,2,1,1,6,38185,M,4517891.0,575111.0,38
201500025966,15,12,5,2340,3,2,1,1,6,38151,M,4515363.0,574310.0,38
201500025967,15,12,7,1820,2,1,1,1,2,38151,M,4515710.0,571252.0,38
201500025968,15,12,8,1035,1,2,1,1,6,38185,M,4518379.0,573112.0,38
201500025969,15,12,10,1010,1,2,1,1,6,38421,M,4519259.0,575379.0,38
201500025970,15,12,12,1650,3,2,1,1,6,38151,M,4515266.0,570056.0,38
201500025971,15,12,16,1820,3,1,4,1,6,38185,M,4520615.0,568891.0,38
201500025972,15,12,27,1520,1,2,2,1,1,38185,M,4518660.0,574410.0,38
201500025973,15,3,14,855,1,1,1,1,1,38544,M,4552558.0,488333.0,38
201500025974,15,11,22,759,2,2,1,1,6,38544,M,4551989.0,489546.0,38
201500025975,15,3,7,905,1,2,1,1,3,38544,M,4552507.0,487731.0,38
201500025976,15,4,1,1230,1,1,1,1,6,38544,M,4551477.0,491596.0,38
201500025977,15,10,10,1520,1,1,1,1,7,38544,M,4551986.0,489533.0,38
201500025978,15,5,10,2030,2,1,1,1,7,38544,M,4552877.0,487613.0,38
201500025979,15,12,22,1930,3,2,3,1,3,38544,M,4550856.0,485902.0,38
201500025980,15,4,22,1120,1,2,9,1,3,38544,M,4554060.0,485770.0,38
201500025981,15,4,7,1815,1,2,1,1,4,38544,M,4552336.0,487586.0,38
201500025982,15,5,22,850,1,1,1,1,6,38544,M,4553936.0,487100.0,38
201500025983,15,5,28,1010,1,2,1,1,6,38544,M,4551623.0,491916.0,38
201500025984,15,8,6,1600,1,2,1,1,6,38544,M,,,38
201500025985,15,8,16,550,3,1,1,1,5,38544,M,4552227.0,491252.0,38
201500025986,15,7,13,1045,1,2,1,1,6,38544,M,4552595.0,487224.0,38
201500025987,15,8,19,1510,1,2,1,1,7,38544,M,4552477.0,490700.0,38
201500025988,15,9,6,125,5,2,6,1,7,38544,M,4552150.0,487361.0,38
201500025989,15,10,18,911,1,2,1,1,6,38544,M,4550639.0,485201.0,38
201500025990,15,7,2,2140,2,1,1,1,3,38318,M,4552841.0,491430.0,38
201500025991,15,11,4,752,1,2,1,1,1,38544,M,4552697.0,489427.0,38
201500025992,15,10,16,1700,1,1,1,1,5,38544,M,4551955.0,491603.0,38
201500025993,15,9,9,1837,1,2,1,1,3,38544,M,4552663.0,488367.0,38
201500025994,15,2,6,1715,1,1,1,1,1,38563,M,,,38
201500025995,15,4,16,1138,1,2,3,1,3,38563,M,4535989.0,560021.0,38
201500025996,15,2,15,1925,5,2,1,2,3,38563,M,4536542.0,559805.0,38
201500025997,15,4,20,1054,1,2,7,1,3,38563,M,4538002.0,558108.0,38
201500025998,15,5,6,1807,1,2,3,1,6,38563,M,4536119.0,558772.0,38
201500025999,15,5,29,1203,1,2,3,1,3,38563,M,4536200.0,558840.0,38
201500026000,15,6,9,1105,1,2,1,1,2,38563,M,4535218.0,559126.0,38
201500026001,15,6,30,1940,1,2,3,1,3,38563,M,4537188.0,558339.0,38
201500026002,15,7,7,1555,1,2,1,1,1,38563,M,4537916.0,558172.0,38
201500026003,15,7,24,1610,1,2,1,1,6,38563,M,4536761.0,559227.0,38
201500026004,15,8,13,940,1,2,1,1,6,38563,M,4536433.0,559083.0,38
201500026005,15,8,21,1310,1,1,2,1,6,38563,M,4536587.0,559106.0,38
201500026006,15,8,24,950,1,2,7,3,6,38563,M,4536697.0,559161.0,38
201500026007,15,9,13,20,5,2,1,2,6,38563,M,,,38
201500026008,15,9,15,1655,1,2,7,1,6,38563,M,4536691.0,559138.0,38
201500026009,15,9,21,1405,1,2,1,1,3,38563,M,4536147.0,559461.0,38
201500026010,15,9,28,1345,1,2,1,1,6,38563,M,4536844.0,558677.0,38
201500026011,15,9,29,2343,5,1,1,1,6,38563,M,4539368.0,557032.0,38
201500026012,15,9,30,1620,1,2,1,1,2,38563,M,4538156.0,557875.0,38
201500026013,15,10,27,1900,2,2,6,2,3,38563,M,4537952.0,558069.0,38
201500026014,15,11,5,1035,1,2,1,1,3,38563,M,4536561.0,559090.0,38
201500026015,15,11,5,1615,1,2,9,1,3,38563,M,4536130.0,557150.0,38
201500026016,15,11,13,1240,1,2,1,1,2,38563,M,4539880.0,556892.0,38
201500026017,15,11,21,2100,5,1,1,2,7,38563,M,4539397.0,557002.0,38
201500026018,15,11,25,1830,3,2,1,1,2,38563,M,4536000.0,556000.0,38
201500026019,15,12,3,1355,1,2,1,1,6,38563,M,4536999.0,558732.0,38
201500026020,15,12,7,1340,1,2,3,1,6,38563,M,4536844.0,558685.0,38
201500026021,15,3,10,1400,1,2,3,1,6,39198,M,,,39
201500026022,15,3,24,1620,1,2,1,7,6,39198,M,,,39
201500026023,15,4,3,1645,1,2,1,1,6,39198,M,,,39
201500026024,15,4,4,1443,1,2,3,2,6,39198,M,,,39
201500026025,15,6,8,1620,1,1,1,1,1,39198,M,,,39
201500026026,15,10,7,1005,1,2,1,1,6,39198,M,,,39
201500026027,15,2,9,1615,1,2,1,7,6,39198,M,,,39
201500026028,15,3,23,1625,1,2,1,1,6,39300,M,4667283.0,554397.0,39
201500026029,15,12,30,1925,5,2,1,1,6,39300,M,,,39
201500026030,15,4,8,1350,1,2,1,1,6,39300,M,0.0,0.0,39
201500026031,15,7,29,1355,1,2,1,1,6,39300,M,4666670.0,555000.0,39
201500026032,15,8,1,1620,1,2,3,1,3,39300,M,4667280.0,556667.0,39
201500026033,15,9,5,1530,1,2,1,1,6,39362,M,,,39
201500026034,15,8,29,1827,1,2,1,1,6,39300,M,,,39
201500026035,15,11,8,1640,1,2,3,1,3,39362,M,,,39
201500026036,15,11,7,1820,1,2,2,1,4,39300,M,,,39
201500026037,15,11,15,555,5,1,1,1,6,39362,M,4667951.0,553862.0,39
201500026038,15,11,24,1405,1,2,9,1,6,39300,M,4667300.0,555800.0,39
201500026039,15,12,16,2020,5,2,1,1,6,39300,M,,,39
201500026040,15,12,22,1810,5,2,1,1,6,39300,M,,,39
201500026041,15,1,7,1425,1,1,3,1,6,40279,M,4372100.0,-109622.0,40
201500026042,15,3,20,1930,2,1,1,1,7,40088,M,4369366.0,-102994.0,40
201500026043,15,12,1,1945,3,1,1,1,7,40279,M,4373305.0,-110424.0,40
201500026044,15,1,10,1845,5,2,3,1,3,40279,M,4372524.0,-106417.0,40
201500026045,15,5,8,2045,1,2,2,1,3,40279,M,4372175.0,-105191.0,40
201500026046,15,12,30,815,2,2,1,8,2,40279,M,4372470.0,-106018.0,40
201500026047,15,2,17,1920,5,2,2,1,3,40088,M,4371469.0,-105423.0,40
201500026048,15,5,12,800,1,2,6,1,3,40088,M,4370565.0,-103721.0,40
201500026049,15,2,24,1930,5,2,2,1,3,40088,M,4371592.0,-105384.0,40
201500026050,15,6,30,1525,1,2,3,1,6,40279,M,4372526.0,-106433.0,40
201500026051,15,7,18,1925,1,2,1,1,6,40279,M,4372611.0,-107985.0,40
201500026052,15,10,9,1750,1,2,6,1,2,40088,M,4370537.0,-106051.0,40
201500026053,15,10,21,1730,1,2,6,1,3,40088,M,4370562.0,-103664.0,40
201500026054,15,11,24,1815,2,2,1,2,6,40088,M,4371086.0,-104985.0,40
201500026055,15,8,10,1130,1,2,1,1,6,40088,M,4371077.0,-105777.0,40
201500026056,15,1,9,740,5,2,3,1,6,40281,M,4388284.0,-51941.0,40
201500026057,15,3,23,1625,1,2,1,1,3,40281,M,4386874.0,-48981.0,40
201500026058,15,1,12,1715,1,2,1,1,2,40192,M,4390042.0,-48363.0,40
201500026059,15,4,2,825,1,2,1,1,6,40192,M,4389333.0,-49805.0,40
201500026060,15,1,14,1630,1,2,1,1,6,40281,M,4387621.0,-50821.0,40
201500026061,15,5,3,1806,1,2,2,1,2,40192,M,4388520.0,-49361.0,40
201500026062,15,1,15,1900,3,1,1,1,2,40281,M,4388851.0,-53063.0,40
201500026063,15,6,24,805,1,2,1,1,7,40192,M,4389252.0,-51424.0,40
201500026064,15,1,16,835,1,2,3,2,3,40281,M,4387719.0,-50580.0,40
201500026065,15,7,19,1120,1,1,1,1,3,40192,M,4391049.0,-44976.0,40
201500026066,15,2,13,1600,1,2,3,1,3,40192,M,4388628.0,-50444.0,40
201500026067,15,7,22,1130,1,2,6,1,2,40192,M,4387505.0,-46909.0,40
201500026068,15,7,31,1335,1,2,1,1,6,40192,M,4388942.0,-49971.0,40
201500026069,15,8,4,1930,1,2,1,1,3,40192,M,4389837.0,-48056.0,40
201500026070,15,8,17,1800,1,2,1,1,5,40192,M,4388147.0,-47932.0,40
201500026071,15,8,25,1815,1,2,3,1,3,40281,M,4387393.0,-51389.0,40
201500026072,15,10,17,2005,3,1,1,1,1,40281,M,4387050.0,-51788.0,40
201500026073,15,10,16,1430,1,2,3,1,6,40192,M,4388623.0,-49670.0,40
201500026074,15,11,8,630,1,2,3,1,3,40192,M,4389802.0,-48808.0,40
201500026075,15,11,4,1805,2,2,1,1,3,40192,M,4389684.0,-49025.0,40
201500026076,15,11,19,900,1,2,3,1,3,40192,M,4390138.0,-51102.0,40
201500026077,15,12,2,1830,3,1,1,1,2,40281,M,4386657.0,-51030.0,40
201500026078,15,12,9,1320,1,1,1,1,7,40281,M,4386646.0,-51234.0,40
201500026079,15,12,30,1820,5,2,1,1,3,41018,M,4761058.0,133440.0,41
201500026080,15,2,20,755,1,2,1,1,6,41018,M,4759627.0,130261.0,41
201500026081,15,11,23,840,1,1,1,1,1,41047,M,4762258.0,136840.0,41
201500026082,15,1,9,1505,1,1,1,2,5,41212,M,4756400.0,137200.0,41