Num_Acc,an,mois,jour,hrmn,lum,agg,int,atm,col,com,gps,lat,long,dep
201500026083,15,12,9,20,3,1,1,1,7,41018,M,4759472.0,135298.0,41
201500026084,15,3,5,1215,1,2,6,1,1,41295,M,4756938.0,137300.0,41
201500026085,15,3,5,1345,1,2,1,1,3,41018,M,4758655.0,131631.0,41
201500026086,15,3,18,1710,1,2,1,1,4,41018,M,4759386.0,134606.0,41
201500026087,15,3,20,1550,1,1,1,1,2,41212,M,4756161.0,137314.0,41
201500026088,15,2,9,1725,1,2,1,1,2,41295,M,4757700.0,136600.0,41
201500026089,15,2,15,1355,1,1,1,1,7,41018,M,4758100.0,129000.0,41
201500026090,15,4,7,2120,1,2,1,1,2,41018,M,4734571.0,121576.0,41
201500026091,15,4,13,1605,1,2,1,1,6,41018,M,4758719.0,131519.0,41
201500026092,15,4,17,2300,5,2,1,2,6,41047,M,4760700.0,135400.0,41
201500026093,15,4,23,1844,1,1,1,1,1,41295,M,4760250.0,137411.0,41
201500026094,15,5,8,1850,1,2,1,1,1,41018,M,4759600.0,134100.0,41
201500026095,15,5,18,825,1,2,1,1,2,41295,M,4759900.0,140000.0,41
201500026096,15,5,18,900,1,2,1,1,6,41018,M,4759600.0,134100.0,41
201500026097,15,5,15,1025,1,2,1,1,1,41018,M,4758200.0,133000.0,41
201500026098,15,5,9,1430,1,2,2,1,1,41018,M,4757800.0,132100.0,41
201500026099,15,5,26,1810,1,2,1,1,2,41018,M,4759500.0,134700.0,41
201500026100,15,5,28,1820,1,1,1,1,5,41295,M,4759026.0,135521.0,41
201500026101,15,5,29,1517,1,1,6,1,6,41212,M,4756100.0,137300.0,41
201500026102,15,6,5,820,1,1,6,1,3,41212,M,4756100.0,137400.0,41
201500026103,15,6,9,1650,1,2,1,1,6,41018,M,4759265.0,131488.0,41
201500026104,15,6,9,1720,1,1,1,1,2,41212,M,4756156.0,137253.0,41
201500026105,15,6,12,1655,1,1,1,1,7,41018,M,4756888.0,130636.0,41
201500026106,15,6,11,1815,1,2,1,3,3,41018,M,4758368.0,132161.0,41
201500026107,15,6,19,1610,1,2,1,1,6,41018,M,4757885.0,133842.0,41
201500026108,15,6,25,1945,1,2,1,1,3,41295,M,4757647.0,138060.0,41
201500026109,15,6,25,1603,1,2,1,1,6,41018,M,4760057.0,134660.0,41
201500026110,15,7,1,1340,1,2,1,1,1,41018,M,4760869.0,132510.0,41
201500026111,15,7,9,845,1,2,3,1,3,41018,M,4758758.0,131878.0,41
201500026112,15,7,20,1550,1,2,1,1,6,41295,M,4756955.0,137242.0,41
201500026113,15,7,28,1840,1,1,1,1,2,41018,M,4760995.0,133943.0,41
201500026114,15,8,4,310,1,1,1,1,7,41018,M,4757276.0,132024.0,41
201500026115,15,8,5,1630,1,2,1,1,7,41018,M,4758961.0,132637.0,41
201500026116,15,8,11,2230,5,2,3,1,1,41018,M,4759903.0,134483.0,41
201500026117,15,8,18,1750,1,2,1,1,6,41018,M,4758442.0,132510.0,41
201500026118,15,8,20,1855,1,1,1,1,2,41295,M,4758251.0,136619.0,41
201500026119,15,8,22,1115,1,2,1,1,2,41295,M,4757748.0,136827.0,41
201500026120,15,8,23,1700,1,2,1,1,3,41018,M,4759286.0,131354.0,41
201500026121,15,8,26,2055,2,2,1,1,3,41295,M,4757555.0,138927.0,41
201500026122,15,8,26,2330,5,2,1,1,3,41018,M,4760233.0,134870.0,41
201500026123,15,7,25,1630,1,2,1,1,7,41018,M,4758775.0,132998.0,41
201500026124,15,9,25,1600,1,2,1,1,6,41018,M,4757470.0,130995.0,41
201500026125,15,9,28,1755,1,2,3,1,6,41018,M,4759410.0,133506.0,41
201500026126,15,9,29,1432,1,2,1,1,2,41047,M,4761982.0,136868.0,41
201500026127,15,10,1,2010,3,1,1,1,1,41295,M,4759691.0,137941.0,41
201500026128,15,10,2,1345,1,2,1,1,1,41018,M,4761329.0,133263.0,41
201500026129,15,10,6,930,1,1,1,3,6,41295,M,4761177.0,138322.0,41
201500026130,15,10,9,455,5,2,1,1,3,41018,M,4760370.0,132414.0,41
201500026131,15,10,12,855,1,2,1,1,3,41018,M,4757260.0,130653.0,41
201500026132,15,10,12,1650,1,2,1,1,3,41018,M,4759634.0,131593.0,41
201500026133,15,10,18,300,3,1,1,1,6,41018,M,4757310.0,132081.0,41
201500026134,15,10,16,1350,1,2,1,2,1,41047,M,4761540.0,134044.0,41
201500026135,15,10,27,1805,4,1,1,1,5,41018,M,4760991.0,133850.0,41
201500026136,15,10,30,1620,1,2,1,1,5,41047,M,4760470.0,135138.0,41
201500026137,15,11,11,1229,1,1,1,1,7,41018,M,4758494.0,131820.0,41
201500026138,15,11,7,1601,1,1,1,1,3,41018,M,4759003.0,135302.0,41
201500026139,15,11,10,1605,1,2,2,1,3,41295,M,4759509.0,138910.0,41
201500026140,15,11,17,1700,2,1,1,2,4,41018,M,4761732.0,132711.0,41
201500026141,15,11,18,810,1,1,1,2,2,41018,M,4759405.0,135373.0,41
201500026142,15,11,18,1335,1,1,1,1,2,41018,M,4760967.0,133958.0,41
201500026143,15,11,19,1110,1,2,1,1,6,41018,M,4758025.0,131567.0,41
201500026144,15,11,13,1900,3,1,1,1,5,41018,M,4756623.0,130982.0,41
201500026145,15,11,18,1520,1,2,1,1,6,41047,M,4760928.0,135656.0,41
201500026146,15,12,5,1455,1,1,1,1,2,41212,M,4755813.0,137324.0,41
201500026147,15,12,7,1706,5,2,1,1,3,41018,M,4761089.0,133271.0,41
201500026148,15,12,3,810,1,2,6,5,2,41018,M,4758474.0,131849.0,41
201500026149,15,12,7,915,1,2,1,1,2,41018,M,4761108.0,131422.0,41
201500026150,15,12,8,1617,1,2,1,3,6,41018,M,4759670.0,134138.0,41
201500026151,15,12,9,1820,5,2,1,5,2,41018,M,4759213.0,133700.0,41
201500026152,15,12,10,1920,5,2,3,1,3,41018,M,4758361.0,132286.0,41
201500026153,15,12,13,510,3,2,6,5,7,41018,M,4761429.0,133401.0,41
201500026154,15,12,12,2055,5,2,1,1,1,41018,M,4759000.0,134172.0,41
201500026155,15,12,12,2155,5,2,1,8,7,41018,M,4760917.0,133597.0,41
201500026156,15,12,16,1940,3,2,1,3,2,41212,M,4756002.0,137305.0,41
201500026157,15,12,23,1220,1,2,1,1,2,41018,M,4760573.0,131354.0,41
201500026158,15,1,15,1535,1,2,1,2,6,41295,M,4757300.0,136700.0,41
201500026159,15,2,5,1915,3,1,1,6,7,41295,M,4759500.0,136200.0,41
201500026160,15,2,6,1616,1,2,1,1,6,41018,M,4759600.0,130600.0,41
201500026161,15,2,12,1350,1,2,6,1,3,41018,M,4757300.0,130100.0,41
201500026162,15,2,16,1515,1,2,2,1,6,41226,M,4780711.0,107194.0,41
201500026163,15,3,12,2125,5,1,1,1,2,41269,M,4781800.0,102200.0,41
201500026164,15,12,12,1015,1,2,3,1,7,41269,M,4779709.0,106837.0,41
201500026165,15,5,19,1825,1,1,2,2,3,41158,M,4778400.0,102800.0,41
201500026166,15,6,22,1915,1,1,1,1,1,41226,M,4783219.0,108246.0,41
201500026167,15,6,27,1535,1,2,1,1,7,41226,M,4781696.0,107592.0,41
201500026168,15,6,27,1055,1,2,1,1,3,41226,M,4780959.0,107322.0,41
201500026169,15,9,21,1135,1,1,1,1,7,41269,M,4778112.0,107406.0,41
201500026170,15,9,24,1940,1,2,1,1,1,41269,M,4779012.0,106443.0,41
201500026171,15,10,8,1345,1,2,1,1,2,41269,M,4779077.0,108120.0,41
201500026172,15,10,24,1130,1,2,6,1,7,41226,M,4781820.0,107600.0,41
201500026173,15,10,25,1510,1,2,1,1,7,41158,M,4778650.0,103531.0,41
201500026174,15,11,6,750,1,2,3,1,3,41269,M,4779732.0,106843.0,41
201500026175,15,11,13,1120,1,2,1,1,6,41269,M,4779304.0,106527.0,41
201500026176,15,11,18,1410,1,2,1,1,3,41269,M,4779878.0,104292.0,41
201500026177,15,1,14,1750,5,2,5,1,5,41269,M,4780000.0,105700.0,41
201500026178,15,1,24,1650,1,2,1,7,3,41226,M,4780300.0,107400.0,41
201500026179,15,3,27,1130,1,2,1,1,6,42316,M,4539731.0,428113.0,42
201500026180,15,12,27,110,5,2,1,1,1,42095,M,4538503.0,427662.0,42
201500026181,15,3,27,1720,1,1,1,1,1,42044,M,4539882.0,433796.0,42
201500026182,15,12,31,1300,1,2,2,2,3,42095,M,4539680.0,429650.0,42
201500026183,15,4,5,1440,1,1,1,1,6,42095,M,4539066.0,428888.0,42
201500026184,15,4,7,1810,1,2,1,1,6,42095,M,4539235.0,429100.0,42
201500026185,15,4,8,1835,1,2,1,1,2,42044,M,4540239.0,435944.0,42
201500026186,15,4,10,745,1,1,1,1,1,42316,M,4540735.0,427441.0,42
201500026187,15,5,6,930,1,2,1,1,3,42095,M,4536696.0,427858.0,42
201500026188,15,5,21,2220,5,2,1,1,2,42095,M,4538689.0,429764.0,42
201500026189,15,5,21,2300,5,2,2,1,3,42095,M,4539065.0,428976.0,42
201500026190,15,6,5,2035,1,1,1,1,6,42316,M,4541214.0,428588.0,42
201500026191,15,6,15,840,1,1,1,1,6,42183,M,4540489.0,437314.0,42
201500026192,15,6,30,2100,1,2,1,1,5,42183,M,4540492.0,437306.0,42
201500026193,15,7,3,1730,1,1,1,1,3,42044,M,4539709.0,432304.0,42
201500026194,15,7,15,1420,1,2,1,1,5,42183,M,4540500.0,436987.0,42
201500026195,15,7,20,1950,1,2,1,1,6,42095,M,4538690.0,428187.0,42
201500026196,15,7,21,830,1,2,1,1,1,42183,M,4540494.0,437290.0,42
201500026197,15,7,22,800,1,1,1,1,6,42044,M,4539622.0,432568.0,42
201500026198,15,7,24,720,1,2,1,1,6,42044,M,4539892.0,434150.0,42
201500026199,15,7,29,910,1,2,1,1,3,42316,M,4539220.0,427180.0,42
201500026200,15,8,8,1130,1,1,1,1,6,42044,M,4539684.0,432881.0,42
201500026201,15,8,20,900,1,2,1,1,6,42044,M,4539756.0,432868.0,42
201500026202,15,8,21,1730,1,2,1,1,6,42095,M,4537937.0,430438.0,42
201500026203,15,8,27,2000,1,1,1,1,3,42316,M,4540897.0,427740.0,42
201500026204,15,9,1,945,1,1,1,1,1,42183,M,4540493.0,437264.0,42
201500026205,15,9,23,1725,1,1,1,1,3,42031,M,4540511.0,423246.0,42
201500026206,15,9,23,1845,1,1,1,8,3,42316,M,4540957.0,428012.0,42
201500026207,15,11,3,1715,1,2,1,1,6,42316,M,4539562.0,427732.0,42
201500026208,15,11,28,1030,1,1,1,1,1,42031,M,4540228.0,423223.0,42
201500026209,15,12,3,1525,1,2,1,1,6,42316,M,4539293.0,429118.0,42
201500026210,15,12,7,1250,1,1,4,1,3,42316,M,4539536.0,426310.0,42
201500026211,15,12,21,1600,1,1,1,1,6,42095,M,4539011.0,429042.0,42
201500026212,15,12,22,1000,1,2,1,7,6,42095,M,4538915.0,428738.0,42
201500026213,15,12,25,1100,1,2,1,1,3,42183,M,4540492.0,437306.0,42
201500026214,15,1,9,850,1,2,1,1,6,42183,M,4540401.0,436728.0,42
201500026215,15,1,8,915,1,2,1,1,6,42183,M,4540416.0,436482.0,42
201500026216,15,1,22,1330,1,2,2,1,3,42095,M,4538937.0,428725.0,42
201500026217,15,1,26,2310,5,2,1,1,5,42095,M,4538156.0,430240.0,42
201500026218,15,1,27,1425,1,2,1,1,6,42183,M,4540217.0,436829.0,42
201500026219,15,1,30,1545,1,2,3,1,3,42316,M,4539979.0,426204.0,42
201500026220,15,2,14,2050,5,2,1,1,6,42095,M,4539288.0,429216.0,42
201500026221,15,3,12,1355,1,2,1,1,6,42095,M,4538712.0,428457.0,42
201500026222,15,2,5,1340,1,2,1,1,6,42186,M,4552708.0,461387.0,42
201500026223,15,3,16,910,1,2,1,1,6,42071,M,4603160.0,408279.0,42
201500026224,15,12,3,800,1,2,3,1,3,42187,M,4603739.0,406280.0,42
201500026225,15,3,20,1203,1,2,1,1,1,42187,M,4603148.0,406736.0,42
201500026226,15,12,3,1320,1,2,1,1,7,42187,M,4603189.0,407125.0,42
201500026227,15,3,20,1650,1,2,1,1,1,42187,M,4604288.0,407149.0,42
201500026228,15,12,9,1020,1,2,2,1,3,42071,M,4603161.0,408249.0,42
201500026229,15,3,26,1540,1,2,1,1,2,42187,M,4603447.0,407731.0,42
201500026230,15,12,10,1705,2,2,1,1,2,42170,M,4603724.0,412104.0,42
201500026231,15,3,30,1130,1,2,1,1,7,42127,M,4607024.0,404793.0,42
201500026232,15,12,13,1400,1,2,1,1,6,42184,M,4606579.0,405874.0,42
201500026233,15,4,3,900,1,2,1,1,2,42127,M,4606183.0,405851.0,42
201500026234,15,12,14,1455,1,2,2,1,3,42187,M,4606293.0,407590.0,42
201500026235,15,4,4,1811,1,2,3,2,3,42187,M,4603772.0,405220.0,42
201500026236,15,12,14,1720,5,2,1,1,6,42187,M,4603764.0,407709.0,42
201500026237,15,4,8,2112,3,2,6,1,7,42184,M,4604605.0,405635.0,42
201500026238,15,12,15,1145,1,2,1,1,2,42187,M,4603463.0,405230.0,42
201500026239,15,4,10,1747,1,2,6,1,6,42187,M,4602910.0,406562.0,42
201500026240,15,12,15,1935,5,2,2,2,3,42187,M,4604071.0,405646.0,42
201500026241,15,4,12,1010,1,2,1,1,7,42071,M,4602482.0,408688.0,42
201500026242,15,12,17,735,2,2,1,1,6,42187,M,4603635.0,406508.0,42
201500026243,15,4,12,140,5,2,3,1,3,42187,M,4603909.0,407476.0,42
201500026244,15,12,20,1450,1,2,1,1,6,42071,M,4600840.0,409970.0,42
201500026245,15,4,12,1809,1,2,2,1,2,42187,M,4603250.0,405978.0,42
201500026246,15,12,20,1755,2,1,1,1,5,42071,M,4608014.0,403092.0,42
201500026247,15,12,21,1430,1,1,6,1,2,42187,M,4603350.0,407742.0,42
201500026248,15,4,16,910,1,2,2,1,3,42187,M,4605057.0,406668.0,42
201500026249,15,12,21,1920,5,2,6,1,3,42184,M,4604397.0,403686.0,42
201500026250,15,4,21,1150,1,2,1,1,3,42187,M,4603519.0,406243.0,42
201500026251,15,4,21,1630,1,2,2,1,7,42187,M,4604819.0,408624.0,42
201500026252,15,12,24,1356,1,1,1,1,7,42170,M,4603736.0,410583.0,42
201500026253,15,12,24,1537,1,1,1,1,1,42170,M,4603219.0,418715.0,42
201500026254,15,4,23,1825,1,2,2,1,3,42184,M,4605351.0,403172.0,42
201500026255,15,12,24,1550,1,2,1,1,3,42127,M,4606686.0,405870.0,42
201500026256,15,4,27,1820,1,2,1,3,1,42187,M,4605045.0,408975.0,42
201500026257,15,4,28,1700,1,2,1,1,6,42187,M,4603205.0,406679.0,42
201500026258,15,12,26,1650,2,1,1,1,7,42170,M,4600397.0,413863.0,42
201500026259,15,4,30,1545,1,2,1,1,6,42187,M,4603982.0,407676.0,42
201500026260,15,12,26,1745,5,2,1,1,6,42187,M,4602951.0,405382.0,42
201500026261,15,5,9,1530,1,2,1,1,6,42071,M,4602901.0,408803.0,42
201500026262,15,5,13,715,1,2,1,1,7,42071,M,4603140.0,408263.0,42
201500026263,15,5,13,1810,1,2,6,1,7,42187,M,4603624.0,406414.0,42
201500026264,15,5,14,1630,1,2,1,1,2,42187,M,4602368.0,405137.0,42
201500026265,15,5,20,1340,1,2,3,1,3,42187,M,4603660.0,407544.0,42
201500026266,15,5,22,1745,1,2,3,1,2,42187,M,4604318.0,405490.0,42
201500026267,15,5,23,1210,1,2,2,1,3,42071,M,4602842.0,408297.0,42
201500026268,15,5,23,1315,1,2,6,1,3,42071,M,4601900.0,409618.0,42
201500026269,15,5,28,510,3,1,1,1,7,42170,M,4602855.0,409788.0,42
201500026270,15,5,29,935,1,2,1,1,6,42187,M,4603600.0,407176.0,42
201500026271,15,6,12,930,1,2,1,1,3,42187,M,4603371.0,407746.0,42
201500026272,15,6,12,1750,1,2,1,2,2,42071,M,4602885.0,408427.0,42
201500026273,15,6,16,1650,1,2,1,1,3,42187,M,4603116.0,406144.0,42
201500026274,15,6,19,1950,1,2,3,1,3,42187,M,4606718.0,407618.0,42
201500026275,15,6,23,1122,1,2,3,1,1,42071,M,4603172.0,408237.0,42
201500026276,15,6,24,1855,1,2,1,1,3,42187,M,4602885.0,408237.0,42
201500026277,15,6,24,1910,1,2,3,1,3,42187,M,4604129.0,405549.0,42
201500026278,15,6,25,1930,1,1,4,1,3,42170,M,4603495.0,410196.0,42
201500026279,15,6,25,2155,5,2,4,1,1,42187,M,4604026.0,408298.0,42
201500026280,15,6,30,1830,1,2,3,1,3,42184,M,4604917.0,405386.0,42
201500026281,15,7,3,2023,1,2,1,1,7,42187,M,4603382.0,408066.0,42
201500026282,15,7,4,430,5,2,1,1,7,42184,M,4605195.0,405176.0,42
201500026283,15,7,4,1330,1,2,3,1,7,42127,M,4606379.0,406222.0,42
201500026284,15,7,5,1630,1,1,1,1,7,42071,M,4603765.0,408688.0,42
201500026285,15,7,5,1700,1,2,1,1,1,42187,M,4604073.0,408533.0,42
201500026286,15,7,8,810,1,2,6,1,2,42184,M,4604913.0,405164.0,42
201500026287,15,7,8,1215,1,2,3,1,1,42071,M,4602488.0,409036.0,42
201500026288,15,7,8,1640,1,2,1,1,6,42187,M,4604050.0,407388.0,42
201500026289,15,7,10,840,1,2,2,1,6,42187,M,4603773.0,407535.0,42
201500026290,15,7,11,1950,1,2,6,1,3,42187,M,4603350.0,407799.0,42
201500026291,15,7,13,945,1,2,3,1,3,42184,M,4604235.0,404901.0,42
201500026292,15,7,13,1520,1,2,1,1,6,42071,M,4602900.0,408648.0,42
201500026293,15,7,13,1655,1,2,3,1,4,42187,M,4603160.0,407864.0,42
201500026294,15,7,13,2000,1,2,3,1,3,42187,M,4603929.0,405535.0,42
201500026295,15,7,15,945,1,2,3,1,6,42187,M,4603860.0,405830.0,42
201500026296,15,7,15,1205,1,1,1,1,7,42170,M,4603739.0,411761.0,42
201500026297,15,7,17,1331,1,2,5,1,3,42184,M,4604555.0,404065.0,42
201500026298,15,7,25,1950,2,2,1,1,3,42187,M,4605910.0,409100.0,42
201500026299,15,7,27,1520,1,2,1,1,4,42187,M,4603014.0,407479.0,42
201500026300,15,7,30,1330,1,2,3,1,3,42187,M,4603049.0,406252.0,42
201500026301,15,8,1,2155,5,2,3,1,3,42187,M,4603655.0,406428.0,42
201500026302,15,8,4,720,2,2,1,3,6,42187,M,4602842.0,406501.0,42
201500026303,15,8,8,1930,2,2,1,2,7,42187,M,4604095.0,405476.0,42
201500026304,15,8,9,525,2,2,2,1,7,42187,M,4603589.0,407041.0,42
201500026305,15,8,10,1630,1,2,1,1,2,42187,M,4603537.0,406569.0,42
201500026306,15,8,20,2247,3,1,1,1,7,42170,M,4606629.0,412260.0,42
201500026307,15,8,21,2105,5,2,2,1,3,42184,M,4604736.0,406902.0,42
201500026308,15,8,27,1157,1,2,1,1,3,42187,M,4603373.0,406902.0,42
201500026309,15,9,1,1135,1,2,1,2,4,42187,M,4604005.0,407144.0,42
201500026310,15,9,3,2025,2,2,2,1,1,42071,M,4602700.0,409000.0,42
201500026311,15,9,4,1455,1,1,1,1,1,42170,M,4603230.0,409999.0,42
201500026312,15,9,5,910,1,1,1,1,3,42187,M,4609029.0,407589.0,42
201500026313,15,9,5,1300,1,2,2,1,6,42187,M,4603765.0,407535.0,42
201500026314,15,9,9,730,1,2,1,1,3,42071,M,4602230.0,409358.0,42
201500026315,15,9,9,1712,1,2,1,1,1,42187,M,4603925.0,407163.0,42
201500026316,15,9,10,1141,1,2,1,1,1,42127,M,4606763.0,406057.0,42
201500026317,15,9,11,845,1,2,1,7,3,42127,M,4608105.0,407338.0,42
201500026318,15,9,11,915,1,2,3,1,6,42187,M,4603593.0,407050.0,42
201500026319,15,9,11,1345,1,2,3,1,3,42187,M,4603241.0,407385.0,42
201500026320,15,9,16,710,2,2,1,2,6,42187,M,4603462.0,406665.0,42
201500026321,15,9,21,1700,1,2,1,1,4,42187,M,4603063.0,406700.0,42
201500026322,15,9,21,1740,1,1,1,1,7,42184,M,4602800.0,403233.0,42
201500026323,15,9,20,158,5,2,1,1,6,42187,M,4603390.0,407666.0,42
201500026324,15,9,22,1835,1,1,1,2,7,42127,M,4608927.0,407566.0,42
201500026325,15,1,7,1215,1,2,3,1,3,42184,M,4605140.0,404403.0,42
201500026326,15,9,28,830,1,2,1,1,3,42071,M,4602525.0,408573.0,42
201500026327,15,9,29,1015,1,2,6,1,6,42187,M,4603216.0,406803.0,42
201500026328,15,9,30,900,1,2,3,1,3,42187,M,4605391.0,409140.0,42
201500026329,15,9,30,1500,1,2,6,1,7,42071,M,4602590.0,409304.0,42
201500026330,15,9,24,1750,1,2,1,1,7,42187,M,4602634.0,405231.0,42
201500026331,15,10,1,1730,1,2,3,1,3,42187,M,4603404.0,405353.0,42
201500026332,15,10,3,1800,1,1,1,3,1,42170,M,4603698.0,412375.0,42
201500026333,15,10,3,1845,1,1,1,2,1,42170,M,4603916.0,416507.0,42
201500026334,15,10,6,855,1,2,1,2,6,42187,M,4604755.0,406313.0,42
201500026335,15,10,6,1155,1,2,2,1,3,42187,M,4604084.0,405808.0,42
201500026336,15,10,6,1555,1,2,2,1,3,42187,M,4603252.0,405980.0,42
201500026337,15,10,8,855,1,1,1,1,7,42127,M,4606535.0,407426.0,42
201500026338,15,10,9,1558,1,2,1,1,6,42187,M,4603712.0,406503.0,42
201500026339,15,10,10,2145,5,2,1,1,6,42184,M,4603700.0,404570.0,42
201500026340,15,10,16,750,5,2,1,1,6,42187,M,4604775.0,408251.0,42
201500026341,15,10,21,2030,1,1,1,1,6,42187,M,4604839.0,406991.0,42
201500026342,15,10,29,1425,1,2,3,1,3,42187,M,4604646.0,406623.0,42
201500026343,15,11,6,1635,1,2,2,1,3,42187,M,4605209.0,408594.0,42
201500026344,15,11,13,1655,2,2,2,1,3,42187,M,4604901.0,407408.0,42
201500026345,15,11,14,1240,1,2,1,1,6,42127,M,4606324.0,406250.0,42
201500026346,15,11,18,1700,2,2,2,1,3,42187,M,4606101.0,407486.0,42
201500026347,15,11,18,1745,5,2,3,1,6,42127,M,4606021.0,406785.0,42
201500026348,15,11,21,917,1,2,2,2,3,42187,M,4603757.0,407530.0,42
201500026349,15,11,22,1635,1,2,3,1,3,42187,M,4602994.0,405165.0,42
201500026350,15,11,23,1345,1,2,3,1,3,42127,M,4606576.0,407422.0,42
201500026351,15,12,1,1045,1,2,1,1,2,42187,M,4605105.0,408284.0,42
201500026352,15,1,9,1840,5,2,6,1,7,42127,M,4608344.0,407332.0,42
201500026353,15,1,12,1015,1,2,1,1,2,42071,M,4602135.0,409224.0,42
201500026354,15,1,12,1835,2,1,1,1,2,42170,M,4603500.0,410015.0,42
201500026355,15,1,13,1620,1,2,1,1,6,42187,M,4604809.0,407418.0,42
201500026356,15,1,13,1615,2,2,1,1,4,42187,M,4604387.0,407153.0,42
201500026357,15,1,15,1245,1,2,1,1,7,42187,M,4604416.0,407404.0,42
201500026358,15,1,16,1035,1,2,1,2,6,42187,M,4603388.0,407807.0,42
201500026359,15,1,16,1645,2,2,1,2,4,42187,M,4603262.0,408000.0,42
201500026360,15,1,23,1800,5,2,1,1,7,42187,M,4603937.0,406661.0,42
201500026361,15,1,26,1810,5,2,1,2,7,42187,M,4603655.0,406485.0,42
201500026362,15,1,23,1050,1,1,1,2,7,42170,M,4604038.0,414660.0,42
201500026363,15,1,29,750,4,2,1,3,7,42187,M,4603844.0,405215.0,42
201500026364,15,1,30,1310,1,2,2,1,3,42187,M,4603810.0,406859.0,42
201500026365,15,1,30,1710,1,1,1,2,7,42170,M,4603327.0,409799.0,42
201500026366,15,2,9,1645,2,2,1,1,2,42187,M,4603372.0,406902.0,42
201500026367,15,2,10,1740,3,2,2,1,3,42187,M,4606286.0,407589.0,42
201500026368,15,2,12,1223,1,2,1,1,6,42187,M,4603470.0,407380.0,42
201500026369,15,2,19,1035,1,2,1,7,2,42071,M,4602937.0,408775.0,42
201500026370,15,2,24,820,1,2,1,1,6,42071,M,4603045.0,408312.0,42
201500026371,15,2,27,920,1,2,2,2,3,42187,M,4605011.0,409011.0,42
201500026372,15,3,3,1700,1,2,2,1,3,42184,M,4604904.0,405168.0,42
201500026373,15,3,4,1400,1,2,1,2,4,42187,M,4603137.0,406749.0,42
201500026374,15,3,9,1635,1,2,2,1,3,42187,M,4603711.0,405471.0,42
201500026375,15,3,10,1845,5,2,1,1,7,42187,M,4604800.0,408256.0,42
201500026376,15,3,12,1142,1,2,1,1,6,42187,M,4603710.0,406080.0,42
201500026377,15,3,13,1335,1,2,3,1,3,42187,M,4603910.0,407481.0,42
201500026378,15,1,10,50,5,2,1,1,6,42259,M,4553663.0,460777.0,42
201500026379,15,1,23,1920,5,2,1,1,6,42207,M,4547364.0,451151.0,42
201500026380,15,2,18,1215,1,1,1,8,4,42207,M,4547738.0,446635.0,42
201500026381,15,12,21,1545,1,2,2,1,3,42218,M,4546367.0,438176.0,42
201500026382,15,3,19,1300,1,2,1,1,6,42218,M,4542277.0,439208.0,42
201500026383,15,12,24,935,1,2,1,1,6,42330,M,4546828.0,435446.0,42
201500026384,15,3,28,910,1,2,2,1,6,42189,M,4543332.0,432252.0,42
201500026385,15,12,27,1030,1,2,1,1,6,42218,M,4542057.0,439821.0,42
201500026386,15,4,9,1640,1,2,1,1,2,42218,M,4544345.0,437946.0,42
201500026387,15,11,28,2300,3,1,1,1,6,42218,M,4545676.0,429561.0,42
201500026388,15,4,10,1620,1,2,1,1,6,42218,M,4541084.0,438735.0,42
201500026389,15,12,28,1600,1,2,1,1,1,42218,M,4545141.0,440722.0,42
201500026390,15,4,5,1315,1,1,3,1,6,42218,M,4547088.0,440020.0,42
201500026391,15,12,29,1200,1,2,1,2,1,42218,M,4545909.0,436984.0,42
201500026392,15,4,5,1537,1,2,3,1,3,42218,M,4543514.0,443718.0,42
201500026393,15,12,30,850,1,2,1,1,6,42218,M,4544962.0,436328.0,42
201500026394,15,4,6,2031,2,2,2,1,3,42218,M,4543516.0,438401.0,42
201500026395,15,4,21,1605,1,2,1,1,2,42218,M,4543864.0,443622.0,42
201500026396,15,4,21,1500,1,2,1,1,6,42218,M,4542244.0,439656.0,42
201500026397,15,1,1,101,5,2,2,1,3,42218,M,4544685.0,438375.0,42
201500026398,15,4,26,245,1,1,1,1,6,42183,M,4541794.0,437090.0,42
201500026399,15,4,27,1515,1,2,1,2,6,42218,M,4542094.0,441216.0,42
201500026400,15,12,18,807,1,2,3,1,6,42218,M,4546559.0,437840.0,42
201500026401,15,4,10,803,1,2,2,1,6,42218,M,4541394.0,439843.0,42
201500026402,15,12,19,230,5,2,2,1,3,42218,M,4546367.0,438176.0,42
201500026403,15,4,11,1115,1,2,2,1,6,42218,M,4542689.0,440353.0,42
201500026404,15,12,22,1641,1,2,3,1,3,42218,M,4544151.0,441423.0,42