Num_Acc,an,mois,jour,hrmn,lum,agg,int,atm,col,com,gps,lat,long,dep
201500026405,15,4,11,1425,1,2,1,1,4,42275,M,4546939.0,437588.0,42
201500026406,15,4,14,1916,1,1,1,1,1,42189,M,4542909.0,435104.0,42
201500026407,15,4,16,1202,1,1,1,1,5,42189,M,4543012.0,434816.0,42
201500026408,15,4,20,853,1,2,1,1,6,42218,M,4544868.0,439098.0,42
201500026409,15,4,22,959,1,2,2,1,3,42218,M,4545616.0,439174.0,42
201500026410,15,12,24,1641,1,2,1,1,1,42218,M,4543575.0,443201.0,42
201500026411,15,4,30,1658,1,2,2,1,6,42218,M,4546609.0,439888.0,42
201500026412,15,5,3,1120,1,2,3,1,6,42189,M,4543484.0,432268.0,42
201500026413,15,5,6,1850,1,2,1,1,6,42218,M,4542118.0,442169.0,42
201500026414,15,5,10,410,5,2,3,1,3,42218,M,4544703.0,439800.0,42
201500026415,15,5,11,1600,1,2,2,1,1,42218,M,4545021.0,440411.0,42
201500026416,15,5,12,1730,1,2,1,1,6,42218,M,4542265.0,439192.0,42
201500026417,15,5,16,240,5,2,1,2,6,42218,M,4542839.0,440482.0,42
201500026418,15,5,16,750,1,2,2,1,3,42218,M,4542838.0,439928.0,42
201500026419,15,5,19,1445,1,2,1,1,6,42218,M,4543387.0,438207.0,42
201500026420,15,5,22,1740,1,1,1,1,3,42223,M,4546616.0,431924.0,42
201500026421,15,5,23,1800,1,2,1,1,6,42275,M,4547799.0,436084.0,42
201500026422,15,4,27,1920,1,2,1,1,2,42218,M,4542908.0,438894.0,42
201500026423,15,5,31,2200,5,2,1,1,6,42218,M,4544474.0,439780.0,42
201500026424,15,6,4,1540,1,2,1,1,6,42218,M,4544430.0,436369.0,42
201500026425,15,6,9,1415,1,2,1,1,6,42218,M,4545360.0,438336.0,42
201500026426,15,6,11,1615,1,2,1,1,2,42218,M,4542317.0,439065.0,42
201500026427,15,5,21,2145,3,1,1,1,7,42218,M,4538919.0,447278.0,42
201500026428,15,5,29,855,1,2,2,1,3,42218,M,4544102.0,438900.0,42
201500026429,15,5,31,619,1,2,2,1,3,42218,M,4544480.0,438431.0,42
201500026430,15,6,2,746,1,2,1,1,6,42218,M,4545905.0,438153.0,42
201500026431,15,6,3,2127,1,2,2,1,3,42218,M,4543330.0,438886.0,42
201500026432,15,6,5,1449,1,2,1,1,3,42218,M,4544792.0,438801.0,42
201500026433,15,6,9,1748,1,2,1,1,4,42218,M,4546269.0,438236.0,42
201500026434,15,6,13,511,1,2,3,1,6,42218,M,4544145.0,438726.0,42
201500026435,15,6,19,1915,1,2,1,1,6,42218,M,4543271.0,438024.0,42
201500026436,15,6,19,1416,1,2,3,1,6,42218,M,4543317.0,439556.0,42
201500026437,15,6,26,1800,1,2,1,1,6,42218,M,4543124.0,438928.0,42
201500026438,15,6,30,715,1,2,1,1,6,42305,M,4547981.0,443123.0,42
201500026439,15,7,5,345,5,2,2,1,3,42218,M,4543265.0,438037.0,42
201500026440,15,7,6,1829,1,1,1,1,7,42223,M,4545462.0,434182.0,42
201500026441,15,7,10,2355,5,2,3,1,7,42218,M,4545518.0,437764.0,42
201500026442,15,5,27,1920,1,2,1,1,2,42218,M,4542908.0,438894.0,42
201500026443,15,7,21,1939,1,1,1,1,4,42218,M,4543410.0,430426.0,42
201500026444,15,8,2,331,5,2,1,1,6,42218,M,4543594.0,439023.0,42
201500026445,15,8,2,750,1,2,1,1,6,42218,M,4544384.0,441588.0,42
201500026446,15,8,4,913,1,2,3,1,3,42218,M,4546185.0,441447.0,42
201500026447,15,8,8,1430,1,1,6,2,2,42330,M,4547846.0,434750.0,42
201500026448,15,8,17,2100,5,2,1,1,6,42218,M,4544002.0,441956.0,42
201500026449,15,8,19,2045,1,2,1,1,6,42218,M,4542483.0,440724.0,42
201500026450,15,8,23,1215,1,2,2,3,3,42218,M,4544008.0,439970.0,42
201500026451,15,8,24,1830,1,2,1,1,3,42218,M,4545324.0,440993.0,42
201500026452,15,8,26,1445,1,2,1,1,3,42218,M,4546273.0,438230.0,42
201500026453,15,8,29,1156,1,2,1,1,7,42218,M,4547030.0,439434.0,42
201500026454,15,8,31,1132,1,2,6,1,3,42218,M,4542082.0,441073.0,42
201500026455,15,9,21,1940,5,2,3,1,3,42218,M,4541523.0,437492.0,42
201500026456,15,9,6,1355,1,2,1,1,6,42218,M,4541815.0,441690.0,42
201500026457,15,9,8,1243,1,2,3,1,3,42275,M,4547159.0,438341.0,42
201500026458,15,9,15,743,1,2,1,1,6,42218,M,4544821.0,438466.0,42
201500026459,15,9,18,1614,1,2,3,1,3,42218,M,4544399.0,441903.0,42
201500026460,15,9,19,822,1,2,1,1,3,42237,M,4544609.0,443360.0,42
201500026461,15,9,24,1807,1,2,1,1,6,42218,M,4543778.0,438313.0,42
201500026462,15,9,25,1640,1,2,1,1,6,42218,M,4543887.0,439999.0,42
201500026463,15,10,1,130,5,2,2,1,3,42218,M,4544007.0,439103.0,42
201500026464,15,9,30,1519,1,2,1,1,6,42218,M,4546302.0,438067.0,42
201500026465,15,10,4,940,1,2,1,1,6,42330,M,4546603.0,435503.0,42
201500026466,15,10,5,1750,1,2,2,1,6,42218,M,4541817.0,439478.0,42
201500026467,15,10,2,2120,5,2,4,1,3,42218,M,4541899.0,437594.0,42
201500026468,15,10,24,1955,3,1,1,1,1,42223,M,4545382.0,434201.0,42
201500026469,15,10,25,800,1,2,1,1,6,42218,M,4544456.0,438083.0,42
201500026470,15,10,29,920,1,2,1,1,7,42218,M,4544620.0,440023.0,42
201500026471,15,10,30,1015,1,2,1,1,1,42218,M,4542272.0,437659.0,42
201500026472,15,11,6,1340,1,2,1,1,6,42218,M,4543637.0,438652.0,42
201500026473,15,11,7,1745,1,2,1,1,6,42218,M,4546645.0,438349.0,42
201500026474,15,11,8,1200,1,2,2,1,3,42305,M,4548332.0,443011.0,42
201500026475,15,11,8,1415,1,2,1,1,6,42218,M,4542122.0,441132.0,42
201500026476,15,11,8,2010,5,2,1,1,6,42218,M,4543746.0,439278.0,42
201500026477,15,11,11,1830,4,2,1,1,6,42218,M,4544527.0,440233.0,42
201500026478,15,11,11,1115,1,2,2,1,3,42218,M,4542292.0,440930.0,42
201500026479,15,11,13,1050,1,2,1,1,6,42218,M,4544451.0,438558.0,42
201500026480,15,11,19,1250,1,2,9,1,6,42218,M,4543793.0,441390.0,42
201500026481,15,11,20,1210,1,2,1,1,6,42218,M,4544704.0,440540.0,42
201500026482,15,11,23,2005,5,2,1,1,2,42218,M,4543839.0,439623.0,42
201500026483,15,10,16,1555,1,2,3,8,3,42218,M,4541483.0,439505.0,42
201500026484,15,11,28,1100,1,2,1,1,6,42218,M,4546559.0,437976.0,42
201500026485,15,10,27,2229,1,2,1,1,7,42275,M,4547964.0,436899.0,42
201500026486,15,11,12,1729,5,1,1,1,6,42218,M,4543880.0,440103.0,42
201500026487,15,11,19,1017,1,2,3,1,6,42330,M,4546837.0,435364.0,42
201500026488,15,12,2,1151,1,2,1,1,6,42218,M,4542867.0,439482.0,42
201500026489,15,12,4,803,1,1,2,1,3,42218,M,4546495.0,439873.0,42
201500026490,15,12,8,1146,1,2,1,1,2,42218,M,4543913.0,443622.0,42
201500026491,15,12,11,1310,1,2,2,1,3,42218,M,4544609.0,438664.0,42
201500026492,15,11,28,1520,1,2,1,1,4,42218,M,4545404.0,438406.0,42
201500026493,15,12,2,1235,1,1,1,1,6,42218,M,4542853.0,429502.0,42
201500026494,15,12,2,1800,5,2,1,1,6,42218,M,4544856.0,436606.0,42
201500026495,15,12,3,1815,5,2,1,1,6,42218,M,4543019.0,439018.0,42
201500026496,15,12,5,2340,5,2,2,1,3,42218,M,4543657.0,439396.0,42
201500026497,15,12,6,510,5,2,1,1,6,42218,M,4546660.0,439350.0,42
201500026498,15,12,8,110,5,2,1,1,6,42218,M,4544185.0,442955.0,42
201500026499,15,12,9,2120,5,2,1,1,6,42218,M,4542702.0,441275.0,42
201500026500,15,12,10,740,1,2,1,1,3,42305,M,4548114.0,443485.0,42
201500026501,15,1,7,1945,5,2,1,1,6,42218,M,4543245.0,438840.0,42
201500026502,15,1,13,715,3,2,1,1,6,42330,M,4547296.0,435794.0,42
201500026503,15,1,13,1950,5,2,3,1,5,42218,M,4545051.0,440187.0,42
201500026504,15,1,15,1645,1,2,1,1,3,42237,M,4544041.0,445553.0,42
201500026505,15,1,15,1345,1,2,3,1,6,42218,M,4542467.0,439497.0,42
201500026506,15,1,16,2150,3,1,1,9,7,42223,M,4544952.0,433720.0,42
201500026507,15,1,10,1741,2,2,1,1,6,42305,M,4548078.0,443372.0,42
201500026508,15,1,23,1240,1,2,1,8,6,42218,M,4543084.0,442373.0,42
201500026509,15,1,24,1300,1,2,1,1,1,42189,M,4541983.0,431698.0,42
201500026510,15,1,25,1750,2,2,1,8,6,42218,M,4541804.0,439365.0,42
201500026511,15,1,15,1815,5,2,1,1,3,42218,M,4545778.0,438217.0,42
201500026512,15,1,29,1935,5,2,1,3,6,42218,M,4543545.0,439323.0,42
201500026513,15,2,7,230,5,2,1,1,6,42218,M,4542601.0,439413.0,42
201500026514,15,2,10,955,1,2,3,8,6,42218,M,4542385.0,439545.0,42
201500026515,15,2,9,1330,1,2,3,1,3,42218,M,4543747.0,439521.0,42
201500026516,15,2,11,1106,1,2,7,1,6,42218,M,4544217.0,438241.0,42
201500026517,15,2,15,2155,5,2,2,1,3,42218,M,4544013.0,438259.0,42
201500026518,15,2,25,1515,1,2,1,1,1,42305,M,4547906.0,441324.0,42
201500026519,15,2,24,1930,5,2,2,2,5,42218,M,4544170.0,437894.0,42
201500026520,15,2,26,1845,5,2,1,2,5,42218,M,4545356.0,439909.0,42
201500026521,15,3,1,1350,1,2,2,1,3,42218,M,4543889.0,439703.0,42
201500026522,15,2,26,1325,1,2,1,1,6,42218,M,4544851.0,440072.0,42
201500026523,15,3,7,540,5,2,1,1,6,42218,M,4544868.0,439060.0,42
201500026524,15,3,7,530,5,2,1,1,1,42305,M,4547526.0,444269.0,42
201500026525,15,3,11,2143,5,2,1,1,6,42218,M,4543121.0,439897.0,42
201500026526,15,3,10,1915,5,2,1,1,6,42218,M,4543307.0,438002.0,42
201500026527,15,3,13,1150,1,2,1,1,6,42218,M,4543785.0,439365.0,42
201500026528,15,3,16,1600,1,2,1,1,4,42189,M,4542412.0,431604.0,42
201500026529,15,3,16,850,1,2,1,1,3,42218,M,4541370.0,439240.0,42
201500026530,15,3,18,1516,1,2,1,1,3,42275,M,4547266.0,437100.0,42
201500026531,15,3,17,1412,1,2,2,1,6,42218,M,4541798.0,439315.0,42
201500026532,15,3,19,2150,5,2,1,1,6,42218,M,4544572.0,438297.0,42
201500026533,15,3,27,1400,1,2,2,1,3,42218,M,4544507.0,436612.0,42
201500026534,15,3,25,1705,1,2,1,2,2,42237,M,4546718.0,443141.0,42
201500026535,15,4,3,25,5,2,2,1,3,42218,M,4543074.0,439332.0,42
201500026536,15,4,3,1040,1,2,1,1,6,42218,M,4542294.0,440929.0,42
201500026537,15,3,21,1210,1,2,1,1,3,42186,M,4552978.0,461220.0,42
201500026538,15,3,17,1705,1,2,1,1,6,42207,M,4547363.0,451149.0,42
201500026539,15,4,23,1840,1,2,1,1,6,42123,M,4558436.0,451409.0,42
201500026540,15,5,7,130,1,1,1,1,6,42259,M,4554814.0,460875.0,42
201500026541,15,5,7,835,1,1,1,1,6,42186,M,4552923.0,461980.0,42
201500026542,15,5,25,1715,1,1,1,1,6,42259,M,4554075.0,461018.0,42
201500026543,15,5,27,1315,1,2,1,1,3,42207,M,4547519.0,452233.0,42
201500026544,15,5,30,1030,1,2,1,1,6,42207,M,4547519.0,450487.0,42
201500026545,15,6,18,2030,1,2,1,1,5,42207,M,4547608.0,452093.0,42
201500026546,15,6,2,2030,1,1,1,1,6,42207,M,4547435.0,451406.0,42
201500026547,15,6,19,1600,1,1,1,1,1,42225,M,4553236.0,459538.0,42
201500026548,15,6,26,1239,1,2,1,1,6,42207,M,4547300.0,451629.0,42
201500026549,15,6,9,1005,1,2,1,1,3,42207,M,4546014.0,452426.0,42
201500026550,15,7,2,855,1,1,1,1,2,42207,M,4547075.0,451578.0,42
201500026551,15,6,23,2015,1,2,3,1,3,42207,M,4547254.0,453005.0,42
201500026552,15,7,30,1605,1,2,1,1,6,42207,M,4547529.0,450901.0,42
201500026553,15,7,31,2245,5,2,3,1,2,42123,M,4551407.0,458439.0,42
201500026554,15,8,28,1500,1,2,2,1,3,42207,M,4547483.0,451685.0,42
201500026555,15,9,16,2355,5,2,3,1,6,42207,M,4547343.0,451101.0,42
201500026556,15,9,16,1400,1,2,3,1,3,42123,M,4551362.0,458325.0,42
201500026557,15,9,18,700,2,2,1,9,6,42186,M,4552400.0,460621.0,42
201500026558,15,9,9,1745,1,2,1,1,6,42207,M,4547652.0,450616.0,42
201500026559,15,9,22,1605,1,2,1,1,6,42207,M,4547401.0,451286.0,42
201500026560,15,9,21,1130,1,2,1,1,1,42186,M,4552309.0,462447.0,42
201500026561,15,10,5,1630,1,2,1,8,5,42186,M,4552373.0,460622.0,42
201500026562,15,10,1,2040,5,2,2,1,3,42207,M,4546433.0,450341.0,42
201500026563,15,10,10,2049,5,2,2,1,2,42207,M,4547438.0,451399.0,42
201500026564,15,7,1,2330,5,1,1,1,6,42225,M,4552322.0,459222.0,42
201500026565,15,10,22,1210,1,2,1,1,6,42207,M,4547739.0,451537.0,42
201500026566,15,10,31,1700,2,1,1,1,3,42207,M,4547182.0,448734.0,42
201500026567,15,11,4,1350,1,2,1,1,5,42207,M,4548072.0,452833.0,42
201500026568,15,11,5,950,1,2,1,1,6,42186,M,4553075.0,462248.0,42
201500026569,15,11,23,745,1,2,1,1,2,42123,M,4551018.0,457337.0,42
201500026570,15,12,5,2345,5,2,1,1,2,42123,M,4551027.0,457611.0,42
201500026571,15,12,8,1715,2,2,1,1,1,42207,M,4547290.0,453339.0,42
201500026572,15,12,15,1935,5,2,3,2,1,42207,M,4546331.0,450730.0,42
201500026573,15,3,26,1400,1,2,1,1,6,43157,M,,,43
201500026574,15,4,8,1635,1,2,1,1,6,43157,M,4504820.0,389355.0,43
201500026575,15,4,9,2240,5,2,1,1,6,43157,M,,,43
201500026576,15,4,20,1915,1,2,1,1,6,43157,M,4504220.0,388661.0,43
201500026577,15,5,19,1205,1,2,1,1,2,43157,M,4504120.0,388839.0,43
201500026578,15,6,5,1935,1,2,1,1,6,43157,M,,,43
201500026579,15,6,20,2240,5,2,1,1,6,43157,M,4504420.0,388943.0,43
201500026580,15,6,20,1825,1,2,1,1,6,43157,M,4504020.0,388827.0,43
201500026581,15,6,28,2150,2,2,2,1,3,43157,M,,,43
201500026582,15,6,26,1500,1,2,1,1,6,43157,M,,,43
201500026583,15,6,30,1415,1,2,2,1,3,43089,M,,,43
201500026584,15,7,18,1310,1,2,1,1,2,43157,M,,,43
201500026585,15,7,25,910,1,2,1,1,3,43157,M,4504880.0,389416.0,43
201500026586,15,7,30,1530,1,2,1,1,6,43157,M,4504210.0,388573.0,43
201500026587,15,7,31,1200,1,2,1,1,6,43002,M,4504850.0,388100.0,43
201500026588,15,8,11,1820,1,2,1,1,3,43157,M,4504760.0,389299.0,43
201500026589,15,8,12,2310,5,2,3,1,3,43157,M,,,43
201500026590,15,8,16,555,2,2,1,1,6,43089,M,4505580.0,386097.0,43
201500026591,15,9,9,1400,1,2,1,1,6,43251,M,,,43
201500026592,15,9,23,1145,1,2,1,1,3,43251,M,,,43
201500026593,15,11,3,830,1,2,1,2,2,43089,M,,,43
201500026594,15,11,2,830,1,2,2,1,1,43251,M,4502850.0,387231.0,43
201500026595,15,11,2,1310,1,2,1,1,6,43157,M,4504200.0,388278.0,43
201500026596,15,11,18,1342,1,2,1,1,6,43157,M,4504430.0,388951.0,43
201500026597,15,12,1,1210,1,2,3,1,3,43157,M,,,43
201500026598,15,12,6,325,5,2,3,1,2,43157,M,4504440.0,387931.0,43
201500026599,15,12,11,1500,1,2,1,1,2,43251,M,,,43
201500026600,15,12,9,1735,1,2,1,1,2,43157,M,4504200.0,388405.0,43
201500026601,15,12,10,1320,1,2,1,1,3,43157,M,4504710.0,389577.0,43
201500026602,15,11,23,1210,1,2,1,1,6,43157,M,,,43
201500026603,15,12,28,1650,2,2,1,1,1,43157,M,,,43
201500026604,15,1,2,1055,1,2,1,1,6,43251,M,,,43
201500026605,15,1,9,1825,5,2,1,1,6,43157,M,4504770.0,389695.0,43
201500026606,15,1,27,1755,5,2,1,1,6,43157,M,,,43
201500026607,15,2,8,445,5,2,1,1,6,43089,M,4504970.0,387249.0,43
201500026608,15,2,8,1605,1,1,1,1,1,43157,M,,,43
201500026609,15,2,10,1820,5,1,1,1,6,43041,M,4505580.0,390718.0,43
201500026610,15,3,5,1110,1,2,1,1,6,43157,M,,,43
201500026611,15,3,7,925,1,2,4,1,3,43157,M,4504470.0,387994.0,43
201500026612,15,3,11,2025,5,2,3,1,2,43157,M,4503980.0,388823.0,43
201500026613,15,3,14,1925,3,2,1,2,1,43041,M,4505000.0,390319.0,43
201500026614,15,1,3,1825,5,2,2,1,3,44132,M,4726708.0,-234144.0,44
201500026615,15,12,31,1755,1,1,2,1,6,44055,M,4716596.0,-218574.0,44
201500026616,15,1,27,2050,5,2,6,1,7,44132,M,4725660.0,-231669.0,44
201500026617,15,2,8,2120,3,1,1,1,7,44055,M,4730675.0,-238613.0,44
201500026618,15,2,18,2110,5,2,1,1,6,44132,M,4726198.0,-230676.0,44
201500026619,15,2,19,1210,1,2,1,1,6,44132,M,4726093.0,-233972.0,44
201500026620,15,3,21,1655,1,2,3,1,6,44055,M,4727794.0,-242564.0,44
201500026621,15,4,5,750,1,2,1,1,7,44055,M,4728240.0,-238627.0,44
201500026622,15,5,15,1715,1,2,1,8,1,44135,M,4725997.0,-242442.0,44
201500026623,15,4,6,2300,5,2,1,1,3,44055,M,4728068.0,-238418.0,44
201500026624,15,5,16,2125,2,2,1,1,2,44055,M,4727799.0,-241949.0,44
201500026625,15,4,9,1815,1,1,1,1,2,44132,M,4726527.0,-229694.0,44
201500026626,15,5,24,135,5,2,1,1,7,44132,M,4725417.0,-233634.0,44
201500026627,15,6,4,1425,1,2,1,1,3,44055,M,4728966.0,-238469.0,44
201500026628,15,6,1,1650,1,2,1,1,2,44055,M,4728028.0,-240819.0,44
201500026629,15,6,29,1520,1,2,9,1,7,44055,M,4728133.0,-237681.0,44
201500026630,15,7,2,2110,1,2,1,1,6,44132,M,4725978.0,-233454.0,44
201500026631,15,7,5,1700,1,2,2,1,7,44055,M,4728491.0,-238546.0,44
201500026632,15,7,11,1800,1,2,1,1,6,44132,M,4726225.0,-234253.0,44
201500026633,15,7,15,820,1,2,2,1,3,44132,M,4724947.0,-230866.0,44
201500026634,15,7,17,1435,1,2,2,2,1,44055,M,4728807.0,-238408.0,44
201500026635,15,7,25,320,5,2,6,1,7,44055,M,4727451.0,-236078.0,44
201500026636,15,8,2,1920,1,2,1,1,6,44132,M,4727168.0,-235399.0,44
201500026637,15,8,2,200,5,2,2,1,3,44055,M,4728557.0,-239358.0,44
201500026638,15,8,3,2015,2,2,9,1,6,44132,M,4726046.0,-234064.0,44
201500026639,15,8,7,647,1,2,2,1,1,44055,M,4728718.0,-239045.0,44
201500026640,15,8,8,1130,1,2,1,1,2,44132,M,4725632.0,-232158.0,44
201500026641,15,8,23,1220,1,2,6,1,1,44055,M,4728753.0,-238048.0,44
201500026642,15,8,23,1540,1,2,3,1,2,44055,M,4728158.0,-241383.0,44
201500026643,15,9,4,1635,1,2,1,1,6,44132,M,4727123.0,-235273.0,44
201500026644,15,9,9,1030,1,2,1,1,1,44055,M,4728143.0,-241248.0,44
201500026645,15,10,3,1530,1,2,6,1,6,44135,M,4727297.0,-244000.0,44
201500026646,15,10,12,1800,1,1,1,1,3,44055,M,4727844.0,-233976.0,44
201500026647,15,11,16,1820,4,2,6,2,6,44055,M,4717150.0,-222498.0,44
201500026648,15,12,7,1216,1,1,1,1,2,44135,M,,,44
201500026649,15,12,11,1830,5,2,1,1,6,44055,M,,,44
201500026650,15,12,17,1124,1,2,2,1,6,44055,M,4717024.0,-223381.0,44
201500026651,15,2,2,1705,1,2,1,9,3,44162,M,4722083.0,-162336.0,44
201500026652,15,12,29,1440,1,2,1,1,1,44109,M,,,44
201500026653,15,2,6,2125,5,2,1,1,1,44109,M,4723440.0,-153544.0,44
201500026654,15,1,31,1815,2,2,1,2,6,44109,M,4724760.0,-151180.0,44
201500026655,15,12,21,1115,1,2,1,1,3,44109,M,,,44
201500026656,15,1,6,1735,1,2,1,1,6,44109,M,4720880.0,-161095.0,44
201500026657,15,2,21,1830,2,2,1,1,3,44109,M,4722631.0,-156005.0,44
201500026658,15,12,17,1800,5,2,1,1,6,44162,M,,,44
201500026659,15,3,17,1620,1,2,1,1,7,44162,M,4722191.0,-163261.0,44
201500026660,15,12,31,1430,1,2,6,1,3,44162,M,,,44
201500026661,15,4,6,1800,1,2,6,1,3,44109,M,4722191.0,-158853.0,44
201500026662,15,2,17,1640,1,2,6,1,3,44109,M,4725040.0,-149738.0,44
201500026663,15,2,13,2105,5,2,1,1,7,44162,M,4722530.0,-162920.0,44
201500026664,15,2,10,1616,1,2,1,1,6,44109,M,4720600.0,-153549.0,44
201500026665,15,1,26,2116,5,2,1,1,6,44109,M,4721330.0,-155054.0,44
201500026666,15,12,18,422,5,2,1,2,7,44162,M,4714000.0,-135000.0,44
201500026667,15,12,4,1405,1,2,1,1,2,44109,M,,,44
201500026668,15,2,14,1908,5,2,6,1,3,44109,M,4726344.0,-158000.0,44
201500026669,15,12,30,2045,3,2,3,3,3,44114,M,4715287.0,-138434.0,44
201500026670,15,2,19,2240,5,2,9,1,3,44109,M,4720640.0,-153912.0,44
201500026671,15,1,6,1845,5,2,6,2,6,44109,M,4724610.0,-156583.0,44
201500026672,15,12,19,1500,1,2,1,1,6,44109,M,4712000.0,-134000.0,44
201500026673,15,2,28,1905,1,2,1,1,7,44109,M,4723853.0,-156889.0,44
201500026674,15,12,23,1142,1,2,1,1,6,44162,M,,,44
201500026675,15,1,19,1158,1,2,8,1,6,44109,M,4723890.0,-154311.0,44
201500026676,15,3,1,100,5,2,1,9,2,44109,M,4720850.0,-156898.0,44
201500026677,15,2,22,1940,5,2,1,2,6,44109,M,4721133.0,-155908.0,44
201500026678,15,3,5,855,1,2,9,1,6,44109,M,4723029.0,-156337.0,44
201500026679,15,12,23,1505,1,2,1,1,2,44162,M,4712408.0,-137416.0,44
201500026680,15,2,25,720,1,1,1,1,6,44190,M,4718700.0,-147825.0,44
201500026681,15,3,7,2110,5,2,1,1,1,44190,M,4719917.0,-151122.0,44
201500026682,15,12,19,1530,1,2,1,1,6,44109,M,4715133.0,-130444.0,44
201500026683,15,3,5,1645,1,2,1,1,6,44109,M,4723120.0,-159346.0,44
201500026684,15,12,15,2035,5,2,1,2,2,44109,M,4723000.0,-153000.0,44
201500026685,15,3,5,1400,1,2,1,1,3,44109,M,4719891.0,-158297.0,44
201500026686,15,12,16,900,1,2,1,1,7,44162,M,4723000.0,-163000.0,44
201500026687,15,12,10,900,1,2,1,1,6,44109,M,4724320.0,153990.0,44
201500026688,15,3,9,1145,1,2,6,1,3,44109,M,4725851.0,-151965.0,44
201500026689,15,3,12,910,1,2,1,1,5,44114,M,4725065.0,-161813.0,44
201500026690,15,12,11,1000,1,2,1,2,6,44109,M,4712000.0,-135000.0,44
201500026691,15,3,11,1430,1,2,1,1,6,44143,M,4719324.0,-157274.0,44
201500026692,15,12,19,1750,5,2,1,1,6,44143,M,,,44
201500026693,15,2,5,1230,1,2,1,1,2,44109,M,4723242.0,-152203.0,44
201500026694,15,12,20,700,5,2,1,1,6,44143,M,4715000.0,153000.0,44
201500026695,15,12,5,2355,1,1,6,1,5,44109,M,,,44
201500026696,15,2,5,1350,1,2,2,1,3,44109,M,4722715.0,-154256.0,44
201500026697,15,3,7,520,3,1,1,1,6,44162,M,4721205.0,-163225.0,44
201500026698,15,3,5,1640,1,1,6,1,6,44162,M,4722722.0,-165127.0,44
201500026699,15,12,21,1655,2,2,2,1,1,44109,M,4715345.0,-130402.0,44
201500026700,15,3,9,1445,1,2,1,1,6,44109,M,4722408.0,-157655.0,44
201500026701,15,12,17,720,2,2,1,1,6,44109,M,4719000.0,157000.0,44
201500026702,15,3,20,1445,1,2,6,2,3,44109,M,4724917.0,-155416.0,44
201500026703,15,12,22,1845,5,2,1,1,6,44162,M,4722000.0,300000.0,44
201500026704,15,12,24,1105,1,1,1,1,6,44143,M,4718066.0,-161000.0,44
201500026705,15,3,19,1415,1,2,1,1,6,44109,M,4721325.0,-155811.0,44
201500026706,15,3,19,1720,1,1,1,1,7,44109,M,4726600.0,-150389.0,44
201500026707,15,12,29,1200,1,1,1,1,6,44109,M,4712520.0,-132158.0,44
201500026708,15,3,29,136,3,2,3,1,3,44109,M,4722300.0,-157190.0,44
201500026709,15,12,19,1600,1,2,1,8,6,44109,M,4712420.0,133264.0,44
201500026710,15,3,28,1835,1,2,3,1,2,44109,M,4720330.0,-161462.0,44
201500026711,15,3,29,1555,1,2,1,1,2,44109,M,4722750.0,-156101.0,44
201500026712,15,2,17,815,1,1,1,1,6,44162,M,4721028.0,-162867.0,44
201500026713,15,2,25,745,1,1,1,8,5,44009,M,4722150.0,-147397.0,44
201500026714,15,3,27,1735,1,2,1,1,6,44109,M,4722747.0,-158647.0,44
201500026715,15,3,25,1850,2,2,1,1,2,44143,M,4719630.0,-156387.0,44
201500026716,15,4,12,535,5,2,1,1,5,44109,M,4722610.0,-158323.0,44
201500026717,15,4,14,800,1,2,1,1,3,44109,M,4722067.0,-158631.0,44
201500026718,15,4,17,46,5,2,2,1,3,44109,M,4720520.0,-154731.0,44
201500026719,15,4,21,2145,2,2,1,1,1,44109,M,4725888.0,-152333.0,44
201500026720,15,4,21,1525,1,1,1,1,6,44109,M,4721572.0,-155803.0,44
201500026721,15,4,22,1255,1,1,1,1,3,44114,M,4728150.0,-160173.0,44
201500026722,15,4,11,1315,1,2,1,1,3,44109,M,4721666.0,-156667.0,44
201500026723,15,4,24,1730,1,2,1,1,5,44143,M,4718994.0,-154747.0,44
201500026724,15,4,13,1725,1,2,6,1,3,44109,M,4721170.0,-154365.0,44
201500026725,15,3,16,1910,1,2,1,1,6,44109,M,4723828.0,-151677.0,44
201500026726,15,4,28,835,1,2,1,1,1,44109,M,4724872.0,-157644.0,44
201500026727,15,5,2,1950,1,2,2,3,3,44109,M,4720850.0,-157401.0,44
201500026728,15,5,5,1015,1,2,1,1,6,44109,M,4723010.0,-155555.0,44
201500026729,15,5,4,1715,1,2,1,2,6,44109,M,4725067.0,-151311.0,44
201500026730,15,4,7,1220,1,2,1,9,2,44114,M,4726160.0,-158485.0,44
201500026731,15,3,27,1945,2,1,1,1,6,44198,M,4718330.0,-151957.0,44
201500026732,15,5,6,2100,1,1,1,1,2,44109,M,4723460.0,-154108.0,44