Num_Acc,an,mois,jour,hrmn,lum,agg,int,atm,col,com,gps,lat,long,dep
201500026733,15,3,4,845,1,2,1,1,6,44143,M,4718010.0,-156007.0,44
201500026734,15,3,23,2145,5,2,1,1,1,44109,M,4725430.0,-162206.0,44
201500026735,15,5,11,1830,1,1,1,1,3,44109,M,4723661.0,-150793.0,44
201500026736,15,3,3,815,1,2,1,1,3,44114,M,4725620.0,-162931.0,44
201500026737,15,5,11,1150,1,2,1,1,6,44109,M,4724512.0,-155186.0,44
201500026738,15,5,15,1530,1,2,1,1,7,44109,M,4721437.0,-157037.0,44
201500026739,15,5,18,820,1,2,6,1,7,44114,M,4724382.0,-159126.0,44
201500026740,15,4,11,920,1,2,1,2,2,44109,M,4725180.0,-156528.0,44
201500026741,15,5,11,1445,1,2,1,1,5,44162,M,4719478.0,-163140.0,44
201500026742,15,5,12,1555,1,2,1,1,7,44143,M,4719391.0,-157443.0,44
201500026743,15,4,12,20,5,2,1,1,6,44109,M,4721958.0,-153297.0,44
201500026744,15,4,22,425,5,2,1,1,6,44109,M,4723733.0,-151683.0,44
201500026745,15,5,27,1235,1,2,1,1,4,44109,M,4723380.0,-153731.0,44
201500026746,15,5,7,1810,1,2,1,1,6,44109,M,4723333.0,-157838.0,44
201500026747,15,4,28,1645,1,2,1,1,6,44109,M,4721860.0,-154858.0,44
201500026748,15,5,6,820,1,2,1,1,3,44026,M,4727508.0,-147463.0,44
201500026749,15,4,18,1540,1,2,9,1,2,44162,M,4721650.0,-160480.0,44
201500026750,15,4,18,2230,5,2,1,1,6,44109,M,4722038.0,-155492.0,44
201500026751,15,4,30,1900,1,2,1,2,6,44109,M,4721666.0,-153333.0,44
201500026752,15,4,27,1150,1,1,1,1,7,44162,M,4721910.0,-165182.0,44
201500026753,15,5,11,950,1,2,1,1,3,44109,M,4719437.0,-154658.0,44
201500026754,15,6,5,827,1,2,1,7,6,44109,M,4721135.0,-160916.0,44
201500026755,15,5,23,135,5,2,1,1,6,44109,M,4723011.0,-155179.0,44
201500026756,15,5,21,1200,1,2,1,1,6,44109,M,4719632.0,-153070.0,44
201500026757,15,5,20,1245,1,2,1,1,3,44109,M,4720719.0,-156474.0,44
201500026758,15,6,2,1820,1,2,1,1,6,44109,M,4725986.0,-157488.0,44
201500026759,15,5,26,1750,1,1,1,1,6,44162,M,4721794.0,-160384.0,44
201500026760,15,5,2,405,5,2,1,1,3,44109,M,4719087.0,-152224.0,44
201500026761,15,6,11,1330,1,2,2,1,3,44109,M,4725945.0,-151110.0,44
201500026762,15,6,2,955,1,2,2,1,6,44109,M,4720680.0,-158767.0,44
201500026763,15,6,12,2335,3,2,1,1,6,44109,M,4721019.0,-160343.0,44
201500026764,15,6,8,750,1,2,2,1,3,44143,M,4718450.0,-154375.0,44
201500026765,15,6,21,140,5,1,1,1,1,44162,M,4720831.0,-162642.0,44
201500026766,15,6,12,1120,1,2,1,2,7,44109,M,4723784.0,-158609.0,44
201500026767,15,6,9,1925,1,2,1,1,2,44114,M,4724282.0,-158630.0,44
201500026768,15,6,19,1025,1,2,7,1,3,44109,M,4720900.0,-156851.0,44
201500026769,15,6,18,2300,5,2,4,1,1,44109,M,4724079.0,-157275.0,44
201500026770,15,6,22,1350,1,2,6,1,3,44109,M,4721340.0,-152950.0,44
201500026771,15,6,25,1800,1,2,2,1,5,44109,M,4720360.0,-158845.0,44
201500026772,15,6,29,1840,1,2,1,1,3,44109,M,4720643.0,-154402.0,44
201500026773,15,6,12,200,5,2,2,1,3,44109,M,4720484.0,-154838.0,44
201500026774,15,1,2,910,1,2,1,2,6,44109,M,4721500.0,-153042.0,44
201500026775,15,6,17,30,5,2,1,1,1,44109,M,4722550.0,-155939.0,44
201500026776,15,7,1,1515,1,2,1,1,6,44109,M,4723180.0,-150793.0,44
201500026777,15,6,10,1815,1,2,1,1,3,44109,M,4722225.0,-158238.0,44
201500026778,15,6,22,1145,1,2,6,1,2,44162,M,4721120.0,-161754.0,44
201500026779,15,6,25,1946,1,1,3,1,3,44114,M,4725800.0,-164552.0,44
201500026780,15,6,28,1745,1,2,1,1,3,44162,M,4722191.0,-161467.0,44
201500026781,15,6,29,920,1,2,1,1,6,44114,M,4727140.0,-162399.0,44
201500026782,15,1,13,900,1,2,6,2,3,44109,M,4725338.0,-156056.0,44
201500026783,15,6,13,1830,1,2,1,1,2,44109,M,4720646.0,-160142.0,44
201500026784,15,6,3,1540,1,2,2,1,3,44162,M,4721344.0,-161615.0,44
201500026785,15,5,7,745,1,2,1,1,6,44109,M,4723417.0,-155315.0,44
201500026786,15,5,27,2110,1,2,1,1,3,44109,M,4725828.0,-157484.0,44
201500026787,15,5,24,1715,1,2,1,1,6,44109,M,4726193.0,-156584.0,44
201500026788,15,6,27,2045,1,2,1,7,6,44109,M,4720752.0,-158129.0,44
201500026789,15,5,1,2310,5,2,6,1,3,44109,M,4724873.0,-152102.0,44
201500026790,15,5,23,24,5,2,1,1,2,44162,M,4722399.0,-164818.0,44
201500026791,15,5,6,1210,1,2,1,1,6,44109,M,4721715.0,-152235.0,44
201500026792,15,7,6,1315,1,2,1,1,6,44109,M,4719425.0,-161359.0,44
201500026793,15,5,12,1408,1,1,1,1,6,44109,M,4721886.0,-156939.0,44
201500026794,15,6,7,1045,1,2,1,1,6,44109,M,4721460.0,-155432.0,44
201500026795,15,7,4,2330,5,2,1,1,2,44109,M,4721780.0,-154315.0,44
201500026796,15,7,11,450,5,2,1,1,6,44109,M,4719835.0,-158769.0,44
201500026797,15,7,12,715,1,1,1,1,6,44109,M,4721064.0,-160732.0,44
201500026798,15,7,10,1805,1,1,1,1,3,44109,M,4722200.0,-150720.0,44
201500026799,15,7,10,2050,1,2,2,1,6,44190,M,4720180.0,-149402.0,44
201500026800,15,6,16,1420,1,2,1,1,6,44162,M,4721915.0,-162056.0,44
201500026801,15,7,4,1900,1,1,1,1,6,44109,M,4720486.0,-160363.0,44
201500026802,15,6,29,1845,1,2,1,1,6,44109,M,4726030.0,-156607.0,44
201500026803,15,6,16,625,1,1,1,1,1,44109,M,4726975.0,-151958.0,44
201500026804,15,7,2,825,1,2,1,1,6,44109,M,4724680.0,-157728.0,44
201500026805,15,6,27,2100,2,1,1,1,6,44162,M,4723480.0,-165594.0,44
201500026806,15,6,30,1810,1,2,1,1,6,44109,M,4722809.0,-152524.0,44
201500026807,15,6,9,1915,1,2,1,1,6,44109,M,4721453.0,-154114.0,44
201500026808,15,7,19,1440,1,2,1,1,6,44109,M,4722198.0,-159111.0,44
201500026809,15,6,22,704,1,2,2,1,6,44109,M,4721323.0,-158293.0,44
201500026810,15,6,19,1815,1,2,1,1,3,44109,M,4725999.0,-155803.0,44
201500026811,15,6,22,1800,1,2,7,1,6,44109,M,4720830.0,-161146.0,44
201500026812,15,7,25,1725,1,1,1,1,6,44109,M,4725860.0,-155570.0,44
201500026813,15,7,23,1544,1,2,1,1,6,44109,M,4723710.0,-156903.0,44
201500026814,15,7,28,1600,1,2,2,3,3,44109,M,4719890.0,-158294.0,44
201500026815,15,4,9,1015,1,2,3,1,7,44109,M,4723580.0,-158379.0,44
201500026816,15,7,6,1815,1,1,2,1,3,44109,M,4720732.0,-155508.0,44
201500026817,15,7,18,1940,1,2,1,1,6,44162,M,4723460.0,-159241.0,44
201500026818,15,6,16,920,1,1,1,1,6,44162,M,4721097.0,-165255.0,44
201500026819,15,6,1,1820,1,2,1,1,1,44190,M,4720982.0,-150792.0,44
201500026820,15,7,2,1600,1,1,2,1,1,44114,M,4728966.0,-165681.0,44
201500026821,15,7,12,40,5,2,1,1,3,44109,M,4722280.0,-159065.0,44
201500026822,15,7,15,1235,1,1,1,1,2,44109,M,4719280.0,-161359.0,44
201500026823,15,7,21,1825,1,2,2,1,7,44109,M,4722940.0,-154781.0,44
201500026824,15,7,28,1430,1,2,1,1,1,44109,M,4723270.0,-150665.0,44
201500026825,15,8,3,440,1,1,1,1,3,44109,M,4720434.0,-154994.0,44
201500026826,15,6,11,1220,1,2,1,1,6,44109,M,4722963.0,-156656.0,44
201500026827,15,6,24,200,5,2,1,1,6,44109,M,4721900.0,-157208.0,44
201500026828,15,7,29,1555,1,2,1,1,6,44109,M,4718311.0,-153117.0,44
201500026829,15,7,28,1725,1,2,1,2,6,44109,M,4721330.0,-159668.0,44
201500026830,15,8,4,1930,1,2,1,1,7,44114,M,4726059.0,-158615.0,44
201500026831,15,6,24,1425,1,2,1,1,7,44109,M,4722190.0,-155627.0,44
201500026832,15,6,24,1520,1,2,7,1,3,44109,M,4720035.0,-154432.0,44
201500026833,15,8,6,1000,1,2,2,1,3,44109,M,4722570.0,-157262.0,44
201500026834,15,7,26,2240,5,2,1,1,6,44109,M,4720733.0,-156594.0,44
201500026835,15,7,1,1100,1,2,1,1,2,44109,M,4721450.0,-156772.0,44
201500026836,15,8,13,2145,3,2,1,1,6,44109,M,4718640.0,-152770.0,44
201500026837,15,7,21,1115,1,2,1,1,6,44109,M,4724780.0,-152214.0,44
201500026838,15,7,23,1500,1,2,1,1,1,44109,M,4721690.0,-154739.0,44
201500026839,15,7,23,40,5,2,1,1,6,44109,M,4722980.0,-158761.0,44
201500026840,15,7,9,1235,1,2,1,1,2,44109,M,4720420.0,-154663.0,44
201500026841,15,8,19,1205,1,2,1,1,6,44109,M,4721650.0,-153112.0,44
201500026842,15,8,21,1705,1,2,1,1,3,44109,M,4721919.0,-155395.0,44
201500026843,15,7,17,1820,1,2,1,1,6,44109,M,4720950.0,-158896.0,44
201500026844,15,7,4,2225,5,2,2,1,3,44109,M,4721520.0,-152583.0,44
201500026845,15,8,24,1205,1,2,2,1,3,44109,M,4722610.0,-156821.0,44
201500026846,15,8,5,2000,2,1,9,1,6,44162,M,4721067.0,-162295.0,44
201500026847,15,8,28,2325,3,1,1,1,6,44109,M,4720294.0,-154999.0,44
201500026848,15,8,14,1035,1,2,1,1,7,44109,M,4721620.0,-155139.0,44
201500026849,15,9,5,914,1,2,1,1,7,44109,M,4722720.0,-151844.0,44
201500026850,15,9,9,1150,1,2,1,1,6,44109,M,4723540.0,-156948.0,44
201500026851,15,9,6,10,5,2,7,1,6,44109,M,4721940.0,-155039.0,44
201500026852,15,8,18,1310,1,2,1,1,6,44109,M,4719149.0,-152463.0,44
201500026853,15,8,28,900,1,2,7,1,6,44109,M,4721397.0,-158601.0,44
201500026854,15,9,14,900,1,1,1,1,4,44162,M,4722631.0,-162851.0,44
201500026855,15,8,28,1225,1,2,2,1,3,44109,M,4725960.0,-151115.0,44
201500026856,15,9,11,1247,1,2,1,1,1,44143,M,4716060.0,-154202.0,44
201500026857,15,9,7,850,1,2,1,1,6,44109,M,4722730.0,-154356.0,44
201500026858,15,9,15,1230,1,2,1,1,6,44109,M,4721770.0,-154281.0,44
201500026859,15,9,16,725,1,2,1,3,7,44109,M,4722070.0,-158627.0,44
201500026860,15,9,17,1715,1,2,1,1,2,44109,M,4721210.0,-155506.0,44
201500026861,15,8,25,1550,1,2,1,2,1,44109,M,4720530.0,-153813.0,44
201500026862,15,8,31,1745,1,2,1,1,1,44109,M,4723641.0,-156870.0,44
201500026863,15,8,3,1550,1,2,1,1,2,44162,M,4722130.0,-161262.0,44
201500026864,15,9,25,1,5,2,1,1,6,44109,M,4720720.0,-155505.0,44
201500026865,15,8,24,520,4,1,1,1,6,44109,M,4726820.0,-151680.0,44
201500026866,15,8,18,1515,1,1,1,1,2,44109,M,4719320.0,-161359.0,44
201500026867,15,9,9,1725,1,2,1,1,6,44109,M,4720690.0,-152926.0,44
201500026868,15,9,3,1325,1,2,1,1,3,44109,M,4721450.0,-156743.0,44
201500026869,15,9,18,945,1,2,1,2,6,44109,M,4721360.0,-155769.0,44
201500026870,15,8,24,850,1,2,9,1,2,44109,M,4720510.0,-154777.0,44
201500026871,15,9,28,1645,1,2,1,1,6,44109,M,4724160.0,-152919.0,44
201500026872,15,8,22,2150,5,1,1,1,7,44109,M,4720160.0,-157316.0,44
201500026873,15,10,1,1620,1,2,1,1,6,44162,M,4723190.0,-159217.0,44
201500026874,15,9,29,1810,1,2,1,1,6,44162,M,4722900.0,-160697.0,44
201500026875,15,9,30,1745,1,2,1,1,7,44109,M,4722590.0,-155973.0,44
201500026876,15,10,3,130,5,2,7,1,3,44109,M,4720080.0,-154536.0,44
201500026877,15,9,13,305,3,1,1,3,1,44109,M,4726780.0,-157676.0,44
201500026878,15,9,28,1530,1,2,6,1,3,44190,M,4718880.0,-148410.0,44
201500026879,15,9,22,1825,1,2,1,1,3,44162,M,4722242.0,-160279.0,44
201500026880,15,10,4,2215,4,1,4,1,3,44143,M,4715920.0,-154572.0,44
201500026881,15,10,1,1200,1,2,1,1,1,44143,M,4718642.0,-154662.0,44
201500026882,15,10,7,1405,1,2,1,1,2,44109,M,4723939.0,-151352.0,44
201500026883,15,10,6,753,2,2,1,1,6,44109,M,4725175.0,-155784.0,44
201500026884,15,10,2,1235,1,2,1,1,3,44162,M,4722398.0,-161417.0,44
201500026885,15,8,27,1405,1,2,1,3,1,44109,M,4727300.0,-151754.0,44
201500026886,15,9,16,655,5,2,1,3,6,44109,M,4724990.0,-152331.0,44
201500026887,15,10,9,20,3,1,1,1,7,44114,M,4726470.0,-158692.0,44
201500026888,15,9,17,820,1,2,1,1,6,44109,M,4722920.0,-154305.0,44
201500026889,15,10,2,2100,5,2,6,1,7,44109,M,4724130.0,-150875.0,44
201500026890,15,10,6,805,1,2,1,1,3,44143,M,4715962.0,-153627.0,44
201500026891,15,10,15,1800,1,2,1,1,6,44109,M,4722350.0,-159106.0,44
201500026892,15,10,12,845,1,2,3,1,3,44109,M,4722420.0,-155013.0,44
201500026893,15,9,23,2105,2,2,1,1,6,44109,M,4726250.0,-152832.0,44
201500026894,15,10,3,200,5,2,1,9,2,44109,M,4720670.0,-154064.0,44
201500026895,15,9,24,1750,1,2,1,1,6,44162,M,4722220.0,-163867.0,44
201500026896,15,10,1,1620,1,2,1,1,6,44109,M,,,44
201500026897,15,10,11,1140,1,2,1,1,6,44109,M,4722090.0,-155899.0,44
201500026898,15,9,11,1840,1,2,1,1,6,44109,M,4724630.0,-155547.0,44
201500026899,15,9,5,1900,1,2,1,1,6,44109,M,4722480.0,-153095.0,44
201500026900,15,10,30,2250,5,2,1,1,6,44162,M,4722389.0,-164824.0,44
201500026901,15,10,27,853,1,1,1,1,6,44109,M,4726000.0,-157484.0,44
201500026902,15,9,12,35,5,2,1,1,6,44109,M,4722910.0,-156369.0,44
201500026903,15,9,30,1250,1,2,1,1,6,44162,M,4724330.0,-160278.0,44
201500026904,15,11,1,100,5,2,2,1,6,44109,M,4722120.0,-155557.0,44
201500026905,15,10,19,1812,2,2,1,1,3,44109,M,4713084.0,-136129.0,44
201500026906,15,11,2,818,1,2,1,1,6,44109,M,4723320.0,-156601.0,44
201500026907,15,9,25,1740,1,1,1,1,2,44109,M,4719230.0,-161359.0,44
201500026908,15,9,24,1900,1,2,9,1,1,44190,M,4719982.0,-149279.0,44
201500026909,15,9,12,725,2,2,7,1,3,44109,M,4721460.0,-156735.0,44
201500026910,15,9,17,2005,1,1,1,1,5,44109,M,4723180.0,-148643.0,44
201500026911,15,9,14,2230,5,2,7,2,2,44143,M,4719150.0,-154801.0,44
201500026912,15,9,21,2135,1,1,1,1,3,44109,M,4725890.0,-152531.0,44
201500026913,15,9,15,825,1,2,6,1,3,44162,M,4722170.0,-160696.0,44
201500026914,15,11,11,2110,5,2,1,1,2,44109,M,4722330.0,-153920.0,44
201500026915,15,11,7,1340,1,2,6,1,3,44109,M,4718980.0,-151873.0,44
201500026916,15,11,9,920,1,2,1,1,6,44109,M,4725080.0,-155393.0,44
201500026917,15,10,6,1640,1,2,1,3,2,44109,M,4725380.0,-151396.0,44
201500026918,15,10,10,1510,1,2,3,1,3,44109,M,4723030.0,-157102.0,44
201500026919,15,9,24,1030,1,1,1,1,6,44114,M,4729410.0,-164570.0,44
201500026920,15,10,15,1720,1,2,1,1,2,44162,M,4722570.0,-162132.0,44
201500026921,15,10,3,50,3,2,1,1,6,44109,M,4725250.0,-156248.0,44
201500026922,15,9,28,850,1,2,1,1,2,44109,M,4720610.0,-153887.0,44
201500026923,15,10,23,1815,1,1,1,1,2,44162,M,4722710.0,-165108.0,44
201500026924,15,11,4,1840,3,2,1,1,2,44109,M,4722178.0,-150864.0,44
201500026925,15,10,7,1735,1,2,1,1,4,44109,M,4720900.0,-156755.0,44
201500026926,15,10,7,755,2,2,1,2,6,44109,M,4720580.0,-161023.0,44
201500026927,15,11,16,1925,5,2,1,2,6,44109,M,4721010.0,-156108.0,44
201500026928,15,10,23,1420,1,2,1,1,6,44109,M,4719880.0,-160853.0,44
201500026929,15,9,15,845,1,2,1,1,3,44190,M,4720470.0,-151824.0,44
201500026930,15,9,11,1527,1,2,6,1,1,44109,M,4721510.0,-153052.0,44
201500026931,15,10,31,2030,5,2,6,1,3,44109,M,4725046.0,-149740.0,44
201500026932,15,10,15,1620,1,2,9,1,6,44109,M,4723070.0,-153685.0,44
201500026933,15,10,8,1925,2,2,1,1,3,44109,M,4723630.0,-156336.0,44
201500026934,15,10,19,2025,5,2,1,1,2,44109,M,4721170.0,-155624.0,44
201500026935,15,11,8,1600,1,2,9,1,2,44109,M,4725970.0,-157492.0,44
201500026936,15,10,16,1715,1,2,1,1,2,44109,M,4721640.0,-155744.0,44
201500026937,15,11,8,1555,1,2,6,1,6,44162,M,4721100.0,-160958.0,44
201500026938,15,11,23,800,1,2,1,1,6,44109,M,4718510.0,-152419.0,44
201500026939,15,10,15,1730,1,2,1,1,6,44109,M,4721650.0,-155749.0,44
201500026940,15,10,6,1000,1,2,1,2,6,44109,M,4720940.0,-155035.0,44
201500026941,15,10,24,205,5,2,3,1,6,44162,M,4722515.0,-164724.0,44
201500026942,15,10,22,1235,1,2,3,1,6,44109,M,4722970.0,-156664.0,44
201500026943,15,11,22,1945,5,2,1,1,6,44109,M,4722890.0,-156509.0,44
201500026944,15,11,2,1700,1,2,2,1,6,44109,M,4723410.0,-157570.0,44
201500026945,15,11,23,1145,1,2,3,1,3,44143,M,4718230.0,-153831.0,44
201500026946,15,11,8,1700,1,2,2,1,2,44109,M,4724350.0,-155670.0,44
201500026947,15,11,9,855,1,2,2,1,3,44109,M,4720880.0,-154996.0,44
201500026948,15,10,23,1945,3,2,1,1,6,44109,M,4723300.0,-155709.0,44
201500026949,15,11,4,1655,1,2,1,1,6,44109,M,4721890.0,-160368.0,44
201500026950,15,11,12,1800,1,2,1,1,6,44109,M,4722080.0,-160123.0,44
201500026951,15,11,26,125,5,2,1,2,6,44109,M,4719850.0,-158567.0,44
201500026952,15,11,27,2015,5,2,1,2,6,44109,M,4721390.0,-158513.0,44
201500026953,15,10,12,1715,1,2,1,1,6,44162,M,4724280.0,-160990.0,44
201500026954,15,11,15,135,5,2,1,1,6,44109,M,4721940.0,-155609.0,44
201500026955,15,11,25,1530,1,2,1,1,6,44109,M,4722080.0,-156412.0,44
201500026956,15,11,27,1555,1,2,1,2,6,44109,M,4725190.0,-155352.0,44
201500026957,15,11,7,1855,2,2,1,1,6,44162,M,4722050.0,-162790.0,44
201500026958,15,11,5,810,1,2,2,1,6,44109,M,4722580.0,-157061.0,44
201500026959,15,11,18,1855,5,1,1,2,5,44114,M,4725740.0,-162176.0,44
201500026960,15,10,10,455,4,2,1,1,6,44109,M,4724746.0,-151425.0,44
201500026961,15,11,11,1520,1,2,1,1,7,44109,M,4719870.0,-161504.0,44
201500026962,15,11,3,1030,1,1,1,1,1,44114,M,4726770.0,-162300.0,44
201500026963,15,11,26,1435,1,2,3,1,6,44114,M,4725650.0,-162742.0,44
201500026964,15,12,5,1000,1,2,1,1,2,44109,M,4714070.0,-133480.0,44
201500026965,15,12,4,1340,1,2,2,1,1,44143,M,4711360.0,-134140.0,44
201500026966,15,11,27,1845,1,2,1,1,6,44143,M,4716100.0,-154265.0,44
201500026967,15,11,30,1850,3,1,1,1,4,44114,M,4725450.0,-162213.0,44
201500026968,15,12,4,1530,1,2,1,1,6,44162,M,4714320.0,-135450.0,44
201500026969,15,11,20,1005,1,1,3,1,6,44109,M,4724810.0,-151604.0,44
201500026970,15,11,26,1630,1,2,1,1,6,44109,M,4725770.0,-156637.0,44
201500026971,15,11,18,830,1,2,1,2,6,44109,M,4721600.0,-152119.0,44
201500026972,15,11,7,150,5,2,1,2,6,44109,M,4720840.0,-156938.0,44
201500026973,15,11,23,1344,1,2,3,1,6,44109,M,4724900.0,-157208.0,44
201500026974,15,12,4,1540,1,2,1,1,6,44162,M,4714020.0,-135410.0,44
201500026975,15,12,7,920,1,2,2,2,6,44109,M,4713140.0,-136090.0,44
201500026976,15,11,5,745,1,2,1,1,6,44109,M,4720940.0,-158881.0,44
201500026977,15,12,8,1743,2,2,1,1,3,44109,M,4715390.0,-134128.0,44
201500026978,15,12,4,1250,1,2,6,1,6,44109,M,4711210.0,-130490.0,44
201500026979,15,12,9,1550,1,2,6,1,6,44109,M,4714290.0,-135140.0,44
201500026980,15,12,8,1840,5,1,3,2,6,44162,M,4713300.0,-138500.0,44
201500026981,15,11,3,2130,5,2,1,2,6,44109,M,4718860.0,-152451.0,44
201500026982,15,12,11,1645,2,2,1,1,3,44109,M,4712220.0,-132380.0,44
201500026983,15,11,27,1632,1,2,1,1,6,44109,M,4721290.0,-156292.0,44
201500026984,15,11,4,1130,1,2,1,2,2,44114,M,4724620.0,-157931.0,44
201500026985,15,11,26,150,4,2,1,2,6,44109,M,4720415.0,-154673.0,44
201500026986,15,11,20,2035,5,2,6,2,1,44162,M,4722120.0,-163087.0,44
201500026987,15,11,13,1230,1,2,1,1,6,44109,M,4724760.0,-151243.0,44
201500026988,15,12,11,620,5,2,2,5,3,44109,M,4714070.0,-132490.0,44
201500026989,15,12,9,2025,5,2,6,1,6,44109,M,4714180.0,-134130.0,44
201500026990,15,12,12,805,5,2,1,5,6,44143,M,4709570.0,-132360.0,44
201500026991,15,12,19,1550,1,1,1,1,6,44109,M,4713343.0,-133355.0,44
201500026992,15,12,20,655,3,2,1,1,7,44109,M,4712146.0,-133035.0,44
201500026993,15,1,3,2015,5,2,1,1,2,44109,M,4724300.0,-152763.0,44
201500026994,15,1,7,1555,1,2,6,1,2,44109,M,4719823.0,-154133.0,44
201500026995,15,1,7,1615,1,2,1,1,6,44109,M,4723860.0,-156709.0,44
201500026996,15,1,9,915,1,2,1,2,6,44109,M,4720960.0,-159557.0,44
201500026997,15,1,15,915,1,2,1,3,6,44109,M,4723290.0,-156652.0,44
201500026998,15,1,15,2040,5,2,1,9,6,44109,M,4722570.0,-155951.0,44
201500026999,15,1,16,1140,1,2,2,1,3,44109,M,4721170.0,-156465.0,44
201500027000,15,1,14,1245,1,2,1,1,6,44109,M,4721250.0,-155416.0,44
201500027001,15,1,19,1000,1,2,1,1,7,44109,M,4722080.0,-155896.0,44
201500027002,15,1,15,815,5,2,1,3,6,44143,M,4718350.0,-153843.0,44
201500027003,15,1,30,1930,3,2,1,1,3,44109,M,4726760.0,-156634.0,44
201500027004,15,2,1,1142,1,2,1,1,6,44109,M,4720990.0,-157771.0,44
201500027005,15,2,1,1920,5,2,2,8,3,44109,M,4721420.0,-158594.0,44
201500027006,15,2,6,740,2,2,1,1,6,44109,M,4722250.0,-153447.0,44
201500027007,15,2,8,845,2,2,2,1,3,44109,M,4723465.0,-154127.0,44
201500027008,15,2,19,1742,1,1,1,1,6,44184,M,4728526.0,-225211.0,44
201500027009,15,2,21,619,2,2,1,1,6,44184,M,4727522.0,-226288.0,44
201500027010,15,3,3,1205,1,1,1,2,7,44184,M,4726995.0,-223970.0,44
201500027011,15,3,6,1715,1,2,2,1,3,44184,M,4729907.0,-219027.0,44
201500027012,15,3,13,1240,1,1,1,2,3,44184,M,4727548.0,-220576.0,44
201500027013,15,3,26,2250,5,1,3,1,3,44184,M,4727979.0,-220255.0,44
201500027014,15,3,30,2145,5,1,2,2,1,44184,M,4728072.0,-222987.0,44
201500027015,15,4,13,1615,1,2,6,1,3,44184,M,4727146.0,-221865.0,44
201500027016,15,4,18,2105,2,2,2,1,3,44184,M,4727922.0,-221684.0,44
201500027017,15,4,19,140,5,2,1,1,7,44184,M,,,44
201500027018,15,4,25,140,5,1,1,2,7,44184,M,4727427.0,-222490.0,44
201500027019,15,4,27,646,2,2,6,1,3,44184,M,4729263.0,-218785.0,44
201500027020,15,4,28,1900,1,2,1,1,3,44184,M,4726143.0,-225873.0,44
201500027021,15,4,30,1320,1,2,1,3,7,44184,M,4727572.0,-222896.0,44
201500027022,15,5,5,900,1,2,3,1,3,44184,M,4727285.0,-221855.0,44
201500027023,15,5,19,1740,1,1,1,1,2,44184,M,4726920.0,-225128.0,44
201500027024,15,5,30,2105,1,2,2,1,3,44184,M,4727952.0,-227555.0,44
201500027025,15,6,9,1930,1,2,6,1,2,44184,M,4728846.0,-225083.0,44
201500027026,15,6,10,1710,1,2,1,1,3,44184,M,4725324.0,-226414.0,44
201500027027,15,6,15,1440,1,2,1,1,1,44184,M,4729258.0,-218762.0,44
201500027028,15,6,17,1530,1,2,1,1,3,44184,M,4727427.0,-221297.0,44
201500027029,15,6,18,2028,1,2,3,1,1,44184,M,4729498.0,-219224.0,44
201500027030,15,6,21,1910,1,2,1,1,6,44184,M,4726876.0,-222111.0,44
201500027031,15,6,29,1545,1,2,3,1,3,44184,M,4729101.0,-221995.0,44
201500027032,15,7,1,945,1,1,1,1,7,44184,M,4727727.0,-222776.0,44
201500027033,15,7,14,2310,5,2,6,1,3,44184,M,4727511.0,-222778.0,44
201500027034,15,7,16,500,3,2,1,1,1,44184,M,4727123.0,-224954.0,44
201500027035,15,7,20,735,1,2,3,2,5,44184,M,4729368.0,-228053.0,44
201500027036,15,7,22,1200,1,2,1,1,2,44184,M,4726320.0,-223934.0,44
201500027037,15,7,24,320,5,2,2,1,3,44184,M,4726454.0,-225805.0,44
201500027038,15,7,29,1700,1,2,1,1,7,44184,M,4726486.0,-224732.0,44
201500027039,15,8,18,1150,1,1,1,1,3,44184,M,4727877.0,-228792.0,44
201500027040,15,8,18,1300,1,2,1,1,1,44184,M,4728177.0,-224884.0,44
201500027041,15,8,26,1600,1,2,2,2,1,44184,M,4726256.0,-223900.0,44
201500027042,15,8,26,1705,1,2,2,2,5,44184,M,4727632.0,-222040.0,44
201500027043,15,8,28,455,3,2,1,4,3,44184,M,4730587.0,-220387.0,44
201500027044,15,8,31,1455,1,2,2,2,5,44184,M,4725281.0,-226088.0,44
201500027045,15,9,8,1735,1,2,1,1,3,44184,M,4729621.0,-218894.0,44
201500027046,15,9,14,2215,5,2,2,3,1,44184,M,4728511.0,-221058.0,44
201500027047,15,9,17,844,1,2,2,1,3,44184,M,4726440.0,-224984.0,44
201500027048,15,9,18,505,5,2,4,1,3,44184,M,4729747.0,-219546.0,44
201500027049,15,9,21,1900,1,2,6,2,3,44184,M,4726998.0,-223935.0,44
201500027050,15,9,22,745,5,2,1,1,6,44184,M,,,44
201500027051,15,9,23,1130,1,2,2,1,1,44184,M,4728219.0,-220556.0,44