Num_Acc,an,mois,jour,hrmn,lum,agg,int,atm,col,com,gps,lat,long,dep
201500027052,15,9,28,1643,1,2,1,1,2,44184,M,4726938.0,-222804.0,44
201500027053,15,9,30,1820,1,2,2,1,1,44184,M,4728641.0,-221858.0,44
201500027054,15,10,5,950,1,2,9,1,3,44184,M,4726643.0,-224042.0,44
201500027055,15,10,2,1740,1,2,1,1,7,44184,M,4726251.0,-226032.0,44
201500027056,15,10,8,1635,1,2,1,1,4,44184,M,4726867.0,-221667.0,44
201500027057,15,10,12,700,1,2,1,1,1,44184,M,4729178.0,-227065.0,44
201500027058,15,10,12,1045,1,2,2,1,2,44184,M,4727387.0,-221100.0,44
201500027059,15,10,13,915,1,2,3,1,3,44184,M,4725826.0,-224486.0,44
201500027060,15,10,15,940,1,1,1,1,2,44184,M,4729084.0,-223402.0,44
201500027061,15,10,15,1740,1,2,3,7,3,44184,M,4728122.0,-222266.0,44
201500027062,15,9,2,745,1,2,1,1,7,44184,M,4727009.0,-221163.0,44
201500027063,15,10,22,1415,1,2,2,1,3,44184,M,4728066.0,-222987.0,44
201500027064,15,10,29,1950,5,2,1,8,3,44184,M,4727175.0,-222135.0,44
201500027065,15,11,1,1735,1,2,2,1,6,44184,M,4727373.0,-220972.0,44
201500027066,15,11,9,1355,1,2,1,1,3,44184,M,,,44
201500027067,15,11,17,1725,2,1,1,2,4,44184,M,,,44
201500027068,15,11,19,1825,3,1,1,1,4,44184,M,,,44
201500027069,15,11,23,750,1,2,6,1,3,44184,M,,,44
201500027070,15,11,30,745,1,2,1,1,7,44184,M,,,44
201500027071,15,11,30,1820,2,2,1,1,4,44184,M,,,44
201500027072,15,12,3,2230,5,2,6,3,7,44184,M,,,44
201500027073,15,12,7,1220,1,2,1,1,4,44184,M,,,44
201500027074,15,12,10,720,3,2,1,1,2,44184,M,,,44
201500027075,15,12,11,1820,5,2,3,1,3,44184,M,,,44
201500027076,15,12,14,710,2,2,1,1,7,44184,M,,,44
201500027077,15,12,11,1845,5,2,1,1,7,44184,M,,,44
201500027078,15,12,16,1645,1,2,1,1,6,44184,M,,,44
201500027079,15,12,17,1800,5,2,3,1,3,44184,M,,,44
201500027080,15,12,23,1825,3,2,1,1,4,44184,M,,,44
201500027081,15,1,7,830,2,2,1,1,7,44184,M,4726556.0,-224229.0,44
201500027082,15,1,13,725,5,2,1,2,3,44184,M,4728193.0,-220298.0,44
201500027083,15,1,13,1840,5,2,1,1,7,44184,M,4726447.0,-226274.0,44
201500027084,15,1,17,1415,1,2,3,1,3,44184,M,4729498.0,-219220.0,44
201500027085,15,1,26,1030,1,2,2,1,6,44184,M,4727570.0,-222158.0,44
201500027086,15,1,26,1210,1,2,1,2,2,44184,M,4727074.0,-224164.0,44
201500027087,15,2,3,1255,1,2,1,1,3,44184,M,4725649.0,-225813.0,44
201500027088,15,2,4,1715,1,2,2,1,3,44184,M,4726338.0,-223474.0,44
201500027089,15,2,12,729,2,2,1,1,6,44184,M,4728363.0,-229468.0,44
201500027090,15,1,6,2125,5,2,1,5,6,45208,M,4800225.0,273486.0,45
201500027091,15,1,13,1825,5,2,3,2,2,45004,M,4798562.0,276936.0,45
201500027092,15,1,14,1820,5,2,1,1,3,45208,M,4798924.0,273234.0,45
201500027093,15,2,25,2125,5,1,1,1,6,45004,M,4797478.0,277519.0,45
201500027094,15,12,31,2355,5,2,1,1,6,45004,M,4796148.0,275829.0,45
201500027095,15,1,14,2030,5,1,1,1,3,45004,M,,,45
201500027096,15,2,26,1810,2,2,1,2,2,45004,M,4796337.0,278336.0,45
201500027097,15,3,7,1830,1,1,1,1,2,45338,M,4797096.0,271878.0,45
201500027098,15,1,20,2040,5,2,1,1,6,45004,M,4797455.0,276373.0,45
201500027099,15,3,10,1150,1,2,1,1,1,45068,M,4801214.0,272673.0,45
201500027100,15,3,12,1550,1,2,3,7,3,45208,M,4799603.0,272559.0,45
201500027101,15,3,12,1550,1,2,3,1,6,45208,M,4799783.0,273474.0,45
201500027102,15,1,31,1805,3,1,1,2,6,45004,M,4797918.0,274224.0,45
201500027103,15,3,13,740,1,1,1,1,6,45004,M,,,45
201500027104,15,1,30,945,1,2,1,2,2,45004,M,4797382.0,273615.0,45
201500027105,15,2,3,1842,5,2,6,1,6,45208,M,4799642.0,272725.0,45
201500027106,15,2,4,945,1,2,1,8,6,45068,M,4802021.0,273382.0,45
201500027107,15,3,23,820,1,2,1,1,6,45068,M,4801145.0,273506.0,45
201500027108,15,2,10,1457,1,2,1,1,3,45208,M,4800137.0,272707.0,45
201500027109,15,3,31,1420,1,1,3,6,2,45004,M,4800601.0,281253.0,45
201500027110,15,4,3,515,5,2,1,8,6,45068,M,4801567.0,270956.0,45
201500027111,15,4,14,1700,1,2,3,1,3,45004,M,4799046.0,276728.0,45
201500027112,15,4,18,420,5,2,1,1,6,45338,M,4799081.0,271147.0,45
201500027113,15,4,20,1715,1,2,1,1,2,45068,M,4800790.0,272237.0,45
201500027114,15,4,21,1805,1,1,1,7,4,45004,M,4798428.0,274831.0,45
201500027115,15,4,22,1713,1,2,3,1,3,45068,M,4801256.0,273867.0,45
201500027116,15,4,25,2304,5,2,3,2,3,45208,M,4799774.0,273659.0,45
201500027117,15,4,28,1550,1,2,2,1,3,45208,M,4799867.0,273076.0,45
201500027118,15,4,29,1915,1,2,2,1,3,45208,M,4799767.0,273569.0,45
201500027119,15,5,2,1600,1,1,1,2,5,45004,M,4798247.0,274302.0,45
201500027120,15,5,3,1320,1,1,1,3,2,45338,M,,,45
201500027121,15,5,17,150,5,2,1,1,6,45004,M,4800039.0,276236.0,45
201500027122,15,5,17,2120,5,2,1,1,7,45208,M,4799909.0,273096.0,45
201500027123,15,5,30,2050,1,2,2,1,3,45338,M,4799569.0,272034.0,45
201500027124,15,5,27,1159,1,2,1,1,2,45004,M,4797559.0,274204.0,45
201500027125,15,6,6,1630,1,2,1,1,6,45068,M,4802549.0,272471.0,45
201500027126,15,6,6,2015,1,2,6,1,2,45068,M,,,45
201500027127,15,6,9,1850,1,2,1,1,6,45068,M,4800426.0,271992.0,45
201500027128,15,6,17,1810,1,2,1,1,3,45208,M,4799507.0,273548.0,45
201500027129,15,6,20,215,3,1,1,1,1,45004,M,4800408.0,279514.0,45
201500027130,15,6,24,1328,1,2,1,1,3,45004,M,4797718.0,272922.0,45
201500027131,15,6,26,1600,1,2,1,1,5,45068,M,4800227.0,271763.0,45
201500027132,15,7,7,1730,1,2,1,1,6,45338,M,4799146.0,270756.0,45
201500027133,15,7,17,1330,1,1,1,1,3,45004,M,4800496.0,280361.0,45
201500027134,15,7,19,56,5,2,3,1,3,45208,M,4800207.0,273088.0,45
201500027135,15,7,25,1715,1,2,1,1,1,45208,M,4800183.0,274576.0,45
201500027136,15,7,19,1715,1,1,1,1,6,45004,M,4797558.0,277363.0,45
201500027137,15,8,5,1830,1,2,1,1,6,45068,M,4803267.0,274438.0,45
201500027138,15,8,8,25,5,2,1,1,1,45208,M,4800013.0,273149.0,45
201500027139,15,7,10,215,5,2,1,1,6,45004,M,4799543.0,274936.0,45
201500027140,15,8,11,1240,1,2,3,1,2,45004,M,4798215.0,275277.0,45
201500027141,15,8,11,1158,1,2,2,1,2,45004,M,4797278.0,274954.0,45
201500027142,15,8,21,1730,1,2,1,1,6,45068,M,4801912.0,271528.0,45
201500027143,15,8,25,1930,1,2,3,1,1,45004,M,4797586.0,274111.0,45
201500027144,15,8,30,207,5,2,1,1,6,45004,M,4790599.0,275099.0,45
201500027145,15,9,1,920,1,2,3,2,1,45004,M,4799152.0,275021.0,45
201500027146,15,8,7,28,5,2,1,1,7,45338,M,4797384.0,272019.0,45
201500027147,15,9,4,1615,1,2,1,1,1,45068,M,4801049.0,272098.0,45
201500027148,15,9,10,755,1,1,1,1,3,45004,M,,,45
201500027149,15,9,11,1115,1,2,2,1,3,45338,M,4799078.0,271088.0,45
201500027150,15,9,17,1257,1,2,1,3,1,45068,M,4801204.0,272654.0,45
201500027151,15,9,18,855,1,2,2,1,3,45004,M,4797884.0,276714.0,45
201500027152,15,9,22,1350,1,1,1,2,3,45004,M,4797958.0,274248.0,45
201500027153,15,9,23,1602,1,2,2,1,3,45208,M,4799803.0,274327.0,45
201500027154,15,9,28,800,1,2,1,1,6,45208,M,4800034.0,273388.0,45
201500027155,15,10,10,1702,1,2,2,1,3,45208,M,4799702.0,272837.0,45
201500027156,15,10,11,2045,5,2,1,1,6,45208,M,4800157.0,272903.0,45
201500027157,15,10,20,1735,1,2,1,1,1,45338,M,4797337.0,271911.0,45
201500027158,15,10,30,2200,5,2,1,1,3,45004,M,4797696.0,273762.0,45
201500027159,15,10,31,1118,1,2,1,1,2,45068,M,4800889.0,274048.0,45
201500027160,15,11,2,1720,2,2,2,1,2,45068,M,4801111.0,270765.0,45
201500027161,15,11,8,1645,1,2,1,1,7,45208,M,4799952.0,272943.0,45
201500027162,15,11,9,2050,3,1,1,1,2,45208,M,,,45
201500027163,15,11,24,1853,5,2,1,2,6,45004,M,,,45
201500027164,15,11,20,1150,1,2,1,3,1,45004,M,4799884.0,275010.0,45
201500027165,15,11,24,1810,1,2,3,3,3,45338,M,4799056.0,271949.0,45
201500027166,15,11,27,1210,1,2,3,8,3,45208,M,4799867.0,274149.0,45
201500027167,15,11,30,1330,1,2,1,2,2,45068,M,4801530.0,273873.0,45
201500027168,15,12,2,1229,1,2,1,1,3,45004,M,4799271.0,275441.0,45
201500027169,15,12,6,1342,1,2,1,1,7,45208,M,,,45
201500027170,15,12,11,1700,2,2,1,1,6,45208,M,,,45
201500027171,15,12,13,1245,1,2,3,1,3,45208,M,4800037.0,274566.0,45
201500027172,15,12,23,136,5,1,1,2,7,45338,M,,,45
201500027173,15,9,10,1625,1,2,1,1,6,45147,M,4793838.0,193013.0,45
201500027174,15,8,16,715,1,1,1,1,6,45232,M,4784736.0,190824.0,45
201500027175,15,11,13,1830,5,2,1,1,6,45234,M,4791649.0,189889.0,45
201500027176,15,9,11,1940,1,2,1,1,6,45232,M,4785418.0,192216.0,45
201500027177,15,11,7,145,5,1,1,1,6,45302,M,4794537.0,189342.0,45
201500027178,15,9,8,1750,1,2,3,1,3,45285,M,4791140.0,187805.0,45
201500027179,15,10,14,1605,1,2,1,1,6,45147,M,4792692.0,192992.0,45
201500027180,15,9,14,1350,1,1,1,1,7,45284,M,4792458.0,196599.0,45
201500027181,15,10,15,1620,1,2,1,1,3,45284,M,4791681.0,197692.0,45
201500027182,15,9,22,1700,1,2,1,1,1,45234,M,4790594.0,188666.0,45
201500027183,15,10,17,1800,2,2,1,1,6,45169,M,4790427.0,181299.0,45
201500027184,15,9,14,1255,1,2,1,1,1,45302,M,4795462.0,189322.0,45
201500027185,15,10,19,730,1,2,2,1,3,45234,M,4790893.0,190093.0,45
201500027186,15,9,30,400,3,1,1,1,5,45232,M,4786441.0,191306.0,45
201500027187,15,10,20,1730,1,2,6,9,1,45234,M,4783392.0,194008.0,45
201500027188,15,9,29,1910,1,2,1,1,1,45286,M,4788767.0,192878.0,45
201500027189,15,9,14,1250,1,2,3,1,7,45234,M,4791334.0,188565.0,45
201500027190,15,10,23,215,5,2,1,1,6,45234,M,4788791.0,189533.0,45
201500027191,15,10,5,1204,1,2,2,1,3,45234,M,4789465.0,190463.0,45
201500027192,15,10,12,725,1,2,2,1,3,45147,M,4792089.0,190235.0,45
201500027193,15,10,2,1500,1,2,1,1,6,45232,M,4786768.0,187672.0,45
201500027194,15,10,2,1610,1,2,2,1,3,45235,M,4794671.0,183186.0,45
201500027195,15,11,3,2015,5,2,1,1,1,45147,M,4793073.0,189553.0,45
201500027196,15,10,11,425,5,2,2,1,3,45234,M,4789992.0,190639.0,45
201500027197,15,11,16,1225,1,2,1,1,6,45298,M,4787744.0,185469.0,45
201500027198,15,11,6,1740,1,2,1,1,6,45234,M,4791925.0,191789.0,45
201500027199,15,11,12,1720,4,2,1,1,6,45302,M,,,45
201500027200,15,11,20,2010,5,2,1,2,3,45234,M,4787969.0,190295.0,45
201500027201,15,11,12,1255,1,2,1,1,6,45147,M,4793181.0,190806.0,45
201500027202,15,11,25,1245,1,2,3,1,3,45234,M,4789195.0,188859.0,45
201500027203,15,11,21,2050,5,2,1,1,6,45302,M,4796333.0,184854.0,45
201500027204,15,11,27,735,2,2,1,5,6,45285,M,4789361.0,186171.0,45
201500027205,15,11,28,530,3,2,3,1,1,45169,M,4793195.0,183368.0,45
201500027206,15,12,18,1340,1,2,1,2,3,45284,M,4790517.0,194671.0,45
201500027207,15,12,18,1700,5,2,1,1,6,45284,M,4790992.0,196443.0,45
201500027208,15,12,23,1200,1,2,1,1,6,45147,M,,,45
201500027209,15,12,23,943,1,2,1,1,6,45285,M,,,45
201500027210,15,1,5,1600,1,2,3,1,3,45234,M,4789822.0,191604.0,45
201500027211,15,1,6,430,5,2,1,1,2,45285,M,4791201.0,186709.0,45
201500027212,15,2,11,1610,1,2,1,7,6,45232,M,4786881.0,191088.0,45
201500027213,15,2,18,1045,1,2,1,1,3,45284,M,4792005.0,195868.0,45
201500027214,15,3,7,1420,1,2,1,1,3,45234,M,4791794.0,190069.0,45
201500027215,15,3,7,2129,5,2,1,1,3,45147,M,4793205.0,193557.0,45
201500027216,15,3,10,215,5,2,1,1,6,45274,M,4787749.0,196055.0,45
201500027217,15,3,7,1710,1,2,1,1,7,45232,M,,,45
201500027218,15,3,17,755,1,1,1,1,5,45232,M,4784136.0,189337.0,45
201500027219,15,3,26,820,1,1,1,1,2,45284,M,4792459.0,196434.0,45
201500027220,15,3,27,1505,1,2,1,1,3,45075,M,4788274.0,181810.0,45
201500027221,15,4,28,820,1,2,3,1,1,45284,M,4791379.0,194874.0,45
201500027222,15,4,2,1655,1,2,3,1,1,45234,M,4791101.0,190044.0,45
201500027223,15,4,16,1105,1,2,1,1,6,45234,M,4788806.0,190799.0,45
201500027224,15,4,23,845,1,1,1,7,4,45284,M,,,45
201500027225,15,4,24,1811,1,2,3,1,3,45286,M,4787046.0,193222.0,45
201500027226,15,7,7,1230,1,2,3,1,3,45147,M,,,45
201500027227,15,5,17,2120,2,2,1,1,6,45234,M,4790211.0,191875.0,45
201500027228,15,6,4,820,1,2,2,1,3,45232,M,4786027.0,190934.0,45
201500027229,15,6,5,1300,1,1,1,1,2,45232,M,4784008.0,191412.0,45
201500027230,15,6,12,2045,1,1,3,1,3,45274,M,4787177.0,194971.0,45
201500027231,15,6,13,350,5,2,1,1,6,45285,M,4789672.0,186388.0,45
201500027232,15,6,21,1705,1,2,1,1,3,45234,M,4791825.0,190445.0,45
201500027233,15,6,24,830,1,2,3,1,6,45234,M,4791913.0,191138.0,45
201500027234,15,6,24,745,1,2,2,1,2,45284,M,4791895.0,197151.0,45
201500027235,15,6,28,1410,1,2,2,1,3,45234,M,4789974.0,189779.0,45
201500027236,15,7,2,1939,1,1,2,1,3,45274,M,,,45
201500027237,15,7,3,945,1,2,2,1,3,45147,M,4794414.0,191721.0,45
201500027238,15,7,10,1800,1,2,1,7,6,45232,M,4783953.0,191808.0,45
201500027239,15,7,14,2000,1,2,2,1,3,45234,M,4788413.0,189818.0,45
201500027240,15,7,20,134,5,2,1,1,6,45234,M,4790066.0,193073.0,45
201500027241,15,7,20,1830,1,1,1,1,6,45302,M,,,45
201500027242,15,7,24,1810,1,2,1,2,6,45234,M,4790506.0,191054.0,45
201500027243,15,7,28,1705,1,2,1,1,4,45234,M,4790534.0,189723.0,45
201500027244,15,8,4,2045,1,2,2,1,3,45234,M,4789146.0,190481.0,45
201500027245,15,8,16,2034,1,2,1,1,6,45147,M,4793423.0,192959.0,45
201500027246,15,8,18,1730,1,1,1,1,2,45232,M,,,45
201500027247,15,8,27,1409,1,1,1,3,3,45169,M,4794202.0,184337.0,45
201500027248,15,3,19,1350,1,2,1,1,7,46042,M,4443340.0,144477.0,46
201500027249,15,3,20,1218,1,1,1,1,5,46042,M,4447773.0,142444.0,46
201500027250,15,4,2,1250,1,1,1,1,1,46042,M,4445828.0,143371.0,46
201500027251,15,4,8,2030,2,2,1,1,2,46042,M,4444835.0,144007.0,46
201500027252,15,5,2,130,5,2,1,2,6,46042,M,4447014.0,142770.0,46
201500027253,15,5,7,1535,1,1,1,1,6,46042,M,4442301.0,143798.0,46
201500027254,15,5,9,1700,1,1,1,1,3,46042,M,4445356.0,141239.0,46
201500027255,15,5,12,1645,1,2,3,1,3,46042,M,4444424.0,143672.0,46
201500027256,15,5,25,115,5,2,1,1,6,46042,M,4445638.0,144989.0,46
201500027257,15,5,30,2038,1,1,3,1,3,46042,M,4445881.0,142476.0,46
201500027258,15,5,31,5,3,1,1,1,6,46042,M,4446578.0,144039.0,46
201500027259,15,8,10,2332,3,1,1,1,6,46042,M,4446197.0,141991.0,46
201500027260,15,9,4,1910,1,1,3,1,2,46042,M,4444690.0,144451.0,46
201500027261,15,9,20,235,3,2,1,5,7,46042,M,4446850.0,145466.0,46
201500027262,15,9,29,1745,1,2,1,1,6,46042,M,4442124.0,143867.0,46
201500027263,15,9,30,1420,1,1,1,1,7,46042,M,,,46
201500027264,15,10,12,2310,3,1,1,3,5,46191,M,4449251.0,140526.0,46
201500027265,15,10,14,1120,1,2,1,1,6,46042,M,4442629.0,144797.0,46
201500027266,15,10,19,1715,1,1,1,1,1,46042,M,,,46
201500027267,15,10,25,1650,1,2,1,1,6,46042,M,4443547.0,144051.0,46
201500027268,15,1,12,2030,5,2,1,1,1,46042,M,4445260.0,144340.0,46
201500027269,15,1,12,1850,3,2,1,1,1,46042,M,,,46
201500027270,15,1,16,1720,3,1,1,8,1,46224,M,4447985.0,139103.0,46
201500027271,15,2,18,1520,1,1,1,1,7,46042,M,4446670.0,142644.0,46
201500027272,15,1,7,1306,1,2,1,1,6,47001,M,,,47
201500027273,15,6,17,1210,1,2,3,1,3,47201,M,4416823.0,60930.0,47
201500027274,15,1,7,1852,5,2,1,1,3,47001,M,,,47
201500027275,15,7,11,2010,1,2,1,1,2,47001,M,4418422.0,62192.0,47
201500027276,15,1,26,840,2,2,1,1,6,47001,M,,,47
201500027277,15,7,14,135,5,2,1,1,2,47001,M,4421244.0,60724.0,47
201500027278,15,2,8,510,5,2,3,1,3,47201,M,4417550.0,60670.0,47
201500027279,15,7,29,1725,1,2,1,2,6,47001,M,4420899.0,62170.0,47
201500027280,15,3,13,950,1,2,1,2,6,47001,M,4420450.0,61686.0,47
201500027281,15,7,30,1019,1,2,2,1,3,47001,M,4419614.0,61902.0,47
201500027282,15,3,26,2150,5,2,3,2,6,47001,M,,,47
201500027283,15,8,10,1820,1,2,1,1,6,47001,M,,,47
201500027284,15,3,29,1405,1,2,3,2,3,47031,M,4418940.0,63902.0,47
201500027285,15,8,16,1045,1,2,2,1,6,47001,M,,,47
201500027286,15,4,7,1220,1,2,3,1,3,47201,M,,,47
201500027287,15,8,17,2205,3,2,1,1,3,47001,M,,,47
201500027288,15,5,11,1530,1,2,1,7,2,47001,M,,,47
201500027289,15,8,26,1835,1,2,3,1,3,47031,M,,,47
201500027290,15,5,7,2125,5,2,1,1,3,47201,M,,,47
201500027291,15,8,28,1830,1,2,3,1,5,47201,M,4417811.0,60569.0,47
201500027292,15,9,9,1755,1,2,3,1,6,47001,M,4420440.0,62058.0,47
201500027293,15,5,16,2145,5,2,2,1,2,47001,M,,,47
201500027294,15,9,14,855,1,1,1,8,5,47031,M,4417370.0,65711.0,47
201500027295,15,9,19,1735,1,2,4,1,3,47031,M,4417850.0,63294.0,47
201500027296,15,9,24,1854,1,2,2,1,3,47001,M,4419640.0,62748.0,47
201500027297,15,9,29,1615,1,2,6,1,3,47001,M,4418760.0,61992.0,47
201500027298,15,9,30,1642,1,2,3,1,3,47001,M,4419840.0,62105.0,47
201500027299,15,10,3,1428,1,2,3,1,3,47001,M,,,47
201500027300,15,10,3,1940,2,2,3,1,3,47201,M,4419391.0,60707.0,47
201500027301,15,10,13,1753,1,2,3,1,1,47001,M,,,47
201500027302,15,10,14,1800,1,1,2,1,1,47001,M,,,47
201500027303,15,10,16,800,2,2,3,9,3,47001,M,,,47
201500027304,15,10,16,1543,1,2,1,1,3,47001,M,,,47
201500027305,15,10,16,1935,1,2,1,1,2,47001,M,,,47
201500027306,15,10,20,900,1,1,3,1,3,47031,M,,,47
201500027307,15,10,20,1545,1,2,6,1,3,47201,M,,,47
201500027308,15,10,13,1350,1,2,1,1,5,47001,M,4421103.0,64609.0,47
201500027309,15,10,30,540,5,2,1,1,3,47001,M,,,47
201500027310,15,11,9,700,5,2,9,1,3,47201,M,4417880.0,60545.0,47
201500027311,15,11,10,1509,1,2,2,1,6,47001,M,4420530.0,62085.0,47
201500027312,15,11,17,1833,2,2,9,1,3,47032,M,4418430.0,66642.0,47
201500027313,15,11,20,1639,1,2,3,1,3,47001,M,4419710.0,62008.0,47
201500027314,15,12,12,1840,2,2,3,1,6,47001,M,4420530.0,62085.0,47
201500027315,15,12,21,910,1,2,1,1,6,47032,M,4418590.0,67179.0,47
201500027316,15,12,23,1700,1,2,1,1,6,47031,M,4417690.0,63382.0,47
201500027317,15,1,30,1125,1,2,1,1,1,47323,M,,,47
201500027318,15,5,20,1905,1,1,1,1,3,47323,M,4426575.0,205799.0,47
201500027319,15,2,7,1355,1,1,2,1,3,47027,M,,,47
201500027320,15,3,17,750,1,1,2,1,3,47027,M,4441130.0,66965.0,47
201500027321,15,2,20,1455,1,2,1,1,6,47323,M,,,47
201500027322,15,5,21,5,5,2,1,1,6,47323,M,4439400.0,70934.0,47
201500027323,15,2,24,1700,1,1,1,8,1,47323,M,,,47
201500027324,15,6,11,1105,1,1,1,1,6,47323,M,4440380.0,76813.0,47
201500027325,15,3,29,1445,1,1,3,1,3,47323,M,,,47
201500027326,15,4,5,1525,1,2,3,1,3,47323,M,4440860.0,72966.0,47
201500027327,15,7,13,1810,1,1,3,1,2,47323,M,4440630.0,75490.0,47
201500027328,15,7,17,750,1,2,3,1,3,47323,M,4423558.0,430640.0,47
201500027329,15,8,4,1950,1,2,2,1,3,47323,M,,,47
201500027330,15,8,7,1540,1,1,1,1,7,47215,M,,,47
201500027331,15,8,17,1945,1,2,1,1,1,47323,M,4440370.0,70459.0,47
201500027332,15,9,12,2225,3,1,2,2,3,47027,M,4441120.0,66976.0,47
201500027333,15,9,26,2040,3,1,3,1,1,47323,M,4440700.0,75100.0,47
201500027334,15,10,2,1100,1,2,1,1,6,47323,M,0.0,0.0,47
201500027335,15,11,7,2005,5,2,6,1,3,47323,M,4440860.0,70749.0,47
201500027336,15,11,9,1150,1,2,3,1,3,47323,M,4440710.0,71622.0,47
201500027337,15,11,27,240,3,1,1,1,6,47215,M,4438480.0,67760.0,47
201500027338,15,12,6,1515,1,1,1,1,3,47323,M,4441490.0,77197.0,47
201500027339,15,12,8,1500,1,2,2,1,3,47323,M,4440340.0,70129.0,47
201500027340,15,12,5,1650,1,1,1,1,7,47027,M,4440950.0,66970.0,47
201500027341,15,2,1,115,5,2,1,8,6,48095,M,4451611.0,349832.0,48
201500027342,15,4,10,2100,5,2,1,1,6,48095,M,4451622.0,349842.0,48
201500027343,15,12,11,1205,1,2,1,1,2,48095,M,4451762.0,350696.0,48
201500027344,15,5,20,1410,1,1,1,1,6,48095,M,4452609.0,351283.0,48
201500027345,15,8,31,1615,1,2,1,1,6,48095,M,4452200.0,350207.0,48
201500027346,15,9,24,800,1,2,9,1,6,48095,M,4452187.0,351494.0,48
201500027347,15,1,5,105,5,2,1,1,6,49007,M,4746467.0,-57340.0,49
201500027348,15,2,18,630,3,1,1,1,7,49007,M,4746894.0,-58756.0,49
201500027349,15,12,31,1245,1,2,1,1,6,49246,M,4742800.0,-52741.0,49
201500027350,15,1,5,754,5,2,3,1,3,49007,M,4746786.0,-55100.0,49
201500027351,15,2,16,1641,1,2,1,1,5,49007,M,4745547.0,-56975.0,49
201500027352,15,12,31,1608,1,1,1,1,6,49007,M,4746024.0,-56817.0,49
201500027353,15,1,6,1124,1,1,3,1,4,49267,M,4747103.0,-48648.0,49
201500027354,15,2,20,1040,1,2,1,2,3,49007,M,4744480.0,-53758.0,49
201500027355,15,1,7,744,5,2,1,1,3,49007,M,4745356.0,-54146.0,49
201500027356,15,2,21,1750,1,2,1,1,2,49007,M,4745119.0,-54808.0,49
201500027357,15,1,6,1805,4,2,6,2,6,49007,M,4747526.0,-60775.0,49
201500027358,15,2,20,1345,1,2,2,3,6,49015,M,4750686.0,-58981.0,49
201500027359,15,1,7,810,1,1,1,1,2,49267,M,4747364.0,-48576.0,49
201500027360,15,2,21,634,5,1,1,1,7,49007,M,4746678.0,-56732.0,49
201500027361,15,1,8,920,1,2,9,1,3,49007,M,4747315.0,-59985.0,49
201500027362,15,2,20,1308,1,1,1,1,6,49267,M,4748022.0,-49960.0,49
201500027363,15,1,8,1358,1,2,1,1,4,49007,M,4747151.0,-55947.0,49
201500027364,15,2,25,1505,1,2,1,1,6,49007,M,4747158.0,-55389.0,49
201500027365,15,1,8,846,1,2,3,1,3,49246,M,4742258.0,-52373.0,49
201500027366,15,3,1,1038,1,1,6,1,6,49267,M,4748139.0,-49083.0,49
201500027367,15,1,9,815,2,2,1,1,2,49007,M,4747585.0,-54987.0,49
201500027368,15,3,1,1430,1,2,1,1,6,49007,M,4746601.0,-55939.0,49
201500027369,15,1,9,1826,5,2,2,1,3,49007,M,4746060.0,-55210.0,49
201500027370,15,3,2,1050,1,2,6,1,3,49353,M,4744230.0,-48286.0,49
201500027371,15,1,9,1001,1,2,1,1,7,49007,M,4746926.0,-54948.0,49
201500027372,15,3,2,1659,1,2,1,1,4,49007,M,4744522.0,-56672.0,49
201500027373,15,1,11,1300,1,2,3,1,3,49007,M,4747456.0,-52063.0,49
201500027374,15,3,2,1832,1,1,1,1,6,49246,M,4744027.0,-48885.0,49
201500027375,15,1,1,1524,1,2,1,1,7,49007,M,4746685.0,-53316.0,49
201500027376,15,3,3,1115,1,2,2,1,3,49246,M,4743044.0,-52814.0,49
201500027377,15,1,11,33,5,2,6,1,3,49007,M,4747375.0,-55572.0,49
201500027378,15,3,4,1655,1,2,1,1,6,49007,M,4746525.0,-59478.0,49
201500027379,15,1,13,1344,1,2,1,1,6,49007,M,4744951.0,-53888.0,49
201500027380,15,3,5,845,1,1,1,1,4,49007,M,4748788.0,-54614.0,49
201500027381,15,1,12,847,1,1,1,1,2,49246,M,4743556.0,-50882.0,49
201500027382,15,3,7,1903,1,2,1,1,6,49007,M,4744775.0,-56278.0,49
201500027383,15,1,12,1556,1,2,2,1,3,49007,M,4747352.0,-58608.0,49
201500027384,15,3,10,1720,1,2,3,1,6,49007,M,4747138.0,-51905.0,49
201500027385,15,1,12,1215,1,2,2,1,3,49007,M,4748330.0,-51405.0,49
201500027386,15,3,12,745,1,2,2,1,6,49007,M,4747505.0,-54981.0,49
201500027387,15,1,13,1829,5,1,1,1,4,49007,M,4746581.0,-58058.0,49
201500027388,15,3,13,2030,5,2,1,1,6,49007,M,4746636.0,-55278.0,49
201500027389,15,1,15,1830,5,1,1,1,6,49267,M,4748647.0,-51098.0,49
201500027390,15,3,14,745,1,2,6,1,6,49353,M,4744080.0,-49850.0,49