Num_Acc,an,mois,jour,hrmn,lum,agg,int,atm,col,com,gps,lat,long,dep
201500027391,15,1,15,836,2,1,1,2,6,49353,M,4744299.0,-48011.0,49
201500027392,15,3,14,845,1,2,6,1,3,49246,M,4743369.0,-52962.0,49
201500027393,15,1,15,1454,1,2,1,2,6,49007,M,4746621.0,-55487.0,49
201500027394,15,3,17,1824,1,1,1,1,4,49353,M,4745064.0,-50927.0,49
201500027395,15,1,16,55,5,2,2,1,6,49007,M,4747303.0,-57729.0,49
201500027396,15,3,19,1638,1,2,1,1,2,49007,M,4744800.0,-57390.0,49
201500027397,15,1,17,130,5,2,1,1,5,49007,M,4746851.0,-55822.0,49
201500027398,15,3,20,1800,1,2,2,1,3,49007,M,4748658.0,-56347.0,49
201500027399,15,1,16,725,5,2,1,1,6,49007,M,4744882.0,-56280.0,49
201500027400,15,3,22,1815,1,1,1,1,6,49246,M,4744138.0,-51200.0,49
201500027401,15,1,17,1200,1,2,1,1,3,49007,M,4746803.0,-55729.0,49
201500027402,15,3,23,1409,1,1,1,1,7,49015,M,4749230.0,-59378.0,49
201500027403,15,1,16,1551,1,1,3,1,2,49246,M,4743224.0,-53389.0,49
201500027404,15,3,24,1216,1,2,2,2,3,49353,M,4744610.0,-49639.0,49
201500027405,15,1,20,751,5,2,1,1,4,49007,M,4745392.0,-56692.0,49
201500027406,15,3,28,130,5,2,2,1,3,49007,M,4747350.0,-55399.0,49
201500027407,15,1,22,2020,5,2,1,1,6,49246,M,4742336.0,-52412.0,49
201500027408,15,3,27,1509,1,1,1,2,3,49267,M,4747838.0,-50544.0,49
201500027409,15,1,22,904,1,2,1,1,6,49007,M,4746367.0,-55396.0,49
201500027410,15,3,30,1647,1,2,2,1,3,49007,M,4747716.0,-54797.0,49
201500027411,15,1,21,820,2,2,1,1,6,49007,M,4746864.0,-53901.0,49
201500027412,15,3,30,907,1,1,1,1,2,49007,M,4747713.0,-55389.0,49
201500027413,15,1,8,1657,1,2,1,1,6,49007,M,4747682.0,-59917.0,49
201500027414,15,3,30,740,4,2,4,1,6,49007,M,4748172.0,-55356.0,49
201500027415,15,1,23,2045,5,2,1,1,6,49007,M,4746757.0,-55041.0,49
201500027416,15,4,1,805,2,2,1,1,6,49007,M,4746280.0,-54054.0,49
201500027417,15,1,23,1630,1,2,6,1,3,49267,M,4747629.0,-49667.0,49
201500027418,15,4,1,1030,1,2,3,1,1,49007,M,4745201.0,-53810.0,49
201500027419,15,1,23,1224,1,2,1,1,2,49007,M,4748749.0,-54095.0,49
201500027420,15,4,1,1308,1,2,1,1,6,49007,M,4745644.0,-53037.0,49
201500027421,15,1,23,1745,2,2,1,1,3,49007,M,4746468.0,-54878.0,49
201500027422,15,4,3,925,1,1,1,1,6,49007,M,4747674.0,-55404.0,49
201500027423,15,1,26,822,2,2,1,1,6,49007,M,4747328.0,-59553.0,49
201500027424,15,4,6,1205,1,1,1,1,6,49007,M,4745485.0,-56846.0,49
201500027425,15,1,26,1831,5,2,2,1,3,49007,M,4746892.0,-53197.0,49
201500027426,15,4,7,1850,1,2,1,1,7,49246,M,4743939.0,-53266.0,49
201500027427,15,1,28,1720,1,2,3,1,3,49007,M,4747207.0,-59254.0,49
201500027428,15,4,8,1205,1,2,2,1,3,49015,M,4750103.0,-58873.0,49
201500027429,15,1,27,742,1,1,1,1,6,49353,M,4745278.0,-51375.0,49
201500027430,15,4,9,1237,1,2,1,1,4,49246,M,4742254.0,-52371.0,49
201500027431,15,1,28,853,1,2,1,1,6,49007,M,4745139.0,-53999.0,49
201500027432,15,4,12,1519,1,2,1,1,3,49007,M,4749231.0,-55311.0,49
201500027433,15,1,29,817,2,2,6,2,2,49353,M,4744766.0,-50949.0,49
201500027434,15,4,10,1533,1,2,4,1,6,49007,M,4745397.0,-53581.0,49
201500027435,15,1,30,908,1,1,1,1,2,49267,M,4747605.0,-50326.0,49
201500027436,15,4,13,1010,1,2,2,1,6,49007,M,4748741.0,-57354.0,49
201500027437,15,1,30,949,1,2,6,1,3,49007,M,4746280.0,-55383.0,49
201500027438,15,4,13,1749,1,2,1,1,6,49015,M,4750800.0,-59078.0,49
201500027439,15,2,2,920,1,2,6,1,7,49007,M,4748173.0,-57578.0,49
201500027440,15,4,14,1350,1,2,3,1,3,49007,M,4748699.0,-51513.0,49
201500027441,15,2,3,822,1,2,2,1,7,49007,M,4747451.0,-54677.0,49
201500027442,15,4,14,1815,1,2,1,1,6,49007,M,4748677.0,-51486.0,49
201500027443,15,2,5,1006,1,2,2,1,2,49246,M,4743771.0,-51109.0,49
201500027444,15,4,16,1740,1,1,1,1,7,49353,M,4744191.0,-49319.0,49
201500027445,15,2,5,1500,1,2,1,1,6,49007,M,4747613.0,-59927.0,49
201500027446,15,4,20,440,3,2,6,1,7,49007,M,4745252.0,-54090.0,49
201500027447,15,2,5,900,1,2,2,1,6,49007,M,4748554.0,-53325.0,49
201500027448,15,4,18,555,3,2,1,1,6,49353,M,4745235.0,-49310.0,49
201500027449,15,2,7,1913,5,2,6,1,7,49007,M,4746468.0,-54873.0,49
201500027450,15,4,21,2230,5,2,2,1,3,49007,M,4747619.0,-54508.0,49
201500027451,15,2,7,300,5,2,2,1,3,49007,M,4747473.0,-56083.0,49
201500027452,15,4,21,1717,1,2,9,1,4,49007,M,4748998.0,-52188.0,49
201500027453,15,2,9,1644,1,2,3,1,3,49246,M,4741856.0,-52778.0,49
201500027454,15,4,22,1320,1,2,2,1,3,49267,M,4746672.0,-49064.0,49
201500027455,15,2,9,1315,1,1,1,1,3,49015,M,4751738.0,-60527.0,49
201500027456,15,4,22,1901,1,2,2,1,6,49007,M,4748602.0,-52124.0,49
201500027457,15,2,10,1540,1,2,1,1,2,49007,M,4746401.0,-53166.0,49
201500027458,15,4,24,1245,1,2,3,1,2,49007,M,4747668.0,-55370.0,49
201500027459,15,2,11,1620,1,2,2,1,7,49007,M,4747359.0,-55899.0,49
201500027460,15,4,25,1020,1,2,1,1,7,49007,M,4747892.0,-54994.0,49
201500027461,15,2,11,1938,5,2,1,1,7,49007,M,4747698.0,-55087.0,49
201500027462,15,4,28,1650,1,2,1,1,4,49007,M,4748939.0,-56808.0,49
201500027463,15,2,12,2129,5,2,1,1,7,49007,M,4747390.0,-54805.0,49
201500027464,15,5,2,1400,1,2,6,2,3,49007,M,4746122.0,-61705.0,49
201500027465,15,2,14,1330,1,2,2,1,3,49007,M,4747587.0,-55263.0,49
201500027466,15,5,2,1200,1,2,1,2,6,49007,M,4748863.0,-54472.0,49
201500027467,15,2,14,2040,5,2,2,1,3,49007,M,4745300.0,-53873.0,49
201500027468,15,4,30,1821,1,2,1,2,2,49007,M,4747028.0,-55520.0,49
201500027469,15,2,13,1318,1,2,1,1,7,49015,M,4752016.0,-60967.0,49
201500027470,15,5,3,350,5,1,1,2,6,49007,M,4747469.0,-55564.0,49
201500027471,15,2,14,2115,4,2,1,1,3,49007,M,4748286.0,-53136.0,49
201500027472,15,5,5,1731,1,2,1,1,6,49007,M,4746783.0,-55108.0,49
201500027473,15,2,15,1206,1,2,3,1,3,49007,M,4746259.0,-55506.0,49
201500027474,15,5,5,1640,1,2,1,1,7,49007,M,4747746.0,-60106.0,49
201500027475,15,2,14,700,5,2,2,1,3,49015,M,4749820.0,-58595.0,49
201500027476,15,5,10,1935,1,2,1,1,6,49007,M,4747477.0,-58615.0,49
201500027477,15,5,7,1840,1,2,1,1,6,49007,M,4746557.0,-55097.0,49
201500027478,15,5,9,2221,5,2,1,1,6,49007,M,4745740.0,-52666.0,49
201500027479,15,5,13,2106,5,2,6,1,7,49007,M,4747603.0,-58611.0,49
201500027480,15,5,13,1651,1,2,1,1,3,49007,M,4747414.0,-53680.0,49
201500027481,15,5,15,1700,1,2,1,1,3,49007,M,4747208.0,-54567.0,49
201500027482,15,5,15,2100,2,2,1,1,7,49267,M,4747988.0,-50373.0,49
201500027483,15,5,15,959,1,2,3,1,2,49353,M,4744930.0,-50183.0,49
201500027484,15,5,16,1915,1,2,1,1,3,49007,M,4746600.0,-54721.0,49
201500027485,15,5,19,1818,1,1,1,1,4,49267,M,4747337.0,-48817.0,49
201500027486,15,5,19,1551,1,2,1,1,6,49353,M,4745294.0,-48325.0,49
201500027487,15,5,19,1115,1,2,1,1,6,49007,M,4748125.0,-56422.0,49
201500027488,15,5,21,1234,1,2,1,1,2,49007,M,4746125.0,-54674.0,49
201500027489,15,5,21,1556,1,2,1,1,2,49007,M,4746397.0,-55408.0,49
201500027490,15,5,22,711,1,2,1,1,2,49007,M,4748059.0,-57592.0,49
201500027491,15,5,22,1830,1,2,1,1,2,49007,M,4746960.0,-55530.0,49
201500027492,15,5,24,10,5,2,1,1,6,49007,M,4748797.0,-55402.0,49
201500027493,15,5,27,1124,1,2,2,1,3,49007,M,4747350.0,-55397.0,49
201500027494,15,5,27,944,1,2,1,1,2,49007,M,4746054.0,-53878.0,49
201500027495,15,5,27,1706,1,2,2,1,6,49007,M,4746888.0,-53195.0,49
201500027496,15,5,27,1600,1,2,2,1,3,49007,M,4744902.0,-54416.0,49
201500027497,15,5,27,1420,1,2,6,1,7,49246,M,4743896.0,-48618.0,49
201500027498,15,5,31,1815,1,2,2,1,3,49007,M,4746180.0,-54150.0,49
201500027499,15,5,29,2022,1,2,3,1,3,49007,M,4744799.0,-56083.0,49
201500027500,15,5,29,1415,1,2,1,1,1,49007,M,4747229.0,-59584.0,49
201500027501,15,6,2,820,1,1,1,1,4,49246,M,4743219.0,-50712.0,49
201500027502,15,6,2,1600,1,1,1,1,2,49246,M,4741868.0,-52379.0,49
201500027503,15,6,2,1420,1,2,1,1,6,49015,M,4748582.0,-58455.0,49
201500027504,15,6,3,2025,1,2,3,1,3,49007,M,4746799.0,-53763.0,49
201500027505,15,6,4,1123,1,2,3,1,3,49353,M,4744619.0,-49723.0,49
201500027506,15,6,6,1435,1,2,3,1,2,49007,M,4747727.0,-55732.0,49
201500027507,15,6,6,1055,1,2,1,1,2,49007,M,4747152.0,-54315.0,49
201500027508,15,6,8,1938,1,2,3,1,3,49007,M,4746796.0,-54649.0,49
201500027509,15,6,5,2025,1,2,2,1,3,49007,M,4744829.0,-55030.0,49
201500027510,15,6,8,1809,1,1,1,1,6,49246,M,4744768.0,-51520.0,49
201500027511,15,6,6,1516,1,2,2,1,6,49007,M,4746853.0,-55842.0,49
201500027512,15,6,5,1710,1,2,1,1,3,49007,M,4747012.0,-53154.0,49
201500027513,15,6,5,1515,1,2,1,1,7,49246,M,4743712.0,-51271.0,49
201500027514,15,6,9,1835,1,2,3,1,3,49007,M,4747061.0,-57054.0,49
201500027515,15,6,9,1233,1,2,1,1,3,49007,M,4747716.0,-55339.0,49
201500027516,15,6,5,1451,1,2,1,1,6,49007,M,4744180.0,-53450.0,49
201500027517,15,6,9,1644,1,2,6,1,6,49267,M,4747002.0,-49098.0,49
201500027518,15,6,5,1800,1,2,1,1,6,49007,M,4747373.0,-58414.0,49
201500027519,15,6,11,930,1,2,1,1,6,49007,M,4746717.0,-55238.0,49
201500027520,15,6,12,1351,1,2,6,2,1,49353,M,4745101.0,-50804.0,49
201500027521,15,6,12,1343,1,2,1,2,6,49007,M,4749349.0,-52837.0,49
201500027522,15,6,15,1030,1,2,2,1,7,49007,M,4746324.0,-54492.0,49
201500027523,15,6,15,1234,1,2,3,1,3,49007,M,4746793.0,-59014.0,49
201500027524,15,6,16,1545,1,1,1,1,7,49007,M,4744473.0,-52381.0,49
201500027525,15,6,17,814,1,2,3,1,3,49246,M,4743030.0,-52894.0,49
201500027526,15,6,17,742,1,2,1,1,3,49353,M,4744809.0,-46856.0,49
201500027527,15,6,18,1116,1,2,1,1,7,49007,M,4748183.0,-55370.0,49
201500027528,15,6,19,2010,1,2,3,1,1,49007,M,4744690.0,-56103.0,49
201500027529,15,6,19,2127,1,2,2,1,3,49007,M,4745301.0,-53878.0,49
201500027530,15,6,22,1441,1,2,1,1,6,49007,M,4746785.0,-55107.0,49
201500027531,15,6,19,956,1,2,3,1,1,49267,M,4746938.0,-50990.0,49
201500027532,15,6,21,1159,1,2,6,1,7,49007,M,4744855.0,-53808.0,49
201500027533,15,6,22,1710,1,1,3,1,5,49267,M,4747051.0,-45653.0,49
201500027534,15,6,26,1505,1,2,6,1,6,49007,M,4746462.0,-54874.0,49
201500027535,15,6,27,1825,1,2,2,1,3,49007,M,4746167.0,-60432.0,49
201500027536,15,6,28,2157,1,2,1,1,7,49353,M,4745482.0,-50675.0,49
201500027537,15,6,29,1735,1,2,1,1,2,49007,M,4746789.0,-56581.0,49
201500027538,15,6,22,2020,1,2,6,1,3,49007,M,4746532.0,-54535.0,49
201500027539,15,6,23,1530,1,1,1,1,2,49267,M,4746797.0,-51471.0,49
201500027540,15,6,24,1829,1,2,1,1,6,49007,M,4744808.0,-56331.0,49
201500027541,15,6,24,1710,1,2,3,1,2,49007,M,4747222.0,-54125.0,49
201500027542,15,7,1,959,1,2,2,1,3,49007,M,4747398.0,-55446.0,49
201500027543,15,7,6,1715,1,2,1,1,2,49007,M,4747129.0,-51919.0,49
201500027544,15,7,5,210,5,1,1,1,6,49007,M,4745457.0,-53350.0,49
201500027545,15,7,3,1230,1,2,1,1,2,49007,M,4747171.0,-55515.0,49
201500027546,15,7,7,1015,1,2,4,1,3,49007,M,4747232.0,-54609.0,49
201500027547,15,7,9,1932,1,2,1,1,3,49353,M,4745573.0,-52423.0,49
201500027548,15,7,13,10,3,2,4,1,7,49007,M,4747472.0,-56357.0,49
201500027549,15,7,14,2250,5,2,3,1,3,49007,M,4745199.0,-53808.0,49
201500027550,15,7,18,1206,1,2,1,1,2,49007,M,4747448.0,-55198.0,49
201500027551,15,7,20,1830,1,1,1,1,2,49246,M,4747841.0,-50101.0,49
201500027552,15,7,20,1848,1,2,6,1,3,49007,M,4745846.0,-54512.0,49
201500027553,15,7,20,1615,1,2,1,1,2,49007,M,4746327.0,-54808.0,49
201500027554,15,7,20,1410,1,2,3,1,6,49007,M,4747444.0,-59197.0,49
201500027555,15,7,21,1520,1,1,2,1,7,49007,M,4747132.0,-54690.0,49
201500027556,15,7,23,1840,1,2,2,1,6,49007,M,4747573.0,-59388.0,49
201500027557,15,7,26,1315,1,2,2,2,3,49007,M,4745457.0,-53302.0,49
201500027558,15,7,25,1600,1,2,2,1,3,49007,M,4747328.0,-59988.0,49
201500027559,15,7,26,1043,1,2,6,2,6,49007,M,4745789.0,-51476.0,49
201500027560,15,7,26,748,1,2,1,2,6,49007,M,4749070.0,-55232.0,49
201500027561,15,7,27,935,1,2,6,2,7,49015,M,4751246.0,-59788.0,49
201500027562,15,7,28,1645,1,2,1,2,2,49007,M,4747013.0,-56260.0,49
201500027563,15,7,30,1210,1,2,1,1,6,49007,M,4747467.0,-53610.0,49
201500027564,15,7,31,1840,1,2,1,1,6,49007,M,4748562.0,-53326.0,49
201500027565,15,8,3,925,1,1,1,1,6,49007,M,4746731.0,-59727.0,49
201500027566,15,7,31,1720,1,1,1,1,7,49246,M,4743832.0,-50907.0,49
201500027567,15,8,3,1720,1,2,2,1,3,49353,M,4745177.0,-50785.0,49
201500027568,15,8,11,1731,1,2,1,1,7,49007,M,4746919.0,-54493.0,49
201500027569,15,8,11,2122,5,2,2,1,3,49007,M,4747862.0,-54453.0,49
201500027570,15,8,11,1312,1,2,1,1,7,49007,M,4746796.0,-54905.0,49
201500027571,15,8,12,504,5,2,1,1,7,49246,M,4743630.0,-53099.0,49
201500027572,15,8,13,1831,1,2,2,1,3,49007,M,4744768.0,-55775.0,49
201500027573,15,8,15,1055,1,2,4,1,2,49007,M,4746669.0,-59190.0,49
201500027574,15,8,18,1849,1,2,3,1,3,49007,M,4746649.0,-55306.0,49
201500027575,15,8,20,1623,1,2,1,1,2,49007,M,4747126.0,-52777.0,49
201500027576,15,8,22,939,1,2,1,1,7,49007,M,4745822.0,-52241.0,49
201500027577,15,8,23,1700,1,2,2,1,3,49007,M,4747867.0,-55619.0,49
201500027578,15,8,21,1228,1,2,2,1,3,49015,M,4750104.0,-58876.0,49
201500027579,15,8,24,1155,1,2,1,1,5,49007,M,4744774.0,-53664.0,49
201500027580,15,8,24,1400,1,2,2,1,3,49007,M,4745063.0,-55282.0,49
201500027581,15,8,27,1016,1,2,6,1,6,49007,M,4744848.0,-55386.0,49
201500027582,15,8,28,1045,1,2,3,1,7,49007,M,4747078.0,-51908.0,49
201500027583,15,8,31,1516,1,2,2,1,6,49007,M,4748740.0,-57358.0,49
201500027584,15,9,1,1307,1,2,1,1,6,49007,M,4746851.0,-52254.0,49
201500027585,15,8,31,1841,1,1,1,1,5,49007,M,4746862.0,-52277.0,49
201500027586,15,8,29,1020,1,2,1,1,6,49007,M,4748313.0,-57746.0,49
201500027587,15,9,2,940,1,1,1,1,3,49246,M,4743083.0,-50644.0,49
201500027588,15,9,2,856,1,1,1,1,1,49267,M,4748737.0,-47161.0,49
201500027589,15,9,3,1208,1,2,2,1,1,49246,M,4743666.0,-52664.0,49
201500027590,15,9,5,1430,1,1,1,1,1,49267,M,4748694.0,-47476.0,49
201500027591,15,9,4,945,1,2,6,1,3,49007,M,4747026.0,-56914.0,49
201500027592,15,9,6,1802,1,2,3,1,7,49007,M,4747454.0,-54675.0,49
201500027593,15,9,7,945,1,2,1,1,6,49007,M,4746789.0,-55927.0,49
201500027594,15,9,8,1755,1,2,1,1,6,49007,M,4746791.0,-55112.0,49
201500027595,15,9,13,430,5,2,1,1,5,49007,M,4748615.0,-55046.0,49
201500027596,15,9,14,1320,1,2,1,1,5,49007,M,4747101.0,-60456.0,49
201500027597,15,9,15,1740,1,2,2,1,1,49353,M,4744805.0,-50249.0,49
201500027598,15,9,15,1231,1,2,2,1,6,49007,M,4744882.0,-55249.0,49
201500027599,15,9,15,1300,1,2,1,1,1,49007,M,4747285.0,-59979.0,49
201500027600,15,9,16,815,2,2,1,2,6,49246,M,4743592.0,-51976.0,49
201500027601,15,9,16,1155,1,2,1,3,1,49007,M,4749225.0,-55482.0,49
201500027602,15,9,17,1746,2,1,1,3,4,49246,M,4747427.0,-54648.0,49
201500027603,15,9,17,1717,1,2,1,1,6,49007,M,4747114.0,-56495.0,49
201500027604,15,9,17,724,3,2,2,1,6,49007,M,4747427.0,-54648.0,49
201500027605,15,9,18,1004,1,2,2,2,6,49007,M,4746778.0,-55909.0,49
201500027606,15,9,21,1805,1,2,1,1,6,49007,M,4747449.0,-54679.0,49
201500027607,15,9,22,720,1,1,3,1,7,49015,M,4749927.0,-61977.0,49
201500027608,15,9,24,721,5,2,1,1,7,49015,M,4750135.0,-58462.0,49
201500027609,15,9,24,753,2,2,1,1,1,49246,M,4743246.0,-53339.0,49
201500027610,15,9,25,1220,1,2,2,1,3,49007,M,4747928.0,-55562.0,49
201500027611,15,9,25,1545,1,2,1,1,2,49007,M,4746861.0,-53927.0,49
201500027612,15,9,28,1711,1,2,1,1,4,49007,M,4748843.0,-51793.0,49
201500027613,15,9,28,1817,1,2,1,1,2,49007,M,4745253.0,-51624.0,49
201500027614,15,9,29,2350,5,2,2,1,3,49007,M,4746638.0,-54768.0,49
201500027615,15,9,28,1141,1,2,6,1,6,49246,M,4743850.0,-50851.0,49
201500027616,15,9,29,1610,1,2,1,1,1,49007,M,4747614.0,-56661.0,49
201500027617,15,9,28,1933,1,2,2,1,6,49007,M,4747350.0,-55403.0,49
201500027618,15,10,2,350,5,1,9,1,6,49007,M,4746997.0,-56244.0,49
201500027619,15,10,2,750,1,2,3,1,3,49007,M,4747925.0,-59755.0,49
201500027620,15,10,2,1540,1,2,1,1,3,49007,M,4746813.0,-54687.0,49
201500027621,15,10,5,1719,1,2,1,1,6,49007,M,4745558.0,-56989.0,49
201500027622,15,10,6,734,5,2,1,2,6,49007,M,4748911.0,-57485.0,49
201500027623,15,10,9,1744,1,2,2,1,3,49015,M,4749872.0,-58447.0,49
201500027624,15,10,12,1000,1,2,1,1,4,49246,M,4743650.0,-50349.0,49
201500027625,15,10,12,1226,1,2,1,1,3,49007,M,4747220.0,-54087.0,49
201500027626,15,10,14,1510,1,2,1,1,6,49007,M,4746839.0,-55795.0,49
201500027627,15,10,14,1645,1,2,1,1,6,49007,M,4746917.0,-54019.0,49
201500027628,15,10,14,1500,1,2,9,1,6,49353,M,4745077.0,-50738.0,49
201500027629,15,10,15,1735,1,2,3,1,3,49007,M,4746704.0,-53293.0,49
201500027630,15,10,17,1500,1,2,2,1,3,49007,M,4747937.0,-54463.0,49
201500027631,15,10,17,1710,1,2,3,1,3,49007,M,4747430.0,-56789.0,49
201500027632,15,10,17,953,1,2,1,1,6,49007,M,4747156.0,-52279.0,49
201500027633,15,10,20,2205,4,2,3,1,3,49007,M,4746706.0,-56101.0,49
201500027634,15,10,21,1019,1,2,5,1,6,49007,M,4747437.0,-56715.0,49
201500027635,15,10,22,2040,5,2,3,1,3,49007,M,4747730.0,-55329.0,49
201500027636,15,10,23,2300,5,1,2,1,3,49007,M,4747827.0,-53448.0,49
201500027637,15,10,22,1945,5,2,3,1,5,49007,M,4745983.0,-54236.0,49
201500027638,15,10,23,1721,1,2,2,1,3,49007,M,4747318.0,-59982.0,49
201500027639,15,10,24,2100,5,2,1,1,2,49007,M,4745554.0,-52999.0,49
201500027640,15,10,27,1719,1,2,1,1,6,49007,M,4746825.0,-54010.0,49
201500027641,15,10,27,1225,1,2,9,1,6,49007,M,4747030.0,-60185.0,49
201500027642,15,10,25,702,1,1,1,1,6,49246,M,4742703.0,-50434.0,49
201500027643,15,10,28,1832,5,2,2,1,3,49007,M,4747854.0,-55622.0,49
201500027644,15,11,3,1730,2,1,1,2,4,49267,M,4747250.0,-49725.0,49
201500027645,15,11,3,1722,1,1,1,1,2,49007,M,4747296.0,-61677.0,49
201500027646,15,11,3,915,1,2,2,1,3,49007,M,4747453.0,-54682.0,49
201500027647,15,11,3,1506,1,2,1,1,6,49353,M,4744113.0,-49115.0,49
201500027648,15,11,4,738,2,1,1,1,7,49015,M,4750530.0,-57752.0,49
201500027649,15,11,4,1045,1,2,9,1,6,49007,M,4746840.0,-58908.0,49
201500027650,15,11,4,1030,1,2,1,1,6,49007,M,4745485.0,-56846.0,49
201500027651,15,11,5,2135,5,2,2,1,6,49007,M,4745259.0,-54057.0,49
201500027652,15,11,6,745,1,2,1,2,3,49267,M,4747837.0,-50546.0,49
201500027653,15,11,6,1145,1,2,1,1,7,49007,M,4746638.0,-59208.0,49
201500027654,15,11,6,1935,5,2,3,1,3,49246,M,4741971.0,-52349.0,49
201500027655,15,11,6,1520,1,2,6,1,7,49353,M,4743904.0,-48666.0,49
201500027656,15,11,7,1740,1,2,1,1,3,49267,M,4747777.0,-50981.0,49
201500027657,15,11,9,1450,1,2,2,1,2,49007,M,4748743.0,-57354.0,49
201500027658,15,11,12,1245,1,1,1,1,3,49007,M,4748219.0,-54995.0,49
201500027659,15,11,16,1130,1,2,2,1,3,49007,M,4747047.0,-56342.0,49
201500027660,15,11,14,1455,1,2,2,1,3,49007,M,4746897.0,-53248.0,49
201500027661,15,11,14,1120,1,2,2,1,3,49007,M,4747358.0,-58122.0,49
201500027662,15,11,13,1434,1,1,2,1,2,49007,M,4745460.0,-54783.0,49
201500027663,15,11,17,1223,1,2,2,2,1,49007,M,4747725.0,-55332.0,49
201500027664,15,11,13,830,2,1,1,1,7,49015,M,4750208.0,-59711.0,49
201500027665,15,11,15,523,3,1,1,1,7,49353,M,4744619.0,-45615.0,49
201500027666,15,11,13,855,2,2,1,1,6,49007,M,4745529.0,-56980.0,49
201500027667,15,11,17,1908,5,2,4,2,6,49007,M,4745093.0,-54949.0,49
201500027668,15,11,18,1350,1,2,4,2,7,49007,M,4747140.0,-53827.0,49
201500027669,15,11,18,1350,1,1,1,2,7,49007,M,4748758.0,-54671.0,49
201500027670,15,11,18,1540,1,2,3,2,3,49007,M,4746740.0,-55577.0,49
201500027671,15,11,19,1221,1,2,1,1,6,49007,M,4748240.0,-52673.0,49
201500027672,15,11,20,900,1,2,6,3,3,49007,M,4745810.0,-54456.0,49
201500027673,15,11,20,1918,5,2,1,2,2,49007,M,4747325.0,-55680.0,49
201500027674,15,11,22,1510,1,2,1,1,6,49007,M,4745108.0,-55571.0,49
201500027675,15,11,21,1900,5,2,1,1,6,49007,M,4746236.0,-61577.0,49
201500027676,15,11,23,1904,5,2,1,1,2,49007,M,4746946.0,-53181.0,49
201500027677,15,11,24,1251,1,2,2,2,6,49007,M,4745027.0,-55281.0,49
201500027678,15,11,25,1440,1,2,2,1,3,49015,M,4750724.0,-60771.0,49
201500027679,15,11,25,1615,1,2,1,1,7,49015,M,4749302.0,-59155.0,49
201500027680,15,11,25,1922,3,1,1,1,7,49267,M,4748480.0,-48976.0,49
201500027681,15,11,26,1715,2,2,1,1,3,49007,M,4747132.0,-54691.0,49
201500027682,15,11,26,1545,1,2,3,1,3,49007,M,4747520.0,-54852.0,49
201500027683,15,11,25,1610,1,2,1,1,7,49007,M,4746581.0,-55197.0,49
201500027684,15,11,28,1850,4,2,1,1,2,49007,M,4746895.0,-56403.0,49
201500027685,15,11,28,1115,1,1,1,1,6,49007,M,4748930.0,-54505.0,49
201500027686,15,11,27,1800,2,1,1,2,2,49246,M,4743786.0,-51022.0,49
201500027687,15,11,30,920,1,2,1,1,2,49007,M,4747531.0,-54851.0,49
201500027688,15,11,29,1440,1,2,3,8,6,49007,M,4747259.0,-54265.0,49
201500027689,15,11,30,730,2,1,1,1,7,49267,M,4747099.0,-51048.0,49
201500027690,15,11,27,1910,5,1,6,1,7,49007,M,4747035.0,-56930.0,49
201500027691,15,12,2,1115,1,2,2,1,3,49007,M,4747458.0,-58511.0,49
201500027692,15,12,4,1350,1,2,2,1,6,49007,M,4745759.0,-53312.0,49
201500027693,15,12,3,900,1,2,1,1,3,49007,M,4749223.0,-55433.0,49
201500027694,15,12,4,2005,1,2,3,1,3,49007,M,4746688.0,-55433.0,49
201500027695,15,12,6,1956,1,2,1,1,1,49007,M,4747355.0,-54097.0,49
201500027696,15,12,6,1230,1,2,1,1,7,49007,M,4747083.0,-55298.0,49
201500027697,15,12,5,1134,1,2,1,1,6,49007,M,4746477.0,-55414.0,49
201500027698,15,12,4,1536,1,2,1,1,3,49015,M,4751806.0,-61059.0,49
201500027699,15,12,5,1037,1,2,3,1,6,49007,M,4747524.0,-56257.0,49
201500027700,15,12,7,1645,1,2,1,1,7,49267,M,4748255.0,-50171.0,49
201500027701,15,12,8,1250,1,2,2,1,3,49007,M,4746813.0,-54159.0,49
201500027702,15,12,11,1320,1,2,1,1,6,49015,M,4750681.0,-59364.0,49
201500027703,15,12,12,1500,1,2,6,1,3,49007,M,4746861.0,-52758.0,49
201500027704,15,12,14,1907,5,2,9,1,3,49007,M,4747552.0,-58603.0,49
201500027705,15,12,15,747,3,2,1,1,7,49015,M,4749767.0,-62073.0,49
201500027706,15,12,16,1300,1,2,3,1,6,49007,M,4744952.0,-54434.0,49
201500027707,15,12,16,1940,5,2,1,1,6,49246,M,4743529.0,-51324.0,49
201500027708,15,12,16,1355,1,2,2,2,3,49007,M,4745706.0,-55398.0,49
201500027709,15,12,17,950,1,2,3,1,3,49007,M,4746424.0,-56484.0,49
201500027710,15,12,18,1810,2,2,1,1,2,49007,M,4747553.0,-55513.0,49
201500027711,15,12,21,1915,5,2,2,1,3,49007,M,4748633.0,-51420.0,49
201500027712,15,12,22,1535,1,2,1,1,4,49007,M,4746834.0,-53064.0,49