Num_Acc,an,mois,jour,hrmn,lum,agg,int,atm,col,com,gps,lat,long,dep
201500027713,15,12,23,1440,1,2,1,1,3,49007,M,4747875.0,-56505.0,49
201500027714,15,12,27,2022,5,2,2,1,3,49007,M,4744862.0,-53672.0,49
201500027715,15,12,27,525,4,2,1,1,7,49007,M,4746992.0,-54409.0,49
201500027716,15,12,26,1930,5,2,1,1,6,49007,M,4748687.0,-53255.0,49
201500027717,15,12,25,55,5,2,1,1,1,49007,M,4746233.0,-54279.0,49
201500027718,15,12,24,1940,5,2,1,1,1,49353,M,4745077.0,-50734.0,49
201500027719,15,12,29,740,2,2,6,1,7,49015,M,4750201.0,-58509.0,49
201500027720,15,1,16,750,5,2,3,1,3,49099,M,4706434.0,-86783.0,49
201500027721,15,10,3,1755,1,2,1,1,6,49099,M,4705606.0,-90231.0,49
201500027722,15,2,23,725,1,2,1,8,6,49099,M,4704950.0,-90323.0,49
201500027723,15,1,19,1235,1,2,1,1,6,49099,M,4706130.0,-87062.0,49
201500027724,15,11,7,1344,1,2,2,1,3,49099,M,4706078.0,-86535.0,49
201500027725,15,5,22,1925,1,1,2,1,3,49099,M,4704205.0,-88510.0,49
201500027726,15,1,19,1850,5,2,2,1,3,49099,M,4705878.0,-86621.0,49
201500027727,15,11,7,1140,1,2,2,1,6,49099,M,4706734.0,-88501.0,49
201500027728,15,2,26,2330,5,2,6,2,6,49099,M,4700242.0,-89087.0,49
201500027729,15,1,21,1745,2,2,1,1,6,49099,M,4706408.0,-90047.0,49
201500027730,15,11,22,1545,1,1,1,1,1,49099,M,4704999.0,-90734.0,49
201500027731,15,3,4,605,3,2,6,1,3,49099,M,4704217.0,-89872.0,49
201500027732,15,12,22,1730,5,2,1,1,2,49099,M,4704787.0,-89337.0,49
201500027733,15,1,23,1610,1,2,1,8,6,49099,M,4706239.0,-87585.0,49
201500027734,15,3,11,1115,1,2,1,1,3,49099,M,4706740.0,-89592.0,49
201500027735,15,1,31,624,5,2,1,1,6,49099,M,4707234.0,-85396.0,49
201500027736,15,3,19,1000,1,2,1,1,6,49099,M,4705316.0,-86490.0,49
201500027737,15,12,3,700,5,2,1,1,6,49099,M,4704066.0,-90172.0,49
201500027738,15,3,20,1655,1,2,6,2,6,49099,M,4705571.0,-87630.0,49
201500027739,15,12,9,800,2,2,2,1,6,49099,M,4705236.0,-86927.0,49
201500027740,15,12,11,1430,1,2,2,8,6,49099,M,4705244.0,-86929.0,49
201500027741,15,3,30,2145,5,1,1,1,3,49099,M,4707088.0,-90166.0,49
201500027742,15,12,14,745,5,2,3,1,3,49099,M,4705948.0,-87404.0,49
201500027743,15,4,17,1515,1,2,1,1,6,49099,M,4704412.0,-88136.0,49
201500027744,15,12,30,815,5,2,1,1,6,49099,M,4706106.0,-87142.0,49
201500027745,15,4,27,1245,1,2,2,1,3,49099,M,4704419.0,-89948.0,49
201500027746,15,4,30,1815,1,2,3,2,3,49099,M,4705122.0,-85508.0,49
201500027747,15,4,10,1240,1,2,1,1,2,49099,M,4704822.0,-87434.0,49
201500027748,15,6,25,2230,3,1,1,1,6,49099,M,4707474.0,-88091.0,49
201500027749,15,4,14,1250,1,2,2,1,3,49099,M,4706123.0,-87311.0,49
201500027750,15,7,7,2000,1,1,1,1,6,49099,M,4702723.0,-85308.0,49
201500027751,15,4,3,1350,1,2,3,2,6,49099,M,4706190.0,-87968.0,49
201500027752,15,4,20,1835,1,1,1,7,1,49099,M,4704952.0,-83698.0,49
201500027753,15,4,5,1350,1,2,1,1,6,49099,M,4705473.0,-86577.0,49
201500027754,15,4,11,1025,1,2,1,1,6,49099,M,4705697.0,-87957.0,49
201500027755,15,4,19,140,5,2,6,1,1,49099,M,4706305.0,-86595.0,49
201500027756,15,4,24,2010,1,2,3,8,3,49099,M,4707245.0,-85572.0,49
201500027757,15,4,30,1426,1,2,3,2,6,49099,M,4706566.0,-87074.0,49
201500027758,15,4,30,2115,5,2,2,2,5,49099,M,4705000.0,-89102.0,49
201500027759,15,5,13,1445,1,2,1,1,6,49099,M,4706828.0,-88036.0,49
201500027760,15,5,22,1000,1,2,2,1,6,49099,M,4706404.0,-88013.0,49
201500027761,15,5,22,1835,1,1,1,1,1,49099,M,4707750.0,-85708.0,49
201500027762,15,5,13,1530,1,2,6,1,2,49099,M,4705507.0,-85980.0,49
201500027763,15,6,12,2340,5,2,3,1,3,49099,M,4706556.0,-87075.0,49
201500027764,15,6,17,1615,1,2,1,7,3,49099,M,4707385.0,-84749.0,49
201500027765,15,6,22,1820,1,2,3,1,6,49099,M,4706222.0,-88059.0,49
201500027766,15,6,23,1140,1,2,2,1,3,49099,M,4704437.0,-88136.0,49
201500027767,15,6,24,1840,1,2,6,1,3,49099,M,4706830.0,-90509.0,49
201500027768,15,6,24,1840,1,2,1,1,2,49099,M,4705610.0,-86085.0,49
201500027769,15,7,6,1850,1,2,1,1,1,49099,M,4706368.0,-85185.0,49
201500027770,15,7,10,1545,1,2,1,1,2,49099,M,4707076.0,-87854.0,49
201500027771,15,9,5,2030,1,2,1,1,4,49099,M,4707340.0,-86539.0,49
201500027772,15,9,12,1720,1,2,1,1,6,49099,M,4706188.0,-88551.0,49
201500027773,15,9,15,1730,1,2,1,1,6,49099,M,4706069.0,-87206.0,49
201500027774,15,9,15,2210,5,2,6,2,6,49099,M,4704256.0,-89962.0,49
201500027775,15,9,30,920,1,1,1,1,6,49099,M,4707640.0,-84873.0,49
201500027776,15,10,21,700,3,1,1,1,2,49099,M,4703132.0,-89616.0,49
201500027777,15,10,23,2130,5,2,1,1,7,49099,M,4705454.0,-87575.0,49
201500027778,15,10,27,1755,2,2,1,8,2,49099,M,4704402.0,-89033.0,49
201500027779,15,10,28,1535,1,2,3,1,1,49099,M,4704437.0,-88137.0,49
201500027780,15,10,28,1710,1,2,1,1,3,49099,M,4704454.0,-89693.0,49
201500027781,15,11,4,1950,5,2,1,1,2,49099,M,4706701.0,-89074.0,49
201500027782,15,11,5,1910,5,1,1,2,6,49099,M,4706224.0,-88058.0,49
201500027783,15,11,7,650,2,2,1,1,6,49099,M,4705549.0,-85191.0,49
201500027784,15,2,20,15,5,2,3,1,3,49328,M,4726400.0,-10022.0,49
201500027785,15,3,12,1330,1,2,6,1,3,49328,M,4725308.0,-8040.0,49
201500027786,15,3,17,1120,1,1,1,1,5,49328,M,4726751.0,-9023.0,49
201500027787,15,4,17,1510,1,1,1,1,3,49328,M,4724290.0,-6908.0,49
201500027788,15,5,2,1545,1,2,3,3,3,49328,M,4724816.0,-11168.0,49
201500027789,15,5,11,1600,1,1,1,1,2,49328,M,4728444.0,-9673.0,49
201500027790,15,5,13,1720,1,2,1,1,6,49328,M,4725598.0,-6733.0,49
201500027791,15,5,21,800,1,2,6,1,6,49328,M,4726720.0,-6974.0,49
201500027792,15,5,24,1250,1,2,1,1,2,49328,M,4726471.0,-9831.0,49
201500027793,15,6,9,1240,1,2,1,1,6,49328,M,4726795.0,-6893.0,49
201500027794,15,6,20,1640,1,2,2,1,5,49328,M,4727336.0,-6936.0,49
201500027795,15,7,2,1500,1,1,1,1,1,49328,M,4725617.0,-9864.0,49
201500027796,15,7,5,215,3,2,1,1,1,49328,M,4725055.0,-5470.0,49
201500027797,15,7,10,2030,1,2,1,1,6,49328,M,4727484.0,-11095.0,49
201500027798,15,7,11,2030,1,2,1,1,6,49328,M,4725180.0,-7828.0,49
201500027799,15,7,27,1530,1,2,9,1,6,49328,M,4724442.0,-6901.0,49
201500027800,15,7,29,2145,1,2,6,1,6,49328,M,4726282.0,-9024.0,49
201500027801,15,8,16,455,5,2,1,1,7,49328,M,4724666.0,-7588.0,49
201500027802,15,8,20,1710,1,1,1,1,5,49328,M,4726319.0,-9526.0,49
201500027803,15,8,22,755,1,2,1,1,3,49328,M,4726733.0,-7001.0,49
201500027804,15,8,25,1225,1,2,1,1,1,49328,M,4724756.0,-6787.0,49
201500027805,15,8,27,1130,1,2,1,2,6,49328,M,4725951.0,-7319.0,49
201500027806,15,9,11,1615,1,2,1,1,3,49328,M,4726468.0,-7265.0,49
201500027807,15,9,26,1915,1,2,1,1,6,49328,M,4725952.0,-7859.0,49
201500027808,15,11,4,1215,1,2,1,1,6,49328,M,4726085.0,-7582.0,49
201500027809,15,11,10,805,1,2,1,1,6,49328,M,4726268.0,-7913.0,49
201500027810,15,11,16,750,2,2,1,1,6,49328,M,4726498.0,-9946.0,49
201500027811,15,11,20,720,5,2,6,2,6,49328,M,4725206.0,-8742.0,49
201500027812,15,11,24,1555,1,2,1,2,6,49328,M,4726516.0,-7229.0,49
201500027813,15,12,7,1420,1,1,3,1,1,49328,M,4724244.0,-7946.0,49
201500027814,15,12,9,1425,1,2,1,1,6,49328,M,4725844.0,-7879.0,49
201500027815,15,1,7,1800,2,2,1,1,6,49328,M,4727117.0,-6527.0,49
201500027816,15,1,13,2010,4,2,1,1,3,49328,M,4725780.0,-7048.0,49
201500027817,15,1,15,1030,1,2,2,2,2,49328,M,4724973.0,-8996.0,49
201500027818,15,1,27,1600,1,1,1,1,5,49328,M,4724740.0,-10513.0,49
201500027819,15,1,29,1200,1,1,1,2,1,49328,M,4726196.0,-9606.0,49
201500027820,15,1,26,645,3,1,3,1,5,49328,M,4727472.0,-8158.0,49
201500027821,15,2,16,1515,1,2,1,2,7,50129,M,4963210.0,-161761.0,50
201500027822,15,2,19,1425,1,2,6,1,6,50129,M,4963410.0,-161440.0,50
201500027823,15,2,21,1400,1,2,3,1,2,50129,M,4962810.0,-163928.0,50
201500027824,15,2,26,1718,1,2,2,1,1,50602,M,4964220.0,-158831.0,50
201500027825,15,2,26,1930,4,2,3,1,3,50129,M,4963070.0,-162299.0,50
201500027826,15,2,28,2300,5,2,2,3,3,50129,M,4963600.0,-160461.0,50
201500027827,15,3,1,1655,1,2,2,1,1,50602,M,4964430.0,-158157.0,50
201500027828,15,3,2,1500,1,2,3,1,2,50129,M,4963490.0,-162700.0,50
201500027829,15,3,4,1340,1,2,3,1,7,50416,M,4965890.0,-171197.0,50
201500027830,15,3,7,1315,1,2,2,1,3,50129,M,4962910.0,-164110.0,50
201500027831,15,3,8,1145,1,2,2,1,7,50173,M,4965860.0,-169089.0,50
201500027832,15,3,9,1445,1,2,3,1,7,50129,M,4963110.0,-160672.0,50
201500027833,15,3,10,1330,1,2,2,1,3,50129,M,4962090.0,-164266.0,50
201500027834,15,3,13,410,5,2,1,1,2,50129,M,4964100.0,-163686.0,50
201500027835,15,3,13,2125,5,2,3,1,7,50129,M,4964660.0,-164310.0,50
201500027836,15,3,11,1445,1,2,2,1,7,50173,M,4964740.0,-165097.0,50
201500027837,15,3,18,845,1,2,1,1,7,50203,M,4962440.0,-158675.0,50
201500027838,15,3,23,1510,1,2,3,1,4,50129,M,4964760.0,-164328.0,50
201500027839,15,3,25,1840,1,2,6,1,3,50602,M,4963530.0,-159191.0,50
201500027840,15,3,26,1615,1,2,1,1,2,50129,M,4962980.0,-161804.0,50
201500027841,15,3,28,1400,1,2,1,2,7,50129,M,4963920.0,-162060.0,50
201500027842,15,3,29,1640,1,2,1,1,7,50129,M,4963860.0,-162974.0,50
201500027843,15,3,31,1950,1,2,1,1,1,50602,M,4964240.0,-158434.0,50
201500027844,15,3,30,855,1,2,1,1,1,50602,M,4963290.0,-159153.0,50
201500027845,15,1,3,1340,1,2,1,1,7,50173,M,4965770.0,-166742.0,50
201500027846,15,3,30,900,1,2,1,1,1,50129,M,4964550.0,-163734.0,50
201500027847,15,3,30,2235,5,2,1,2,7,50129,M,4962690.0,-163743.0,50
201500027848,15,4,1,1505,1,2,1,1,2,50129,M,4963740.0,-162435.0,50
201500027849,15,4,5,440,5,2,1,1,7,50602,M,4964070.0,-157289.0,50
201500027850,15,4,4,1630,1,2,1,1,2,50602,M,4964430.0,-158906.0,50
201500027851,15,4,8,1805,1,2,2,1,3,50602,M,4963750.0,-156866.0,50
201500027852,15,4,15,1350,1,2,3,1,2,50602,M,4963600.0,-159061.0,50
201500027853,15,4,7,1515,1,2,2,1,4,50129,M,4963340.0,-161737.0,50
201500027854,15,4,20,1330,1,2,1,1,6,50129,M,4962660.0,-163676.0,50
201500027855,15,4,21,1405,1,2,1,1,6,50129,M,4963740.0,-163352.0,50
201500027856,15,4,21,1830,1,2,1,1,6,50416,M,4965690.0,-170498.0,50
201500027857,15,4,28,1529,1,2,1,1,7,50129,M,4964260.0,-162422.0,50
201500027858,15,4,28,1630,1,2,1,1,7,50129,M,4963340.0,-162278.0,50
201500027859,15,4,29,1320,1,2,1,2,7,50416,M,4966760.0,-169867.0,50
201500027860,15,5,2,1640,1,2,2,2,7,50602,M,4963110.0,-158586.0,50
201500027861,15,5,2,1910,1,2,1,2,2,50129,M,4964130.0,-162578.0,50
201500027862,15,5,6,830,1,2,3,7,7,50129,M,4963810.0,-162398.0,50
201500027863,15,5,6,1740,1,2,3,1,5,50129,M,4962680.0,-162662.0,50
201500027864,15,5,8,1225,1,2,3,1,7,50129,M,4963570.0,-162282.0,50
201500027865,15,5,6,1550,1,2,1,6,6,50602,M,4963720.0,-156360.0,50
201500027866,15,5,12,1830,1,2,1,1,4,50129,M,4963340.0,-161681.0,50
201500027867,15,5,15,1905,1,2,3,1,7,50129,M,4963470.0,-162355.0,50
201500027868,15,5,15,1420,1,2,3,1,2,50129,M,4963110.0,-162240.0,50
201500027869,15,5,19,830,1,2,3,1,3,50173,M,4965270.0,-166069.0,50
201500027870,15,5,19,1720,1,2,6,1,2,50173,M,4965750.0,-166865.0,50
201500027871,15,5,20,1805,1,2,3,1,2,50602,M,4963640.0,-159620.0,50
201500027872,15,5,19,1340,1,2,1,1,4,50129,M,4964670.0,-164369.0,50
201500027873,15,5,20,1425,1,2,2,1,3,50129,M,4963890.0,-161645.0,50
201500027874,15,5,22,835,1,2,3,1,2,50602,M,4963640.0,-159609.0,50
201500027875,15,5,22,950,1,2,1,1,7,50129,M,4964700.0,-164305.0,50
201500027876,15,5,24,1520,1,2,1,1,7,50129,M,4964260.0,-164451.0,50
201500027877,15,5,25,1540,1,2,1,1,1,50129,M,4963340.0,-161746.0,50
201500027878,15,5,27,1205,1,1,1,1,7,50203,M,4961250.0,-156278.0,50
201500027879,15,5,27,1725,1,2,6,1,3,50602,M,4963580.0,-157608.0,50
201500027880,15,5,31,340,5,2,1,1,6,50129,M,4963500.0,-161490.0,50
201500027881,15,5,30,1835,1,2,1,1,6,50203,M,4961880.0,-160673.0,50
201500027882,15,6,1,1200,1,2,1,1,2,50129,M,4961330.0,-165033.0,50
201500027883,15,6,2,1615,1,2,1,1,7,50129,M,4964510.0,-163655.0,50
201500027884,15,6,5,800,1,2,2,1,7,50129,M,4962690.0,-163676.0,50
201500027885,15,6,5,1350,1,2,2,1,3,50602,M,4964160.0,-158025.0,50
201500027886,15,6,9,1300,1,2,6,1,3,50602,M,4963550.0,-156667.0,50
201500027887,15,6,12,1035,1,2,3,8,2,50173,M,4964870.0,-164400.0,50
201500027888,15,6,12,1925,1,2,1,1,7,50203,M,4962330.0,-161269.0,50
201500027889,15,6,15,1720,1,2,2,1,3,50129,M,4962690.0,-163676.0,50
201500027890,15,6,21,300,4,1,1,1,7,50173,M,4964560.0,-169339.0,50
201500027891,15,6,22,1410,1,2,2,3,6,50173,M,4965390.0,-164908.0,50
201500027892,15,6,15,800,1,2,1,1,3,50602,M,4963870.0,-156406.0,50
201500027893,15,6,26,1820,1,2,1,1,2,50129,M,4964040.0,-162157.0,50
201500027894,15,7,2,955,1,2,2,2,7,50129,M,4963230.0,-162376.0,50
201500027895,15,7,3,530,2,2,1,1,7,50602,M,4963230.0,-158991.0,50
201500027896,15,7,5,620,2,2,2,3,1,50129,M,4962690.0,-163676.0,50
201500027897,15,7,5,1420,1,1,1,1,7,50203,M,4959550.0,-157912.0,50
201500027898,15,7,7,1645,1,2,1,1,7,50129,M,4962870.0,-162032.0,50
201500027899,15,7,7,1010,1,2,6,1,3,50129,M,4963460.0,-161321.0,50
201500027900,15,7,10,1140,1,2,1,1,7,50602,M,4965250.0,-156759.0,50
201500027901,15,7,11,945,1,1,1,1,1,50203,M,4961550.0,-164026.0,50
201500027902,15,7,12,1050,1,1,2,2,3,50173,M,4963570.0,-166571.0,50
201500027903,15,1,6,1350,1,2,1,1,7,50602,M,4963860.0,-159085.0,50
201500027904,15,7,13,720,1,2,1,2,7,50602,M,4964350.0,-160258.0,50
201500027905,15,7,16,1730,1,2,1,1,7,50129,M,4963990.0,-162152.0,50
201500027906,15,7,17,1240,1,1,1,2,7,50416,M,4964810.0,-172161.0,50
201500027907,15,7,19,1940,1,2,1,2,2,50173,M,4965140.0,-164664.0,50
201500027908,15,7,20,735,1,2,2,2,7,50602,M,4964590.0,-158325.0,50
201500027909,15,7,21,1830,1,2,1,1,7,50173,M,4964850.0,-164933.0,50
201500027910,15,7,19,2000,1,1,1,2,7,50602,M,4962770.0,-158196.0,50
201500027911,15,7,23,1740,1,2,2,1,1,50129,M,4963270.0,-162344.0,50
201500027912,15,7,25,1650,1,1,1,1,1,50203,M,4961250.0,-156270.0,50
201500027913,15,7,31,2115,1,1,1,1,7,50203,M,4960470.0,-159439.0,50
201500027914,15,8,6,2320,5,2,1,1,7,50129,M,4963380.0,-162031.0,50
201500027915,15,8,7,1955,1,2,1,1,7,50129,M,4964570.0,-163918.0,50
201500027916,15,8,11,630,1,2,3,2,2,50203,M,4960930.0,-160027.0,50
201500027917,15,8,13,1645,1,2,3,1,1,50129,M,4963030.0,-164555.0,50
201500027918,15,8,13,1800,1,2,3,2,2,50129,M,4963130.0,-160762.0,50
201500027919,15,8,18,1700,1,2,2,1,3,50129,M,4962910.0,-164110.0,50
201500027920,15,8,22,2000,1,2,1,2,6,50602,M,4964340.0,-160275.0,50
201500027921,15,8,22,1720,1,2,6,2,2,50602,M,4963580.0,-157607.0,50
201500027922,15,8,24,213,5,2,1,6,7,50129,M,4962550.0,-161717.0,50
201500027923,15,8,23,100,5,1,1,3,2,50602,M,4964850.0,-158562.0,50
201500027924,15,8,24,730,2,2,1,2,1,50129,M,4964030.0,-162840.0,50
201500027925,15,8,24,1315,1,2,1,2,2,50129,M,4962710.0,-161756.0,50
201500027926,15,8,26,730,1,2,3,3,3,50129,M,4962410.0,-164596.0,50
201500027927,15,8,29,1500,1,2,1,1,2,50129,M,4963040.0,-161792.0,50
201500027928,15,8,31,935,1,2,1,2,7,50203,M,4962410.0,-158650.0,50
201500027929,15,8,31,1740,1,2,2,1,7,50129,M,4962690.0,-163676.0,50
201500027930,15,9,6,1645,1,2,1,1,3,50129,M,4963860.0,-161250.0,50
201500027931,15,9,7,1310,1,2,1,1,2,50129,M,4962980.0,-161805.0,50
201500027932,15,9,9,750,1,2,2,1,7,50129,M,4964340.0,-164427.0,50
201500027933,15,9,9,1220,1,2,3,1,6,50129,M,4963270.0,-161185.0,50
201500027934,15,9,10,1930,1,2,2,1,7,50129,M,4963850.0,-160937.0,50
201500027935,15,9,11,1100,1,2,2,1,2,50602,M,4963670.0,-158512.0,50
201500027936,15,1,9,850,1,2,1,2,7,50416,M,4966090.0,-169297.0,50
201500027937,15,9,13,1635,1,2,2,1,7,50129,M,4963480.0,-161716.0,50
201500027938,15,9,14,1440,1,2,6,3,3,50129,M,4963460.0,-161321.0,50
201500027939,15,9,14,800,1,2,3,3,2,50129,M,4962640.0,-161726.0,50
201500027940,15,9,18,755,2,2,2,1,7,50129,M,4963750.0,-163302.0,50
201500027941,15,9,18,800,1,2,2,6,7,50173,M,4965880.0,-168784.0,50
201500027942,15,9,20,535,5,2,1,1,7,50129,M,4964190.0,-162146.0,50
201500027943,15,9,23,1530,1,2,4,1,6,50129,M,4963870.0,-162813.0,50
201500027944,15,9,26,1000,1,1,4,1,7,50203,M,4961640.0,-161757.0,50
201500027945,15,9,27,1715,1,2,1,1,7,50203,M,4961120.0,-160789.0,50
201500027946,15,9,29,1300,1,2,3,1,2,50129,M,4964050.0,-162839.0,50
201500027947,15,9,30,2015,2,2,3,1,3,50173,M,4964390.0,-166538.0,50
201500027948,15,10,2,1100,1,2,2,1,3,50129,M,4964660.0,-164310.0,50
201500027949,15,10,9,700,5,2,2,1,3,50129,M,4964410.0,-163163.0,50
201500027950,15,10,11,1810,1,2,1,1,1,50602,M,4963860.0,-159105.0,50
201500027951,15,10,13,1020,1,2,2,1,3,50173,M,4964320.0,-164696.0,50
201500027952,15,10,13,1335,1,2,3,1,7,50129,M,4964080.0,-162386.0,50
201500027953,15,10,15,1405,1,2,3,1,7,50129,M,4964060.0,-162832.0,50
201500027954,15,10,14,1950,5,1,1,1,7,50203,M,4961930.0,-162992.0,50
201500027955,15,10,19,1305,1,2,2,1,3,50602,M,4964190.0,-157363.0,50
201500027956,15,10,21,710,3,1,1,2,7,50173,M,4964190.0,-169916.0,50
201500027957,15,10,22,1655,1,2,1,1,7,50129,M,4963690.0,-163543.0,50
201500027958,15,10,23,1355,1,2,2,1,7,50129,M,4963640.0,-162573.0,50
201500027959,15,10,25,1620,1,2,6,1,1,50129,M,4963440.0,-161405.0,50
201500027960,15,10,26,1210,1,2,1,1,7,50203,M,4961890.0,-160969.0,50
201500027961,15,10,28,1815,5,2,3,1,1,50173,M,4965110.0,-165001.0,50
201500027962,15,1,11,1550,1,2,2,1,7,50129,M,4963910.0,-163810.0,50
201500027963,15,10,29,2150,5,2,1,1,7,50129,M,4964460.0,-163173.0,50
201500027964,15,1,12,145,5,2,7,1,7,50129,M,4963980.0,-162561.0,50
201500027965,15,10,31,1735,2,1,6,1,2,50602,M,4963720.0,-155013.0,50
201500027966,15,11,4,1615,1,2,3,1,2,50129,M,4964230.0,-162209.0,50
201500027967,15,11,6,815,2,2,3,3,7,50129,M,4964040.0,-163654.0,50
201500027968,15,11,6,1630,1,2,2,3,3,50129,M,4963460.0,-161497.0,50
201500027969,15,11,9,1330,1,2,1,1,3,50129,M,4962940.0,-164197.0,50
201500027970,15,11,10,1515,1,2,1,1,7,50416,M,4965980.0,-169228.0,50
201500027971,15,11,15,1745,5,2,3,1,6,50129,M,4962770.0,-162519.0,50
201500027972,15,11,15,1340,1,2,2,1,3,50129,M,4963890.0,-161652.0,50
201500027973,15,11,19,1805,5,2,1,2,7,50129,M,4963080.0,-160500.0,50
201500027974,15,11,20,510,5,2,1,3,7,50129,M,4964500.0,-162626.0,50
201500027975,15,11,20,1650,1,2,3,1,7,50173,M,4964770.0,-168490.0,50
201500027976,15,11,20,1130,1,2,4,2,7,50203,M,4961510.0,-162611.0,50
201500027977,15,11,20,1340,1,2,3,1,7,50129,M,4964010.0,-162611.0,50
201500027978,15,11,29,2100,4,2,1,1,6,50129,M,4962890.0,-163142.0,50
201500027979,15,11,30,1110,1,2,2,1,7,50129,M,4963820.0,-162530.0,50
201500027980,15,11,16,1215,1,2,3,1,7,50129,M,4963180.0,-161004.0,50
201500027981,15,11,30,756,1,2,1,2,7,50129,M,4964870.0,-163379.0,50
201500027982,15,12,3,1215,1,2,4,1,7,50203,M,4962000.0,-158136.0,50
201500027983,15,12,7,520,3,2,1,1,7,50203,M,4962360.0,-160566.0,50
201500027984,15,12,6,1900,5,2,2,1,3,50602,M,4964790.0,-157873.0,50
201500027985,15,12,5,1100,1,2,4,1,3,50611,M,4966650.0,-170639.0,50
201500027986,15,12,7,1635,1,2,1,1,7,50203,M,4961810.0,-160563.0,50
201500027987,15,12,8,1830,5,2,1,1,6,50173,M,4965020.0,-164967.0,50
201500027988,15,11,29,10,5,2,1,6,7,50129,M,4963390.0,-160639.0,50
201500027989,15,12,9,1840,5,2,3,1,1,50129,M,4963570.0,-162339.0,50
201500027990,15,12,12,2145,3,2,1,1,7,50602,M,4963230.0,-157835.0,50
201500027991,15,12,14,1230,1,2,2,1,3,50173,M,4964750.0,-165485.0,50
201500027992,15,12,14,1410,1,2,1,1,2,50173,M,4965930.0,-167563.0,50
201500027993,15,12,14,1100,1,2,2,1,7,50129,M,4963460.0,-160267.0,50
201500027994,15,12,16,1550,1,2,2,1,3,50173,M,4965340.0,-166301.0,50
201500027995,15,12,17,1815,5,2,2,1,3,50602,M,4963780.0,-159495.0,50
201500027996,15,12,20,500,5,2,1,1,7,50129,M,4962880.0,-162718.0,50
201500027997,15,12,18,1540,1,2,2,1,7,50129,M,4964250.0,-163740.0,50
201500027998,15,12,22,1700,2,2,2,2,1,50129,M,4963400.0,-162252.0,50
201500027999,15,12,22,1725,2,2,2,2,7,50129,M,4962970.0,-162332.0,50
201500028000,15,12,25,1840,5,2,2,1,4,50129,M,4963520.0,-160119.0,50
201500028001,15,12,23,820,5,2,1,1,7,50173,M,4965100.0,-165190.0,50
201500028002,15,12,25,1930,3,1,6,2,7,50602,M,4965360.0,-157827.0,50
201500028003,15,12,26,1935,5,2,2,1,3,50129,M,4964380.0,-162597.0,50
201500028004,15,12,27,120,5,2,3,1,7,50129,M,4963100.0,-162245.0,50
201500028005,15,12,27,930,1,2,2,1,2,50129,M,4962910.0,-164110.0,50
201500028006,15,1,17,2200,5,2,2,1,7,50129,M,4964220.0,-162542.0,50
201500028007,15,1,19,1220,1,2,1,1,7,50129,M,4963990.0,-162151.0,50
201500028008,15,1,20,825,5,2,3,1,1,50173,M,4965230.0,-165325.0,50
201500028009,15,1,20,830,2,2,4,1,2,50173,M,4964780.0,-164800.0,50
201500028010,15,1,23,915,1,2,1,1,1,50602,M,4964520.0,-159896.0,50
201500028011,15,1,26,1520,1,2,1,1,7,50129,M,4962370.0,-161940.0,50
201500028012,15,1,28,1315,1,2,3,2,7,50173,M,4964380.0,-166543.0,50
201500028013,15,1,29,110,3,2,6,2,7,50602,M,4965360.0,-157827.0,50
201500028014,15,2,5,806,2,2,1,1,2,50173,M,4965820.0,-168249.0,50
201500028015,15,2,5,1405,1,2,3,1,3,50129,M,4964560.0,-163886.0,50
201500028016,15,2,11,1245,1,2,1,1,7,50173,M,4965590.0,-169957.0,50
201500028017,15,2,11,1935,5,2,3,1,3,50129,M,4962690.0,-163572.0,50
201500028018,15,3,4,1730,1,1,3,1,2,50537,M,4903370.0,-143534.0,50
201500028019,15,3,18,1610,1,2,1,1,2,50147,M,4906250.0,-143393.0,50
201500028020,15,5,19,1935,1,2,1,1,7,50147,M,4904080.0,-144141.0,50
201500028021,15,5,29,1030,1,2,6,1,3,50147,M,4906210.0,-142699.0,50
201500028022,15,7,2,650,1,1,1,2,3,50147,M,4906710.0,-141471.0,50
201500028023,15,7,8,1410,1,2,1,8,7,50147,M,4905390.0,-144598.0,50
201500028024,15,7,25,1020,1,1,1,1,6,50147,M,4905170.0,-144346.0,50
201500028025,15,9,23,900,1,2,9,7,6,50147,M,4904600.0,-144439.0,50
201500028026,15,9,29,1350,1,2,7,1,7,50147,M,4905220.0,-143662.0,50
201500028027,15,10,9,1840,1,2,9,1,6,50147,M,4905460.0,-143887.0,50
201500028028,15,10,13,1425,1,2,3,1,3,50147,M,4905310.0,-144101.0,50
201500028029,15,10,16,1515,1,2,1,2,6,50147,M,4905440.0,-143013.0,50
201500028030,15,11,20,1635,2,2,6,8,3,50147,M,4906700.0,-143114.0,50
201500028031,15,12,7,1840,5,2,3,1,1,50147,M,4904280.0,-144901.0,50
201500028032,15,2,21,1545,1,2,1,1,6,50218,M,4883800.0,-158495.0,50