Num_Acc,an,mois,jour,hrmn,lum,agg,int,atm,col,com,gps,lat,long,dep
201500028033,15,1,13,1710,1,2,6,1,3,50218,M,4883800.0,-158499.0,50
201500028034,15,1,16,2330,5,2,1,1,6,50165,M,4883700.0,-158299.0,50
201500028035,15,2,22,248,5,2,2,1,6,50218,M,4883550.0,-157990.0,50
201500028036,15,1,26,1605,1,2,1,1,6,50218,M,4883780.0,-156968.0,50
201500028037,15,3,2,1525,1,2,3,1,6,50218,M,4883720.0,-159402.0,50
201500028038,15,1,29,825,2,2,4,3,6,50218,M,4883840.0,-159244.0,50
201500028039,15,3,13,1634,1,2,1,2,7,50218,M,4883710.0,-155240.0,50
201500028040,15,4,13,1110,1,2,1,1,6,50218,M,4883690.0,-158289.0,50
201500028041,15,2,10,1216,1,2,1,1,6,50218,M,4883770.0,-156055.0,50
201500028042,15,4,21,1015,1,2,1,1,6,50218,M,4883720.0,-159890.0,50
201500028043,15,5,16,1724,1,2,1,1,3,50647,M,4883900.0,-155123.0,50
201500028044,15,5,18,1505,1,2,1,2,4,50218,M,4883740.0,-154424.0,50
201500028045,15,5,30,1735,1,2,1,1,3,50218,M,4883780.0,-156735.0,50
201500028046,15,6,6,1832,1,2,1,1,2,50647,M,4883770.0,-155782.0,50
201500028047,15,6,14,1626,1,2,3,1,7,50218,M,4883780.0,-156936.0,50
201500028048,15,6,25,1907,1,2,1,1,6,50218,M,4883720.0,-159949.0,50
201500028049,15,7,5,1905,1,2,1,1,7,50218,M,4883360.0,-155662.0,50
201500028050,15,7,9,1130,1,2,8,1,7,50218,M,4884150.0,-158643.0,50
201500028051,15,7,11,1605,1,2,1,1,2,50218,M,4883750.0,-154815.0,50
201500028052,15,7,20,1200,1,2,3,1,6,50218,M,4883720.0,-159400.0,50
201500028053,15,7,24,1950,1,2,2,2,3,50532,M,4878830.0,-156548.0,50
201500028054,15,7,31,1742,1,1,1,1,7,50218,M,4882610.0,-154538.0,50
201500028055,15,8,5,1539,1,1,3,1,2,50165,M,4885720.0,-157595.0,50
201500028056,15,8,10,1135,1,2,1,1,3,50532,M,4881510.0,-157050.0,50
201500028057,15,8,12,1155,1,1,1,1,2,50532,M,4881150.0,-153976.0,50
201500028058,15,8,24,1555,1,2,6,3,3,50218,M,4883410.0,-156840.0,50
201500028059,15,8,30,1252,1,2,1,1,3,50218,M,4883840.0,-157882.0,50
201500028060,15,9,1,1915,1,2,6,1,3,50218,M,4883390.0,-157110.0,50
201500028061,15,9,14,755,1,2,1,2,2,50218,M,4883750.0,-159038.0,50
201500028062,15,9,15,810,1,2,1,1,6,50218,M,4883780.0,-156611.0,50
201500028063,15,9,18,1605,1,2,9,1,3,50514,M,4875210.0,-85145.0,50
201500028064,15,9,20,1850,1,2,1,1,6,50218,M,4883750.0,-158804.0,50
201500028065,15,9,23,1800,1,2,1,1,3,50218,M,4883790.0,-157317.0,50
201500028066,15,9,24,1730,1,2,1,1,6,50165,M,4885340.0,-156191.0,50
201500028067,15,10,30,1210,1,2,3,1,2,50647,M,4884510.0,-155879.0,50
201500028068,15,10,31,1730,1,2,1,1,2,50218,M,4883130.0,-157508.0,50
201500028069,15,11,5,740,1,2,2,1,3,50218,M,4883800.0,-158499.0,50
201500028070,15,11,14,1030,1,1,1,1,7,50532,M,4882000.0,-154178.0,50
201500028071,15,11,17,1750,5,2,1,2,6,50218,M,4883760.0,-158979.0,50
201500028072,15,11,30,930,1,2,1,1,2,50218,M,4883750.0,-155010.0,50
201500028073,15,12,9,1720,3,1,2,1,5,50218,M,4882850.0,-154314.0,50
201500028074,15,12,15,1120,1,1,2,3,2,50218,M,4882470.0,-155845.0,50
201500028075,15,12,22,1720,5,1,1,1,3,50532,M,4879200.0,-153260.0,50
201500028076,15,12,17,1200,1,2,3,1,3,50165,M,4885320.0,-156382.0,50
201500028077,15,12,27,1200,1,1,1,1,7,50165,M,4885350.0,-156463.0,50
201500028078,15,2,7,330,3,1,1,1,7,50647,M,4884780.0,-154199.0,50
201500028079,15,2,26,1440,1,2,1,3,2,50002,M,4911840.0,-108932.0,50
201500028080,15,1,7,1245,1,2,1,1,6,50034,M,4910140.0,-108297.0,50
201500028081,15,2,27,1020,1,2,1,1,2,50502,M,4911570.0,-107523.0,50
201500028082,15,2,4,1315,1,2,2,8,4,50502,M,4911310.0,-107950.0,50
201500028083,15,4,1,1325,1,2,1,1,3,50502,M,4910480.0,-108644.0,50
201500028084,15,2,11,805,1,2,2,1,6,50502,M,4911070.0,-105569.0,50
201500028085,15,4,7,1115,1,2,6,1,1,50502,M,4910990.0,-109011.0,50
201500028086,15,4,15,1650,1,2,3,1,3,50502,M,4910500.0,-108668.0,50
201500028087,15,4,22,1210,1,2,3,1,3,50502,M,4911640.0,-104150.0,50
201500028088,15,4,25,1930,1,2,6,2,7,50502,M,4911690.0,-109803.0,50
201500028089,15,4,30,1910,1,2,1,1,4,50502,M,4910570.0,-106860.0,50
201500028090,15,5,11,1350,1,2,1,1,6,50502,M,4911460.0,-109902.0,50
201500028091,15,5,18,1155,1,1,6,2,3,50002,M,4911080.0,-113405.0,50
201500028092,15,6,5,905,1,1,2,1,3,50502,M,4911180.0,-106990.0,50
201500028093,15,6,13,1735,1,1,1,1,6,50502,M,4910930.0,-107247.0,50
201500028094,15,6,23,1550,1,1,1,1,7,50321,M,4913440.0,-106579.0,50
201500028095,15,8,4,1315,1,2,6,1,3,50502,M,4911570.0,-107479.0,50
201500028096,15,8,5,1120,1,2,2,1,3,50502,M,4911900.0,-108659.0,50
201500028097,15,8,12,1740,1,2,6,1,3,50502,M,4911890.0,-108661.0,50
201500028098,15,8,21,2020,1,1,1,1,3,50502,M,4909910.0,-111193.0,50
201500028099,15,8,22,1200,1,2,6,1,1,50502,M,4910580.0,-106877.0,50
201500028100,15,9,10,1655,1,2,1,1,3,50502,M,4911570.0,-107706.0,50
201500028101,15,9,11,900,1,2,3,1,3,50502,M,4911560.0,-108072.0,50
201500028102,15,9,16,1705,1,1,1,1,7,50502,M,4910540.0,-109409.0,50
201500028103,15,9,21,1750,1,2,3,2,2,50502,M,4911300.0,-110033.0,50
201500028104,15,10,2,905,1,2,6,1,6,50502,M,4911550.0,-108308.0,50
201500028105,15,10,8,1330,1,2,1,1,6,50502,M,4910890.0,-109007.0,50
201500028106,15,10,11,1620,1,1,1,1,7,50002,M,4911800.0,-114906.0,50
201500028107,15,11,5,1100,1,1,1,8,7,50502,M,4912380.0,-106219.0,50
201500028108,15,11,13,950,1,1,6,1,2,50002,M,4910920.0,-113535.0,50
201500028109,15,11,25,1120,1,2,1,2,6,50502,M,4911440.0,-109412.0,50
201500028110,15,12,11,1630,1,2,2,1,6,50002,M,4911810.0,-110725.0,50
201500028111,15,12,23,1120,1,2,1,1,6,50502,M,4911530.0,-109046.0,50
201500028112,15,1,6,800,2,2,1,1,6,51108,M,,,51
201500028113,15,3,7,1820,1,2,1,1,2,51108,M,4894246.0,439001.0,51
201500028114,15,4,18,1944,1,2,6,1,3,51504,M,4897303.0,434729.0,51
201500028115,15,4,9,1810,1,2,1,1,6,51108,M,4894835.0,434520.0,51
201500028116,15,5,25,805,1,2,1,1,2,51108,M,4895312.0,437156.0,51
201500028117,15,6,14,1247,1,1,1,1,7,51108,M,4896553.0,438572.0,51
201500028118,15,7,9,1600,1,2,1,1,6,51108,M,4895646.0,436439.0,51
201500028119,15,7,22,1435,1,1,1,1,5,51525,M,4892921.0,440876.0,51
201500028120,15,8,21,1720,1,2,1,1,3,51108,M,4896465.0,438322.0,51
201500028121,15,10,2,1800,1,1,1,1,6,51453,M,4900202.0,433684.0,51
201500028122,15,10,27,1016,1,2,1,1,6,51108,M,4895663.0,436505.0,51
201500028123,15,11,8,4,5,2,1,1,6,51108,M,4893935.0,440011.0,51
201500028124,15,12,21,1526,1,2,3,1,6,51108,M,4895619.0,436052.0,51
201500028125,15,1,18,2215,5,2,1,1,7,51230,M,,,51
201500028126,15,4,23,900,1,2,3,1,6,51431,M,4902398.0,394619.0,51
201500028127,15,5,22,1721,1,2,7,1,6,51230,M,4903726.0,397149.0,51
201500028128,15,6,6,1545,1,2,3,1,3,51230,M,4903589.0,395256.0,51
201500028129,15,5,21,1550,1,2,1,1,6,51230,M,4904350.0,395775.0,51
201500028130,15,7,12,1012,1,1,3,1,3,51030,M,4904948.0,401313.0,51
201500028131,15,10,2,1225,1,2,3,1,6,51230,M,4904727.0,395396.0,51
201500028132,15,11,11,1702,1,2,3,1,3,51230,M,4903716.0,397484.0,51
201500028133,15,11,14,1545,1,1,1,1,3,51230,M,4903578.0,398542.0,51
201500028134,15,11,27,1820,5,2,6,1,3,51230,M,4904620.0,395486.0,51
201500028135,15,12,14,1730,5,2,1,5,6,51230,M,4904592.0,395701.0,51
201500028136,15,6,21,2045,1,2,1,1,3,51344,M,4905065.0,393202.0,51
201500028137,15,3,22,1615,1,2,1,1,3,51454,M,4924751.0,402885.0,51
201500028138,15,1,13,1730,5,2,1,2,6,51454,M,,,51
201500028139,15,1,15,1805,5,2,1,1,6,51454,M,,,51
201500028140,15,3,24,2035,5,2,2,3,3,51454,M,4924862.0,401272.0,51
201500028141,15,1,26,1145,1,2,3,2,6,51454,M,,,51
201500028142,15,1,30,730,5,2,1,4,6,51454,M,,,51
201500028143,15,2,5,1410,1,2,6,1,3,51172,M,4922052.0,406378.0,51
201500028144,15,2,7,230,5,2,1,1,6,51454,M,4926416.0,402919.0,51
201500028145,15,4,20,2019,1,2,2,1,3,51454,M,4927628.0,402689.0,51
201500028146,15,4,21,2140,5,2,2,1,3,51454,M,4924913.0,403695.0,51
201500028147,15,2,18,1915,5,2,1,1,3,51454,M,4922495.0,402817.0,51
201500028148,15,4,26,1250,1,2,1,1,6,51454,M,4923500.0,400711.0,51
201500028149,15,3,9,1710,1,2,1,1,2,51454,M,4922602.0,402701.0,51
201500028150,15,5,23,950,1,2,1,1,6,51172,M,4922278.0,405309.0,51
201500028151,15,3,21,1610,1,2,1,1,4,51454,M,4924879.0,403636.0,51
201500028152,15,4,5,2050,5,2,1,1,6,51454,M,4923047.0,400654.0,51
201500028153,15,4,9,2050,3,1,1,1,2,51493,M,4922743.0,409976.0,51
201500028154,15,4,19,245,5,2,1,1,4,51454,M,4924920.0,402472.0,51
201500028155,15,4,24,408,5,2,2,1,1,51454,M,4926301.0,400183.0,51
201500028156,15,6,13,1930,1,2,1,1,6,51454,M,4924655.0,403190.0,51
201500028157,15,6,16,1727,1,2,3,1,3,51454,M,4925636.0,401997.0,51
201500028158,15,5,24,2206,5,2,9,1,3,51454,M,,,51
201500028159,15,6,22,106,5,2,1,1,6,51454,M,4926102.0,402848.0,51
201500028160,15,6,27,1545,1,2,1,1,6,51454,M,4922718.0,401351.0,51
201500028161,15,6,30,2000,1,2,3,1,3,51454,M,4928261.0,403090.0,51
201500028162,15,7,1,1935,1,2,1,1,2,51454,M,4924810.0,400928.0,51
201500028163,15,7,3,1650,1,2,3,1,4,51454,M,4925794.0,405361.0,51
201500028164,15,7,7,1830,1,2,3,1,3,51454,M,4925895.0,404912.0,51
201500028165,15,7,13,1950,1,2,1,1,6,51454,M,4923277.0,400258.0,51
201500028166,15,6,29,1815,1,2,1,1,6,51454,M,4922718.0,401319.0,51
201500028167,15,7,24,1710,1,2,2,1,5,51454,M,4926779.0,402663.0,51
201500028168,15,8,7,515,5,2,1,1,2,51573,M,4924773.0,400580.0,51
201500028169,15,8,10,2025,1,2,3,1,2,51454,M,4922615.0,404223.0,51
201500028170,15,9,7,2225,5,2,2,1,3,51454,M,4925023.0,403883.0,51
201500028171,15,9,8,1405,1,2,3,1,6,51454,M,4926433.0,402706.0,51
201500028172,15,9,19,625,5,2,1,1,6,51454,M,4926003.0,406553.0,51
201500028173,15,9,21,1605,1,2,3,1,3,51055,M,4927132.0,405037.0,51
201500028174,15,9,23,908,1,2,1,1,6,51454,M,4925688.0,400793.0,51
201500028175,15,9,24,1420,1,2,9,1,3,51454,M,4927523.0,401848.0,51
201500028176,15,9,25,1420,1,2,1,1,2,51454,M,4922013.0,402064.0,51
201500028177,15,9,25,1620,1,2,1,1,3,51454,M,4926168.0,402984.0,51
201500028178,15,9,26,1245,1,1,1,1,1,51058,M,4921517.0,400204.0,51
201500028179,15,9,29,620,3,1,1,1,2,51454,M,4923803.0,407681.0,51
201500028180,15,10,3,1710,1,2,2,1,6,51454,M,4925144.0,402334.0,51
201500028181,15,10,5,1925,5,2,1,2,4,51454,M,4923978.0,404504.0,51
201500028182,15,10,7,1245,1,2,1,1,3,51454,M,4926235.0,405300.0,51
201500028183,15,10,7,1235,1,2,1,1,6,51454,M,4924996.0,405366.0,51
201500028184,15,10,8,1205,1,2,3,1,5,51454,M,4922717.0,403986.0,51
201500028185,15,10,11,545,5,2,1,1,6,51454,M,,,51
201500028186,15,10,12,1810,1,2,1,1,6,51454,M,4924823.0,402137.0,51
201500028187,15,10,13,740,2,2,1,1,3,51454,M,4927376.0,402987.0,51
201500028188,15,10,13,2030,5,2,1,1,2,51454,M,4925755.0,403960.0,51
201500028189,15,10,14,720,2,2,9,1,3,51454,M,4927635.0,402481.0,51
201500028190,15,10,14,1300,1,2,1,1,5,51454,M,4927026.0,401091.0,51
201500028191,15,10,14,1800,1,2,6,2,6,51454,M,4924231.0,402449.0,51
201500028192,15,10,9,2010,5,2,2,1,3,51454,M,4927347.0,402395.0,51
201500028193,15,10,15,1905,5,2,2,1,1,51454,M,4927625.0,402686.0,51
201500028194,15,10,16,1050,1,2,6,2,3,51454,M,4923674.0,407057.0,51
201500028195,15,10,16,1540,1,2,3,1,3,51454,M,4926816.0,406838.0,51
201500028196,15,10,21,30,5,2,3,1,3,51454,M,4927768.0,402223.0,51
201500028197,15,10,23,910,1,2,3,1,1,51454,M,4927997.0,401891.0,51
201500028198,15,10,23,1320,1,2,1,1,1,51454,M,4925839.0,404215.0,51
201500028199,15,10,24,2142,5,2,6,1,3,51454,M,4924209.0,402480.0,51
201500028200,15,10,26,1405,1,2,2,1,1,51454,M,4927340.0,401488.0,51
201500028201,15,10,27,1540,1,2,1,1,4,51454,M,4926955.0,407191.0,51
201500028202,15,10,31,1530,1,2,1,1,3,51454,M,4926069.0,404847.0,51
201500028203,15,11,2,1520,1,2,2,1,6,51454,M,4925059.0,405278.0,51
201500028204,15,11,4,1030,1,2,4,1,3,51454,M,4923398.0,402782.0,51
201500028205,15,11,4,1545,1,2,1,2,2,51454,M,4925726.0,402252.0,51
201500028206,15,11,6,1210,1,2,2,1,6,51454,M,4924749.0,403371.0,51
201500028207,15,11,8,1440,1,2,2,1,2,51454,M,4926286.0,405448.0,51
201500028208,15,11,11,2304,5,2,1,1,6,51454,M,,,51
201500028209,15,11,12,810,1,2,3,1,3,51454,M,4924433.0,403648.0,51
201500028210,15,11,12,815,1,2,1,1,6,51454,M,4924572.0,401501.0,51
201500028211,15,11,12,1155,1,2,6,1,6,51172,M,4921367.0,404806.0,51
201500028212,15,11,12,2035,5,2,2,1,3,51454,M,,,51
201500028213,15,11,13,1610,1,2,1,1,6,51454,M,4925483.0,406168.0,51
201500028214,15,11,16,1010,1,2,2,1,3,51454,M,4925090.0,402602.0,51
201500028215,15,11,16,1320,1,2,1,1,1,51573,M,4924123.0,398720.0,51
201500028216,15,11,16,1415,1,1,3,1,3,51454,M,4923302.0,406738.0,51
201500028217,15,11,16,2300,5,2,1,2,1,51454,M,4924405.0,402121.0,51
201500028218,15,11,17,750,1,2,1,2,4,51454,M,4923375.0,407387.0,51
201500028219,15,11,17,1410,1,2,1,1,3,51454,M,4924828.0,401265.0,51
201500028220,15,11,20,800,5,2,2,3,3,51454,M,4926287.0,401645.0,51
201500028221,15,11,22,1945,5,2,2,1,3,51454,M,4924415.0,402747.0,51
201500028222,15,11,22,2015,5,2,1,1,3,51454,M,4924669.0,403212.0,51
201500028223,15,11,23,1535,1,2,1,7,2,51454,M,4921989.0,402212.0,51
201500028224,15,11,24,825,1,2,2,1,3,51454,M,4927081.0,401112.0,51
201500028225,15,11,24,1620,1,2,1,2,3,51454,M,4924564.0,405039.0,51
201500028226,15,11,24,1825,5,2,1,2,3,51454,M,4925320.0,404114.0,51
201500028227,15,11,25,1335,1,2,6,2,6,51454,M,4923658.0,407010.0,51
201500028228,15,11,27,1210,1,2,1,1,3,51454,M,4922585.0,403835.0,51
201500028229,15,11,28,1005,1,2,1,1,3,51454,M,4923884.0,401768.0,51
201500028230,15,11,30,1420,1,2,6,1,3,51474,M,4928073.0,400506.0,51
201500028231,15,12,2,400,5,2,1,1,6,51454,M,4926427.0,403425.0,51
201500028232,15,12,3,800,1,1,6,1,2,51454,M,4921251.0,401546.0,51
201500028233,15,12,3,1810,5,2,1,1,2,51454,M,4922044.0,401998.0,51
201500028234,15,12,8,1640,2,2,2,2,6,51454,M,4925499.0,404035.0,51
201500028235,15,12,8,1815,5,2,1,3,6,51573,M,4924738.0,399903.0,51
201500028236,15,12,11,1310,1,2,1,3,6,51454,M,4926109.0,404664.0,51
201500028237,15,12,11,1935,5,2,1,2,6,51454,M,4924045.0,403282.0,51
201500028238,15,12,16,40,5,1,9,1,6,51573,M,4925385.0,397478.0,51
201500028239,15,12,16,1030,1,2,2,8,6,51454,M,4925572.0,402894.0,51
201500028240,15,12,15,1750,5,2,1,1,6,51454,M,4923796.0,402392.0,51
201500028241,15,12,16,1735,5,2,1,1,4,51454,M,4924861.0,405183.0,51
201500028242,15,12,20,700,5,2,1,1,6,51454,M,4926660.0,400311.0,51
201500028243,15,12,21,1410,1,2,1,1,1,51454,M,4925787.0,404061.0,51
201500028244,15,12,21,1230,1,2,2,1,3,51454,M,4923911.0,403127.0,51
201500028245,15,12,24,1300,1,2,1,1,2,51172,M,4922602.0,404682.0,51
201500028246,15,12,24,1505,1,2,1,1,7,51573,M,4923941.0,398870.0,51
201500028247,15,12,24,1440,1,2,2,1,3,51172,M,4921560.0,406397.0,51
201500028248,15,12,25,255,5,2,2,2,6,51454,M,4926565.0,402073.0,51
201500028249,15,12,26,1630,1,2,2,1,3,51454,M,4926505.0,406016.0,51
201500028250,15,12,26,1800,5,2,1,1,6,51454,M,4925487.0,403524.0,51
201500028251,15,12,26,2015,5,2,1,1,6,51454,M,4924799.0,400842.0,51
201500028252,15,12,29,1500,1,2,1,1,2,51454,M,4924215.0,401437.0,51
201500028253,15,12,30,1330,1,2,2,1,1,51172,M,4921610.0,404513.0,51
201500028254,15,12,30,1315,1,2,2,1,3,51172,M,4922375.0,404779.0,51
201500028255,15,12,30,1500,1,2,6,1,2,51172,M,4921667.0,405074.0,51
201500028256,15,4,7,844,1,2,1,1,2,52121,M,4810811.0,514080.0,52
201500028257,15,11,20,755,2,2,1,2,6,52121,M,4810727.0,514770.0,52
201500028258,15,11,23,1603,1,1,1,1,1,52121,M,4813252.0,513248.0,52
201500028259,15,5,24,600,1,1,1,1,6,52125,M,4810985.0,516659.0,52
201500028260,15,11,24,905,1,2,1,1,4,52121,M,4811803.0,514020.0,52
201500028261,15,5,24,500,5,2,1,1,6,52121,M,4808738.0,514417.0,52
201500028262,15,11,27,1940,5,2,2,2,6,52121,M,4810940.0,514014.0,52
201500028263,15,5,31,808,1,1,1,1,2,52121,M,4808539.0,510785.0,52
201500028264,15,12,11,1120,1,2,3,1,2,52121,M,4810969.0,514336.0,52
201500028265,15,6,14,2305,3,1,1,2,1,52121,M,4812367.0,512986.0,52
201500028266,15,12,16,1250,1,2,1,1,6,52121,M,4811022.0,512908.0,52
201500028267,15,6,23,339,3,1,6,1,7,52121,M,4810875.0,510973.0,52
201500028268,15,12,21,2015,5,2,2,1,6,52121,M,4810947.0,514036.0,52
201500028269,15,7,1,1320,1,2,2,1,3,52121,M,4810306.0,513322.0,52
201500028270,15,12,22,1216,1,2,1,1,6,52121,M,4812506.0,515640.0,52
201500028271,15,7,21,1209,1,1,1,1,6,52121,M,4810461.0,521146.0,52
201500028272,15,7,21,1355,1,2,2,1,5,52121,M,4809869.0,514695.0,52
201500028273,15,8,6,1350,1,2,1,1,6,52121,M,4809891.0,514514.0,52
201500028274,15,8,7,1155,1,2,3,1,2,52121,M,4810926.0,513680.0,52
201500028275,15,8,11,330,3,2,1,1,7,52121,M,4811835.0,515655.0,52
201500028276,15,9,7,135,3,1,1,1,1,52121,M,4811737.0,516044.0,52
201500028277,15,8,26,2130,3,1,1,1,6,52121,M,4811057.0,510418.0,52
201500028278,15,9,1,1012,1,1,1,1,7,52121,M,4850272.0,495695.0,52
201500028279,15,10,5,1125,1,2,1,1,2,52121,M,4810965.0,514315.0,52
201500028280,15,11,15,1115,1,2,6,1,6,52121,M,4809234.0,514537.0,52
201500028281,15,1,9,1705,3,1,1,2,4,52121,M,4811094.0,510302.0,52
201500028282,15,1,28,2205,3,1,1,2,6,52121,M,4812287.0,518540.0,52
201500028283,15,2,12,1014,1,2,2,1,6,52121,M,4809916.0,515326.0,52
201500028284,15,2,11,1645,1,2,3,7,6,52121,M,4810947.0,514023.0,52
201500028285,15,2,28,1706,1,2,1,1,2,52121,M,4809781.0,514038.0,52
201500028286,15,3,21,2310,5,2,4,1,7,52121,M,4809529.0,513324.0,52
201500028287,15,4,8,2220,5,2,1,1,7,52448,M,4864716.0,496725.0,52
201500028288,15,4,27,1640,1,2,1,2,6,52448,M,4862520.0,496755.0,52
201500028289,15,5,4,1820,1,2,6,1,3,52448,M,4864758.0,495698.0,52
201500028290,15,5,17,1320,1,2,3,1,3,52448,M,4863884.0,497568.0,52
201500028291,15,6,15,1800,1,2,1,1,6,52448,M,4863668.0,497630.0,52
201500028292,15,9,25,1350,1,2,2,1,5,52448,M,4863915.0,497193.0,52
201500028293,15,10,1,1945,2,1,1,1,4,52448,M,4862439.0,493717.0,52
201500028294,15,10,20,755,1,2,1,1,6,52448,M,4863187.0,498523.0,52
201500028295,15,11,20,1930,5,2,1,3,2,52448,M,4864415.0,496341.0,52
201500028296,15,11,30,1455,1,2,1,1,6,52448,M,4864415.0,496341.0,52
201500028297,15,12,1,1720,2,2,3,1,3,52448,M,4863741.0,494155.0,52
201500028298,15,2,18,1325,1,2,2,1,3,53130,M,4807521.0,-76735.0,53
201500028299,15,2,21,1820,2,1,1,1,6,53130,M,4804826.0,-74939.0,53
201500028300,15,12,12,2130,3,1,1,5,7,53054,M,4810718.0,-84319.0,53
201500028301,15,2,21,1550,1,2,1,1,3,53201,M,4807795.0,-81980.0,53
201500028302,15,2,18,1300,1,2,6,1,7,53130,M,4807388.0,-79547.0,53
201500028303,15,3,10,1545,1,2,2,2,6,53130,M,4807098.0,-76926.0,53
201500028304,15,3,29,2210,5,2,1,2,6,53130,M,4805902.0,-78747.0,53
201500028305,15,4,9,1220,1,2,3,1,6,53130,M,4807526.0,-77892.0,53
201500028306,15,4,23,951,1,2,1,1,6,53130,M,4806728.0,-77618.0,53
201500028307,15,3,17,930,1,1,1,1,6,53130,M,4808108.0,-79544.0,53
201500028308,15,4,27,1410,1,1,1,1,5,53054,M,4810829.0,-82844.0,53
201500028309,15,5,29,1645,1,2,1,1,6,53130,M,4807324.0,-73652.0,53
201500028310,15,6,8,1430,1,2,1,1,1,53130,M,4805312.0,-79493.0,53
201500028311,15,6,18,1740,1,1,1,1,2,53054,M,4809976.0,-74711.0,53
201500028312,15,7,10,932,1,2,1,1,6,53130,M,4806721.0,-75874.0,53
201500028313,15,7,30,1830,1,1,1,1,6,53034,M,4807338.0,-73404.0,53
201500028314,15,8,24,1730,1,2,1,1,3,53130,M,4807146.0,-77454.0,53
201500028315,15,9,3,1900,1,2,6,1,3,53130,M,4805270.0,-79386.0,53
201500028316,15,9,3,1425,1,2,3,1,3,53130,M,4807044.0,-77321.0,53
201500028317,15,8,24,1420,1,1,1,3,7,53130,M,4804854.0,-73249.0,53
201500028318,15,10,2,1142,1,2,1,7,6,53130,M,4807596.0,-78543.0,53
201500028319,15,10,30,30,5,2,2,1,6,53130,M,4806423.0,-76134.0,53
201500028320,15,11,29,345,5,2,6,1,6,53201,M,4806600.0,-81204.0,53
201500028321,15,11,24,710,2,2,2,2,3,53130,M,,,53
201500028322,15,12,22,1830,5,2,1,2,6,53130,M,4807074.0,-79347.0,53
201500028323,15,1,14,740,5,2,1,2,6,53130,M,4806470.0,-78915.0,53
201500028324,15,1,19,950,1,2,1,1,6,53130,M,4805637.0,-74424.0,53
201500028325,15,10,28,1700,2,1,1,2,1,54036,M,4928002.0,595961.0,54
201500028326,15,3,11,800,1,2,1,1,6,54099,M,4925178.0,593697.0,54
201500028327,15,10,6,1045,1,2,1,1,6,54391,M,,,54
201500028328,15,6,11,1645,1,2,1,1,7,54099,M,,,54
201500028329,15,12,5,1615,1,2,1,1,6,54280,M,,,54
201500028330,15,3,23,1300,1,2,1,1,1,54099,M,4924306.0,594115.0,54
201500028331,15,3,14,1020,1,2,1,1,7,54099,M,4925004.0,595366.0,54
201500028332,15,7,9,2245,5,2,2,1,3,54263,M,4921885.0,599160.0,54
201500028333,15,7,19,1225,1,2,1,1,7,54263,M,4921727.0,599968.0,54
201500028334,15,7,30,1645,1,2,1,1,6,54263,M,,,54
201500028335,15,8,9,545,2,1,1,1,7,54099,M,,,54
201500028336,15,8,20,1830,1,1,1,1,3,54036,M,,,54
201500028337,15,1,28,1201,1,2,9,8,7,54273,M,,,54
201500028338,15,3,23,220,3,1,1,1,7,54469,M,4915560.0,600148.0,54
201500028339,15,2,25,910,1,2,3,1,6,54136,M,,,54
201500028340,15,4,22,800,1,2,1,1,6,54273,M,4900000.0,500000.0,54
201500028341,15,8,2,940,1,1,1,1,6,54542,M,4918871.0,589264.0,54
201500028342,15,9,28,1710,1,2,1,1,6,54273,M,4900000.0,500000.0,54
201500028343,15,9,27,1105,1,1,1,1,6,54542,M,4922240.0,592953.0,54
201500028344,15,12,5,100,3,1,1,5,6,54542,M,,,54
201500028345,15,11,9,1510,1,1,1,7,5,54253,M,0.0,0.0,54
201500028346,15,6,5,948,1,1,1,1,7,54544,M,0.0,0.0,54
201500028347,15,12,12,1240,1,2,3,1,3,54159,M,4862006.0,635093.0,54
201500028348,15,1,25,1845,5,2,4,4,6,54483,M,,,54
201500028349,15,2,20,1510,1,2,1,1,6,54483,M,4863154.0,630190.0,54
201500028350,15,3,3,2227,3,2,1,8,7,54254,M,4949144.0,580973.0,54
201500028351,15,12,23,1130,1,1,1,1,2,54323,M,,,54
201500028352,15,3,4,939,1,2,3,8,3,54323,M,,,54
201500028353,15,12,26,1200,1,2,6,1,6,54323,M,4480000.0,160000.0,54
201500028354,15,3,4,1210,1,1,1,8,2,54367,M,4949550.0,579545.0,54
201500028355,15,12,25,2300,3,1,1,3,5,54254,M,,,54
201500028356,15,3,5,1223,1,2,1,8,3,54323,M,,,54
201500028357,15,3,15,1700,1,2,1,1,6,54323,M,,,54
201500028358,15,3,25,2030,2,2,1,9,2,54382,M,,,54
201500028359,15,3,25,1500,1,2,3,8,3,54323,M,,,54