Num_Acc,an,mois,jour,hrmn,lum,agg,int,atm,col,com,gps,lat,long,dep
201500028360,15,4,3,1300,1,1,1,1,1,54323,M,,,54
201500028361,15,4,8,1110,1,2,3,1,3,54382,M,,,54
201500028362,15,4,3,850,1,2,1,1,6,54493,M,4952582.0,580963.0,54
201500028363,15,2,24,124,5,2,1,8,6,54261,M,,,54
201500028364,15,4,15,710,2,1,1,1,6,54382,M,4955049.0,577648.0,54
201500028365,15,4,17,2118,3,1,1,1,6,54382,M,4953353.0,575722.0,54
201500028366,15,5,4,1600,1,2,1,1,2,54254,M,,,54
201500028367,15,5,12,2132,3,1,1,1,6,54367,M,4949933.0,580187.0,54
201500028368,15,5,20,1545,1,2,1,1,4,54323,M,,,54
201500028369,15,5,30,210,3,1,1,3,6,54323,M,4954254.0,576174.0,54
201500028370,15,6,2,1518,1,2,1,1,6,54451,M,4900000.0,500000.0,54
201500028371,15,6,5,1056,1,2,1,1,6,54323,M,4951427.0,577181.0,54
201500028372,15,6,5,1206,1,2,1,1,6,54323,M,0.0,0.0,54
201500028373,15,6,6,1640,1,2,1,1,4,54323,M,4952786.0,577685.0,54
201500028374,15,6,10,1715,1,2,1,1,2,54323,M,0.0,0.0,54
201500028375,15,6,10,1746,1,2,1,1,4,54323,M,0.0,0.0,54
201500028376,15,6,14,2223,5,2,9,1,1,54261,M,0.0,0.0,54
201500028377,15,6,24,1134,1,2,3,1,3,54261,M,0.0,0.0,54
201500028378,15,6,24,1802,1,1,1,1,5,54323,M,4952250.0,575312.0,54
201500028379,15,8,10,1730,1,2,1,2,6,54382,M,0.0,0.0,54
201500028380,15,7,14,115,5,2,1,1,6,54323,M,4952673.0,576212.0,54
201500028381,15,7,4,1032,1,2,1,1,3,54382,M,0.0,0.0,54
201500028382,15,7,31,2154,3,1,1,1,7,54323,M,0.0,0.0,54
201500028383,15,9,4,920,1,2,1,1,6,54323,M,,,54
201500028384,15,8,9,2226,5,2,1,1,2,54254,M,4951253.0,580313.0,54
201500028385,15,8,10,1310,1,2,1,8,6,54451,M,0.0,0.0,54
201500028386,15,8,13,1312,1,1,1,1,7,54254,M,4948350.0,581592.0,54
201500028387,15,8,24,1837,1,2,6,3,6,54493,M,4953289.0,582253.0,54
201500028388,15,8,22,1915,1,2,1,1,6,54382,M,0.0,0.0,54
201500028389,15,8,22,330,3,1,1,1,7,54493,M,0.0,0.0,54
201500028390,15,8,26,526,5,1,1,1,7,54323,M,4954176.0,575928.0,54
201500028391,15,8,16,500,5,2,1,1,2,54323,M,0.0,0.0,54
201500028392,15,9,23,1433,1,2,1,1,4,54323,M,,,54
201500028393,15,9,4,1400,1,2,1,1,6,54451,M,,,54
201500028394,15,8,25,1740,1,1,1,1,2,54382,M,0.0,0.0,54
201500028395,15,9,13,1600,1,2,1,1,4,54323,M,4951235.0,576188.0,54
201500028396,15,9,12,2300,3,1,1,2,5,54382,M,0.0,0.0,54
201500028397,15,10,1,1825,2,2,1,1,7,54493,M,,,54
201500028398,15,9,22,1345,1,2,1,1,4,54261,M,,,54
201500028399,15,9,27,1915,1,2,1,1,7,54323,M,,,54
201500028400,15,9,25,1445,1,2,1,1,3,54261,M,,,54
201500028401,15,10,8,600,3,1,1,1,7,54254,M,,,54
201500028402,15,10,15,745,4,2,1,2,6,54323,M,,,54
201500028403,15,10,9,1615,1,2,1,1,6,54451,M,,,54
201500028404,15,10,14,1850,2,2,1,8,1,54382,M,4955408.0,578697.0,54
201500028405,15,10,21,2103,3,1,1,2,7,54261,M,,,54
201500028406,15,10,21,1650,1,2,1,1,6,54493,M,,,54
201500028407,15,11,6,1830,5,2,1,3,6,54323,M,4951196.0,576649.0,54
201500028408,15,11,30,1330,1,1,6,1,6,54382,M,4954748.0,580739.0,54
201500028409,15,9,10,1315,1,2,1,1,2,54323,M,4951871.0,575986.0,54
201500028410,15,11,25,1910,5,2,1,1,6,54323,M,0.0,0.0,54
201500028411,15,11,21,2200,3,1,1,1,6,54261,M,0.0,0.0,54
201500028412,15,11,19,200,5,2,1,1,6,54323,M,4951859.0,576157.0,54
201500028413,15,1,10,1800,5,2,1,3,6,54323,M,,,54
201500028414,15,1,25,2100,5,2,1,4,7,54451,M,,,54
201500028415,15,1,16,1130,1,2,1,1,6,54323,M,,,54
201500028416,15,1,27,830,1,2,1,1,6,54323,M,,,54
201500028417,15,2,24,115,5,2,1,1,6,54261,M,,,54
201500028418,15,4,8,1440,1,2,4,1,2,54329,M,4859111.0,650366.0,54
201500028419,15,5,27,1505,1,2,2,1,3,54329,M,4859240.0,650906.0,54
201500028420,15,12,12,1126,1,2,6,1,6,54329,M,4859079.0,650370.0,54
201500028421,15,3,12,1915,5,2,3,1,6,54274,M,4866565.0,620808.0,54
201500028422,15,12,29,1215,1,2,3,1,3,54395,M,,,54
201500028423,15,3,18,1800,1,2,2,1,1,54482,M,4870475.0,620742.0,54
201500028424,15,12,31,1936,5,2,1,1,6,54526,M,,,54
201500028425,15,3,3,1440,1,2,1,1,2,54357,M,4870975.0,617186.0,54
201500028426,15,12,23,1855,5,2,1,1,3,54547,M,,,54
201500028427,15,3,4,830,1,2,1,1,6,54395,M,4869888.0,616528.0,54
201500028428,15,12,18,745,1,2,1,1,3,54395,M,4870125.0,616797.0,54
201500028429,15,3,4,1645,1,1,1,1,4,54547,M,4865202.0,615028.0,54
201500028430,15,12,21,1215,1,2,1,1,6,54357,M,,,54
201500028431,15,3,2,718,4,2,1,1,6,54184,M,4870908.0,624928.0,54
201500028432,15,11,17,850,1,2,1,1,3,54395,M,,,54
201500028433,15,3,7,1610,1,2,1,1,4,54547,M,4866298.0,618864.0,54
201500028434,15,12,22,1525,1,2,1,1,2,54395,M,4868894.0,619411.0,54
201500028435,15,11,27,915,1,2,1,5,6,54395,M,,,54
201500028436,15,3,11,1829,1,1,1,1,6,54578,M,4867033.0,615647.0,54
201500028437,15,3,13,755,1,2,1,1,3,54395,M,4869961.0,617064.0,54
201500028438,15,12,21,1700,5,2,4,1,3,54547,M,4866064.0,616361.0,54
201500028439,15,3,12,900,1,2,3,1,3,54547,M,4866000.0,616667.0,54
201500028440,15,12,29,1515,1,2,2,1,3,54578,M,4867723.0,615642.0,54
201500028441,15,3,13,12,5,2,1,1,6,54395,M,4869194.0,618589.0,54
201500028442,15,12,24,1900,5,1,1,1,2,54265,M,,,54
201500028443,15,3,17,1405,1,2,1,1,2,54395,M,4868236.0,619183.0,54
201500028444,15,3,13,2100,5,2,1,2,3,54395,M,4869225.0,619483.0,54
201500028445,15,3,15,1810,1,2,1,1,6,54300,M,4864841.0,624103.0,54
201500028446,15,11,20,1925,5,2,4,1,1,54395,M,4869598.0,616999.0,54
201500028447,15,3,19,1150,1,2,1,1,6,54184,M,4870647.0,622575.0,54
201500028448,15,11,23,1905,5,2,1,1,6,54395,M,4870334.0,616350.0,54
201500028449,15,3,19,1225,1,2,1,1,6,54395,M,4868997.0,618781.0,54
201500028450,15,3,18,2000,5,2,1,1,6,54578,M,4867044.0,615758.0,54
201500028451,15,3,19,1900,5,2,1,1,3,54304,M,4869461.0,612794.0,54
201500028452,15,3,17,1045,1,2,1,1,3,54357,M,4871275.0,616772.0,54
201500028453,15,12,23,1450,1,2,2,2,6,54547,M,4866558.0,616733.0,54
201500028454,15,3,23,1330,1,2,1,1,2,54395,M,4869191.0,617797.0,54
201500028455,15,3,21,1320,1,2,2,1,3,54482,M,4870475.0,620747.0,54
201500028456,15,3,25,1520,1,2,2,1,3,54395,M,,,54
201500028457,15,12,28,1845,2,2,1,1,2,54547,M,,,54
201500028458,15,3,16,900,1,1,1,1,6,54395,M,4868911.0,618558.0,54
201500028459,15,3,23,1820,1,2,1,1,3,54395,M,,,54
201500028460,15,3,2,1735,1,2,1,9,2,54578,M,4867733.0,615622.0,54
201500028461,15,3,28,2045,5,2,1,2,2,54526,M,4868641.0,621786.0,54
201500028462,15,3,31,1835,1,2,3,1,3,54395,M,4870272.0,616372.0,54
201500028463,15,3,31,1315,1,2,1,1,6,54304,M,4868363.0,613911.0,54
201500028464,15,12,3,1548,1,2,1,1,6,54395,M,,,54
201500028465,15,3,13,1620,1,2,1,1,2,54304,M,4868311.0,613967.0,54
201500028466,15,12,1,1625,1,2,1,1,1,54547,M,,,54
201500028467,15,4,1,2100,5,2,1,1,2,54395,M,4869308.0,616792.0,54
201500028468,15,12,2,1830,5,2,1,1,2,54395,M,,,54
201500028469,15,4,1,1835,1,2,1,1,3,54578,M,,,54
201500028470,15,12,15,1020,1,2,1,1,6,54395,M,,,54
201500028471,15,4,3,1700,1,2,2,2,3,54498,M,4871381.0,625087.0,54
201500028472,15,3,9,1815,2,2,1,1,6,54357,M,,,54
201500028473,15,4,5,1320,1,2,1,1,3,54495,M,,,54
201500028474,15,5,19,1855,1,2,3,1,6,54328,M,4861880.0,616917.0,54
201500028475,15,4,7,2120,5,2,1,1,2,54395,M,4869597.0,614161.0,54
201500028476,15,4,10,2340,5,2,1,1,1,54395,M,4869183.0,619297.0,54
201500028477,15,4,10,1315,1,2,2,1,3,54395,M,,,54
201500028478,15,4,14,1630,1,2,1,1,6,54395,M,4868833.0,619744.0,54
201500028479,15,4,4,1855,1,2,1,1,6,54395,M,,,54
201500028480,15,4,14,1220,1,1,1,1,2,54547,M,4866050.0,616356.0,54
201500028481,15,4,9,1150,1,2,1,1,6,54482,M,,,54
201500028482,15,4,10,1310,1,2,1,1,3,54547,M,,,54
201500028483,15,4,13,1435,1,2,1,1,2,54547,M,,,54
201500028484,15,12,2,1115,1,2,3,1,3,54495,M,4867689.0,624704.0,54
201500028485,15,3,6,2250,5,2,1,1,1,54526,M,,,54
201500028486,15,3,2,1630,1,2,1,2,2,54498,M,4871660.0,625754.0,54
201500028487,15,4,17,1750,1,2,1,2,6,54395,M,4869690.0,619303.0,54
201500028488,15,4,18,430,5,2,1,1,6,54395,M,4869648.0,614447.0,54
201500028489,15,4,10,1953,1,2,1,1,3,54482,M,,,54
201500028490,15,4,20,1435,1,2,1,1,3,54482,M,,,54
201500028491,15,12,22,1925,5,1,6,1,7,54184,M,,,54
201500028492,15,4,24,1650,1,2,2,7,3,54395,M,4867191.0,616128.0,54
201500028493,15,4,27,940,1,2,1,2,6,54184,M,4870505.0,622725.0,54
201500028494,15,12,23,1300,1,2,6,2,3,54274,M,,,54
201500028495,15,4,27,1715,1,1,1,1,3,54304,M,,,54
201500028496,15,12,31,1132,1,2,1,1,2,54395,M,,,54
201500028497,15,4,29,1445,1,2,1,1,5,54547,M,,,54
201500028498,15,4,30,1805,1,2,1,2,3,54184,M,4870511.0,622517.0,54
201500028499,15,3,19,1325,1,2,1,1,6,54304,M,,,54
201500028500,15,3,25,2100,5,2,1,1,6,54395,M,4868133.0,617847.0,54
201500028501,15,3,24,100,5,2,1,1,1,54395,M,,,54
201500028502,15,3,28,1035,1,2,1,1,3,54395,M,4867133.0,616650.0,54
201500028503,15,4,29,1630,1,2,1,1,6,54395,M,,,54
201500028504,15,5,4,1550,1,2,1,1,6,54304,M,4868511.0,615562.0,54
201500028505,15,5,4,1750,1,2,1,1,4,54184,M,,,54
201500028506,15,5,7,1700,1,2,2,1,6,54395,M,4868341.0,617344.0,54
201500028507,15,5,11,1440,1,2,2,1,6,54395,M,4868852.0,617931.0,54
201500028508,15,5,9,1155,1,2,1,1,2,54395,M,4868297.0,618453.0,54
201500028509,15,5,6,2100,5,2,2,2,3,54395,M,,,54
201500028510,15,4,3,750,1,2,1,1,6,54304,M,,,54
201500028511,15,5,9,1915,1,2,1,1,4,54395,M,,,54
201500028512,15,5,10,614,1,2,6,1,6,54526,M,,,54
201500028513,15,5,14,100,5,2,1,1,6,54395,M,,,54
201500028514,15,5,7,1805,1,2,1,1,6,54395,M,,,54
201500028515,15,5,13,1615,1,2,1,1,2,54526,M,,,54
201500028516,15,5,15,1910,1,2,1,1,2,54547,M,,,54
201500028517,15,5,19,1640,1,2,1,1,1,54395,M,,,54
201500028518,15,5,18,1845,1,2,1,1,2,54395,M,4868520.0,618675.0,54
201500028519,15,5,19,810,1,2,1,1,6,54395,M,,,54
201500028520,15,5,21,1825,1,2,1,1,2,54395,M,,,54
201500028521,15,5,26,1418,1,2,2,1,3,54304,M,,,54
201500028522,15,5,9,1343,1,1,1,1,3,54547,M,4866841.0,618925.0,54
201500028523,15,5,19,1625,1,2,2,1,3,54395,M,,,54
201500028524,15,5,29,1145,1,2,1,1,3,54395,M,,,54
201500028525,15,5,15,1605,1,2,1,1,6,54395,M,,,54
201500028526,15,4,30,2020,2,1,1,1,6,54304,M,,,54
201500028527,15,5,12,1800,1,2,1,1,4,54395,M,,,54
201500028528,15,5,13,1820,1,2,3,1,3,54547,M,4865800.0,617389.0,54
201500028529,15,4,29,650,1,2,1,1,6,54395,M,,,54
201500028530,15,5,21,1544,1,1,1,1,6,54395,M,4870350.0,617022.0,54
201500028531,15,5,26,830,1,2,1,1,4,54395,M,,,54
201500028532,15,5,30,615,5,2,1,1,6,54395,M,,,54
201500028533,15,5,18,845,1,1,6,1,3,54395,M,,,54
201500028534,15,6,2,745,1,2,1,1,3,54025,M,,,54
201500028535,15,5,26,1130,1,2,2,1,6,54328,M,4861560.0,617511.0,54
201500028536,15,5,28,1915,1,2,2,1,3,54395,M,4868640.0,619903.0,54
201500028537,15,6,8,2111,1,2,2,1,3,54395,M,4868957.0,619378.0,54
201500028538,15,5,13,1720,1,2,4,1,3,54395,M,,,54
201500028539,15,6,9,655,1,2,1,1,6,54184,M,4870316.0,622205.0,54
201500028540,15,6,9,1215,1,2,3,1,3,54547,M,4865380.0,615321.0,54
201500028541,15,6,4,820,1,2,1,1,2,54300,M,,,54
201500028542,15,6,10,1157,1,2,1,1,6,54395,M,,,54
201500028543,15,6,10,1850,1,2,2,1,1,54395,M,4867960.0,618977.0,54
201500028544,15,6,6,410,5,1,1,1,7,54197,M,4861914.0,620433.0,54
201500028545,15,5,20,2110,2,2,3,8,3,54304,M,,,54
201500028546,15,6,4,1240,1,2,1,1,6,54395,M,4868583.0,619563.0,54
201500028547,15,6,15,2100,2,2,3,1,6,54395,M,4870213.0,618218.0,54
201500028548,15,5,7,900,1,2,1,1,6,54547,M,,,54
201500028549,15,5,15,1530,1,2,2,1,3,54495,M,4868929.0,624419.0,54
201500028550,15,6,16,1630,1,2,1,1,2,54184,M,4870574.0,623081.0,54
201500028551,15,6,12,1825,1,2,1,1,3,54395,M,4869264.0,617885.0,54
201500028552,15,6,17,1510,1,1,3,1,5,54025,M,4866176.0,624302.0,54
201500028553,15,6,14,1120,1,2,1,1,3,54357,M,4870952.0,616718.0,54
201500028554,15,6,21,2305,5,2,2,1,3,54304,M,4867935.0,614261.0,54
201500028555,15,6,18,1000,1,2,1,1,6,54395,M,4870315.0,617520.0,54
201500028556,15,6,15,1220,1,1,1,1,2,54526,M,,,54
201500028557,15,6,22,1445,1,2,1,1,1,54395,M,,,54
201500028558,15,6,24,1135,1,2,1,1,2,54395,M,4868917.0,616186.0,54
201500028559,15,6,24,1740,1,2,2,1,3,54395,M,4868680.0,618544.0,54
201500028560,15,6,23,1745,1,2,3,1,5,54495,M,4868654.0,624526.0,54
201500028561,15,6,24,1450,1,2,2,1,3,54395,M,4867790.0,616834.0,54
201500028562,15,6,25,1225,1,2,1,1,3,54184,M,4870186.0,622410.0,54
201500028563,15,6,30,1450,1,2,6,1,3,54395,M,4867693.0,620607.0,54
201500028564,15,6,25,1755,1,2,1,1,2,54578,M,,,54
201500028565,15,6,25,1750,1,2,1,1,2,54395,M,4869570.0,614067.0,54
201500028566,15,6,30,1720,1,2,1,1,3,54395,M,4869552.0,616747.0,54
201500028567,15,6,30,620,1,2,3,1,3,54498,M,4871886.0,626354.0,54
201500028568,15,7,1,1840,1,2,1,1,2,54395,M,4868919.0,618537.0,54
201500028569,15,6,15,1415,1,2,1,1,2,54395,M,,,54
201500028570,15,7,3,840,1,2,1,1,6,54395,M,,,54
201500028571,15,7,3,1510,1,2,1,1,2,54395,M,4868751.0,616426.0,54
201500028572,15,7,5,1950,2,2,1,1,3,54547,M,,,54
201500028573,15,7,2,845,1,2,3,1,6,54395,M,4867250.0,616536.0,54
201500028574,15,5,28,1645,1,2,1,1,2,54339,M,,,54
201500028575,15,7,2,1910,1,2,3,1,3,54395,M,4870160.0,617147.0,54
201500028576,15,7,1,1045,1,2,1,1,6,54395,M,,,54
201500028577,15,7,4,1145,1,2,2,1,3,54357,M,4871266.0,616802.0,54
201500028578,15,7,10,1700,1,2,1,1,2,54304,M,,,54
201500028579,15,7,13,915,1,1,1,1,3,54547,M,,,54
201500028580,15,7,11,1815,1,2,1,1,3,54547,M,,,54
201500028581,15,7,15,1820,1,2,1,1,6,54395,M,4867922.0,619673.0,54
201500028582,15,7,17,1130,1,2,2,1,3,54395,M,4867960.0,619853.0,54
201500028583,15,7,16,1649,1,2,2,1,3,54184,M,4870300.0,622797.0,54
201500028584,15,7,22,1600,1,2,1,1,6,54395,M,,,54
201500028585,15,7,21,1233,1,2,1,1,3,54395,M,,,54
201500028586,15,7,24,1910,1,2,2,9,6,54304,M,4867810.0,615944.0,54
201500028587,15,7,26,1915,1,2,1,1,3,54395,M,,,54
201500028588,15,7,30,1150,1,2,1,1,3,54304,M,4868080.0,614532.0,54
201500028589,15,7,29,550,2,2,1,3,3,54395,M,,,54
201500028590,15,7,29,1545,1,2,1,1,4,54395,M,,,54
201500028591,15,6,18,1730,1,1,1,1,3,54257,M,,,54
201500028592,15,7,9,840,1,2,1,1,6,54395,M,,,54
201500028593,15,7,30,1320,1,2,1,1,2,54395,M,4869695.0,619772.0,54
201500028594,15,8,6,1045,1,2,1,7,6,54578,M,4867745.0,615628.0,54
201500028595,15,7,4,1400,1,2,1,1,6,54395,M,,,54
201500028596,15,7,9,1245,1,1,2,1,6,54395,M,4870168.0,617153.0,54
201500028597,15,7,13,1730,1,2,1,1,6,54395,M,,,54
201500028598,15,8,3,1045,1,2,2,1,6,54395,M,4868566.0,616103.0,54
201500028599,15,8,4,1700,1,2,1,1,6,54547,M,4866435.0,617013.0,54
201500028600,15,8,1,2000,1,2,1,1,6,54304,M,,,54
201500028601,15,8,12,1640,1,2,1,1,2,54547,M,,,54
201500028602,15,8,13,1815,1,2,1,1,7,54395,M,4870692.0,617721.0,54
201500028603,15,8,14,1500,1,2,3,1,3,54495,M,,,54
201500028604,15,8,11,1340,1,2,2,1,3,54395,M,,,54
201500028605,15,8,22,105,5,2,1,1,6,54395,M,4869465.0,618250.0,54
201500028606,15,8,22,1715,1,2,2,1,3,54339,M,,,54
201500028607,15,8,13,1050,1,1,1,1,2,54395,M,,,54
201500028608,15,8,17,845,1,2,2,1,3,54395,M,,,54
201500028609,15,8,21,1320,1,2,1,1,4,54547,M,,,54
201500028610,15,8,21,1050,1,2,1,1,3,54395,M,4869070.0,616958.0,54
201500028611,15,8,22,1200,1,2,2,1,3,54395,M,4869040.0,618136.0,54
201500028612,15,8,30,1040,1,2,4,1,6,54184,M,,,54
201500028613,15,8,27,1700,1,2,1,1,6,54395,M,,,54
201500028614,15,8,28,2215,4,1,1,1,7,54328,M,,,54
201500028615,15,8,31,1640,1,2,1,1,2,54547,M,,,54
201500028616,15,9,1,950,1,2,1,1,6,54274,M,,,54
201500028617,15,9,1,1155,1,2,1,1,6,54547,M,,,54
201500028618,15,9,2,1300,1,2,2,1,2,54395,M,4867884.0,618003.0,54
201500028619,15,9,3,630,2,2,1,1,2,54395,M,4868126.0,619350.0,54
201500028620,15,9,3,1525,1,2,1,1,6,54395,M,,,54
201500028621,15,8,21,245,4,2,1,1,6,54395,M,,,54
201500028622,15,9,1,1905,1,2,3,1,3,54395,M,,,54
201500028623,15,9,10,1750,1,2,1,1,6,54578,M,,,54
201500028624,15,9,11,1925,5,2,1,1,2,54526,M,,,54
201500028625,15,8,3,1215,1,1,1,1,2,54184,M,,,54
201500028626,15,8,14,1055,1,2,1,1,2,54304,M,,,54
201500028627,15,8,14,240,5,2,1,1,6,54578,M,,,54
201500028628,15,9,9,1230,1,2,1,1,6,54395,M,,,54
201500028629,15,9,15,835,1,2,1,1,3,54547,M,,,54
201500028630,15,9,20,1300,1,1,1,1,3,54025,M,,,54
201500028631,15,9,12,1715,1,2,1,2,3,54304,M,,,54
201500028632,15,9,4,2016,2,2,2,1,3,54526,M,,,54
201500028633,15,9,8,745,1,2,1,1,6,54395,M,,,54
201500028634,15,9,10,1830,1,2,3,1,3,54395,M,,,54
201500028635,15,9,10,1220,1,2,1,1,4,54395,M,,,54
201500028636,15,9,11,1740,1,2,1,1,4,54526,M,,,54
201500028637,15,9,12,1245,1,2,1,1,2,54395,M,,,54
201500028638,15,9,17,1625,1,2,1,1,2,54395,M,,,54
201500028639,15,9,15,1800,1,2,3,1,3,54578,M,,,54
201500028640,15,9,21,1840,1,2,3,1,2,54274,M,,,54
201500028641,15,9,19,2255,5,2,1,1,2,54547,M,,,54
201500028642,15,9,19,2252,5,2,3,1,6,54395,M,,,54
201500028643,15,9,23,1820,1,2,1,1,2,54328,M,,,54
201500028644,15,9,24,1150,1,2,3,1,3,54395,M,,,54
201500028645,15,9,20,1310,1,2,1,1,4,54395,M,,,54
201500028646,15,9,23,1915,2,2,2,1,3,54395,M,,,54
201500028647,15,9,24,850,1,2,4,1,3,54395,M,,,54
201500028648,15,9,25,1900,1,2,1,1,2,54547,M,,,54
201500028649,15,9,21,1630,1,2,1,1,2,54547,M,,,54
201500028650,15,9,30,115,5,2,1,1,6,54395,M,,,54
201500028651,15,9,28,910,1,2,1,1,2,54547,M,,,54
201500028652,15,9,28,1030,1,2,1,1,3,54257,M,,,54
201500028653,15,9,30,810,1,2,1,1,3,54395,M,4867510.0,691961.0,54
201500028654,15,9,28,859,1,2,3,1,6,54395,M,,,54
201500028655,15,10,2,920,1,2,2,1,3,54395,M,,,54
201500028656,15,9,27,915,1,2,1,1,3,54357,M,4870389.0,615282.0,54
201500028657,15,9,29,735,1,2,4,1,6,54395,M,,,54
201500028658,15,10,5,800,1,2,1,1,6,54395,M,,,54
201500028659,15,8,28,1830,1,2,1,1,2,54395,M,,,54
201500028660,15,9,30,1239,1,2,3,1,3,54547,M,,,54
201500028661,15,10,3,1905,2,2,2,1,3,54395,M,4868752.0,617071.0,54
201500028662,15,9,30,830,1,2,1,1,4,54304,M,,,54
201500028663,15,9,13,1105,1,1,1,2,6,54304,M,,,54
201500028664,15,10,6,1300,1,2,1,3,6,54328,M,,,54
201500028665,15,9,14,1841,2,2,1,1,6,54395,M,,,54
201500028666,15,10,8,1700,1,2,1,1,2,54395,M,,,54
201500028667,15,9,14,1200,1,2,1,1,4,54395,M,,,54
201500028668,15,10,9,1910,5,2,3,1,1,54395,M,,,54
201500028669,15,10,6,1955,5,2,4,2,3,54395,M,,,54
201500028670,15,10,9,1840,1,1,3,1,3,54578,M,4865680.0,613169.0,54
201500028671,15,9,14,1955,5,2,2,1,3,54395,M,,,54
201500028672,15,10,13,733,2,2,1,1,2,54547,M,4866916.0,619200.0,54
201500028673,15,10,13,1530,1,2,1,1,2,54304,M,,,54
201500028674,15,10,17,1400,1,2,1,8,6,54395,M,,,54
201500028675,15,10,8,1545,1,2,2,1,6,54547,M,4865920.0,617313.0,54
201500028676,15,9,6,655,1,2,2,1,2,54395,M,4869957.0,616555.0,54
201500028677,15,10,16,1230,1,2,2,1,1,54304,M,,,54
201500028678,15,10,19,1650,1,2,1,1,3,54257,M,,,54
201500028679,15,10,22,1152,1,2,2,2,3,54304,M,,,54
201500028680,15,10,10,2025,5,2,1,1,2,54395,M,,,54
201500028681,15,10,26,1520,1,2,1,1,6,54395,M,4868777.0,618232.0,54
201500028682,15,10,23,1615,1,2,1,1,3,54395,M,4869741.0,615531.0,54
201500028683,15,10,25,1205,1,2,3,1,3,54547,M,4866192.0,618531.0,54
201500028684,15,10,22,1045,1,2,1,1,1,54274,M,,,54
201500028685,15,10,26,1825,5,2,7,1,2,54395,M,,,54
201500028686,15,9,22,1330,1,2,1,1,6,54395,M,,,54
201500028687,15,10,29,40,5,2,1,1,6,54395,M,,,54
201500028688,15,10,23,1910,5,1,1,1,4,54495,M,,,54
201500028689,15,10,24,1640,1,2,1,1,3,54495,M,,,54
201500028690,15,10,27,1415,1,2,5,1,3,54395,M,,,54
201500028691,15,10,23,1045,1,2,3,1,3,54304,M,4869461.0,613769.0,54
201500028692,15,10,30,1905,5,2,1,1,3,54184,M,,,54
201500028693,15,10,23,1930,5,1,1,1,4,54184,M,4868986.0,623708.0,54
201500028694,15,9,23,2010,1,2,1,1,6,54304,M,4868072.0,615330.0,54
201500028695,15,11,2,1725,5,2,1,1,4,54304,M,,,54
201500028696,15,10,23,1300,1,2,1,1,6,54395,M,4466747.0,616536.0,54
201500028697,15,10,30,2005,5,2,1,1,6,54395,M,4868448.0,619635.0,54
201500028698,15,11,2,1809,1,2,3,1,6,54578,M,4867201.0,615729.0,54
201500028699,15,11,4,1703,1,2,2,1,3,54578,M,4866976.0,615695.0,54
201500028700,15,11,1,1730,5,2,1,1,6,54547,M,4866239.0,617284.0,54
201500028701,15,11,5,1417,1,2,1,7,6,54395,M,,,54
201500028702,15,11,6,1910,5,2,1,1,6,54395,M,,,54
201500028703,15,11,8,1,5,2,2,1,3,54395,M,,,54
201500028704,15,11,5,755,1,2,1,1,6,54395,M,4868539.0,617809.0,54
201500028705,15,11,5,1410,1,2,1,1,2,54395,M,4869102.0,617680.0,54
201500028706,15,11,11,1625,1,2,1,1,6,54395,M,4869861.0,615775.0,54
201500028707,15,11,6,1030,1,2,1,2,4,54395,M,4869618.0,618951.0,54
201500028708,15,10,3,1050,1,2,1,1,6,54526,M,,,54
201500028709,15,10,29,1825,5,2,1,1,6,54395,M,,,54
201500028710,15,11,9,1650,2,2,3,1,6,54304,M,4868215.0,615591.0,54
201500028711,15,11,9,1810,5,2,1,1,2,54395,M,4870193.0,616403.0,54
201500028712,15,10,8,1540,1,2,1,1,6,54395,M,,,54
201500028713,15,11,12,825,1,2,1,1,6,54339,M,4871211.0,617784.0,54
201500028714,15,10,10,1650,1,2,1,1,3,54395,M,,,54
201500028715,15,11,14,1730,5,2,4,1,3,54328,M,4861238.0,617022.0,54
201500028716,15,10,11,1505,1,1,1,1,6,54197,M,,,54
201500028717,15,11,13,1815,2,2,1,1,4,54395,M,4867697.0,619844.0,54
201500028718,15,11,14,1950,5,2,1,1,5,54395,M,4868848.0,619040.0,54
201500028719,15,11,15,1140,1,2,1,1,3,54395,M,,,54
201500028720,15,11,17,2000,5,2,1,2,2,54526,M,,,54
201500028721,15,10,21,830,1,2,1,1,2,54395,M,4868678.0,619930.0,54
201500028722,15,11,19,920,1,1,1,1,6,54578,M,4865869.0,613930.0,54
201500028723,15,11,20,1700,1,2,1,1,3,54395,M,4869884.0,617257.0,54
201500028724,15,11,19,2050,5,2,3,1,2,54395,M,4868897.0,618863.0,54
201500028725,15,11,20,910,1,2,2,2,6,54395,M,4869719.0,617035.0,54
201500028726,15,11,20,1755,5,1,3,3,1,54578,M,4865684.0,613164.0,54
201500028727,15,11,18,708,2,2,1,1,1,54300,M,4866399.0,621805.0,54
201500028728,15,11,20,1945,5,2,1,2,2,54395,M,,,54
201500028729,15,11,20,640,5,2,2,3,6,54395,M,,,54
201500028730,15,11,20,2020,5,2,2,2,6,54395,M,4870335.0,618176.0,54
201500028731,15,11,7,1140,1,2,1,1,2,54395,M,4868977.0,617603.0,54
201500028732,15,11,5,1805,5,2,3,1,6,54547,M,4866410.0,617372.0,54
201500028733,15,11,24,1300,1,2,2,1,2,54395,M,4868596.0,618106.0,54