Num_Acc,an,mois,jour,hrmn,lum,agg,int,atm,col,com,gps,lat,long,dep
201500028734,15,11,25,1655,5,2,3,2,6,54274,M,4866938.0,619987.0,54
201500028735,15,11,28,2025,5,2,1,1,3,54395,M,,,54
201500028736,15,12,2,753,2,2,1,1,6,54526,M,,,54
201500028737,15,11,24,2010,5,2,1,1,2,54395,M,4866990.0,616803.0,54
201500028738,15,11,29,1255,1,2,2,1,3,54526,M,4868833.0,620905.0,54
201500028739,15,12,2,1700,5,2,1,1,6,54300,M,4865925.0,622747.0,54
201500028740,15,12,7,925,1,1,3,1,2,54025,M,4866172.0,624300.0,54
201500028741,15,12,1,1723,5,2,2,1,6,54395,M,4868776.0,618829.0,54
201500028742,15,12,4,1315,1,2,1,1,6,54395,M,4867430.0,619672.0,54
201500028743,15,12,9,1225,1,2,1,1,3,54395,M,,,54
201500028744,15,11,29,1730,5,2,1,1,6,54395,M,,,54
201500028745,15,12,14,1710,5,2,1,1,4,54184,M,,,54
201500028746,15,12,4,1550,1,2,1,2,6,54395,M,4868715.0,618626.0,54
201500028747,15,12,8,1150,1,2,3,1,3,54395,M,4870350.0,617025.0,54
201500028748,15,12,8,1645,1,2,1,1,6,54184,M,4870072.0,622478.0,54
201500028749,15,12,9,740,5,2,3,2,2,54578,M,4867232.0,615485.0,54
201500028750,15,12,14,1450,1,2,1,1,7,54395,M,,,54
201500028751,15,12,14,1753,2,2,2,1,6,54395,M,4868259.0,618439.0,54
201500028752,15,12,8,910,1,2,1,7,6,54395,M,,,54
201500028753,15,12,14,1855,5,2,2,1,1,54304,M,4867976.0,614836.0,54
201500028754,15,12,17,900,1,2,3,1,6,54395,M,4869063.0,617362.0,54
201500028755,15,12,9,2020,5,2,2,1,6,54395,M,4869545.0,619591.0,54
201500028756,15,12,16,1930,5,2,3,1,3,54395,M,4869248.0,617984.0,54
201500028757,15,12,19,1355,1,2,1,1,3,54300,M,4865879.0,622876.0,54
201500028758,15,12,17,1720,2,2,1,1,6,54395,M,,,54
201500028759,15,12,23,1000,1,2,1,1,6,54547,M,,,54
201500028760,15,12,23,1955,5,2,3,2,6,54304,M,,,54
201500028761,15,12,3,1855,5,2,1,1,3,54482,M,,,54
201500028762,15,1,4,715,5,2,2,1,3,54395,M,,,54
201500028763,15,1,4,2010,5,2,1,1,3,54395,M,,,54
201500028764,15,1,5,1030,1,2,2,5,3,54357,M,,,54
201500028765,15,1,6,1350,1,2,3,1,3,54395,M,,,54
201500028766,15,1,6,1600,1,2,1,1,6,54547,M,,,54
201500028767,15,1,7,1015,1,2,1,1,2,54578,M,,,54
201500028768,15,1,8,1330,1,2,1,1,6,54526,M,,,54
201500028769,15,1,8,1135,1,2,1,1,6,54395,M,,,54
201500028770,15,1,8,1435,1,2,1,2,6,54300,M,,,54
201500028771,15,1,8,1701,5,2,1,3,6,54395,M,,,54
201500028772,15,1,8,1905,5,2,4,2,6,54547,M,4867112.0,617992.0,54
201500028773,15,1,9,1650,5,2,1,2,3,54395,M,,,54
201500028774,15,1,10,1140,1,2,1,2,3,54184,M,,,54
201500028775,15,1,10,1810,5,2,2,1,6,54482,M,,,54
201500028776,15,1,12,1255,1,2,1,1,3,54395,M,,,54
201500028777,15,1,13,1345,1,2,1,1,6,54339,M,,,54
201500028778,15,1,13,1930,5,2,2,2,6,54395,M,,,54
201500028779,15,1,15,1715,5,2,1,1,4,54482,M,,,54
201500028780,15,1,16,1410,1,2,1,2,6,54184,M,,,54
201500028781,15,1,16,2230,5,2,1,2,2,54395,M,,,54
201500028782,15,1,18,1000,1,2,2,1,3,54395,M,,,54
201500028783,15,1,18,1736,5,2,1,1,2,54304,M,,,54
201500028784,15,1,19,925,1,2,2,1,3,54395,M,,,54
201500028785,15,1,20,920,1,2,1,1,2,54482,M,,,54
201500028786,15,1,21,1420,1,2,2,1,6,54395,M,,,54
201500028787,15,1,21,1720,5,2,2,1,6,54395,M,,,54
201500028788,15,1,24,1122,1,2,1,4,6,54395,M,,,54
201500028789,15,1,25,1025,1,2,1,1,3,54395,M,,,54
201500028790,15,1,26,1155,1,2,2,2,6,54395,M,,,54
201500028791,15,1,27,919,1,2,1,1,6,54395,M,,,54
201500028792,15,1,27,1010,1,2,3,1,6,54395,M,,,54
201500028793,15,1,27,1330,1,2,1,1,6,54395,M,,,54
201500028794,15,1,27,1550,1,2,1,1,6,54547,M,,,54
201500028795,15,1,29,805,1,2,2,2,6,54395,M,,,54
201500028796,15,1,30,1750,5,2,1,1,6,54395,M,,,54
201500028797,15,1,30,1800,5,2,2,2,6,54395,M,,,54
201500028798,15,2,1,1815,5,2,1,2,4,54395,M,,,54
201500028799,15,2,2,1030,1,2,1,1,3,54395,M,,,54
201500028800,15,2,3,1505,1,2,3,1,5,54274,M,,,54
201500028801,15,2,5,720,5,2,1,1,6,54578,M,,,54
201500028802,15,2,11,1506,1,2,1,1,4,54578,M,,,54
201500028803,15,2,11,1545,1,2,1,1,6,54395,M,,,54
201500028804,15,2,12,2255,5,2,2,1,3,54395,M,,,54
201500028805,15,2,13,120,5,2,1,1,6,54395,M,,,54
201500028806,15,2,13,1425,1,2,2,1,3,54498,M,,,54
201500028807,15,2,12,2140,5,2,2,1,3,54395,M,,,54
201500028808,15,2,17,815,1,1,1,2,6,54025,M,,,54
201500028809,15,2,19,1630,1,2,1,1,2,54395,M,,,54
201500028810,15,2,20,1710,1,2,1,1,6,54395,M,,,54
201500028811,15,2,22,535,5,2,3,1,6,54395,M,,,54
201500028812,15,2,25,655,2,2,3,1,3,54304,M,,,54
201500028813,15,2,25,750,1,2,1,1,6,54395,M,,,54
201500028814,15,2,25,1720,1,2,3,1,5,54304,M,,,54
201500028815,15,2,27,115,5,2,3,2,6,54395,M,,,54
201500028816,15,2,26,2249,5,2,1,2,5,54304,M,,,54
201500028817,15,2,27,820,1,2,1,2,2,54547,M,,,54
201500028818,15,2,27,1205,1,2,2,1,3,54395,M,,,54
201500028819,15,2,28,1345,1,2,1,1,6,54395,M,,,54
201500028820,15,3,14,1126,1,2,1,1,7,54431,M,0.0,0.0,54
201500028821,15,4,3,1255,1,2,3,1,7,54431,M,4890172.0,605094.0,54
201500028822,15,5,16,1735,1,1,1,1,3,54431,M,4893694.0,606327.0,54
201500028823,15,5,4,925,1,2,1,1,6,54431,M,4890594.0,605176.0,54
201500028824,15,6,19,1907,1,2,3,1,3,54079,M,4889037.0,605259.0,54
201500028825,15,7,21,1653,1,1,3,1,5,54431,M,4891291.0,603737.0,54
201500028826,15,7,29,1540,1,1,1,1,6,54431,M,4892252.0,609007.0,54
201500028827,15,8,5,942,1,2,1,1,6,54431,M,4890352.0,605626.0,54
201500028828,15,8,19,1225,1,1,1,1,6,54431,M,4891861.0,605045.0,54
201500028829,15,9,10,1130,1,2,3,1,6,54431,M,4890573.0,605997.0,54
201500028830,15,11,23,1843,5,2,3,1,1,54332,M,4890214.0,603618.0,54
201500028831,15,12,9,1730,2,2,3,1,3,54079,M,4888793.0,604999.0,54
201500028832,15,2,3,1740,5,2,2,1,7,54431,M,4890508.0,605846.0,54
201500028833,15,2,22,1015,1,1,6,1,3,54431,M,4891704.0,603762.0,54
201500028834,15,2,26,1230,1,2,3,1,3,54431,M,4890830.0,605794.0,54
201500028835,15,2,28,1225,1,2,2,1,3,54079,M,4888699.0,604855.0,54
201500028836,15,3,14,1210,1,2,3,1,1,54528,M,4866729.0,588303.0,54
201500028837,15,3,26,1600,1,2,1,1,1,54528,M,,,54
201500028838,15,2,21,545,3,1,1,2,7,54528,M,4869197.0,591819.0,54
201500028839,15,3,12,1330,1,1,2,7,3,54575,M,4945986.0,585843.0,54
201500028840,15,4,15,2115,3,1,1,1,1,54580,M,,,54
201500028841,15,5,4,1915,1,2,3,1,3,54580,M,0.0,592545.0,54
201500028842,15,5,30,1350,1,2,6,8,7,54580,M,0.0,0.0,54
201500028843,15,7,8,1610,1,2,3,1,6,54580,M,4947062.0,592962.0,54
201500028844,15,5,17,1940,1,2,1,1,7,54580,M,4945485.0,592361.0,54
201500028845,15,9,7,709,2,1,2,1,1,54149,M,4943888.0,591355.0,54
201500028846,15,9,8,1511,1,2,1,1,7,54580,M,4946955.0,593073.0,54
201500028847,15,10,30,2250,3,1,1,1,6,54575,M,4947961.0,582106.0,54
201500028848,15,10,11,1852,1,1,1,1,1,54575,M,4946502.0,584728.0,54
201500028849,15,12,14,914,1,1,1,1,6,54575,M,4945268.0,583956.0,54
201500028850,15,12,25,1935,5,2,4,1,7,54580,M,4946110.0,593781.0,54
201500028851,15,2,6,1020,1,1,1,9,7,54575,M,4948144.0,581865.0,54
201500028852,15,1,24,1325,1,1,4,1,1,54580,M,4944784.0,591910.0,54
201500028853,15,7,3,2120,1,2,1,1,6,55186,M,,,55
201500028854,15,7,28,1645,1,2,1,1,6,55029,M,4877214.0,516435.0,55
201500028855,15,8,19,1250,1,2,1,1,3,55029,M,,,55
201500028856,15,1,2,50,3,1,1,4,6,55302,M,,,55
201500028857,15,1,6,850,2,2,1,1,6,55029,M,,,55
201500028858,15,11,12,1545,1,2,1,1,6,55029,M,,,55
201500028859,15,11,7,930,1,2,1,1,6,55029,M,,,55
201500028860,15,1,13,1810,5,2,1,1,7,55545,M,,,55
201500028861,15,1,23,1850,5,2,1,1,7,55545,M,,,55
201500028862,15,1,29,1815,5,2,3,1,7,55545,M,,,55
201500028863,15,4,19,1645,1,2,3,1,6,55545,M,,,55
201500028864,15,7,4,1825,1,1,1,1,6,55236,M,,,55
201500028865,15,8,11,1320,1,2,1,1,7,55545,M,,,55
201500028866,15,9,6,1820,2,2,1,1,7,55545,M,,,55
201500028867,15,10,26,1805,2,2,1,1,7,55545,M,,,55
201500028868,15,11,14,2205,3,1,1,2,6,55545,M,,,55
201500028869,15,6,3,1500,1,1,1,1,7,55545,M,,,55
201500028870,15,6,19,1440,1,2,1,1,7,55545,M,,,55
201500028871,15,6,25,1345,1,2,1,1,7,55545,M,,,55
201500028872,15,2,17,1320,1,2,1,1,3,56121,M,4774794.0,-338858.0,56
201500028873,15,2,17,2010,5,2,1,1,1,56107,M,4772700.0,-338219.0,56
201500028874,15,2,21,1635,1,2,1,1,7,56121,M,4773897.0,-338070.0,56
201500028875,15,2,24,855,1,2,1,2,3,56098,M,4776178.0,-334523.0,56
201500028876,15,2,24,1342,1,2,1,1,3,56083,M,4780825.0,-326168.0,56
201500028877,15,2,27,705,3,1,1,1,7,56162,M,4773238.0,-348279.0,56
201500028878,15,2,27,1630,1,2,1,1,7,56121,M,4774519.0,-337321.0,56
201500028879,15,2,28,649,5,2,1,1,3,56121,M,4775694.0,-336508.0,56
201500028880,15,3,1,305,5,1,1,1,6,56098,M,4775601.0,-332712.0,56
201500028881,15,11,19,2213,5,2,6,1,3,56121,M,4774304.0,-338894.0,56
201500028882,15,3,2,810,1,1,1,1,7,56083,M,4779084.0,-327649.0,56
201500028883,15,11,20,1156,1,2,1,1,3,56121,M,4775638.0,-338462.0,56
201500028884,15,3,3,855,1,1,1,1,2,56083,M,4781615.0,-323571.0,56
201500028885,15,11,21,1217,1,1,3,1,3,56121,M,4776222.0,-336672.0,56
201500028886,15,3,5,1410,1,2,1,1,3,56121,M,4773402.0,-336511.0,56
201500028887,15,11,23,1110,1,2,1,7,4,56121,M,4775712.0,-336780.0,56
201500028888,15,3,7,1630,1,2,1,1,1,56121,M,4773325.0,-337144.0,56
201500028889,15,11,23,2220,5,2,1,1,2,56098,M,4776725.0,-334054.0,56
201500028890,15,3,10,1700,1,1,1,1,3,56098,M,4777840.0,-335238.0,56
201500028891,15,11,24,1145,1,1,1,1,7,56121,M,4776274.0,-338497.0,56
201500028892,15,3,12,1155,1,2,1,1,3,56121,M,4775877.0,-337795.0,56
201500028893,15,11,25,734,2,2,4,2,7,56083,M,4781361.0,-326172.0,56
201500028894,15,3,12,1810,1,1,1,1,6,56107,M,4773118.0,-338611.0,56
201500028895,15,11,27,1745,5,2,1,2,2,56083,M,4780418.0,-327331.0,56
201500028896,15,3,14,919,1,1,2,1,3,56162,M,4773797.0,-342420.0,56
201500028897,15,11,27,2005,5,1,1,1,7,56121,M,4773868.0,-338093.0,56
201500028898,15,3,14,1211,1,1,1,1,2,56098,M,4776791.0,-335036.0,56
201500028899,15,11,29,1855,1,2,1,1,6,56121,M,4776192.0,-337452.0,56
201500028900,15,3,19,1020,1,2,1,1,7,56121,M,4774830.0,-336528.0,56
201500028901,15,11,29,850,1,2,1,1,7,56121,M,4776275.0,-339561.0,56
201500028902,15,3,19,1600,1,1,1,1,7,56098,M,4776705.0,-335572.0,56
201500028903,15,3,22,215,4,1,1,1,7,56121,M,4775153.0,-336484.0,56
201500028904,15,3,22,855,1,1,1,1,3,56162,M,4773313.0,-348847.0,56
201500028905,15,3,24,816,1,2,1,1,7,56098,M,4776311.0,-334933.0,56
201500028906,15,3,27,920,1,2,1,1,2,56098,M,4776682.0,-333754.0,56
201500028907,15,3,28,1245,1,2,1,1,3,56121,M,4774816.0,-339333.0,56
201500028908,15,4,2,1115,1,2,1,2,7,56121,M,4775006.0,-336662.0,56
201500028909,15,4,3,1440,1,2,1,1,7,56121,M,4774479.0,-336350.0,56
201500028910,15,4,3,2335,5,2,1,1,2,56121,M,4774515.0,-337512.0,56
201500028911,15,12,3,900,1,1,1,1,5,56083,M,4778861.0,-327592.0,56
201500028912,15,4,4,2025,1,2,2,1,3,56121,M,4774040.0,-337579.0,56
201500028913,15,12,1,920,1,2,1,8,3,56098,M,4775767.0,-334969.0,56
201500028914,15,4,7,747,1,1,1,1,7,56083,M,4782588.0,-328260.0,56
201500028915,15,12,1,1855,5,2,1,1,6,56098,M,4776602.0,-335740.0,56
201500028916,15,4,7,1444,1,2,2,1,3,56121,M,4775272.0,-336175.0,56
201500028917,15,12,2,1543,1,2,1,1,6,56121,M,4775314.0,-339152.0,56
201500028918,15,4,7,1800,1,2,6,1,3,56107,M,4772664.0,-338390.0,56
201500028919,15,12,3,820,2,2,1,8,6,56098,M,4776570.0,-334529.0,56
201500028920,15,4,9,1435,1,2,1,1,7,56121,M,4774859.0,-336646.0,56
201500028921,15,12,3,1205,1,2,3,1,3,56083,M,4780412.0,-327196.0,56
201500028922,15,4,11,148,5,2,1,1,7,56121,M,4773996.0,-339335.0,56
201500028923,15,12,8,1159,1,2,1,7,6,56121,M,4773641.0,-338288.0,56
201500028924,15,4,11,1950,1,2,1,1,7,56098,M,4776008.0,-333764.0,56
201500028925,15,12,9,920,1,2,1,1,3,56121,M,4776920.0,-340631.0,56
201500028926,15,4,13,950,1,2,3,1,7,56098,M,4776855.0,-334485.0,56
201500028927,15,12,9,1447,1,2,1,7,2,56121,M,4775095.0,-336615.0,56
201500028928,15,4,14,840,1,2,1,1,7,56121,M,4775813.0,-336138.0,56
201500028929,15,12,10,1848,5,2,1,1,6,56098,M,4776527.0,-334808.0,56
201500028930,15,4,19,1725,1,2,1,1,7,56121,M,4774557.0,-335945.0,56
201500028931,15,4,18,1930,1,1,6,2,6,56162,M,4774122.0,-340631.0,56
201500028932,15,4,20,945,1,2,6,7,3,56098,M,4777736.0,-333890.0,56
201500028933,15,4,25,1803,1,2,6,1,3,56121,M,4774920.0,-337368.0,56
201500028934,15,12,16,2220,5,2,2,1,2,56121,M,4775976.0,-338149.0,56
201500028935,15,4,25,1851,1,2,1,1,2,56083,M,4780860.0,-326194.0,56
201500028936,15,12,17,1510,1,2,1,1,6,56121,M,4776413.0,-339707.0,56
201500028937,15,4,26,1234,1,1,6,2,3,56162,M,4770979.0,-343862.0,56
201500028938,15,4,27,1730,1,2,1,1,7,56098,M,4776655.0,-333542.0,56
201500028939,15,4,28,1720,1,2,1,1,6,56098,M,4776168.0,-335186.0,56
201500028940,15,4,29,1909,1,2,1,1,2,56121,M,4776516.0,-339903.0,56
201500028941,15,5,2,2030,1,1,1,1,7,56162,M,4773702.0,-340064.0,56
201500028942,15,5,3,1900,1,2,1,1,7,56107,M,4771870.0,-338936.0,56
201500028943,15,5,4,935,1,2,1,1,2,56121,M,4773232.0,-337855.0,56
201500028944,15,12,18,1800,2,1,1,1,4,56098,M,4777822.0,-335472.0,56
201500028945,15,5,3,2338,5,2,1,1,7,56098,M,4775984.0,-333760.0,56
201500028946,15,12,20,756,1,2,1,1,6,56083,M,4781848.0,-325411.0,56
201500028947,15,5,4,2025,1,2,2,1,3,56121,M,4775133.0,-338429.0,56
201500028948,15,12,20,1625,1,1,1,1,3,56083,M,4779830.0,-325195.0,56
201500028949,15,5,5,1756,1,2,1,1,5,56083,M,4779778.0,-329724.0,56
201500028950,15,12,21,1645,1,2,1,7,6,56098,M,4776504.0,-335180.0,56
201500028951,15,12,23,1225,1,2,1,1,7,56121,M,4775475.0,-335951.0,56
201500028952,15,5,6,855,1,2,2,1,3,56121,M,4775409.0,-336122.0,56
201500028953,15,5,6,1750,1,2,1,1,7,56083,M,4780358.0,-328845.0,56
201500028954,15,12,28,1540,1,2,1,1,7,56098,M,4781504.0,-324517.0,56
201500028955,15,5,7,1755,1,2,6,1,3,56162,M,4773695.0,-343666.0,56
201500028956,15,12,29,1710,1,1,1,1,3,56121,M,4773626.0,-338246.0,56
201500028957,15,5,9,1633,1,1,3,1,3,56121,M,4774956.0,-336253.0,56
201500028958,15,12,29,1830,5,2,1,2,6,56121,M,4775078.0,-336587.0,56
201500028959,15,12,30,1440,1,1,1,2,7,56083,M,4779956.0,-326056.0,56
201500028960,15,5,11,838,1,2,2,1,3,56121,M,4774590.0,-336039.0,56
201500028961,15,5,11,1730,1,2,1,1,7,56121,M,4774805.0,-335850.0,56
201500028962,15,12,30,1903,5,2,1,2,3,56121,M,4776312.0,-339347.0,56
201500028963,15,5,13,2239,5,2,1,1,3,56121,M,4776082.0,-338536.0,56
201500028964,15,5,18,851,1,1,1,1,2,56083,M,0.0,0.0,56
201500028965,15,5,19,825,1,1,1,1,7,56162,M,4771981.0,-348045.0,56
201500028966,15,5,19,1450,1,2,1,1,3,56121,M,4775408.0,-336711.0,56
201500028967,15,5,20,1825,1,2,3,1,1,56098,M,4775316.0,-333390.0,56
201500028968,15,5,20,2013,1,2,1,1,7,56121,M,4773919.0,-337969.0,56
201500028969,15,5,21,1650,1,1,1,1,1,56121,M,4774975.0,-338050.0,56
201500028970,15,5,24,2215,5,2,4,1,7,56162,M,4776638.0,-340138.0,56
201500028971,15,5,26,1459,1,2,2,1,3,56121,M,4774722.0,-337655.0,56
201500028972,15,5,27,2110,2,2,1,1,7,56098,M,4777162.0,-333877.0,56
201500028973,15,5,30,145,5,2,1,1,7,56083,M,4780128.0,-328283.0,56
201500028974,15,6,1,1005,1,1,2,1,3,56098,M,4777069.0,-334819.0,56
201500028975,15,6,2,1805,1,1,1,1,7,56098,M,4777990.0,-334419.0,56
201500028976,15,6,4,1355,1,2,3,1,3,56098,M,4777862.0,-334042.0,56
201500028977,15,6,4,1820,1,2,1,1,7,56121,M,4775320.0,-339158.0,56
201500028978,15,6,4,1900,1,2,1,1,7,56162,M,4790183.0,-241239.0,56
201500028979,15,6,5,906,1,2,1,1,6,56121,M,4775321.0,-339159.0,56
201500028980,15,6,5,1725,1,1,1,1,7,56121,M,4774907.0,-335983.0,56
201500028981,15,6,5,2010,1,1,1,1,1,56098,M,4776328.0,-334601.0,56
201500028982,15,6,7,1420,1,2,1,1,7,56121,M,4773611.0,-336817.0,56
201500028983,15,6,8,1300,1,2,2,1,7,56121,M,4774723.0,-337658.0,56
201500028984,15,6,9,2020,1,2,3,1,3,56121,M,4774835.0,-338063.0,56
201500028985,15,6,10,1100,1,2,1,7,1,56121,M,4775509.0,-336331.0,56
201500028986,15,6,12,1510,1,1,1,1,6,56098,M,4777540.0,-334086.0,56
201500028987,15,6,13,702,1,2,1,1,7,56121,M,4774832.0,-338860.0,56
201500028988,15,6,14,1515,1,2,1,1,3,56083,M,4779986.0,-326048.0,56
201500028989,15,6,16,1628,1,2,1,1,2,56083,M,4780099.0,-328376.0,56
201500028990,15,6,16,1723,1,2,1,1,3,56098,M,4776798.0,-334272.0,56
201500028991,15,6,18,1410,1,1,6,1,6,56121,M,4776513.0,-337524.0,56
201500028992,15,6,19,1924,1,2,1,1,5,56121,M,4776290.0,-336702.0,56
201500028993,15,6,20,1700,1,1,1,1,7,56098,M,4778032.0,-330975.0,56
201500028994,15,6,23,850,1,1,1,1,3,56162,M,4773852.0,-344583.0,56
201500028995,15,6,25,1112,1,1,1,1,7,56162,M,4773835.0,-344327.0,56
201500028996,15,6,26,830,1,1,1,1,7,56083,M,4779072.0,-327726.0,56
201500028997,15,6,27,139,3,1,1,1,7,56162,M,4773715.0,-342890.0,56
201500028998,15,6,27,1125,1,2,3,1,6,56121,M,4776110.0,-336591.0,56
201500028999,15,6,28,830,1,1,1,1,6,56162,M,4774194.0,-341164.0,56
201500029000,15,7,1,825,1,1,1,1,4,56083,M,4779065.0,-327679.0,56
201500029001,15,7,2,1755,1,2,1,1,5,56098,M,4776975.0,-335088.0,56
201500029002,15,7,3,205,5,2,1,1,7,56121,M,4776048.0,-338449.0,56
201500029003,15,7,5,623,1,2,1,2,7,56083,M,4781492.0,-324594.0,56
201500029004,15,7,7,1333,1,2,1,1,7,56098,M,4777944.0,-333522.0,56
201500029005,15,7,9,1538,1,2,1,1,6,56121,M,0.0,0.0,56
201500029006,15,7,9,1705,1,2,3,1,3,56162,M,4773369.0,-343048.0,56
201500029007,15,7,16,1938,1,2,1,1,7,56098,M,4776849.0,-335305.0,56
201500029008,15,7,19,1747,1,2,1,2,7,56121,M,4775399.0,-338427.0,56
201500029009,15,7,21,800,2,2,1,2,7,56121,M,4775877.0,-338438.0,56
201500029010,15,7,21,950,1,1,1,2,7,56121,M,4775352.0,-339175.0,56
201500029011,15,7,22,1245,1,2,1,1,2,56121,M,4773444.0,-338456.0,56
201500029012,15,7,22,1545,1,2,1,1,2,56083,M,0.0,0.0,56
201500029013,15,7,25,1415,1,2,1,1,3,56121,M,4775356.0,-338797.0,56
201500029014,15,7,26,1945,1,2,3,2,3,56098,M,4777069.0,-334820.0,56
201500029015,15,7,29,1600,1,2,1,1,3,56121,M,4773798.0,-338696.0,56
201500029016,15,7,29,2055,2,1,1,1,2,56098,M,4776318.0,-336207.0,56
201500029017,15,7,30,900,1,2,3,1,3,56121,M,4775365.0,-339177.0,56
201500029018,15,7,30,2000,1,2,2,1,2,56162,M,4773858.0,-341947.0,56
201500029019,15,7,31,1803,1,2,6,1,3,56107,M,4771692.0,-337309.0,56
201500029020,15,8,4,1130,1,1,1,1,3,56121,M,4773321.0,-337728.0,56
201500029021,15,8,4,1150,1,2,2,1,3,56162,M,4773535.0,-349706.0,56
201500029022,15,8,6,1747,1,2,6,1,3,56083,M,4780297.0,-326558.0,56
201500029023,15,8,8,1125,1,2,1,1,3,56107,M,4771524.0,-337536.0,56
201500029024,15,8,11,2035,1,2,2,1,6,56121,M,4774525.0,-337133.0,56
201500029025,15,8,12,1843,1,2,1,1,7,56121,M,4776201.0,-336654.0,56
201500029026,15,8,14,901,1,2,1,2,3,56121,M,4773585.0,-337393.0,56
201500029027,15,8,14,1051,1,2,1,1,7,56121,M,4775128.0,-335968.0,56
201500029028,15,8,14,1410,1,1,1,1,1,56162,M,,,56
201500029029,15,8,17,1735,1,2,2,1,3,56121,M,4774271.0,-337950.0,56
201500029030,15,8,21,1545,1,2,1,1,2,56098,M,4776919.0,-335188.0,56
201500029031,15,8,21,1801,1,2,1,1,7,56121,M,4774605.0,-336703.0,56
201500029032,15,8,23,1903,1,1,1,2,1,56083,M,4780228.0,-328407.0,56
201500029033,15,8,27,1042,1,1,1,1,2,56107,M,4771186.0,-339717.0,56
201500029034,15,8,27,1714,1,2,2,2,6,56121,M,4774499.0,-338984.0,56
201500029035,15,8,28,820,1,2,1,7,6,56121,M,4773997.0,-338251.0,56
201500029036,15,8,30,1755,1,1,6,1,3,56162,M,0.0,0.0,56
201500029037,15,9,1,1210,1,2,1,1,3,56121,M,4775043.0,-336833.0,56
201500029038,15,9,1,1710,1,2,2,1,6,56083,M,4780286.0,-328500.0,56
201500029039,15,9,2,1935,1,2,2,1,3,56098,M,4776257.0,-336062.0,56
201500029040,15,9,4,900,1,1,1,1,2,56121,M,4773531.0,-337418.0,56
201500029041,15,9,5,2005,5,2,1,1,7,56098,M,4776708.0,-333950.0,56
201500029042,15,9,7,800,1,2,2,1,3,56121,M,4775368.0,-339179.0,56
201500029043,15,9,7,1128,1,1,3,1,3,56162,M,4770752.0,-343730.0,56
201500029044,15,9,9,1615,1,2,4,1,3,56121,M,4774982.0,-336342.0,56
201500029045,15,9,11,1115,1,2,1,1,2,56162,M,4772560.0,-341095.0,56
201500029046,15,9,12,105,5,2,1,1,7,56121,M,4775036.0,-336715.0,56
201500029047,15,9,12,232,5,2,1,2,6,56083,M,4780065.0,-328540.0,56
201500029048,15,9,12,1115,1,2,6,1,3,56121,M,4775497.0,-339157.0,56
201500029049,15,9,13,1540,1,2,1,1,7,56121,M,4774835.0,-338862.0,56
201500029050,15,9,13,1816,1,1,1,1,7,56083,M,4779123.0,-327701.0,56
201500029051,15,9,14,750,2,1,1,6,5,56121,M,4775078.0,-338718.0,56
201500029052,15,9,14,1620,1,2,1,1,7,56083,M,4779562.0,-325683.0,56
201500029053,15,9,18,2322,5,2,1,1,7,56121,M,4773651.0,-336541.0,56
201500029054,15,9,18,2349,3,1,1,1,7,56083,M,4778911.0,-327199.0,56
201500029055,15,9,20,1955,1,2,3,7,3,56162,M,4773384.0,-343573.0,56
201500029056,15,9,24,1425,1,2,1,1,7,56121,M,4774236.0,-336842.0,56
201500029057,15,9,25,710,5,1,1,1,6,56098,M,4776662.0,-335643.0,56
201500029058,15,9,25,1635,1,1,1,1,7,56162,M,4773831.0,-344406.0,56
201500029059,15,9,25,1732,1,1,1,1,7,56162,M,4773251.0,-342233.0,56
201500029060,15,9,26,542,5,2,1,1,7,56121,M,4775962.0,-338112.0,56
201500029061,15,9,28,1340,1,2,1,1,7,56121,M,4775078.0,-336143.0,56
201500029062,15,9,28,1645,1,1,2,1,3,56098,M,4777429.0,-333818.0,56
201500029063,15,9,29,850,2,2,6,1,2,56121,M,4774532.0,-336603.0,56
201500029064,15,9,29,1615,1,1,2,1,3,56083,M,4781062.0,-325231.0,56
201500029065,15,9,30,1225,1,2,3,1,3,56121,M,4775256.0,-339130.0,56
201500029066,15,9,30,1700,1,1,1,1,3,56162,M,4773426.0,-342704.0,56
201500029067,15,9,30,2239,5,2,3,1,3,56098,M,4776882.0,-335245.0,56
201500029068,15,10,2,2153,5,2,1,1,1,56098,M,4776548.0,-334551.0,56
201500029069,15,10,5,1136,1,2,3,1,2,56121,M,4776207.0,-338975.0,56
201500029070,15,10,5,1150,1,2,1,1,7,56121,M,4774725.0,-337634.0,56
201500029071,15,10,6,845,1,2,3,1,3,56162,M,4773256.0,-342160.0,56
201500029072,15,10,8,10,3,1,1,1,7,56083,M,4779905.0,-325682.0,56
201500029073,15,10,8,910,1,2,6,7,2,56121,M,4774124.0,-337302.0,56
201500029074,15,10,8,1240,1,1,1,1,7,56083,M,4779736.0,-329858.0,56
201500029075,15,10,9,800,2,2,6,1,3,56121,M,4773877.0,-339177.0,56
201500029076,15,10,9,900,1,2,1,1,2,56098,M,4776198.0,-334106.0,56
201500029077,15,10,12,1500,1,1,1,1,7,56162,M,4770854.0,-342134.0,56