Num_Acc,an,mois,jour,hrmn,lum,agg,int,atm,col,com,gps,lat,long,dep
201500029078,15,10,13,1435,1,2,1,1,6,56121,M,4775992.0,-338196.0,56
201500029079,15,10,14,1120,1,2,1,1,2,56098,M,4777539.0,-334595.0,56
201500029080,15,10,17,2004,5,2,3,1,2,56121,M,4774914.0,-337358.0,56
201500029081,15,10,18,1700,1,2,3,1,2,56083,M,4780164.0,-326381.0,56
201500029082,15,10,21,947,1,2,1,1,6,56121,M,4774125.0,-337316.0,56
201500029083,15,10,16,1655,1,2,1,1,6,56121,M,4776048.0,-338718.0,56
201500029084,15,10,21,1700,1,2,6,1,7,56098,M,4778002.0,-333374.0,56
201500029085,15,10,27,2025,4,2,3,2,6,56121,M,4775303.0,-337560.0,56
201500029086,15,10,28,1010,1,1,1,1,6,56083,M,4781804.0,-323809.0,56
201500029087,15,11,1,545,3,1,1,1,6,56121,M,4775767.0,-338509.0,56
201500029088,15,11,1,1630,1,1,4,1,3,56083,M,4778613.0,-327746.0,56
201500029089,15,11,2,907,1,2,1,7,6,56121,M,4774900.0,-338127.0,56
201500029090,15,11,3,755,2,2,1,7,3,56121,M,4773249.0,-338004.0,56
201500029091,15,11,3,2145,3,2,1,2,7,56083,M,4782254.0,-324420.0,56
201500029092,15,11,4,1445,1,2,1,1,6,56098,M,4776726.0,-335519.0,56
201500029093,15,11,5,100,3,2,1,1,6,56107,M,4771085.0,-338520.0,56
201500029094,15,11,5,745,3,2,1,8,4,56121,M,4776292.0,-338078.0,56
201500029095,15,11,6,1958,5,2,1,2,1,56162,M,4773271.0,-342150.0,56
201500029096,15,11,7,1042,1,2,1,1,6,56121,M,4775614.0,-336409.0,56
201500029097,15,11,7,1525,1,2,1,1,7,56121,M,4775918.0,-336565.0,56
201500029098,15,11,8,1221,1,1,1,1,7,56098,M,4778140.0,-334214.0,56
201500029099,15,11,9,1335,1,2,1,1,6,56083,M,4780850.0,-325577.0,56
201500029100,15,11,9,1945,5,2,1,1,7,56083,M,4781139.0,-324205.0,56
201500029101,15,11,13,1320,1,2,6,1,3,56098,M,4777743.0,-334465.0,56
201500029102,15,11,16,1026,1,2,1,3,3,56121,M,4775688.0,-338588.0,56
201500029103,15,11,18,813,1,2,1,1,6,56121,M,4774356.0,-338858.0,56
201500029104,15,1,1,656,2,2,1,1,7,56162,M,,,56
201500029105,15,1,8,740,2,2,6,2,2,56121,M,4776359.0,-339498.0,56
201500029106,15,1,9,835,1,2,1,2,3,56121,M,4775480.0,-336317.0,56
201500029107,15,1,10,15,5,2,1,1,7,56121,M,4775944.0,-338097.0,56
201500029108,15,1,12,720,3,2,1,2,7,56098,M,4776632.0,-330634.0,56
201500029109,15,1,12,1517,1,2,1,1,3,56121,M,4776154.0,-338830.0,56
201500029110,15,1,16,1837,5,2,2,1,3,56098,M,4776213.0,-333753.0,56
201500029111,15,1,17,1650,1,2,1,1,2,56121,M,4774242.0,-338493.0,56
201500029112,15,1,19,1635,1,2,6,1,3,56121,M,4774837.0,-338877.0,56
201500029113,15,1,23,1735,1,2,1,1,7,56107,M,4772674.0,-338388.0,56
201500029114,15,1,26,1803,1,2,1,1,7,56121,M,4775773.0,-337435.0,56
201500029115,15,1,28,845,1,2,1,1,7,56121,M,4776338.0,-339546.0,56
201500029116,15,1,29,1705,1,2,1,2,6,56098,M,4775924.0,-335271.0,56
201500029117,15,1,30,610,5,2,3,2,3,56121,M,4774764.0,-337420.0,56
201500029118,15,1,30,510,3,1,1,1,7,56098,M,4779046.0,-331935.0,56
201500029119,15,1,30,1930,5,2,1,1,3,56121,M,4775483.0,-336327.0,56
201500029120,15,2,3,830,1,2,1,1,5,56083,M,,,56
201500029121,15,2,4,1319,1,2,1,1,7,56121,M,4774708.0,-339339.0,56
201500029122,15,2,6,1340,1,2,1,1,7,56121,M,4773728.0,-338663.0,56
201500029123,15,2,6,1450,1,2,1,1,7,56083,M,4780764.0,-327259.0,56
201500029124,15,2,6,2045,4,2,1,1,1,56098,M,4776605.0,-333299.0,56
201500029125,15,2,7,2030,5,2,1,1,3,56121,M,4774638.0,-336146.0,56
201500029126,15,2,8,1015,1,2,1,1,7,56162,M,4772105.0,-341555.0,56
201500029127,15,2,11,835,1,2,3,1,7,56121,M,4774269.0,-336341.0,56
201500029128,15,2,13,809,1,2,1,1,7,56083,M,4780565.0,-325944.0,56
201500029129,15,2,13,1210,1,2,1,2,3,56162,M,4773854.0,-341963.0,56
201500029130,15,5,11,1315,1,2,1,1,6,34111,M,4393411.0,370706.0,34
201500029131,15,5,26,745,1,1,1,1,1,34152,M,4379187.0,379498.0,34
201500029132,15,7,2,1745,1,1,1,1,6,34042,M,4386637.0,374031.0,34
201500029133,15,11,3,1845,3,1,1,2,6,34185,M,4381256.0,374353.0,34
201500029134,15,3,8,1638,1,2,3,1,6,56260,M,4764661.0,-275897.0,56
201500029135,15,3,14,903,1,2,3,1,3,56260,M,4766071.0,-276064.0,56
201500029136,15,3,12,1143,1,2,1,1,2,56260,M,4766345.0,-276506.0,56
201500029137,15,3,19,1605,1,2,1,1,2,56260,M,4765657.0,-271972.0,56
201500029138,15,4,11,1706,1,2,1,1,2,56260,M,4765523.0,-275975.0,56
201500029139,15,4,21,2245,3,2,2,1,1,56260,M,4764786.0,-278181.0,56
201500029140,15,4,25,1802,1,1,1,2,2,56260,M,4766702.0,-272533.0,56
201500029141,15,5,21,1350,1,1,2,1,6,56260,M,4765565.0,-276689.0,56
201500029142,15,5,20,1740,1,2,1,1,2,56260,M,4766394.0,-279447.0,56
201500029143,15,6,4,1508,1,2,1,1,3,56260,M,4765270.0,-278492.0,56
201500029144,15,6,5,2023,1,2,2,1,6,56260,M,4764897.0,-277055.0,56
201500029145,15,6,18,1513,1,2,3,1,6,56260,M,4765772.0,-275991.0,56
201500029146,15,6,23,847,1,2,6,1,6,56260,M,4766403.0,-275527.0,56
201500029147,15,6,23,1620,1,2,2,1,1,56260,M,4766142.0,-275706.0,56
201500029148,15,6,16,1850,1,2,3,1,3,56260,M,4767083.0,-277069.0,56
201500029149,15,6,20,2348,5,2,1,1,6,56260,M,4765860.0,-274872.0,56
201500029150,15,6,24,1804,1,2,3,1,6,56260,M,4765698.0,-274512.0,56
201500029151,15,7,18,1553,1,2,1,1,3,56260,M,4765682.0,-275504.0,56
201500029152,15,7,20,1819,1,1,9,1,6,56260,M,4765971.0,-270700.0,56
201500029153,15,8,15,1930,1,2,3,1,3,56260,M,4766702.0,-277353.0,56
201500029154,15,9,2,945,1,2,1,1,3,56260,M,4768257.0,-276748.0,56
201500029155,15,8,25,1040,1,2,1,1,6,56260,M,4766472.0,-275343.0,56
201500029156,15,9,13,1537,1,2,1,1,3,56260,M,4764907.0,-276688.0,56
201500029157,15,9,15,1236,1,2,2,1,3,56260,M,4766749.0,-275685.0,56
201500029158,15,9,15,630,3,2,1,1,5,56260,M,4767687.0,-277454.0,56
201500029159,15,6,11,900,1,2,3,1,3,56260,M,4767085.0,-277069.0,56
201500029160,15,9,19,1745,1,2,1,1,4,56260,M,4767055.0,-279166.0,56
201500029161,15,9,21,2118,3,1,4,8,7,56260,M,4766855.0,-277284.0,56
201500029162,15,10,3,1900,1,2,2,1,2,56260,M,4766744.0,-275682.0,56
201500029163,15,10,6,800,2,2,2,2,1,56260,M,4765646.0,-278235.0,56
201500029164,15,10,22,1935,1,2,1,1,6,56260,M,4767606.0,-276031.0,56
201500029165,15,10,17,1446,1,2,1,1,1,56260,M,4766642.0,-277135.0,56
201500029166,15,10,29,1410,1,2,3,1,3,56260,M,4767606.0,-276035.0,56
201500029167,15,11,4,725,2,2,3,2,3,56260,M,4766092.0,-275442.0,56
201500029168,15,11,4,1435,1,2,1,1,6,56260,M,4765865.0,-276198.0,56
201500029169,15,11,7,1150,1,2,7,8,2,56260,M,4765613.0,-276456.0,56
201500029170,15,11,19,1925,5,2,1,1,2,56260,M,4766271.0,-275632.0,56
201500029171,15,11,13,1920,5,2,1,1,3,56260,M,4766142.0,-275808.0,56
201500029172,15,11,24,1650,1,2,1,1,3,56260,M,4764571.0,-277037.0,56
201500029173,15,11,28,2015,3,2,4,1,3,56260,M,4766715.0,-273544.0,56
201500029174,15,12,7,1620,1,2,4,1,3,56260,M,4765568.0,-276687.0,56
201500029175,15,12,11,1955,5,2,1,1,3,56260,M,4766801.0,-275288.0,56
201500029176,15,1,31,128,5,2,1,8,6,56260,M,4764180.0,-277497.0,56
201500029177,15,2,11,1945,2,2,4,1,3,56260,M,4765867.0,-274857.0,56
201500029178,15,12,23,2200,3,1,1,8,6,49159,M,4764804.0,-32208.0,49
201500029179,15,7,13,2000,1,2,3,1,1,33287,M,4456700.0,3410.0,33
201500029180,15,8,20,1600,1,1,1,1,2,33254,M,4452940.0,-4244.0,33
201500029181,15,10,21,1655,1,1,8,1,3,33533,M,4456230.0,-28740.0,33
201500029182,15,10,28,1100,1,1,2,1,3,33060,M,4454894.0,-33598.0,33
201500029183,15,12,30,1730,2,2,6,1,2,33227,M,4455644.0,-25268.0,33
201500029184,15,1,3,1845,3,1,1,2,6,33392,M,4458460.0,-26924.0,33
201500029185,15,6,27,845,1,2,8,8,1,33030,M,4460154.0,-31881.0,33
201500029186,15,9,13,100,3,1,1,2,7,33552,M,4465885.0,-37067.0,33
201500029187,15,10,31,1045,1,1,1,1,1,33337,M,4457485.0,-28974.0,33
201500029188,15,12,20,1145,1,2,1,1,3,33007,M,4467343.0,-39695.0,33
201500029189,15,8,8,415,3,2,1,1,1,40304,M,4367205.0,-143933.0,40
201500029190,15,3,4,1900,5,2,1,1,6,57227,M,,,57
201500029191,15,12,16,1110,1,1,1,3,7,57227,M,,,57
201500029192,15,11,17,2150,5,2,1,1,3,57227,M,4918920.0,690619.0,57
201500029193,15,12,6,1535,1,2,1,1,3,57227,M,,,57
201500029194,15,6,24,1750,1,2,1,1,3,57537,M,4919514.0,685222.0,57
201500029195,15,9,2,1525,1,2,6,1,6,57227,M,4918905.0,690599.0,57
201500029196,15,12,2,1758,5,2,1,1,6,57227,M,4918113.0,688902.0,57
201500029197,15,2,7,1805,3,1,1,1,7,57227,M,,,57
201500029198,15,2,11,620,5,2,1,1,6,57660,M,4919475.0,692030.0,57
201500029199,15,3,19,1020,1,2,1,1,6,57606,M,4910440.0,670742.0,57
201500029200,15,3,18,1025,1,2,1,1,6,57606,M,4910324.0,670295.0,57
201500029201,15,3,27,1755,2,2,1,1,2,57240,M,4914882.0,682455.0,57
201500029202,15,6,27,752,2,1,1,9,1,57606,M,4913756.0,667867.0,57
201500029203,15,7,15,845,1,1,1,1,3,57332,M,,,57
201500029204,15,9,24,2230,3,1,1,1,6,57606,M,4910955.0,672533.0,57
201500029205,15,10,24,2029,4,2,1,1,6,57606,M,4910351.0,670568.0,57
201500029206,15,10,28,1920,5,2,1,8,6,57240,M,4908000.0,649000.0,57
201500029207,15,11,20,1700,5,2,1,3,6,57606,M,4910611.0,670506.0,57
201500029208,15,2,2,1940,5,2,8,1,6,57591,M,4925482.0,609558.0,57
201500029209,15,4,19,2158,5,1,2,1,1,57019,M,,,57
201500029210,15,6,4,1145,1,2,7,7,6,57591,M,4925628.0,609919.0,57
201500029211,15,6,1,640,1,1,1,2,2,57591,M,4926093.0,610419.0,57
201500029212,15,6,12,745,1,1,1,1,1,57591,M,4923485.0,606498.0,57
201500029213,15,6,28,1920,1,2,3,1,3,57019,M,4925366.0,614990.0,57
201500029214,15,7,10,1910,1,2,3,1,2,57143,M,4926135.0,610254.0,57
201500029215,15,9,8,815,1,2,1,1,6,57591,M,4924572.0,610646.0,57
201500029216,15,11,4,1520,1,2,1,1,6,57491,M,4925103.0,605806.0,57
201500029217,15,1,3,615,5,1,1,2,2,57616,M,4914353.0,620106.0,57
201500029218,15,3,4,1510,1,2,1,1,6,57463,M,4910655.0,617629.0,57
201500029219,15,1,4,1743,3,2,3,1,6,57463,M,4911207.0,621858.0,57
201500029220,15,3,11,1800,1,2,2,1,1,57480,M,4909747.0,615559.0,57
201500029221,15,12,31,1620,1,2,9,1,6,57487,M,4908169.0,610770.0,57
201500029222,15,1,6,1715,5,2,3,1,6,57463,M,4910657.0,616638.0,57
201500029223,15,3,13,1510,1,2,1,1,7,57463,M,4909993.0,617909.0,57
201500029224,15,1,13,1756,5,2,4,2,6,57463,M,4912257.0,617815.0,57
201500029225,15,3,15,330,5,2,1,1,6,57463,M,4912875.0,614169.0,57
201500029226,15,1,19,1500,1,2,2,8,6,57463,M,4911375.0,618222.0,57
201500029227,15,3,18,1215,1,2,3,1,1,57463,M,4912563.0,615869.0,57
201500029228,15,1,27,2330,5,2,1,2,6,57463,M,4913461.0,616563.0,57
201500029229,15,3,19,1730,1,2,3,1,3,57463,M,4909665.0,617803.0,57
201500029230,15,1,29,2018,5,2,3,4,6,57463,M,4911566.0,620463.0,57
201500029231,15,3,20,1630,1,2,4,1,5,57463,M,4912664.0,616244.0,57
201500029232,15,2,5,735,1,2,1,8,6,57463,M,4912325.0,620421.0,57
201500029233,15,3,29,1510,1,2,1,2,6,57463,M,4910116.0,619591.0,57
201500029234,15,2,5,1935,5,1,1,1,6,57463,M,4909446.0,617614.0,57
201500029235,15,3,30,847,1,1,2,8,3,57487,M,4909550.0,611919.0,57
201500029236,15,2,6,845,1,2,1,1,6,57412,M,4911504.0,615257.0,57
201500029237,15,4,8,1400,1,1,4,1,1,57463,M,4913680.0,614381.0,57
201500029238,15,2,9,1940,5,2,3,1,3,57463,M,4910067.0,618858.0,57
201500029239,15,4,9,1210,1,2,1,1,2,57049,M,,,57
201500029240,15,2,19,1905,5,1,1,1,2,57545,M,4913535.0,613699.0,57
201500029241,15,4,12,1345,1,2,3,1,6,57463,M,4910317.0,616477.0,57
201500029242,15,4,16,1055,1,2,3,1,3,57463,M,4912563.0,615869.0,57
201500029243,15,2,25,1640,2,2,1,1,6,57412,M,4912048.0,613439.0,57
201500029244,15,4,16,1603,1,2,1,1,3,57463,M,4913025.0,616566.0,57
201500029245,15,4,19,150,5,2,1,1,6,57463,M,4911061.0,621822.0,57
201500029246,15,4,28,1750,1,2,1,1,3,57751,M,4915167.0,616494.0,57
201500029247,15,5,4,1050,1,2,1,1,5,57463,M,4909586.0,617097.0,57
201500029248,15,5,4,1630,1,2,3,1,3,57463,M,4912602.0,617903.0,57
201500029249,15,5,5,1145,1,2,1,1,6,57463,M,4911941.0,619744.0,57
201500029250,15,5,13,710,1,1,6,1,3,57751,M,4915241.0,614894.0,57
201500029251,15,5,13,1416,1,2,3,1,3,57463,M,4912128.0,619470.0,57
201500029252,15,5,16,535,1,2,3,1,6,57642,M,4910839.0,612080.0,57
201500029253,15,5,18,1525,1,2,3,1,3,57463,M,4909992.0,618027.0,57
201500029254,15,5,21,735,1,2,2,1,6,57463,M,4913453.0,615089.0,57
201500029255,15,5,20,2010,1,2,1,1,3,57463,M,4913312.0,616454.0,57
201500029256,15,5,21,1415,1,2,3,1,6,57463,M,4912172.0,617007.0,57
201500029257,15,5,24,1347,1,1,1,1,6,57463,M,4912284.0,617947.0,57
201500029258,15,6,2,1015,1,2,1,1,3,57463,M,4910891.0,617466.0,57
201500029259,15,6,2,1945,1,2,4,1,3,57487,M,4909544.0,611913.0,57
201500029260,15,6,6,1828,1,1,7,7,6,57463,M,4911483.0,617227.0,57
201500029261,15,6,8,725,1,2,3,1,1,57480,M,4909147.0,615525.0,57
201500029262,15,6,10,850,1,2,6,1,6,57463,M,4910610.0,616452.0,57
201500029263,15,6,11,1815,1,2,1,1,6,57463,M,4910947.0,622025.0,57
201500029264,15,6,15,1607,1,2,1,1,6,57049,M,4912214.0,614894.0,57
201500029265,15,6,15,1820,1,2,3,1,6,57463,M,4911544.0,617391.0,57
201500029266,15,6,22,1345,1,2,1,1,2,57463,M,4910735.0,616916.0,57
201500029267,15,6,22,1434,1,2,1,2,6,57463,M,4910720.0,616878.0,57
201500029268,15,6,23,1854,1,2,1,2,6,57412,M,4911952.0,614490.0,57
201500029269,15,6,25,2315,5,2,3,1,3,57463,M,4911054.0,617198.0,57
201500029270,15,6,30,1635,1,2,3,1,3,57463,M,4907128.0,618485.0,57
201500029271,15,6,30,2020,1,2,1,1,3,57751,M,4914738.0,616581.0,57
201500029272,15,7,1,1205,1,2,6,7,3,57447,M,4906813.0,614732.0,57
201500029273,15,7,15,1610,1,2,1,1,6,57463,M,4911987.0,621922.0,57
201500029274,15,7,21,1500,1,2,1,1,6,57751,M,4915008.0,616827.0,57
201500029275,15,7,21,1810,1,2,1,1,1,57751,M,4915401.0,615316.0,57
201500029276,15,7,27,1405,1,2,1,1,4,57487,M,4908069.0,610672.0,57
201500029277,15,7,31,1530,1,2,4,1,3,57463,M,4913477.0,617724.0,57
201500029278,15,8,4,1550,1,2,6,1,6,57447,M,4908715.0,614006.0,57
201500029279,15,8,7,1808,1,2,1,1,5,57463,M,4911670.0,618306.0,57
201500029280,15,8,7,1615,1,2,1,1,2,57412,M,4911220.0,613379.0,57
201500029281,15,8,10,930,1,2,3,1,5,57463,M,4913515.0,616963.0,57
201500029282,15,8,14,1600,1,2,3,1,3,57463,M,4911871.0,620300.0,57
201500029283,15,8,17,1610,1,2,1,1,6,57463,M,4911565.0,617409.0,57
201500029284,15,8,18,1120,1,2,1,1,6,57463,M,4912159.0,617615.0,57
201500029285,15,8,26,1020,1,2,3,1,5,57463,M,4912111.0,618836.0,57
201500029286,15,9,1,1745,1,1,1,1,4,57463,M,4911753.0,621415.0,57
201500029287,15,9,3,1045,1,2,1,1,3,57412,M,4911389.0,613841.0,57
201500029288,15,9,3,1705,1,1,3,1,6,57463,M,4911253.0,622043.0,57
201500029289,15,9,5,1920,1,2,3,1,6,57480,M,4909152.0,615517.0,57
201500029290,15,9,8,1310,1,2,1,1,6,57463,M,4912256.0,617822.0,57
201500029291,15,9,11,1857,1,2,2,1,6,57463,M,4911323.0,618351.0,57
201500029292,15,9,25,725,2,2,1,1,3,57480,M,4908715.0,615158.0,57
201500029293,15,9,29,1830,1,2,1,1,6,57463,M,4910465.0,622355.0,57
201500029294,15,10,5,1225,1,2,2,1,1,57463,M,4911570.0,620474.0,57
201500029295,15,10,7,1330,1,2,3,1,3,57463,M,4911170.0,617817.0,57
201500029296,15,10,10,931,1,2,1,1,6,57463,M,4910185.0,616306.0,57
201500029297,15,10,12,1710,1,1,1,1,6,57480,M,4909900.0,614964.0,57
201500029298,15,10,13,1656,1,2,3,3,6,57463,M,4909229.0,617619.0,57
201500029299,15,11,3,1755,1,2,3,1,6,57463,M,4910161.0,619854.0,57
201500029300,15,11,4,1925,1,2,3,1,3,57463,M,4910436.0,616866.0,57
201500029301,15,11,4,1920,5,2,3,1,3,57049,M,4912141.0,615014.0,57
201500029302,15,11,6,1835,5,2,1,2,6,57463,M,4911182.0,618015.0,57
201500029303,15,11,12,1330,1,2,3,1,3,57463,M,4912211.0,621560.0,57
201500029304,15,11,15,1430,1,2,3,1,3,57463,M,4911205.0,621851.0,57
201500029305,15,11,18,750,1,2,1,1,6,57463,M,4912026.0,616967.0,57
201500029306,15,11,19,1706,2,2,3,1,6,57463,M,4914328.0,617178.0,57
201500029307,15,11,19,1824,2,2,3,1,6,57463,M,4910295.0,617757.0,57
201500029308,15,11,22,100,3,2,9,2,3,57463,M,4911567.0,619078.0,57
201500029309,15,11,26,1104,1,2,9,1,6,57463,M,4910715.0,622699.0,57
201500029310,15,11,30,1535,1,2,3,2,6,57463,M,4913514.0,616633.0,57
201500029311,15,12,1,1330,1,2,1,1,6,57463,M,4911132.0,617385.0,57
201500029312,15,12,3,1106,1,2,9,1,6,57480,M,4908762.0,615602.0,57
201500029313,15,12,3,1655,5,2,3,1,6,57463,M,4913519.0,616943.0,57
201500029314,15,12,6,415,3,1,1,5,6,57545,M,0.0,0.0,57
201500029315,15,12,8,1426,1,2,1,1,6,57447,M,4907533.0,614584.0,57
201500029316,15,12,11,815,1,2,3,1,6,57447,M,4906187.0,616206.0,57
201500029317,15,12,16,740,2,2,1,1,6,57463,M,4911317.0,621682.0,57
201500029318,15,12,7,1717,3,2,3,1,6,57463,M,4909947.0,619403.0,57
201500029319,15,12,19,1605,2,2,3,1,3,57447,M,4907790.0,614439.0,57
201500029320,15,12,29,900,1,2,3,1,6,57463,M,4910586.0,619661.0,57
201500029321,15,4,26,1856,1,2,1,1,7,57344,M,4872025.0,702219.0,57
201500029322,15,12,26,345,5,2,1,1,3,57630,M,4873875.0,706608.0,57
201500029323,15,5,2,1000,1,2,9,1,3,57630,M,4874100.0,707350.0,57
201500029324,15,8,11,111,5,2,1,1,6,57630,M,4873988.0,705677.0,57
201500029325,15,8,25,815,1,2,1,1,6,57630,M,4873469.0,704308.0,57
201500029326,15,9,13,1248,1,2,1,2,6,57344,M,4871988.0,702450.0,57
201500029327,15,9,23,1820,1,2,1,2,6,57630,M,4873591.0,705672.0,57
201500029328,15,10,3,1640,1,2,9,1,2,57630,M,4872728.0,704858.0,57
201500029329,15,12,15,1750,5,2,1,1,6,57630,M,4873514.0,704822.0,57
201500029330,15,12,16,1710,2,2,1,1,6,57630,M,4873802.0,706369.0,57
201500029331,15,12,21,2150,5,2,1,1,7,57630,M,4872941.0,704894.0,57
201500029332,15,1,15,745,2,2,1,1,6,57630,M,4873247.0,705246.0,57
201500029333,15,2,7,841,1,2,3,1,3,57630,M,4873021.0,703838.0,57
201500029334,15,12,17,750,5,2,1,2,6,57631,M,4911580.0,707655.0,57
201500029335,15,4,1,1730,1,2,1,1,5,57631,M,4910559.0,709021.0,57
201500029336,15,5,6,1130,1,2,1,1,6,57631,M,4911048.0,706597.0,57
201500029337,15,8,5,1210,1,2,1,1,3,57631,M,4911633.0,707208.0,57
201500029338,15,9,3,2100,3,1,1,1,1,57631,M,,,57
201500029339,15,10,2,1040,1,2,1,1,6,57631,M,4911083.0,706522.0,57
201500029340,15,1,6,1304,1,2,2,1,3,57672,M,4935429.0,615839.0,57
201500029341,15,3,6,2055,5,2,1,1,6,57647,M,4931835.0,609233.0,57
201500029342,15,1,7,1845,5,2,1,8,6,57672,M,,,57
201500029343,15,3,21,940,1,2,1,1,6,57672,M,4935969.0,616297.0,57
201500029344,15,1,8,1855,5,2,1,2,6,57508,M,4934232.0,605311.0,57
201500029345,15,3,22,1835,1,1,1,1,3,57757,M,0.0,0.0,57
201500029346,15,1,13,1745,5,2,1,3,6,57672,M,4935462.0,616256.0,57
201500029347,15,3,27,1702,1,2,2,1,3,57757,M,4934477.0,620166.0,57
201500029348,15,1,15,1745,3,2,1,2,6,57672,M,4935502.0,613031.0,57
201500029349,15,3,29,1115,1,2,3,2,3,57647,M,4931605.0,610100.0,57
201500029350,15,1,19,1745,5,2,2,1,3,57672,M,4935162.0,615819.0,57
201500029351,15,4,2,1935,1,2,1,1,6,57672,M,4937089.0,615147.0,57
201500029352,15,1,21,1805,5,2,1,1,6,57672,M,4935849.0,616149.0,57
201500029353,15,4,13,1105,1,1,1,1,3,57672,M,4935733.0,615644.0,57
201500029354,15,1,24,1255,1,2,1,4,1,57221,M,4932811.0,611731.0,57
201500029355,15,4,13,2225,5,2,1,1,6,57306,M,4932694.0,605525.0,57
201500029356,15,1,30,800,2,2,1,2,6,57672,M,4936353.0,614893.0,57
201500029357,15,4,14,937,1,2,1,1,6,57672,M,4935919.0,617066.0,57
201500029358,15,4,17,1055,1,2,1,1,6,57672,M,4935933.0,616994.0,57
201500029359,15,2,1,1800,5,2,1,2,6,57757,M,4935347.0,618071.0,57
201500029360,15,4,17,1920,1,2,1,1,7,57672,M,4935250.0,614558.0,57
201500029361,15,2,3,715,2,2,1,5,6,57672,M,4936184.0,617029.0,57
201500029362,15,4,29,1215,1,2,3,1,3,57672,M,4935478.0,616294.0,57
201500029363,15,2,7,1510,1,2,1,1,6,57306,M,4932854.0,605906.0,57
201500029364,15,2,11,950,1,2,1,1,6,57672,M,4935892.0,616943.0,57
201500029365,15,5,19,2010,1,2,1,1,6,57368,M,4933886.0,604308.0,57
201500029366,15,2,11,1239,1,2,2,1,3,57306,M,4935372.0,606912.0,57
201500029367,15,5,19,930,1,1,1,1,6,57368,M,4934005.0,604098.0,57
201500029368,15,2,13,1900,3,1,1,1,5,57221,M,,,57
201500029369,15,5,21,910,1,2,1,1,6,57672,M,4935217.0,616116.0,57
201500029370,15,5,28,1700,1,2,1,1,2,57666,M,4934594.0,612422.0,57
201500029371,15,5,28,2140,5,2,1,1,6,57757,M,4934416.0,618358.0,57
201500029372,15,5,28,2230,3,1,1,1,6,57508,M,4934778.0,605843.0,57
201500029373,15,6,4,1250,1,1,1,1,3,57666,M,4934468.0,611726.0,57
201500029374,15,6,5,1020,1,2,3,1,1,57672,M,4935408.0,615611.0,57
201500029375,15,6,12,1115,1,2,1,1,6,57306,M,4933218.0,605400.0,57
201500029376,15,6,20,1325,1,2,1,1,3,57012,M,4936596.0,605206.0,57
201500029377,15,6,23,1305,1,1,1,1,1,57221,M,4933831.0,611312.0,57
201500029378,15,7,10,2205,4,1,1,1,6,57757,M,4936576.0,620934.0,57
201500029379,15,7,12,1500,1,1,1,1,6,57672,M,4935294.0,610082.0,57
201500029380,15,7,21,1550,1,2,1,1,6,57306,M,4935440.0,606337.0,57
201500029381,15,7,31,2040,1,2,1,1,3,57757,M,4934747.0,619527.0,57
201500029382,15,8,2,420,5,2,1,1,3,57672,M,4935958.0,613376.0,57
201500029383,15,8,22,1005,1,2,1,1,6,57757,M,4935812.0,618909.0,57
201500029384,15,8,25,1125,1,2,1,1,3,57221,M,4931835.0,610673.0,57
201500029385,15,9,7,1705,1,1,1,1,1,57672,M,4935140.0,608912.0,57
201500029386,15,9,9,1010,1,2,1,1,3,57757,M,4935812.0,618909.0,57
201500029387,15,9,21,1651,1,2,1,1,6,57672,M,4936477.0,609213.0,57
201500029388,15,9,23,2111,5,2,2,8,3,57672,M,4936809.0,615733.0,57
201500029389,15,9,28,1440,1,2,1,1,3,57672,M,4935354.0,617895.0,57
201500029390,15,10,1,2205,3,1,1,1,6,57441,M,4938983.0,616857.0,57
201500029391,15,10,3,1425,1,2,1,1,3,57672,M,4935646.0,614333.0,57
201500029392,15,10,8,1925,5,2,1,1,3,57672,M,4936000.0,617089.0,57
201500029393,15,10,10,1910,3,2,1,1,6,57221,M,4931917.0,615590.0,57
201500029394,15,10,21,730,2,2,1,1,6,57672,M,4936222.0,617392.0,57
201500029395,15,10,24,1825,1,2,6,1,7,57672,M,4936331.0,611137.0,57
201500029396,15,11,3,755,1,2,1,1,6,57368,M,4934253.0,603501.0,57
201500029397,15,11,6,1610,1,2,1,1,6,57672,M,4936548.0,615217.0,57
201500029398,15,11,6,1635,1,2,2,1,3,57757,M,4934810.0,619356.0,57
201500029399,15,11,6,1810,5,2,1,2,6,57221,M,4932631.0,612646.0,57
201500029400,15,11,7,1000,1,1,1,1,6,57672,M,4939552.0,619602.0,57
201500029401,15,11,17,752,1,2,1,2,6,57672,M,4936435.0,614124.0,57