Num_Acc,an,mois,jour,hrmn,lum,agg,int,atm,col,com,gps,lat,long,dep
201500029402,15,11,19,1730,5,2,1,2,6,57672,M,4936558.0,616602.0,57
201500029403,15,11,20,1220,1,2,1,3,6,57672,M,4935403.0,615980.0,57
201500029404,15,11,24,1720,4,2,1,1,6,57368,M,4933697.0,604684.0,57
201500029405,15,11,28,1730,5,2,1,1,6,57672,M,4935791.0,616939.0,57
201500029406,15,12,1,750,2,1,1,2,6,57672,M,4935961.0,616285.0,57
201500029407,15,12,1,1035,1,2,1,2,6,57672,M,4935925.0,617054.0,57
201500029408,15,12,3,1206,1,2,3,1,3,57306,M,4932744.0,606865.0,57
201500029409,15,12,8,1630,2,2,1,1,6,57672,M,4936428.0,616324.0,57
201500029410,15,12,9,955,1,2,1,1,6,57672,M,4935530.0,616195.0,57
201500029411,15,12,14,805,2,1,1,1,1,57508,M,4934578.0,603777.0,57
201500029412,15,12,16,1825,5,2,3,2,6,57666,M,4934506.0,613365.0,57
201500029413,15,12,19,1716,5,2,6,1,3,57757,M,4934906.0,617649.0,57
201500029414,15,12,27,1900,5,2,1,1,6,57672,M,4934302.0,616096.0,57
201500029415,15,8,29,1315,1,1,3,1,3,33332,M,4503389.0,744.0,33
201500029416,15,1,30,1945,3,1,1,2,4,11068,M,4317970.0,256443.0,11
201500029417,15,4,11,245,3,1,1,1,2,11151,M,4319208.0,245508.0,11
201500029418,15,7,9,515,2,1,1,1,6,11069,M,4320146.0,227605.0,11
201500029419,15,8,1,1300,1,1,1,1,3,11069,M,4318636.0,239802.0,11
201500029420,15,8,10,1045,2,1,1,1,5,11069,M,4319144.0,237598.0,11
201500029421,15,11,30,1215,1,1,1,1,2,11069,M,4318716.0,240245.0,11
201500029422,15,12,17,1830,3,1,1,1,5,11076,M,4328695.0,195116.0,11
201500029423,15,5,10,1730,1,1,9,1,3,57371,M,0.0,0.0,57
201500029424,15,11,1,1115,1,1,1,5,1,57437,M,0.0,0.0,57
201500029425,15,11,2,1800,3,1,1,5,1,57740,M,0.0,0.0,57
201500029426,15,12,24,1830,3,1,1,2,1,57371,M,0.0,0.0,57
201500029427,15,7,6,1800,1,1,1,7,4,86100,M,0.0,0.0,86
201500029428,15,3,5,1550,1,2,1,1,2,58194,M,4740000.0,309000.0,58
201500029429,15,3,23,820,1,2,3,1,3,58194,M,,,58
201500029430,15,3,25,1215,1,2,1,1,6,58194,M,,,58
201500029431,15,1,9,2015,5,2,1,2,7,58194,M,,,58
201500029432,15,3,26,2055,5,2,1,2,7,58194,M,,,58
201500029433,15,3,26,755,1,2,1,1,3,58194,M,,,58
201500029434,15,3,31,1510,1,2,3,1,3,58194,M,,,58
201500029435,15,12,28,1725,5,2,1,1,1,58194,M,4699174.0,312342.0,58
201500029436,15,4,10,1110,1,2,2,1,6,58194,M,,,58
201500029437,15,4,15,1600,1,2,2,1,6,58194,M,,,58
201500029438,15,4,10,705,1,2,1,1,7,58194,M,,,58
201500029439,15,12,17,900,1,2,1,2,7,58194,M,4697040.0,312877.0,58
201500029440,15,1,2,945,1,2,1,8,1,58194,M,,,58
201500029441,15,4,15,1155,1,2,1,1,6,58194,M,,,58
201500029442,15,12,20,1700,1,2,1,1,7,58194,M,,,58
201500029443,15,4,18,1045,1,2,1,1,3,58194,M,,,58
201500029444,15,2,5,940,1,2,1,1,7,58194,M,,,58
201500029445,15,4,17,1610,1,2,1,1,7,58194,M,4699680.0,314794.0,58
201500029446,15,5,7,750,1,1,1,1,6,58194,M,4698483.0,315794.0,58
201500029447,15,4,23,1810,1,2,2,1,3,58194,M,,,58
201500029448,15,2,19,1350,1,2,1,1,7,58194,M,,,58
201500029449,15,5,21,1335,1,2,1,1,7,58194,M,,,58
201500029450,15,5,19,1820,1,2,1,1,7,58194,M,,,58
201500029451,15,6,7,1320,1,2,9,1,6,58194,M,4698805.0,315349.0,58
201500029452,15,6,7,1355,1,2,1,1,6,58194,M,4699269.0,316039.0,58
201500029453,15,6,9,820,1,2,1,1,7,58194,M,4699262.0,317146.0,58
201500029454,15,6,18,1615,1,2,1,1,1,58194,M,4698756.0,313768.0,58
201500029455,15,6,23,1115,1,2,1,1,7,58194,M,,,58
201500029456,15,5,13,1405,1,2,1,1,6,58194,M,4699159.0,315481.0,58
201500029457,15,7,7,825,1,2,1,1,7,58194,M,,,58
201500029458,15,7,9,1115,1,2,1,1,6,58194,M,4699172.0,316128.0,58
201500029459,15,6,26,1530,1,2,2,1,6,58194,M,4699233.0,315971.0,58
201500029460,15,7,14,955,1,2,1,1,6,58194,M,4698288.0,313179.0,58
201500029461,15,7,11,902,1,2,2,1,3,58194,M,4698995.0,316845.0,58
201500029462,15,7,17,945,1,2,1,1,6,58194,M,4699480.0,316258.0,58
201500029463,15,7,3,1210,1,2,6,1,3,58194,M,4699514.0,316815.0,58
201500029464,15,7,10,1515,1,2,6,1,3,58194,M,4699263.0,314839.0,58
201500029465,15,7,18,1310,1,2,1,1,6,58194,M,4698635.0,313581.0,58
201500029466,15,7,12,2120,2,2,1,1,2,58194,M,4698364.0,315878.0,58
201500029467,15,7,25,425,5,2,1,1,7,58194,M,4698271.0,314828.0,58
201500029468,15,7,31,750,1,2,1,1,6,58194,M,,,58
201500029469,15,8,6,1350,1,2,1,1,7,58194,M,4698810.0,312449.0,58
201500029470,15,8,6,1415,1,2,1,1,2,58194,M,,,58
201500029471,15,8,11,1615,1,2,1,1,2,58194,M,,,58
201500029472,15,8,13,1705,1,2,1,1,2,58194,M,,,58
201500029473,15,8,20,2125,5,2,3,1,3,58194,M,4698470.0,317778.0,58
201500029474,15,8,22,1720,1,2,1,1,6,58194,M,,,58
201500029475,15,8,31,1655,1,2,1,1,3,58194,M,,,58
201500029476,15,8,29,1200,1,2,1,1,5,58194,M,,,58
201500029477,15,7,30,2215,5,2,1,1,6,58194,M,4698751.0,313738.0,58
201500029478,15,9,5,1615,1,2,1,1,7,58194,M,,,58
201500029479,15,9,9,1045,1,2,1,1,6,58194,M,4699067.0,315902.0,58
201500029480,15,9,6,1415,1,2,1,1,7,58194,M,,,58
201500029481,15,9,15,1420,1,2,1,1,1,58194,M,,,58
201500029482,15,9,18,1530,1,2,1,1,7,58194,M,,,58
201500029483,15,9,24,1500,1,2,1,1,1,58194,M,,,58
201500029484,15,9,23,1740,1,2,1,1,6,58194,M,4698450.0,317802.0,58
201500029485,15,10,9,735,1,2,1,1,3,58194,M,4700409.0,315681.0,58
201500029486,15,10,12,1500,1,2,1,1,7,58194,M,,,58
201500029487,15,10,2,1200,1,2,1,1,6,58194,M,4699727.0,315898.0,58
201500029488,15,10,17,1555,1,2,2,1,3,58194,M,4699259.0,313544.0,58
201500029489,15,10,27,1630,1,2,1,1,7,58194,M,4700004.0,318474.0,58
201500029490,15,10,30,1640,1,2,1,1,3,58194,M,,,58
201500029491,15,11,4,1535,1,2,1,1,6,58194,M,4699712.0,315371.0,58
201500029492,15,11,12,1355,1,2,1,1,1,58194,M,,,58
201500029493,15,11,4,1900,1,2,1,1,3,58194,M,,,58
201500029494,15,11,12,1215,1,2,1,1,6,58194,M,4699292.0,312897.0,58
201500029495,15,11,18,1515,1,2,1,1,6,58194,M,,,58
201500029496,15,11,24,715,1,2,1,1,6,58194,M,,,58
201500029497,15,11,25,1220,1,2,1,2,7,58194,M,4698206.0,313377.0,58
201500029498,15,11,25,1320,1,2,1,2,1,58194,M,,,58
201500029499,15,11,8,1815,5,2,1,1,1,58194,M,4698777.0,317727.0,58
201500029500,15,12,4,1115,1,2,1,1,7,58194,M,,,58
201500029501,15,12,4,1250,1,2,1,1,2,58194,M,,,58
201500029502,15,11,18,2315,5,2,3,2,3,58194,M,4698560.0,317452.0,58
201500029503,15,12,4,1740,5,2,1,8,6,58194,M,4700128.0,314580.0,58
201500029504,15,12,2,1200,1,2,3,1,3,58194,M,4699331.0,315685.0,58
201500029505,15,12,7,1505,1,2,1,1,6,58194,M,4698819.0,311915.0,58
201500029506,15,11,14,1354,1,2,1,1,1,58194,M,4698227.0,312696.0,58
201500029507,15,12,7,1820,2,2,1,1,1,58194,M,,,58
201500029508,15,12,12,1025,1,2,1,1,3,58194,M,,,58
201500029509,15,12,13,2155,5,2,1,1,7,58194,M,4698520.0,318798.0,58
201500029510,15,1,7,1430,1,2,1,2,6,58194,M,,,58
201500029511,15,1,9,1710,2,2,6,2,6,58194,M,,,58
201500029512,15,1,17,1025,1,2,1,1,6,58194,M,,,58
201500029513,15,1,19,1755,5,2,3,1,3,58194,M,,,58
201500029514,15,1,25,910,1,2,3,9,6,58194,M,,,58
201500029515,15,1,22,740,2,2,1,2,2,58194,M,,,58
201500029516,15,1,23,1135,1,2,1,8,2,58194,M,,,58
201500029517,15,1,26,2130,4,2,1,2,3,58194,M,,,58
201500029518,15,2,2,1920,5,2,2,2,3,58194,M,,,58
201500029519,15,2,11,1505,1,2,1,1,3,58194,M,,,58
201500029520,15,2,23,1850,5,2,3,2,3,58194,M,,,58
201500029521,15,3,5,1715,1,2,1,1,3,95313,M,4910440.0,222940.0,95
201500029522,15,12,17,915,1,2,1,1,6,95487,M,4915050.0,227690.0,95
201500029523,15,12,17,1415,1,2,1,1,6,95052,M,4914310.0,229420.0,95
201500029524,15,2,27,845,1,1,1,7,4,95058,M,4915990.0,231270.0,95
201500029525,15,4,5,1645,1,2,1,1,6,95052,M,4913960.0,228650.0,95
201500029526,15,4,10,1730,1,2,1,1,2,95487,M,4915250.0,227320.0,95
201500029527,15,5,31,2245,5,2,1,2,6,95487,M,4915490.0,227590.0,95
201500029528,15,6,6,1900,1,2,1,1,6,95436,M,4913130.0,226590.0,95
201500029529,15,9,2,1500,1,1,1,1,1,95052,M,4915020.0,229620.0,95
201500029530,15,11,17,800,2,2,1,2,6,95116,M,4915810.0,233260.0,95
201500029531,15,12,4,800,2,1,1,8,1,95052,M,4914570.0,230180.0,95
201500029532,15,1,22,530,4,2,1,1,6,95313,M,4911760.0,221920.0,95
201500029533,15,1,30,1730,1,2,1,1,6,95504,M,4910760.0,229990.0,95
201500029534,15,3,14,1630,1,2,1,1,1,95313,M,4911290.0,221040.0,95
201500029535,15,5,31,30,3,1,1,1,4,95445,M,0.0,0.0,95
201500029536,15,7,24,1600,1,1,1,1,3,95313,M,4911920.0,223180.0,95
201500029537,15,9,10,1230,1,1,3,1,3,95504,M,4910580.0,229340.0,95
201500029538,15,9,11,945,1,2,1,1,3,95313,M,4910880.0,222220.0,95
201500029539,15,9,18,930,2,1,1,1,7,95504,M,0.0,0.0,95
201500029540,15,9,21,2145,3,1,1,2,6,95445,M,0.0,0.0,95
201500029541,15,10,23,1745,1,2,1,1,3,95313,M,4911910.0,221810.0,95
201500029542,15,10,27,1515,1,2,1,1,6,95313,M,4911260.0,221740.0,95
201500029543,15,11,19,1600,1,1,1,1,6,95445,M,4909040.0,225820.0,95
201500029544,15,12,3,1900,3,1,1,1,6,95313,M,4912070.0,223790.0,95
201500029545,15,9,12,1730,1,2,1,2,3,71047,M,4661974.0,376800.0,71
201500029546,15,10,19,1800,2,2,1,7,6,71047,M,4662346.0,375558.0,71
201500029547,15,2,18,955,1,2,1,1,6,59143,M,,,59
201500029548,15,3,2,835,1,2,1,1,6,59017,M,,,59
201500029549,15,3,13,1025,1,1,1,1,3,59017,M,,,59
201500029550,15,3,26,910,1,2,1,1,6,59017,M,,,59
201500029551,15,4,3,1620,1,2,1,1,6,59431,M,,,59
201500029552,15,2,27,1500,1,2,1,1,6,59017,M,,,59
201500029553,15,4,16,1130,1,1,3,1,3,59431,M,,,59
201500029554,15,4,21,830,1,1,3,1,6,59017,M,,,59
201500029555,15,5,13,2200,5,2,1,1,3,59017,M,,,59
201500029556,15,6,18,1440,1,2,3,1,6,59017,M,,,59
201500029557,15,6,24,2105,1,2,1,1,6,59317,M,,,59
201500029558,15,7,3,1750,1,2,1,1,6,59017,M,,,59
201500029559,15,8,7,915,1,1,2,1,1,59143,M,,,59
201500029560,15,8,26,1626,1,1,2,1,3,59143,M,,,59
201500029561,15,10,15,1540,1,2,1,2,3,59017,M,,,59
201500029562,15,10,8,1145,1,2,1,1,6,59431,M,,,59
201500029563,15,10,26,1450,1,1,1,1,3,59017,M,,,59
201500029564,15,11,6,505,3,1,1,2,5,59317,M,,,59
201500029565,15,11,10,2355,3,1,1,1,6,59143,M,,,59
201500029566,15,11,16,1810,5,2,3,2,6,59017,M,,,59
201500029567,15,11,3,1100,1,1,6,1,3,59017,M,,,59
201500029568,15,12,3,900,1,2,2,1,3,59017,M,,,59
201500029569,15,12,21,1745,1,2,1,1,5,59017,M,,,59
201500029570,15,12,28,1530,1,1,3,1,3,59317,M,,,59
201500029571,15,1,6,1530,1,2,1,1,1,59017,M,,,59
201500029572,15,1,23,2020,5,2,1,1,6,59317,M,,,59
201500029573,15,1,28,1430,1,2,1,3,6,59017,M,,,59
201500029574,15,2,9,1220,1,2,3,1,3,59017,M,,,59
201500029575,15,3,2,1630,1,2,1,7,6,59033,M,5019891.0,384544.0,59
201500029576,15,3,13,1650,1,2,9,1,6,59068,M,5020294.0,381338.0,59
201500029577,15,10,16,1900,2,2,1,1,3,59033,M,,,59
201500029578,15,12,11,815,2,2,1,3,6,59033,M,,,59
201500029579,15,6,30,1630,1,2,1,1,6,59043,M,5073667.0,273281.0,59
201500029580,15,8,10,855,1,1,1,1,6,59043,M,5072819.0,277012.0,59
201500029581,15,9,10,700,2,1,3,1,3,59043,M,,,59
201500029582,15,9,13,1120,1,1,1,1,7,59043,M,,,59
201500029583,15,9,26,600,3,1,2,1,3,59043,M,,,59
201500029584,15,3,1,1650,1,1,1,1,6,59043,M,5076286.0,275663.0,59
201500029585,15,4,21,1515,1,1,2,1,3,59043,M,,,59
201500029586,15,12,23,1125,1,2,1,1,6,59122,M,,,59
201500029587,15,6,3,1130,1,2,1,1,6,59122,M,5000000.0,300000.0,59
201500029588,15,6,4,1645,1,2,1,1,6,59122,M,,,59
201500029589,15,6,11,1600,1,2,2,1,3,59122,M,,,59
201500029590,15,5,11,1757,1,1,1,1,1,59122,M,5015213.0,325788.0,59
201500029591,15,8,1,235,3,1,1,1,6,59488,M,5019166.0,316216.0,59
201500029592,15,8,26,925,1,2,1,1,6,59122,M,,,59
201500029593,15,9,21,755,1,2,1,1,6,59122,M,,,59
201500029594,15,10,27,1925,5,2,2,1,5,59244,M,,,59
201500029595,15,9,15,805,1,2,1,1,6,59122,M,,,59
201500029596,15,11,8,1305,1,2,1,1,5,59122,M,,,59
201500029597,15,11,18,1825,5,2,3,1,3,59122,M,,,59
201500029598,15,12,10,1815,3,1,1,1,5,59206,M,,,59
201500029599,15,12,4,1510,1,1,1,1,6,59244,M,,,59
201500029600,15,2,19,845,1,2,1,1,6,59616,M,5046491.0,355293.0,59
201500029601,15,3,16,950,1,2,1,1,6,59616,M,,,59
201500029602,15,12,28,2150,5,2,7,1,6,59616,M,5047837.0,357946.0,59
201500029603,15,8,7,1820,1,2,3,1,2,59253,M,5044083.0,356731.0,59
201500029604,15,8,7,1340,1,2,1,1,1,59153,M,5047355.0,357811.0,59
201500029605,15,8,29,1650,1,2,1,1,5,59153,M,5046440.0,359476.0,59
201500029606,15,10,11,2040,5,2,1,1,6,59253,M,,,59
201500029607,15,9,6,1115,1,2,1,1,3,59616,M,5046070.0,356765.0,59
201500029608,15,11,13,1055,1,2,3,1,3,59253,M,5043565.0,358236.0,59
201500029609,15,11,14,1720,5,2,1,2,6,59616,M,5047909.0,357711.0,59
201500029610,15,3,6,1025,1,1,1,1,6,59288,M,,,59
201500029611,15,11,4,1330,1,2,1,1,6,59172,M,,,59
201500029612,15,2,21,1931,1,1,1,1,6,59632,M,,,59
201500029613,15,12,4,1530,1,2,1,1,6,59172,M,,,59
201500029614,15,2,17,722,1,2,2,1,3,59172,M,,,59
201500029615,15,4,22,1715,1,2,1,1,6,59361,M,,,59
201500029616,15,4,23,1920,1,1,1,1,6,59504,M,,,59
201500029617,15,6,9,1820,1,2,1,1,6,59172,M,5032569.0,338055.0,59
201500029618,15,6,6,1415,1,2,3,1,6,59002,M,5019157.0,655080.0,59
201500029619,15,5,22,1755,1,2,1,1,6,59361,M,,,59
201500029620,15,6,30,1730,1,2,1,1,6,59179,M,5029922.0,338933.0,59
201500029621,15,7,7,1130,1,1,1,1,6,59302,M,5035611.0,345247.0,59
201500029622,15,6,18,15,5,2,2,1,2,59504,M,5031247.0,334483.0,59
201500029623,15,5,19,1400,1,2,1,1,6,59172,M,,,59
201500029624,15,7,11,230,5,2,1,1,6,59504,M,,,59
201500029625,15,8,10,1800,1,2,2,1,1,59172,M,,,59
201500029626,15,8,12,1800,1,2,1,1,2,59504,M,,,59
201500029627,15,9,2,1030,1,2,1,1,6,59172,M,5032671.0,339869.0,59
201500029628,15,10,1,2100,3,1,9,1,1,59429,M,5025395.0,332130.0,59
201500029629,15,9,10,1930,2,2,1,1,6,59172,M,5032500.0,340380.0,59
201500029630,15,10,14,1815,2,1,1,3,2,59172,M,,,59
201500029631,15,10,31,1450,1,2,1,1,6,59172,M,5032644.0,338983.0,59
201500029632,15,12,19,1730,2,2,1,1,6,59172,M,5031791.0,339469.0,59
201500029633,15,1,10,1750,5,2,1,1,6,59172,M,,,59
201500029634,15,1,17,1800,5,2,1,2,2,59172,M,,,59
201500029635,15,2,28,1115,1,2,1,7,6,59178,M,,,59
201500029636,15,11,20,2020,3,1,1,1,1,59501,M,5038220.0,328417.0,59
201500029637,15,2,26,1150,1,1,1,1,6,59239,M,,,59
201500029638,15,11,26,2205,5,2,1,8,7,59178,M,5037140.0,306639.0,59
201500029639,15,4,8,1212,1,2,1,1,6,59008,M,,,59
201500029640,15,11,28,1240,1,2,1,1,1,59314,M,5036360.0,334131.0,59
201500029641,15,3,31,1820,1,2,1,1,6,59165,M,,,59
201500029642,15,12,5,1400,1,2,1,8,6,59008,M,5033180.0,325386.0,59
201500029643,15,12,7,2040,3,1,1,1,2,59329,M,5034380.0,309156.0,59
201500029644,15,5,17,1750,1,1,1,1,7,59024,M,5032229.0,324176.0,59
201500029645,15,4,2,2140,5,2,1,1,1,59489,M,,,59
201500029646,15,12,23,1900,5,2,2,1,6,59227,M,,,59
201500029647,15,4,14,2245,5,2,2,1,3,59178,M,,,59
201500029648,15,12,31,1430,1,2,1,1,5,59178,M,5035241.0,308563.0,59
201500029649,15,5,24,1450,1,1,3,1,3,59234,M,,,59
201500029650,15,5,8,1445,1,1,6,1,6,59456,M,5038053.0,321957.0,59
201500029651,15,4,25,1325,1,2,1,1,1,59178,M,,,59
201500029652,15,6,3,1239,1,2,1,1,6,59178,M,5037652.0,307630.0,59
201500029653,15,5,21,1805,1,1,3,1,3,59629,M,,,59
201500029654,15,6,1,2300,5,1,1,1,1,59574,M,5035383.0,326177.0,59
201500029655,15,6,3,1420,1,2,1,1,6,59178,M,5037369.0,305311.0,59
201500029656,15,6,5,1440,1,2,3,1,6,59178,M,5037208.0,305466.0,59
201500029657,15,6,7,2025,1,2,4,1,6,59178,M,5039269.0,308047.0,59
201500029658,15,6,26,2245,5,2,1,1,2,59007,M,5040175.0,315716.0,59
201500029659,15,6,15,1515,1,2,1,7,1,59314,M,5036363.0,334102.0,59
201500029660,15,6,22,1720,1,2,1,2,3,59178,M,5039350.0,308263.0,59
201500029661,15,6,21,320,3,1,1,1,1,59239,M,5042680.0,315152.0,59
201500029662,15,6,22,2140,2,1,1,1,7,59456,M,5038700.0,323269.0,59
201500029663,15,7,5,240,5,2,2,1,3,59227,M,5036655.0,329583.0,59
201500029664,15,7,19,1905,1,1,1,1,1,59008,M,5033702.0,327961.0,59
201500029665,15,7,29,1315,1,2,1,1,1,59178,M,5035744.0,308127.0,59
201500029666,15,7,30,1135,1,1,1,3,3,59165,M,,,59
201500029667,15,8,2,1920,1,2,6,1,6,59178,M,5036316.0,307805.0,59
201500029668,15,9,2,110,5,2,1,1,6,59234,M,5039952.0,308877.0,59
201500029669,15,8,1,1920,1,2,9,1,6,59654,M,5038797.0,310166.0,59
201500029670,15,8,8,955,1,2,1,1,2,59178,M,5036925.0,306408.0,59
201500029671,15,8,19,810,1,1,6,1,1,59178,M,5039138.0,310583.0,59
201500029672,15,9,20,1900,1,2,1,1,2,59178,M,5035588.0,308202.0,59
201500029673,15,9,19,1000,1,1,1,1,3,59170,M,5035391.0,312400.0,59
201500029674,15,6,21,2050,1,2,1,1,6,59178,M,5034997.0,308977.0,59
201500029675,15,10,13,2000,5,2,3,1,1,59170,M,5034991.0,313047.0,59
201500029676,15,10,2,855,1,2,1,1,6,59239,M,5042944.0,317647.0,59
201500029677,15,9,20,1620,1,1,2,1,3,59456,M,5037208.0,323636.0,59
201500029678,15,10,28,1540,1,1,1,8,5,59165,M,5037677.0,302891.0,59
201500029679,15,10,16,1720,1,2,2,1,5,59178,M,5036463.0,308311.0,59
201500029680,15,10,28,1315,1,2,6,1,6,59178,M,5038108.0,308491.0,59
201500029681,15,10,28,1940,5,2,1,1,6,59375,M,5040741.0,327891.0,59
201500029682,15,11,4,1710,2,2,1,8,6,59185,M,5034850.0,321581.0,59
201500029683,15,11,5,1155,1,2,1,1,3,59178,M,5037420.0,306619.0,59
201500029684,15,11,12,1135,1,2,2,1,6,59574,M,5035380.0,328308.0,59
201500029685,15,2,12,1315,1,2,1,1,6,59178,M,,,59
201500029686,15,1,24,2100,3,1,1,1,6,59276,M,,,59
201500029687,15,1,16,1620,1,2,1,1,1,59028,M,,,59
201500029688,15,2,2,830,1,2,1,1,6,59178,M,,,59
201500029689,15,2,6,1130,1,2,3,1,2,59654,M,,,59
201500029690,15,1,9,2150,5,2,9,2,6,59588,M,,,59
201500029691,15,2,22,2130,5,2,2,3,3,59183,M,,,59
201500029692,15,1,9,2210,3,1,1,2,6,59340,M,,,59
201500029693,15,2,17,2000,5,2,1,1,6,59588,M,,,59
201500029694,15,12,13,1230,1,2,2,1,1,59540,M,5101531.0,220582.0,59
201500029695,15,1,13,1315,1,2,1,2,6,59271,M,,,59
201500029696,15,1,10,58,5,2,1,9,3,59183,M,,,59
201500029697,15,3,9,130,4,2,1,1,6,59588,M,,,59
201500029698,15,2,5,1210,1,2,1,2,6,59155,M,,,59
201500029699,15,3,14,10,5,1,6,1,6,59271,M,,,59
201500029700,15,3,14,1545,1,2,9,1,6,59183,M,,,59
201500029701,15,2,11,1726,2,1,1,1,4,59155,M,,,59
201500029702,15,3,14,2210,5,2,1,1,6,59183,M,,,59
201500029703,15,2,13,1515,1,2,1,1,6,59271,M,,,59
201500029704,15,4,3,1200,1,2,1,2,6,59271,M,,,59
201500029705,15,2,14,1935,5,2,9,2,5,59271,M,,,59
201500029706,15,4,21,910,1,2,1,1,6,59183,M,5102836.0,236806.0,59
201500029707,15,4,5,500,5,2,2,1,3,59540,M,,,59
201500029708,15,5,10,1650,1,2,1,1,2,59183,M,5104107.0,238879.0,59
201500029709,15,5,13,905,1,2,9,1,6,59183,M,5102045.0,233224.0,59
201500029710,15,5,17,1900,1,2,3,1,3,59183,M,5104649.0,238775.0,59
201500029711,15,5,20,1900,1,1,2,1,3,59155,M,5103208.0,239500.0,59
201500029712,15,5,24,905,1,2,6,1,3,59155,M,5102383.0,239236.0,59
201500029713,15,6,11,1355,1,2,1,1,6,59183,M,5103522.0,236711.0,59
201500029714,15,6,14,1840,1,1,1,1,6,59155,M,5102183.0,239052.0,59
201500029715,15,6,19,1930,1,2,1,1,1,59131,M,5100063.0,235817.0,59
201500029716,15,7,3,1015,1,1,3,1,6,59183,M,5105197.0,240800.0,59
201500029717,15,4,1,1330,1,2,1,1,6,59183,M,5100201.0,231380.0,59
201500029718,15,7,11,700,1,2,1,1,2,59540,M,5102894.0,235723.0,59
201500029719,15,7,11,2035,1,2,2,1,3,59540,M,4848507.0,134043.0,59
201500029720,15,7,12,1230,1,2,3,1,3,59155,M,5101905.0,238424.0,59
201500029721,15,7,19,145,5,2,1,2,6,59155,M,5102050.0,239122.0,59
201500029722,15,7,23,1900,1,1,1,1,3,59271,M,5100856.0,228305.0,59
201500029723,15,7,24,805,1,2,1,1,7,59183,M,5103906.0,240568.0,59
201500029724,15,7,22,1200,1,2,3,1,3,59183,M,5102940.0,237459.0,59
201500029725,15,7,25,1130,1,2,1,1,6,59271,M,5101509.0,230239.0,59
201500029726,15,8,5,2000,1,2,1,1,6,59271,M,5101048.0,230209.0,59
201500029727,15,6,15,1930,1,2,9,1,2,59183,M,5102241.0,234072.0,59
201500029728,15,8,12,1125,1,2,9,1,6,59183,M,5103522.0,238050.0,59
201500029729,15,8,16,400,5,2,1,1,6,59183,M,5102547.0,224369.0,59
201500029730,15,8,27,1130,1,2,1,3,2,59183,M,5101861.0,232452.0,59
201500029731,15,8,29,300,5,1,1,1,6,59540,M,5101498.0,220061.0,59
201500029732,15,8,29,1330,1,2,1,1,6,59131,M,5099475.0,236686.0,59
201500029733,15,9,7,1200,1,2,1,1,6,59183,M,5101791.0,232336.0,59
201500029734,15,9,20,710,1,1,2,1,3,59155,M,5103119.0,240616.0,59
201500029735,15,9,13,900,1,2,3,1,3,59271,M,5102333.0,230455.0,59
201500029736,15,9,25,1105,1,2,3,1,3,59183,M,5102566.0,235536.0,59
201500029737,15,9,26,1510,1,1,1,1,7,59588,M,5099116.0,246211.0,59
201500029738,15,10,2,1300,1,2,1,1,3,59271,M,,,59
201500029739,15,10,17,1945,5,2,1,1,6,59183,M,5103050.0,232336.0,59
201500029740,15,10,23,1535,1,2,9,1,6,59183,M,5101791.0,236686.0,59
201500029741,15,10,27,1845,5,2,1,1,6,59183,M,5102405.0,236025.0,59
201500029742,15,11,6,2240,5,2,2,2,1,59155,M,5102310.0,239269.0,59
201500029743,15,11,5,810,2,2,1,2,2,59183,M,5102415.0,224144.0,59
201500029744,15,10,27,1010,1,2,7,1,3,59183,M,5104197.0,240605.0,59
201500029745,15,10,28,1745,1,2,1,1,6,59183,M,5102446.0,224406.0,59
201500029746,15,11,3,750,2,2,1,1,4,59271,M,5100080.0,215003.0,59
201500029747,15,11,20,320,3,1,1,1,6,59271,M,5100497.0,226736.0,59
201500029748,15,11,19,2050,3,1,1,2,7,59155,M,5100660.0,240403.0,59
201500029749,15,11,21,1600,1,2,6,1,6,59540,M,5101365.0,220083.0,59
201500029750,15,11,22,430,3,1,1,1,6,59273,M,5097366.0,212269.0,59
201500029751,15,11,26,740,2,2,1,1,6,59183,M,5102838.0,236808.0,59
201500029752,15,12,6,1920,3,1,1,1,6,59359,M,5100008.0,224341.0,59
201500029753,15,12,9,1640,1,2,1,1,3,59271,M,5100922.0,229538.0,59
201500029754,15,12,9,2015,3,1,1,1,3,59588,M,5103211.0,243416.0,59
201500029755,15,12,11,1810,5,2,2,1,6,59183,M,,,59
201500029756,15,12,15,1700,1,2,2,2,1,59540,M,5101330.0,219370.0,59
201500029757,15,12,21,2120,5,2,6,1,6,59183,M,5103058.0,225528.0,59
201500029758,15,12,18,1150,1,2,1,1,6,59183,M,5103047.0,237394.0,59
201500029759,15,1,14,745,5,2,1,4,6,59295,M,,,59
201500029760,15,4,7,750,1,1,1,5,1,59295,M,5072579.0,251409.0,59
201500029761,15,1,16,830,1,2,1,1,6,59295,M,,,59
201500029762,15,5,11,1705,1,1,1,1,2,59295,M,5074013.0,254979.0,59
201500029763,15,6,3,800,1,2,1,1,6,59295,M,,,59
201500029764,15,6,12,1800,1,1,1,1,1,59295,M,,,59
201500029765,15,9,3,1610,1,2,3,1,3,59295,M,,,59