Num_Acc,an,mois,jour,hrmn,lum,agg,int,atm,col,com,gps,lat,long,dep
201500029766,15,9,28,2000,1,2,1,1,6,59295,M,,,59
201500029767,15,11,25,1040,1,2,6,7,3,59295,M,,,59
201500029768,15,3,10,1625,1,2,1,1,6,59324,M,,,59
201500029769,15,6,10,1810,1,2,3,1,2,59385,M,,,59
201500029770,15,6,6,2205,5,2,1,1,6,59385,M,5029436.0,407780.0,59
201500029771,15,9,14,534,5,2,3,9,3,59324,M,5029452.0,408539.0,59
201500029772,15,11,27,1745,5,2,1,1,6,59324,M,5029500.0,410585.0,59
201500029773,15,1,3,120,5,2,9,1,6,59350,M,,,59
201500029774,15,2,17,1340,1,2,1,1,6,59378,M,,,59
201500029775,15,12,21,740,5,2,1,1,6,59527,M,,,59
201500029776,15,1,9,515,5,2,1,2,6,59350,M,,,59
201500029777,15,11,28,2310,5,2,3,1,6,59350,M,5064152.0,308408.0,59
201500029778,15,3,2,1730,1,2,1,1,6,59350,M,,,59
201500029779,15,1,9,855,1,2,3,2,2,59350,M,,,59
201500029780,15,3,3,1520,1,2,1,1,6,59328,M,,,59
201500029781,15,1,10,1920,5,2,4,1,3,59368,M,,,59
201500029782,15,3,5,1435,1,1,2,1,4,59560,M,,,59
201500029783,15,1,9,1645,2,2,2,2,3,59410,M,,,59
201500029784,15,9,22,1415,1,2,1,2,6,59350,M,5063886.0,307647.0,59
201500029785,15,2,17,2000,2,2,1,1,6,59350,M,5065166.0,297500.0,59
201500029786,15,1,13,1420,1,2,2,2,3,59350,M,,,59
201500029787,15,2,17,2025,5,1,1,1,6,59350,M,5000000.0,259489.0,59
201500029788,15,1,18,2134,5,2,2,4,6,59350,M,,,59
201500029789,15,3,13,1005,1,2,1,1,6,59286,M,,,59
201500029790,15,12,17,1235,1,2,5,1,3,59350,M,5062606.0,306476.0,59
201500029791,15,1,17,540,5,1,1,1,6,59566,M,,,59
201500029792,15,3,4,900,1,2,1,1,6,59368,M,,,59
201500029793,15,1,16,1830,5,2,1,1,1,59350,M,,,59
201500029794,15,3,1,2125,4,2,1,2,4,59195,M,5062677.0,296003.0,59
201500029795,15,1,20,1400,1,2,2,1,6,59350,M,,,59
201500029796,15,4,8,1540,1,2,1,1,6,59196,M,5063150.0,294000.0,59
201500029797,15,1,16,1700,1,2,2,1,6,59378,M,,,59
201500029798,15,3,6,250,5,2,1,1,2,59350,M,5063436.0,304886.0,59
201500029799,15,3,8,2050,5,2,3,1,2,59350,M,5063133.0,302206.0,59
201500029800,15,1,22,730,1,2,3,8,3,59328,M,,,59
201500029801,15,4,1,1654,1,2,3,1,3,59527,M,,,59
201500029802,15,1,24,2230,5,2,2,1,3,59350,M,,,59
201500029803,15,3,10,300,5,2,1,1,2,59350,M,5061947.0,304853.0,59
201500029804,15,1,24,1620,1,2,2,1,3,59350,M,,,59
201500029805,15,3,14,255,5,2,3,1,6,59350,M,,,59
201500029806,15,1,30,955,1,2,1,2,7,59350,M,,,59
201500029807,15,12,7,1345,1,2,2,1,6,59350,M,5063181.0,304601.0,59
201500029808,15,3,12,30,5,2,1,1,6,59350,M,5061827.0,303261.0,59
201500029809,15,1,30,405,5,2,1,4,6,59350,M,,,59
201500029810,15,6,19,1625,1,2,1,1,6,59350,M,5063372.0,305000.0,59
201500029811,15,1,30,800,2,2,1,4,2,59350,M,,,59
201500029812,15,3,25,1230,1,2,1,1,6,59368,M,,,59
201500029813,15,1,27,2230,5,2,9,1,3,59378,M,,,59
201500029814,15,3,28,550,5,2,2,1,3,59350,M,,,59
201500029815,15,1,25,2057,5,2,9,2,6,59350,M,,,59
201500029816,15,3,24,920,1,2,2,1,1,59350,M,5063288.0,300897.0,59
201500029817,15,2,3,1300,1,2,9,1,3,59009,M,,,59
201500029818,15,4,1,1816,1,2,1,1,5,59350,M,,,59
201500029819,15,2,7,245,3,2,1,2,6,59350,M,,,59
201500029820,15,3,22,2015,2,2,1,1,3,59350,M,5061663.0,306303.0,59
201500029821,15,3,9,1645,1,2,6,1,6,59350,M,,,59
201500029822,15,2,7,1725,1,2,1,1,6,59350,M,,,59
201500029823,15,3,29,2235,5,2,2,1,3,59350,M,5062988.0,311031.0,59
201500029824,15,2,6,1935,5,2,9,1,4,59350,M,,,59
201500029825,15,4,15,1536,1,2,2,1,6,59350,M,5060255.0,305127.0,59
201500029826,15,4,7,1305,1,2,3,1,3,59350,M,,,59
201500029827,15,2,1,2325,5,2,1,2,6,59350,M,,,59
201500029828,15,4,9,1930,1,2,7,1,6,59350,M,,,59
201500029829,15,1,28,2015,5,2,9,1,7,59328,M,,,59
201500029830,15,4,6,1700,1,2,6,1,3,59350,M,,,59
201500029831,15,4,22,740,1,1,2,7,3,59360,M,,,59
201500029832,15,3,14,220,5,2,1,1,2,59378,M,5000000.0,300000.0,59
201500029833,15,2,13,1640,1,2,1,1,6,59220,M,,,59
201500029834,15,4,25,310,5,2,1,2,3,59350,M,5063147.0,305408.0,59
201500029835,15,2,14,1515,1,2,1,1,3,59350,M,,,59
201500029836,15,4,17,1230,1,2,1,1,6,59350,M,5063508.0,309286.0,59
201500029837,15,11,16,1840,2,2,1,1,7,59350,M,,,59
201500029838,15,2,13,1925,5,1,1,3,5,59560,M,,,59
201500029839,15,3,30,1240,1,2,2,1,3,59410,M,5063566.0,309999.0,59
201500029840,15,4,25,2125,5,2,2,1,3,59360,M,5061012.0,302060.0,59
201500029841,15,2,10,920,1,2,1,7,7,59328,M,,,59
201500029842,15,3,17,2100,5,2,1,1,6,59350,M,5063700.0,309064.0,59
201500029843,15,4,20,1220,1,2,2,1,3,59009,M,,,59
201500029844,15,3,23,830,1,2,1,1,6,59350,M,5063755.0,307761.0,59
201500029845,15,5,3,2150,5,2,1,1,6,59350,M,5062430.0,304447.0,59
201500029846,15,4,9,930,1,2,1,1,6,59527,M,,,59
201500029847,15,3,17,1015,1,2,1,1,6,59350,M,5062072.0,304714.0,59
201500029848,15,4,6,1955,1,2,2,1,6,59350,M,5063403.0,306108.0,59
201500029849,15,4,28,1900,1,2,2,1,5,59286,M,5061091.0,298019.0,59
201500029850,15,5,12,1200,1,2,1,1,6,59378,M,,,59
201500029851,15,9,23,1135,1,2,9,1,6,59350,M,5038069.0,3304.0,59
201500029852,15,3,7,1450,1,1,3,1,3,59286,M,,,59
201500029853,15,4,23,1630,1,2,2,7,6,59350,M,5063955.0,306808.0,59
201500029854,15,5,2,1800,1,2,3,1,3,59386,M,,,59
201500029855,15,5,17,15,5,2,2,1,3,59350,M,5063463.0,305647.0,59
201500029856,15,3,22,45,5,2,2,1,6,59350,M,5063622.0,304533.0,59
201500029857,15,4,7,1515,1,1,1,1,3,59009,M,5062630.0,318483.0,59
201500029858,15,5,26,1140,1,2,1,1,1,59560,M,5054119.0,302705.0,59
201500029859,15,5,21,1935,1,2,3,1,3,59350,M,5038105.0,330150.0,59
201500029860,15,5,24,1350,1,2,2,1,6,59350,M,,,59
201500029861,15,5,25,700,1,2,1,1,6,59378,M,,,59
201500029862,15,10,1,1555,1,2,1,1,6,59009,M,,,59
201500029863,15,6,5,1540,1,1,1,1,1,59566,M,5063401.0,297416.0,59
201500029864,15,4,17,1620,1,2,2,1,2,59328,M,5063941.0,303305.0,59
201500029865,15,6,9,1730,1,2,8,1,3,59220,M,5059805.0,306838.0,59
201500029866,15,5,7,2040,2,2,1,1,6,59350,M,,,59
201500029867,15,6,11,320,5,2,1,1,6,59368,M,,,59
201500029868,15,5,5,1500,1,2,2,7,3,59009,M,5061705.0,313613.0,59
201500029869,15,9,10,1450,1,2,3,1,6,59009,M,,,59
201500029870,15,5,14,2215,5,2,1,1,6,59350,M,4885661.0,235222.0,59
201500029871,15,5,10,2235,5,2,1,1,7,59220,M,5060022.0,305386.0,59
201500029872,15,5,19,1530,1,1,2,1,3,59507,M,,,59
201500029873,15,10,1,1505,1,2,2,1,6,59350,M,5061752.0,306366.0,59
201500029874,15,6,14,1330,1,2,1,1,3,59009,M,5062408.0,316138.0,59
201500029875,15,6,11,1410,1,1,2,1,6,59360,M,,,59
201500029876,15,9,24,1515,1,2,9,1,4,59009,M,5066855.0,314297.0,59
201500029877,15,7,9,1635,1,2,2,1,3,59220,M,5060497.0,307425.0,59
201500029878,15,6,4,220,5,2,2,1,3,59350,M,5063438.0,304877.0,59
201500029879,15,6,13,2045,1,2,1,1,6,59350,M,,,59
201500029880,15,6,16,110,5,2,2,1,3,59350,M,,,59
201500029881,15,6,21,1150,1,2,1,1,2,59009,M,5066339.0,314223.0,59
201500029882,15,4,17,2310,5,2,1,1,3,59350,M,5061827.0,307333.0,59
201500029883,15,6,5,1505,1,2,1,1,6,59350,M,,,59
201500029884,15,6,22,1215,1,2,2,2,6,59328,M,5065135.0,302259.0,59
201500029885,15,5,12,1745,1,2,2,1,3,59350,M,5063030.0,303511.0,59
201500029886,15,6,26,2320,5,2,1,1,3,59360,M,,,59
201500029887,15,6,29,2000,1,2,6,1,3,59560,M,5053450.0,301580.0,59
201500029888,15,6,25,1715,1,2,1,1,3,59350,M,5063347.0,306552.0,59
201500029889,15,6,29,1700,1,2,1,1,3,59009,M,5062650.0,314977.0,59
201500029890,15,6,18,1250,1,2,2,1,3,59350,M,5063450.0,304861.0,59
201500029891,15,7,3,1210,1,2,3,1,3,59350,M,5064822.0,299069.0,59
201500029892,15,7,4,2240,5,2,1,1,6,59350,M,5062138.0,305941.0,59
201500029893,15,10,28,1710,2,2,1,2,3,59350,M,5036409.0,301592.0,59
201500029894,15,7,5,2125,2,2,3,1,3,59360,M,5060061.0,304616.0,59
201500029895,15,6,12,2315,5,2,1,1,3,59350,M,5063680.0,306875.0,59
201500029896,15,5,27,1735,1,2,2,1,6,59350,M,5063972.0,307563.0,59
201500029897,15,7,9,2345,5,2,1,1,6,59507,M,,,59
201500029898,15,11,13,1655,2,2,1,9,6,59350,M,5038068.0,2571.0,59
201500029899,15,9,28,1125,1,2,8,7,6,59360,M,5061188.0,301180.0,59
201500029900,15,7,3,1455,1,1,1,1,1,59560,M,5053986.0,304805.0,59
201500029901,15,9,15,1410,1,2,1,2,6,59350,M,5063827.0,307716.0,59
201500029902,15,7,20,1348,1,2,2,3,6,59328,M,5065138.0,302278.0,59
201500029903,15,7,22,1745,1,2,1,1,3,59350,M,5063900.0,306275.0,59
201500029904,15,7,22,1647,1,2,1,1,2,59560,M,5056113.0,303769.0,59
201500029905,15,6,30,1015,1,2,2,1,6,59350,M,5063575.0,305972.0,59
201500029906,15,7,26,520,2,2,1,1,6,59368,M,5064561.0,307507.0,59
201500029907,15,7,22,950,1,2,1,1,4,59360,M,5061277.0,300269.0,59
201500029908,15,7,16,1800,1,2,1,1,6,59350,M,,,59
201500029909,15,7,18,1030,1,2,2,1,6,59368,M,5065767.0,307379.0,59
201500029910,15,7,29,1555,1,2,2,1,3,59350,M,5063097.0,305225.0,59
201500029911,15,6,11,1630,1,2,1,1,6,59350,M,5060670.0,304551.0,59
201500029912,15,6,18,1445,1,2,2,1,3,59350,M,5062025.0,305369.0,59
201500029913,15,8,6,1735,1,2,1,1,3,59328,M,5064872.0,304591.0,59
201500029914,15,8,7,230,3,2,1,1,6,59350,M,5063474.0,307174.0,59
201500029915,15,8,7,145,5,2,1,1,3,59350,M,5063000.0,305170.0,59
201500029916,15,7,15,1425,1,1,3,1,2,59009,M,5063840.0,314243.0,59
201500029917,15,8,13,1040,1,2,3,1,1,59220,M,5059144.0,308475.0,59
201500029918,15,8,2,1710,1,2,2,1,3,59350,M,5063275.0,309783.0,59
201500029919,15,8,15,645,2,1,1,1,3,59350,M,5061756.0,302676.0,59
201500029920,15,7,7,1810,1,2,1,1,6,59350,M,5063125.0,307697.0,59
201500029921,15,8,15,1505,1,2,2,1,4,59368,M,5065685.0,306434.0,59
201500029922,15,8,13,1910,1,2,3,2,6,59350,M,5062111.0,303333.0,59
201500029923,15,7,15,1330,1,2,6,1,6,59350,M,5061751.0,306172.0,59
201500029924,15,6,17,1415,1,2,1,1,6,59009,M,5061453.0,313771.0,59
201500029925,15,8,24,2015,1,1,1,3,2,59350,M,,,59
201500029926,15,8,12,2100,2,1,1,1,6,59220,M,5060159.0,306755.0,59
201500029927,15,7,7,1815,1,2,2,1,6,59350,M,5063130.0,307716.0,59
201500029928,15,4,5,1550,1,2,1,1,2,59457,M,,,59
201500029929,15,11,19,1840,5,2,2,2,6,59350,M,5062990.0,311025.0,59
201500029930,15,9,6,2300,5,2,2,1,3,59648,M,5058949.0,305102.0,59
201500029931,15,8,27,1320,1,1,1,8,1,59648,M,,,59
201500029932,15,8,6,855,1,2,2,1,3,59527,M,,,59
201500029933,15,8,5,850,2,2,1,1,3,59350,M,5062195.0,307881.0,59
201500029934,15,9,8,750,1,1,2,1,3,59193,M,5059874.0,300330.0,59
201500029935,15,4,7,840,1,2,1,1,6,59350,M,5063136.0,308800.0,59
201500029936,15,9,12,1745,1,2,1,2,3,59350,M,5064438.0,297526.0,59
201500029937,15,8,27,1000,1,2,2,1,6,59220,M,5060831.0,306573.0,59
201500029938,15,9,25,605,2,2,1,1,3,59350,M,5061950.0,306369.0,59
201500029939,15,8,22,1220,1,2,2,1,7,59648,M,5060014.0,305185.0,59
201500029940,15,7,2,1745,1,2,1,1,6,59350,M,5062932.0,303653.0,59
201500029941,15,9,24,1720,1,2,1,2,6,59527,M,5065000.0,304000.0,59
201500029942,15,10,10,305,5,2,2,1,3,59350,M,,,59
201500029943,15,10,4,1635,1,2,3,1,3,59009,M,,,59
201500029944,15,10,17,212,5,2,2,2,3,59350,M,,,59
201500029945,15,10,16,1230,1,2,9,1,3,59360,M,,,59
201500029946,15,7,3,1925,1,2,1,1,6,59507,M,5060158.0,309238.0,59
201500029947,15,8,7,910,1,2,1,1,6,59350,M,5063480.0,307219.0,59
201500029948,15,7,18,1750,1,2,1,1,6,59350,M,5061864.0,304290.0,59
201500029949,15,7,20,645,2,2,2,2,3,59350,M,5063950.0,307580.0,59
201500029950,15,10,6,910,1,2,2,1,6,59360,M,5061002.0,302072.0,59
201500029951,15,9,7,1155,1,2,1,1,6,59360,M,5061458.0,301092.0,59
201500029952,15,10,15,625,2,1,1,1,3,59350,M,5062264.0,302895.0,59
201500029953,15,10,18,1035,1,2,1,1,3,59648,M,5059041.0,305055.0,59
201500029954,15,9,23,1840,1,2,2,1,3,59009,M,5063709.0,312181.0,59
201500029955,15,10,30,2040,5,2,1,1,3,59350,M,5062677.0,304327.0,59
201500029956,15,10,31,430,5,2,4,1,6,59350,M,5037170.0,305126.0,59
201500029957,15,8,22,1010,1,2,1,1,6,59368,M,5065504.0,305875.0,59
201500029958,15,7,31,920,1,2,1,1,6,59220,M,,,59
201500029959,15,11,7,25,5,2,1,2,6,59350,M,,,59
201500029960,15,11,2,850,1,2,1,1,2,59009,M,,,59
201500029961,15,11,13,1540,1,2,2,3,6,59350,M,4970000.0,670000.0,59
201500029962,15,11,7,730,5,2,3,8,3,59507,M,5059760.0,309684.0,59
201500029963,15,10,1,2020,5,2,2,8,3,59350,M,5063417.0,304539.0,59
201500029964,15,11,22,1740,2,2,7,3,6,59350,M,,,59
201500029965,15,11,12,1010,1,2,1,1,6,59350,M,,,59
201500029966,15,11,7,1330,1,1,1,1,3,59193,M,,,59
201500029967,15,11,20,1825,1,1,1,1,6,59009,M,5061918.0,312666.0,59
201500029968,15,11,30,830,1,2,1,2,6,59560,M,,,59
201500029969,15,11,14,2000,2,2,1,8,6,59350,M,5063920.0,301267.0,59
201500029970,15,12,3,1035,1,1,1,1,6,59560,M,,,59
201500029971,15,11,28,1945,3,1,1,2,3,59195,M,5063394.0,297124.0,59
201500029972,15,11,12,1605,1,2,1,1,6,59009,M,5063448.0,312689.0,59
201500029973,15,11,2,815,1,1,3,1,6,59360,M,,,59
201500029974,15,12,11,745,2,2,1,2,6,59286,M,,,59
201500029975,15,12,11,2350,5,1,3,2,3,59648,M,5059026.0,303489.0,59
201500029976,15,12,14,2005,5,2,3,1,3,59350,M,5063127.0,302210.0,59
201500029977,15,11,26,1340,1,1,2,1,5,59286,M,5036116.0,361160.0,59
201500029978,15,10,30,1605,1,2,1,1,6,59410,M,,,59
201500029979,15,12,18,710,5,2,3,1,3,59350,M,5062901.0,303672.0,59
201500029980,15,12,10,1750,5,2,1,2,3,59350,M,5063853.0,296905.0,59
201500029981,15,12,11,2125,5,2,3,9,3,59286,M,5063499.0,296493.0,59
201500029982,15,12,23,1930,5,2,1,1,2,59560,M,5054608.0,304277.0,59
201500029983,15,12,28,755,5,2,2,1,3,59350,M,,,59
201500029984,15,12,7,1555,2,2,9,1,1,59009,M,5062072.0,313150.0,59
201500029985,15,11,7,900,1,2,3,1,6,59350,M,,,59
201500029986,15,12,20,1720,5,2,1,1,3,59392,M,,,59
201500029987,15,4,26,1225,1,2,1,8,2,59230,M,5018388.0,359371.0,59
201500029988,15,4,24,725,1,2,3,1,6,59392,M,5027488.0,396842.0,59
201500029989,15,6,8,1634,1,2,1,1,6,59392,M,5027057.0,395255.0,59
201500029990,15,7,13,2340,5,2,1,1,6,59291,M,5025661.0,393393.0,59
201500029991,15,9,24,1450,1,2,3,1,1,59291,M,,,59
201500029992,15,11,12,1620,1,2,2,1,7,59392,M,,,59
201500029993,15,12,31,600,5,2,1,1,1,59365,M,,,59
201500029994,15,2,10,2115,5,2,1,8,1,59543,M,5023583.0,391241.0,59
201500029995,15,2,17,1109,1,2,2,1,1,59650,M,5071780.0,319389.0,59
201500029996,15,2,18,1650,1,2,1,7,6,59512,M,5068827.0,318222.0,59
201500029997,15,2,18,1745,2,2,1,1,6,59163,M,5041192.0,311003.0,59
201500029998,15,2,19,430,5,2,1,1,6,59650,M,5071336.0,318878.0,59
201500029999,15,2,19,1815,5,2,1,1,3,59512,M,5042513.0,311039.0,59
201500030000,15,2,19,1930,5,2,1,1,6,59163,M,5040364.0,311091.0,59
201500030001,15,2,20,2335,5,2,2,2,3,59512,M,,,59
201500030002,15,2,22,1610,1,2,1,1,6,59512,M,,,59
201500030003,15,2,23,1550,1,2,1,1,6,59512,M,,,59
201500030004,15,2,25,1045,1,2,2,2,6,59512,M,5070275.0,317417.0,59
201500030005,15,2,26,1730,1,2,7,2,2,59339,M,5041026.0,317058.0,59
201500030006,15,3,2,945,1,2,1,7,6,59512,M,,,59
201500030007,15,3,2,1140,1,2,2,2,3,59512,M,,,59
201500030008,15,3,4,1350,1,2,2,1,3,59512,M,,,59
201500030009,15,3,4,1518,1,2,2,1,6,59512,M,,,59
201500030010,15,3,4,1747,1,2,2,1,6,59512,M,5069666.0,318778.0,59
201500030011,15,3,6,1145,1,2,1,1,2,59650,M,,,59
201500030012,15,3,7,1615,1,1,1,1,4,59339,M,5068677.0,322622.0,59
201500030013,15,3,8,1945,5,2,2,1,3,59512,M,,,59
201500030014,15,3,10,1100,1,2,1,1,6,59512,M,,,59
201500030015,15,3,11,1400,1,2,2,1,3,59512,M,,,59
201500030016,15,3,11,1640,1,2,3,1,3,59367,M,,,59
201500030017,15,3,15,1215,1,2,2,1,3,59646,M,,,59
201500030018,15,3,15,1640,1,1,1,8,3,59367,M,,,59
201500030019,15,3,15,1839,1,2,1,1,4,59339,M,,,59
201500030020,15,3,16,1110,1,2,1,1,6,59512,M,,,59
201500030021,15,3,16,1955,5,2,3,1,3,59512,M,,,59
201500030022,15,3,17,810,1,2,2,1,3,59299,M,,,59
201500030023,15,3,17,1345,1,2,1,1,2,59598,M,,,59
201500030024,15,3,18,1720,1,2,1,1,2,59512,M,,,59
201500030025,15,3,18,1830,1,2,2,1,3,59512,M,,,59
201500030026,15,3,22,1635,1,2,1,1,5,59512,M,,,59
201500030027,15,3,23,700,1,2,3,1,6,59650,M,,,59
201500030028,15,3,23,1045,1,2,1,1,6,59512,M,,,59
201500030029,15,3,25,1320,1,2,3,2,3,59512,M,,,59
201500030030,15,3,26,1330,1,2,1,2,6,59512,M,,,59
201500030031,15,3,27,1350,1,2,1,1,6,59512,M,,,59
201500030032,15,3,27,2010,4,2,2,1,3,59512,M,,,59
201500030033,15,3,30,900,1,1,3,1,6,59512,M,,,59
201500030034,15,3,27,710,1,2,3,1,3,59512,M,,,59
201500030035,15,4,3,1235,1,1,1,1,6,59339,M,,,59
201500030036,15,4,3,1345,1,2,1,2,3,59512,M,,,59
201500030037,15,4,7,1445,1,1,1,1,4,59650,M,,,59
201500030038,15,4,10,1040,1,2,1,1,3,59512,M,,,59
201500030039,15,4,12,1150,1,1,3,1,6,59512,M,,,59
201500030040,15,4,12,1820,1,2,6,1,3,59646,M,,,59
201500030041,15,4,13,1000,1,2,1,1,2,59512,M,,,59
201500030042,15,4,14,1630,1,1,2,1,3,59650,M,,,59
201500030043,15,4,14,1810,1,2,1,1,6,59512,M,,,59
201500030044,15,4,15,1840,1,2,1,1,6,59512,M,,,59
201500030045,15,4,16,1020,1,2,1,1,6,59650,M,,,59
201500030046,15,4,18,1900,1,2,2,1,6,59512,M,,,59
201500030047,15,4,18,330,5,1,1,1,6,59299,M,,,59
201500030048,15,4,19,1715,1,2,1,1,2,59367,M,,,59
201500030049,15,4,20,950,1,2,1,1,6,59650,M,,,59
201500030050,15,4,20,1430,1,2,6,1,6,59646,M,,,59
201500030051,15,4,21,1538,1,2,3,1,2,59512,M,,,59
201500030052,15,4,22,1055,1,2,9,1,6,59163,M,,,59
201500030053,15,4,22,1430,1,2,1,1,6,59646,M,,,59
201500030054,15,4,24,1055,1,2,1,1,6,59650,M,,,59
201500030055,15,4,24,1450,1,2,1,1,5,59512,M,,,59
201500030056,15,4,25,1300,1,2,1,1,6,59339,M,,,59
201500030057,15,4,26,145,5,2,1,1,6,59512,M,,,59
201500030058,15,4,28,1130,1,2,9,1,6,59650,M,,,59
201500030059,15,4,28,2010,1,2,1,1,6,59299,M,,,59
201500030060,15,4,29,1635,1,2,1,1,3,59650,M,,,59
201500030061,15,4,30,1310,1,2,2,2,3,59512,M,,,59
201500030062,15,4,30,1700,1,2,1,1,6,59512,M,,,59
201500030063,15,5,1,1545,1,2,1,1,3,59512,M,,,59
201500030064,15,5,1,1750,1,1,1,1,6,59650,M,,,59
201500030065,15,5,2,1320,1,2,1,1,3,59650,M,,,59
201500030066,15,5,3,1620,1,2,1,2,2,59512,M,,,59
201500030067,15,5,5,1345,1,2,1,1,6,59512,M,,,59
201500030068,15,5,8,1500,1,2,2,1,3,59512,M,,,59
201500030069,15,5,8,2000,1,2,3,1,6,59512,M,,,59
201500030070,15,5,9,815,1,2,1,1,1,59650,M,,,59
201500030071,15,5,10,830,1,2,1,1,3,59650,M,,,59
201500030072,15,5,10,1745,1,2,7,1,3,59332,M,,,59
201500030073,15,5,13,900,1,2,2,1,6,59512,M,,,59
201500030074,15,5,13,1425,1,2,2,1,3,59646,M,,,59
201500030075,15,5,13,1415,1,2,1,1,6,59367,M,,,59
201500030076,15,5,15,1445,1,1,1,1,3,59512,M,,,59
201500030077,15,5,15,1730,1,2,3,1,1,59512,M,,,59
201500030078,15,5,17,915,1,2,1,1,6,59512,M,,,59
201500030079,15,5,20,1230,1,2,1,1,3,59646,M,,,59
201500030080,15,5,21,830,1,2,1,1,6,59512,M,,,59
201500030081,15,5,22,1630,1,2,2,1,3,59512,M,,,59
201500030082,15,5,22,1900,1,2,1,1,6,59598,M,,,59
201500030083,15,5,23,1930,1,2,1,1,6,59512,M,,,59
201500030084,15,5,26,1050,1,2,1,1,6,59512,M,,,59
201500030085,15,5,26,1300,1,2,3,1,6,59512,M,,,59
201500030086,15,5,26,1600,1,2,1,1,6,59512,M,,,59
201500030087,15,5,27,1215,1,2,1,1,2,59512,M,,,59
201500030088,15,5,27,1615,1,2,1,1,6,59512,M,,,59
201500030089,15,5,27,1455,1,2,1,1,3,59367,M,,,59
201500030090,15,5,27,1620,1,2,3,1,1,59512,M,5067851.0,318986.0,59
201500030091,15,5,28,1910,1,2,1,1,6,59650,M,,,59
201500030092,15,5,31,1530,1,2,1,2,3,59646,M,,,59
201500030093,15,6,1,1650,1,2,9,1,5,59512,M,,,59
201500030094,15,6,2,530,1,2,1,2,1,59299,M,,,59
201500030095,15,6,2,800,1,2,2,1,6,59339,M,,,59
201500030096,15,6,4,1500,1,2,3,1,3,59512,M,,,59
201500030097,15,6,7,1700,1,2,1,1,2,59650,M,,,59
201500030098,15,6,9,1730,1,2,4,1,3,59512,M,,,59
201500030099,15,6,12,1110,1,2,1,1,3,59512,M,,,59
201500030100,15,6,14,1830,1,2,2,1,6,59512,M,,,59
201500030101,15,6,15,1825,1,1,2,1,6,59512,M,,,59
201500030102,15,6,15,2225,5,2,1,1,6,59512,M,,,59
201500030103,15,6,16,1645,1,2,1,1,6,59650,M,,,59
201500030104,15,6,19,1930,1,2,1,1,6,59512,M,,,59
201500030105,15,6,20,2050,5,2,2,3,3,59512,M,,,59
201500030106,15,6,22,1515,1,2,1,2,6,59512,M,,,59
201500030107,15,6,22,2015,1,2,2,1,5,59512,M,,,59
201500030108,15,6,24,1205,1,2,1,1,6,59512,M,,,59
201500030109,15,6,24,1855,1,1,1,1,3,59299,M,,,59
201500030110,15,6,26,2100,1,2,3,1,3,59512,M,,,59
201500030111,15,6,27,430,5,2,1,1,7,59650,M,,,59
201500030112,15,6,30,1120,1,2,3,1,3,59646,M,,,59
201500030113,15,6,30,1715,1,2,1,1,2,59650,M,,,59
201500030114,15,6,30,1710,1,2,1,1,3,59650,M,,,59
201500030115,15,6,30,2010,1,2,1,1,3,59367,M,,,59
201500030116,15,4,8,745,2,2,1,1,6,59512,M,,,59
201500030117,15,7,3,840,1,2,1,1,2,59512,M,,,59
201500030118,15,7,3,1555,1,2,1,1,3,59650,M,,,59
201500030119,15,7,5,1810,1,2,1,1,6,59512,M,,,59
201500030120,15,7,6,1740,1,2,2,1,3,59339,M,,,59
201500030121,15,7,7,1400,1,2,1,1,3,59650,M,,,59
201500030122,15,7,7,1410,1,2,1,1,2,59512,M,,,59
201500030123,15,7,9,1850,1,2,1,1,6,59512,M,,,59
201500030124,15,7,19,1440,1,2,1,1,6,59512,M,,,59
201500030125,15,7,19,1635,1,2,1,1,6,59650,M,,,59
201500030126,15,7,20,1440,1,1,1,1,7,59299,M,,,59
201500030127,15,7,20,1240,1,2,1,2,3,59299,M,,,59
201500030128,15,7,21,845,1,2,1,1,6,59512,M,,,59
201500030129,15,7,21,1415,1,2,3,8,6,59512,M,,,59
201500030130,15,7,21,1725,1,2,2,1,3,59367,M,,,59
201500030131,15,7,21,1940,1,2,3,1,7,59512,M,,,59
201500030132,15,7,23,1155,1,2,1,1,6,59512,M,,,59
201500030133,15,7,26,1810,1,2,1,2,6,59299,M,,,59
201500030134,15,7,29,110,5,2,2,1,3,59512,M,,,59
201500030135,15,7,29,735,1,1,1,1,6,59299,M,,,59
201500030136,15,7,29,2040,1,2,1,1,3,59646,M,,,59
201500030137,15,7,31,845,1,2,2,1,3,59512,M,,,59
201500030138,15,8,1,15,5,2,2,1,6,59512,M,,,59
201500030139,15,8,1,1530,1,2,2,1,3,59512,M,,,59
201500030140,15,8,1,1530,1,2,1,1,3,59512,M,,,59
201500030141,15,8,1,2120,2,1,1,1,6,59339,M,,,59
201500030142,15,8,2,1830,1,2,3,1,5,59512,M,,,59
201500030143,15,8,4,1700,1,2,1,1,6,59299,M,,,59
201500030144,15,8,5,2025,1,2,2,1,1,59512,M,,,59
201500030145,15,8,7,2110,1,1,1,1,6,59299,M,,,59
201500030146,15,8,8,1700,1,2,1,1,6,59512,M,,,59
201500030147,15,8,11,1330,1,2,1,1,3,59650,M,,,59
201500030148,15,8,13,2110,5,2,3,2,2,59367,M,,,59
201500030149,15,8,14,1630,1,2,1,1,6,59512,M,,,59
201500030150,15,8,15,1315,1,2,1,2,6,59367,M,,,59