Num_Acc,an,mois,jour,hrmn,lum,agg,int,atm,col,com,gps,lat,long,dep
201500030151,15,8,19,1230,1,2,1,1,6,59512,M,,,59
201500030152,15,8,22,1800,1,2,2,1,3,59512,M,,,59
201500030153,15,8,23,710,1,1,1,1,6,59367,M,,,59
201500030154,15,8,28,1520,1,2,3,1,3,59512,M,,,59
201500030155,15,8,28,1730,1,2,1,1,2,59512,M,,,59
201500030156,15,8,30,1400,1,2,2,1,1,59646,M,,,59
201500030157,15,8,31,530,5,2,1,1,1,59512,M,,,59
201500030158,15,8,31,820,1,2,3,1,3,59512,M,,,59
201500030159,15,8,28,2050,2,2,1,1,6,59339,M,,,59
201500030160,15,8,31,1920,1,2,2,9,6,59650,M,,,59
201500030161,15,9,1,1835,1,2,1,1,6,59512,M,,,59
201500030162,15,9,3,1135,1,2,2,1,5,59512,M,,,59
201500030163,15,9,3,1825,1,2,1,1,6,59512,M,,,59
201500030164,15,9,4,745,1,2,1,1,1,59163,M,,,59
201500030165,15,9,4,2250,5,2,2,1,3,59512,M,,,59
201500030166,15,9,6,30,5,1,6,1,3,59339,M,,,59
201500030167,15,9,6,1135,1,2,1,2,2,59163,M,,,59
201500030168,15,9,7,700,1,2,1,1,6,59367,M,,,59
201500030169,15,9,9,750,1,2,1,1,6,59650,M,,,59
201500030170,15,9,10,900,1,1,2,1,6,59650,M,,,59
201500030171,15,9,10,1045,1,2,6,1,3,59512,M,,,59
201500030172,15,9,11,1240,1,2,6,1,3,59367,M,,,59
201500030173,15,9,11,1745,1,2,2,1,3,59299,M,,,59
201500030174,15,9,12,1705,1,2,1,1,3,59512,M,,,59
201500030175,15,9,14,1450,1,1,1,1,1,59299,M,,,59
201500030176,15,9,14,1750,1,2,2,1,3,59512,M,,,59
201500030177,15,9,15,2140,5,2,2,1,3,59512,M,,,59
201500030178,15,9,16,800,1,2,1,2,6,59512,M,,,59
201500030179,15,9,16,1910,1,2,2,1,3,59512,M,,,59
201500030180,15,9,17,1835,1,2,1,1,1,59512,M,,,59
201500030181,15,9,18,39,5,1,1,1,6,59339,M,,,59
201500030182,15,9,18,1330,1,2,2,1,3,59512,M,,,59
201500030183,15,9,19,2115,5,2,1,1,6,59512,M,,,59
201500030184,15,9,20,1840,1,2,1,1,2,59650,M,,,59
201500030185,15,9,23,1050,1,2,3,1,6,59650,M,,,59
201500030186,15,9,23,1430,1,2,1,1,6,59512,M,,,59
201500030187,15,9,24,2120,5,2,2,1,3,59512,M,,,59
201500030188,15,9,28,1515,1,2,2,1,1,59367,M,,,59
201500030189,15,9,29,1305,1,2,1,1,6,59512,M,,,59
201500030190,15,9,29,1810,1,2,1,1,6,59650,M,,,59
201500030191,15,9,30,1220,1,2,1,1,6,59512,M,,,59
201500030192,15,10,2,745,1,2,1,1,3,59650,M,,,59
201500030193,15,10,2,1545,1,1,3,1,3,59512,M,,,59
201500030194,15,10,2,1835,1,2,1,1,6,59512,M,,,59
201500030195,15,10,4,45,5,2,2,1,1,59512,M,,,59
201500030196,15,10,4,2145,5,2,3,1,3,59512,M,,,59
201500030197,15,10,5,1950,5,2,1,2,6,59512,M,,,59
201500030198,15,10,7,1530,1,2,1,1,2,59367,M,,,59
201500030199,15,10,8,145,5,2,1,2,6,59650,M,,,59
201500030200,15,10,8,740,1,2,7,1,6,59512,M,,,59
201500030201,15,10,10,1525,1,1,1,1,6,59646,M,,,59
201500030202,15,10,10,1950,3,1,1,1,3,59299,M,,,59
201500030203,15,10,12,1800,1,2,3,1,3,59512,M,,,59
201500030204,15,10,13,1440,1,2,2,1,1,59650,M,,,59
201500030205,15,10,14,1630,1,2,1,2,3,59512,M,,,59
201500030206,15,10,15,1610,1,2,1,2,6,59512,M,,,59
201500030207,15,10,15,1730,1,2,3,2,3,59512,M,,,59
201500030208,15,10,16,745,2,2,2,2,3,59512,M,,,59
201500030209,15,10,22,1030,1,2,1,2,6,59339,M,,,59
201500030210,15,10,22,1100,1,2,1,2,2,59512,M,,,59
201500030211,15,10,24,2020,5,2,1,1,1,59367,M,,,59
201500030212,15,10,25,1845,5,2,2,1,3,59512,M,,,59
201500030213,15,10,28,1400,1,2,9,2,2,59646,M,,,59
201500030214,15,10,25,1145,1,2,1,1,1,59299,M,,,59
201500030215,15,10,29,1845,3,2,2,8,3,59650,M,,,59
201500030216,15,10,30,1200,1,2,1,1,2,59367,M,,,59
201500030217,15,11,1,930,1,2,3,1,3,59339,M,,,59
201500030218,15,8,8,2100,1,2,1,1,7,59646,M,,,59
201500030219,15,11,6,1040,1,2,6,1,3,59299,M,,,59
201500030220,15,11,6,2115,3,2,1,8,6,59650,M,,,59
201500030221,15,11,8,2030,2,2,2,1,3,59512,M,,,59
201500030222,15,11,9,1600,1,2,3,1,3,59650,M,,,59
201500030223,15,11,12,20,5,2,3,1,1,59163,M,,,59
201500030224,15,11,14,1545,1,2,1,2,6,59163,M,,,59
201500030225,15,11,16,1900,3,1,1,2,5,59299,M,,,59
201500030226,15,11,20,815,1,1,1,1,6,59512,M,,,59
201500030227,15,11,23,915,1,2,1,1,5,59646,M,,,59
201500030228,15,11,23,945,1,2,1,9,1,59650,M,,,59
201500030229,15,11,23,1025,1,2,1,1,2,59512,M,,,59
201500030230,15,11,24,1545,1,2,1,8,6,59512,M,,,59
201500030231,15,11,25,1830,5,2,1,2,6,59512,M,,,59
201500030232,15,11,28,1415,1,2,1,1,3,59332,M,,,59
201500030233,15,11,27,1600,1,2,3,1,3,59163,M,,,59
201500030234,15,11,30,1935,4,1,1,2,6,59650,M,,,59
201500030235,15,12,1,1710,5,2,1,1,1,59646,M,,,59
201500030236,15,12,6,945,1,2,1,1,6,59646,M,,,59
201500030237,15,12,7,850,1,2,1,1,3,59512,M,,,59
201500030238,15,12,9,1415,1,2,1,1,2,59650,M,,,59
201500030239,15,12,9,1415,1,2,1,1,3,59299,M,,,59
201500030240,15,12,17,800,2,2,1,1,3,59650,M,,,59
201500030241,15,12,25,1600,1,2,2,2,3,59512,M,,,59
201500030242,15,12,26,625,5,2,2,1,3,59512,M,,,59
201500030243,15,12,29,141,5,2,1,1,6,59512,M,,,59
201500030244,15,12,31,1220,1,2,2,1,3,59512,M,,,59
201500030245,15,1,7,1530,1,2,1,8,1,59339,M,,,59
201500030246,15,1,7,1730,5,2,1,1,6,59512,M,,,59
201500030247,15,1,8,1555,1,2,2,1,7,59512,M,,,59
201500030248,15,1,9,730,5,2,1,2,6,59367,M,,,59
201500030249,15,1,9,1445,1,2,1,1,6,59650,M,,,59
201500030250,15,1,8,1530,1,2,1,1,6,59512,M,,,59
201500030251,15,1,13,850,1,2,1,2,3,59512,M,,,59
201500030252,15,1,13,1830,5,2,1,2,3,59512,M,,,59
201500030253,15,1,14,1205,1,2,2,2,5,59512,M,,,59
201500030254,15,1,14,1845,5,2,1,1,6,59512,M,,,59
201500030255,15,1,15,1400,1,2,2,2,3,59512,M,,,59
201500030256,15,1,16,1900,5,2,1,2,3,59512,M,,,59
201500030257,15,1,17,1250,1,2,3,1,3,59163,M,,,59
201500030258,15,1,20,740,5,2,1,1,6,59646,M,,,59
201500030259,15,1,20,830,1,2,1,1,6,59367,M,,,59
201500030260,15,1,22,900,1,2,1,1,6,59512,M,,,59
201500030261,15,1,23,1830,3,2,2,1,3,59512,M,,,59
201500030262,15,1,23,1820,5,2,1,1,6,59512,M,,,59
201500030263,15,1,24,1135,1,2,1,1,6,59163,M,,,59
201500030264,15,1,24,2000,5,2,1,1,2,59512,M,,,59
201500030265,15,1,26,1510,1,2,2,2,6,59512,M,,,59
201500030266,15,1,28,2010,5,2,1,1,6,59650,M,,,59
201500030267,15,1,30,1800,2,2,3,1,3,59512,M,0.0,316354.0,59
201500030268,15,1,31,2115,5,2,2,1,3,59650,M,,,59
201500030269,15,2,2,800,2,2,1,2,6,59512,M,,,59
201500030270,15,2,2,745,2,2,2,2,6,59512,M,,,59
201500030271,15,2,2,720,2,2,1,9,3,59512,M,,,59
201500030272,15,2,6,1230,1,2,1,1,3,59512,M,,,59
201500030273,15,2,8,1145,1,2,1,2,6,59512,M,,,59
201500030274,15,2,8,430,5,2,1,1,6,59512,M,,,59
201500030275,15,2,9,1515,1,2,1,1,6,59512,M,,,59
201500030276,15,2,13,1545,1,2,1,1,6,59512,M,,,59
201500030277,15,2,14,1225,1,2,4,2,6,59512,M,,,59
201500030278,15,2,14,1420,1,2,1,2,6,59650,M,,,59
201500030279,15,2,16,1657,1,2,1,1,6,59526,M,,,59
201500030280,15,4,18,1500,1,2,1,1,7,59526,M,5043780.0,341533.0,59
201500030281,15,4,21,1530,1,2,1,1,6,59526,M,5045077.0,343492.0,59
201500030282,15,7,24,1605,1,2,1,1,6,59526,M,5045702.0,343247.0,59
201500030283,15,8,3,1640,1,2,1,1,2,59526,M,5000000.0,327334.0,59
201500030284,15,9,21,830,1,1,1,1,2,59526,M,5043585.0,343930.0,59
201500030285,15,11,8,420,3,1,6,8,6,59526,M,,,59
201500030286,15,11,26,1830,5,2,1,1,6,59284,M,,,59
201500030287,15,12,21,1620,1,2,1,1,6,59526,M,,,59
201500030288,15,1,13,650,5,2,1,2,6,59526,M,,,59
201500030289,15,1,26,740,5,2,2,1,6,59526,M,,,59
201500030290,15,2,6,1815,5,2,1,1,6,59526,M,,,59
201500030291,15,1,4,1130,1,2,1,9,6,59090,M,,,59
201500030292,15,2,16,1335,1,2,1,1,7,59508,M,5073655.0,312033.0,59
201500030293,15,1,5,1840,5,2,6,1,3,59279,M,,,59
201500030294,15,2,19,1700,1,2,1,1,6,59279,M,,,59
201500030295,15,2,23,2100,5,2,3,1,3,59599,M,5072152.0,315011.0,59
201500030296,15,1,6,1700,2,2,1,1,6,59599,M,,,59
201500030297,15,3,6,1750,1,2,2,1,5,59279,M,5077566.0,312381.0,59
201500030298,15,1,13,1950,5,2,9,3,6,59421,M,,,59
201500030299,15,4,1,2315,5,2,6,1,3,59090,M,5071958.0,310944.0,59
201500030300,15,4,7,1820,1,1,1,1,3,59599,M,5072358.0,314747.0,59
201500030301,15,1,19,1615,1,2,3,1,6,59599,M,,,59
201500030302,15,4,10,1850,1,1,3,1,3,59352,M,5074525.0,307933.0,59
201500030303,15,1,21,730,2,2,1,1,6,59421,M,,,59
201500030304,15,4,18,420,5,2,1,1,6,59599,M,,,59
201500030305,15,1,31,1100,1,2,3,1,3,59599,M,,,59
201500030306,15,4,18,1205,1,2,3,1,3,59599,M,5073252.0,316272.0,59
201500030307,15,2,4,1900,5,2,2,9,6,59352,M,,,59
201500030308,15,4,18,1540,1,1,2,1,6,59152,M,,,59
201500030309,15,2,7,1420,1,2,1,1,6,59599,M,,,59
201500030310,15,4,18,2000,1,2,3,1,6,59279,M,,,59
201500030311,15,2,11,1145,1,2,1,1,3,59599,M,,,59
201500030312,15,4,20,1410,1,1,3,1,3,59508,M,5044251.0,81280.0,59
201500030313,15,4,19,1530,1,1,1,1,7,59426,M,5075819.0,316963.0,59
201500030314,15,4,21,1315,1,2,3,1,6,59599,M,5073050.0,316350.0,59
201500030315,15,4,22,940,1,2,1,1,2,59279,M,,,59
201500030316,15,4,22,1530,1,2,1,1,6,59599,M,5072463.0,316611.0,59
201500030317,15,4,23,1725,1,2,1,1,6,59599,M,,,59
201500030318,15,4,24,1830,1,2,1,1,2,59421,M,,,59
201500030319,15,4,29,1315,1,2,1,1,1,59090,M,,,59
201500030320,15,4,27,550,1,2,1,1,6,59599,M,,,59
201500030321,15,5,2,1325,1,2,1,1,6,59599,M,,,59
201500030322,15,5,7,1,5,2,2,1,3,59599,M,,,59
201500030323,15,5,17,1930,1,2,2,1,5,59599,M,,,59
201500030324,15,5,21,2135,1,2,1,1,2,59599,M,,,59
201500030325,15,5,27,1740,1,2,1,1,1,59508,M,,,59
201500030326,15,6,1,217,5,2,1,8,6,59599,M,,,59
201500030327,15,6,6,1700,1,2,1,1,7,59508,M,5045310.0,714600.0,59
201500030328,15,6,5,800,1,2,2,1,3,59599,M,,,59
201500030329,15,6,5,1215,1,2,4,1,6,59508,M,5073949.0,313215.0,59
201500030330,15,6,16,1630,1,2,3,1,6,59599,M,,,59
201500030331,15,6,18,40,5,2,1,2,6,59090,M,,,59
201500030332,15,6,21,1830,1,2,3,1,2,59599,M,,,59
201500030333,15,7,3,1600,1,2,3,1,2,59152,M,,,59
201500030334,15,7,5,5,5,2,3,1,3,59656,M,,,59
201500030335,15,7,10,1300,1,2,1,1,7,59421,M,,,59
201500030336,15,7,6,2045,1,2,3,1,3,59599,M,,,59
201500030337,15,7,14,150,5,2,1,1,5,59152,M,,,59
201500030338,15,7,4,1730,1,2,6,1,1,59090,M,,,59
201500030339,15,7,15,2200,2,2,6,1,6,59279,M,,,59
201500030340,15,6,30,2030,2,2,1,1,3,59421,M,,,59
201500030341,15,7,20,700,1,2,1,2,2,59599,M,,,59
201500030342,15,7,24,1805,1,2,1,1,6,59599,M,,,59
201500030343,15,7,23,2200,5,2,1,1,6,59599,M,,,59
201500030344,15,8,3,1600,1,2,1,1,7,59599,M,,,59
201500030345,15,8,6,2010,1,2,1,1,6,59599,M,,,59
201500030346,15,8,1,1805,1,1,4,1,3,59599,M,5044136.0,315615.0,59
201500030347,15,8,2,1000,1,2,1,1,7,59599,M,,,59
201500030348,15,8,18,1020,1,2,1,8,6,59599,M,5072461.0,317080.0,59
201500030349,15,8,20,1750,1,2,1,1,6,59599,M,,,59
201500030350,15,8,25,1920,1,2,1,2,3,59599,M,,,59
201500030351,15,8,30,1700,1,2,3,1,3,59599,M,,,59
201500030352,15,9,3,1420,1,2,3,1,5,59599,M,,,59
201500030353,15,9,6,615,5,2,2,1,3,59599,M,,,59
201500030354,15,9,8,1510,1,2,1,1,6,59599,M,,,59
201500030355,15,9,16,2203,3,1,1,1,3,59098,M,5076080.0,307413.0,59
201500030356,15,9,23,1425,1,2,1,1,6,59279,M,,,59
201500030357,15,9,25,725,1,2,2,1,6,59599,M,,,59
201500030358,15,9,20,2120,2,2,2,1,3,59421,M,,,59
201500030359,15,9,29,1945,5,2,4,1,6,59599,M,5073569.0,316843.0,59
201500030360,15,10,1,1250,1,2,1,1,6,59599,M,,,59
201500030361,15,10,2,1630,1,2,8,1,6,59599,M,,,59
201500030362,15,10,4,1510,1,1,2,1,3,59426,M,,,59
201500030363,15,10,1,1645,1,2,1,1,6,59421,M,5070673.0,312926.0,59
201500030364,15,10,5,1810,1,2,2,1,3,59152,M,5075222.0,301355.0,59
201500030365,15,10,22,815,1,2,1,2,6,59599,M,,,59
201500030366,15,10,24,2315,5,2,1,1,6,59599,M,,,59
201500030367,15,10,21,720,2,2,3,1,3,59279,M,,,59
201500030368,15,10,26,1135,1,2,1,1,3,59599,M,,,59
201500030369,15,11,5,135,5,2,1,1,6,59098,M,,,59
201500030370,15,11,10,1410,1,2,3,1,1,59508,M,,,59
201500030371,15,11,11,1100,1,2,1,1,6,59090,M,,,59
201500030372,15,11,18,1145,1,2,1,1,2,59599,M,,,59
201500030373,15,11,26,1405,1,2,1,1,6,59599,M,,,59
201500030374,15,12,2,110,5,2,2,1,6,59508,M,,,59
201500030375,15,12,3,1240,1,2,2,1,3,59599,M,,,59
201500030376,15,12,4,1845,5,2,1,1,6,59599,M,,,59
201500030377,15,12,4,1215,1,2,1,1,6,59352,M,,,59
201500030378,15,12,5,1815,5,1,2,1,3,59098,M,,,59
201500030379,15,11,20,1215,1,2,2,2,2,59279,M,,,59
201500030380,15,12,7,1155,1,1,3,1,3,59599,M,,,59
201500030381,15,12,7,1615,1,2,3,1,1,59426,M,5075475.0,317347.0,59
201500030382,15,12,11,1805,5,2,1,2,6,59599,M,,,59
201500030383,15,12,3,610,3,1,2,1,3,59098,M,,,59
201500030384,15,12,9,1700,2,2,1,1,6,59421,M,,,59
201500030385,15,12,15,1715,2,2,1,2,6,59599,M,,,59
201500030386,15,12,22,1210,1,1,1,1,3,59426,M,,,59
201500030387,15,12,24,1450,1,2,3,1,6,59279,M,,,59
201500030388,15,12,28,1350,1,2,1,1,6,59599,M,,,59
201500030389,15,3,20,1000,1,2,1,1,6,59606,M,,,59
201500030390,15,10,2,200,5,2,1,1,6,59606,M,5035961.0,351566.0,59
201500030391,15,12,24,1520,1,2,1,1,6,59459,M,5037063.0,348669.0,59
201500030392,15,2,26,2100,3,1,1,2,6,59557,M,5034586.0,357762.0,59
201500030393,15,3,22,1730,1,1,3,1,2,59369,M,,,59
201500030394,15,3,30,1650,1,1,1,1,1,59207,M,,,59
201500030395,15,3,2,230,5,2,1,1,6,59383,M,,,59
201500030396,15,4,10,1220,1,2,3,1,3,59014,M,,,59
201500030397,15,11,12,200,5,2,1,1,6,59606,M,5036540.0,351728.0,59
201500030398,15,4,1,1045,1,2,1,1,6,59606,M,,,59
201500030399,15,11,30,840,2,2,1,1,6,59606,M,5035790.0,350883.0,59
201500030400,15,4,19,1905,1,2,2,1,3,59564,M,,,59
201500030401,15,3,27,1700,1,2,1,1,6,59606,M,,,59
201500030402,15,12,30,2130,5,2,1,1,6,59603,M,,,59
201500030403,15,4,11,1100,1,2,1,1,6,59447,M,,,59
201500030404,15,12,16,845,1,2,1,1,6,59606,M,,,59
201500030405,15,3,18,1630,1,2,1,1,3,59079,M,,,59
201500030406,15,12,16,1240,1,2,1,1,3,59447,M,,,59
201500030407,15,3,25,1615,1,2,9,1,1,59606,M,,,59
201500030408,15,12,15,1730,5,2,1,1,6,59606,M,,,59
201500030409,15,5,4,1630,1,2,2,1,6,59606,M,,,59
201500030410,15,5,5,640,2,2,2,1,3,59484,M,,,59
201500030411,15,5,6,2240,3,1,4,1,3,59544,M,,,59
201500030412,15,12,3,1130,1,2,6,2,6,59014,M,5037008.0,350386.0,59
201500030413,15,5,7,1015,1,2,1,1,6,59014,M,,,59
201500030414,15,12,24,1915,5,2,2,2,6,59032,M,5033336.0,352355.0,59
201500030415,15,3,18,1330,1,2,1,1,2,59606,M,,,59
201500030416,15,12,1,1715,2,2,1,1,6,59014,M,5036833.0,351177.0,59
201500030417,15,4,15,930,1,2,1,1,3,59606,M,,,59
201500030418,15,12,3,1700,2,2,1,1,3,59447,M,5038658.0,360038.0,59
201500030419,15,5,11,1705,1,2,1,1,6,59606,M,,,59
201500030420,15,5,21,1345,1,2,2,1,1,59484,M,,,59
201500030421,15,5,19,1920,1,2,1,1,6,59606,M,,,59
201500030422,15,4,17,1420,1,2,1,1,6,59606,M,,,59
201500030423,15,4,17,2200,5,2,1,1,1,59606,M,,,59
201500030424,15,3,2,1200,1,1,1,2,1,59032,M,,,59
201500030425,15,5,13,1420,1,2,1,1,6,59079,M,,,59
201500030426,15,5,9,1300,1,2,1,1,6,59606,M,,,59
201500030427,15,5,12,1540,1,2,1,1,6,59447,M,,,59
201500030428,15,5,30,1420,1,2,1,1,6,59475,M,,,59
201500030429,15,5,22,1640,1,2,1,1,6,59447,M,,,59
201500030430,15,6,4,830,1,2,1,1,6,59606,M,,,59
201500030431,15,5,12,1230,1,2,1,1,7,59564,M,5035194.0,348263.0,59
201500030432,15,5,29,1230,1,2,1,1,6,59606,M,,,59
201500030433,15,5,26,1220,1,2,1,1,6,59606,M,,,59
201500030434,15,5,29,815,1,2,2,1,3,59557,M,,,59
201500030435,15,6,28,650,1,2,2,1,6,59014,M,,,59
201500030436,15,6,4,1925,1,2,1,1,6,59606,M,5036625.0,352416.0,59
201500030437,15,6,12,1030,1,2,1,1,6,59544,M,,,59
201500030438,15,6,27,1900,1,2,1,1,6,59475,M,,,59
201500030439,15,7,18,845,1,2,9,1,3,59459,M,,,59
201500030440,15,8,12,1850,1,2,1,1,3,59079,M,5037975.0,350944.0,59
201500030441,15,8,30,745,2,2,1,1,6,59491,M,5039342.0,347136.0,59
201500030442,15,7,9,1620,1,1,2,1,3,59479,M,5040469.0,361875.0,59
201500030443,15,7,29,1600,1,2,3,1,6,59112,M,5039391.0,353497.0,59
201500030444,15,9,4,1810,1,2,1,1,6,59447,M,5039919.0,360252.0,59
201500030445,15,7,19,300,5,2,1,2,6,59447,M,5038336.0,360366.0,59
201500030446,15,8,28,1415,1,2,1,1,6,59447,M,5038088.0,358361.0,59
201500030447,15,8,21,2220,5,2,3,1,3,59491,M,5040152.0,346158.0,59
201500030448,15,9,29,900,1,2,1,1,6,59383,M,5035063.0,354288.0,59
201500030449,15,8,25,20,5,2,1,3,6,59606,M,5035938.0,351502.0,59
201500030450,15,9,21,1425,1,2,6,1,2,59606,M,5036561.0,351491.0,59
201500030451,15,7,28,1800,1,2,1,1,6,59479,M,5039527.0,361705.0,59
201500030452,15,8,5,1345,1,2,1,1,6,59603,M,5032550.0,350455.0,59
201500030453,15,8,18,2200,5,2,1,1,6,59475,M,5031544.0,345494.0,59
201500030454,15,10,24,2150,5,2,1,1,3,59160,M,,,59
201500030455,15,10,10,1020,1,2,1,1,6,59606,M,5035738.0,352875.0,59
201500030456,15,11,14,2250,3,1,1,1,1,59207,M,5040850.0,357942.0,59
201500030457,15,11,20,1950,2,2,1,2,6,59606,M,5035530.0,353018.0,59
201500030458,15,9,9,500,3,1,1,5,2,59479,M,5040080.0,363983.0,59
201500030459,15,9,28,1400,1,1,1,1,6,59606,M,5035577.0,350111.0,59
201500030460,15,9,6,1,5,2,1,1,1,59544,M,5037953.0,355173.0,59
201500030461,15,9,9,1630,1,2,1,1,6,59606,M,,,59
201500030462,15,12,6,500,5,2,1,1,6,59491,M,5039200.0,348061.0,59
201500030463,15,10,12,1830,1,2,1,1,6,59606,M,5035608.0,350283.0,59
201500030464,15,10,5,1940,4,2,1,2,6,59447,M,5038694.0,360122.0,59
201500030465,15,10,9,2120,5,2,3,1,3,59447,M,,,59
201500030466,15,11,6,1745,5,2,1,2,6,59606,M,,,59
201500030467,15,12,6,1800,2,2,1,1,2,59515,M,5032808.0,344308.0,59
201500030468,15,11,27,1200,1,2,1,1,6,59014,M,,,59
201500030469,15,11,27,1915,5,2,1,1,6,59606,M,,,59
201500030470,15,11,27,1950,5,2,1,1,6,59484,M,,,59
201500030471,15,11,27,1805,5,2,2,1,3,59606,M,,,59
201500030472,15,1,4,2025,5,2,2,1,6,59014,M,,,59
201500030473,15,1,5,730,5,2,1,9,6,59606,M,,,59
201500030474,15,1,6,730,2,2,1,1,6,59032,M,,,59
201500030475,15,1,7,1750,5,2,3,8,6,59014,M,,,59
201500030476,15,1,7,1740,2,2,6,1,6,59606,M,,,59
201500030477,15,1,7,1730,2,1,9,1,3,59613,M,,,59
201500030478,15,1,9,1945,5,2,1,1,6,59606,M,,,59
201500030479,15,1,17,1330,1,2,2,1,6,59606,M,,,59
201500030480,15,1,10,1035,1,2,3,1,6,59459,M,,,59
201500030481,15,1,21,2120,5,2,1,1,6,59383,M,,,59
201500030482,15,1,23,1300,1,2,2,1,6,59606,M,,,59
201500030483,15,1,23,1350,1,2,3,1,3,59606,M,,,59
201500030484,15,1,26,1130,1,2,1,1,2,59606,M,,,59
201500030485,15,1,27,1830,5,2,1,1,6,59606,M,,,59
201500030486,15,1,29,705,2,2,1,1,6,59606,M,,,59
201500030487,15,2,3,2340,5,2,1,1,4,59014,M,,,59
201500030488,15,2,7,920,1,2,3,1,6,59459,M,,,59
201500030489,15,2,6,1605,1,2,1,1,6,59603,M,,,59
201500030490,15,2,11,1730,1,2,3,1,6,59606,M,,,59
201500030491,15,2,12,2200,5,2,1,5,5,59491,M,,,59
201500030492,15,2,11,1900,1,2,1,1,2,59014,M,,,59
201500030493,15,2,10,1430,1,2,1,1,4,59112,M,,,59
201500030494,15,6,13,2100,2,2,3,1,3,68112,M,4791289.0,720699.0,68
201500030495,15,6,26,2045,2,1,1,1,6,68188,M,4793714.0,706330.0,68
201500030496,15,3,21,905,1,2,1,1,7,68043,M,4785778.0,724294.0,68
201500030497,15,5,24,815,1,1,1,1,6,68156,M,4790714.0,726095.0,68
201500030498,15,6,17,1145,1,2,2,1,6,68315,M,4788883.0,722747.0,68
201500030499,15,9,12,345,3,1,1,1,6,68043,M,4786875.0,725249.0,68
201500030500,15,10,30,1400,1,1,6,1,3,68315,M,4787351.0,724738.0,68
201500030501,15,5,12,2115,3,1,1,1,2,43100,M,4526690.0,347908.0,43
201500030502,15,5,14,1645,1,1,3,1,3,43207,M,4527730.0,334385.0,43
201500030503,15,7,5,1215,1,1,1,1,6,43262,M,,,43
201500030504,15,8,7,1015,1,1,3,1,1,43117,M,4524080.0,345317.0,43
201500030505,15,11,8,1300,1,1,1,7,6,43207,M,4528290.0,335455.0,43
201500030506,15,6,26,1500,1,2,1,1,3,43228,M,,,43
201500030507,15,10,25,1445,1,1,3,1,1,43189,M,4529280.0,388319.0,43
201500030508,15,11,1,230,3,1,1,1,1,43128,M,4535030.0,373770.0,43
201500030509,15,10,8,1500,1,2,1,1,3,41194,M,4735300.0,174700.0,41
201500030510,15,10,31,1145,1,1,1,1,3,41282,M,4736754.0,180639.0,41
201500030511,15,11,19,1215,1,1,1,1,7,41194,M,4732882.0,177605.0,41
201500030512,15,4,3,1500,1,1,1,1,1,41067,M,4750900.0,146300.0,41
201500030513,15,4,12,1430,1,1,1,1,6,41034,M,4761000.0,148500.0,41
201500030514,15,4,1,1930,1,1,1,1,6,41050,M,4748500.0,148600.0,41
201500030515,15,4,22,1030,1,1,1,1,3,41262,M,4754100.0,151400.0,41
201500030516,15,6,20,2200,2,1,1,1,6,41160,M,4755900.0,157100.0,41
201500030517,15,7,5,630,1,1,1,1,7,41031,M,4752885.0,140206.0,41
201500030518,15,10,2,1030,1,1,1,1,1,41150,M,4756243.0,143307.0,41
201500030519,15,12,18,2000,3,1,1,1,2,41052,M,4748951.0,135965.0,41
201500030520,15,2,9,1610,1,2,1,1,6,60057,M,4943380.0,207727.0,60
201500030521,15,9,10,1820,1,1,1,1,6,60057,M,4943005.0,210486.0,60
201500030522,15,1,22,115,5,2,9,1,6,60057,M,4942385.0,210524.0,60
201500030523,15,12,9,820,2,2,1,1,6,60057,M,4942805.0,208108.0,60
201500030524,15,1,30,1608,1,1,1,1,6,60057,M,4946666.0,207448.0,60
201500030525,15,11,29,1800,2,2,1,1,6,60057,M,4944436.0,209298.0,60
201500030526,15,1,29,1500,1,2,1,1,6,60057,M,4942896.0,210384.0,60
201500030527,15,5,25,330,5,2,1,1,6,60057,M,4942550.0,209157.0,60
201500030528,15,4,10,800,2,2,1,1,6,60057,M,4925236.0,106140.0,60
201500030529,15,4,18,1823,1,1,1,1,6,60057,M,4943798.0,209422.0,60
201500030530,15,8,23,1055,1,2,1,1,6,60057,M,4943635.0,208241.0,60
201500030531,15,3,1,1430,1,2,1,8,3,22237,M,4852596.0,-224861.0,22
201500030532,15,4,15,1815,1,1,1,1,1,22209,M,4858141.0,-212775.0,22
201500030533,15,5,25,315,3,2,1,1,6,22172,M,4852341.0,-224013.0,22
201500030534,15,6,19,2045,1,1,1,1,3,22105,M,4851594.0,-214425.0,22
201500030535,15,7,9,1415,1,1,1,1,2,22209,M,4854546.0,-210398.0,22
201500030536,15,7,11,1615,1,2,3,1,1,22172,M,4852225.0,-223670.0,22
201500030537,15,7,17,1415,1,2,1,1,7,22104,M,4839059.0,-221899.0,22
201500030538,15,7,29,1800,1,1,1,1,3,22209,M,4856129.0,-216061.0,22
201500030539,15,8,8,1330,1,1,1,1,1,22209,M,4857334.0,-215080.0,22
201500030540,15,10,18,1430,1,1,3,1,3,22318,M,4847340.0,-222133.0,22
201500030541,15,10,18,1445,1,1,1,1,6,22318,M,4847351.0,-222155.0,22
201500030542,15,11,9,1530,1,1,3,1,1,22209,M,4855370.0,-216100.0,22
201500030543,15,12,11,1545,1,1,3,1,3,22172,M,4853745.0,-222427.0,22
201500030544,15,1,6,500,3,1,1,1,6,22116,M,4849237.0,-303686.0,22
201500030545,15,3,10,1015,1,1,2,8,3,22182,M,4854738.0,-293828.0,22
201500030546,15,4,12,645,2,1,1,1,1,22112,M,4864331.0,-300213.0,22