Num_Acc,an,mois,jour,hrmn,lum,agg,int,atm,col,com,gps,lat,long,dep
201500030547,15,6,7,1015,1,1,1,1,6,22121,M,4863395.0,-297650.0,22
201500030548,15,7,3,745,1,2,6,1,6,22177,M,4863451.0,-293964.0,22
201500030549,15,7,7,1945,1,1,1,1,5,22361,M,4859899.0,-295351.0,22
201500030550,15,7,22,1100,1,1,1,1,2,22182,M,4853107.0,-293023.0,22
201500030551,15,8,26,900,1,1,1,2,1,22234,M,4848752.0,-295028.0,22
201500030552,15,9,14,1545,1,1,1,2,6,22206,M,4854289.0,-300067.0,22
201500030553,15,10,8,1700,1,2,1,1,7,22304,M,4856596.0,-301776.0,22
201500030554,15,11,15,1645,1,1,1,1,7,22206,M,4853272.0,-302868.0,22
201500030555,15,12,6,1545,1,1,1,9,7,22019,M,4858780.0,-298270.0,22
201500030556,15,12,25,2000,3,1,1,2,5,22112,M,4864150.0,-299905.0,22
201500030557,15,1,6,825,2,1,1,8,6,60159,M,4942278.0,285241.0,60
201500030558,15,2,20,915,1,2,1,1,6,60159,M,4940490.0,281042.0,60
201500030559,15,1,6,2015,5,2,3,1,5,60159,M,4942326.0,282111.0,60
201500030560,15,4,16,900,1,1,3,7,3,60665,M,4941110.0,279763.0,60
201500030561,15,1,9,755,4,2,2,8,6,60159,M,4940745.0,282663.0,60
201500030562,15,4,29,1530,1,1,1,1,1,60159,M,4940022.0,282007.0,60
201500030563,15,1,26,1645,1,2,6,1,6,60382,M,4941855.0,281599.0,60
201500030564,15,5,13,1235,1,2,1,1,6,60159,M,4941807.0,282382.0,60
201500030565,15,2,3,1055,1,2,6,1,6,60159,M,4940437.0,281030.0,60
201500030566,15,1,31,1055,1,2,6,1,6,60159,M,4940459.0,281072.0,60
201500030567,15,5,18,935,1,1,1,1,2,60665,M,4940814.0,277695.0,60
201500030568,15,2,2,1310,1,2,3,1,3,60159,M,4941478.0,282864.0,60
201500030569,15,6,1,1410,1,1,1,1,5,60159,M,4941690.0,291103.0,60
201500030570,15,2,5,1445,1,1,1,1,6,60159,M,4939893.0,287303.0,60
201500030571,15,6,18,1415,1,2,1,1,6,60159,M,4941880.0,281931.0,60
201500030572,15,2,11,1225,1,1,1,1,6,60159,M,4938418.0,278949.0,60
201500030573,15,7,2,525,1,1,1,1,6,60665,M,4940926.0,278223.0,60
201500030574,15,2,14,2015,5,2,3,1,3,60159,M,4939480.0,280331.0,60
201500030575,15,7,1,1815,1,1,1,1,3,60665,M,4940858.0,279427.0,60
201500030576,15,7,25,1925,1,1,3,1,3,60665,M,4940813.0,279222.0,60
201500030577,15,7,28,1145,1,2,1,1,3,60159,M,4940005.0,279384.0,60
201500030578,15,7,30,925,1,2,1,1,6,60159,M,4941881.0,282363.0,60
201500030579,15,8,1,1200,1,2,1,1,3,60159,M,4942024.0,282122.0,60
201500030580,15,8,8,2010,1,2,6,1,3,60159,M,4940873.0,282098.0,60
201500030581,15,8,10,1645,1,1,3,1,3,60159,M,4938578.0,279633.0,60
201500030582,15,8,10,1715,1,2,3,1,3,60159,M,4942389.0,284034.0,60
201500030583,15,9,8,1145,1,2,1,1,6,60159,M,4941542.0,282238.0,60
201500030584,15,9,24,1230,1,2,1,1,6,60159,M,4940772.0,280368.0,60
201500030585,15,9,25,1335,1,2,3,1,3,60159,M,4940717.0,281782.0,60
201500030586,15,10,3,2150,5,2,3,1,3,60159,M,4941665.0,282888.0,60
201500030587,15,10,4,200,3,1,1,1,6,60159,M,4942414.0,286249.0,60
201500030588,15,11,6,1730,1,1,3,1,1,60665,M,4942389.0,279913.0,60
201500030589,15,11,10,2205,5,2,3,1,2,60159,M,4939358.0,280315.0,60
201500030590,15,11,13,1855,5,2,3,1,3,60382,M,4942837.0,283267.0,60
201500030591,15,12,11,2315,5,1,9,1,6,60325,M,4940275.0,277312.0,60
201500030592,15,12,13,1950,5,1,6,1,6,60159,M,4939820.0,287290.0,60
201500030593,15,12,17,750,5,2,6,2,6,60159,M,4942181.0,282162.0,60
201500030594,15,1,8,2045,3,1,1,1,5,60175,M,4924580.0,248555.0,60
201500030595,15,3,9,810,1,2,1,1,6,60175,M,4926046.0,247868.0,60
201500030596,15,1,25,1155,1,2,3,1,7,60175,M,4925845.0,246296.0,60
201500030597,15,2,28,1850,2,1,2,1,3,60175,M,4924625.0,247058.0,60
201500030598,15,1,25,1840,5,2,1,1,6,60414,M,4926080.0,243143.0,60
201500030599,15,5,8,1520,1,2,3,1,3,60463,M,4926991.0,247639.0,60
201500030600,15,2,12,715,3,1,6,5,7,60175,M,4924521.0,247551.0,60
201500030601,15,5,20,1520,1,2,1,1,1,60175,M,4925221.0,246769.0,60
201500030602,15,5,22,1455,1,1,1,1,5,60175,M,4924575.0,248507.0,60
201500030603,15,6,15,1340,1,2,6,1,6,60684,M,4929141.0,250548.0,60
201500030604,15,7,5,35,5,2,1,1,6,60463,M,4928167.0,246214.0,60
201500030605,15,7,16,1715,1,2,1,1,7,60463,M,4927669.0,247002.0,60
201500030606,15,7,18,2330,5,2,1,2,4,60175,M,4926425.0,247378.0,60
201500030607,15,7,26,1720,1,1,1,1,2,60175,M,4925007.0,245786.0,60
201500030608,15,7,19,25,5,2,1,8,6,60175,M,4925062.0,246895.0,60
201500030609,15,8,2,1905,1,2,1,1,6,60414,M,4926062.0,243016.0,60
201500030610,15,7,6,2020,2,1,1,1,6,60175,M,4924966.0,247435.0,60
201500030611,15,8,19,1612,1,2,1,1,6,60463,M,4864806.0,153292.0,60
201500030612,15,9,1,845,1,2,1,1,6,60175,M,4924845.0,247052.0,60
201500030613,15,10,2,1515,1,2,1,1,1,60684,M,4929154.0,248782.0,60
201500030614,15,10,8,725,4,2,2,1,6,60463,M,4928386.0,246448.0,60
201500030615,15,9,21,835,1,1,1,1,5,60175,M,4924455.0,247487.0,60
201500030616,15,10,16,754,4,2,1,2,6,60175,M,4926236.0,248391.0,60
201500030617,15,11,18,2120,3,1,1,1,6,60684,M,4929193.0,250686.0,60
201500030618,15,11,27,1815,5,2,6,2,6,60414,M,4925604.0,242818.0,60
201500030619,15,11,24,1540,1,2,1,2,5,60175,M,4924581.0,246739.0,60
201500030620,15,12,11,1457,1,2,1,1,6,60463,M,4927309.0,248117.0,60
201500030621,15,12,17,1750,3,1,1,1,2,60414,M,4925422.0,244605.0,60
201500030622,15,3,15,2345,3,1,1,2,6,84011,M,4399090.0,511537.0,84
201500030623,15,10,1,815,1,1,1,1,5,84142,M,0.0,0.0,84
201500030624,15,10,16,900,1,1,1,1,1,84043,M,4402038.0,492541.0,84
201500030625,15,4,10,1830,1,1,9,1,6,20362,M,0.0,0.0,201
201500030626,15,6,27,1130,1,1,1,7,6,20285,M,4173208.0,909980.0,201
201500030627,15,2,15,315,3,1,1,3,6,71214,M,0.0,0.0,71
201500030628,15,2,28,1615,1,1,1,1,6,91079,M,0.0,0.0,91
201500030629,15,7,16,1315,1,1,1,1,6,74186,M,0.0,0.0,74
201500030630,15,10,14,1630,1,1,1,8,2,74233,M,0.0,0.0,74
201500030631,15,10,27,2115,3,1,1,2,1,74120,M,0.0,0.0,74
201500030632,15,9,26,2330,5,2,2,1,6,61001,M,4842877.0,8194.0,61
201500030633,15,2,7,1730,1,2,2,1,6,61001,M,4842234.0,8927.0,61
201500030634,15,2,17,1215,1,2,2,1,5,61001,M,4842786.0,7505.0,61
201500030635,15,1,12,1810,5,1,1,1,6,61001,M,4843561.0,10557.0,61
201500030636,15,3,4,1400,1,2,1,1,2,61001,M,4843366.0,9318.0,61
201500030637,15,3,12,1055,1,2,1,1,2,61001,M,4844150.0,9856.0,61
201500030638,15,4,9,1720,1,2,1,1,6,61001,M,4843212.0,8764.0,61
201500030639,15,4,18,1145,1,2,6,1,6,61001,M,4842334.0,8992.0,61
201500030640,15,4,9,1900,1,2,3,1,7,61117,M,4843131.0,5169.0,61
201500030641,15,5,3,15,5,2,3,2,3,61001,M,4843200.0,7367.0,61
201500030642,15,5,6,755,1,2,1,2,2,61001,M,4842783.0,7500.0,61
201500030643,15,5,12,1155,1,1,1,1,2,61001,M,4843309.0,10521.0,61
201500030644,15,5,12,745,1,2,2,1,3,61397,M,4842310.0,8086.0,61
201500030645,15,5,20,1135,1,2,1,1,6,61001,M,4843888.0,10550.0,61
201500030646,15,5,27,1725,1,2,3,1,3,61001,M,4842728.0,9310.0,61
201500030647,15,5,18,1115,1,2,7,1,6,61001,M,4843084.0,8827.0,61
201500030648,15,5,30,1540,1,1,3,1,3,61143,M,4845179.0,6680.0,61
201500030649,15,5,28,1920,1,1,1,1,6,61497,M,4845046.0,10013.0,61
201500030650,15,6,5,1855,1,2,6,1,3,61001,M,4843416.0,9347.0,61
201500030651,15,6,6,1940,1,2,6,1,3,61001,M,4841816.0,9756.0,61
201500030652,15,6,9,915,1,2,1,1,4,61077,M,4844526.0,11167.0,61
201500030653,15,6,11,1555,1,2,3,1,7,61001,M,4844245.0,8361.0,61
201500030654,15,6,15,1420,1,2,3,1,2,61077,M,4844649.0,11264.0,61
201500030655,15,6,6,600,2,2,1,1,7,61001,M,4842925.0,7263.0,61
201500030656,15,6,9,1650,1,2,1,1,6,61143,M,4844179.0,7618.0,61
201500030657,15,6,24,1745,1,2,1,1,3,61001,M,4843612.0,10163.0,61
201500030658,15,6,28,2145,1,1,6,1,3,61497,M,4845731.0,13938.0,61
201500030659,15,7,21,1100,1,2,6,1,3,61143,M,4845421.0,8459.0,61
201500030660,15,7,22,1805,1,2,6,1,3,61001,M,4842236.0,8945.0,61
201500030661,15,7,29,1250,1,2,2,1,1,61001,M,4843829.0,10830.0,61
201500030662,15,8,1,1105,1,2,1,1,3,61001,M,4843571.0,10586.0,61
201500030663,15,8,14,1500,1,2,1,1,6,61001,M,4843628.0,10433.0,61
201500030664,15,8,17,1120,1,2,3,1,3,61001,M,4843545.0,10776.0,61
201500030665,15,8,21,1950,1,1,1,1,1,61117,M,4842747.0,2558.0,61
201500030666,15,8,25,1645,1,1,3,2,7,61143,M,4844539.0,5690.0,61
201500030667,15,8,27,1250,1,2,2,3,3,61001,M,4842567.0,6314.0,61
201500030668,15,9,10,1455,1,2,1,1,3,61001,M,4841777.0,10103.0,61
201500030669,15,9,18,1720,1,2,3,2,3,61001,M,4844654.0,8729.0,61
201500030670,15,9,28,1645,1,2,2,1,1,61001,M,4843620.0,7743.0,61
201500030671,15,10,3,1445,1,2,1,1,6,61001,M,4842862.0,6340.0,61
201500030672,15,10,1,1210,1,2,2,1,6,61001,M,4843006.0,9138.0,61
201500030673,15,10,12,2025,3,1,1,1,6,61497,M,4845345.0,9764.0,61
201500030674,15,10,15,1115,1,2,6,1,7,61497,M,4845429.0,10033.0,61
201500030675,15,10,16,1420,1,2,1,8,7,61001,M,4843015.0,8458.0,61
201500030676,15,10,31,2350,5,2,1,1,7,61397,M,4842253.0,6554.0,61
201500030677,15,10,30,1835,3,2,1,1,3,61117,M,4843605.0,5756.0,61
201500030678,15,11,27,2240,5,2,2,2,3,61001,M,4843498.0,10635.0,61
201500030679,15,12,3,1955,5,2,1,1,3,61143,M,4844337.0,6865.0,61
201500030680,15,12,5,430,3,1,1,5,6,61077,M,4845064.0,11839.0,61
201500030681,15,12,13,1800,5,2,1,1,6,61001,M,4843513.0,10586.0,61
201500030682,15,12,18,1850,5,2,1,1,2,61117,M,4843590.0,4723.0,61
201500030683,15,1,25,1820,5,2,3,1,1,61397,M,4842363.0,5543.0,61
201500030684,15,2,1,1710,1,2,1,1,1,61497,M,4845677.0,10940.0,61
201500030685,15,3,9,800,1,2,1,1,7,61006,M,4874482.0,-2365.0,61
201500030686,15,4,8,1537,1,2,2,1,3,61006,M,4873972.0,-1417.0,61
201500030687,15,4,19,1910,1,2,1,1,6,61006,M,4873243.0,-2074.0,61
201500030688,15,7,16,1615,1,2,3,1,6,61006,M,4874465.0,-747.0,61
201500030689,15,8,13,1930,1,2,1,1,6,61006,M,4874912.0,-2444.0,61
201500030690,15,8,22,1420,1,1,1,1,6,61006,M,4874488.0,-3864.0,61
201500030691,15,8,24,1645,1,2,6,3,6,61006,M,4874924.0,-1422.0,61
201500030692,15,9,30,1035,1,2,7,7,6,61006,M,4874262.0,-2371.0,61
201500030693,15,11,10,1530,1,2,1,1,6,61006,M,4874083.0,-973.0,61
201500030694,15,11,13,740,2,2,6,2,3,61006,M,4873228.0,-3551.0,61
201500030695,15,12,8,625,5,2,1,2,6,61006,M,4874099.0,-2187.0,61
201500030696,15,12,22,1735,5,2,2,2,6,61006,M,4874537.0,-1060.0,61
201500030697,15,1,1,1110,1,2,3,1,3,61006,M,4874907.0,-2645.0,61
201500030698,15,1,15,1815,5,2,1,2,3,61006,M,4872309.0,-1195.0,61
201500030699,15,2,6,1125,1,2,1,1,6,61006,M,4874024.0,-2467.0,61
201500030700,15,2,21,1445,1,2,3,1,3,61391,M,4875392.0,-56647.0,61
201500030701,15,4,10,1130,1,1,2,1,3,61169,M,4871846.0,-53819.0,61
201500030702,15,5,7,2324,5,2,6,1,6,61169,M,4873011.0,-57912.0,61
201500030703,15,5,18,1737,1,2,1,1,6,61169,M,4875086.0,-57363.0,61
201500030704,15,6,23,1500,1,2,3,1,6,61169,M,4874765.0,-56653.0,61
201500030705,15,7,27,1630,1,2,3,1,1,61169,M,4873550.0,-56731.0,61
201500030706,15,12,5,2255,5,2,1,1,7,61391,M,4875852.0,-56988.0,61
201500030707,15,12,15,815,5,2,6,2,6,61169,M,4875284.0,-57164.0,61
201500030708,15,1,13,1330,1,2,1,2,6,61169,M,4874538.0,-56640.0,61
201500030709,15,1,27,1730,1,2,6,1,2,61169,M,4872997.0,-57906.0,61
201500030710,15,10,3,1245,1,2,6,2,1,16090,M,4559885.0,-5222.0,16
201500030711,15,10,21,945,1,1,1,1,6,16366,M,4560573.0,-23423.0,16
201500030712,15,11,1,200,3,1,1,1,6,16013,M,4562302.0,-7686.0,16
201500030713,15,11,28,1130,1,1,1,1,6,16202,M,4565607.0,-17190.0,16
201500030714,15,4,10,1600,1,1,2,1,3,16373,M,4597344.0,5576.0,16
201500030715,15,8,3,1630,1,1,1,1,6,16409,M,4599692.0,6786.0,16
201500030716,15,9,30,1445,1,1,1,1,5,16136,M,4602700.0,17703.0,16
201500030717,15,1,22,1615,1,1,1,1,7,02702,M,0.0,0.0,02
201500030718,15,6,28,15,3,1,1,1,6,02702,M,0.0,0.0,02
201500030719,15,7,23,1745,1,1,1,1,6,02615,M,0.0,0.0,02
201500030720,15,10,16,1030,1,2,1,1,3,17094,M,4608077.0,-108748.0,17
201500030721,15,10,16,2000,3,1,1,1,6,17413,M,4607987.0,-104793.0,17
201500030722,15,10,25,1645,1,2,3,1,3,17194,M,4612484.0,-100818.0,17
201500030723,15,10,30,1700,1,2,6,1,3,17010,M,4610753.0,-110516.0,17
201500030724,15,12,2,830,1,2,1,1,3,17094,M,4607089.0,-108159.0,17
201500030725,15,12,8,1045,1,2,1,1,1,17094,M,4608430.0,-109312.0,17
201500030726,15,12,19,2030,3,1,1,1,6,17315,M,4613507.0,-99649.0,17
201500030727,15,2,4,1915,3,1,1,1,3,60007,M,4939337.0,238027.0,60
201500030728,15,3,23,1330,1,1,1,1,1,60234,M,4940030.0,242013.0,60
201500030729,15,4,30,1430,1,1,3,2,3,60157,M,4937608.0,241420.0,60
201500030730,15,5,23,830,1,1,1,1,3,60034,M,4944572.0,243683.0,60
201500030731,15,7,3,1845,1,2,1,1,3,60007,M,4939393.0,236927.0,60
201500030732,15,7,13,2030,1,2,1,7,1,60454,M,4940592.0,232014.0,60
201500030733,15,9,14,1030,1,2,1,3,1,60157,M,4938228.0,240460.0,60
201500030734,15,10,5,1700,1,2,1,2,2,60157,M,4938484.0,241725.0,60
201500030735,15,11,22,330,3,1,1,2,6,60008,M,4942378.0,242021.0,60
201500030736,15,3,5,820,2,2,1,1,3,62099,M,5026340.0,278928.0,62
201500030737,15,4,7,1235,1,2,1,1,6,62041,M,5027487.0,278696.0,62
201500030738,15,4,3,1505,1,2,6,1,3,62041,M,5029252.0,274117.0,62
201500030739,15,4,7,815,1,1,1,5,2,62764,M,5031362.0,277546.0,62
201500030740,15,4,25,1635,1,2,7,1,7,62041,M,5029099.0,277802.0,62
201500030741,15,4,10,805,1,2,1,1,6,62041,M,5029896.0,274445.0,62
201500030742,15,4,29,1210,1,2,1,1,3,62753,M,5030057.0,279819.0,62
201500030743,15,4,21,955,1,2,1,1,7,62041,M,5028135.0,279362.0,62
201500030744,15,5,12,2045,1,2,1,1,6,62099,M,5026385.0,278765.0,62
201500030745,15,5,11,100,5,2,3,1,6,62041,M,5029344.0,276689.0,62
201500030746,15,6,3,1800,1,2,7,1,6,62041,M,5028639.0,276987.0,62
201500030747,15,7,6,120,5,2,1,1,6,62041,M,5028469.0,275602.0,62
201500030748,15,7,3,325,3,2,1,1,6,62753,M,5030722.0,281114.0,62
201500030749,15,6,27,1620,1,1,6,1,3,62099,M,5025532.0,278937.0,62
201500030750,15,7,18,1815,1,2,1,1,7,62263,M,5028847.0,273831.0,62
201500030751,15,7,12,1800,1,2,1,1,6,62041,M,5029855.0,276800.0,62
201500030752,15,7,17,2310,3,1,1,1,7,62263,M,5026127.0,269634.0,62
201500030753,15,6,19,1500,1,2,1,1,7,62753,M,5030040.0,280007.0,62
201500030754,15,7,23,2055,1,2,2,1,3,62041,M,5029711.0,277710.0,62
201500030755,15,8,10,1905,1,1,1,1,2,62115,M,5025542.0,268513.0,62
201500030756,15,9,9,2240,5,2,1,1,6,62004,M,5028076.0,276720.0,62
201500030757,15,9,14,1830,1,2,3,1,3,62041,M,5029172.0,274759.0,62
201500030758,15,9,21,2245,5,2,4,2,6,62753,M,5029610.0,278468.0,62
201500030759,15,8,30,1151,1,2,3,1,7,62041,M,5029144.0,277927.0,62
201500030760,15,10,3,1330,1,2,3,1,2,62263,M,5028227.0,272834.0,62
201500030761,15,11,8,1815,5,2,1,1,3,62041,M,5028182.0,278030.0,62
201500030762,15,10,9,1505,1,2,1,1,3,62041,M,5029729.0,275268.0,62
201500030763,15,11,21,1645,2,2,1,3,6,62764,M,5030866.0,279219.0,62
201500030764,15,12,8,1725,5,2,3,8,3,62753,M,5029096.0,280686.0,62
201500030765,15,12,7,745,1,2,1,1,6,62041,M,5030042.0,274566.0,62
201500030766,15,11,6,1750,2,2,1,8,6,62753,M,5029741.0,280338.0,62
201500030767,15,12,21,1755,3,1,1,2,2,62764,M,5030583.0,278402.0,62
201500030768,15,1,10,1435,1,1,1,2,3,62263,M,5027506.0,270783.0,62
201500030769,15,1,14,1000,1,2,1,4,7,62764,M,5030697.0,279280.0,62
201500030770,15,1,21,2015,5,2,2,2,3,62041,M,5028844.0,278068.0,62
201500030771,15,1,19,900,1,1,1,9,4,62263,M,5026640.0,270606.0,62
201500030772,15,1,29,920,1,2,3,9,3,62099,M,5025668.0,280311.0,62
201500030773,15,1,21,2010,5,2,1,1,5,62041,M,5029731.0,277923.0,62
201500030774,15,2,7,1740,1,2,1,1,7,62004,M,5027007.0,277432.0,62
201500030775,15,2,12,710,5,2,1,1,7,62041,M,5028758.0,278462.0,62
201500030776,15,6,10,1910,1,2,1,1,6,62048,M,5051599.0,246124.0,62
201500030777,15,8,3,1100,1,1,1,1,1,62188,M,5052480.0,246175.0,62
201500030778,15,8,16,2135,2,1,3,1,3,62516,M,5056879.0,248942.0,62
201500030779,15,9,18,1930,1,1,1,2,3,62516,M,5056362.0,246376.0,62
201500030780,15,11,6,2340,5,2,6,1,6,62516,M,5057039.0,247520.0,62
201500030781,15,11,11,210,3,1,1,1,7,62516,M,5056026.0,247841.0,62
201500030782,15,11,19,915,1,2,1,3,7,62048,M,5051250.0,247492.0,62
201500030783,15,12,24,645,5,2,1,2,1,62048,M,5050194.0,248025.0,62
201500030784,15,1,3,1720,3,1,1,2,1,62188,M,5054166.0,245763.0,62
201500030785,15,4,10,1410,1,1,1,1,5,62065,M,5040846.0,282320.0,62
201500030786,15,4,13,10,5,2,2,1,6,62570,M,5041844.0,288675.0,62
201500030787,15,4,24,1420,1,2,7,1,6,62065,M,5040052.0,283514.0,62
201500030788,15,5,3,940,1,2,1,2,7,62724,M,5040628.0,290775.0,62
201500030789,15,5,9,915,1,2,1,1,3,62570,M,5040612.0,286186.0,62
201500030790,15,6,3,1705,1,2,3,1,3,62065,M,5039713.0,280894.0,62
201500030791,15,6,14,2345,5,2,2,1,3,62570,M,5041745.0,287933.0,62
201500030792,15,7,3,2345,5,2,2,1,3,62724,M,5040265.0,291111.0,62
201500030793,15,8,24,1945,1,2,2,1,1,62065,M,5040938.0,281898.0,62
201500030794,15,9,2,2205,5,2,1,2,3,62724,M,5039889.0,290724.0,62
201500030795,15,9,9,910,1,2,3,1,3,62065,M,5040391.0,281197.0,62
201500030796,15,10,26,1430,1,1,1,1,5,62065,M,5039650.0,282233.0,62
201500030797,15,11,14,540,5,2,1,1,6,62724,M,5040240.0,291386.0,62
201500030798,15,12,23,1725,5,2,1,1,2,62065,M,5040856.0,282519.0,62
201500030799,15,12,29,1830,5,1,2,1,5,62570,M,5039460.0,286496.0,62
201500030800,15,1,3,1015,1,2,3,3,3,62065,M,5041437.0,284286.0,62
201500030801,15,1,9,750,2,2,1,1,7,62065,M,5040138.0,283440.0,62
201500030802,15,1,14,1800,5,2,1,8,6,62065,M,5041378.0,283674.0,62
201500030803,15,2,5,1555,1,1,1,1,1,62724,M,5039585.0,290718.0,62
201500030804,15,1,27,915,1,2,1,1,7,62570,M,5040120.0,286563.0,62
201500030805,15,2,15,1920,3,1,1,1,2,62427,M,5039226.0,294739.0,62
201500030806,15,6,10,745,1,2,3,1,3,62108,M,5040471.0,156250.0,62
201500030807,15,12,1,1110,1,2,1,2,1,62688,M,5042973.0,160511.0,62
201500030808,15,12,6,1145,1,2,2,1,6,62108,M,5040319.0,159237.0,62
201500030809,15,2,2,1830,5,2,1,1,6,62108,M,5040529.0,156853.0,62
201500030810,15,3,25,1115,1,2,2,1,6,62035,M,5054184.0,262408.0,62
201500030811,15,2,20,1750,1,2,1,3,1,62119,M,5053093.0,262914.0,62
201500030812,15,12,2,2005,5,2,6,1,7,62119,M,5052686.0,262937.0,62
201500030813,15,1,1,1800,5,2,1,1,7,62276,M,5051277.0,280690.0,62
201500030814,15,3,11,1500,1,1,1,1,6,62863,M,5052136.0,277139.0,62
201500030815,15,12,11,1945,5,2,1,3,7,62119,M,5052464.0,265230.0,62
201500030816,15,4,2,1010,1,1,1,1,6,62401,M,5048579.0,278828.0,62
201500030817,15,5,19,1655,1,2,1,1,6,62119,M,5052390.0,265683.0,62
201500030818,15,5,15,1745,1,2,3,7,6,62051,M,5051247.0,278424.0,62
201500030819,15,12,12,1540,1,2,1,1,7,62035,M,5052957.0,261834.0,62
201500030820,15,5,15,1915,1,1,6,1,2,62836,M,5049741.0,260872.0,62
201500030821,15,12,24,1745,5,2,1,1,6,62119,M,5052716.0,263420.0,62
201500030822,15,5,16,1440,1,2,1,1,3,62034,M,5050924.0,272103.0,62
201500030823,15,5,27,1530,1,2,4,1,6,62119,M,5052700.0,263807.0,62
201500030824,15,5,22,1030,1,2,6,1,6,62119,M,5052642.0,263055.0,62
201500030825,15,7,13,1005,1,2,1,1,6,62846,M,5047558.0,274168.0,62
201500030826,15,7,22,1030,1,2,5,1,2,62846,M,5048759.0,274578.0,62
201500030827,15,7,27,2300,3,1,6,1,6,62836,M,5049745.0,260869.0,62
201500030828,15,8,3,1100,1,2,3,1,3,62119,M,5053837.0,263598.0,62
201500030829,15,9,14,1830,1,2,3,1,3,62262,M,5051339.0,275225.0,62
201500030830,15,9,26,1450,1,2,2,1,3,62119,M,5053084.0,264141.0,62
201500030831,15,9,25,1630,1,2,1,1,6,62119,M,5053801.0,264047.0,62
201500030832,15,9,30,2220,5,2,9,1,7,62119,M,5053152.0,264523.0,62
201500030833,15,10,22,1715,1,2,3,1,3,62119,M,5051885.0,262122.0,62
201500030834,15,10,9,2315,4,2,6,1,7,62276,M,5052163.0,281841.0,62
201500030835,15,10,13,1750,1,2,3,8,3,62132,M,5051135.0,285494.0,62
201500030836,15,10,22,1710,1,2,4,1,6,62846,M,5049133.0,274519.0,62
201500030837,15,10,26,1525,1,2,1,1,2,62126,M,5053652.0,268775.0,62
201500030838,15,10,26,1945,5,2,3,1,3,62119,M,5053224.0,264114.0,62
201500030839,15,12,16,1740,5,2,1,1,6,62119,M,5052289.0,262758.0,62
201500030840,15,1,4,2050,5,2,1,1,6,62119,M,5053448.0,264455.0,62
201500030841,15,1,14,1440,1,1,1,7,3,62278,M,5049576.0,263135.0,62
201500030842,15,1,21,1610,1,2,1,1,3,62735,M,5051270.0,270118.0,62
201500030843,15,1,16,1100,1,1,6,1,3,62126,M,5051318.0,268190.0,62
201500030844,15,1,14,830,2,2,1,3,6,62119,M,5053900.0,262917.0,62
201500030845,15,1,17,1605,1,2,3,1,3,62051,M,5051759.0,277907.0,62
201500030846,15,1,12,1310,1,1,1,1,6,62758,M,5072315.0,164131.0,62
201500030847,15,2,26,715,3,2,1,2,6,62160,M,5072660.0,160641.0,62
201500030848,15,1,15,2130,3,2,1,3,6,62894,M,5078452.0,163387.0,62
201500030849,15,3,7,1835,2,2,1,1,7,62160,M,5072350.0,161598.0,62
201500030850,15,1,19,1025,1,2,1,1,6,62893,M,5076175.0,160659.0,62
201500030851,15,3,9,1735,1,2,2,8,3,62667,M,5071835.0,158761.0,62
201500030852,15,3,12,1630,1,2,3,1,6,62160,M,5072767.0,160753.0,62
201500030853,15,5,4,1910,1,2,1,2,6,62160,M,5071935.0,160872.0,62
201500030854,15,6,11,1400,1,2,1,1,6,62160,M,5071736.0,161456.0,62
201500030855,15,6,11,1720,1,2,1,1,6,62893,M,5077815.0,161840.0,62
201500030856,15,7,7,1330,1,2,1,1,6,62160,M,5072284.0,160377.0,62
201500030857,15,7,25,1500,1,2,2,1,6,62643,M,5070320.0,159450.0,62
201500030858,15,7,17,1500,1,2,8,1,6,62160,M,5072201.0,160759.0,62
201500030859,15,7,17,1910,1,2,1,1,1,62160,M,5072210.0,160710.0,62
201500030860,15,9,11,1615,1,2,1,1,6,62667,M,5070974.0,158312.0,62
201500030861,15,9,13,2100,5,2,2,1,1,62758,M,5073451.0,162660.0,62
201500030862,15,10,9,1555,1,1,1,1,6,62160,M,5071872.0,161605.0,62
201500030863,15,10,25,5,5,2,6,2,7,62893,M,5076153.0,160654.0,62
201500030864,15,11,14,2240,5,2,6,6,6,62643,M,5070309.0,160909.0,62
201500030865,15,11,27,2335,5,2,2,2,3,62160,M,5072625.0,160748.0,62
201500030866,15,11,29,2100,5,2,1,6,6,62160,M,5072587.0,160263.0,62
201500030867,15,12,23,1050,1,1,1,1,3,62270,M,5047847.0,249022.0,62
201500030868,15,2,20,1500,1,1,1,2,4,62270,M,5048047.0,248546.0,62
201500030869,15,3,26,2040,5,2,1,8,6,62178,M,5049186.0,256731.0,62
201500030870,15,4,3,700,3,2,4,2,3,62178,M,5048026.0,254378.0,62
201500030871,15,5,15,1400,1,2,1,1,4,62178,M,5048470.0,255725.0,62