Num_Acc,an,mois,jour,hrmn,lum,agg,int,atm,col,com,gps,lat,long,dep
201500030872,15,5,1,1400,1,2,3,1,3,62178,M,5047400.0,254394.0,62
201500030873,15,6,4,2330,4,2,3,1,3,62270,M,5047925.0,247972.0,62
201500030874,15,6,6,2110,1,2,1,1,2,62178,M,5049403.0,257281.0,62
201500030875,15,7,5,150,5,2,1,1,2,62457,M,5046506.0,254168.0,62
201500030876,15,7,10,1950,1,2,1,1,6,62457,M,5045828.0,255152.0,62
201500030877,15,7,18,2345,5,2,1,2,3,62178,M,5047748.0,255902.0,62
201500030878,15,8,21,1610,1,2,1,1,1,62178,M,5048210.0,252925.0,62
201500030879,15,8,27,1905,1,2,6,1,3,62178,M,5047850.0,254214.0,62
201500030880,15,9,4,1600,1,2,2,1,3,62178,M,5046924.0,255016.0,62
201500030881,15,9,9,1915,1,2,3,1,7,62178,M,5047608.0,255776.0,62
201500030882,15,9,14,900,1,2,2,1,3,62178,M,5047754.0,253508.0,62
201500030883,15,10,16,1835,1,2,2,1,3,62178,M,5046925.0,255015.0,62
201500030884,15,11,1,1830,5,1,1,1,2,62178,M,5048187.0,253722.0,62
201500030885,15,11,3,1520,1,2,1,1,3,62178,M,5048156.0,254982.0,62
201500030886,15,11,4,1220,1,2,1,1,2,62178,M,5047836.0,253783.0,62
201500030887,15,11,2,1815,5,2,3,1,1,62178,M,5047252.0,254363.0,62
201500030888,15,11,11,2255,5,2,3,1,6,62178,M,5048666.0,254069.0,62
201500030889,15,12,4,1830,5,2,3,1,3,62400,M,5046405.0,255954.0,62
201500030890,15,12,2,1610,1,2,1,1,1,62178,M,5048625.0,254279.0,62
201500030891,15,12,16,1755,5,2,1,2,6,62457,M,5046659.0,255300.0,62
201500030892,15,12,16,2340,3,1,1,1,6,62270,M,5046817.0,251181.0,62
201500030893,15,1,25,1640,1,2,1,1,1,62178,M,5047803.0,255794.0,62
201500030894,15,2,6,2210,5,2,1,9,6,62178,M,5048795.0,254225.0,62
201500030895,15,11,24,2146,3,1,1,1,6,62193,M,,,62
201500030896,15,11,5,2015,5,2,2,3,3,62193,M,5095891.0,184805.0,62
201500030897,15,6,30,1700,1,2,3,1,3,62193,M,5094517.0,182971.0,62
201500030898,15,3,29,2100,3,1,1,3,6,62193,M,5093533.0,188807.0,62
201500030899,15,12,13,2155,3,1,9,1,6,62193,M,,,62
201500030900,15,12,12,135,3,2,1,1,6,62244,M,5091911.0,188864.0,62
201500030901,15,5,5,1430,1,2,1,6,6,62193,M,5094745.0,189824.0,62
201500030902,15,5,7,2135,5,1,1,1,4,62193,M,5097085.0,188214.0,62
201500030903,15,4,4,115,5,2,2,1,3,62193,M,5094591.0,187908.0,62
201500030904,15,6,23,1040,1,2,1,1,2,62774,M,5095889.0,182661.0,62
201500030905,15,12,2,745,5,2,1,1,6,62193,M,5095342.0,183882.0,62
201500030906,15,7,3,1840,1,2,2,1,3,62244,M,5091268.0,187418.0,62
201500030907,15,8,11,1,5,2,1,1,6,62193,M,5095431.0,187336.0,62
201500030908,15,12,16,1715,3,2,1,1,6,62193,M,5096464.0,187929.0,62
201500030909,15,5,22,1220,1,2,2,1,3,62193,M,5094642.0,189778.0,62
201500030910,15,6,5,1850,1,2,2,1,3,62193,M,5094307.0,184770.0,62
201500030911,15,8,9,1105,1,2,3,1,3,62193,M,5093894.0,187314.0,62
201500030912,15,7,23,1640,1,2,7,1,2,62193,M,5095677.0,185687.0,62
201500030913,15,8,8,1540,1,1,1,1,1,62774,M,5093396.0,172464.0,62
201500030914,15,10,27,37,5,1,1,1,6,62244,M,5091519.0,192001.0,62
201500030915,15,10,8,2025,5,2,1,1,6,62193,M,5093783.0,185954.0,62
201500030916,15,11,26,1415,1,2,1,1,2,62193,M,5095282.0,188478.0,62
201500030917,15,10,13,745,1,2,1,3,1,62193,M,5094492.0,191080.0,62
201500030918,15,12,11,515,3,2,2,9,2,62193,M,5095169.0,185344.0,62
201500030919,15,1,22,1233,1,2,2,1,3,62193,M,5094415.0,189823.0,62
201500030920,15,1,31,1700,1,1,1,1,6,62193,M,,,62
201500030921,15,2,2,840,1,2,1,1,6,62548,M,5094745.0,193644.0,62
201500030922,15,2,2,930,1,2,1,9,6,62193,M,5094283.0,187240.0,62
201500030923,15,2,23,1800,2,2,2,2,3,62193,M,5094372.0,188768.0,62
201500030924,15,1,2,1000,1,2,2,1,3,62215,M,5049351.0,295714.0,62
201500030925,15,1,15,820,2,2,1,8,6,62637,M,5046694.0,299707.0,62
201500030926,15,2,7,1530,1,2,2,1,3,62215,M,5049234.0,296392.0,62
201500030927,15,1,17,1000,1,2,1,1,6,62033,M,5045968.0,288326.0,62
201500030928,15,1,21,850,1,2,2,1,3,62624,M,5041633.0,297704.0,62
201500030929,15,2,9,2050,5,1,2,1,3,62249,M,5040778.0,301117.0,62
201500030930,15,2,8,2155,3,1,1,9,1,62351,M,5043627.0,292423.0,62
201500030931,15,2,6,1115,1,2,6,1,3,62351,M,5042741.0,292054.0,62
201500030932,15,12,5,1945,5,2,1,1,6,62573,M,5049738.0,288703.0,62
201500030933,15,12,17,1630,2,2,1,1,3,62427,M,5042532.0,294295.0,62
201500030934,15,2,22,1940,2,2,1,1,3,62186,M,5044188.0,273293.0,62
201500030935,15,11,1,1755,2,2,1,1,6,62274,M,5043213.0,298994.0,62
201500030936,15,12,20,1830,2,1,9,1,6,62427,M,5041960.0,293836.0,62
201500030937,15,12,31,1755,5,2,1,1,6,62427,M,5041641.0,297688.0,62
201500030938,15,2,27,1355,1,2,1,1,1,62274,M,5043102.0,295435.0,62
201500030939,15,10,9,1215,1,2,1,1,6,62624,M,5042025.0,299705.0,62
201500030940,15,2,27,1845,2,2,1,1,2,62250,M,5044885.0,294397.0,62
201500030941,15,12,23,1820,1,2,1,1,7,62510,M,5041666.0,276666.0,62
201500030942,15,2,18,840,2,2,2,5,6,62907,M,5048536.0,301477.0,62
201500030943,15,11,25,1715,1,2,1,1,7,62186,M,5026000.0,242000.0,62
201500030944,15,3,14,930,1,2,1,1,3,62624,M,5041142.0,297904.0,62
201500030945,15,11,21,1700,1,2,1,3,7,62186,M,5043333.0,271666.0,62
201500030946,15,3,3,2146,5,2,1,1,5,62510,M,5043446.0,277181.0,62
201500030947,15,3,12,2140,5,2,1,1,3,62523,M,5045299.0,285056.0,62
201500030948,15,3,23,1750,1,2,2,1,1,62842,M,5045723.0,283308.0,62
201500030949,15,4,12,2045,2,2,1,1,1,62386,M,5045596.0,274444.0,62
201500030950,15,3,7,650,1,2,9,1,1,62351,M,5041982.0,289587.0,62
201500030951,15,4,10,2000,1,2,1,1,3,62186,M,5044519.0,272504.0,62
201500030952,15,3,4,1615,1,2,1,1,6,62413,M,5044481.0,288068.0,62
201500030953,15,11,11,1530,1,2,1,1,1,62510,M,5043286.0,277233.0,62
201500030954,15,4,8,1515,1,2,3,1,3,62215,M,5050672.0,294871.0,62
201500030955,15,3,17,1650,1,2,1,1,6,62249,M,5041718.0,301818.0,62
201500030956,15,4,13,1225,1,2,1,1,6,62624,M,5042244.0,299326.0,62
201500030957,15,12,5,815,1,1,1,1,6,62510,M,5041930.0,278061.0,62
201500030958,15,3,22,300,5,2,1,8,6,62427,M,5043758.0,294831.0,62
201500030959,15,10,11,1625,1,2,6,1,2,62498,M,5042036.0,282018.0,62
201500030960,15,5,4,2020,1,2,2,2,3,62628,M,5042862.0,287703.0,62
201500030961,15,4,26,1345,1,2,1,1,3,62427,M,5041805.0,294696.0,62
201500030962,15,5,5,2115,2,2,1,1,6,62771,M,5042132.0,285669.0,62
201500030963,15,4,3,2130,2,1,9,1,3,62624,M,5041124.0,297886.0,62
201500030964,15,5,17,1300,1,1,3,1,3,62250,M,5046413.0,296633.0,62
201500030965,15,4,30,1050,1,2,1,1,2,62624,M,5042589.0,299624.0,62
201500030966,15,5,21,1315,1,2,1,1,3,62510,M,5043785.0,277497.0,62
201500030967,15,5,2,1540,1,2,1,1,2,62510,M,5041554.0,276476.0,62
201500030968,15,4,25,940,1,1,9,1,3,62624,M,5041124.0,297889.0,62
201500030969,15,4,24,1120,1,2,9,1,3,62133,M,5041109.0,291120.0,62
201500030970,15,6,5,1155,1,2,1,1,2,62624,M,5041160.0,299608.0,62
201500030971,15,3,12,1040,1,2,1,1,6,62249,M,5042011.0,301530.0,62
201500030972,15,5,13,1215,1,2,1,1,6,62413,M,5044888.0,291216.0,62
201500030973,15,6,11,830,1,2,1,1,6,62895,M,5049647.0,286403.0,62
201500030974,15,6,12,1610,1,2,1,1,3,62510,M,5042302.0,276241.0,62
201500030975,15,5,30,1100,1,2,1,1,7,62186,M,5045559.0,271743.0,62
201500030976,15,6,7,1850,1,1,1,1,4,62019,M,5043475.0,270744.0,62
201500030977,15,6,13,1205,1,2,1,1,7,62510,M,5042198.0,277824.0,62
201500030978,15,5,29,1145,1,2,2,1,3,62498,M,5044984.0,281810.0,62
201500030979,15,6,16,1400,1,2,1,1,6,62498,M,5044076.0,280563.0,62
201500030980,15,6,13,1300,1,2,3,1,5,62907,M,5048623.0,299606.0,62
201500030981,15,6,29,2140,1,2,2,1,1,62498,M,5043782.0,280481.0,62
201500030982,15,6,27,1925,1,1,1,1,5,62215,M,5047561.0,292442.0,62
201500030983,15,6,16,1045,1,2,4,1,6,62215,M,5047234.0,294073.0,62
201500030984,15,4,9,1725,1,2,6,1,1,62427,M,5042158.0,295588.0,62
201500030985,15,6,22,945,1,2,1,1,1,62427,M,5042477.0,295432.0,62
201500030986,15,6,28,2200,5,2,1,1,3,62771,M,5042207.0,285393.0,62
201500030987,15,7,16,2000,1,2,2,1,3,62498,M,5042753.0,283573.0,62
201500030988,15,7,18,1145,1,2,6,1,3,62427,M,5041949.0,294453.0,62
201500030989,15,7,9,935,1,2,1,1,2,62133,M,5041980.0,291396.0,62
201500030990,15,7,11,830,1,2,1,1,7,62510,M,5042135.0,277887.0,62
201500030991,15,7,23,1425,1,2,1,1,6,62498,M,5042388.0,282024.0,62
201500030992,15,6,13,1445,1,2,4,1,1,62771,M,5041597.0,287648.0,62
201500030993,15,6,26,2145,1,2,1,1,3,62510,M,5042137.0,277890.0,62
201500030994,15,6,21,1945,1,2,1,1,6,62895,M,5048502.0,285174.0,62
201500030995,15,5,20,2055,1,2,2,1,3,62321,M,5043240.0,304308.0,62
201500030996,15,7,16,1155,1,2,3,1,6,62133,M,5041572.0,291247.0,62
201500030997,15,8,1,540,2,1,1,1,1,62528,M,5045874.0,277340.0,62
201500030998,15,8,4,1130,1,2,1,1,7,62510,M,5042098.0,277778.0,62
201500030999,15,7,14,20,3,1,1,1,6,62351,M,5043332.0,292189.0,62
201500031000,15,6,23,1915,1,2,1,1,7,62528,M,5044710.0,278855.0,62
201500031001,15,8,18,1800,1,1,1,2,6,62842,M,5046160.0,282505.0,62
201500031002,15,8,9,1130,1,1,1,1,3,62215,M,5049249.0,298615.0,62
201500031003,15,8,9,1620,1,2,1,1,6,62033,M,5045374.0,287346.0,62
201500031004,15,8,15,1335,1,2,2,1,3,62250,M,5045756.0,294688.0,62
201500031005,15,8,1,2120,1,2,1,1,7,62523,M,5044554.0,286002.0,62
201500031006,15,8,25,1135,1,2,3,1,3,62771,M,5041974.0,287262.0,62
201500031007,15,8,27,1535,1,2,1,3,7,62680,M,5037737.0,297616.0,62
201500031008,15,6,30,1350,1,2,9,1,6,62427,M,5042428.0,294908.0,62
201500031009,15,7,4,410,5,2,1,1,6,62427,M,5040397.0,294005.0,62
201500031010,15,7,15,1535,1,2,9,1,6,62133,M,5041989.0,291096.0,62
201500031011,15,9,5,1455,1,1,9,1,4,62427,M,5039559.0,297319.0,62
201500031012,15,8,3,1950,1,2,1,1,7,62510,M,5041415.0,276988.0,62
201500031013,15,8,23,235,5,2,1,1,6,62427,M,5043215.0,294594.0,62
201500031014,15,6,30,1840,1,2,1,1,6,62427,M,5039916.0,296818.0,62
201500031015,15,8,18,1800,1,1,1,1,6,62413,M,5044901.0,289551.0,62
201500031016,15,7,23,2025,1,2,1,1,3,62895,M,5049443.0,284474.0,62
201500031017,15,5,16,1700,1,2,1,1,2,62498,M,5043635.0,281559.0,62
201500031018,15,9,22,1400,1,2,1,2,3,62528,M,5044583.0,279668.0,62
201500031019,15,10,2,1850,2,2,1,1,3,62186,M,5044220.0,271196.0,62
201500031020,15,7,18,1350,1,2,1,1,6,62427,M,5042224.0,294801.0,62
201500031021,15,10,7,2140,5,2,4,1,1,62427,M,5042862.0,294146.0,62
201500031022,15,10,19,1350,1,1,9,1,3,62587,M,5043133.0,292205.0,62
201500031023,15,9,26,1120,1,2,1,1,6,62624,M,5042279.0,299929.0,62
201500031024,15,8,20,1405,1,2,1,1,2,62133,M,5041988.0,291114.0,62
201500031025,15,10,5,1923,3,1,1,2,4,62842,M,5046279.0,283096.0,62
201500031026,15,9,11,1755,1,2,1,1,6,62427,M,5041957.0,293947.0,62
201500031027,15,9,9,900,1,2,1,1,2,62510,M,5041409.0,276251.0,62
201500031028,15,9,13,1500,1,1,1,2,2,62510,M,5042167.0,276478.0,62
201500031029,15,10,2,1730,1,2,2,1,6,62413,M,5044716.0,291120.0,62
201500031030,15,9,29,945,1,2,1,1,6,62498,M,5042926.0,283212.0,62
201500031031,15,10,29,1720,2,2,2,1,1,62498,M,5044983.0,281808.0,62
201500031032,15,10,2,2010,2,2,1,1,6,62510,M,5042218.0,277810.0,62
201500031033,15,10,22,1745,1,2,2,1,3,62563,M,5045915.0,272423.0,62
201500031034,15,11,17,2220,5,2,2,1,3,62413,M,5044526.0,290754.0,62
201500031035,15,10,3,1945,2,2,1,1,6,62427,M,5043013.0,294669.0,62
201500031036,15,9,27,1715,1,2,1,1,1,62464,M,5048859.0,280892.0,62
201500031037,15,12,1,1000,1,2,2,1,3,62215,M,5047428.0,294028.0,62
201500031038,15,12,4,1110,1,2,2,1,3,62215,M,5047297.0,291889.0,62
201500031039,15,10,26,1525,1,2,1,1,7,62510,M,5042244.0,277589.0,62
201500031040,15,10,8,1750,1,2,9,1,6,62498,M,5042783.0,283205.0,62
201500031041,15,11,16,1715,2,2,1,3,6,62427,M,5039513.0,297284.0,62
201500031042,15,12,3,1330,1,2,1,1,6,62427,M,5042240.0,295995.0,62
201500031043,15,11,7,1910,2,2,1,1,6,62497,M,5043808.0,306179.0,62
201500031044,15,12,12,1320,1,2,2,2,3,62215,M,5047890.0,296839.0,62
201500031045,15,10,2,2130,5,2,1,1,3,62510,M,5043333.0,276666.0,62
201500031046,15,1,17,850,2,2,1,2,7,62895,M,5048498.0,283635.0,62
201500031047,15,1,29,815,2,1,1,2,3,62842,M,5047982.0,285800.0,62
201500031048,15,1,11,1700,1,2,1,1,7,62019,M,5042695.0,271039.0,62
201500031049,15,1,28,1800,2,1,1,1,2,62510,M,5042656.0,275882.0,62
201500031050,15,2,9,722,2,2,1,1,7,62019,M,5042696.0,271039.0,62
201500031051,15,2,3,2000,2,2,1,1,6,62186,M,5044993.0,271972.0,62
201500031052,15,2,11,2300,3,1,1,1,7,62186,M,5044799.0,270343.0,62
201500031053,15,1,29,1330,1,2,1,1,3,62186,M,5044993.0,271971.0,62
201500031054,15,4,6,817,1,2,1,1,6,62555,M,5050247.0,250739.0,62
201500031055,15,5,1,1700,1,1,1,1,1,62224,M,5054337.0,254812.0,62
201500031056,15,6,6,1930,1,2,1,1,6,62224,M,5054061.0,256611.0,62
201500031057,15,9,10,820,1,1,1,5,2,62023,M,5053227.0,249581.0,62
201500031058,15,12,4,1745,3,1,1,1,5,62224,M,5054315.0,254970.0,62
201500031059,15,12,9,1210,1,1,1,1,1,62197,M,5047297.0,243909.0,62
201500031060,15,1,15,820,2,2,1,3,6,62555,M,5049989.0,249139.0,62
201500031061,15,2,6,2020,5,2,1,1,6,62194,M,5048443.0,248704.0,62
201500031062,15,3,9,1655,1,2,1,1,6,62617,M,5048293.0,265712.0,62
201500031063,15,5,24,110,3,1,1,1,6,62083,M,5046336.0,262675.0,62
201500031064,15,5,20,1855,1,2,3,1,3,62737,M,5044651.0,269370.0,62
201500031065,15,6,28,2215,2,1,1,1,7,62540,M,5044982.0,257175.0,62
201500031066,15,8,7,745,1,2,1,1,6,62617,M,5047876.0,267244.0,62
201500031067,15,9,11,1345,1,1,1,1,3,62727,M,5046977.0,259865.0,62
201500031068,15,8,18,1720,1,2,1,2,2,62617,M,5048045.0,266298.0,62
201500031069,15,12,7,1735,2,1,1,1,6,62540,M,5046956.0,258382.0,62
201500031070,15,12,9,1840,5,2,1,1,6,62617,M,5047811.0,267536.0,62
201500031071,15,11,11,440,3,1,6,1,3,62727,M,5047381.0,259024.0,62
201500031072,15,11,4,725,5,2,1,1,6,62737,M,5044992.0,268827.0,62
201500031073,15,12,17,1310,1,1,1,1,1,62083,M,5046712.0,263353.0,62
201500031074,15,6,10,1410,1,2,1,1,6,62902,M,5071205.0,223210.0,62
201500031075,15,8,27,1400,1,1,6,1,6,62139,M,5071493.0,229868.0,62
201500031076,15,9,2,1710,1,2,9,1,6,62765,M,5075182.0,225446.0,62
201500031077,15,11,17,740,2,1,1,1,6,62525,M,5074291.0,227179.0,62
201500031078,15,12,1,1740,3,1,1,1,4,62040,M,5071436.0,230783.0,62
201500031079,15,12,7,1745,2,2,7,1,6,62765,M,5074698.0,226203.0,62
201500031080,15,12,11,1945,5,2,1,2,6,62525,M,5074017.0,227628.0,62
201500031081,15,1,6,1110,1,2,6,1,6,62765,M,5074387.0,226173.0,62
201500031082,15,1,12,845,2,2,1,1,6,62139,M,5071616.0,227832.0,62
201500031083,15,2,8,1345,1,2,1,1,1,62765,M,5076356.0,229314.0,62
201500031084,15,4,10,1910,1,1,2,1,3,62040,M,5071827.0,232586.0,62
201500031085,15,5,18,1540,1,2,1,1,3,62040,M,5073061.0,230143.0,62
201500031086,15,2,27,1645,1,2,1,1,6,62826,M,5051665.0,158474.0,62
201500031087,15,5,3,1905,1,2,3,1,7,62826,M,5052027.0,159048.0,62
201500031088,15,6,11,1715,1,2,2,1,3,62826,M,5052495.0,158964.0,62
201500031089,15,6,9,1540,1,2,1,1,3,62826,M,5052131.0,158037.0,62
201500031090,15,6,18,450,3,2,1,2,6,62826,M,5049958.0,159146.0,62
201500031091,15,6,26,1425,1,2,1,1,2,62826,M,5052222.0,159006.0,62
201500031092,15,7,14,430,3,1,1,2,6,62826,M,5049225.0,160095.0,62
201500031093,15,8,14,1940,1,2,1,1,6,62826,M,5052043.0,158430.0,62
201500031094,15,9,12,1550,1,2,2,1,3,62826,M,5051716.0,158019.0,62
201500031095,15,9,12,1420,1,2,1,1,7,62826,M,5051137.0,159490.0,62
201500031096,15,11,11,1105,1,2,6,1,3,62826,M,5051661.0,158498.0,62
201500031097,15,1,17,420,5,2,1,9,6,62318,M,5052321.0,164749.0,62
201500031098,15,3,16,1050,1,2,3,1,3,63113,M,4577357.0,309001.0,63
201500031099,15,3,29,1805,1,2,1,1,6,63113,M,4578060.0,311056.0,63
201500031100,15,4,2,2344,5,2,1,1,7,63113,M,4577957.0,309072.0,63
201500031101,15,3,18,1830,1,2,1,1,7,63113,M,4581342.0,312911.0,63
201500031102,15,4,7,1000,1,2,2,1,6,63075,M,4577843.0,307221.0,63
201500031103,15,4,11,2259,5,2,1,1,6,63070,M,4573948.0,305982.0,63
201500031104,15,4,29,1425,1,2,1,1,6,63075,M,4577604.0,307017.0,63
201500031105,15,5,12,1010,1,1,1,1,2,63113,M,4577046.0,312904.0,63
201500031106,15,5,17,1710,1,2,1,1,6,63113,M,4578304.0,312286.0,63
201500031107,15,5,10,1420,1,2,2,1,5,63113,M,4579990.0,311238.0,63
201500031108,15,3,6,925,1,2,1,1,6,63075,M,4577147.0,306259.0,63
201500031109,15,6,6,130,5,2,2,1,3,63113,M,4578930.0,311676.0,63
201500031110,15,5,8,1055,1,2,1,2,3,63113,M,,,63
201500031111,15,5,27,1237,1,2,2,1,3,63113,M,4576841.0,308654.0,63
201500031112,15,6,8,1510,1,2,2,1,3,63113,M,4578840.0,309550.0,63
201500031113,15,5,29,845,1,2,9,1,3,63113,M,4581678.0,310771.0,63
201500031114,15,6,3,734,1,2,1,1,6,63113,M,4575906.0,314419.0,63
201500031115,15,6,23,745,1,1,1,1,3,63113,M,4578604.0,306421.0,63
201500031116,15,7,6,2020,2,2,2,1,3,63113,M,4577316.0,309514.0,63
201500031117,15,5,23,500,5,2,1,1,1,63113,M,4578450.0,309881.0,63
201500031118,15,8,8,2208,5,2,2,8,3,63113,M,4577633.0,307320.0,63
201500031119,15,7,9,1443,1,2,1,1,6,63113,M,,,63
201500031120,15,8,5,1535,1,2,1,1,3,63113,M,4578740.0,310519.0,63
201500031121,15,9,3,2035,5,2,3,1,3,63113,M,4576940.0,309094.0,63
201500031122,15,9,9,842,1,1,2,1,3,63113,M,4578788.0,309430.0,63
201500031123,15,9,25,1600,1,2,2,1,6,63113,M,4578400.0,307610.0,63
201500031124,15,7,27,1110,1,2,1,1,6,63113,M,4578201.0,309544.0,63
201500031125,15,8,16,1130,1,2,1,1,3,63113,M,4580170.0,311100.0,63
201500031126,15,9,19,2145,5,2,2,1,3,63113,M,4577295.0,312092.0,63
201500031127,15,10,14,1510,1,2,2,1,6,63014,M,4575201.0,311808.0,63
201500031128,15,10,1,1515,1,2,3,1,6,63113,M,4577090.0,309270.0,63
201500031129,15,10,10,2223,5,2,2,1,6,63113,M,4578750.0,310570.0,63
201500031130,15,11,3,1935,5,2,1,1,1,63113,M,4577000.0,310180.0,63
201500031131,15,10,18,2015,5,2,1,1,1,63113,M,,,63
201500031132,15,11,18,1440,1,2,3,1,1,63113,M,4580650.0,311300.0,63
201500031133,15,10,28,725,1,1,1,8,3,63113,M,4578200.0,307310.0,63
201500031134,15,9,11,1648,1,2,1,1,3,63075,M,,,63
201500031135,15,11,7,2050,5,2,1,1,6,63113,M,,,63
201500031136,15,11,6,1406,1,2,6,1,2,63113,M,,,63
201500031137,15,9,14,1230,1,2,2,1,6,63014,M,4575180.0,311790.0,63
201500031138,15,12,4,1630,1,2,3,1,6,63113,M,4580179.0,311020.0,63
201500031139,15,9,14,1420,1,2,1,1,6,63113,M,4576500.0,312320.0,63
201500031140,15,11,20,1400,1,1,2,1,3,63113,M,4580350.0,311230.0,63
201500031141,15,11,20,2310,5,2,3,1,3,63113,M,4578800.0,310080.0,63
201500031142,15,9,16,1524,1,2,1,1,2,63113,M,,,63
201500031143,15,12,16,2130,1,2,2,1,3,63113,M,4577356.0,309002.0,63
201500031144,15,1,7,1755,2,2,1,1,6,63113,M,4576798.0,308633.0,63
201500031145,15,1,14,1820,5,2,1,8,6,63014,M,4575565.0,310397.0,63
201500031146,15,1,17,745,5,2,1,8,1,63014,M,,,63
201500031147,15,1,16,844,1,2,1,1,6,63113,M,4578156.0,307646.0,63
201500031148,15,1,23,1310,1,2,1,1,7,63113,M,4577688.0,307912.0,63
201500031149,15,1,23,1958,5,2,1,1,6,63113,M,4578046.0,308390.0,63
201500031150,15,2,9,1458,1,2,4,1,6,63113,M,4579138.0,311632.0,63
201500031151,15,2,12,1050,1,2,2,1,6,63113,M,4578074.0,310921.0,63
201500031152,15,2,22,1720,1,2,1,1,6,63113,M,4579910.0,310740.0,63
201500031153,15,2,5,1140,1,2,1,1,6,63113,M,4578582.0,310238.0,63
201500031154,15,3,4,1525,1,2,3,1,6,63113,M,4576426.0,309816.0,63
201500031155,15,3,10,2234,5,2,1,1,6,63113,M,4578732.0,306317.0,63
201500031156,15,3,12,1700,1,1,1,1,3,63014,M,4575181.0,313719.0,63
201500031157,15,12,3,1645,1,1,1,1,2,63124,M,4575570.0,315546.0,63
201500031158,15,6,14,1550,1,2,1,8,3,63069,M,4572639.0,318939.0,63
201500031159,15,12,22,1540,1,2,1,7,6,63069,M,4572826.0,318584.0,63
201500031160,15,7,3,1850,1,2,4,1,3,63193,M,4577789.0,320047.0,63
201500031161,15,7,1,740,1,2,1,1,6,63124,M,4573150.0,319220.0,63
201500031162,15,8,4,2035,1,1,1,1,6,63272,M,4573844.0,314075.0,63
201500031163,15,11,5,1830,5,2,2,1,3,63124,M,4573533.0,320578.0,63
201500031164,15,11,27,1735,2,2,1,1,2,63193,M,,,63
201500031165,15,2,1,1035,1,2,1,8,6,63124,M,4573187.0,319508.0,63
201500031166,15,2,19,1430,1,2,1,1,3,63124,M,4572880.0,319024.0,63
201500031167,15,4,17,1210,1,2,3,1,6,63164,M,4582252.0,314205.0,63
201500031168,15,5,16,1130,1,2,1,1,6,63164,M,4582917.0,315131.0,63
201500031169,15,5,26,1730,1,2,1,1,3,63164,M,4582640.0,314796.0,63
201500031170,15,9,2,830,1,2,1,1,6,63019,M,4579443.0,316375.0,63
201500031171,15,10,4,1110,1,2,9,1,3,63164,M,4584190.0,315770.0,63
201500031172,15,11,11,1745,1,2,1,1,2,63063,M,4583120.0,310520.0,63
201500031173,15,11,14,1645,1,2,9,1,6,63019,M,4579840.0,316780.0,63
201500031174,15,11,17,1640,1,2,3,1,3,63164,M,4583670.0,315830.0,63
201500031175,15,11,19,1945,1,2,3,1,3,63063,M,4582220.0,310250.0,63
201500031176,15,12,11,1715,2,2,1,1,6,63063,M,4583148.0,309181.0,63
201500031177,15,1,14,430,4,2,1,1,6,63063,M,4582847.0,310176.0,63
201500031178,15,3,27,1100,1,2,3,1,3,63164,M,4582519.0,314136.0,63
201500031179,15,4,23,1025,1,1,1,1,1,63300,M,,,63
201500031180,15,5,14,310,5,1,6,1,6,63300,M,,,63
201500031181,15,5,22,600,2,1,1,1,1,63300,M,4590781.0,312069.0,63
201500031182,15,6,13,1030,1,2,2,1,3,63300,M,4588500.0,310440.0,63
201500031183,15,7,16,1640,1,2,2,1,1,63300,M,4588377.0,309516.0,63
201500031184,15,8,9,1945,1,2,2,1,3,63300,M,4588600.0,312021.0,63
201500031185,15,8,29,1820,1,1,2,7,3,63103,M,,,63
201500031186,15,10,2,1840,1,2,2,3,6,63300,M,4589023.0,311817.0,63
201500031187,15,10,7,1200,1,1,2,1,3,63103,M,4592699.0,307489.0,63
201500031188,15,10,11,2055,3,2,1,1,6,63212,M,4588261.0,308963.0,63
201500031189,15,10,21,1030,1,1,1,1,3,63224,M,,,63
201500031190,15,11,2,1150,1,1,2,1,3,63103,M,4592700.0,307480.0,63
201500031191,15,11,11,2340,3,1,1,1,1,63224,M,0.0,0.0,63
201500031192,15,12,4,1730,5,2,3,1,3,63300,M,4588030.0,311650.0,63
201500031193,15,12,9,745,2,2,2,1,3,63300,M,4589760.0,310670.0,63
201500031194,15,12,17,2030,5,2,2,1,3,63300,M,4590269.0,312016.0,63
201500031195,15,1,19,755,1,2,9,1,6,63103,M,4591923.0,307303.0,63
201500031196,15,3,4,2235,5,2,1,1,6,63245,M,4589707.0,309690.0,63
201500031197,15,4,3,1425,1,2,1,1,6,63300,M,4588799.0,311399.0,63
201500031198,15,1,1,1500,1,2,1,1,7,64024,M,4350718.0,-153351.0,64