Num_Acc,an,mois,jour,hrmn,lum,agg,int,atm,col,com,gps,lat,long,dep
201500031199,15,3,16,1450,1,2,3,1,3,64102,M,4349597.0,-146551.0,64
201500031200,15,1,7,755,5,2,3,8,3,64102,M,4348412.0,-146632.0,64
201500031201,15,3,23,1140,1,2,1,1,2,64102,M,4348710.0,-148574.0,64
201500031202,15,1,8,1220,1,2,6,1,3,64102,M,4347852.0,-149269.0,64
201500031203,15,3,25,1200,1,2,3,1,1,64024,M,4348110.0,-153343.0,64
201500031204,15,1,12,735,5,2,1,1,2,64024,M,4349013.0,-150477.0,64
201500031205,15,3,28,2340,5,2,3,1,7,64102,M,4350194.0,-148092.0,64
201500031206,15,1,14,1700,1,2,1,1,3,64102,M,,,64
201500031207,15,4,2,2050,2,2,1,1,3,64024,M,4349706.0,-150982.0,64
201500031208,15,1,14,2245,5,2,1,1,3,64102,M,4348424.0,-144967.0,64
201500031209,15,4,2,2255,5,2,1,1,6,64102,M,4349812.0,-148672.0,64
201500031210,15,1,17,1700,1,2,1,2,3,64102,M,,,64
201500031211,15,4,8,2045,1,2,2,1,3,64102,M,4349272.0,-147864.0,64
201500031212,15,1,19,1613,1,2,1,8,6,64102,M,4349283.0,-147882.0,64
201500031213,15,4,10,2135,5,2,1,1,7,64024,M,4348576.0,-151587.0,64
201500031214,15,2,4,2120,5,2,2,1,3,64102,M,4349404.0,-147658.0,64
201500031215,15,4,14,1351,1,2,3,1,3,64024,M,4350103.0,-153029.0,64
201500031216,15,2,7,555,5,2,1,1,7,64024,M,,,64
201500031217,15,4,15,1630,1,2,1,1,6,64102,M,4349746.0,-148278.0,64
201500031218,15,2,12,1641,1,2,1,1,6,64102,M,4348466.0,-148260.0,64
201500031219,15,4,15,1905,1,2,3,1,3,64102,M,4349270.0,-148761.0,64
201500031220,15,2,13,1850,5,2,3,8,3,64102,M,4350836.0,-148645.0,64
201500031221,15,4,20,1710,1,2,3,1,3,64102,M,4349134.0,-148157.0,64
201500031222,15,4,21,1240,1,2,2,1,6,64102,M,4349371.0,-146663.0,64
201500031223,15,2,16,950,1,2,1,8,1,64024,M,4349910.0,-153967.0,64
201500031224,15,4,25,1020,1,2,1,1,6,64102,M,4347636.0,-148409.0,64
201500031225,15,2,23,1805,2,2,3,3,6,64102,M,4349190.0,-148547.0,64
201500031226,15,2,27,1810,2,2,6,1,3,64024,M,,,64
201500031227,15,5,2,1120,1,2,1,1,3,64024,M,4349273.0,-151918.0,64
201500031228,15,3,4,1645,1,2,3,1,2,64102,M,4349346.0,-147990.0,64
201500031229,15,5,4,2145,5,2,1,1,7,64102,M,4348666.0,-146665.0,64
201500031230,15,3,6,1615,1,1,1,1,6,64024,M,4349173.0,-154604.0,64
201500031231,15,5,7,1322,1,2,1,1,1,64102,M,4349347.0,-148047.0,64
201500031232,15,3,7,1425,1,2,1,1,2,64024,M,4349593.0,-154011.0,64
201500031233,15,5,7,1815,1,2,1,1,5,64102,M,4349785.0,-148251.0,64
201500031234,15,3,11,1605,1,2,1,8,7,64140,M,4352722.0,-149090.0,64
201500031235,15,5,10,1418,1,2,1,1,7,64024,M,4349907.0,-153972.0,64
201500031236,15,3,15,1740,1,2,1,1,6,64102,M,4349644.0,-147248.0,64
201500031237,15,5,13,1435,1,2,3,1,3,64102,M,4349474.0,-147878.0,64
201500031238,15,5,14,1850,1,2,1,1,5,64102,M,4347554.0,-148439.0,64
201500031239,15,5,17,2035,1,2,1,1,3,64024,M,4349489.0,-151646.0,64
201500031240,15,5,16,1039,1,1,1,1,6,64024,M,4349455.0,-149719.0,64
201500031241,15,5,17,2209,5,2,3,1,3,64024,M,4349873.0,-154271.0,64
201500031242,15,5,20,1425,1,2,1,1,3,64102,M,4351164.0,-146852.0,64
201500031243,15,6,4,2205,5,2,1,1,7,64102,M,4348835.0,-146522.0,64
201500031244,15,6,11,1420,1,2,1,3,6,64102,M,4349069.0,-147897.0,64
201500031245,15,6,12,1114,1,2,1,1,3,64024,M,4348070.0,-151392.0,64
201500031246,15,6,12,1730,1,2,1,1,5,64024,M,4348063.0,-151392.0,64
201500031247,15,6,15,851,1,2,1,1,1,64102,M,4350003.0,-148178.0,64
201500031248,15,6,18,1120,1,2,1,1,6,64024,M,4348074.0,-151708.0,64
201500031249,15,6,24,1205,1,2,1,1,2,64102,M,4348760.0,-148354.0,64
201500031250,15,6,25,730,1,2,1,1,7,64024,M,4350014.0,-153938.0,64
201500031251,15,6,25,1825,1,2,1,1,3,64102,M,4351338.0,-143655.0,64
201500031252,15,7,14,901,1,2,1,1,7,64024,M,,,64
201500031253,15,7,14,1025,1,2,1,1,7,64102,M,4349863.0,-148797.0,64
201500031254,15,7,16,1650,1,2,1,1,3,64102,M,4349814.0,-149080.0,64
201500031255,15,7,23,1755,1,2,1,1,4,64024,M,4350289.0,-150346.0,64
201500031256,15,7,24,1015,1,2,1,1,2,64102,M,4350173.0,-144598.0,64
201500031257,15,7,24,1246,1,2,6,1,3,64024,M,4348412.0,-151986.0,64
201500031258,15,7,25,625,5,2,1,1,3,64024,M,4348136.0,-151092.0,64
201500031259,15,7,25,800,1,2,6,8,7,64024,M,4349410.0,-151951.0,64
201500031260,15,8,4,1230,1,2,3,2,3,64102,M,4349188.0,-147006.0,64
201500031261,15,8,5,1245,1,2,1,1,7,64024,M,4347050.0,-150477.0,64
201500031262,15,8,10,1920,1,2,1,1,3,64024,M,4347881.0,-152124.0,64
201500031263,15,8,11,1015,1,2,1,1,7,64102,M,4348662.0,-147978.0,64
201500031264,15,8,18,1105,1,1,5,1,3,64024,M,4348873.0,-153926.0,64
201500031265,15,8,18,1840,1,1,1,1,2,64024,M,4349390.0,-152407.0,64
201500031266,15,8,20,1350,1,2,6,1,5,64102,M,4349127.0,-145412.0,64
201500031267,15,8,21,950,1,2,6,1,3,64102,M,4347817.0,-149287.0,64
201500031268,15,8,31,1805,1,2,1,3,7,64102,M,4349411.0,-148290.0,64
201500031269,15,9,1,1015,1,2,1,8,6,64024,M,4349316.0,-151625.0,64
201500031270,15,9,7,1930,1,2,1,1,3,64024,M,4348398.0,-150401.0,64
201500031271,15,9,7,1815,1,2,1,1,3,64102,M,4348644.0,-148840.0,64
201500031272,15,9,10,1350,1,2,2,1,7,64024,M,4351800.0,-152371.0,64
201500031273,15,9,11,2225,5,2,1,1,3,64102,M,4348422.0,-145019.0,64
201500031274,15,9,17,1845,1,2,1,1,6,64102,M,4348682.0,-148671.0,64
201500031275,15,9,26,1650,1,2,6,1,3,64102,M,4346060.0,-149616.0,64
201500031276,15,10,2,1435,1,2,6,1,6,64102,M,4350236.0,-147854.0,64
201500031277,15,10,3,920,1,2,1,1,2,64024,M,4345696.0,-150566.0,64
201500031278,15,10,3,1540,1,2,6,1,6,64102,M,4350355.0,-146374.0,64
201500031279,15,10,10,1740,1,2,1,1,6,64102,M,4349354.0,-147462.0,64
201500031280,15,10,15,1030,1,2,6,1,3,64102,M,4348802.0,-149119.0,64
201500031281,15,10,16,900,1,2,1,8,6,64024,M,4350330.0,-151127.0,64
201500031282,15,10,21,1540,1,2,6,1,3,64024,M,4350315.0,-153639.0,64
201500031283,15,10,23,1455,1,2,1,1,3,64102,M,4349924.0,-145819.0,64
201500031284,15,10,30,1955,5,2,3,1,5,64102,M,4348550.0,-148275.0,64
201500031285,15,11,2,1405,1,2,6,1,3,64102,M,4349999.0,-146674.0,64
201500031286,15,11,9,1542,1,1,1,1,3,64102,M,4350209.0,-146142.0,64
201500031287,15,11,12,752,1,2,1,1,6,64102,M,4349079.0,-147241.0,64
201500031288,15,11,13,725,2,2,1,1,3,64102,M,4348402.0,-147672.0,64
201500031289,15,11,14,1110,1,1,1,1,7,64140,M,4352434.0,-149328.0,64
201500031290,15,12,1,1630,1,2,3,1,3,64102,M,4348541.0,-148274.0,64
201500031291,15,12,6,1755,5,2,3,1,3,64102,M,4350073.0,-149193.0,64
201500031292,15,12,9,505,5,2,6,1,7,64102,M,4349831.0,-149369.0,64
201500031293,15,12,9,745,2,2,3,2,3,64102,M,4350330.0,-148311.0,64
201500031294,15,12,13,1550,1,2,1,1,7,64140,M,4352420.0,-149311.0,64
201500031295,15,12,13,1745,5,2,2,1,3,64102,M,4350632.0,-146720.0,64
201500031296,15,12,16,850,1,2,1,1,3,64102,M,4350174.0,-146022.0,64
201500031297,15,12,18,1115,1,2,1,8,6,64024,M,4348264.0,-150487.0,64
201500031298,15,12,21,1750,1,2,6,1,3,64102,M,4349376.0,-149162.0,64
201500031299,15,12,23,1835,5,2,1,1,6,64102,M,4348575.0,-149102.0,64
201500031300,15,1,13,1515,1,2,1,1,6,64122,M,4348082.0,-154134.0,64
201500031301,15,3,26,115,5,2,1,1,6,64122,M,4347387.0,-153678.0,64
201500031302,15,1,21,800,1,2,1,2,6,64122,M,4347362.0,-154269.0,64
201500031303,15,4,7,1400,1,2,1,1,7,64125,M,4345174.0,-157409.0,64
201500031304,15,1,26,1650,1,2,1,1,3,64122,M,,,64
201500031305,15,5,11,1030,1,2,1,1,6,64122,M,4348273.0,-156096.0,64
201500031306,15,2,5,745,1,2,1,1,3,64122,M,4348435.0,-155531.0,64
201500031307,15,5,25,1620,1,2,1,8,6,64122,M,4347114.0,-156788.0,64
201500031308,15,2,9,1740,1,2,1,1,3,64122,M,4348204.0,-154347.0,64
201500031309,15,5,28,830,1,2,1,1,2,64125,M,4345097.0,-157451.0,64
201500031310,15,2,22,1500,1,2,1,1,3,64122,M,4346495.0,-153585.0,64
201500031311,15,6,15,815,1,2,1,3,3,64122,M,4345833.0,-154784.0,64
201500031312,15,3,9,1900,1,2,1,1,7,64122,M,4349344.0,-155331.0,64
201500031313,15,6,21,1135,1,2,1,7,1,64122,M,4347904.0,-156081.0,64
201500031314,15,6,30,1215,1,2,1,1,2,64125,M,4342945.0,-160035.0,64
201500031315,15,7,14,1350,1,2,1,1,6,64122,M,4348913.0,-155307.0,64
201500031316,15,7,17,1225,1,2,1,1,2,64122,M,4346217.0,-155044.0,64
201500031317,15,7,19,500,5,2,1,1,6,64122,M,4346623.0,-154154.0,64
201500031318,15,8,3,215,5,2,1,1,6,64122,M,4348335.0,-155787.0,64
201500031319,15,8,5,912,1,2,1,1,3,64125,M,4342951.0,-160025.0,64
201500031320,15,8,5,2245,5,2,1,1,6,64122,M,4348444.0,-154811.0,64
201500031321,15,8,10,1645,1,2,1,1,6,64122,M,,,64
201500031322,15,8,13,1530,1,2,1,1,6,64122,M,4347604.0,-153752.0,64
201500031323,15,8,15,600,5,2,1,8,6,64122,M,4347716.0,-156547.0,64
201500031324,15,8,22,1735,1,2,1,1,1,64122,M,4345775.0,-154642.0,64
201500031325,15,9,11,2138,5,2,1,1,3,64122,M,4347841.0,-156143.0,64
201500031326,15,9,13,250,5,2,1,1,6,64122,M,4348314.0,-156681.0,64
201500031327,15,9,15,1804,1,2,1,2,7,64125,M,4343245.0,-159652.0,64
201500031328,15,9,18,1650,1,2,1,1,3,64122,M,4347170.0,-155541.0,64
201500031329,15,11,3,1215,1,2,1,2,7,64122,M,4348280.0,-154535.0,64
201500031330,15,11,4,900,1,2,1,1,6,64122,M,4348263.0,-154494.0,64
201500031331,15,11,4,2120,5,2,1,1,6,64122,M,4346400.0,-155571.0,64
201500031332,15,11,6,1800,1,2,1,1,6,64122,M,4348328.0,-154645.0,64
201500031333,15,11,18,1050,1,2,1,1,3,64122,M,4347477.0,-155647.0,64
201500031334,15,11,18,925,1,2,1,1,3,64122,M,4347860.0,-155469.0,64
201500031335,15,11,24,1520,1,2,1,2,3,64122,M,4348007.0,-156007.0,64
201500031336,15,12,5,1445,1,2,1,1,4,64122,M,4348681.0,-154261.0,64
201500031337,15,12,18,220,5,2,1,1,6,64122,M,4348010.0,-156406.0,64
201500031338,15,12,20,500,5,2,1,1,6,64122,M,4348417.0,-154427.0,64
201500031339,15,12,23,1450,1,2,1,1,6,64122,M,4345772.0,-154504.0,64
201500031340,15,12,26,2035,5,2,1,1,6,64125,M,4344156.0,-157726.0,64
201500031341,15,12,30,259,5,2,6,1,7,64122,M,,,64
201500031342,15,1,2,2020,5,2,3,1,3,64445,M,4331182.0,-34590.0,64
201500031343,15,3,14,805,1,2,1,1,2,64445,M,4317523.0,23132.0,64
201500031344,15,1,3,1350,1,2,1,1,6,64284,M,,,64
201500031345,15,3,16,915,1,2,2,1,3,64445,M,4319293.0,21266.0,64
201500031346,15,1,7,2140,5,2,1,1,3,64445,M,4330221.0,-36776.0,64
201500031347,15,3,16,1720,1,2,1,1,3,64445,M,4330695.0,-35331.0,64
201500031348,15,1,12,812,2,2,2,1,6,64445,M,4331644.0,-33957.0,64
201500031349,15,3,17,905,1,2,7,1,6,64445,M,4331642.0,-36056.0,64
201500031350,15,1,12,2100,5,2,1,1,3,64445,M,4331189.0,-36879.0,64
201500031351,15,3,18,745,2,2,2,1,3,64445,M,4331185.0,-37724.0,64
201500031352,15,1,13,930,1,1,1,1,7,64335,M,4332173.0,-42247.0,64
201500031353,15,3,18,1013,1,2,1,1,6,64445,M,4329648.0,-36620.0,64
201500031354,15,1,14,840,1,2,1,1,1,64445,M,,,64
201500031355,15,3,19,1955,2,2,1,1,6,64445,M,4330396.0,-36619.0,64
201500031356,15,1,14,1420,1,2,2,1,6,64445,M,4330251.0,-37564.0,64
201500031357,15,3,22,1114,1,2,2,2,3,64445,M,4330699.0,-35333.0,64
201500031358,15,1,14,1623,1,2,2,1,3,64445,M,4329873.0,-37539.0,64
201500031359,15,3,23,1600,1,2,6,1,2,64445,M,4330671.0,-33317.0,64
201500031360,15,1,15,1838,5,2,2,1,3,64445,M,4330240.0,-36046.0,64
201500031361,15,3,22,1220,1,2,1,2,2,64445,M,4329760.0,-35842.0,64
201500031362,15,1,16,1357,1,2,2,1,3,64445,M,4330785.0,-36969.0,64
201500031363,15,3,25,1005,1,2,3,1,3,64445,M,4330294.0,-37563.0,64
201500031364,15,1,17,630,5,2,1,2,1,64445,M,4329577.0,-36170.0,64
201500031365,15,3,26,1345,1,2,1,1,6,64445,M,4332015.0,-34214.0,64
201500031366,15,1,19,1200,1,2,6,2,6,64445,M,4331181.0,-36293.0,64
201500031367,15,3,28,1345,1,2,1,2,6,64445,M,4330385.0,-35704.0,64
201500031368,15,1,19,1429,1,2,1,2,6,64445,M,4331128.0,-36384.0,64
201500031369,15,3,30,1525,1,2,1,2,1,64445,M,4331126.0,-35603.0,64
201500031370,15,12,29,1355,1,2,6,1,3,64373,M,4328078.0,-35774.0,64
201500031371,15,1,21,1418,1,2,2,2,3,64445,M,4330020.0,-36698.0,64
201500031372,15,3,31,807,1,2,1,1,6,64445,M,4331620.0,-37438.0,64
201500031373,15,1,22,1406,1,2,2,1,3,64445,M,4329986.0,-37948.0,64
201500031374,15,3,31,1500,1,2,2,1,1,64445,M,4330433.0,-37993.0,64
201500031375,15,1,23,1310,1,2,1,1,6,64335,M,4332420.0,-43678.0,64
201500031376,15,3,31,1725,1,2,2,1,2,64445,M,4329641.0,-37428.0,64
201500031377,15,1,24,645,5,2,2,1,3,64445,M,4329674.0,-36368.0,64
201500031378,15,4,1,900,1,2,1,1,3,64129,M,4331254.0,-38417.0,64
201500031379,15,1,27,1410,1,2,1,1,2,64348,M,4333587.0,-38418.0,64
201500031380,15,4,2,1800,1,2,1,1,2,64445,M,4333141.0,-37967.0,64
201500031381,15,1,30,747,1,2,2,3,6,64445,M,4329591.0,-37643.0,64
201500031382,15,4,3,1110,1,2,2,1,3,64445,M,4329340.0,-37061.0,64
201500031383,15,1,30,1810,4,2,1,3,6,64445,M,4329590.0,-38030.0,64
201500031384,15,4,5,1200,1,2,1,1,2,64445,M,4333332.0,-37045.0,64
201500031385,15,1,30,1938,4,2,1,3,6,64129,M,4331232.0,-38132.0,64
201500031386,15,4,8,1623,1,2,1,1,6,64445,M,,,64
201500031387,15,2,2,1400,1,2,2,1,3,64445,M,4330319.0,-37788.0,64
201500031388,15,4,9,904,1,2,1,1,3,64445,M,4333833.0,-37931.0,64
201500031389,15,2,4,1455,1,2,1,4,2,64284,M,4329267.0,-39742.0,64
201500031390,15,4,9,1345,1,2,1,1,1,64445,M,4332385.0,-35156.0,64
201500031391,15,2,5,814,2,2,1,1,6,64445,M,4330050.0,-37720.0,64
201500031392,15,4,10,1727,1,2,1,1,2,64445,M,4332413.0,-35781.0,64
201500031393,15,2,5,1650,1,2,1,1,6,64445,M,4330342.0,-35715.0,64
201500031394,15,4,11,1245,1,2,1,1,3,64284,M,4329317.0,-38677.0,64
201500031395,15,2,10,1750,1,2,1,1,6,64129,M,4330586.0,-39207.0,64
201500031396,15,4,11,1655,1,2,1,1,4,64445,M,4331103.0,-35213.0,64
201500031397,15,2,11,1218,1,2,1,1,2,64445,M,4331005.0,-36601.0,64
201500031398,15,4,13,1635,1,2,2,1,6,64445,M,4330338.0,-35698.0,64
201500031399,15,2,11,1300,1,2,2,1,6,64335,M,4334184.0,-44671.0,64
201500031400,15,4,14,750,1,2,1,1,5,64335,M,4334440.0,-42954.0,64
201500031401,15,2,12,1817,2,2,1,1,3,64269,M,,,64
201500031402,15,4,16,1736,1,2,1,1,3,64445,M,4332263.0,-36883.0,64
201500031403,15,2,20,1357,1,1,1,1,2,64445,M,4332684.0,-33016.0,64
201500031404,15,4,18,2155,5,2,1,3,3,64445,M,4330486.0,-37119.0,64
201500031405,15,2,4,615,5,2,1,1,1,64445,M,4329486.0,-36294.0,64
201500031406,15,2,21,1609,1,2,2,1,3,64445,M,4333546.0,-37968.0,64
201500031407,15,4,19,920,1,1,1,1,1,64445,M,4333186.0,-35842.0,64
201500031408,15,2,26,2050,5,2,1,2,6,64445,M,4330045.0,-36033.0,64
201500031409,15,4,20,1305,1,2,1,1,1,64445,M,4330822.0,-36222.0,64
201500031410,15,4,23,1800,1,2,1,1,3,64348,M,4330901.0,-40886.0,64
201500031411,15,2,27,1515,1,2,2,1,3,64445,M,4329876.0,-37670.0,64
201500031412,15,4,23,1829,1,2,1,1,2,64445,M,4329453.0,-38691.0,64
201500031413,15,3,2,1110,1,2,2,2,5,64445,M,,,64
201500031414,15,3,2,1130,1,2,2,2,6,64445,M,,,64
201500031415,15,4,29,1245,1,2,1,1,6,64129,M,4330052.0,-39325.0,64
201500031416,15,3,4,1640,1,2,1,2,2,64445,M,4331222.0,-32741.0,64
201500031417,15,4,29,1425,1,2,6,1,3,64445,M,4331125.0,-36339.0,64
201500031418,15,3,5,802,1,2,2,1,3,64129,M,4330214.0,-39633.0,64
201500031419,15,4,29,1530,1,2,1,1,2,64348,M,4332536.0,-38431.0,64
201500031420,15,3,8,340,5,2,2,1,3,64445,M,4330937.0,-34414.0,64
201500031421,15,4,30,1350,1,2,2,1,3,64335,M,4333252.0,-42536.0,64
201500031422,15,3,8,1707,2,2,1,1,6,64335,M,,,64
201500031423,15,5,5,1940,1,2,2,1,3,64335,M,4335748.0,-41759.0,64
201500031424,15,3,8,2020,5,2,2,1,5,64445,M,,,64
201500031425,15,5,6,1530,1,2,6,1,2,64445,M,4332997.0,-35522.0,64
201500031426,15,3,9,1210,1,2,3,1,6,64445,M,4330056.0,-36034.0,64
201500031427,15,5,11,1840,1,2,1,1,4,64445,M,4332414.0,-35387.0,64
201500031428,15,3,10,1930,3,2,1,1,3,64335,M,4332397.0,-43652.0,64
201500031429,15,5,14,940,1,2,1,2,1,64445,M,4329414.0,-37609.0,64
201500031430,15,3,10,2155,5,2,1,1,3,64445,M,4330019.0,-36699.0,64
201500031431,15,5,16,1710,1,2,3,1,3,64445,M,4329666.0,-36372.0,64
201500031432,15,5,22,800,1,2,1,1,2,64445,M,4330350.0,-36449.0,64
201500031433,15,5,28,1850,2,2,2,1,3,64445,M,4331891.0,-37290.0,64
201500031434,15,5,29,950,1,2,1,8,6,64445,M,4331577.0,-37318.0,64
201500031435,15,5,29,1650,1,2,3,1,3,64129,M,4330161.0,956182.0,64
201500031436,15,5,30,1500,1,2,2,1,2,64445,M,4332253.0,-34631.0,64
201500031437,15,6,3,1705,1,2,2,1,3,64445,M,4330410.0,-35706.0,64
201500031438,15,6,4,920,1,2,5,1,6,64445,M,4331920.0,-36752.0,64
201500031439,15,6,5,1115,1,2,2,1,3,64445,M,4330195.0,-37936.0,64
201500031440,15,6,8,1438,1,2,1,1,6,64445,M,4330205.0,-37584.0,64
201500031441,15,6,8,2145,5,2,2,8,3,64445,M,4329987.0,-37952.0,64
201500031442,15,6,10,1020,1,2,1,2,4,64335,M,4333430.0,-45538.0,64
201500031443,15,6,10,1805,2,2,6,2,3,64445,M,4331878.0,-35971.0,64
201500031444,15,6,12,1130,1,2,2,1,3,64445,M,4333143.0,-36157.0,64
201500031445,15,6,16,819,1,2,1,2,2,64284,M,4329163.0,-38565.0,64
201500031446,15,6,16,1719,1,2,1,3,6,64445,M,4329737.0,-37457.0,64
201500031447,15,6,17,850,1,2,1,1,1,64445,M,4330185.0,-35618.0,64
201500031448,15,6,17,1215,1,2,1,1,2,64335,M,4332968.0,-44651.0,64
201500031449,15,6,18,820,1,2,2,1,6,64445,M,4331319.0,-34122.0,64
201500031450,15,6,19,1547,1,2,2,1,3,64445,M,4330866.0,-36395.0,64
201500031451,15,6,20,1445,1,2,1,1,6,64445,M,4328999.0,-37940.0,64
201500031452,15,6,20,2205,5,2,2,1,5,64445,M,4330345.0,-35704.0,64
201500031453,15,6,22,1015,1,2,1,1,6,64445,M,4329760.0,-37443.0,64
201500031454,15,6,23,755,1,2,6,1,3,64445,M,4330640.0,-33383.0,64
201500031455,15,6,23,1327,1,2,2,1,3,64348,M,4332935.0,-37979.0,64
201500031456,15,6,23,1545,1,2,1,1,2,64348,M,4331043.0,-41143.0,64
201500031457,15,6,24,1845,1,2,1,1,2,64132,M,4330409.0,-31709.0,64
201500031458,15,6,24,2025,1,2,1,1,2,64269,M,4329841.0,-30376.0,64
201500031459,15,6,24,2310,5,2,2,1,3,64445,M,4331731.0,-35268.0,64
201500031460,15,6,25,1135,1,2,2,1,1,64445,M,4330792.0,-37653.0,64
201500031461,15,6,25,1335,1,2,6,1,3,64348,M,4331714.0,-39471.0,64
201500031462,15,6,25,1745,1,2,1,1,6,64445,M,4329437.0,-37725.0,64
201500031463,15,6,25,1920,1,2,6,1,6,64348,M,4331713.0,-39512.0,64
201500031464,15,6,28,1044,1,2,2,1,3,64445,M,4329637.0,-37633.0,64
201500031465,15,6,29,715,1,2,2,1,2,64284,M,4329300.0,-38666.0,64
201500031466,15,6,30,1339,1,2,2,1,3,64129,M,4330218.0,-39633.0,64
201500031467,15,7,1,1810,1,2,1,1,6,64445,M,4330549.0,-35074.0,64
201500031468,15,7,2,1420,1,2,6,1,3,64129,M,4330505.0,-40121.0,64
201500031469,15,7,2,1815,1,2,6,1,2,64373,M,4328065.0,-35755.0,64
201500031470,15,7,2,2235,5,2,2,1,3,64445,M,4331787.0,-34393.0,64
201500031471,15,7,6,1227,1,2,1,1,3,64335,M,4331428.0,-42874.0,64
201500031472,15,7,7,2005,2,2,2,1,3,64445,M,4330487.0,-37056.0,64
201500031473,15,7,8,1920,1,2,4,1,3,64445,M,4329642.0,-37422.0,64
201500031474,15,7,9,1750,1,2,1,1,3,64445,M,4330365.0,35629.0,64
201500031475,15,7,9,1815,1,2,3,1,3,64129,M,4330059.0,-40611.0,64
201500031476,15,7,10,1210,1,2,1,1,1,64445,M,4333416.0,-35858.0,64
201500031477,15,7,12,1515,1,2,6,1,3,64335,M,4332026.0,-43548.0,64
201500031478,15,7,13,1530,1,2,1,1,6,64445,M,4330218.0,-35439.0,64
201500031479,15,7,15,1910,1,2,2,1,3,64445,M,4330606.0,-37280.0,64
201500031480,15,7,16,1140,1,2,1,1,2,64445,M,4330395.0,-35221.0,64
201500031481,15,7,20,2145,2,2,6,1,3,64445,M,4329626.0,-37630.0,64
201500031482,15,7,22,1230,1,2,3,1,3,64348,M,4332940.0,-37964.0,64
201500031483,15,7,22,1555,1,2,2,1,3,64445,M,4331889.0,-36065.0,64
201500031484,15,7,22,2305,5,2,3,1,6,64445,M,4329632.0,-36830.0,64
201500031485,15,7,23,1220,1,2,2,1,3,64445,M,4330153.0,-37534.0,64
201500031486,15,7,23,1220,1,2,1,1,2,64269,M,4330068.0,-31051.0,64
201500031487,15,7,23,1855,1,2,1,1,4,64445,M,4332450.0,-37900.0,64
201500031488,15,7,29,825,1,2,6,1,3,64348,M,4332075.0,-39140.0,64
201500031489,15,7,31,1735,1,2,1,2,2,64129,M,4330231.0,-39294.0,64
201500031490,15,8,5,1040,1,2,1,1,2,64445,M,4330807.0,-35658.0,64
201500031491,15,8,5,1210,1,2,1,1,5,64348,M,4330191.0,-41348.0,64
201500031492,15,8,5,1740,1,2,1,1,6,64445,M,4331092.0,-34633.0,64
201500031493,15,8,6,2015,2,2,2,1,3,64445,M,4330264.0,-37453.0,64
201500031494,15,8,8,1620,1,2,1,2,2,64335,M,4332978.0,-44686.0,64
201500031495,15,8,12,1750,1,2,6,1,3,64348,M,4330093.0,-40941.0,64
201500031496,15,8,16,2100,5,2,1,1,2,64445,M,4333081.0,-357505.0,64
201500031497,15,8,17,2230,5,2,3,1,3,64445,M,4329336.0,-37068.0,64
201500031498,15,8,19,1110,1,2,1,1,6,64445,M,4330224.0,-35423.0,64
201500031499,15,8,20,715,1,2,1,1,1,64445,M,4333982.0,-37693.0,64
201500031500,15,8,20,845,1,2,6,1,3,64445,M,4331301.0,-36897.0,64
201500031501,15,8,21,115,4,2,1,1,6,64284,M,4329533.0,-41431.0,64
201500031502,15,8,21,2050,2,2,1,1,6,64129,M,4331149.0,-38870.0,64
201500031503,15,8,22,1935,2,2,1,1,3,64445,M,4331619.0,-33155.0,64
201500031504,15,8,22,2000,2,2,1,1,6,64445,M,4331030.0,-37862.0,64
201500031505,15,8,24,1805,1,2,1,1,6,64269,M,4331065.0,-30557.0,64
201500031506,15,8,26,1240,1,2,1,1,2,64445,M,4333129.0,-35946.0,64
201500031507,15,8,31,1742,1,1,1,1,1,64335,M,4334464.0,-44259.0,64
201500031508,15,9,3,1155,1,2,2,1,2,64445,M,4329875.0,-37687.0,64
201500031509,15,9,4,1315,1,2,1,8,2,64445,M,4330736.0,-35654.0,64
201500031510,15,9,4,2150,5,2,1,1,3,64445,M,4330018.0,-36230.0,64
201500031511,15,9,7,1020,1,2,1,1,3,64335,M,4331714.0,-42963.0,64
201500031512,15,9,8,200,3,2,2,1,3,64284,M,4329292.0,-37913.0,64
201500031513,15,9,10,1739,1,2,2,1,3,64445,M,4330489.0,-37055.0,64
201500031514,15,9,11,822,1,2,3,1,3,64445,M,4332928.0,-37826.0,64
201500031515,15,9,14,1220,1,2,1,1,3,64269,M,4329880.0,-30423.0,64
201500031516,15,9,17,1612,1,2,1,1,6,64445,M,4329961.0,-36384.0,64
201500031517,15,9,18,1110,1,2,1,1,6,64445,M,4331072.0,-36440.0,64
201500031518,15,9,18,1700,1,2,1,1,4,64335,M,4332438.0,-43699.0,64
201500031519,15,9,21,1630,1,2,1,1,6,64445,M,4330390.0,-35228.0,64
201500031520,15,9,23,1650,1,2,3,1,3,64445,M,4330225.0,-35421.0,64
201500031521,15,9,24,1135,1,2,1,1,3,64445,M,4332015.0,-35108.0,64
201500031522,15,9,25,1505,1,2,1,1,4,64445,M,4333131.0,-35826.0,64