Num_Acc,an,mois,jour,hrmn,lum,agg,int,atm,col,com,gps,lat,long,dep
201500031523,15,9,26,1300,1,2,2,1,3,64348,M,4332064.0,-40530.0,64
201500031524,15,9,27,1325,1,2,1,1,6,64237,M,4328312.0,-37217.0,64
201500031525,15,9,27,1520,1,2,1,1,3,64269,M,4329669.0,-30518.0,64
201500031526,15,9,29,1020,1,2,1,1,4,64445,M,4333659.0,36553.0,64
201500031527,15,9,30,1745,1,2,1,1,2,64445,M,4331461.0,-35462.0,64
201500031528,15,10,1,920,1,2,1,1,6,64445,M,4329981.0,-36926.0,64
201500031529,15,10,1,1418,1,2,1,1,1,64445,M,4331918.0,-36752.0,64
201500031530,15,10,2,1720,1,2,3,1,2,64348,M,4331604.0,-42177.0,64
201500031531,15,10,3,1515,1,2,1,1,2,64348,M,4332110.0,-39160.0,64
201500031532,15,10,4,1830,1,2,1,1,6,64445,M,4330005.0,-37708.0,64
201500031533,15,10,4,2026,5,2,2,1,3,64445,M,4330278.0,-35196.0,64
201500031534,15,10,5,655,5,2,3,1,3,64445,M,4330694.0,-35331.0,64
201500031535,15,10,5,1355,1,2,1,1,4,64284,M,4326448.0,-38992.0,64
201500031536,15,10,6,945,1,2,1,1,1,64445,M,4331891.0,-36155.0,64
201500031537,15,10,8,1348,1,2,2,1,3,64445,M,4329877.0,-36818.0,64
201500031538,15,10,8,1710,1,2,1,1,2,64445,M,4332101.0,-35643.0,64
201500031539,15,10,9,425,5,2,1,1,1,64445,M,4329396.0,-37604.0,64
201500031540,15,10,9,1404,1,2,3,1,3,64445,M,4334837.0,-37994.0,64
201500031541,15,10,9,2045,1,2,2,1,3,64445,M,4330040.0,-36513.0,64
201500031542,15,10,13,1302,1,2,2,1,3,64445,M,4330209.0,-37397.0,64
201500031543,15,10,13,1345,1,2,1,1,2,64445,M,4330640.0,-34403.0,64
201500031544,15,10,13,1924,2,2,2,1,3,64445,M,4329950.0,-37704.0,64
201500031545,15,10,13,2140,5,2,6,1,3,64445,M,4329593.0,-37650.0,64
201500031546,15,10,14,1410,1,2,2,1,3,64445,M,4329909.0,-37189.0,64
201500031547,15,10,15,1715,1,2,2,1,3,64445,M,4330631.0,-37487.0,64
201500031548,15,10,15,2205,5,2,6,1,3,64445,M,4329624.0,-37656.0,64
201500031549,15,10,16,735,5,2,2,1,3,64445,M,4330389.0,-37573.0,64
201500031550,15,10,16,1605,1,2,2,1,3,64445,M,4329929.0,-37129.0,64
201500031551,15,10,16,1955,5,2,2,1,3,64445,M,4331504.0,-34486.0,64
201500031552,15,10,17,2006,5,2,2,1,3,64445,M,4330151.0,-35737.0,64
201500031553,15,10,18,1650,1,2,2,1,3,64445,M,4330972.0,-36959.0,64
201500031554,15,10,18,2012,5,2,2,1,3,64445,M,4331474.0,-35450.0,64
201500031555,15,10,19,1733,1,2,1,1,3,64445,M,4331597.0,-35662.0,64
201500031556,15,10,20,1125,1,2,1,1,2,64335,M,4332947.0,-44651.0,64
201500031557,15,10,21,1400,1,2,2,1,3,64445,M,4332223.0,-36686.0,64
201500031558,15,10,24,1725,1,2,1,1,3,64445,M,4335267.0,-37781.0,64
201500031559,15,10,25,1003,1,2,1,1,2,64445,M,4330767.0,-37649.0,64
201500031560,15,10,27,1800,1,2,1,2,3,64445,M,4332223.0,-36665.0,64
201500031561,15,10,28,1141,1,2,1,1,6,64445,M,4330477.0,-36608.0,64
201500031562,15,10,29,1710,1,2,1,1,1,64445,M,4330834.0,-34390.0,64
201500031563,15,10,31,1615,1,2,1,1,2,64335,M,4332609.0,-44042.0,64
201500031564,15,10,31,2125,5,2,2,1,3,64445,M,4329884.0,-35191.0,64
201500031565,15,11,2,1545,1,2,1,1,2,64348,M,4330622.0,-40372.0,64
201500031566,15,11,2,1700,1,2,3,1,3,64445,M,4330934.0,-36925.0,64
201500031567,15,11,3,715,2,2,2,1,5,64348,M,4330973.0,-42371.0,64
201500031568,15,11,4,1920,1,2,1,1,1,64132,M,4328537.0,-34772.0,64
201500031569,15,11,4,2055,5,2,1,1,2,64445,M,4330248.0,-37551.0,64
201500031570,15,11,6,1436,1,2,1,1,1,64348,M,4330916.0,-40911.0,64
201500031571,15,11,7,958,1,2,1,1,6,64284,M,4329162.0,-38563.0,64
201500031572,15,11,7,1220,1,1,1,1,6,64348,M,4331531.0,-39565.0,64
201500031573,15,11,7,1931,1,2,1,1,4,64445,M,4330902.0,-37678.0,64
201500031574,15,11,12,1027,1,2,1,1,4,64445,M,4331244.0,-32706.0,64
201500031575,15,11,12,1352,1,2,1,1,1,64445,M,4331267.0,-32795.0,64
201500031576,15,11,12,1550,1,2,1,1,4,64284,M,4326525.0,-38987.0,64
201500031577,15,11,12,2355,5,2,3,1,3,64445,M,4332439.0,-33851.0,64
201500031578,15,11,13,1900,5,2,2,1,3,64445,M,4330685.0,-32767.0,64
201500031579,15,11,14,1050,1,2,1,1,3,64445,M,4331637.0,-36028.0,64
201500031580,15,11,14,1830,2,2,7,1,3,64445,M,4331131.0,-32346.0,64
201500031581,15,11,14,2245,5,2,1,1,7,64445,M,4328954.0,-38172.0,64
201500031582,15,11,15,1733,1,2,2,1,5,64445,M,4331371.0,-37764.0,64
201500031583,15,11,16,1755,2,2,1,1,2,64445,M,4331394.0,-37484.0,64
201500031584,15,11,18,855,1,2,1,1,3,64445,M,4331463.0,-35690.0,64
201500031585,15,11,18,1852,5,2,2,1,3,64335,M,4333758.0,-43897.0,64
201500031586,15,11,18,2115,5,2,6,1,6,64348,M,4332085.0,-39236.0,64
201500031587,15,11,19,1301,1,2,2,1,2,64445,M,4329980.0,-37949.0,64
201500031588,15,11,19,1500,1,2,1,7,6,64445,M,4329328.0,-38777.0,64
201500031589,15,11,19,1555,1,2,3,1,3,64445,M,4330611.0,-36689.0,64
201500031590,15,11,20,855,1,2,6,1,3,64445,M,4331308.0,-36897.0,64
201500031591,15,11,23,1225,1,2,2,1,3,64445,M,4330812.0,-37657.0,64
201500031592,15,11,24,945,1,2,2,1,6,64445,M,4330153.0,-37235.0,64
201500031593,15,11,25,1640,1,2,2,3,3,64445,M,4329431.0,-35901.0,64
201500031594,15,11,25,1927,5,2,1,3,4,64269,M,4329961.0,-30926.0,64
201500031595,15,11,25,2155,5,2,1,3,6,64445,M,4331613.0,-35672.0,64
201500031596,15,11,26,1310,1,2,2,3,3,64129,M,4331535.0,-37797.0,64
201500031597,15,11,27,1419,1,2,1,1,3,64445,M,4329418.0,-37713.0,64
201500031598,15,11,30,930,1,2,1,1,6,64445,M,4329691.0,-37899.0,64
201500031599,15,11,30,1220,1,2,3,1,3,64445,M,4330832.0,-32938.0,64
201500031600,15,12,1,845,1,2,1,1,1,64445,M,4329334.0,-36130.0,64
201500031601,15,12,2,1746,1,2,1,1,6,64445,M,4329910.0,-37231.0,64
201500031602,15,12,2,2125,5,2,1,1,2,64348,M,4332029.0,-39245.0,64
201500031603,15,12,3,700,4,2,1,1,6,64129,M,4331561.0,-37800.0,64
201500031604,15,12,3,1505,1,2,1,1,6,64445,M,4330780.0,-36511.0,64
201500031605,15,12,4,1710,1,2,1,1,6,64445,M,4329794.0,-36645.0,64
201500031606,15,12,5,940,1,2,1,1,3,64445,M,4330042.0,-36478.0,64
201500031607,15,12,5,1712,1,2,1,1,3,64445,M,4331644.0,-36057.0,64
201500031608,15,12,7,1406,1,2,1,1,3,64445,M,4330962.0,-36352.0,64
201500031609,15,12,9,1135,1,2,1,1,4,64284,M,4329444.0,-38692.0,64
201500031610,15,12,9,1700,1,2,2,1,6,64445,M,4329267.0,-37809.0,64
201500031611,15,12,10,745,5,2,3,1,2,64445,M,4331300.0,-36989.0,64
201500031612,15,12,10,1742,1,2,1,1,4,64269,M,4330011.0,-31011.0,64
201500031613,15,12,11,1342,1,2,1,1,3,64445,M,4330259.0,-35325.0,64
201500031614,15,12,11,1427,1,2,1,1,3,64445,M,4330966.0,-36345.0,64
201500031615,15,12,12,340,5,2,1,1,6,64284,M,4326446.0,-38992.0,64
201500031616,15,12,12,2001,5,2,1,1,3,64445,M,4330427.0,-36744.0,64
201500031617,15,12,15,2016,5,2,1,1,3,64445,M,4331119.0,-35974.0,64
201500031618,15,12,16,1430,1,2,1,1,3,64445,M,4330583.0,-36108.0,64
201500031619,15,12,17,1820,5,2,1,1,2,64129,M,4329991.0,-41073.0,64
201500031620,15,12,18,1530,1,2,1,1,6,64041,M,4327831.0,-260916.0,64
201500031621,15,12,21,1345,1,2,2,1,3,64445,M,4331374.0,-37761.0,64
201500031622,15,12,21,1905,5,2,1,1,2,64445,M,4330594.0,-35240.0,64
201500031623,15,12,22,1645,1,2,1,1,5,64445,M,4330610.0,-34452.0,64
201500031624,15,12,22,1815,1,2,1,1,1,64445,M,4332876.0,-34145.0,64
201500031625,15,12,23,1145,1,2,1,1,6,64445,M,4330296.0,-36879.0,64
201500031626,15,12,27,1359,1,2,2,1,3,64445,M,4329849.0,-36457.0,64
201500031627,15,12,27,1435,1,2,1,1,2,64445,M,4330540.0,-234953.0,64
201500031628,15,1,7,900,1,1,1,1,2,64483,M,4340158.0,-163358.0,64
201500031629,15,3,18,2120,5,2,1,1,3,64260,M,4335284.0,-178147.0,64
201500031630,15,1,8,1055,1,2,1,1,3,64260,M,,,64
201500031631,15,3,21,1715,1,2,1,2,3,64483,M,4339279.0,-165233.0,64
201500031632,15,1,11,1202,1,2,1,1,6,64483,M,,,64
201500031633,15,3,25,900,1,2,1,2,4,64260,M,4335112.0,-178289.0,64
201500031634,15,1,12,800,2,2,1,1,2,64545,M,,,64
201500031635,15,3,27,1054,1,2,1,2,6,64483,M,4338800.0,-166021.0,64
201500031636,15,1,12,1710,1,2,1,1,6,64260,M,,,64
201500031637,15,3,27,1640,1,2,1,2,6,64260,M,4335740.0,-177636.0,64
201500031638,15,1,14,1730,1,2,1,1,3,64260,M,,,64
201500031639,15,4,5,1825,1,1,1,1,2,64249,M,4342553.0,-160413.0,64
201500031640,15,1,21,1845,5,2,3,3,3,64260,M,4335034.0,-176995.0,64
201500031641,15,4,10,1710,1,2,1,1,5,64483,M,4340321.0,-163411.0,64
201500031642,15,1,28,1920,4,2,1,2,6,64249,M,,,64
201500031643,15,4,12,1735,1,1,1,1,2,64249,M,,,64
201500031644,15,2,2,700,5,2,1,2,3,64483,M,,,64
201500031645,15,4,24,1015,1,2,1,1,6,64260,M,4335221.0,-178231.0,64
201500031646,15,2,12,1650,1,2,6,1,3,64260,M,,,64
201500031647,15,4,24,1755,1,2,1,1,3,64260,M,4335648.0,-177149.0,64
201500031648,15,2,14,1605,1,2,1,3,2,64249,M,4342527.0,-160892.0,64
201500031649,15,4,25,1820,1,2,1,1,3,64483,M,4339059.0,-162800.0,64
201500031650,15,4,29,1710,1,2,1,1,4,64249,M,4342090.0,-160644.0,64
201500031651,15,2,22,1435,1,1,3,1,3,64483,M,4340147.0,-163699.0,64
201500031652,15,4,30,1735,1,2,1,1,3,64483,M,,,64
201500031653,15,3,2,810,1,1,1,2,5,64189,M,,,64
201500031654,15,5,2,1300,1,2,1,1,3,64189,M,4337859.0,-167065.0,64
201500031655,15,3,8,1305,1,1,1,1,7,64545,M,4335500.0,-169069.0,64
201500031656,15,5,3,1810,1,2,1,8,1,64189,M,4338509.0,-166370.0,64
201500031657,15,3,8,1825,1,1,1,1,6,64483,M,4339084.0,-162853.0,64
201500031658,15,5,4,1835,1,2,3,1,1,64483,M,4338706.0,-166128.0,64
201500031659,15,3,9,1655,1,1,1,1,2,64545,M,4334966.0,-174379.0,64
201500031660,15,5,8,1643,1,2,3,1,3,64260,M,4334987.0,-177938.0,64
201500031661,15,3,10,1035,1,2,3,1,3,64260,M,4337115.0,-177584.0,64
201500031662,15,5,9,1255,1,1,1,8,1,64545,M,4339144.0,-169904.0,64
201500031663,15,3,17,720,1,2,1,1,2,64260,M,,,64
201500031664,15,5,11,1545,1,1,3,1,1,64483,M,4341355.0,-161446.0,64
201500031665,15,5,12,920,1,2,1,1,1,64260,M,4335620.0,-177082.0,64
201500031666,15,5,17,2340,5,2,1,1,1,64260,M,4336242.0,-176190.0,64
201500031667,15,5,25,1710,1,2,1,1,1,64260,M,4337371.0,-177121.0,64
201500031668,15,5,27,900,1,2,3,1,3,64260,M,4335355.0,-177258.0,64
201500031669,15,5,27,1530,1,2,1,1,2,64483,M,4337578.0,-163785.0,64
201500031670,15,5,28,855,1,2,1,1,3,64260,M,4334701.0,-176617.0,64
201500031671,15,5,28,1700,1,2,1,1,6,64483,M,4340330.0,-164988.0,64
201500031672,15,6,1,1800,1,1,1,1,3,64545,M,4337756.0,-168713.0,64
201500031673,15,6,2,2035,1,2,1,1,3,64260,M,4335709.0,-177438.0,64
201500031674,15,6,3,1640,1,2,1,1,2,64483,M,4340578.0,-162488.0,64
201500031675,15,6,5,1010,1,2,1,1,6,64483,M,4338801.0,-166452.0,64
201500031676,15,6,5,1404,1,2,1,1,2,64483,M,4337723.0,-163773.0,64
201500031677,15,6,10,1050,1,2,3,1,3,64483,M,4338482.0,-165749.0,64
201500031678,15,6,12,1800,1,1,1,1,4,64545,M,4338464.0,-172026.0,64
201500031679,15,6,13,1614,1,1,3,3,3,64483,M,4341271.0,-161675.0,64
201500031680,15,6,15,1030,1,2,1,1,3,64545,M,4337800.0,-167164.0,64
201500031681,15,6,15,1730,1,2,1,1,1,64483,M,4339266.0,-162710.0,64
201500031682,15,6,18,830,1,2,1,1,6,64545,M,4336273.0,-169667.0,64
201500031683,15,6,20,1725,1,2,1,1,3,64260,M,4337013.0,-177864.0,64
201500031684,15,6,22,805,1,1,1,1,1,64545,M,4336048.0,-174427.0,64
201500031685,15,6,24,1416,1,2,1,1,1,64260,M,4335381.0,-177082.0,64
201500031686,15,6,29,1159,1,2,1,1,3,64483,M,4338865.0,-164875.0,64
201500031687,15,7,2,1335,1,2,6,1,2,64260,M,4335339.0,-177125.0,64
201500031688,15,7,2,1650,1,2,1,1,3,64189,M,4338083.0,-166839.0,64
201500031689,15,7,3,1402,1,2,1,1,6,64483,M,4338619.0,-166035.0,64
201500031690,15,7,5,1830,1,2,1,1,6,64260,M,4337192.0,-177333.0,64
201500031691,15,7,7,1325,1,2,3,1,3,64189,M,4337998.0,-166208.0,64
201500031692,15,7,7,1810,1,2,3,1,3,64260,M,4336877.0,-177110.0,64
201500031693,15,7,8,545,5,2,6,1,1,64189,M,4338448.0,-166642.0,64
201500031694,15,7,8,2000,1,2,6,1,1,64483,M,4338521.0,-166343.0,64
201500031695,15,7,9,1735,1,2,3,1,1,64260,M,,,64
201500031696,15,7,9,1850,1,1,1,1,2,64483,M,4340150.0,-163676.0,64
201500031697,15,7,11,1515,1,2,6,1,6,64189,M,4338466.0,-166631.0,64
201500031698,15,7,12,1920,1,2,1,1,6,64260,M,4337506.0,-176592.0,64
201500031699,15,7,16,1105,1,1,3,1,3,64483,M,4341934.0,-162240.0,64
201500031700,15,7,18,1805,1,1,3,1,1,64545,M,4336970.0,-173384.0,64
201500031701,15,7,20,1700,1,2,1,1,4,64483,M,4339675.0,-164539.0,64
201500031702,15,7,21,1710,1,1,1,1,2,64483,M,,,64
201500031703,15,7,27,2305,5,2,1,1,1,64483,M,4338385.0,-166620.0,64
201500031704,15,7,26,1110,1,2,1,1,3,64483,M,4322572.0,-138526.0,64
201500031705,15,7,28,1050,1,1,1,1,6,64260,M,4335062.0,-178445.0,64
201500031706,15,7,30,1605,1,2,1,1,6,64260,M,4336177.0,-175648.0,64
201500031707,15,7,30,1631,1,1,1,1,3,64483,M,4340270.0,-163497.0,64
201500031708,15,8,2,1320,1,1,1,1,3,64483,M,4340720.0,-160816.0,64
201500031709,15,8,2,1415,1,2,1,1,6,64260,M,4336916.0,-177239.0,64
201500031710,15,8,4,1740,1,2,1,1,3,64483,M,4339121.0,-165616.0,64
201500031711,15,8,5,1335,1,2,1,1,2,64260,M,4337369.0,-175584.0,64
201500031712,15,8,5,1620,1,2,1,1,3,64483,M,4340716.0,-162723.0,64
201500031713,15,8,7,1045,1,1,1,1,3,64483,M,4334755.0,-177032.0,64
201500031714,15,8,10,1315,1,1,3,1,3,64483,M,4340627.0,-162434.0,64
201500031715,15,8,10,1800,1,2,1,1,3,64249,M,4342655.0,-160376.0,64
201500031716,15,8,11,1125,1,2,1,1,3,64125,M,4342780.0,-160235.0,64
201500031717,15,8,13,1755,1,2,1,1,3,64189,M,4338777.0,-167059.0,64
201500031718,15,8,18,1500,1,1,1,1,3,64545,M,0.0,0.0,64
201500031719,15,8,18,1805,1,2,1,1,3,64545,M,4337476.0,-167867.0,64
201500031720,15,8,18,1936,1,2,1,1,2,64483,M,4339526.0,-164805.0,64
201500031721,15,8,24,2050,1,1,3,1,3,64545,M,4338637.0,-171107.0,64
201500031722,15,8,28,1156,1,2,1,1,3,64260,M,4337527.0,-176432.0,64
201500031723,15,8,28,2010,1,2,1,1,2,64189,M,4338847.0,-167911.0,64
201500031724,15,8,28,2125,5,2,1,1,3,64260,M,4334927.0,-177059.0,64
201500031725,15,8,28,1555,1,2,1,1,4,64545,M,4337716.0,-167436.0,64
201500031726,15,8,30,1700,1,2,1,1,2,64545,M,4335222.0,-173843.0,64
201500031727,15,9,3,1500,1,2,3,1,1,64260,M,4335362.0,-177424.0,64
201500031728,15,9,4,1720,1,2,3,1,3,64260,M,4336880.0,-177114.0,64
201500031729,15,9,5,1420,1,2,3,1,3,64483,M,4338615.0,-166105.0,64
201500031730,15,9,25,935,1,2,1,1,2,64260,M,4337371.0,-175585.0,64
201500031731,15,10,3,2025,2,2,1,1,6,64545,M,4334570.0,-176218.0,64
201500031732,15,10,8,1815,1,2,1,1,2,64483,M,4338496.0,-166119.0,64
201500031733,15,10,8,1815,1,2,2,1,3,64260,M,4337279.0,-176859.0,64
201500031734,15,9,26,1920,1,1,1,1,1,64545,M,4336176.0,-169203.0,64
201500031735,15,10,10,1155,1,2,1,1,3,64483,M,4340992.0,-162220.0,64
201500031736,15,10,10,1745,1,2,1,1,1,64545,M,4336101.0,-170144.0,64
201500031737,15,10,10,1820,1,2,1,1,7,64545,M,4335018.0,-174752.0,64
201500031738,15,10,15,1219,1,2,1,1,3,64260,M,4336836.0,-177178.0,64
201500031739,15,10,23,914,1,2,1,1,6,64483,M,4338651.0,-166302.0,64
201500031740,15,10,24,1720,1,2,1,1,3,64483,M,,,64
201500031741,15,10,25,125,3,2,1,1,6,64189,M,4336123.0,-164047.0,64
201500031742,15,10,26,1935,5,2,1,1,3,64189,M,4338273.0,-166547.0,64
201500031743,15,11,5,902,1,2,1,1,3,64189,M,4338461.0,-166620.0,64
201500031744,15,10,30,1830,5,2,1,1,1,64545,M,4336176.0,-169618.0,64
201500031745,15,11,6,930,1,1,1,1,3,64189,M,4338089.0,-166274.0,64
201500031746,15,11,12,1720,1,1,1,1,1,64483,M,,,64
201500031747,15,11,13,805,1,2,1,1,1,64545,M,4339053.0,-168594.0,64
201500031748,15,11,13,1005,1,1,3,1,3,64483,M,4341349.0,-161450.0,64
201500031749,15,10,16,1835,1,2,1,1,5,64483,M,4338252.0,-164916.0,64
201500031750,15,11,19,1850,1,2,3,1,3,64249,M,4342431.0,-160466.0,64
201500031751,15,11,20,1900,5,2,1,8,2,64545,M,4337763.0,-167326.0,64
201500031752,15,11,21,1940,3,2,1,3,2,64545,M,4335692.0,-173548.0,64
201500031753,15,11,24,1710,1,2,1,2,5,64483,M,4339580.0,-164718.0,64
201500031754,15,11,25,1500,1,2,1,3,2,64260,M,4335658.0,-176602.0,64
201500031755,15,12,4,1010,1,2,1,1,6,64483,M,4338631.0,-165980.0,64
201500031756,15,12,4,1300,1,2,1,1,2,64483,M,4340194.0,-163636.0,64
201500031757,15,12,9,855,1,2,1,8,2,64189,M,4338168.0,-166765.0,64
201500031758,15,12,12,1325,1,1,1,1,6,64483,M,4340506.0,-162591.0,64
201500031759,15,12,19,1000,1,2,1,1,3,64260,M,4336031.0,-176289.0,64
201500031760,15,12,21,1535,1,2,1,1,2,64483,M,4339097.0,-165421.0,64
201500031761,15,2,19,1000,1,2,1,7,6,64483,M,4338572.0,-166269.0,64
201500031762,15,3,20,1830,2,2,1,3,6,65286,M,4309685.0,-4596.0,65
201500031763,15,4,6,1750,1,1,1,1,4,65286,M,4310950.0,-7002.0,65
201500031764,15,4,6,1830,1,2,1,1,2,65286,M,4310820.0,-3914.0,65
201500031765,15,4,10,835,1,2,1,1,6,65286,M,4308820.0,-4293.0,65
201500031766,15,4,14,1655,1,2,1,1,6,65286,M,4309425.0,-4733.0,65
201500031767,15,4,18,1640,1,2,1,1,6,65286,M,4309853.0,-4552.0,65
201500031768,15,6,11,1415,1,2,2,1,3,65286,M,4309720.0,-3852.0,65
201500031769,15,6,17,1140,1,2,1,1,3,65286,M,4309270.0,-5517.0,65
201500031770,15,6,18,845,1,2,1,1,2,65286,M,4308710.0,-4316.0,65
201500031771,15,6,22,850,1,1,1,1,2,65286,M,4311640.0,-3280.0,65
201500031772,15,7,5,600,5,2,9,1,6,65286,M,4308990.0,-4622.0,65
201500031773,15,7,9,1900,1,2,3,1,1,65286,M,4308926.0,-4611.0,65
201500031774,15,8,7,1750,1,2,1,1,2,65286,M,4310570.0,-6471.0,65
201500031775,15,8,26,1620,1,2,1,1,6,65286,M,4308940.0,-4677.0,65
201500031776,15,8,28,1125,1,2,1,1,3,65286,M,4308900.0,-4611.0,65
201500031777,15,9,3,1550,1,2,7,2,6,65286,M,4309670.0,-5461.0,65
201500031778,15,8,10,1750,1,2,1,1,1,65286,M,4309320.0,-3891.0,65
201500031779,15,9,23,830,1,1,1,2,6,65286,M,4307570.0,-4085.0,65
201500031780,15,9,26,700,5,2,1,1,6,65286,M,4309350.0,-4709.0,65
201500031781,15,9,28,1755,1,2,1,1,3,65286,M,4309670.0,-3809.0,65
201500031782,15,10,9,1810,1,1,1,1,4,65286,M,4311620.0,-3296.0,65
201500031783,15,10,17,1225,1,1,1,1,1,65286,M,4309090.0,-4617.0,65
201500031784,15,10,24,1040,1,2,6,1,3,65286,M,4310740.0,-3976.0,65
201500031785,15,12,2,1425,1,2,1,1,6,65286,M,4309300.0,-4866.0,65
201500031786,15,12,18,1355,1,1,1,1,1,65286,M,4312510.0,-2697.0,65
201500031787,15,1,11,1655,1,2,1,1,4,65286,M,4308586.0,-4590.0,65
201500031788,15,2,19,2025,5,2,1,1,1,65286,M,4310940.0,-7001.0,65
201500031789,15,3,8,1845,2,2,1,1,1,65286,M,4309958.0,-5161.0,65
201500031790,15,1,2,1010,1,2,1,1,6,65440,M,4323824.0,8250.0,65
201500031791,15,3,17,1355,1,2,2,1,5,65440,M,4324452.0,7341.0,65
201500031792,15,1,6,840,1,2,6,1,3,65417,M,4322386.0,9426.0,65
201500031793,15,3,17,1330,1,2,2,1,3,65440,M,4324534.0,7438.0,65
201500031794,15,1,8,1140,1,2,1,1,2,65417,M,4322338.0,9249.0,65
201500031795,15,3,20,1620,1,2,1,8,4,65440,M,4323944.0,6553.0,65
201500031796,15,1,20,845,1,1,2,1,3,65100,M,4326807.0,7649.0,65
201500031797,15,3,23,830,1,2,2,2,6,65047,M,4324340.0,9565.0,65
201500031798,15,1,21,745,5,2,1,1,6,65440,M,4322100.0,6131.0,65
201500031799,15,3,25,1210,1,2,1,8,3,65440,M,4324320.0,6735.0,65
201500031800,15,2,2,605,5,2,2,1,3,65440,M,4323993.0,7709.0,65
201500031801,15,3,26,900,1,2,1,1,6,65440,M,4323128.0,8754.0,65
201500031802,15,2,26,1450,1,2,3,2,6,65440,M,4323540.0,6666.0,65
201500031803,15,3,29,115,3,1,1,1,6,65226,M,4324161.0,-2051.0,65
201500031804,15,2,28,400,5,2,2,1,3,65440,M,4323220.0,7837.0,65
201500031805,15,4,2,1820,1,2,3,1,2,65100,M,4326699.0,6758.0,65
201500031806,15,3,4,1615,1,2,1,1,6,65100,M,4325720.0,5181.0,65
201500031807,15,4,3,2041,5,2,1,1,6,65440,M,4323360.0,7432.0,65
201500031808,15,3,5,1020,1,2,2,1,6,65440,M,4323510.0,7166.0,65
201500031809,15,4,8,2150,5,2,3,1,3,65440,M,4323171.0,8546.0,65
201500031810,15,3,5,1205,1,2,1,1,2,65433,M,4320670.0,9898.0,65
201500031811,15,4,10,2135,5,2,1,1,1,65440,M,4321900.0,7152.0,65
201500031812,15,3,11,825,1,2,3,1,3,65440,M,4321750.0,8610.0,65
201500031813,15,4,26,120,5,2,1,1,1,65440,M,4324080.0,8210.0,65
201500031814,15,3,15,1935,4,2,3,1,3,65440,M,4322890.0,8053.0,65
201500031815,15,4,27,2125,5,2,3,1,3,65440,M,4323950.0,6570.0,65
201500031816,15,4,30,1245,1,1,2,1,3,65417,M,4322416.0,10167.0,65
201500031817,15,4,30,1608,1,2,2,1,3,65100,M,4325230.0,5401.0,65
201500031818,15,5,6,1140,1,2,1,1,6,65440,M,4322990.0,8253.0,65
201500031819,15,5,10,1010,1,2,6,1,3,65440,M,4323150.0,6155.0,65
201500031820,15,5,17,30,5,2,2,1,3,65440,M,4323040.0,8222.0,65
201500031821,15,5,20,1105,1,2,2,2,6,65440,M,4323490.0,7153.0,65
201500031822,15,5,29,900,1,2,2,1,6,65440,M,4324450.0,7331.0,65
201500031823,15,5,30,425,5,2,1,2,6,65440,M,4322120.0,6052.0,65
201500031824,15,6,2,1743,1,1,1,1,3,65417,M,4321340.0,11336.0,65
201500031825,15,6,3,2040,1,2,2,1,6,65440,M,4323810.0,6571.0,65
201500031826,15,6,5,2255,5,2,2,1,3,65440,M,4324407.0,6645.0,65
201500031827,15,6,9,1600,1,2,1,1,6,65440,M,4324430.0,7168.0,65
201500031828,15,6,14,1,3,1,1,2,7,65226,M,4322460.0,2656.0,65
201500031829,15,6,17,1045,1,1,2,1,3,65100,M,4326830.0,7686.0,65
201500031830,15,6,19,1220,1,2,2,1,3,65440,M,4324080.0,7737.0,65
201500031831,15,6,22,1500,1,2,2,1,3,65100,M,4325840.0,3954.0,65
201500031832,15,6,22,1845,1,2,1,1,6,65251,M,4321020.0,7486.0,65
201500031833,15,6,26,1155,1,1,2,1,3,65100,M,4326830.0,7686.0,65
201500031834,15,6,26,1440,1,1,1,1,3,65100,M,4326440.0,7139.0,65
201500031835,15,6,29,1815,1,2,2,1,3,65440,M,4324440.0,7326.0,65
201500031836,15,6,30,825,1,2,1,1,4,65100,M,4326550.0,7128.0,65
201500031837,15,7,18,2025,1,2,3,3,3,65440,M,4322190.0,8474.0,65
201500031838,15,7,20,1815,1,2,1,1,6,65440,M,4322980.0,7533.0,65
201500031839,15,7,24,1830,1,1,1,1,5,65226,M,4324223.0,55.0,65
201500031840,15,7,25,1000,1,1,1,1,1,65100,M,4324750.0,3997.0,65
201500031841,15,7,30,2040,1,2,2,1,1,65440,M,4323920.0,8512.0,65
201500031842,15,8,5,1530,1,2,2,1,3,65226,M,4324318.0,-889.0,65
201500031843,15,8,13,825,1,2,3,1,3,65433,M,4320810.0,9487.0,65
201500031844,15,8,17,1420,1,1,1,2,3,65226,M,4321970.0,3079.0,65
201500031845,15,8,18,1035,1,2,1,1,3,65440,M,4323590.0,6148.0,65
201500031846,15,8,21,1550,1,2,5,1,3,65440,M,4322800.0,5651.0,65
201500031847,15,8,28,1910,1,2,1,1,6,65440,M,4323230.0,7756.0,65
201500031848,15,9,4,1245,1,2,3,1,5,65440,M,4324960.0,7276.0,65