Num_Acc,an,mois,jour,hrmn,lum,agg,int,atm,col,com,gps,lat,long,dep
201500031849,15,9,8,900,1,2,1,1,3,65417,M,4321350.0,11334.0,65
201500031850,15,9,8,1200,1,2,1,1,6,65440,M,4323440.0,7781.0,65
201500031851,15,9,9,1825,1,2,2,1,3,65440,M,4323360.0,7565.0,65
201500031852,15,9,11,900,1,1,2,1,3,65226,M,4324670.0,4213.0,65
201500031853,15,9,24,1145,1,2,1,1,5,65417,M,4322920.0,9157.0,65
201500031854,15,9,25,840,1,2,1,1,6,65440,M,4322840.0,7685.0,65
201500031855,15,9,25,1730,1,1,1,1,1,65433,M,4319537.0,10055.0,65
201500031856,15,9,28,1805,1,2,3,1,3,65440,M,4322840.0,7005.0,65
201500031857,15,9,29,1150,1,1,1,1,2,65100,M,4326833.0,7113.0,65
201500031858,15,10,1,905,1,2,2,1,3,65440,M,4323293.0,8637.0,65
201500031859,15,10,9,2015,1,1,1,1,3,65047,M,4323520.0,10411.0,65
201500031860,15,10,14,755,2,2,1,1,5,65433,M,4320670.0,9909.0,65
201500031861,15,10,15,1430,1,2,2,1,1,65440,M,4324350.0,5893.0,65
201500031862,15,10,15,1500,1,2,2,1,2,65440,M,4323880.0,7851.0,65
201500031863,15,10,21,1020,1,2,1,1,6,65440,M,4323750.0,8326.0,65
201500031864,15,10,23,1145,1,1,1,1,3,65331,M,4321030.0,4739.0,65
201500031865,15,10,27,1340,1,2,1,1,6,65440,M,4321910.0,7083.0,65
201500031866,15,10,27,1955,2,2,2,1,3,65440,M,4322540.0,6943.0,65
201500031867,15,10,29,1635,1,2,3,1,3,65440,M,4323370.0,7243.0,65
201500031868,15,11,12,850,1,2,6,8,3,65440,M,4322870.0,8820.0,65
201500031869,15,11,15,1755,1,2,1,1,2,65251,M,4321050.0,7733.0,65
201500031870,15,11,19,1435,1,2,6,1,2,65440,M,4322840.0,7570.0,65
201500031871,15,11,23,1700,1,2,1,1,6,65440,M,4322510.0,5759.0,65
201500031872,15,11,26,800,1,2,1,1,6,65440,M,4322850.0,7492.0,65
201500031873,15,11,26,810,1,2,1,1,6,65440,M,4323090.0,6518.0,65
201500031874,15,11,27,1145,1,2,2,1,3,65440,M,4323460.0,8409.0,65
201500031875,15,11,28,1750,2,1,1,1,3,65226,M,4325110.0,1880.0,65
201500031876,15,12,7,1725,1,2,1,1,3,65440,M,4322840.0,7605.0,65
201500031877,15,12,11,1300,1,2,3,1,3,65440,M,4322350.0,4885.0,65
201500031878,15,12,14,755,5,2,1,1,3,65440,M,4323960.0,7255.0,65
201500031879,15,12,19,333,5,2,1,1,2,65440,M,4322580.0,6683.0,65
201500031880,15,12,25,1005,1,2,9,1,6,65440,M,4322290.0,9098.0,65
201500031881,15,12,26,950,1,2,1,1,3,65440,M,4323660.0,5538.0,65
201500031882,15,12,29,1125,1,2,3,1,3,65047,M,4324340.0,9565.0,65
201500031883,15,7,4,1000,1,2,1,1,1,09167,M,4327602.0,134786.0,09
201500031884,15,8,10,1615,1,1,1,1,6,09181,M,4306709.0,135544.0,09
201500031885,15,1,1,250,5,2,1,1,7,66136,M,4268727.0,291521.0,66
201500031886,15,1,6,1100,1,2,1,1,6,66136,M,4270109.0,289275.0,66
201500031887,15,1,12,1445,1,2,1,1,6,66136,M,4267413.0,290467.0,66
201500031888,15,1,15,1109,1,2,1,1,6,66136,M,4269491.0,288919.0,66
201500031889,15,1,16,1917,2,2,1,1,2,66136,M,4273224.0,288943.0,66
201500031890,15,1,20,752,2,2,3,1,3,66136,M,4266462.0,290791.0,66
201500031891,15,1,20,837,1,1,1,1,3,66136,M,4271737.0,289087.0,66
201500031892,15,1,21,835,1,2,1,1,6,66136,M,4269258.0,289190.0,66
201500031893,15,1,20,1335,1,2,1,1,6,66136,M,4270499.0,289043.0,66
201500031894,15,1,22,1130,1,2,1,1,6,66136,M,4269612.0,287833.0,66
201500031895,15,1,23,2200,5,1,1,6,6,66136,M,4269468.0,285055.0,66
201500031896,15,1,26,110,3,2,1,1,2,66136,M,4269115.0,289867.0,66
201500031897,15,1,23,1850,5,2,1,1,2,66136,M,4268158.0,291052.0,66
201500031898,15,2,2,1715,2,1,1,1,2,66136,M,4267435.0,288798.0,66
201500031899,15,2,4,30,5,2,1,1,6,66136,M,4270221.0,289394.0,66
201500031900,15,2,5,1840,5,2,1,1,6,66136,M,4269053.0,290168.0,66
201500031901,15,2,6,805,1,1,1,1,4,66136,M,,,66
201500031902,15,2,6,1054,1,1,1,1,6,66136,M,4269426.0,288842.0,66
201500031903,15,2,12,1715,1,2,1,1,3,66136,M,4269085.0,288115.0,66
201500031904,15,2,13,1245,1,2,1,1,2,66136,M,,,66
201500031905,15,2,14,1106,1,2,1,1,6,66136,M,4268660.0,289976.0,66
201500031906,15,2,16,2322,5,2,1,1,6,66136,M,4271390.0,288610.0,66
201500031907,15,2,15,1150,1,2,1,1,3,66136,M,4268960.0,288445.0,66
201500031908,15,2,13,1955,3,1,1,1,3,66136,M,4269898.0,290643.0,66
201500031909,15,2,19,900,1,2,1,1,6,66136,M,4269867.0,289127.0,66
201500031910,15,2,20,1115,1,2,1,1,2,66136,M,4269239.0,289205.0,66
201500031911,15,3,1,1950,2,2,1,1,3,66136,M,4270777.0,290241.0,66
201500031912,15,3,1,925,1,1,1,1,3,66136,M,4267829.0,288058.0,66
201500031913,15,3,3,820,1,1,2,1,3,66136,M,4265862.0,287440.0,66
201500031914,15,3,9,1957,5,2,1,1,6,66136,M,4267862.0,290472.0,66
201500031915,15,3,11,720,1,1,1,1,6,66136,M,4267200.0,288645.0,66
201500031916,15,3,12,1050,1,2,1,1,3,66136,M,4270444.0,290218.0,66
201500031917,15,3,13,1000,1,2,1,1,7,66136,M,4269934.0,288859.0,66
201500031918,15,3,13,1000,1,2,1,1,6,66136,M,4269682.0,292287.0,66
201500031919,15,3,13,740,1,2,1,1,6,66136,M,4270179.0,289330.0,66
201500031920,15,3,16,1345,1,2,1,2,6,66136,M,4269730.0,290397.0,66
201500031921,15,3,17,1430,1,2,1,1,3,66136,M,4267024.0,285928.0,66
201500031922,15,3,22,1700,1,2,1,1,3,66136,M,4268809.0,287364.0,66
201500031923,15,3,23,740,1,2,2,2,3,66136,M,4270483.0,288644.0,66
201500031924,15,3,25,1550,1,2,1,1,3,66136,M,4272452.0,288218.0,66
201500031925,15,3,29,1140,1,2,1,1,6,66136,M,4268740.0,290108.0,66
201500031926,15,3,27,645,1,1,1,1,6,66136,M,,,66
201500031927,15,4,1,1220,1,2,1,6,6,66136,M,4267565.0,290506.0,66
201500031928,15,4,5,1230,1,2,1,1,6,66136,M,4271762.0,288722.0,66
201500031929,15,4,6,2045,3,2,1,1,3,66136,M,4273026.0,289412.0,66
201500031930,15,4,10,2342,5,2,1,1,6,66136,M,4270656.0,289184.0,66
201500031931,15,4,9,822,1,2,1,1,2,66136,M,4267548.0,284836.0,66
201500031932,15,4,9,1110,1,2,2,1,3,66136,M,4268818.0,289709.0,66
201500031933,15,4,13,1700,1,2,1,1,6,66136,M,4271765.0,288597.0,66
201500031934,15,4,15,1041,1,2,1,1,6,66136,M,4269153.0,289356.0,66
201500031935,15,4,23,1810,1,2,1,1,6,66136,M,4268978.0,290260.0,66
201500031936,15,4,26,445,3,1,1,8,6,66136,M,,,66
201500031937,15,4,24,1654,1,2,1,1,6,66136,M,4269860.0,288740.0,66
201500031938,15,5,4,1740,1,2,1,1,6,66136,M,4269798.0,288658.0,66
201500031939,15,5,6,1745,1,1,1,1,6,66136,M,,,66
201500031940,15,5,10,645,1,2,2,1,3,66136,M,4269063.0,290132.0,66
201500031941,15,5,10,1200,1,2,1,1,6,66136,M,4269165.0,289300.0,66
201500031942,15,5,9,1850,1,2,2,1,3,66136,M,4269374.0,289125.0,66
201500031943,15,5,8,1115,1,2,1,1,6,66136,M,4269523.0,290244.0,66
201500031944,15,5,8,1740,1,2,1,1,6,66136,M,4269531.0,290230.0,66
201500031945,15,5,9,1040,1,1,1,1,2,66136,M,,,66
201500031946,15,5,13,1700,1,2,1,1,4,66136,M,,,66
201500031947,15,5,18,1215,1,2,2,1,3,66136,M,4267316.0,285813.0,66
201500031948,15,5,25,1140,1,2,1,6,6,66136,M,4269701.0,289061.0,66
201500031949,15,5,29,1010,1,2,2,1,1,66136,M,4268123.0,289615.0,66
201500031950,15,6,4,620,1,1,1,1,3,66136,M,4270942.0,290554.0,66
201500031951,15,6,5,2040,2,1,1,1,1,66136,M,0.0,0.0,66
201500031952,15,6,7,930,1,2,1,1,5,66136,M,4269864.0,288728.0,66
201500031953,15,6,9,1400,1,1,1,1,2,66136,M,0.0,0.0,66
201500031954,15,6,9,1700,1,2,1,1,6,66136,M,4272445.0,288041.0,66
201500031955,15,6,10,1610,1,2,1,1,6,66136,M,4270793.0,289307.0,66
201500031956,15,11,26,1530,1,1,1,2,6,66136,M,4269450.0,284932.0,66
201500031957,15,6,17,740,1,1,1,1,6,66136,M,0.0,0.0,66
201500031958,15,6,15,1415,1,2,1,1,3,66136,M,4273103.0,290080.0,66
201500031959,15,6,17,845,1,2,1,1,1,66136,M,4268308.0,289524.0,66
201500031960,15,6,19,1750,1,2,1,1,2,66136,M,4270871.0,288593.0,66
201500031961,15,7,2,1455,1,2,1,1,6,66136,M,4273124.0,288918.0,66
201500031962,15,7,3,1243,1,2,1,1,3,66136,M,4267991.0,290354.0,66
201500031963,15,7,5,420,5,2,6,1,3,66136,M,4270534.0,290188.0,66
201500031964,15,7,8,815,1,2,1,1,2,66136,M,4269611.0,289909.0,66
201500031965,15,7,9,950,1,2,1,1,1,66136,M,4270230.0,288536.0,66
201500031966,15,7,9,1600,1,1,1,1,3,66136,M,4267044.0,285706.0,66
201500031967,15,7,9,1724,1,2,1,1,6,66136,M,4268116.0,289402.0,66
201500031968,15,7,9,1800,1,1,6,1,2,66136,M,4270763.0,290907.0,66
201500031969,15,7,10,1125,1,2,1,1,3,66136,M,4268180.0,289267.0,66
201500031970,15,7,13,2010,2,2,2,1,3,66136,M,4272194.0,288509.0,66
201500031971,15,7,13,1200,1,2,1,1,2,66136,M,4269008.0,289204.0,66
201500031972,15,7,16,1620,1,2,1,1,2,66136,M,4270911.0,289853.0,66
201500031973,15,7,18,750,1,2,1,1,6,66136,M,4268729.0,290128.0,66
201500031974,15,7,25,200,5,2,1,1,6,66136,M,4268872.0,289463.0,66
201500031975,15,7,26,1915,1,2,1,1,6,66136,M,4268819.0,290026.0,66
201500031976,15,8,21,1801,1,1,1,1,4,66136,M,0.0,0.0,66
201500031977,15,8,24,1500,1,1,1,1,4,66136,M,4267085.0,285627.0,66
201500031978,15,8,25,1159,1,1,1,1,3,66136,M,4267085.0,285606.0,66
201500031979,15,8,26,1730,1,1,1,1,3,66136,M,4269137.0,289678.0,66
201500031980,15,8,29,1415,1,2,1,1,6,66136,M,4270115.0,289028.0,66
201500031981,15,8,30,1924,1,1,1,1,7,66136,M,4267831.0,288059.0,66
201500031982,15,9,3,1028,1,1,1,2,7,66136,M,0.0,0.0,66
201500031983,15,9,4,810,1,2,4,1,3,66136,M,4270732.0,289337.0,66
201500031984,15,9,5,1430,1,1,1,1,2,66136,M,0.0,0.0,66
201500031985,15,9,6,2250,4,2,1,1,3,66136,M,4271480.0,288706.0,66
201500031986,15,9,7,921,1,1,1,1,3,66136,M,0.0,0.0,66
201500031987,15,9,7,1330,1,1,1,1,3,66136,M,4271331.0,290587.0,66
201500031988,15,9,13,850,1,2,1,1,3,66136,M,4272973.0,289814.0,66
201500031989,15,9,11,810,1,1,1,1,1,66136,M,4267114.0,289560.0,66
201500031990,15,9,11,2320,5,2,1,1,6,66136,M,4268864.0,290407.0,66
201500031991,15,9,14,1950,1,2,1,1,3,66136,M,4267075.0,290501.0,66
201500031992,15,9,17,1030,1,1,1,1,1,66136,M,4268009.0,286849.0,66
201500031993,15,9,21,1030,1,2,1,1,3,66136,M,4268486.0,290188.0,66
201500031994,15,9,20,1610,1,1,1,1,6,66136,M,4269804.0,288659.0,66
201500031995,15,10,2,900,1,2,1,1,6,66136,M,4271731.0,289084.0,66
201500031996,15,10,6,1920,1,2,1,1,1,66136,M,4273425.0,288733.0,66
201500031997,15,10,6,2045,5,2,1,1,1,66136,M,4268554.0,288213.0,66
201500031998,15,10,15,1720,1,1,1,1,6,66136,M,4270300.0,288640.0,66
201500031999,15,10,16,755,1,1,1,1,3,66136,M,4266995.0,290496.0,66
201500032000,15,10,16,1800,2,2,1,1,6,66136,M,4268383.0,290926.0,66
201500032001,15,10,17,1800,1,1,1,1,6,66136,M,4267027.0,288275.0,66
201500032002,15,10,17,1900,2,2,1,1,6,66136,M,4269261.0,289196.0,66
201500032003,15,10,18,2211,3,1,1,1,1,66136,M,0.0,0.0,66
201500032004,15,10,23,1530,1,2,1,1,3,66136,M,4269902.0,292932.0,66
201500032005,15,10,24,932,1,2,1,1,6,66136,M,4269790.0,290549.0,66
201500032006,15,10,27,1840,1,1,1,1,6,66136,M,4270703.0,290002.0,66
201500032007,15,11,2,1000,1,2,1,1,6,66136,M,4269921.0,289492.0,66
201500032008,15,11,3,1326,1,1,1,1,3,66136,M,0.0,0.0,66
201500032009,15,11,3,1100,1,1,1,1,2,66136,M,4269110.0,285200.0,66
201500032010,15,11,4,1359,1,1,1,1,6,66136,M,4269874.0,288901.0,66
201500032011,15,11,4,1420,1,1,1,1,3,66136,M,4269301.0,284845.0,66
201500032012,15,11,6,1610,1,1,1,1,3,66136,M,4268121.0,289442.0,66
201500032013,15,11,11,900,1,2,1,1,3,66136,M,4269607.0,287833.0,66
201500032014,15,11,11,1320,1,2,1,1,3,66136,M,4269127.0,289653.0,66
201500032015,15,11,13,1150,1,2,1,1,6,66136,M,4269425.0,290405.0,66
201500032016,15,11,13,1430,1,2,1,1,6,66136,M,4269358.0,290714.0,66
201500032017,15,11,16,850,1,1,1,1,4,66136,M,0.0,0.0,66
201500032018,15,11,16,815,1,2,1,1,6,66136,M,4270306.0,290341.0,66
201500032019,15,11,19,900,1,2,1,1,6,66136,M,4269297.0,291533.0,66
201500032020,15,11,23,1740,2,2,1,1,4,66136,M,4269931.0,291639.0,66
201500032021,15,12,1,800,1,2,1,1,3,66136,M,4269407.0,290108.0,66
201500032022,15,12,1,1811,2,2,1,1,6,66136,M,4269100.0,288111.0,66
201500032023,15,12,3,1015,1,2,1,1,6,66136,M,4269207.0,289279.0,66
201500032024,15,12,6,1419,1,2,1,1,3,66136,M,4269212.0,289262.0,66
201500032025,15,12,7,1230,1,2,1,1,2,66136,M,4269821.0,288743.0,66
201500032026,15,12,7,1335,1,2,3,1,3,66136,M,4269374.0,289304.0,66
201500032027,15,12,8,1600,1,2,1,1,6,66136,M,4273939.0,289158.0,66
201500032028,15,12,15,915,1,2,2,1,3,66136,M,4270865.0,289641.0,66
201500032029,15,12,14,735,2,2,1,1,6,66136,M,4269118.0,288181.0,66
201500032030,15,12,17,1125,1,2,1,1,6,66136,M,4269935.0,288874.0,66
201500032031,15,6,27,1345,1,1,1,1,6,52022,M,4791646.0,491254.0,52
201500032032,15,7,20,1745,1,2,1,1,6,52365,M,4808159.0,492886.0,52
201500032033,15,4,30,630,2,2,1,1,6,06149,M,0.0,0.0,06
201500032034,15,5,12,845,1,2,1,1,3,06060,M,0.0,0.0,06
201500032035,15,6,16,1630,1,2,1,1,6,06054,M,0.0,0.0,06
201500032036,15,9,1,1245,1,2,6,1,2,06149,M,0.0,0.0,06
201500032037,15,9,3,845,1,1,1,1,1,06149,M,0.0,0.0,06
201500032038,15,9,22,1530,1,1,1,1,1,06149,M,0.0,0.0,06
201500032039,15,10,3,715,1,1,1,1,6,06149,M,,,06
201500032040,15,12,8,1015,1,2,1,1,1,06149,M,0.0,0.0,06
201500032041,15,2,7,815,1,1,1,8,6,67103,M,0.0,0.0,67
201500032042,15,2,19,1100,1,2,1,1,6,67392,M,0.0,0.0,67
201500032043,15,2,27,1200,1,1,1,1,1,67347,M,0.0,0.0,67
201500032044,15,6,17,1100,1,1,2,7,3,67370,M,0.0,0.0,67
201500032045,15,10,1,1845,3,1,1,1,7,67535,M,0.0,0.0,67
201500032046,15,1,29,700,3,1,1,3,3,85126,M,4646554.0,-84558.0,85
201500032047,15,2,9,1725,2,2,1,1,1,85143,M,4652190.0,-76550.0,85
201500032048,15,3,13,1130,1,2,1,1,2,85223,M,4654620.0,-106524.0,85
201500032049,15,5,3,810,1,1,1,2,2,85209,M,4650244.0,-99360.0,85
201500032050,15,7,3,1030,1,1,1,1,1,85034,M,4662200.0,-115300.0,85
201500032051,15,7,19,1415,1,1,3,1,3,85264,M,4669683.0,-70830.0,85
201500032052,15,9,7,1415,1,1,1,1,2,85092,M,4645100.0,-81400.0,85
201500032053,15,9,17,830,1,1,9,1,1,85091,M,0.0,0.0,85
201500032054,15,1,30,845,1,1,1,4,6,80518,M,0.0,0.0,80
201500032055,15,1,31,1015,1,1,1,4,6,80600,M,0.0,0.0,80
201500032056,15,4,23,1130,1,1,1,1,6,80344,M,0.0,0.0,80
201500032057,15,5,5,1750,1,1,1,6,6,80692,M,0.0,0.0,80
201500032058,15,8,3,200,3,1,9,1,2,80149,M,0.0,0.0,80
201500032059,15,9,27,530,3,1,9,1,6,80126,M,0.0,0.0,80
201500032060,15,12,15,745,2,1,1,2,4,80635,M,0.0,0.0,80
201500032061,15,3,30,815,1,1,1,8,7,76541,M,4951144.0,98672.0,76
201500032062,15,6,11,1500,1,1,1,1,1,76555,M,4953693.0,122926.0,76
201500032063,15,7,17,1230,1,1,1,8,2,76756,M,4958343.0,127655.0,76
201500032064,15,9,9,1715,1,1,1,1,5,01007,M,0.0,0.0,01
201500032065,15,9,16,1830,1,2,1,1,3,01004,M,0.0,0.0,01
201500032066,15,12,30,1230,1,1,1,5,2,01007,M,0.0,0.0,01
201500032067,15,2,5,1000,1,1,1,6,7,66190,M,0.0,0.0,66
201500032068,15,3,10,245,3,1,1,1,2,66136,M,0.0,0.0,66
201500032069,15,8,18,845,1,1,1,1,1,66136,M,0.0,0.0,66
201500032070,15,10,8,1430,1,1,1,1,4,66136,M,0.0,0.0,66
201500032071,15,8,28,600,3,1,1,2,6,52331,M,4849045.0,477734.0,52
201500032072,15,9,4,1900,1,1,1,1,6,52182,M,0.0,0.0,52
201500032073,15,9,30,1900,1,1,1,1,1,52294,M,4855894.0,492510.0,52
201500032074,15,11,13,1245,1,1,1,2,1,52182,M,4853989.0,482336.0,52
201500032075,15,5,27,1830,1,2,1,1,5,95229,M,4903280.0,235590.0,95
201500032076,15,6,17,1800,1,2,1,1,6,95205,M,4902240.0,237420.0,95
201500032077,15,8,8,1015,1,1,1,1,3,95229,M,4903430.0,234190.0,95
201500032078,15,8,14,2345,3,1,1,2,6,95205,M,4902290.0,238650.0,95
201500032079,15,8,20,2030,1,2,1,1,1,95229,M,4903280.0,235050.0,95
201500032080,15,12,14,845,1,1,1,1,5,95680,M,4901790.0,241180.0,95
201500032081,15,3,20,630,2,1,1,1,3,25482,M,0.0,0.0,25
201500032082,15,4,16,1945,1,1,1,1,6,25474,M,0.0,0.0,25
201500032083,15,8,29,645,2,1,1,1,2,25212,M,0.0,0.0,25
201500032084,15,1,6,1115,1,2,6,1,3,67180,M,,,67
201500032085,15,3,14,1010,1,2,1,1,1,67180,M,,,67
201500032086,15,1,15,715,3,1,1,8,6,67180,M,,,67
201500032087,15,3,19,1700,1,2,1,1,6,67180,M,,,67
201500032088,15,1,20,1740,5,2,1,1,6,67180,M,,,67
201500032089,15,3,16,1743,1,2,3,1,3,67180,M,,,67
201500032090,15,1,27,1910,5,2,1,1,6,67180,M,,,67
201500032091,15,4,15,1450,1,1,1,1,2,67180,M,,,67
201500032092,15,5,7,1715,1,1,1,1,1,67180,M,,,67
201500032093,15,5,27,1847,1,2,1,1,6,67180,M,,,67
201500032094,15,6,18,1700,1,2,1,8,6,67180,M,4800000.0,700000.0,67
201500032095,15,7,8,26,5,2,1,1,6,67180,M,,,67
201500032096,15,9,13,1130,1,2,1,2,3,67180,M,,,67
201500032097,15,12,15,834,1,1,1,1,1,67180,M,,,67
201500032098,15,12,18,2240,5,2,2,1,3,67180,M,,,67
201500032099,15,7,10,2030,1,2,1,1,7,86195,M,0.0,0.0,86
201500032100,15,7,18,30,3,1,1,1,6,86186,M,4685000.0,62000.0,86
201500032101,15,10,9,930,1,1,1,1,3,86128,M,0.0,0.0,86
201500032102,15,10,15,800,2,1,1,2,7,86128,M,0.0,0.0,86
201500032103,15,12,31,930,1,1,1,1,6,86019,M,4674360.0,44649.0,86
201500032104,15,8,6,2041,2,1,1,1,6,74309,M,0.0,0.0,74
201500032105,15,9,5,830,1,1,1,1,7,74082,M,0.0,0.0,74
201500032106,15,12,24,1945,5,1,1,1,2,74201,M,0.0,0.0,74
201500032107,15,9,23,1815,1,2,1,1,3,38019,M,0.0,0.0,38
201500032108,15,10,29,1800,5,2,1,1,5,38336,M,0.0,0.0,38
201500032109,15,11,13,2030,3,2,1,1,2,38336,M,0.0,0.0,38
201500032110,15,11,20,2145,5,2,1,2,3,38019,M,0.0,0.0,38
201500032111,15,12,1,1600,1,2,1,1,6,38336,M,4547775.0,482947.0,38
201500032112,15,12,5,2300,5,2,6,1,7,38425,M,0.0,0.0,38
201500032113,15,12,8,1745,3,1,2,1,1,38160,M,4549933.0,497423.0,38
201500032114,15,4,19,1815,1,1,1,1,3,83072,M,0.0,0.0,83
201500032115,15,7,7,715,1,1,1,1,1,83072,M,4348239.0,629009.0,83
201500032116,15,7,25,1745,1,1,1,1,3,83134,M,4346121.0,640687.0,83
201500032117,15,8,29,1030,1,1,1,1,7,83003,M,0.0,0.0,83
201500032118,15,10,19,1945,3,1,1,1,3,83072,M,0.0,0.0,83
201500032119,15,11,10,1300,1,1,1,1,1,83072,M,0.0,0.0,83
201500032120,15,11,18,1600,1,1,1,1,3,83136,M,0.0,0.0,83
201500032121,15,8,6,2145,3,1,1,1,5,13033,M,0.0,0.0,13
201500032122,15,12,5,615,3,1,9,2,5,13104,M,0.0,0.0,13
201500032123,15,12,17,700,2,1,1,1,6,13014,M,0.0,0.0,13
201500032124,15,1,5,1400,1,2,2,7,6,67462,M,,,67
201500032125,15,4,21,1227,1,1,1,1,7,67462,M,,,67
201500032126,15,5,18,755,1,1,1,1,3,67462,M,,,67
201500032127,15,5,29,1810,1,2,1,1,3,67462,M,,,67
201500032128,15,6,2,1739,1,2,3,1,1,67462,M,4826370.0,745175.0,67
201500032129,15,6,3,1732,1,2,1,1,1,67462,M,,,67
201500032130,15,6,10,940,1,1,9,1,2,67462,M,4824180.0,742844.0,67
201500032131,15,8,10,2301,3,1,1,1,1,67462,M,,,67
201500032132,15,9,20,1120,1,2,2,1,3,67462,M,4826512.0,745294.0,67
201500032133,15,9,24,1745,1,2,1,1,6,67462,M,4826194.0,745128.0,67
201500032134,15,10,13,751,1,2,2,1,3,67462,M,,,67
201500032135,15,10,17,2135,3,1,1,1,3,67462,M,,,67
201500032136,15,12,5,915,1,2,1,1,1,67462,M,,,67
201500032137,15,12,31,242,3,1,1,2,6,67462,M,,,67
201500032138,15,1,4,1757,5,2,1,1,3,67482,M,,,67
201500032139,15,3,2,1515,1,2,1,1,3,67482,M,4859180.0,770444.0,67
201500032140,15,1,5,1205,1,2,1,7,6,67482,M,,,67
201500032141,15,3,4,1515,1,2,1,1,2,67365,M,4855086.0,771050.0,67
201500032142,15,1,5,1300,1,2,1,1,3,67218,M,,,67
201500032143,15,12,31,1810,5,2,1,1,1,67482,M,4859529.0,772681.0,67
201500032144,15,3,4,2155,5,2,1,1,3,67043,M,4861525.0,772606.0,67
201500032145,15,1,7,645,5,2,3,2,6,67267,M,,,67
201500032146,15,3,6,1300,1,2,1,1,6,67447,M,4860500.0,774369.0,67
201500032147,15,1,7,1705,5,2,3,1,6,67447,M,,,67
201500032148,15,3,8,2100,1,1,3,1,5,67482,M,4856875.0,772703.0,67
201500032149,15,1,9,1730,5,2,2,1,3,67482,M,,,67
201500032150,15,3,9,900,1,2,1,1,6,67447,M,4860160.0,776272.0,67
201500032151,15,1,11,1420,1,2,1,1,3,67482,M,,,67
201500032152,15,3,9,1020,1,2,3,1,3,67482,M,4856458.0,776047.0,67
201500032153,15,1,12,820,1,2,1,1,6,67482,M,,,67
201500032154,15,3,9,1645,1,1,2,1,3,67482,M,4856966.0,776317.0,67
201500032155,15,1,12,915,1,2,2,1,5,67043,M,,,67
201500032156,15,3,11,14,5,2,1,2,2,67447,M,4860991.0,775056.0,67
201500032157,15,1,13,1050,1,1,1,1,3,67267,M,,,67
201500032158,15,3,12,1910,2,2,1,1,3,67482,M,4859138.0,770639.0,67
201500032159,15,1,14,615,5,2,1,1,6,67482,M,,,67
201500032160,15,3,15,940,1,2,1,1,2,67267,M,4855830.0,768550.0,67
201500032161,15,1,14,1445,1,2,3,1,6,67482,M,,,67
201500032162,15,3,17,1800,1,2,1,1,6,67482,M,4858297.0,776250.0,67
201500032163,15,1,15,420,5,2,3,1,6,67482,M,,,67
201500032164,15,3,17,1950,5,2,4,1,3,67482,M,4853344.0,777142.0,67
201500032165,15,1,15,1340,1,2,1,1,6,67482,M,,,67
201500032166,15,3,19,800,1,2,1,1,1,67218,M,4849590.0,771725.0,67
201500032167,15,1,16,2005,3,2,1,3,1,67218,M,,,67
201500032168,15,3,20,935,1,2,1,1,2,67482,M,4858077.0,770547.0,67
201500032169,15,1,17,1633,2,2,1,1,6,67482,M,,,67
201500032170,15,3,20,1215,1,1,1,1,6,67482,M,4856670.0,775175.0,67
201500032171,15,1,17,2120,5,2,3,8,2,67482,M,,,67
201500032172,15,3,20,1600,1,2,1,1,3,67482,M,4858069.0,777686.0,67
201500032173,15,1,19,835,1,1,1,8,6,67482,M,,,67
201500032174,15,3,23,1320,1,2,1,1,6,67482,M,4857816.0,776956.0,67
201500032175,15,1,19,1720,5,2,2,2,3,67218,M,,,67
201500032176,15,3,27,2035,5,1,1,1,6,67482,M,4857738.0,774903.0,67
201500032177,15,1,23,1730,5,2,1,1,3,67482,M,,,67
201500032178,15,3,27,2245,5,2,3,1,3,67482,M,4857336.0,771875.0,67
201500032179,15,1,23,1755,5,2,1,8,6,67218,M,,,67
201500032180,15,3,30,820,1,2,1,8,6,67482,M,,,67
201500032181,15,1,26,725,2,2,1,8,6,67204,M,,,67
201500032182,15,3,30,855,1,2,2,1,3,67482,M,4858230.0,775717.0,67
201500032183,15,1,26,2145,5,2,1,2,3,67482,M,,,67
201500032184,15,3,30,1200,1,1,1,2,6,67447,M,4860755.0,773094.0,67
201500032185,15,1,27,1230,1,2,3,1,6,67218,M,,,67
201500032186,15,3,30,1829,1,2,1,1,2,67482,M,4859527.0,771808.0,67
201500032187,15,1,27,1530,1,2,2,1,3,67482,M,,,67
201500032188,15,4,1,1140,1,2,1,1,6,67482,M,4861655.0,777422.0,67
201500032189,15,1,29,1915,1,2,1,1,6,67482,M,,,67
201500032190,15,4,2,1020,1,2,1,2,3,67043,M,4861291.0,775556.0,67
201500032191,15,1,30,530,5,2,6,1,3,67482,M,,,67
201500032192,15,4,6,1415,1,2,5,1,3,67482,M,4860102.0,770775.0,67
201500032193,15,1,30,1840,5,2,1,2,6,67447,M,,,67
201500032194,15,4,8,1005,1,2,1,1,6,67482,M,4857536.0,775419.0,67
201500032195,15,1,30,2145,5,2,2,2,6,67482,M,,,67
201500032196,15,4,11,2030,2,2,1,1,6,67043,M,4861582.0,775311.0,67
201500032197,15,2,5,830,1,2,1,1,6,67447,M,,,67
201500032198,15,4,12,1700,1,1,2,1,3,67482,M,,,67
201500032199,15,2,6,2310,5,2,1,1,6,67043,M,,,67