Num_Acc,an,mois,jour,hrmn,lum,agg,int,atm,col,com,gps,lat,long,dep
201500032200,15,4,14,755,1,2,3,1,3,67267,M,4855497.0,767822.0,67
201500032201,15,2,11,1910,5,2,1,1,6,67482,M,,,67
201500032202,15,4,14,1038,1,2,1,1,1,67482,M,4859150.0,774350.0,67
201500032203,15,4,14,1205,1,2,2,1,3,67043,M,4861336.0,773128.0,67
201500032204,15,2,12,1210,1,2,1,8,6,67482,M,,,67
201500032205,15,4,14,1724,1,2,1,1,3,67482,M,4860033.0,775456.0,67
201500032206,15,2,12,1500,1,2,1,1,7,67482,M,,,67
201500032207,15,4,15,1620,1,1,3,1,3,67482,M,,,67
201500032208,15,2,13,745,1,1,1,1,6,67482,M,,,67
201500032209,15,4,15,1715,1,2,1,1,6,67482,M,4856160.0,769517.0,67
201500032210,15,2,13,1045,1,2,3,1,3,67482,M,,,67
201500032211,15,4,17,345,5,2,1,1,6,67482,M,4856438.0,776050.0,67
201500032212,15,2,14,1505,1,2,3,1,3,67482,M,,,67
201500032213,15,4,17,942,1,1,1,1,6,67482,M,4854911.0,774158.0,67
201500032214,15,2,17,1730,5,2,3,1,3,67482,M,,,67
201500032215,15,4,18,1855,1,2,1,1,3,67482,M,,,67
201500032216,15,2,19,840,1,2,3,1,3,67447,M,,,67
201500032217,15,4,18,2010,2,1,5,1,6,67482,M,4857094.0,779556.0,67
201500032218,15,2,20,1350,1,2,1,1,6,67482,M,,,67
201500032219,15,4,23,1735,1,2,1,1,6,67482,M,4858069.0,777686.0,67
201500032220,15,2,21,15,5,2,1,1,6,67482,M,,,67
201500032221,15,4,23,1830,1,2,1,1,6,67482,M,4859338.0,769872.0,67
201500032222,15,2,23,1415,1,2,2,8,3,67482,M,,,67
201500032223,15,4,24,1900,1,2,3,1,3,67482,M,4858772.0,769783.0,67
201500032224,15,2,27,1012,1,2,3,2,3,67482,M,,,67
201500032225,15,4,25,1800,1,2,1,1,6,67482,M,4852911.0,777519.0,67
201500032226,15,2,28,2155,4,2,1,1,3,67482,M,,,67
201500032227,15,4,26,535,2,2,1,1,6,67204,M,4862452.0,774033.0,67
201500032228,15,4,27,1705,1,2,1,1,6,67482,M,4859172.0,775272.0,67
201500032229,15,4,29,1420,1,2,1,1,6,67482,M,4855858.0,774889.0,67
201500032230,15,4,29,1500,1,2,1,1,2,67482,M,,,67
201500032231,15,4,29,2105,5,2,2,1,1,67482,M,4858747.0,773858.0,67
201500032232,15,4,29,2155,5,2,1,1,3,67482,M,4856197.0,773061.0,67
201500032233,15,4,30,1940,1,2,1,1,4,67482,M,4854369.0,776494.0,67
201500032234,15,5,3,1430,1,2,5,2,1,67482,M,4855433.0,776949.0,67
201500032235,15,5,4,745,1,2,1,1,6,67482,M,,,67
201500032236,15,5,4,1710,1,2,1,1,3,67482,M,4857880.0,775931.0,67
201500032237,15,5,6,1730,1,2,1,1,4,67482,M,4857364.0,776672.0,67
201500032238,15,5,7,1017,1,2,1,1,6,67482,M,4857063.0,771137.0,67
201500032239,15,5,7,1100,1,2,2,1,1,67482,M,4859880.0,775281.0,67
201500032240,15,5,7,1822,1,2,1,1,3,67482,M,4857935.0,773270.0,67
201500032241,15,5,8,1920,1,2,2,2,1,67482,M,4858878.0,769707.0,67
201500032242,15,5,10,900,1,2,3,1,3,67482,M,4859890.0,777344.0,67
201500032243,15,5,11,1045,1,2,1,1,6,67482,M,4855290.0,774381.0,67
201500032244,15,5,14,1845,1,2,1,1,3,67482,M,4854918.0,775658.0,67
201500032245,15,5,16,835,1,2,3,1,3,67447,M,4860642.0,774893.0,67
201500032246,15,5,16,1532,1,2,1,1,6,67482,M,,,67
201500032247,15,5,16,1650,1,2,2,1,6,67482,M,4854514.0,776959.0,67
201500032248,15,5,21,837,1,2,1,1,2,67482,M,4857890.0,774342.0,67
201500032249,15,5,22,1105,1,2,1,1,2,67482,M,4858983.0,775572.0,67
201500032250,15,5,22,1130,1,2,3,1,6,67482,M,4860150.0,771464.0,67
201500032251,15,5,22,1745,1,2,1,1,3,67043,M,4861498.0,775259.0,67
201500032252,15,5,23,610,1,2,1,1,6,67482,M,4851276.0,777340.0,67
201500032253,15,5,23,2020,1,2,1,1,1,67482,M,4855327.0,776184.0,67
201500032254,15,5,25,1020,1,2,2,1,3,67218,M,4851110.0,771194.0,67
201500032255,15,5,25,1623,1,2,1,1,6,67482,M,4855030.0,775800.0,67
201500032256,15,5,26,1350,1,1,1,1,6,67482,M,4859310.0,771869.0,67
201500032257,15,5,27,1740,1,2,1,1,6,67365,M,4855146.0,770774.0,67
201500032258,15,5,28,239,5,2,1,1,6,67482,M,4861772.0,778870.0,67
201500032259,15,5,28,520,2,2,1,1,1,67482,M,4859890.0,770181.0,67
201500032260,15,5,28,1020,1,2,1,1,3,67482,M,4858442.0,776970.0,67
201500032261,15,5,28,1200,1,2,2,1,1,67482,M,4858140.0,776278.0,67
201500032262,15,5,30,1358,1,2,3,1,1,67482,M,4854019.0,776620.0,67
201500032263,15,5,31,1810,1,2,1,1,6,67482,M,4858679.0,769451.0,67
201500032264,15,6,1,1730,1,2,2,1,6,67482,M,4857422.0,777119.0,67
201500032265,15,6,3,1120,1,2,1,1,3,67482,M,4859060.0,775597.0,67
201500032266,15,6,2,1340,1,2,1,1,2,67447,M,4860640.0,773608.0,67
201500032267,15,6,3,1800,1,2,1,1,3,67482,M,4857281.0,771638.0,67
201500032268,15,6,3,1820,1,2,1,1,1,67482,M,4860400.0,778750.0,67
201500032269,15,6,4,2310,5,2,5,1,6,67482,M,4858710.0,776647.0,67
201500032270,15,6,5,1650,1,2,1,1,3,67482,M,4859696.0,774166.0,67
201500032271,15,6,5,1820,1,2,1,1,3,67482,M,4859510.0,769397.0,67
201500032272,15,6,6,1155,1,2,1,1,6,67482,M,4859918.0,776297.0,67
201500032273,15,6,9,2250,5,2,2,1,1,67482,M,4858420.0,769319.0,67
201500032274,15,6,10,1305,1,2,1,1,3,67482,M,4859896.0,779090.0,67
201500032275,15,6,11,1845,1,2,2,1,3,67218,M,4852108.0,772579.0,67
201500032276,15,6,12,1008,1,2,1,1,6,67482,M,4858720.0,769714.0,67
201500032277,15,6,12,1215,1,2,3,1,3,67482,M,4858941.0,774520.0,67
201500032278,15,6,12,1742,1,2,1,1,1,67482,M,4859140.0,770728.0,67
201500032279,15,6,13,1003,1,2,1,1,2,67482,M,4857850.0,775998.0,67
201500032280,15,6,13,2145,5,2,1,1,3,67043,M,4861800.0,775461.0,67
201500032281,15,6,14,10,5,2,1,1,6,67482,M,4857114.0,777432.0,67
201500032282,15,6,16,2220,5,2,1,1,6,67204,M,4862430.0,774211.0,67
201500032283,15,6,18,1220,1,2,1,3,4,67218,M,4854373.0,773673.0,67
201500032284,15,6,18,2020,1,2,2,1,3,67482,M,4860030.0,778010.0,67
201500032285,15,6,19,1410,1,2,1,1,3,67482,M,4858831.0,775590.0,67
201500032286,15,6,19,1740,1,2,1,1,6,67482,M,4856758.0,772540.0,67
201500032287,15,6,19,2100,1,2,1,1,3,67482,M,4858703.0,776019.0,67
201500032288,15,6,20,1125,1,2,1,1,6,67043,M,4861407.0,775145.0,67
201500032289,15,6,20,306,5,2,1,1,6,67482,M,4858131.0,774476.0,67
201500032290,15,6,25,940,1,2,1,1,6,67482,M,4858426.0,775873.0,67
201500032291,15,6,25,1700,1,2,1,1,3,67482,M,4859737.0,773633.0,67
201500032292,15,6,25,1850,1,2,1,1,3,67482,M,4859215.0,771861.0,67
201500032293,15,6,25,2000,1,2,3,1,3,67218,M,4852133.0,770523.0,67
201500032294,15,6,26,1615,1,2,1,1,6,67447,M,4860616.0,773605.0,67
201500032295,15,6,28,1805,1,2,3,1,3,67482,M,4859260.0,771134.0,67
201500032296,15,6,29,740,1,2,1,1,3,67043,M,4861420.0,774902.0,67
201500032297,15,6,29,1923,1,2,1,1,6,67482,M,4857577.0,775292.0,67
201500032298,15,6,30,830,1,2,1,1,6,67482,M,4854833.0,775810.0,67
201500032299,15,7,1,825,1,2,1,1,5,67482,M,4856932.0,773630.0,67
201500032300,15,7,1,1510,1,2,2,1,3,67482,M,4857756.0,775300.0,67
201500032301,15,7,1,1625,1,2,3,1,3,67482,M,4859367.0,775805.0,67
201500032302,15,7,2,2010,1,2,1,1,1,67482,M,4855504.0,776812.0,67
201500032303,15,7,3,930,1,2,3,1,3,67482,M,,,67
201500032304,15,7,3,2345,5,2,2,1,3,67482,M,4857940.0,775083.0,67
201500032305,15,7,4,2330,5,2,1,1,6,67204,M,4862590.0,777780.0,67
201500032306,15,7,6,723,1,2,2,1,3,67482,M,4857463.0,774980.0,67
201500032307,15,7,6,945,1,2,1,1,1,67482,M,4856970.0,772862.0,67
201500032308,15,7,6,1715,1,2,1,1,3,67482,M,4854858.0,774094.0,67
201500032309,15,7,7,1000,1,2,1,1,2,67482,M,4857173.0,774935.0,67
201500032310,15,7,7,1850,1,2,2,1,3,67482,M,4856886.0,777707.0,67
201500032311,15,7,7,2000,1,2,1,1,6,67482,M,4857879.0,770019.0,67
201500032312,15,7,8,810,1,2,2,1,3,67447,M,4860327.0,775593.0,67
201500032313,15,7,8,1540,1,2,1,1,6,67482,M,4858570.0,0.0,67
201500032314,15,7,10,1020,1,2,1,1,1,67482,M,4859158.0,770588.0,67
201500032315,15,7,10,1740,1,2,2,1,3,67218,M,4852742.0,771831.0,67
201500032316,15,7,11,300,5,2,1,1,6,67482,M,4859121.0,772772.0,67
201500032317,15,7,14,2040,1,2,1,1,6,67482,M,4854910.0,775389.0,67
201500032318,15,7,15,1040,1,2,1,1,2,67482,M,4858925.0,775238.0,67
201500032319,15,7,15,1830,1,2,2,1,3,67482,M,4860386.0,778757.0,67
201500032320,15,7,16,1346,1,2,3,1,3,67043,M,4861188.0,775113.0,67
201500032321,15,7,17,2050,1,2,3,1,3,67482,M,4860085.0,771583.0,67
201500032322,15,7,20,930,1,2,1,1,6,67482,M,4857267.0,771615.0,67
201500032323,15,7,20,2002,1,2,1,1,3,67482,M,4858801.0,775880.0,67
201500032324,15,7,24,1710,1,2,3,1,5,67267,M,4855329.0,769327.0,67
201500032325,15,7,25,1044,1,2,3,1,3,67482,M,4857940.0,773287.0,67
201500032326,15,7,27,1530,1,2,1,1,3,67204,M,4862089.0,773090.0,67
201500032327,15,7,28,1515,1,2,1,1,3,67482,M,4856960.0,778092.0,67
201500032328,15,7,31,1325,1,2,2,1,3,67482,M,4854903.0,774101.0,67
201500032329,15,8,1,45,5,2,1,1,4,67447,M,4860667.0,776164.0,67
201500032330,15,8,1,1750,1,2,2,1,3,67482,M,4857908.0,773489.0,67
201500032331,15,8,2,1620,1,2,2,1,3,67447,M,4860963.0,776510.0,67
201500032332,15,8,3,1500,1,2,1,1,4,67482,M,4857230.0,779807.0,67
201500032333,15,8,5,800,1,2,2,1,3,67482,M,4858860.0,775495.0,67
201500032334,15,8,5,1705,1,2,1,1,6,67482,M,4857284.0,775557.0,67
201500032335,15,8,10,1640,1,2,2,1,6,67482,M,4856135.0,775151.0,67
201500032336,15,8,11,1420,1,2,1,1,6,67482,M,4859088.0,772512.0,67
201500032337,15,8,18,900,1,2,1,1,3,67482,M,,,67
201500032338,15,8,20,35,5,2,2,1,3,67482,M,4859326.0,775260.0,67
201500032339,15,8,23,2130,5,2,1,2,3,67218,M,4853444.0,772354.0,67
201500032340,15,8,25,1335,1,2,1,1,1,67482,M,4857477.0,773657.0,67
201500032341,15,8,25,2035,2,2,1,1,3,67482,M,,,67
201500032342,15,8,27,555,5,2,2,1,3,67482,M,4856650.0,772785.0,67
201500032343,15,8,28,1015,1,2,1,2,6,67482,M,4856375.0,775294.0,67
201500032344,15,8,28,2220,5,2,1,1,6,67482,M,4858615.0,773708.0,67
201500032345,15,8,29,1530,1,2,1,1,5,67043,M,4861536.0,773205.0,67
201500032346,15,8,30,150,5,2,1,1,6,67482,M,4858229.0,776943.0,67
201500032347,15,9,2,1340,1,2,2,1,3,67365,M,4853471.0,769441.0,67
201500032348,15,9,3,1500,1,2,1,1,1,67482,M,4861368.0,179141.0,67
201500032349,15,9,3,1534,1,2,1,1,6,67218,M,4853120.0,773266.0,67
201500032350,15,9,3,1610,1,1,1,1,6,67218,M,4850915.0,773215.0,67
201500032351,15,9,3,2000,5,2,1,1,3,67482,M,4859544.0,769185.0,67
201500032352,15,9,3,2010,5,2,1,1,1,67482,M,4858970.0,769840.0,67
201500032353,15,9,3,2145,5,2,1,1,6,67365,M,4855145.0,771134.0,67
201500032354,15,9,6,301,5,2,1,1,6,67218,M,4851881.0,771926.0,67
201500032355,15,9,7,911,1,2,1,1,6,67482,M,4858850.0,777116.0,67
201500032356,15,9,7,1200,1,2,1,1,6,67447,M,4859729.0,774172.0,67
201500032357,15,9,8,1630,1,2,1,1,6,67482,M,4858781.0,776485.0,67
201500032358,15,9,8,1740,1,2,1,1,2,67482,M,,,67
201500032359,15,9,8,2145,5,2,1,1,1,67267,M,,,67
201500032360,15,9,10,745,1,1,1,1,6,67482,M,4859271.0,774367.0,67
201500032361,15,9,10,1200,1,2,2,1,6,67447,M,4860962.0,776515.0,67
201500032362,15,9,12,1415,1,2,1,1,6,67482,M,4857336.0,776426.0,67
201500032363,15,9,14,1720,1,2,3,2,5,67482,M,4859422.0,775330.0,67
201500032364,15,9,14,1720,1,2,2,1,3,67204,M,4862311.0,773064.0,67
201500032365,15,9,14,1730,1,2,2,1,3,67218,M,4852744.0,771825.0,67
201500032366,15,9,15,1400,1,2,1,1,6,67482,M,4873823.0,773823.0,67
201500032367,15,9,15,1540,1,2,1,2,3,67482,M,4859189.0,776216.0,67
201500032368,15,9,16,1522,1,2,1,1,3,67482,M,,,67
201500032369,15,9,17,820,1,2,2,2,3,67204,M,4861948.0,776463.0,67
201500032370,15,9,17,1830,2,2,2,1,3,67482,M,4857925.0,773338.0,67
201500032371,15,9,18,930,1,2,1,1,3,67482,M,4857350.0,779796.0,67
201500032372,15,9,18,1245,1,2,1,1,6,67482,M,,,67
201500032373,15,9,18,1355,1,2,3,1,3,67482,M,,,67
201500032374,15,9,19,1730,1,2,2,1,3,67482,M,4858979.0,776716.0,67
201500032375,15,9,19,2025,5,2,2,1,3,67482,M,4859204.0,773335.0,67
201500032376,15,9,20,20,5,2,2,1,3,67482,M,4861136.0,778120.0,67
201500032377,15,9,21,1405,1,2,2,1,3,67482,M,4858989.0,774241.0,67
201500032378,15,9,21,1520,1,2,1,1,2,67482,M,4858707.0,773823.0,67
201500032379,15,9,21,1605,1,2,2,1,6,67482,M,4858122.0,777015.0,67
201500032380,15,9,22,800,1,2,1,1,2,67482,M,4855473.0,773355.0,67
201500032381,15,9,23,1010,1,2,1,2,1,67482,M,4856418.0,776693.0,67
201500032382,15,9,23,1800,1,2,1,1,1,67482,M,4860351.0,771224.0,67
201500032383,15,9,23,2235,5,2,1,1,6,67482,M,4856267.0,769971.0,67
201500032384,15,9,24,1350,1,2,3,1,6,67482,M,4857809.0,770080.0,67
201500032385,15,9,24,2015,5,2,1,1,6,67043,M,4861279.0,773645.0,67
201500032386,15,9,24,2035,5,2,2,1,3,67482,M,4857951.0,773091.0,67
201500032387,15,9,25,630,5,2,3,1,6,67482,M,4856930.0,773539.0,67
201500032388,15,9,25,1720,1,2,1,1,3,67482,M,,,67
201500032389,15,10,1,815,1,2,1,1,3,67482,M,4858026.0,772041.0,67
201500032390,15,10,1,1230,1,2,3,1,1,67218,M,4854342.0,773634.0,67
201500032391,15,10,1,1800,1,2,1,1,6,67482,M,4857838.0,770821.0,67
201500032392,15,10,1,2130,5,2,1,1,6,67365,M,4855240.0,771183.0,67
201500032393,15,10,2,815,1,2,3,1,3,67482,M,4858230.0,775727.0,67
201500032394,15,10,3,216,5,2,1,1,6,67447,M,4861045.0,773389.0,67
201500032395,15,10,4,1100,1,2,2,1,3,67043,M,4861410.0,775219.0,67
201500032396,15,10,5,2000,5,2,1,2,6,67482,M,4855765.0,774910.0,67
201500032397,15,10,7,1100,1,2,1,1,6,67482,M,4858725.0,774631.0,67
201500032398,15,10,7,1145,1,2,3,1,3,67204,M,4863757.0,777780.0,67
201500032399,15,10,7,1715,1,1,2,1,1,67482,M,4859078.0,771593.0,67
201500032400,15,10,8,640,5,2,5,1,1,67482,M,4858953.0,774089.0,67
201500032401,15,10,8,1700,1,2,3,1,3,67482,M,4859538.0,772790.0,67
201500032402,15,10,10,1300,1,2,1,1,4,67482,M,4859833.0,775381.0,67
201500032403,15,10,12,1210,1,2,2,1,3,67482,M,4858542.0,777238.0,67
201500032404,15,10,16,800,2,2,1,1,6,67482,M,4856968.0,776329.0,67
201500032405,15,10,19,1105,1,2,1,1,6,67482,M,4857075.0,776418.0,67
201500032406,15,10,19,1430,1,2,1,1,6,67482,M,4858345.0,771519.0,67
201500032407,15,10,19,1800,1,2,6,1,3,67482,M,4861247.0,778781.0,67
201500032408,15,10,24,2325,5,2,1,1,3,67482,M,4858652.0,776222.0,67
201500032409,15,10,26,1935,5,2,2,5,3,67267,M,,,67
201500032410,15,10,30,2005,5,2,3,1,3,67447,M,4860506.0,773758.0,67
201500032411,15,10,30,1525,1,2,1,1,6,67267,M,4855997.0,768161.0,67
201500032412,15,11,2,1520,1,2,2,1,3,67482,M,4857451.0,776695.0,67
201500032413,15,11,2,1925,3,1,1,5,5,67482,M,4850410.0,776802.0,67
201500032414,15,11,4,1545,1,2,1,1,4,67482,M,4858069.0,777258.0,67
201500032415,15,11,4,1735,5,2,3,1,3,67218,M,4853337.0,772187.0,67
201500032416,15,11,7,350,5,2,2,8,6,67482,M,4852498.0,777883.0,67
201500032417,15,11,7,1115,1,2,2,1,2,67482,M,4858307.0,777223.0,67
201500032418,15,11,9,745,1,2,1,1,5,67482,M,4858550.0,776006.0,67
201500032419,15,11,10,840,1,2,1,1,1,67482,M,4858222.0,774143.0,67
201500032420,15,11,10,1700,2,2,2,1,3,67482,M,4859574.0,778660.0,67
201500032421,15,11,11,320,5,2,1,1,1,67447,M,4860761.0,774977.0,67
201500032422,15,11,11,1720,5,2,1,1,2,67482,M,4856860.0,776080.0,67
201500032423,15,11,16,1430,1,2,1,1,3,67482,M,4858435.0,777340.0,67
201500032424,15,11,18,1940,5,2,2,1,3,67482,M,4858350.0,774180.0,67
201500032425,15,11,19,1955,5,2,1,2,6,67482,M,,,67
201500032426,15,11,20,1000,1,2,3,3,3,67482,M,4859787.0,771450.0,67
201500032427,15,11,21,1130,1,2,1,2,3,67218,M,,,67
201500032428,15,11,22,125,5,2,1,1,6,67482,M,,,67
201500032429,15,11,24,1730,5,2,2,1,3,67482,M,4854589.0,775822.0,67
201500032430,15,11,25,1740,5,2,1,2,6,67482,M,4854047.0,776157.0,67
201500032431,15,11,25,1910,5,2,1,2,6,67482,M,4858510.0,775873.0,67
201500032432,15,11,27,2310,5,2,3,1,6,67482,M,4856808.0,777360.0,67
201500032433,15,11,30,1040,1,2,2,1,3,67482,M,4898927.0,774096.0,67
201500032434,15,12,1,900,1,2,1,1,3,67482,M,4857848.0,778283.0,67
201500032435,15,12,1,1525,1,2,1,1,2,67482,M,4857496.0,776360.0,67
201500032436,15,12,2,1810,5,2,1,1,6,67218,M,4852340.0,772514.0,67
201500032437,15,12,2,2020,5,2,2,1,3,67482,M,4859495.0,770737.0,67
201500032438,15,12,3,730,2,2,1,1,1,67482,M,4857344.0,779835.0,67
201500032439,15,12,3,1320,1,2,2,1,6,67204,M,4861938.0,776456.0,67
201500032440,15,12,5,2310,5,2,2,1,1,67482,M,4857953.0,773073.0,67
201500032441,15,12,6,700,2,2,2,1,3,67482,M,4858008.0,771899.0,67
201500032442,15,12,11,950,1,2,1,1,6,67482,M,4856691.0,777226.0,67
201500032443,15,12,13,1330,1,2,1,1,6,67482,M,4856558.0,770270.0,67
201500032444,15,12,14,1320,1,1,1,1,3,67447,M,4860132.0,773905.0,67
201500032445,15,12,15,2200,5,2,2,1,3,67482,M,4857312.0,775018.0,67
201500032446,15,12,16,1820,5,2,1,1,2,67482,M,,,67
201500032447,15,12,17,1715,2,2,1,1,3,67482,M,4858718.0,769043.0,67
201500032448,15,12,17,1730,5,2,6,1,6,67218,M,4851906.0,770316.0,67
201500032449,15,12,17,1715,5,2,3,1,6,67482,M,4854623.0,776551.0,67
201500032450,15,12,18,2155,5,2,1,1,2,67482,M,4858070.0,777686.0,67
201500032451,15,12,19,1415,1,2,1,1,3,67482,M,4854585.0,775803.0,67
201500032452,15,12,20,1645,5,2,3,1,3,67482,M,4857045.0,778505.0,67
201500032453,15,12,20,1730,5,2,2,1,3,67482,M,4855451.0,776898.0,67
201500032454,15,12,21,1345,1,2,1,1,3,67482,M,4859628.0,774211.0,67
201500032455,15,12,21,1550,1,2,3,1,3,67447,M,4861375.0,773296.0,67
201500032456,15,12,23,1145,1,2,3,1,6,67204,M,4862741.0,775955.0,67
201500032457,15,12,23,1520,1,2,1,1,3,67447,M,4860097.0,775103.0,67
201500032458,15,12,27,1520,1,2,1,1,6,67482,M,4859600.0,769852.0,67
201500032459,15,12,31,1930,5,1,9,1,3,26301,M,0.0,0.0,26
201500032460,15,8,9,200,3,1,1,1,7,91648,M,4857400.0,237800.0,91
201500032461,15,8,29,1115,1,2,1,1,3,91235,M,0.0,0.0,91
201500032462,15,10,12,845,1,1,1,1,2,91086,M,0.0,0.0,91
201500032463,15,10,14,115,5,2,1,1,1,91235,M,0.0,0.0,91
201500032464,15,12,9,800,2,2,1,1,6,91340,M,0.0,0.0,91
201500032465,15,9,6,2330,3,1,1,1,6,62265,M,5064747.0,220067.0,62
201500032466,15,9,9,845,1,1,1,1,6,62837,M,5064446.0,201475.0,62
201500032467,15,12,4,845,1,2,1,1,3,68066,M,4808169.0,736382.0,68
201500032468,15,3,19,2115,5,2,3,1,3,68066,M,4808108.0,735878.0,68
201500032469,15,12,20,920,1,1,2,1,2,68066,M,4810737.0,738496.0,68
201500032470,15,3,25,450,5,2,2,1,3,68066,M,4808002.0,736866.0,68
201500032471,15,4,7,1003,1,2,1,1,6,68066,M,4807714.0,733696.0,68
201500032472,15,5,12,1830,1,2,1,1,6,68066,M,4808165.0,735637.0,68
201500032473,15,5,19,1638,1,2,1,1,6,68066,M,4808439.0,735682.0,68
201500032474,15,11,12,1810,2,2,1,1,6,68066,M,,,68
201500032475,15,5,9,1100,1,2,1,1,6,68066,M,4810050.0,736917.0,68
201500032476,15,6,24,1435,1,2,1,1,6,68066,M,4808148.0,736153.0,68
201500032477,15,6,27,635,2,2,1,1,6,68066,M,4807610.0,733983.0,68
201500032478,15,7,12,1910,1,1,1,1,1,68066,M,,,68
201500032479,15,7,23,740,1,2,3,1,6,68066,M,4807080.0,735138.0,68
201500032480,15,8,26,745,1,1,1,1,2,68066,M,0.0,0.0,68
201500032481,15,9,2,2000,2,1,3,1,1,68066,M,4810636.0,738924.0,68
201500032482,15,9,15,1620,1,2,3,1,3,68066,M,4806940.0,735872.0,68
201500032483,15,10,7,1225,1,1,1,1,6,68066,M,4811710.0,735000.0,68
201500032484,15,11,3,1203,1,2,2,1,3,68066,M,4807143.0,734988.0,68
201500032485,15,11,9,1005,1,2,1,1,2,68066,M,4808636.0,735819.0,68
201500032486,15,11,28,1255,1,1,1,1,6,68066,M,4813494.0,745464.0,68
201500032487,15,11,30,1324,1,2,1,1,2,68066,M,4807715.0,736288.0,68
201500032488,15,1,14,1110,1,2,2,1,3,68066,M,4808155.0,735328.0,68
201500032489,15,1,23,1643,2,2,1,1,6,68066,M,4807087.0,735137.0,68
201500032490,15,2,23,1450,1,1,1,1,6,68066,M,4813917.0,745946.0,68
201500032491,15,3,25,1745,1,2,1,2,6,68066,M,4809066.0,736022.0,68
201500032492,15,9,1,1610,1,2,1,1,6,68066,M,4808029.0,736074.0,68
201500032493,15,1,1,15,5,2,3,1,6,68224,M,4775535.0,733660.0,68
201500032494,15,3,5,1830,2,2,1,1,6,68224,M,4777672.0,732872.0,68
201500032495,15,1,7,2355,5,2,1,1,6,68224,M,4774925.0,732891.0,68
201500032496,15,3,16,1523,1,2,1,1,6,68224,M,4775450.0,731004.0,68
201500032497,15,1,11,1655,2,2,1,1,6,68224,M,4774346.0,734314.0,68
201500032498,15,3,17,845,1,2,6,1,6,68224,M,4774230.0,733082.0,68
201500032499,15,1,14,1900,5,2,2,1,3,68224,M,4773865.0,729523.0,68
201500032500,15,3,23,1638,1,2,1,1,6,68224,M,4774089.0,733363.0,68
201500032501,15,1,21,1417,1,2,3,1,1,68224,M,4773619.0,734072.0,68
201500032502,15,3,25,815,1,2,2,1,3,68224,M,4775042.0,732995.0,68
201500032503,15,1,26,1430,1,2,1,2,6,68224,M,4773690.0,730192.0,68
201500032504,15,4,1,1620,1,2,1,1,6,68224,M,4774413.0,733374.0,68
201500032505,15,1,30,1900,5,2,6,2,6,68056,M,4772982.0,732146.0,68
201500032506,15,4,6,1900,1,2,2,1,3,68224,M,4719416.0,745082.0,68
201500032507,15,2,15,550,5,2,1,9,6,68224,M,4774946.0,734122.0,68
201500032508,15,4,8,1525,1,1,1,1,4,68224,M,,,68
201500032509,15,4,9,1748,1,2,1,1,6,68224,M,,,68
201500032510,15,4,14,1815,1,2,2,1,3,68224,M,4773539.0,729784.0,68
201500032511,15,4,18,1500,1,2,1,1,6,68224,M,4775023.0,732578.0,68
201500032512,15,4,19,1900,1,2,1,1,6,68224,M,4774249.0,733667.0,68
201500032513,15,4,21,1905,1,2,2,1,6,68224,M,4774333.0,737169.0,68
201500032514,15,4,22,1935,1,2,1,1,6,68224,M,,,68
201500032515,15,4,24,1650,1,2,3,1,6,68224,M,4777524.0,732019.0,68
201500032516,15,4,29,900,1,1,1,1,4,68224,M,4775120.0,728640.0,68
201500032517,15,4,29,1053,1,2,1,1,6,68224,M,4774592.0,733489.0,68
201500032518,15,4,29,1335,1,2,3,1,3,68224,M,4772979.0,733946.0,68
201500032519,15,5,9,1917,1,2,2,1,6,68224,M,4774856.0,732735.0,68
201500032520,15,5,10,1315,1,2,1,1,6,68271,M,4775839.0,736638.0,68
201500032521,15,5,15,505,5,2,2,2,2,68224,M,4775527.0,731183.0,68
201500032522,15,5,16,1205,1,1,1,1,6,68224,M,,,68
201500032523,15,5,17,1810,1,2,3,1,1,68224,M,4774854.0,732461.0,68
201500032524,15,5,18,1820,1,2,1,1,6,68224,M,4774885.0,732518.0,68
201500032525,15,5,19,1843,1,2,1,1,1,68224,M,,,68
201500032526,15,5,26,2200,5,2,2,1,3,68224,M,4777463.0,731371.0,68
201500032527,15,5,29,1350,1,2,1,1,1,68224,M,4773845.0,731961.0,68
201500032528,15,5,30,1925,1,1,1,1,3,68224,M,,,68
201500032529,15,5,30,940,1,2,3,1,3,68224,M,,,68
201500032530,15,6,2,1328,1,2,1,1,6,68224,M,4774900.0,732976.0,68
201500032531,15,6,3,1710,1,2,1,1,6,68224,M,4773614.0,729626.0,68
201500032532,15,6,4,1500,1,2,3,1,3,68224,M,4775311.0,732754.0,68
201500032533,15,6,5,1800,1,2,1,1,6,68224,M,4776231.0,733854.0,68