Num_Acc,an,mois,jour,hrmn,lum,agg,int,atm,col,com,gps,lat,long,dep
201500032534,15,6,6,1115,1,1,1,1,6,68224,M,,,68
201500032535,15,6,4,1230,1,2,3,1,1,68224,M,,,68
201500032536,15,6,19,1320,1,2,1,1,6,68256,M,4777189.0,730645.0,68
201500032537,15,6,19,2310,3,1,1,1,6,68224,M,4775644.0,729954.0,68
201500032538,15,6,24,1255,1,1,2,1,3,68224,M,4777140.0,731361.0,68
201500032539,15,6,24,1755,1,2,1,1,3,68224,M,4773855.0,733361.0,68
201500032540,15,6,26,915,1,2,2,1,3,68224,M,4774717.0,732037.0,68
201500032541,15,6,27,1310,1,2,1,1,6,68224,M,4774571.0,734617.0,68
201500032542,15,7,6,2215,5,2,1,1,2,68224,M,4774280.0,730942.0,68
201500032543,15,7,7,950,1,1,1,1,6,68224,M,4773980.0,730311.0,68
201500032544,15,7,17,945,1,2,1,1,3,68056,M,4772873.0,732002.0,68
201500032545,15,7,21,742,1,2,1,1,6,68224,M,4774910.0,732602.0,68
201500032546,15,7,23,1915,1,2,2,1,1,68224,M,4775160.0,735747.0,68
201500032547,15,7,24,2225,5,2,1,1,3,68224,M,4775050.0,730511.0,68
201500032548,15,7,26,1520,1,2,1,1,3,68224,M,4775640.0,732614.0,68
201500032549,15,8,1,300,5,1,2,1,1,68224,M,4775007.0,730567.0,68
201500032550,15,8,3,930,1,2,6,1,3,68224,M,4775393.0,731833.0,68
201500032551,15,8,3,2016,1,2,2,1,3,68224,M,4775729.0,732527.0,68
201500032552,15,8,13,1500,1,2,3,1,3,68224,M,4775306.0,733520.0,68
201500032553,15,8,16,1355,1,1,1,2,5,68224,M,4776941.0,734029.0,68
201500032554,15,8,28,840,1,1,1,1,4,68224,M,4777126.0,734296.0,68
201500032555,15,8,29,1405,1,2,2,1,1,68224,M,,,68
201500032556,15,9,23,35,5,2,1,2,6,68224,M,4774438.0,732219.0,68
201500032557,15,10,27,1010,1,2,6,1,7,68224,M,4774342.0,733431.0,68
201500032558,15,11,12,1545,1,2,4,7,5,68224,M,4777122.0,733143.0,68
201500032559,15,11,25,1945,5,2,1,3,3,68224,M,4776474.0,732232.0,68
201500032560,15,12,2,1030,1,2,6,1,6,68224,M,,,68
201500032561,15,12,14,1006,1,2,1,1,6,68224,M,4774679.0,733319.0,68
201500032562,15,12,18,1140,1,2,1,1,6,68271,M,4774727.0,736268.0,68
201500032563,15,12,26,1105,1,2,2,1,3,68224,M,4776252.0,735178.0,68
201500032564,15,2,12,950,1,2,3,1,6,68297,M,4757715.0,754981.0,68
201500032565,15,3,5,1805,1,2,3,1,1,68297,M,4757850.0,754742.0,68
201500032566,15,8,3,1830,1,2,3,7,3,68297,M,4760690.0,752575.0,68
201500032567,15,6,25,2215,2,2,3,1,3,68297,M,4758658.0,756086.0,68
201500032568,15,9,14,1205,1,2,1,1,3,68149,M,4759190.0,757575.0,68
201500032569,15,11,14,1655,2,2,3,1,3,68149,M,4759200.0,758610.0,68
201500032570,15,12,3,2038,5,2,1,1,6,68297,M,4759160.0,755733.0,68
201500032571,15,12,3,2125,5,2,3,1,6,68297,M,4758607.0,756035.0,68
201500032572,15,2,18,1805,5,2,1,1,4,68166,M,4778327.0,733104.0,68
201500032573,15,12,31,1921,5,2,3,2,6,68376,M,4780042.0,733691.0,68
201500032574,15,6,11,1340,1,2,6,1,3,68166,M,4778995.0,731528.0,68
201500032575,15,6,19,855,1,1,3,1,3,68376,M,4781932.0,733412.0,68
201500032576,15,10,5,1635,1,2,2,1,5,68376,M,4781388.0,733783.0,68
201500032577,15,11,8,330,5,1,1,1,2,68166,M,4778156.0,732926.0,68
201500032578,15,12,9,1805,5,2,1,1,6,68376,M,4780816.0,733778.0,68
201500032579,15,12,10,1600,1,2,6,1,3,68166,M,4778916.0,731555.0,68
201500032580,15,1,1,2110,5,2,3,2,3,69271,M,4574410.0,497300.0,69
201500032581,15,1,8,1820,4,2,1,2,6,69029,M,,,69
201500032582,15,1,10,2020,5,2,1,1,1,69029,M,4574970.0,491221.0,69
201500032583,15,1,19,1210,1,2,3,3,6,69029,M,4572580.0,491316.0,69
201500032584,15,1,31,1630,1,2,1,2,2,69029,M,4572390.0,491725.0,69
201500032585,15,3,14,1830,1,2,1,1,6,69029,M,,,69
201500032586,15,2,13,1945,5,2,1,1,6,69034,M,,,69
201500032587,15,1,18,1305,1,2,1,1,4,69034,M,4579770.0,485215.0,69
201500032588,15,1,19,1800,5,2,1,2,6,69034,M,4579810.0,484549.0,69
201500032589,15,1,27,1150,1,2,1,1,2,69034,M,4579320.0,485987.0,69
201500032590,15,2,2,1905,5,2,3,2,3,69034,M,,,69
201500032591,15,2,4,1400,1,2,1,1,3,69034,M,,,69
201500032592,15,2,4,2114,5,2,1,1,7,69034,M,,,69
201500032593,15,2,21,1040,1,2,1,2,6,69034,M,,,69
201500032594,15,2,23,1630,1,2,1,1,6,69034,M,,,69
201500032595,15,3,4,1615,1,2,1,2,2,69034,M,,,69
201500032596,15,3,13,2330,5,2,1,2,6,69034,M,,,69
201500032597,15,1,5,830,1,2,3,1,3,69091,M,,,69
201500032598,15,3,19,1815,1,2,1,1,6,69091,M,4558490.0,475222.0,69
201500032599,15,1,13,1150,1,1,1,1,1,69091,M,4558650.0,475532.0,69
201500032600,15,3,24,1830,1,2,9,1,1,69091,M,4558880.0,476128.0,69
201500032601,15,1,14,1925,5,2,1,1,3,69091,M,4558680.0,475615.0,69
201500032602,15,4,11,1755,1,2,7,1,3,69091,M,4559110.0,477261.0,69
201500032603,15,1,17,1840,5,2,6,8,7,69091,M,4558690.0,476126.0,69
201500032604,15,4,13,1450,1,2,1,1,2,69096,M,4559900.0,478456.0,69
201500032605,15,1,22,420,5,2,1,2,6,69091,M,4559310.0,477303.0,69
201500032606,15,4,20,935,1,2,2,1,3,69091,M,4559300.0,477022.0,69
201500032607,15,1,24,1840,3,2,1,9,6,69096,M,4559230.0,477032.0,69
201500032608,15,4,23,1120,1,2,6,1,2,69091,M,4558740.0,475843.0,69
201500032609,15,2,24,1155,1,2,1,1,2,69091,M,,,69
201500032610,15,4,25,1145,1,2,1,1,4,69091,M,4558410.0,474772.0,69
201500032611,15,2,24,1745,1,2,2,2,3,69091,M,,,69
201500032612,15,4,30,1550,1,2,3,1,6,69091,M,4560010.0,476961.0,69
201500032613,15,2,27,910,1,2,2,2,3,69091,M,,,69
201500032614,15,3,6,1120,1,2,1,1,2,69091,M,,,69
201500032615,15,3,12,105,5,1,1,1,6,69091,M,,,69
201500032616,15,3,12,750,1,2,3,1,3,69091,M,,,69
201500032617,15,3,13,1200,1,2,1,1,7,69091,M,,,69
201500032618,15,3,13,1625,1,2,1,1,6,69091,M,,,69
201500032619,15,6,5,2030,1,2,1,1,2,69091,M,4559510.0,476558.0,69
201500032620,15,6,7,1745,1,2,2,1,1,69096,M,4560510.0,478025.0,69
201500032621,15,6,7,1745,1,2,3,1,6,69091,M,4559320.0,477161.0,69
201500032622,15,6,11,1252,1,2,1,1,1,69091,M,4558600.0,475414.0,69
201500032623,15,6,20,2117,1,2,1,1,1,69096,M,4560670.0,478986.0,69
201500032624,15,6,30,1545,1,2,1,1,6,69091,M,4559420.0,476992.0,69
201500032625,15,7,4,2045,1,2,9,1,3,69091,M,4559100.0,477300.0,69
201500032626,15,7,8,1815,1,2,1,1,3,69091,M,4558570.0,477411.0,69
201500032627,15,7,9,2130,2,2,3,1,3,69091,M,4558100.0,477833.0,69
201500032628,15,7,10,1530,1,2,1,1,3,69096,M,4562060.0,480161.0,69
201500032629,15,7,17,2040,1,2,1,1,1,69091,M,4560130.0,476111.0,69
201500032630,15,7,28,1735,1,2,3,1,6,69096,M,4560910.0,479226.0,69
201500032631,15,7,31,1100,1,1,1,1,7,69091,M,4557660.0,474982.0,69
201500032632,15,8,7,2100,2,2,1,1,6,69096,M,4560840.0,479378.0,69
201500032633,15,8,8,900,1,1,1,1,6,69091,M,,,69
201500032634,15,8,11,815,1,2,1,1,6,69091,M,4535467.0,445592.0,69
201500032635,15,8,19,2130,5,2,3,1,3,69091,M,4559332.0,476424.0,69
201500032636,15,8,27,20,5,2,1,1,6,69096,M,4560982.0,478373.0,69
201500032637,15,9,7,920,1,2,1,1,6,69096,M,,,69
201500032638,15,9,11,1345,1,2,3,1,6,69091,M,,,69
201500032639,15,9,16,845,1,1,1,1,3,69091,M,4558610.0,477307.0,69
201500032640,15,9,17,1405,1,1,1,8,6,69091,M,4557570.0,471818.0,69
201500032641,15,9,22,1345,1,2,3,1,3,69096,M,,,69
201500032642,15,9,21,1410,1,2,1,1,6,69096,M,4560570.0,477189.0,69
201500032643,15,9,28,800,1,2,1,1,3,69091,M,4557960.0,478128.0,69
201500032644,15,10,14,1855,2,2,2,1,5,69091,M,4559170.0,476183.0,69
201500032645,15,11,7,300,3,1,1,1,6,69091,M,4557950.0,472467.0,69
201500032646,15,11,18,730,1,2,1,1,2,69091,M,,,69
201500032647,15,12,2,1525,1,2,1,1,6,69091,M,4557340.0,479308.0,69
201500032648,15,12,4,1405,1,2,1,1,4,69096,M,,,69
201500032649,15,12,8,1555,1,2,1,1,6,69096,M,4560880.0,479201.0,69
201500032650,15,12,20,1150,1,2,1,1,1,69091,M,4558500.0,476449.0,69
201500032651,15,12,25,1430,1,2,1,1,3,69091,M,4558843.0,477133.0,69
201500032652,15,12,26,1940,5,2,1,1,6,69091,M,4558544.0,475197.0,69
201500032653,15,1,16,1250,1,2,1,3,6,69381,M,4577360.0,483023.0,69
201500032654,15,1,19,1950,5,2,1,2,6,69202,M,4578500.0,480502.0,69
201500032655,15,2,8,1112,1,2,1,1,6,69202,M,,,69
201500032656,15,1,25,1700,1,2,1,2,3,69202,M,4573090.0,479756.0,69
201500032657,15,1,26,1345,1,2,1,1,1,69202,M,4574870.0,479027.0,69
201500032658,15,1,29,1930,2,2,1,3,2,69202,M,,,69
201500032659,15,2,2,2010,5,2,3,1,3,69149,M,,,69
201500032660,15,2,12,1610,1,1,1,1,6,69152,M,,,69
201500032661,15,2,18,1140,1,2,1,1,6,69149,M,,,69
201500032662,15,2,19,1300,1,2,1,1,6,69149,M,,,69
201500032663,15,2,27,1520,1,2,1,8,6,69202,M,,,69
201500032664,15,3,7,1825,2,2,1,1,6,69202,M,,,69
201500032665,15,1,12,1725,5,2,1,1,6,69256,M,4577330.0,490810.0,69
201500032666,15,1,30,2000,5,2,3,2,6,69256,M,4575610.0,492971.0,69
201500032667,15,2,24,1550,1,2,1,8,6,69256,M,,,69
201500032668,15,3,5,1850,5,2,1,1,3,69256,M,,,69
201500032669,15,3,9,1140,1,2,8,1,3,69256,M,,,69
201500032670,15,3,11,1825,2,2,2,1,6,69256,M,,,69
201500032671,15,1,5,1800,3,2,1,1,2,69123,M,4571300.0,483673.0,69
201500032672,15,1,6,740,2,2,1,5,6,69259,M,,,69
201500032673,15,1,7,1030,1,2,1,1,6,69259,M,,,69
201500032674,15,1,9,1920,5,2,1,1,6,69199,M,4571420.0,485491.0,69
201500032675,15,1,18,550,4,2,1,5,6,69199,M,4568750.0,483925.0,69
201500032676,15,1,18,250,5,2,3,1,6,69259,M,4569570.0,486076.0,69
201500032677,15,1,20,1100,1,2,1,2,3,69259,M,4570730.0,488194.0,69
201500032678,15,1,20,730,5,2,1,2,6,69259,M,4571510.0,488495.0,69
201500032679,15,1,24,1615,1,2,1,2,1,69276,M,4568010.0,486128.0,69
201500032680,15,1,23,1700,1,2,1,1,6,69123,M,4571750.0,487688.0,69
201500032681,15,1,19,1120,1,2,1,1,2,69259,M,4570720.0,487869.0,69
201500032682,15,1,21,950,1,2,6,2,1,69290,M,4569670.0,489389.0,69
201500032683,15,1,24,1900,5,2,1,2,6,69259,M,4569150.0,488701.0,69
201500032684,15,1,29,720,2,2,1,1,6,69259,M,4571390.0,488710.0,69
201500032685,15,1,29,1900,5,2,3,3,5,69199,M,4571080.0,484918.0,69
201500032686,15,2,12,1730,2,2,2,1,3,69259,M,,,69
201500032687,15,2,18,715,5,2,1,2,6,69199,M,,,69
201500032688,15,2,24,1915,5,2,3,2,3,69199,M,,,69
201500032689,15,2,28,1800,1,2,1,1,1,69199,M,,,69
201500032690,15,4,7,2030,5,2,2,1,6,69259,M,,,69
201500032691,15,3,5,715,1,2,1,1,1,69276,M,,,69
201500032692,15,3,11,1825,1,2,1,1,4,69259,M,,,69
201500032693,15,3,12,950,1,2,3,1,6,69259,M,,,69
201500032694,15,3,6,925,1,2,1,1,6,69259,M,,,69
201500032695,15,3,6,900,1,2,1,1,3,69199,M,,,69
201500032696,15,3,7,1000,1,2,1,1,6,69259,M,,,69
201500032697,15,3,9,1315,1,2,2,1,3,69259,M,,,69
201500032698,15,3,15,1615,1,2,1,1,3,69259,M,,,69
201500032699,15,3,10,2200,5,2,1,1,6,69259,M,,,69
201500032700,15,6,1,1930,1,2,1,1,6,69259,M,,,69
201500032701,15,6,3,2035,1,2,1,1,6,69259,M,,,69
201500032702,15,6,4,1300,1,2,1,1,3,69259,M,,,69
201500032703,15,6,4,1425,1,2,1,1,4,69259,M,,,69
201500032704,15,6,4,2145,2,2,1,1,6,69259,M,,,69
201500032705,15,6,17,1425,1,2,1,1,2,69259,M,4568740.0,488569.0,69
201500032706,15,6,15,1925,1,2,1,1,2,69259,M,,,69
201500032707,15,6,18,1150,1,2,2,1,3,69259,M,,,69
201500032708,15,6,19,2010,1,2,2,1,3,69259,M,,,69
201500032709,15,6,22,625,1,2,4,1,6,69259,M,,,69
201500032710,15,6,22,800,1,2,1,1,2,69259,M,,,69
201500032711,15,6,22,1800,1,2,1,1,2,69259,M,,,69
201500032712,15,6,29,1745,1,2,1,7,6,69259,M,4572400.0,485828.0,69
201500032713,15,6,30,1655,1,2,1,1,3,69259,M,,,69
201500032714,15,1,29,1900,5,2,1,3,6,69115,M,4597870.0,472072.0,69
201500032715,15,4,3,800,1,2,1,8,1,69115,M,4597590.0,471653.0,69
201500032716,15,1,23,1435,1,2,1,1,6,69115,M,4597020.0,470648.0,69
201500032717,15,4,8,835,1,2,1,1,6,69264,M,,,69
201500032718,15,2,12,940,1,2,2,1,6,69264,M,,,69
201500032719,15,4,23,1530,1,1,1,1,6,69264,M,4599890.0,473997.0,69
201500032720,15,2,23,730,1,2,2,1,6,69264,M,,,69
201500032721,15,4,17,1035,1,2,1,1,6,69264,M,4598510.0,471806.0,69
201500032722,15,6,9,1415,1,2,1,1,3,69264,M,,,69
201500032723,15,7,18,1355,1,2,1,1,2,69264,M,4598550.0,472789.0,69
201500032724,15,6,9,1245,1,2,1,7,6,69264,M,,,69
201500032725,15,9,20,1920,2,2,2,1,3,69264,M,,,69
201500032726,15,10,1,630,3,2,1,1,6,69264,M,4599228.0,474224.0,69
201500032727,15,11,18,2350,5,1,1,1,7,69013,M,4602760.0,469799.0,69
201500032728,15,11,17,710,5,2,1,1,2,69092,M,4598164.0,469504.0,69
201500032729,15,12,3,1810,1,2,1,1,6,69264,M,4598399.0,474045.0,69
201500032730,15,12,24,1920,3,1,4,1,1,69092,M,4597980.0,469447.0,69
201500032731,15,1,4,2055,5,2,1,1,6,69256,M,4578540.0,488097.0,69
201500032732,15,12,31,1755,2,2,2,1,3,69275,M,0.0,0.0,69
201500032733,15,3,16,2245,5,2,2,1,1,69266,M,4576030.0,490081.0,69
201500032734,15,1,6,1640,1,2,2,1,2,69266,M,,,69
201500032735,15,3,17,1400,1,2,2,1,1,69266,M,0.0,0.0,69
201500032736,15,1,11,1030,1,2,6,1,7,69266,M,4576880.0,487756.0,69
201500032737,15,3,18,1610,1,2,1,1,6,69275,M,4577170.0,497431.0,69
201500032738,15,3,18,1850,2,1,1,1,6,69282,M,4578970.0,502867.0,69
201500032739,15,1,17,1815,5,2,2,1,6,69266,M,4578100.0,488689.0,69
201500032740,15,3,19,1720,1,2,1,1,3,69282,M,4577680.0,500286.0,69
201500032741,15,3,24,810,1,2,1,8,6,69266,M,,,69
201500032742,15,3,24,840,1,2,4,2,1,69275,M,4576440.0,496722.0,69
201500032743,15,1,31,1910,5,2,4,2,6,69266,M,4578280.0,488461.0,69
201500032744,15,3,25,1625,1,2,1,2,3,69266,M,,,69
201500032745,15,2,3,1140,1,2,1,1,6,69266,M,,,69
201500032746,15,3,27,600,2,2,2,8,3,69256,M,4576620.0,492850.0,69
201500032747,15,3,27,1315,1,2,1,1,2,69266,M,0.0,0.0,69
201500032748,15,3,27,1735,1,2,9,1,6,69266,M,4576610.0,489920.0,69
201500032749,15,2,19,1435,1,2,3,1,2,69266,M,,,69
201500032750,15,3,28,1640,1,2,1,1,6,69266,M,4578135.0,488562.0,69
201500032751,15,2,24,550,5,2,3,1,6,69266,M,,,69
201500032752,15,3,18,750,1,2,1,1,2,69271,M,4573500.0,496443.0,69
201500032753,15,3,4,1715,1,2,2,1,1,69266,M,,,69
201500032754,15,3,28,2310,5,2,3,1,3,69029,M,,,69
201500032755,15,3,31,1440,1,2,2,1,6,69282,M,4577830.0,499475.0,69
201500032756,15,3,4,1955,5,2,3,1,3,69266,M,,,69
201500032757,15,3,5,1810,1,2,3,1,6,69266,M,,,69
201500032758,15,4,3,1845,1,2,2,1,3,69256,M,4576920.0,492437.0,69
201500032759,15,3,7,2140,5,2,1,1,2,69266,M,,,69
201500032760,15,4,5,1205,1,2,1,1,6,69275,M,4577140.0,495817.0,69
201500032761,15,3,9,2005,5,2,1,1,3,69266,M,,,69
201500032762,15,4,6,1430,1,2,1,1,4,69290,M,,,69
201500032763,15,3,10,1430,1,2,3,1,6,69266,M,,,69
201500032764,15,4,6,1340,1,2,2,1,3,69290,M,0.0,0.0,69
201500032765,15,4,8,830,1,2,3,1,3,69290,M,4569770.0,492867.0,69
201500032766,15,4,8,2120,5,2,2,1,3,69271,M,4572440.0,497386.0,69
201500032767,15,4,9,327,5,2,6,1,6,69266,M,4577130.0,490408.0,69
201500032768,15,4,8,1120,1,2,3,1,3,69266,M,4576780.0,488872.0,69
201500032769,15,4,9,1400,1,2,1,1,3,69290,M,4569930.0,493636.0,69
201500032770,15,4,10,1220,1,2,9,1,6,69256,M,,,69
201500032771,15,4,11,1855,1,2,1,1,3,69029,M,4572610.0,488711.0,69
201500032772,15,4,6,1915,1,2,4,1,6,69256,M,4574690.0,492442.0,69
201500032773,15,4,13,1840,1,2,1,1,3,69282,M,4576340.0,499206.0,69
201500032774,15,4,13,1720,1,2,3,1,3,69271,M,,,69
201500032775,15,4,15,715,1,2,2,1,3,69282,M,4578150.0,502330.0,69
201500032776,15,4,15,1440,1,2,9,1,6,69275,M,,,69
201500032777,15,4,16,2110,5,2,1,1,3,69256,M,,,69
201500032778,15,4,16,2040,2,2,4,1,3,69029,M,4574440.0,493147.0,69
201500032779,15,3,28,2040,5,2,1,1,3,69266,M,,,69
201500032780,15,4,21,2030,2,2,2,1,3,69256,M,,,69
201500032781,15,4,22,640,2,2,1,1,3,69266,M,4577097.0,486705.0,69
201500032782,15,4,22,725,2,2,6,1,3,69271,M,,,69
201500032783,15,4,23,945,1,2,9,1,4,69256,M,,,69
201500032784,15,4,25,1210,1,2,2,1,3,69290,M,,,69
201500032785,15,5,5,1355,1,2,3,1,6,69256,M,4578530.0,491064.0,69
201500032786,15,5,6,820,1,2,4,1,3,69029,M,4573550.0,490342.0,69
201500032787,15,5,6,2040,2,1,1,1,6,69029,M,4574590.0,490625.0,69
201500032788,15,5,10,1700,1,2,1,1,3,69029,M,4574600.0,491825.0,69
201500032789,15,5,10,1845,1,2,1,1,6,69266,M,4576180.0,489769.0,69
201500032790,15,5,12,2013,1,2,9,1,6,69029,M,4572010.0,491517.0,69
201500032791,15,5,12,1925,1,2,1,1,3,69266,M,,,69
201500032792,15,5,15,1600,1,2,1,2,6,69282,M,4576290.0,499536.0,69
201500032793,15,5,16,2050,1,1,1,1,6,69266,M,4575960.0,488192.0,69
201500032794,15,5,17,2145,4,2,6,1,3,69266,M,4575800.0,488153.0,69
201500032795,15,5,19,1630,1,2,1,1,3,69266,M,,,69
201500032796,15,5,22,2100,5,2,1,1,3,69266,M,4578180.0,488647.0,69
201500032797,15,5,23,1010,1,2,1,1,4,69266,M,4578420.0,488602.0,69
201500032798,15,5,26,1955,1,2,1,1,6,69266,M,4577091.0,487178.0,69
201500032799,15,5,27,2025,2,2,7,1,6,69266,M,,,69
201500032800,15,5,27,2115,5,2,2,1,3,69266,M,4576130.0,488344.0,69
201500032801,15,5,27,1750,1,2,1,1,3,69266,M,4577046.0,490652.0,69
201500032802,15,5,27,633,1,2,6,1,2,69290,M,4571820.0,495381.0,69
201500032803,15,5,25,2210,5,2,2,1,3,69275,M,4577590.0,495308.0,69
201500032804,15,5,31,1535,1,2,1,1,6,69256,M,4577610.0,491503.0,69
201500032805,15,5,30,1938,1,1,2,1,3,69256,M,4577430.0,491458.0,69
201500032806,15,6,1,600,2,2,1,1,6,69275,M,4577120.0,496568.0,69
201500032807,15,6,2,1630,1,2,1,1,6,69275,M,4577480.0,497561.0,69
201500032808,15,6,2,2025,1,2,1,1,1,69266,M,4577657.0,490120.0,69
201500032809,15,6,6,1915,1,2,2,1,3,69266,M,,,69
201500032810,15,6,5,1700,1,2,1,1,6,69282,M,4576660.0,502217.0,69
201500032811,15,5,29,1018,1,2,1,1,2,69256,M,4578830.0,490436.0,69
201500032812,15,6,9,1155,1,2,7,1,6,69282,M,4577420.0,501113.0,69
201500032813,15,6,10,2100,2,1,1,1,7,69271,M,4574340.0,498553.0,69
201500032814,15,4,28,1700,1,2,1,1,2,69266,M,4577020.0,489925.0,69
201500032815,15,6,12,2050,1,2,2,2,3,69256,M,4576650.0,493033.0,69
201500032816,15,6,13,1850,1,2,2,1,3,69256,M,4575352.0,492801.0,69
201500032817,15,6,13,2000,1,2,2,1,3,69290,M,4571670.0,492808.0,69
201500032818,15,6,14,425,5,2,3,2,3,69271,M,4574320.0,493728.0,69
201500032819,15,6,17,2030,1,2,3,1,6,69266,M,,,69
201500032820,15,6,18,1320,1,2,2,1,6,69256,M,4577820.0,491736.0,69
201500032821,15,6,20,1510,1,2,1,1,1,69256,M,4577750.0,491906.0,69
201500032822,15,6,22,1845,1,2,6,1,3,69275,M,,,69
201500032823,15,6,23,1953,1,2,3,1,3,69256,M,4578780.0,491120.0,69
201500032824,15,6,24,910,1,2,2,1,3,69290,M,,,69
201500032825,15,6,25,2115,1,2,3,1,3,69266,M,4575990.0,488886.0,69
201500032826,15,6,26,1100,1,2,3,1,3,69290,M,4571760.0,493477.0,69
201500032827,15,6,24,820,1,1,1,1,6,69290,M,4568751.0,494505.0,69
201500032828,15,6,7,1925,1,2,2,1,3,69275,M,4576400.0,495639.0,69
201500032829,15,6,23,1000,1,2,1,1,6,69266,M,4576950.0,487992.0,69
201500032830,15,6,18,2110,1,2,1,1,3,69271,M,4573440.0,496603.0,69
201500032831,15,6,24,750,1,2,1,1,6,69266,M,4576010.0,488478.0,69
201500032832,15,7,1,1040,1,2,1,1,6,69275,M,,,69
201500032833,15,7,3,1450,1,2,1,1,4,69290,M,4568670.0,495693.0,69
201500032834,15,6,29,1040,1,2,1,1,6,69256,M,4578570.0,491641.0,69
201500032835,15,7,4,1550,1,2,1,1,3,69266,M,4577390.0,490233.0,69
201500032836,15,7,4,2100,2,2,2,1,3,69266,M,4576970.0,487558.0,69
201500032837,15,6,16,645,1,1,2,1,1,69290,M,,,69
201500032838,15,7,2,1200,1,2,3,1,3,69266,M,,,69
201500032839,15,7,7,1440,1,2,1,1,6,69266,M,4576479.0,488122.0,69
201500032840,15,7,8,2125,1,2,3,1,3,69275,M,4576840.0,494028.0,69
201500032841,15,7,9,815,1,2,7,1,6,69266,M,4577440.0,486511.0,69
201500032842,15,7,9,744,1,2,1,1,6,69290,M,4571420.0,496620.0,69
201500032843,15,7,10,1900,1,2,2,1,2,69290,M,4570450.0,495003.0,69
201500032844,15,7,12,2030,1,2,1,1,6,69266,M,4576220.0,491669.0,69
201500032845,15,7,11,2240,4,2,1,1,3,69029,M,4575102.0,490719.0,69
201500032846,15,7,14,310,5,2,1,1,3,69275,M,4576840.0,493942.0,69
201500032847,15,7,14,200,5,2,2,1,6,69266,M,,,69
201500032848,15,7,14,1805,1,2,3,1,3,69275,M,4576970.0,495036.0,69
201500032849,15,7,9,850,1,2,3,1,3,69266,M,4577100.0,489588.0,69
201500032850,15,7,7,1530,1,2,1,1,1,69266,M,4578160.0,488675.0,69
201500032851,15,7,16,1200,1,2,6,1,3,69266,M,4577700.0,487961.0,69
201500032852,15,7,15,1930,1,1,1,1,1,69256,M,4579710.0,492567.0,69
201500032853,15,7,18,1120,1,2,1,1,6,69266,M,4578730.0,488222.0,69
201500032854,15,7,21,1655,1,2,6,7,2,69256,M,4577590.0,493169.0,69
201500032855,15,7,21,2045,1,2,2,1,2,69266,M,,,69
201500032856,15,7,22,2040,1,2,1,2,6,69029,M,4573270.0,493108.0,69
201500032857,15,7,23,35,5,2,1,1,4,69266,M,,,69
201500032858,15,7,20,730,1,1,1,1,6,69290,M,4568550.0,494736.0,69
201500032859,15,7,23,1200,1,2,1,1,3,69256,M,4578700.0,491822.0,69
201500032860,15,7,25,1930,1,2,1,1,3,69290,M,4572540.0,493581.0,69
201500032861,15,7,25,1926,1,2,1,1,1,69275,M,4578470.0,495953.0,69
201500032862,15,7,26,1915,1,2,2,1,3,69029,M,,,69
201500032863,15,7,6,1625,1,2,1,1,2,69029,M,4574060.0,489314.0,69
201500032864,15,7,28,1235,1,2,1,1,3,69266,M,4577565.0,486005.0,69
201500032865,15,7,28,1930,1,2,3,1,3,69282,M,4578180.0,500414.0,69
201500032866,15,7,29,1035,1,2,9,2,2,69275,M,4576990.0,495195.0,69
201500032867,15,8,7,400,5,2,1,1,6,69266,M,,,69
201500032868,15,8,8,1350,1,2,3,1,3,69290,M,,,69
201500032869,15,8,9,800,1,2,3,1,6,69282,M,4578710.0,500265.0,69
201500032870,15,8,7,815,1,2,3,1,6,69290,M,4569690.0,494075.0,69
201500032871,15,8,10,1525,1,2,1,8,6,69290,M,4569110.0,494850.0,69
201500032872,15,8,11,2045,1,2,2,1,2,69256,M,4578663.0,492101.0,69
201500032873,15,8,12,350,3,2,1,1,6,69290,M,4572060.0,492894.0,69
201500032874,15,8,19,1245,1,2,3,1,3,69266,M,4576350.0,491467.0,69
201500032875,15,8,20,220,5,2,1,1,6,69256,M,,,69
201500032876,15,8,20,925,1,2,1,1,2,69282,M,4576920.0,498861.0,69
201500032877,15,8,20,2300,5,2,3,1,3,69266,M,4576260.0,490161.0,69
201500032878,15,8,22,1550,1,2,9,1,6,69266,M,4577945.0,485951.0,69
201500032879,15,8,24,1605,1,1,1,1,6,69256,M,4576690.0,493119.0,69
201500032880,15,8,29,1350,1,2,6,1,3,69266,M,4577181.0,486974.0,69
201500032881,15,8,28,1545,1,2,2,1,3,69266,M,4578220.0,489089.0,69
201500032882,15,8,31,1752,1,2,1,1,2,69266,M,4575900.0,487847.0,69
201500032883,15,7,26,1710,1,1,1,1,3,69266,M,4578563.0,489383.0,69
201500032884,15,9,1,1550,1,2,1,8,3,69290,M,,,69
201500032885,15,9,3,1020,1,2,3,1,1,69266,M,,,69
201500032886,15,7,26,1540,1,2,9,1,6,69266,M,,,69
201500032887,15,9,12,50,5,1,6,1,6,69256,M,,,69
201500032888,15,9,12,1415,1,2,1,2,6,69266,M,4576797.0,488014.0,69