Num_Acc,an,mois,jour,hrmn,lum,agg,int,atm,col,com,gps,lat,long,dep
201500033569,15,12,11,1920,5,1,1,1,1,76305,M,4948616.0,20639.0,76
201500033570,15,12,15,1900,5,2,2,3,6,76351,M,4949203.0,12403.0,76
201500033571,15,12,15,715,5,1,1,2,3,76305,M,4949887.0,21306.0,76
201500033572,15,12,11,2220,5,1,6,2,3,76481,M,4953120.0,10800.0,76
201500033573,15,12,13,430,5,2,2,1,3,76351,M,4951059.0,10255.0,76
201500033574,15,2,8,1445,1,1,1,1,1,76447,M,4953271.0,17991.0,76
201500033575,15,12,17,1800,5,1,1,2,1,76351,M,4952021.0,11995.0,76
201500033576,15,12,19,1400,1,2,6,1,6,76351,M,4950723.0,12849.0,76
201500033577,15,2,8,2010,5,2,2,1,3,76351,M,4951430.0,10861.0,76
201500033578,15,12,19,1310,1,1,1,1,1,76351,M,4949888.0,21154.0,76
201500033579,15,12,19,1530,1,1,8,1,6,76305,M,4948772.0,20115.0,76
201500033580,15,12,19,1335,1,1,4,1,3,76305,M,4949805.0,19666.0,76
201500033581,15,12,15,750,5,2,2,2,6,76351,M,4950130.0,15001.0,76
201500033582,15,11,27,655,2,2,1,1,3,76351,M,4950441.0,13662.0,76
201500033583,15,12,18,1845,5,2,2,1,3,76341,M,4951471.0,19636.0,76
201500033584,15,12,26,45,5,2,2,1,3,76351,M,4950054.0,13921.0,76
201500033585,15,12,27,1500,1,2,1,1,6,76351,M,4950063.0,16100.0,76
201500033586,15,2,10,956,1,2,3,1,3,76351,M,4951260.0,12464.0,76
201500033587,15,12,29,1828,5,2,2,1,5,76351,M,4950727.0,12622.0,76
201500033588,15,12,24,1815,5,2,2,1,3,76351,M,4950614.0,11422.0,76
201500033589,15,2,12,1440,1,1,1,1,1,76305,M,4949954.0,19796.0,76
201500033590,15,2,12,2340,5,2,2,1,3,76351,M,4949376.0,11772.0,76
201500033591,15,2,13,1800,5,2,1,2,1,76552,M,4950524.0,8740.0,76
201500033592,15,2,13,1850,5,2,3,1,3,76351,M,4949794.0,11539.0,76
201500033593,15,2,14,1115,1,2,1,1,6,76351,M,4947891.0,15591.0,76
201500033594,15,2,16,1510,1,2,2,1,7,76322,M,4940575.0,105354.0,76
201500033595,15,12,26,950,1,2,6,1,3,76575,M,4939743.0,108096.0,76
201500033596,15,2,22,1525,1,1,2,1,3,76498,M,4942286.0,106724.0,76
201500033597,15,12,25,145,5,2,1,1,1,76681,M,4941737.0,108102.0,76
201500033598,15,3,6,1000,1,2,2,1,3,76681,M,4942295.0,108733.0,76
201500033599,15,12,27,600,5,2,6,1,6,76540,M,4943972.0,113190.0,76
201500033600,15,2,21,1640,1,2,2,1,3,76540,M,4944095.0,108990.0,76
201500033601,15,10,28,1620,1,1,1,1,3,76366,M,4951172.0,102750.0,76
201500033602,15,2,26,1940,1,1,2,2,6,76540,M,4944699.0,109237.0,76
201500033603,15,11,30,800,1,2,1,1,3,76540,M,4945237.0,105670.0,76
201500033604,15,2,28,2015,5,2,2,1,3,76322,M,4940547.0,105338.0,76
201500033605,15,3,7,1515,1,2,1,1,6,76575,M,4939788.0,107018.0,76
201500033606,15,2,16,1630,1,2,4,1,6,76540,M,4943292.0,110797.0,76
201500033607,15,12,18,1400,1,2,1,1,3,76231,M,4928703.0,101309.0,76
201500033608,15,12,16,820,5,1,1,2,1,76157,M,4944418.0,104028.0,76
201500033609,15,3,16,1905,1,2,2,1,3,76540,M,4945105.0,109857.0,76
201500033610,15,3,14,515,5,2,5,1,6,76540,M,4942828.0,107054.0,76
201500033611,15,3,18,1545,1,1,1,1,6,76451,M,4947514.0,107803.0,76
201500033612,15,3,20,705,1,2,1,1,6,76540,M,4942769.0,107939.0,76
201500033613,15,3,22,1010,1,2,3,1,6,76575,M,4939365.0,107010.0,76
201500033614,15,12,18,2000,1,1,1,1,6,76231,M,4929023.0,101284.0,76
201500033615,15,2,27,1615,1,2,4,1,1,76457,M,4934236.0,96853.0,76
201500033616,15,12,3,1940,5,2,2,1,3,76540,M,4944307.0,110450.0,76
201500033617,15,3,22,1900,1,2,3,1,1,76216,M,4947053.0,104552.0,76
201500033618,15,3,18,1740,1,2,1,1,6,76540,M,4945028.0,108689.0,76
201500033619,15,3,17,1205,1,2,3,1,6,76451,M,4945733.0,108104.0,76
201500033620,15,2,21,440,1,1,1,1,6,76540,M,4944889.0,106166.0,76
201500033621,15,3,23,750,1,1,1,1,3,76575,M,4936759.0,110172.0,76
201500033622,15,3,28,1445,1,2,2,1,3,76540,M,4944615.0,110015.0,76
201500033623,15,3,2,2345,5,2,1,8,6,76681,M,4941261.0,109885.0,76
201500033624,15,4,8,703,1,2,2,1,3,76540,M,4943894.0,108022.0,76
201500033625,15,4,8,1740,1,2,2,1,3,76540,M,4945278.0,105661.0,76
201500033626,15,4,3,1240,1,1,1,1,4,76540,M,4943169.0,110325.0,76
201500033627,15,4,10,1810,1,2,2,1,6,76497,M,4938799.0,102278.0,76
201500033628,15,4,13,1445,1,1,1,1,1,76681,M,4941673.0,110775.0,76
201500033629,15,4,2,1535,1,2,3,2,2,76540,M,4943405.0,108584.0,76
201500033630,15,4,12,1120,1,2,1,1,2,76681,M,4941255.0,108800.0,76
201500033631,15,3,15,2130,3,1,4,9,6,76157,M,4943330.0,98838.0,76
201500033632,15,3,25,1840,1,1,1,1,3,76474,M,4949047.0,104917.0,76
201500033633,15,4,19,330,5,2,6,1,2,76540,M,4942594.0,108711.0,76
201500033634,15,4,17,1045,1,1,1,1,3,76319,M,4934772.0,102157.0,76
201500033635,15,4,18,1530,1,2,2,1,2,76681,M,4941680.0,110783.0,76
201500033636,15,4,24,1600,1,2,1,1,3,76540,M,4943633.0,108886.0,76
201500033637,15,4,18,1,5,2,2,1,1,76540,M,4943011.0,109066.0,76
201500033638,15,3,29,1200,1,2,2,2,3,76540,M,4942794.0,109333.0,76
201500033639,15,4,19,720,1,2,2,1,3,76681,M,4940949.0,108372.0,76
201500033640,15,4,18,540,1,1,1,1,7,76391,M,4934301.0,93636.0,76
201500033641,15,4,24,1430,1,2,3,1,3,76540,M,4943475.0,108811.0,76
201500033642,15,5,7,2155,5,2,4,1,6,76212,M,4943805.0,114347.0,76
201500033643,15,4,18,910,1,1,1,1,3,76474,M,4949146.0,106350.0,76
201500033644,15,4,29,755,1,1,1,1,3,76319,M,4934178.0,101666.0,76
201500033645,15,5,9,2240,1,2,1,1,7,76540,M,4944116.0,108147.0,76
201500033646,15,4,1,220,3,2,1,8,6,76451,M,4947391.0,107606.0,76
201500033647,15,4,4,917,1,2,2,1,2,76540,M,4944833.0,106666.0,76
201500033648,15,3,31,830,1,2,1,1,1,76540,M,4945294.0,109882.0,76
201500033649,15,5,11,1500,1,2,1,1,4,76540,M,4943647.0,109897.0,76
201500033650,15,5,19,1030,1,2,3,1,3,76322,M,4941438.0,105090.0,76
201500033651,15,5,3,1400,1,1,1,1,2,76575,M,4939936.0,106336.0,76
201500033652,15,5,15,1710,1,2,2,1,1,76540,M,4945277.0,105663.0,76
201500033653,15,5,21,1105,1,1,6,1,3,76484,M,4934569.0,107721.0,76
201500033654,15,4,9,829,1,2,3,1,6,76681,M,4942035.0,109372.0,76
201500033655,15,4,22,1920,1,2,6,1,3,76540,M,4943047.0,107905.0,76
201500033656,15,5,23,1020,1,2,1,1,6,76540,M,4944311.0,109025.0,76
201500033657,15,5,26,1700,1,2,1,1,6,76319,M,4935541.0,100797.0,76
201500033658,15,4,13,1850,1,2,3,1,2,76540,M,4944486.0,106786.0,76
201500033659,15,5,29,1100,1,1,3,1,2,76575,M,4939386.0,111166.0,76
201500033660,15,5,19,1710,1,2,6,1,1,76575,M,4937544.0,110266.0,76
201500033661,15,5,22,1730,1,1,1,1,2,76157,M,4946285.0,104048.0,76
201500033662,15,5,17,1109,1,2,1,1,6,76540,M,4942815.0,110246.0,76
201500033663,15,5,21,1710,1,2,3,1,6,76108,M,4947496.0,112544.0,76
201500033664,15,5,29,2346,5,2,2,2,3,76498,M,4942858.0,106259.0,76
201500033665,15,6,2,1545,1,2,1,1,6,76410,M,4948208.0,104526.0,76
201500033666,15,6,8,1700,1,2,2,1,6,76540,M,4944093.0,108268.0,76
201500033667,15,6,9,2215,3,2,2,1,3,76540,M,4943469.0,107604.0,76
201500033668,15,6,13,1840,1,2,3,1,3,76498,M,4941400.0,106465.0,76
201500033669,15,6,16,1450,1,2,2,1,3,76498,M,4941941.0,106012.0,76
201500033670,15,6,17,2020,1,2,1,1,3,76575,M,4939639.0,111172.0,76
201500033671,15,6,20,2005,1,2,1,1,6,76575,M,4937572.0,111014.0,76
201500033672,15,6,11,10,5,1,1,1,7,76322,M,4941452.0,104414.0,76
201500033673,15,6,17,2350,5,2,1,1,2,76681,M,4941070.0,109993.0,76
201500033674,15,6,26,1455,1,1,3,1,3,76429,M,4941669.0,114616.0,76
201500033675,15,6,30,1205,1,2,2,1,6,76540,M,4944460.0,109239.0,76
201500033676,15,6,29,1815,1,2,1,1,1,76575,M,4938058.0,106177.0,76
201500033677,15,6,27,100,3,1,3,1,5,76131,M,4934847.0,93449.0,76
201500033678,15,7,4,1740,1,2,6,1,3,76540,M,4943769.0,106675.0,76
201500033679,15,6,30,2315,5,2,1,1,2,76540,M,4943603.0,111333.0,76
201500033680,15,6,24,1800,1,2,1,1,3,76540,M,4944302.0,107722.0,76
201500033681,15,7,10,1845,1,2,1,1,3,76540,M,4942996.0,110093.0,76
201500033682,15,7,2,1630,1,1,1,1,6,76319,M,4933477.0,100411.0,76
201500033683,15,7,13,2215,1,2,3,1,1,76575,M,4940517.0,106765.0,76
201500033684,15,7,15,1535,1,2,2,1,3,76681,M,4940840.0,109534.0,76
201500033685,15,7,17,1700,1,1,1,1,6,76410,M,4947417.0,102547.0,76
201500033686,15,7,17,656,1,2,2,1,3,76540,M,4944562.0,109470.0,76
201500033687,15,7,20,2040,1,2,1,1,6,76484,M,4934362.0,108896.0,76
201500033688,15,7,20,1910,1,2,1,1,2,76402,M,4952548.0,104220.0,76
201500033689,15,7,20,1220,1,2,1,1,3,76157,M,4944158.0,103238.0,76
201500033690,15,5,3,105,5,2,2,2,6,76231,M,4928401.0,100701.0,76
201500033691,15,5,17,1000,1,2,1,1,6,76231,M,4927711.0,99973.0,76
201500033692,15,5,13,1740,1,2,1,1,6,76165,M,4927631.0,101904.0,76
201500033693,15,7,28,1610,1,1,1,1,4,76575,M,4937134.0,111551.0,76
201500033694,15,7,10,100,5,2,1,1,7,76540,M,4944458.0,109528.0,76
201500033695,15,7,18,858,1,2,2,1,3,76540,M,4943941.0,110539.0,76
201500033696,15,7,20,1535,1,2,1,1,6,76497,M,4938482.0,101277.0,76
201500033697,15,7,29,1900,1,1,6,1,6,76095,M,4946697.0,113466.0,76
201500033698,15,7,22,1050,1,2,3,1,3,76575,M,4939728.0,110309.0,76
201500033699,15,7,23,1900,1,2,1,1,6,76410,M,4947862.0,104281.0,76
201500033700,15,8,13,825,1,2,1,1,6,76212,M,4944236.0,116147.0,76
201500033701,15,8,3,1045,1,2,1,1,6,76561,M,4930044.0,101476.0,76
201500033702,15,7,14,43,3,1,1,1,1,76319,M,4934638.0,101427.0,76
201500033703,15,8,4,2000,1,2,2,1,3,76681,M,4941069.0,108758.0,76
201500033704,15,8,14,1230,1,2,6,1,2,76599,M,4943499.0,114719.0,76
201500033705,15,7,16,1900,1,1,1,1,3,76681,M,4941924.0,109800.0,76
201500033706,15,8,5,1740,1,2,1,1,6,76575,M,4937125.0,110425.0,76
201500033707,15,8,17,1910,1,2,1,1,5,76540,M,4944481.0,106779.0,76
201500033708,15,8,7,1010,1,2,1,1,3,76474,M,4948906.0,104913.0,76
201500033709,15,8,8,315,5,2,1,1,6,76410,M,4947667.0,104289.0,76
201500033710,15,8,14,1015,1,2,1,1,6,76540,M,4944010.0,109128.0,76
201500033711,15,8,7,2120,1,2,1,1,3,76484,M,4935136.0,109191.0,76
201500033712,15,8,9,1330,1,2,1,1,2,76212,M,4944293.0,116339.0,76
201500033713,15,9,6,1355,1,2,2,1,3,76216,M,4947304.0,104910.0,76
201500033714,15,8,9,1500,1,2,1,1,6,76540,M,4945317.0,109832.0,76
201500033715,15,8,12,1730,1,2,1,1,3,76005,M,4941275.0,112150.0,76
201500033716,15,8,11,1645,1,2,1,1,6,76216,M,4947621.0,104799.0,76
201500033717,15,8,5,800,1,1,1,1,3,76322,M,4943197.0,105910.0,76
201500033718,15,8,9,1450,1,2,3,1,3,76103,M,4942825.0,111597.0,76
201500033719,15,8,24,1755,1,2,6,3,3,76497,M,4938925.0,105602.0,76
201500033720,15,9,15,1640,1,2,1,1,6,76095,M,4945698.0,111810.0,76
201500033721,15,9,1,1020,1,2,2,1,6,76540,M,4943909.0,108854.0,76
201500033722,15,7,29,1330,1,2,1,1,2,76108,M,4947014.0,110674.0,76
201500033723,15,7,10,1200,1,1,1,1,6,76402,M,4951411.0,100889.0,76
201500033724,15,8,15,200,5,1,1,3,6,76540,M,4943732.0,111090.0,76
201500033725,15,9,1,800,1,2,2,2,5,76540,M,4945276.0,105662.0,76
201500033726,15,9,5,615,5,2,1,1,1,76212,M,4944470.0,115495.0,76
201500033727,15,9,5,2045,1,2,1,1,7,76322,M,4941007.0,105025.0,76
201500033728,15,9,6,1800,1,2,3,1,3,76540,M,4944247.0,107722.0,76
201500033729,15,9,7,850,1,1,1,1,3,76410,M,4947112.0,103126.0,76
201500033730,15,9,7,1346,1,1,1,1,3,76484,M,4934401.0,107627.0,76
201500033731,15,9,9,1605,1,2,2,1,6,76540,M,4944325.0,107724.0,76
201500033732,15,9,10,1530,1,1,1,1,2,76157,M,4945806.0,104719.0,76
201500033733,15,9,10,1020,1,2,3,1,4,76599,M,4943426.0,114909.0,76
201500033734,15,9,14,2220,5,2,1,3,4,76540,M,4944111.0,108139.0,76
201500033735,15,8,10,1535,1,1,1,1,6,76705,M,4932903.0,109855.0,76
201500033736,15,9,17,950,1,2,1,1,6,76540,M,4944202.0,109830.0,76
201500033737,15,9,17,1615,1,2,1,1,6,76540,M,4944265.0,109107.0,76
201500033738,15,9,21,920,1,2,1,1,3,76108,M,4946345.0,111722.0,76
201500033739,15,8,23,605,5,2,3,1,6,76216,M,4947377.0,104204.0,76
201500033740,15,9,27,715,5,1,1,1,6,76319,M,4934432.0,98270.0,76
201500033741,15,9,26,15,5,1,1,1,6,76540,M,4943449.0,107244.0,76
201500033742,15,9,20,650,5,2,1,1,2,76540,M,4943525.0,110463.0,76
201500033743,15,10,5,1930,5,2,2,1,6,76540,M,4944693.0,109237.0,76
201500033744,15,9,26,205,5,2,1,1,6,76540,M,4943499.0,109347.0,76
201500033745,15,9,29,1840,1,2,1,1,4,76540,M,4943523.0,110461.0,76
201500033746,15,10,5,2200,5,1,1,2,5,76212,M,4945798.0,114384.0,76
201500033747,15,10,2,1910,1,1,3,1,6,76322,M,4939857.0,106263.0,76
201500033748,15,10,5,730,2,2,2,1,3,76319,M,4936712.0,101078.0,76
201500033749,15,8,3,1130,1,2,1,1,6,76178,M,4930847.0,103673.0,76
201500033750,15,10,6,2355,5,2,6,3,6,76540,M,4942709.0,107756.0,76
201500033751,15,10,1,1815,1,2,2,1,1,76640,M,4927035.0,104304.0,76
201500033752,15,10,16,715,5,2,2,1,6,76231,M,4929085.0,99999.0,76
201500033753,15,10,10,1740,1,1,1,1,1,76231,M,4929232.0,101798.0,76
201500033754,15,9,14,1210,1,2,3,1,3,76561,M,4930417.0,101043.0,76
201500033755,15,9,28,1730,1,2,2,1,3,76231,M,4929085.0,99999.0,76
201500033756,15,10,15,2130,5,2,1,1,1,76540,M,4945458.0,105989.0,76
201500033757,15,10,9,1700,1,2,1,1,6,76157,M,4945044.0,103482.0,76
201500033758,15,10,11,1505,1,2,6,1,4,76497,M,4938815.0,105589.0,76
201500033759,15,10,15,1125,1,2,2,1,6,76540,M,4944428.0,108552.0,76
201500033760,15,10,13,745,2,1,1,1,2,76497,M,4936598.0,103950.0,76
201500033761,15,10,9,1805,1,2,1,1,3,76451,M,4946261.0,109615.0,76
201500033762,15,10,26,1700,1,2,1,1,6,76540,M,4942614.0,108284.0,76
201500033763,15,10,25,1830,1,1,1,1,2,76322,M,4940725.0,103700.0,76
201500033764,15,10,29,1855,5,2,1,1,2,76474,M,4949618.0,104859.0,76
201500033765,15,10,29,2100,3,2,1,1,6,76681,M,4940785.0,110161.0,76
201500033766,15,9,25,740,1,2,3,1,6,76540,M,4942634.0,107544.0,76
201500033767,15,11,4,945,1,2,2,2,6,76108,M,4945800.0,110828.0,76
201500033768,15,11,6,1500,1,2,1,1,6,76540,M,4944743.0,109742.0,76
201500033769,15,11,1,1610,1,2,3,1,3,76540,M,4942728.0,109241.0,76
201500033770,15,11,9,910,1,2,2,1,3,76410,M,4948239.0,104278.0,76
201500033771,15,11,7,355,5,1,2,1,3,76231,M,4928485.0,100547.0,76
201500033772,15,9,17,1535,1,2,2,1,7,76498,M,4942995.0,106172.0,76
201500033773,15,11,2,1350,1,2,1,1,3,76540,M,4943364.0,110716.0,76
201500033774,15,11,10,750,1,2,4,1,6,76212,M,4944068.0,114567.0,76
201500033775,15,11,10,900,1,2,1,1,3,76540,M,4945225.0,109791.0,76
201500033776,15,11,10,1422,1,2,2,1,6,76681,M,4942596.0,109337.0,76
201500033777,15,11,10,1310,1,1,2,1,2,76681,M,4942162.0,110647.0,76
201500033778,15,11,8,1125,1,2,4,1,3,76540,M,4943786.0,110526.0,76
201500033779,15,11,10,1120,1,2,6,1,6,76681,M,4941196.0,107342.0,76
201500033780,15,11,16,1400,1,2,1,1,6,76108,M,4947706.0,112742.0,76
201500033781,15,11,8,1520,1,2,6,1,3,76540,M,4943459.0,107171.0,76
201500033782,15,11,18,1805,5,2,1,1,3,76216,M,4947712.0,104769.0,76
201500033783,15,10,26,1150,1,2,1,1,3,76540,M,4943492.0,107400.0,76
201500033784,15,11,19,955,1,2,3,1,3,76497,M,4938384.0,102361.0,76
201500033785,15,9,29,1840,1,1,1,1,2,76212,M,4945280.0,114513.0,76
201500033786,15,11,26,810,2,2,6,2,6,76216,M,4946288.0,104887.0,76
201500033787,15,11,30,1450,1,2,1,1,6,76108,M,4945770.0,109453.0,76
201500033788,15,11,28,1445,1,2,1,1,3,76575,M,4938083.0,110327.0,76
201500033789,15,12,2,1830,5,2,2,1,3,76108,M,4947025.0,111786.0,76
201500033790,15,12,6,200,5,2,1,1,6,76540,M,4944080.0,109771.0,76
201500033791,15,12,5,225,4,1,1,1,6,76540,M,4945931.0,114345.0,76
201500033792,15,10,25,1125,1,2,1,1,6,76540,M,4943639.0,109981.0,76
201500033793,15,12,6,515,5,1,6,1,6,76108,M,4948255.0,113307.0,76
201500033794,15,12,9,1920,5,2,2,1,2,76322,M,4941184.0,104742.0,76
201500033795,15,12,12,1410,1,2,1,1,6,76157,M,4944558.0,103034.0,76
201500033796,15,12,6,1445,1,2,1,1,2,76322,M,4938938.0,105615.0,76
201500033797,15,12,12,430,3,1,1,3,6,76319,M,4935156.0,102582.0,76
201500033798,15,12,9,1050,1,2,1,1,2,76322,M,4940666.0,104746.0,76
201500033799,15,12,15,1500,1,1,4,1,3,76319,M,4934508.0,101472.0,76
201500033800,15,12,15,1510,1,2,1,3,6,76575,M,4938965.0,109933.0,76
201500033801,15,12,14,2240,5,2,2,1,3,76410,M,4948234.0,104276.0,76
201500033802,15,12,15,730,5,2,3,2,6,76540,M,4944570.0,110820.0,76
201500033803,15,12,18,1020,1,1,1,1,2,76212,M,4945175.0,114521.0,76
201500033804,15,12,16,1720,5,2,3,1,6,76322,M,4940341.0,104202.0,76
201500033805,15,12,18,1600,1,1,3,1,6,76575,M,4936963.0,110733.0,76
201500033806,15,12,29,1225,1,2,2,1,3,76540,M,4945283.0,105658.0,76
201500033807,15,12,18,345,5,2,5,1,1,76216,M,4947377.0,104194.0,76
201500033808,15,1,5,1635,1,2,1,1,6,76540,M,4943164.0,108776.0,76
201500033809,15,1,4,2123,5,2,6,1,3,76005,M,4940902.0,112109.0,76
201500033810,15,1,4,2000,5,2,2,1,3,76474,M,4948469.0,104837.0,76
201500033811,15,1,8,1745,5,2,1,1,3,76540,M,4944438.0,107095.0,76
201500033812,15,1,7,745,3,1,4,5,4,76319,M,4935502.0,103159.0,76
201500033813,15,1,13,2050,5,2,2,1,3,76540,M,4943992.0,110193.0,76
201500033814,15,1,15,825,5,2,1,2,3,76540,M,4943170.0,110957.0,76
201500033815,15,1,13,1725,2,2,1,1,6,76451,M,4946267.0,107637.0,76
201500033816,15,1,16,240,5,2,1,1,7,76540,M,4943886.0,110850.0,76
201500033817,15,1,16,825,5,2,1,1,6,76484,M,4934446.0,109509.0,76
201500033818,15,1,17,120,5,2,3,9,3,76540,M,4943601.0,108690.0,76
201500033819,15,1,16,1650,1,2,3,1,2,76575,M,4940499.0,106755.0,76
201500033820,15,1,14,1400,1,2,1,1,2,76451,M,4947053.0,108269.0,76
201500033821,15,1,18,1705,5,2,2,2,6,76498,M,4942085.0,106326.0,76
201500033822,15,1,14,1735,4,2,3,1,3,76540,M,4943519.0,110501.0,76
201500033823,15,1,19,2130,5,2,1,1,3,76540,M,4943787.0,108379.0,76
201500033824,15,1,14,1300,1,2,3,1,3,76322,M,4941147.0,105293.0,76
201500033825,15,1,20,1935,5,2,6,1,6,76575,M,4938052.0,110064.0,76
201500033826,15,1,27,1640,1,2,1,1,2,76540,M,4945020.0,110354.0,76
201500033827,15,1,28,1230,1,2,5,1,3,76498,M,4943134.0,104937.0,76
201500033828,15,2,3,850,1,1,1,1,5,76319,M,4934303.0,100621.0,76
201500033829,15,2,9,810,2,2,2,1,6,76540,M,4943642.0,108160.0,76
201500033830,15,1,29,735,5,2,3,3,6,76540,M,4944542.0,108817.0,76
201500033831,15,2,14,1305,1,2,1,1,5,76540,M,4943815.0,109162.0,76
201500033832,15,2,5,1315,1,2,3,1,2,76575,M,4938844.0,108887.0,76
201500033833,15,2,15,1300,1,2,1,1,1,76540,M,4944532.0,113168.0,76
201500033834,15,2,14,1400,1,2,1,9,6,76540,M,4943800.0,109354.0,76
201500033835,15,2,8,1350,1,2,3,1,3,76498,M,4941173.0,106006.0,76
201500033836,15,2,11,1700,1,2,1,1,3,76540,M,4944768.0,106669.0,76
201500033837,15,1,30,2225,5,2,1,1,2,76322,M,4941671.0,104703.0,76
201500033838,15,2,15,1837,2,2,1,1,6,76681,M,4940823.0,110136.0,76
201500033839,15,3,12,845,1,2,1,1,6,77108,M,4887241.0,258951.0,77
201500033840,15,3,13,745,1,2,2,1,2,77108,M,4886763.0,257222.0,77
201500033841,15,3,18,855,1,2,1,1,6,77108,M,4887406.0,258794.0,77
201500033842,15,4,9,1835,1,2,1,1,2,77363,M,4891400.0,262997.0,77
201500033843,15,4,3,1520,1,2,6,2,6,77108,M,,,77
201500033844,15,4,21,1925,1,2,1,1,3,77108,M,4887781.0,260338.0,77
201500033845,15,5,23,1000,1,2,3,8,3,77055,M,4888302.0,262918.0,77
201500033846,15,4,21,1220,1,2,3,1,6,77108,M,4886857.0,257328.0,77
201500033847,15,6,29,2255,5,2,1,1,6,77108,M,4887957.0,258691.0,77
201500033848,15,6,22,1730,1,2,3,3,6,77108,M,4887846.0,258734.0,77
201500033849,15,7,29,1345,1,2,1,1,3,77139,M,4890940.0,260326.0,77
201500033850,15,7,28,755,2,2,9,8,3,77108,M,4887004.0,257542.0,77
201500033851,15,8,18,1305,1,2,1,1,6,77108,M,4887018.0,258392.0,77
201500033852,15,8,30,1845,1,2,1,1,6,77108,M,4888320.0,259066.0,77
201500033853,15,8,12,1715,1,2,1,1,2,77108,M,4887107.0,258228.0,77
201500033854,15,7,20,1550,1,2,1,1,6,77108,M,4887700.0,258551.0,77
201500033855,15,10,2,1305,1,2,1,1,3,77108,M,4886867.0,257337.0,77
201500033856,15,10,19,1935,5,2,6,1,6,77108,M,4886551.0,256412.0,77
201500033857,15,11,11,1225,1,2,3,1,6,77108,M,4888483.0,261825.0,77
201500033858,15,11,21,130,5,2,6,3,6,77108,M,4888437.0,261426.0,77
201500033859,15,12,18,1815,2,1,1,2,1,77517,M,,,77
201500033860,15,12,23,1645,1,2,1,1,6,77108,M,4887010.0,258368.0,77
201500033861,15,1,8,1805,5,1,1,1,6,77108,M,4888092.0,259876.0,77
201500033862,15,1,16,2110,5,2,1,2,6,77108,M,4887018.0,258483.0,77
201500033863,15,1,21,1415,1,1,1,1,2,77108,M,4887195.0,259618.0,77
201500033864,15,2,9,1645,1,2,2,1,1,77108,M,4887650.0,259642.0,77
201500033865,15,2,15,1920,5,2,3,1,5,77479,M,4886907.0,263079.0,77
201500033866,15,2,4,1655,1,2,6,7,6,77108,M,4888675.0,258521.0,77
201500033867,15,2,24,1325,1,2,2,1,3,77139,M,4890856.0,259063.0,77
201500033868,15,2,28,2000,5,2,2,1,3,77108,M,4887568.0,259628.0,77
201500033869,15,4,15,1850,1,1,1,1,1,77132,M,4888094.0,278264.0,77
201500033870,15,8,5,1515,1,1,1,1,6,77449,M,,,77
201500033871,15,12,24,1310,1,2,1,1,6,77111,M,4888077.0,276243.0,77
201500033872,15,7,1,115,5,2,1,1,2,77307,M,4887790.0,274287.0,77
201500033873,15,11,27,1615,1,1,1,1,3,77307,M,,,77
201500033874,15,12,11,1720,1,2,1,1,6,77132,M,4889870.0,278776.0,77
201500033875,15,1,11,1740,5,1,1,1,4,77320,M,4881410.0,307220.0,77
201500033876,15,3,6,1905,3,1,1,1,4,77131,M,4881559.0,310974.0,77
201500033877,15,1,14,1005,1,2,1,2,6,77131,M,4881565.0,308462.0,77
201500033878,15,3,7,1045,1,2,1,7,6,77131,M,4880775.0,308331.0,77
201500033879,15,2,14,1550,1,1,1,2,7,77371,M,4882123.0,301973.0,77
201500033880,15,3,24,1745,1,1,2,2,3,77013,M,4884350.0,308832.0,77
201500033881,15,3,24,1855,5,2,3,2,3,77131,M,4882457.0,309473.0,77
201500033882,15,2,23,1327,1,2,2,1,3,77070,M,4881137.0,313249.0,77
201500033883,15,2,24,1410,1,2,9,1,6,77131,M,4882061.0,309453.0,77
201500033884,15,3,25,2110,4,2,3,1,7,77371,M,4881539.0,299465.0,77
201500033885,15,3,27,930,1,1,1,1,3,77433,M,4879250.0,306802.0,77
201500033886,15,5,4,1540,1,2,1,1,6,77131,M,4882730.0,308236.0,77
201500033887,15,5,19,940,1,1,3,1,3,77320,M,4881742.0,305591.0,77
201500033888,15,6,25,1955,1,2,1,1,2,77070,M,4879026.0,312163.0,77
201500033889,15,7,2,1830,1,1,3,1,3,77320,M,4881689.0,305856.0,77
201500033890,15,8,15,1001,1,2,3,2,3,77131,M,4880877.0,310128.0,77
201500033891,15,9,6,606,5,2,2,1,3,77070,M,4878948.0,312408.0,77
201500033892,15,8,29,1625,1,1,2,1,3,77371,M,4883600.0,298781.0,77