Num_Acc,an,mois,jour,hrmn,lum,agg,int,atm,col,com,gps,lat,long,dep
201500033893,15,9,21,1330,1,1,1,1,1,77433,M,4879289.0,306859.0,77
201500033894,15,9,15,1500,1,1,1,1,6,77400,M,4876489.0,303155.0,77
201500033895,15,10,8,1010,1,2,1,8,6,77131,M,4881300.0,308408.0,77
201500033896,15,10,29,1835,5,2,1,1,6,77131,M,4881288.0,308455.0,77
201500033897,15,11,22,1825,3,1,3,1,1,77131,M,4882595.0,308724.0,77
201500033898,15,12,11,2335,5,2,1,1,2,77131,M,4881347.0,307400.0,77
201500033899,15,12,21,1840,5,2,3,2,6,77131,M,4881250.0,308327.0,77
201500033900,15,1,17,1015,1,1,1,1,6,77186,M,4840489.0,269763.0,77
201500033901,15,12,11,1825,3,1,1,1,7,77186,M,4839538.0,277008.0,77
201500033902,15,1,17,1755,3,2,1,2,7,77186,M,4840387.0,270046.0,77
201500033903,15,12,16,2100,3,1,1,1,1,77186,M,4849323.0,264433.0,77
201500033904,15,1,20,1830,5,2,2,1,6,77014,M,4841490.0,271840.0,77
201500033905,15,12,17,1750,3,1,1,1,2,77186,M,4848505.0,266556.0,77
201500033906,15,3,3,1700,1,1,4,1,7,77186,M,4841734.0,262083.0,77
201500033907,15,3,5,1650,1,1,1,1,6,77186,M,4844956.0,267040.0,77
201500033908,15,4,6,1505,1,1,6,1,3,77186,M,4843065.0,266132.0,77
201500033909,15,4,6,1650,1,1,1,1,3,77186,M,4835623.0,276146.0,77
201500033910,15,4,12,1150,1,2,1,1,6,77186,M,4841281.0,271107.0,77
201500033911,15,4,16,735,1,1,2,1,5,77186,M,4848084.0,266693.0,77
201500033912,15,5,3,1635,1,1,1,1,3,77186,M,4840735.0,263822.0,77
201500033913,15,5,14,2015,1,1,1,1,1,77186,M,4839431.0,276007.0,77
201500033914,15,5,22,1715,1,1,2,1,5,77186,M,4837654.0,273972.0,77
201500033915,15,5,31,1430,1,1,6,1,7,77186,M,4843026.0,266153.0,77
201500033916,15,6,2,2115,1,1,6,1,7,77186,M,4847448.0,267888.0,77
201500033917,15,6,5,225,3,1,1,1,7,77186,M,4840962.0,267924.0,77
201500033918,15,6,10,1515,1,1,2,1,3,77186,M,4837656.0,273962.0,77
201500033919,15,6,16,1925,1,2,1,1,6,77186,M,4840356.0,269294.0,77
201500033920,15,6,29,1205,1,2,1,1,6,77186,M,4840435.0,270051.0,77
201500033921,15,7,4,1515,1,1,1,8,6,77186,M,4837533.0,263720.0,77
201500033922,15,7,17,825,1,2,3,1,3,77186,M,4840965.0,270447.0,77
201500033923,15,8,2,2000,1,1,2,1,7,77186,M,0.0,0.0,77
201500033924,15,8,16,945,1,2,1,1,6,77226,M,4844235.0,275778.0,77
201500033925,15,10,5,815,1,1,1,1,6,77186,M,4838097.0,274526.0,77
201500033926,15,10,22,1305,1,1,1,8,2,77186,M,4841879.0,267260.0,77
201500033927,15,10,25,35,3,1,1,1,7,77186,M,4840555.0,274160.0,77
201500033928,15,11,25,1045,1,1,1,8,3,77186,M,4837542.0,263695.0,77
201500033929,15,1,7,1920,5,1,1,1,6,77243,M,4887751.0,271796.0,77
201500033930,15,4,1,1355,1,2,1,1,2,77058,M,4884194.0,270544.0,77
201500033931,15,1,16,2145,5,2,2,2,6,77243,M,4887791.0,271652.0,77
201500033932,15,2,24,1135,1,2,3,3,5,77058,M,4883198.0,271760.0,77
201500033933,15,5,15,730,1,2,1,7,6,77243,M,4887840.0,270395.0,77
201500033934,15,5,26,1740,1,2,9,1,6,77243,M,4887760.0,272901.0,77
201500033935,15,6,5,835,1,2,1,1,1,77237,M,4884296.0,275051.0,77
201500033936,15,6,26,1040,1,2,3,1,6,77243,M,4886840.0,270607.0,77
201500033937,15,7,1,1005,1,2,1,1,6,77438,M,4887013.0,267439.0,77
201500033938,15,9,24,1215,1,2,9,1,5,77181,M,4882349.0,270119.0,77
201500033939,15,9,29,1550,1,2,9,1,6,77058,M,4884086.0,271054.0,77
201500033940,15,10,6,835,1,2,1,3,2,77372,M,4888332.0,270206.0,77
201500033941,15,8,30,2025,2,2,1,1,6,77464,M,4888355.0,272420.0,77
201500033942,15,11,5,945,1,1,1,1,5,77438,M,,,77
201500033943,15,11,6,1400,1,2,1,2,1,77243,M,4887742.0,268650.0,77
201500033944,15,11,12,1745,5,2,1,1,6,77181,M,4882047.0,271508.0,77
201500033945,15,11,18,740,1,2,3,1,3,77124,M,,,77
201500033946,15,11,18,1705,2,1,1,1,3,77464,M,4890041.0,271333.0,77
201500033947,15,12,9,1325,1,2,1,1,1,77464,M,4888616.0,271736.0,77
201500033948,15,12,10,920,1,2,1,8,6,77058,M,4884115.0,270537.0,77
201500033949,15,12,17,955,1,2,1,1,3,77372,M,,,77
201500033950,15,1,20,845,1,1,1,5,2,77330,M,4894075.0,287948.0,77
201500033951,15,3,17,1805,1,2,1,1,2,77284,M,,,77
201500033952,15,3,23,1425,1,2,3,1,3,77199,M,4893756.0,296329.0,77
201500033953,15,3,25,1600,1,2,1,1,2,77284,M,4895555.0,289039.0,77
201500033954,15,3,29,2100,5,2,1,3,3,77284,M,4895690.0,292137.0,77
201500033955,15,3,31,830,1,2,1,8,2,77284,M,4895690.0,287245.0,77
201500033956,15,2,16,1945,3,1,1,1,7,77475,M,4895705.0,294752.0,77
201500033957,15,4,6,1550,1,2,1,1,6,77284,M,4896879.0,290215.0,77
201500033958,15,2,17,1030,1,2,3,2,3,77284,M,4894695.0,290350.0,77
201500033959,15,4,4,135,5,2,1,1,2,77513,M,4895522.0,286865.0,77
201500033960,15,4,13,1200,1,2,1,1,6,77475,M,4895158.0,294112.0,77
201500033961,15,4,13,1730,1,1,1,1,4,77335,M,4894950.0,286378.0,77
201500033962,15,4,14,1155,1,1,1,1,2,77284,M,4895694.0,292030.0,77
201500033963,15,4,15,1145,1,2,3,1,6,77284,M,4896265.0,287588.0,77
201500033964,15,4,15,1010,1,1,1,1,6,77513,M,,,77
201500033965,15,3,13,340,3,1,1,1,3,77335,M,4895890.0,282652.0,77
201500033966,15,5,3,125,5,2,3,2,1,77369,M,4896794.0,293083.0,77
201500033967,15,7,10,2215,3,1,1,1,3,77335,M,4895718.0,285217.0,77
201500033968,15,10,23,1240,1,2,1,1,6,77284,M,4895107.0,291666.0,77
201500033969,15,10,29,2035,3,2,1,1,6,77475,M,4896000.0,295145.0,77
201500033970,15,11,4,1650,1,1,1,2,7,77143,M,4897596.0,285989.0,77
201500033971,15,1,5,900,1,1,1,5,3,77410,M,4859211.0,272224.0,77
201500033972,15,4,7,1703,1,2,1,1,6,77288,M,4855090.0,265300.0,77
201500033973,15,1,13,1715,2,2,6,1,5,77285,M,4854897.0,264228.0,77
201500033974,15,4,14,2040,2,1,2,1,1,77152,M,4849710.0,263401.0,77
201500033975,15,4,16,1525,1,2,3,1,3,77487,M,4851950.0,269149.0,77
201500033976,15,4,13,750,1,2,2,1,6,77288,M,4853055.0,265516.0,77
201500033977,15,1,23,920,1,2,1,1,6,77152,M,4851491.0,263531.0,77
201500033978,15,4,18,2047,2,2,1,1,6,77285,M,4853220.0,263869.0,77
201500033979,15,4,20,1110,1,1,9,1,2,77288,M,4855287.0,266574.0,77
201500033980,15,5,18,1430,1,1,1,1,5,77288,M,4854570.0,267829.0,77
201500033981,15,5,26,850,1,1,1,1,5,77288,M,4854412.0,265302.0,77
201500033982,15,6,3,1525,1,2,1,1,6,77152,M,4851475.0,262038.0,77
201500033983,15,6,14,1535,1,2,2,1,6,77288,M,4854515.0,267728.0,77
201500033984,15,6,21,1620,1,2,1,1,1,77285,M,4853795.0,264983.0,77
201500033985,15,7,21,320,5,2,1,1,6,77288,M,4852660.0,265414.0,77
201500033986,15,8,8,1205,1,1,2,1,3,77306,M,4859747.0,269216.0,77
201500033987,15,9,13,1940,2,2,1,1,6,77152,M,4852638.0,264629.0,77
201500033988,15,9,23,1310,1,2,1,1,6,77288,M,4854052.0,266942.0,77
201500033989,15,10,14,1850,2,2,1,2,6,77288,M,4852791.0,265675.0,77
201500033990,15,10,20,2205,3,1,2,1,3,77394,M,,,77
201500033991,15,10,21,1515,1,2,1,1,1,77288,M,4854634.0,264683.0,77
201500033992,15,11,21,1805,5,2,2,8,6,77288,M,4852834.0,265408.0,77
201500033993,15,11,21,1825,3,1,1,2,1,77447,M,4854284.0,255112.0,77
201500033994,15,12,10,1000,1,2,1,1,3,77288,M,4853354.0,265480.0,77
201500033995,15,12,1,750,2,2,6,1,6,77285,M,4854899.0,264238.0,77
201500033996,15,12,7,730,2,2,1,1,6,77096,M,4848540.0,269666.0,77
201500033997,15,12,15,850,1,2,1,2,6,77288,M,4852563.0,265470.0,77
201500033998,15,3,2,1836,3,1,1,1,6,77495,M,,,77
201500033999,15,12,21,1405,1,1,1,1,1,77053,M,4869049.0,260583.0,77
201500034000,15,3,17,1655,1,2,1,1,1,77445,M,4861270.0,257434.0,77
201500034001,15,3,23,1350,1,1,2,1,3,77384,M,4861370.0,262343.0,77
201500034002,15,3,29,2130,5,2,6,2,6,77053,M,4867950.0,260944.0,77
201500034003,15,4,7,1405,1,2,2,1,3,77445,M,4857961.0,258565.0,77
201500034004,15,4,12,614,3,1,6,5,6,77296,M,4862146.0,260246.0,77
201500034005,15,5,13,1515,1,1,2,8,2,77384,M,,,77
201500034006,15,5,15,352,3,1,1,1,7,77180,M,4873031.0,263274.0,77
201500034007,15,6,12,1740,1,2,2,1,3,77251,M,4861422.0,253330.0,77
201500034008,15,6,17,940,1,2,3,1,3,77296,M,4863687.0,257697.0,77
201500034009,15,7,4,2245,3,1,1,1,7,77122,M,4865774.0,261001.0,77
201500034010,15,7,4,950,1,1,6,7,6,77445,M,4857298.0,259023.0,77
201500034011,15,7,10,1420,1,1,1,1,6,77053,M,4868126.0,259641.0,77
201500034012,15,7,11,1535,1,2,1,1,6,77296,M,4862738.0,258921.0,77
201500034013,15,8,23,130,3,1,1,1,7,77053,M,4868380.0,263426.0,77
201500034014,15,9,4,1944,1,2,1,1,6,77067,M,4856701.0,260550.0,77
201500034015,15,9,14,820,1,2,1,8,6,77122,M,4866231.0,257473.0,77
201500034016,15,9,18,1725,1,1,3,2,3,77067,M,4858310.0,260884.0,77
201500034017,15,10,14,815,1,1,1,1,3,77251,M,4862415.0,256458.0,77
201500034018,15,10,14,1830,2,1,1,2,3,77114,M,,,77
201500034019,15,11,9,1235,1,2,3,1,3,77445,M,4859625.0,257416.0,77
201500034020,15,11,19,1845,5,2,1,2,1,77122,M,4865250.0,256305.0,77
201500034021,15,11,20,2100,5,2,1,2,7,77495,M,4856274.0,262254.0,77
201500034022,15,11,25,751,2,2,6,3,6,77122,M,4865419.0,256594.0,77
201500034023,15,12,4,1638,1,1,1,9,1,77296,M,,,77
201500034024,15,12,3,1115,1,1,6,1,3,77053,M,4870370.0,260707.0,77
201500034025,15,12,19,1400,1,1,2,1,1,77296,M,4862470.0,256643.0,77
201500034026,15,1,23,1300,1,2,3,1,6,77053,M,4869199.0,260328.0,77
201500034027,15,1,25,900,1,1,1,1,2,77114,M,,,77
201500034028,15,1,26,2120,5,1,1,2,6,77326,M,4858541.0,254403.0,77
201500034029,15,2,5,25,3,1,1,1,1,77296,M,4861130.0,258443.0,77
201500034030,15,2,15,350,3,1,1,1,6,77114,M,,,77
201500034031,15,3,6,1800,1,2,1,1,3,77305,M,4839589.0,295438.0,77
201500034032,15,3,14,1825,1,2,3,1,6,77305,M,4839775.0,295606.0,77
201500034033,15,5,26,1120,1,2,6,1,6,77305,M,4838251.0,295441.0,77
201500034034,15,6,5,730,1,1,2,1,6,77439,M,4843587.0,300646.0,77
201500034035,15,7,20,2100,1,2,1,1,6,77305,M,4839580.0,295439.0,77
201500034036,15,8,23,800,1,1,1,1,7,77210,M,4842510.0,290802.0,77
201500034037,15,9,26,1220,1,2,1,1,6,77210,M,4838114.0,290484.0,77
201500034038,15,10,25,135,5,2,1,1,3,77172,M,4835987.0,297314.0,77
201500034039,15,10,31,1500,1,1,2,1,1,77210,M,4836120.0,288847.0,77
201500034040,15,12,22,1155,1,1,2,1,3,77194,M,4842431.0,294712.0,77
201500034041,15,1,20,1755,5,2,4,1,3,77305,M,4839026.0,295552.0,77
201500034042,15,2,2,2130,3,1,1,1,2,77172,M,4834093.0,295795.0,77
201500034043,15,2,15,1100,1,2,4,1,1,77305,M,4839030.0,295540.0,77
201500034044,15,4,14,800,1,1,6,1,3,77494,M,4841897.0,284836.0,77
201500034045,15,8,3,2005,1,1,1,1,7,77494,M,4841880.0,287245.0,77
201500034046,15,9,4,850,1,2,3,1,6,77516,M,4833330.0,288333.0,77
201500034047,15,9,4,1225,1,2,3,1,3,77166,M,4836789.0,282795.0,77
201500034048,15,9,21,1510,1,1,1,1,7,77170,M,4833563.0,277974.0,77
201500034049,15,1,19,1745,2,1,1,1,1,77494,M,4841923.0,283344.0,77
201500034050,15,2,12,1930,5,2,2,1,3,77463,M,4840890.0,278388.0,77
201500034051,15,4,4,1700,1,2,1,8,6,77333,M,4826891.0,270994.0,77
201500034052,15,6,20,1230,1,2,3,1,3,77302,M,4829887.0,270018.0,77
201500034053,15,6,26,845,1,1,1,1,7,77016,M,4820495.0,271965.0,77
201500034054,15,8,31,1530,1,2,3,1,6,77458,M,4818357.0,273550.0,77
201500034055,15,9,24,1350,1,2,6,8,7,77302,M,4830745.0,270860.0,77
201500034056,15,10,13,1732,1,2,1,1,7,77302,M,4830464.0,270378.0,77
201500034057,15,11,1,1505,1,1,1,1,5,77458,M,4818055.0,272113.0,77
201500034058,15,11,24,945,1,1,1,1,6,77458,M,4818915.0,276721.0,77
201500034059,15,12,11,2250,5,2,1,1,6,77458,M,4818603.0,273439.0,77
201500034060,15,1,17,2310,3,1,1,8,6,77156,M,4828274.0,271736.0,77
201500034061,15,1,8,1710,3,1,1,8,3,77458,M,4818058.0,272050.0,77
201500034062,15,2,14,1210,1,2,2,2,3,77431,M,4826144.0,269026.0,77
201500034063,15,3,3,850,1,2,1,1,1,77083,M,4884794.0,258557.0,77
201500034064,15,3,7,1155,1,2,3,1,6,77083,M,4883496.0,259175.0,77
201500034065,15,3,20,1900,1,1,1,1,3,77083,M,4883430.0,259850.0,77
201500034066,15,3,24,2100,3,2,1,3,6,77468,M,4884570.0,264190.0,77
201500034067,15,3,27,1745,1,2,6,1,3,77146,M,4882358.0,264059.0,77
201500034068,15,4,9,1210,1,1,3,1,2,77121,M,4882727.0,267475.0,77
201500034069,15,4,22,1225,1,2,2,1,2,77337,M,4884711.0,261350.0,77
201500034070,15,5,11,630,1,2,2,1,3,77083,M,4884993.0,257696.0,77
201500034071,15,5,11,1155,1,2,3,1,1,77258,M,4883855.0,264722.0,77
201500034072,15,5,18,1930,1,2,1,1,6,77468,M,4885015.0,264713.0,77
201500034073,15,5,22,1810,1,2,2,1,6,77468,M,4884428.0,264935.0,77
201500034074,15,5,23,40,5,2,1,1,2,77083,M,4884400.0,258583.0,77
201500034075,15,6,6,1500,1,2,3,1,6,77337,M,4884714.0,261556.0,77
201500034076,15,6,18,1835,1,1,2,1,1,77169,M,4882610.0,261117.0,77
201500034077,15,6,19,1500,1,1,2,1,1,77169,M,4882610.0,261117.0,77
201500034078,15,7,3,1625,1,2,6,1,2,77146,M,4882852.0,264239.0,77
201500034079,15,7,4,2000,1,2,7,1,6,77169,M,4881410.0,262120.0,77
201500034080,15,7,15,1250,1,2,1,1,6,77146,M,4882521.0,265320.0,77
201500034081,15,7,21,1950,1,2,3,1,3,77337,M,4885130.0,262272.0,77
201500034082,15,7,24,1730,1,2,1,1,2,77337,M,4884470.0,261539.0,77
201500034083,15,7,28,1410,1,2,3,1,6,77468,M,4885598.0,265581.0,77
201500034084,15,8,27,1920,1,2,3,2,6,77337,M,4884370.0,261547.0,77
201500034085,15,9,23,1125,1,2,1,1,6,77146,M,4882620.0,263553.0,77
201500034086,15,9,25,2040,5,2,1,1,6,77337,M,4884510.0,261531.0,77
201500034087,15,9,29,1800,1,1,1,1,7,77083,M,4884870.0,258664.0,77
201500034088,15,9,30,550,1,2,3,1,6,77258,M,4883924.0,262473.0,77
201500034089,15,10,2,1735,1,2,9,1,3,77169,M,4881691.0,261694.0,77
201500034090,15,10,10,1930,1,2,6,1,6,77083,M,4885331.0,258376.0,77
201500034091,15,10,16,830,2,2,3,2,2,77337,M,4883890.0,262603.0,77
201500034092,15,11,7,1505,1,2,1,1,6,77083,M,4885478.0,258339.0,77
201500034093,15,11,9,1345,1,2,2,1,5,77121,M,4883560.0,267411.0,77
201500034094,15,11,27,1810,5,2,3,2,1,77083,M,4884890.0,258244.0,77
201500034095,15,12,2,1500,1,2,6,1,7,77258,M,4883237.0,264266.0,77
201500034096,15,12,12,705,5,2,2,1,2,77468,M,4884428.0,264935.0,77
201500034097,15,12,30,1915,3,1,1,1,5,77468,M,4884555.0,263986.0,77
201500034098,15,1,14,1730,5,2,6,1,6,77059,M,4884062.0,265812.0,77
201500034099,15,1,28,1525,1,2,1,1,6,77083,M,4885232.0,260158.0,77
201500034100,15,2,11,1450,1,2,3,1,6,77337,M,4884373.0,261540.0,77
201500034101,15,2,12,1820,2,2,1,1,6,77169,M,4880842.0,261855.0,77
201500034102,15,2,22,750,1,2,2,1,6,77337,M,4884372.0,261540.0,77
201500034103,15,2,23,1310,1,2,3,1,6,77468,M,4884366.0,265474.0,77
201500034104,15,12,31,2045,3,2,1,2,4,77373,M,,,77
201500034105,15,3,4,910,1,2,6,1,6,77373,M,4880454.0,262132.0,77
201500034106,15,3,1,634,5,2,1,2,6,77373,M,4877710.0,259508.0,77
201500034107,15,1,13,1045,1,2,1,1,6,77215,M,4873326.0,273849.0,77
201500034108,15,3,17,835,1,2,1,1,6,77249,M,4874520.0,259735.0,77
201500034109,15,1,20,1940,5,2,3,1,2,77373,M,4878032.0,261179.0,77
201500034110,15,4,7,2100,5,2,9,1,6,77373,M,,,77
201500034111,15,4,23,1350,1,1,1,1,7,77350,M,4876480.0,265698.0,77
201500034112,15,2,3,1910,5,2,1,1,6,77373,M,4879036.0,261361.0,77
201500034113,15,4,24,1725,1,1,6,1,2,77374,M,4879596.0,271375.0,77
201500034114,15,5,9,1900,1,2,1,1,1,77390,M,4879027.0,267512.0,77
201500034115,15,5,11,1720,1,1,1,1,3,77215,M,4875472.0,271227.0,77
201500034116,15,5,15,950,1,1,9,1,2,77350,M,4876526.0,265621.0,77
201500034117,15,3,28,2000,5,2,3,2,3,77350,M,4876260.0,266490.0,77
201500034118,15,6,2,1630,1,2,1,1,1,77390,M,4879902.0,264437.0,77
201500034119,15,6,10,520,2,2,6,1,6,77373,M,4877678.0,259546.0,77
201500034120,15,6,9,720,1,2,1,1,3,77373,M,4878314.0,261601.0,77
201500034121,15,7,4,1020,1,2,1,1,6,77350,M,4876260.0,266365.0,77
201500034122,15,7,11,1500,1,1,1,1,7,77215,M,4873360.0,272450.0,77
201500034123,15,7,20,2300,3,1,1,1,3,77350,M,4875620.0,270504.0,77
201500034124,15,7,27,2205,5,2,1,1,3,77373,M,4880398.0,261627.0,77
201500034125,15,7,27,2305,3,1,1,1,2,77350,M,4876660.0,265078.0,77
201500034126,15,8,29,630,2,2,1,1,6,77215,M,4874385.0,273202.0,77
201500034127,15,9,15,1215,1,1,1,1,1,77374,M,4880187.0,270726.0,77
201500034128,15,9,16,2000,4,2,2,1,3,77390,M,4879963.0,264260.0,77
201500034129,15,9,21,900,1,2,1,1,6,77373,M,4878050.0,259901.0,77
201500034130,15,9,10,1740,1,2,1,1,2,77390,M,4880000.0,263621.0,77
201500034131,15,9,27,2145,5,1,1,1,6,77373,M,4880058.0,260769.0,77
201500034132,15,10,3,1220,1,1,1,1,3,77350,M,,,77
201500034133,15,10,22,1155,1,2,1,1,6,77350,M,4875810.0,269463.0,77
201500034134,15,10,23,1200,1,2,3,1,6,77373,M,4879950.0,260657.0,77
201500034135,15,10,29,1115,1,2,1,1,7,77373,M,4878320.0,260122.0,77
201500034136,15,11,2,825,1,1,1,5,2,77215,M,4873500.0,274027.0,77
201500034137,15,11,2,1515,1,2,1,1,5,77350,M,4876394.0,267241.0,77
201500034138,15,11,3,920,1,1,1,1,4,77373,M,,,77
201500034139,15,11,4,1125,1,1,1,8,7,77249,M,4876132.0,261497.0,77
201500034140,15,11,5,910,1,2,1,1,3,77373,M,4879600.0,260449.0,77
201500034141,15,11,4,1150,1,2,1,8,3,77215,M,4873320.0,272275.0,77
201500034142,15,11,8,1805,3,1,1,1,5,77373,M,4877440.0,260951.0,77
201500034143,15,11,10,545,3,1,1,1,2,77215,M,4873330.0,272247.0,77
201500034144,15,11,9,1825,3,1,1,1,2,77350,M,4874365.0,270258.0,77
201500034145,15,11,9,2045,5,2,3,1,3,77373,M,4877776.0,260847.0,77
201500034146,15,11,7,1140,1,1,1,1,2,77390,M,0.0,0.0,77
201500034147,15,11,17,2215,3,2,1,1,1,77390,M,,,77
201500034148,15,11,20,2235,5,2,2,1,3,77350,M,4877413.0,267986.0,77
201500034149,15,11,20,1040,1,2,1,2,6,77350,M,4875790.0,269959.0,77
201500034150,15,11,25,1030,1,2,1,2,3,77373,M,4877902.0,260825.0,77
201500034151,15,11,24,1720,5,2,1,2,6,77373,M,4879233.0,260418.0,77
201500034152,15,12,1,515,3,1,1,1,3,77374,M,4880555.0,271083.0,77
201500034153,15,12,1,1325,1,1,1,1,5,77373,M,,,77
201500034154,15,12,20,345,3,1,1,1,6,77215,M,,,77
201500034155,15,12,22,1730,5,2,1,1,3,77350,M,4875984.0,267613.0,77
201500034156,15,6,8,825,1,1,3,1,2,77459,M,4853368.0,337176.0,77
201500034157,15,6,23,1555,1,1,3,1,3,77403,M,4857371.0,331761.0,77
201500034158,15,7,1,1035,1,2,1,1,6,77379,M,4855138.0,329587.0,77
201500034159,15,7,3,655,1,1,1,1,7,77459,M,4855752.0,337371.0,77
201500034160,15,7,6,1600,1,2,6,1,7,77379,M,4855549.0,330374.0,77
201500034161,15,7,10,415,3,1,1,1,6,77459,M,4852837.0,340395.0,77
201500034162,15,9,22,1645,1,2,2,1,3,77260,M,4851409.0,324701.0,77
201500034163,15,9,30,1105,1,2,1,7,6,77379,M,4855932.0,330922.0,77
201500034164,15,11,1,1650,1,2,1,1,1,77459,M,4830000.0,314000.0,77
201500034165,15,11,4,1510,1,1,1,1,6,77532,M,4856070.0,323389.0,77
201500034166,15,11,10,1650,1,1,1,1,6,77379,M,4856231.0,329048.0,77
201500034167,15,12,15,1835,5,2,2,3,6,77379,M,4856090.0,329590.0,77
201500034168,15,1,9,1900,5,1,3,2,3,77459,M,4855160.0,331950.0,77
201500034169,15,2,21,1900,3,1,1,8,3,77379,M,4858093.0,330679.0,77
201500034170,15,3,27,1905,1,2,1,1,6,77294,M,4898023.0,261256.0,77
201500034171,15,4,6,1700,1,2,1,1,7,77294,M,4897780.0,263090.0,77
201500034172,15,4,8,2225,3,1,1,1,6,77241,M,4902474.0,270149.0,77
201500034173,15,5,6,1955,1,2,1,1,6,77118,M,4894918.0,268834.0,77
201500034174,15,5,20,2030,1,2,2,8,3,77514,M,4895037.0,260505.0,77
201500034175,15,5,21,1755,1,1,1,1,3,77118,M,4894323.0,266119.0,77
201500034176,15,5,30,720,1,1,1,1,1,77294,M,4898210.0,260475.0,77
201500034177,15,6,20,1750,1,2,1,1,6,77118,M,4893988.0,263803.0,77
201500034178,15,6,26,215,5,1,1,1,1,77294,M,4897436.0,261321.0,77
201500034179,15,7,9,1455,1,1,1,1,4,77294,M,4898890.0,261297.0,77
201500034180,15,7,19,555,2,2,6,1,6,77118,M,4893970.0,267768.0,77
201500034181,15,7,18,1310,1,1,1,1,6,77462,M,4902290.0,266581.0,77
201500034182,15,8,4,1130,1,2,3,1,3,77294,M,4896928.0,258195.0,77
201500034183,15,9,10,1830,1,2,2,1,3,77294,M,4895959.0,259001.0,77
201500034184,15,8,17,2010,1,2,2,1,1,77514,M,4895280.0,260608.0,77
201500034185,15,10,7,1830,1,1,1,8,6,77118,M,4894287.0,265519.0,77
201500034186,15,12,18,625,3,1,1,2,5,77123,M,4897664.0,266036.0,77
201500034187,15,12,28,1550,1,1,1,1,7,77123,M,,,77
201500034188,15,2,5,825,5,2,3,1,3,78092,M,,,78
201500034189,15,1,31,1720,2,2,1,2,6,78092,M,,,78
201500034190,15,11,19,1150,1,2,3,2,6,78642,M,4897759.0,196948.0,78
201500034191,15,12,5,1820,2,2,3,1,6,78498,M,4892038.0,203872.0,78
201500034192,15,3,21,2030,5,2,3,1,3,78015,M,4800000.0,200000.0,78
201500034193,15,3,1,1755,1,2,2,1,2,78498,M,,,78
201500034194,15,12,12,1630,1,2,9,1,3,78498,M,,,78
201500034195,15,3,9,1135,1,2,1,1,6,78498,M,4800000.0,200000.0,78
201500034196,15,10,8,820,1,2,1,1,6,78643,M,,,78
201500034197,15,4,2,2110,5,2,2,1,6,78498,M,,,78
201500034198,15,11,19,1840,5,2,1,2,4,78624,M,,,78
201500034199,15,3,13,1945,3,1,1,1,6,78642,M,,,78
201500034200,15,12,20,2205,5,2,1,2,1,78624,M,4800000.0,200000.0,78
201500034201,15,12,24,1800,2,2,1,1,1,78172,M,,,78
201500034202,15,4,12,1030,1,2,1,1,2,78642,M,,,78
201500034203,15,4,13,830,1,1,6,1,6,78643,M,,,78
201500034204,15,5,2,1700,1,2,1,2,6,78498,M,4892928.0,204090.0,78
201500034205,15,4,12,2250,3,1,6,1,6,78123,M,,,78
201500034206,15,4,24,1355,1,1,6,1,2,78624,M,,,78
201500034207,15,5,4,1540,1,2,9,1,6,78498,M,4893241.0,204134.0,78
201500034208,15,4,28,1125,1,2,2,1,6,78498,M,,,78
201500034209,15,4,17,950,1,1,2,1,3,78498,M,,,78
201500034210,15,4,24,1435,1,2,1,1,4,78643,M,,,78
201500034211,15,9,30,2150,3,1,1,1,6,78138,M,,,78
201500034212,15,5,11,1110,1,2,3,1,6,78498,M,4892127.0,202111.0,78
201500034213,15,12,22,1745,3,2,1,1,3,78172,M,,,78
201500034214,15,5,15,750,1,1,1,1,3,78643,M,4895982.0,198255.0,78
201500034215,15,5,26,815,1,2,2,1,3,78498,M,,,78
201500034216,15,5,6,1844,1,1,6,1,3,78643,M,4895981.0,198259.0,78
201500034217,15,5,12,1733,1,2,3,1,2,78498,M,4891816.0,202653.0,78
201500034218,15,5,7,1725,1,2,1,1,6,78498,M,4892958.0,204696.0,78
201500034219,15,5,7,833,1,2,1,1,3,78624,M,4895896.0,201748.0,78
201500034220,15,5,12,2310,5,2,1,1,6,78498,M,4893371.0,203993.0,78
201500034221,15,6,15,1830,1,2,6,1,3,78498,M,4893292.0,204338.0,78
201500034222,15,5,24,1800,1,1,1,1,1,78642,M,4899544.0,195252.0,78
201500034223,15,6,7,41,3,1,1,1,6,78643,M,,,78
201500034224,15,6,16,1850,1,1,6,1,2,78624,M,4896485.0,201329.0,78
201500034225,15,6,17,1200,1,1,1,1,6,78123,M,4893756.0,203600.0,78