Num_Acc,an,mois,jour,hrmn,lum,agg,int,atm,col,com,gps,lat,long,dep
201500034226,15,6,21,1036,1,2,2,1,6,78498,M,4893213.0,204463.0,78
201500034227,15,6,17,1155,1,2,1,1,6,78624,M,4899246.0,198887.0,78
201500034228,15,6,21,1725,1,2,1,1,6,78498,M,4891938.0,203419.0,78
201500034229,15,7,9,1220,1,2,1,1,3,78624,M,4900717.0,200735.0,78
201500034230,15,8,26,55,3,2,1,1,6,78643,M,,,78
201500034231,15,8,9,2100,1,2,3,1,3,78123,M,,,78
201500034232,15,8,5,1040,1,2,1,1,6,78498,M,,,78
201500034233,15,7,13,815,1,1,1,1,3,78624,M,4897450.0,200674.0,78
201500034234,15,8,25,1330,1,2,6,1,7,78123,M,,,78
201500034235,15,8,29,515,5,2,1,1,6,78624,M,,,78
201500034236,15,7,20,805,1,2,1,1,7,78123,M,4893700.0,201900.0,78
201500034237,15,8,14,2340,5,2,3,1,3,78123,M,4895000.0,204100.0,78
201500034238,15,9,1,1255,1,2,1,1,6,78642,M,4898104.0,197200.0,78
201500034239,15,9,4,2050,5,2,3,1,7,78123,M,4894158.0,203364.0,78
201500034240,15,9,9,850,1,2,1,1,5,78498,M,4892430.0,205273.0,78
201500034241,15,9,30,1732,1,2,3,1,6,78498,M,4893023.0,205144.0,78
201500034242,15,10,17,1250,1,2,2,1,6,78498,M,,,78
201500034243,15,10,7,1940,2,2,1,1,6,78123,M,4894541.0,203600.0,78
201500034244,15,10,20,1600,1,2,1,1,3,78498,M,4800000.0,200000.0,78
201500034245,15,10,3,1115,1,2,3,1,3,78498,M,,,78
201500034246,15,10,3,1300,1,1,1,1,6,78123,M,,,78
201500034247,15,11,7,1120,1,2,1,1,6,78498,M,,,78
201500034248,15,11,6,2000,5,2,3,1,2,78123,M,4894140.0,203222.0,78
201500034249,15,9,7,100,5,2,2,1,3,78172,M,,,78
201500034250,15,9,23,1940,1,2,1,1,1,78138,M,,,78
201500034251,15,12,22,1643,1,2,4,1,6,78498,M,4893510.0,205900.0,78
201500034252,15,12,27,2020,5,2,6,1,6,78498,M,4893352.0,204307.0,78
201500034253,15,3,1,1924,5,2,2,1,4,78498,M,,,78
201500034254,15,3,11,1725,1,2,3,1,2,78498,M,,,78
201500034255,15,3,4,1250,1,1,1,1,6,78498,M,,,78
201500034256,15,3,28,1630,1,2,1,1,4,78498,M,,,78
201500034257,15,4,15,800,1,2,1,1,3,78498,M,,,78
201500034258,15,12,19,1805,3,1,1,1,1,78397,M,,,78
201500034259,15,3,2,1100,1,1,1,1,2,78383,M,,,78
201500034260,15,11,17,1730,3,2,1,3,1,78297,M,,,78
201500034261,15,3,8,130,5,2,6,1,3,78383,M,,,78
201500034262,15,11,19,1300,1,2,1,2,5,78688,M,,,78
201500034263,15,3,12,1300,1,2,1,1,3,78208,M,,,78
201500034264,15,10,16,2055,5,2,1,1,6,78397,M,,,78
201500034265,15,3,6,2150,5,2,1,1,3,78297,M,,,78
201500034266,15,11,27,845,1,2,1,1,6,78297,M,,,78
201500034267,15,4,2,1445,1,2,1,3,4,78168,M,,,78
201500034268,15,3,10,2040,5,2,2,1,2,78621,M,,,78
201500034269,15,3,8,1625,1,1,1,1,6,78297,M,,,78
201500034270,15,3,23,900,1,2,1,1,3,78621,M,,,78
201500034271,15,4,16,1345,1,2,3,1,3,78621,M,,,78
201500034272,15,6,29,1930,2,2,1,1,7,78621,M,,,78
201500034273,15,4,26,430,5,2,1,1,2,78168,M,,,78
201500034274,15,4,12,2000,2,2,1,1,3,78397,M,,,78
201500034275,15,4,7,850,1,2,1,1,6,78168,M,,,78
201500034276,15,7,2,840,1,2,9,1,3,78168,M,,,78
201500034277,15,6,19,830,1,2,1,1,3,78208,M,,,78
201500034278,15,6,1,1610,1,2,2,1,3,78621,M,,,78
201500034279,15,8,16,2040,2,2,1,1,3,78621,M,,,78
201500034280,15,8,7,920,1,2,6,1,3,78621,M,,,78
201500034281,15,8,9,2025,1,1,9,1,2,78621,M,,,78
201500034282,15,8,27,2005,2,2,1,3,6,78383,M,,,78
201500034283,15,6,16,1850,1,2,1,1,6,78297,M,,,78
201500034284,15,7,21,1530,1,2,6,1,6,78423,M,,,78
201500034285,15,9,30,1540,1,2,2,1,3,78423,M,,,78
201500034286,15,9,11,1400,1,2,1,1,7,78208,M,,,78
201500034287,15,9,20,900,1,2,1,1,6,78621,M,,,78
201500034288,15,11,7,2320,5,2,1,1,6,78621,M,,,78
201500034289,15,11,10,1615,1,2,1,1,5,78297,M,,,78
201500034290,15,9,8,1250,1,2,1,1,6,78297,M,,,78
201500034291,15,3,14,15,5,2,1,1,2,78621,M,,,78
201500034292,15,4,8,1520,1,1,1,1,7,78383,M,,,78
201500034293,15,6,20,1945,1,2,1,1,3,78208,M,,,78
201500034294,15,1,23,1825,5,2,1,1,6,78297,M,,,78
201500034295,15,2,17,1730,1,2,1,1,7,78297,M,,,78
201500034296,15,1,2,1510,1,2,2,1,6,78311,M,,,78
201500034297,15,1,30,1755,5,2,1,1,6,78311,M,,,78
201500034298,15,3,13,1215,1,2,3,1,3,78124,M,,,78
201500034299,15,5,4,1710,1,2,2,2,6,78311,M,,,78
201500034300,15,1,12,805,2,2,1,1,6,78362,M,,,78
201500034301,15,3,3,1355,1,2,2,1,3,78362,M,4859448.0,142444.0,78
201500034302,15,1,12,1555,1,2,1,1,6,78362,M,,,78
201500034303,15,3,4,1910,5,2,1,1,6,78335,M,,,78
201500034304,15,2,21,1400,1,2,6,8,2,78361,M,,,78
201500034305,15,3,5,1500,1,2,1,1,6,78354,M,4897305.0,169267.0,78
201500034306,15,2,25,1010,1,2,6,8,6,78267,M,,,78
201500034307,15,3,6,805,1,2,2,1,3,78267,M,,,78
201500034308,15,3,21,1110,1,2,1,1,6,78267,M,,,78
201500034309,15,3,29,1655,1,2,2,2,3,78354,M,4897522.0,169219.0,78
201500034310,15,4,5,1430,1,2,1,1,7,78335,M,4897925.0,175264.0,78
201500034311,15,4,6,1615,1,2,1,1,6,78361,M,4900744.0,169722.0,78
201500034312,15,4,15,1940,1,2,2,1,3,78361,M,4899625.0,168358.0,78
201500034313,15,4,21,1735,1,2,1,1,6,78335,M,4900438.0,173678.0,78
201500034314,15,4,28,630,1,2,1,1,5,78217,M,4897061.0,180956.0,78
201500034315,15,5,24,1725,1,2,2,1,3,78217,M,4896110.0,180792.0,78
201500034316,15,6,5,1755,1,2,3,1,6,78361,M,4900090.0,169133.0,78
201500034317,15,7,1,1355,1,2,1,1,6,78361,M,4899840.0,167689.0,78
201500034318,15,7,28,1520,1,2,1,1,6,78362,M,4898600.0,169597.0,78
201500034319,15,7,10,2055,1,2,1,1,6,78335,M,4899030.0,174031.0,78
201500034320,15,8,9,2020,1,1,1,1,7,78327,M,4900438.0,184183.0,78
201500034321,15,8,10,1730,1,1,1,1,1,78361,M,4899811.0,166127.0,78
201500034322,15,8,26,825,1,2,3,1,6,78354,M,4896250.0,167911.0,78
201500034323,15,10,22,1120,1,2,1,1,6,78267,M,4898791.0,181025.0,78
201500034324,15,10,27,840,1,2,3,1,1,78267,M,,,78
201500034325,15,11,27,1655,2,2,2,1,3,78267,M,4898810.0,181022.0,78
201500034326,15,1,7,1715,2,2,9,2,2,78350,M,,,78
201500034327,15,1,22,1825,5,2,1,1,6,78502,M,,,78
201500034328,15,3,9,803,1,1,1,1,2,78238,M,,,78
201500034329,15,3,26,1440,1,2,7,2,6,78401,M,,,78
201500034330,15,3,27,1655,1,2,1,1,6,78440,M,,,78
201500034331,15,4,8,1640,1,1,1,1,7,78609,M,,,78
201500034332,15,4,8,1905,1,2,1,1,7,78440,M,,,78
201500034333,15,4,18,1940,1,2,1,1,2,78401,M,,,78
201500034334,15,4,20,1508,1,2,1,1,6,78401,M,,,78
201500034335,15,4,27,1020,1,1,1,1,1,78238,M,,,78
201500034336,15,5,9,1605,1,2,1,1,5,78440,M,,,78
201500034337,15,5,22,815,1,2,1,1,1,78401,M,,,78
201500034338,15,5,26,1345,1,2,1,1,6,78440,M,,,78
201500034339,15,5,27,1745,1,2,2,1,6,78440,M,,,78
201500034340,15,6,1,1315,1,2,1,1,4,78440,M,,,78
201500034341,15,5,16,2310,5,2,3,1,3,78401,M,,,78
201500034342,15,6,4,1725,1,2,3,1,3,78440,M,,,78
201500034343,15,6,6,1720,1,2,6,1,1,78299,M,,,78
201500034344,15,6,22,1210,1,2,1,1,6,78440,M,,,78
201500034345,15,6,27,1050,1,2,1,1,5,78440,M,,,78
201500034346,15,6,30,1800,1,2,2,1,3,78440,M,,,78
201500034347,15,7,5,1915,1,2,1,1,3,78440,M,,,78
201500034348,15,7,28,1815,1,2,1,2,6,78401,M,,,78
201500034349,15,8,26,1055,1,2,1,1,6,78401,M,,,78
201500034350,15,9,6,650,2,2,1,1,3,78638,M,,,78
201500034351,15,9,10,2015,2,2,3,1,3,78440,M,,,78
201500034352,15,9,12,1510,1,1,1,3,3,78261,M,,,78
201500034353,15,10,7,2020,5,2,1,2,4,78440,M,,,78
201500034354,15,10,12,730,2,2,1,1,5,78440,M,,,78
201500034355,15,10,13,1300,1,2,1,1,7,78029,M,,,78
201500034356,15,10,3,5,3,1,1,1,6,78638,M,,,78
201500034357,15,10,26,1530,1,2,3,1,6,78299,M,,,78
201500034358,15,10,30,1852,1,1,1,1,6,78440,M,,,78
201500034359,15,10,31,1135,1,2,6,1,6,78440,M,,,78
201500034360,15,11,7,1730,2,1,9,1,7,78227,M,,,78
201500034361,15,11,13,1615,1,2,1,1,6,78029,M,,,78
201500034362,15,12,4,1130,1,1,1,1,3,78401,M,,,78
201500034363,15,12,17,720,2,2,6,1,3,78609,M,,,78
201500034364,15,12,22,1759,5,2,2,1,7,78440,M,,,78
201500034365,15,12,30,1515,1,2,5,1,6,78440,M,,,78
201500034366,15,1,5,1740,5,2,1,5,6,78440,M,,,78
201500034367,15,1,14,1140,1,1,1,4,2,78609,M,,,78
201500034368,15,1,28,1830,5,2,1,2,7,78401,M,,,78
201500034369,15,8,29,1535,1,1,3,1,3,78238,M,,,78
201500034370,15,1,14,1345,1,2,2,1,6,78401,M,,,78
201500034371,15,1,21,830,1,2,9,1,3,78638,M,,,78
201500034372,15,2,21,523,5,2,1,1,7,78440,M,,,78
201500034373,15,2,27,1140,1,2,6,1,3,78440,M,,,78
201500034374,15,2,22,1045,1,2,1,1,2,78401,M,,,78
201500034375,15,10,31,1815,2,2,2,1,6,78490,M,,,78
201500034376,15,6,4,2130,1,2,2,1,3,78490,M,,,78
201500034377,15,12,29,1100,1,2,1,1,6,78545,M,,,78
201500034378,15,7,4,35,5,2,1,1,6,78545,M,,,78
201500034379,15,4,24,1700,1,2,1,1,2,78490,M,4883480.0,195940.0,78
201500034380,15,7,21,1902,1,2,3,1,3,78545,M,4879720.0,205769.0,78
201500034381,15,11,22,1550,1,2,1,1,6,78490,M,,,78
201500034382,15,6,19,1705,1,2,1,1,2,78545,M,,,78
201500034383,15,4,28,1615,1,2,1,1,6,78545,M,,,78
201500034384,15,12,5,1710,2,1,1,1,1,78490,M,,,78
201500034385,15,6,26,1930,1,2,3,1,3,78545,M,,,78
201500034386,15,12,8,1210,1,1,1,1,6,78674,M,,,78
201500034387,15,5,29,1600,1,2,1,1,6,78674,M,,,78
201500034388,15,8,25,1210,1,2,1,1,6,78073,M,,,78
201500034389,15,8,27,1630,1,2,1,1,2,78490,M,,,78
201500034390,15,9,17,1805,1,2,1,1,6,78545,M,,,78
201500034391,15,9,28,1500,1,2,2,1,3,78073,M,,,78
201500034392,15,9,12,1530,1,1,1,1,6,78490,M,,,78
201500034393,15,9,17,720,5,2,1,1,6,78242,M,4880991.0,204240.0,78
201500034394,15,11,30,1940,5,2,1,1,6,78073,M,,,78
201500034395,15,8,10,1230,1,2,9,1,3,78640,M,,,78
201500034396,15,12,4,1630,1,2,1,1,3,78490,M,,,78
201500034397,15,1,30,1550,1,2,3,1,3,78490,M,,,78
201500034398,15,2,13,2025,3,1,1,2,2,78674,M,,,78
201500034399,15,1,3,2340,5,2,2,1,6,78498,M,,,78
201500034400,15,1,6,850,1,1,1,1,6,78643,M,,,78
201500034401,15,1,9,1010,1,2,2,6,1,78643,M,,,78
201500034402,15,1,9,1725,5,2,1,1,6,78498,M,,,78
201500034403,15,1,11,1850,5,2,2,1,3,78498,M,,,78
201500034404,15,1,27,1625,1,2,2,1,6,78498,M,,,78
201500034405,15,1,30,525,5,2,1,6,6,78498,M,,,78
201500034406,15,2,4,1830,5,2,2,1,3,78642,M,,,78
201500034407,15,2,20,2205,1,2,2,1,3,78498,M,,,78
201500034408,15,2,22,45,5,2,2,1,3,78123,M,,,78
201500034409,15,2,23,1310,1,2,1,1,1,78643,M,,,78
201500034410,15,2,12,1820,5,2,1,1,6,78498,M,,,78
201500034411,15,2,13,1918,5,2,2,2,6,78498,M,,,78
201500034412,15,4,4,2130,3,1,1,1,1,78269,M,,,78
201500034413,15,4,7,2120,3,1,1,1,3,78486,M,,,78
201500034414,15,5,5,1920,1,2,2,1,3,78517,M,4864686.0,185558.0,78
201500034415,15,6,8,1723,1,2,3,1,3,78517,M,4864362.0,183841.0,78
201500034416,15,6,25,1315,1,2,1,1,6,78486,M,,,78
201500034417,15,6,29,750,1,2,3,1,3,78517,M,4864532.0,185558.0,78
201500034418,15,9,19,1605,1,1,1,1,6,78517,M,4864044.0,183976.0,78
201500034419,15,10,27,1405,1,1,1,1,4,78517,M,,,78
201500034420,15,10,30,1720,1,1,1,1,6,78517,M,,,78
201500034421,15,12,4,815,1,1,1,1,6,78220,M,,,78
201500034422,15,1,9,1427,1,2,1,2,2,78517,M,,,78
201500034423,15,1,18,330,3,1,1,1,7,78517,M,,,78
201500034424,15,2,25,20,3,1,1,9,3,78486,M,,,78
201500034425,15,2,23,1353,1,2,4,1,3,78545,M,,,78
201500034426,15,2,26,1010,1,2,1,2,2,78545,M,,,78
201500034427,15,2,13,837,1,2,3,1,3,78481,M,,,78
201500034428,15,7,26,1230,1,2,1,1,6,78372,M,,,78
201500034429,15,11,17,1855,2,1,1,2,1,78551,M,4891955.0,207893.0,78
201500034430,15,4,20,2200,5,2,1,1,3,78146,M,,,78
201500034431,15,11,3,1705,1,2,1,1,3,78146,M,,,78
201500034432,15,3,24,2125,3,2,1,2,3,78551,M,,,78
201500034433,15,11,6,1920,3,1,1,8,3,78551,M,,,78
201500034434,15,4,15,2115,2,2,4,1,3,78551,M,,,78
201500034435,15,3,13,2110,4,2,1,1,6,78650,M,,,78
201500034436,15,4,21,1100,1,2,2,1,1,78650,M,,,78
201500034437,15,5,27,1730,1,1,1,1,4,78551,M,,,78
201500034438,15,5,23,1525,1,2,1,1,6,78551,M,,,78
201500034439,15,4,14,1530,1,2,1,1,3,78350,M,4886140.0,212326.0,78
201500034440,15,6,16,1200,1,1,1,1,6,78251,M,,,78
201500034441,15,6,20,2315,5,1,1,1,7,78551,M,,,78
201500034442,15,4,11,1800,1,1,1,2,5,78551,M,,,78
201500034443,15,7,11,45,3,1,1,1,7,78551,M,,,78
201500034444,15,7,24,1730,1,2,1,2,6,78372,M,4887750.0,209766.0,78
201500034445,15,3,29,2100,5,2,1,2,1,78372,M,4888715.0,209935.0,78
201500034446,15,6,22,1910,1,1,1,1,1,78551,M,,,78
201500034447,15,8,12,615,2,2,3,1,3,78372,M,4887541.0,210297.0,78
201500034448,15,9,9,1220,1,2,2,1,3,78502,M,,,78
201500034449,15,9,4,1600,1,2,1,1,6,78481,M,,,78
201500034450,15,6,14,1154,1,1,1,1,3,78551,M,,,78
201500034451,15,9,14,755,2,2,1,2,3,78502,M,,,78
201500034452,15,7,18,542,5,2,3,1,3,78350,M,,,78
201500034453,15,9,26,1155,1,1,1,1,5,78551,M,,,78
201500034454,15,8,24,1350,1,2,2,2,3,78133,M,,,78
201500034455,15,10,28,1205,1,2,1,8,6,78372,M,,,78
201500034456,15,8,10,1435,1,2,9,1,3,78481,M,,,78
201500034457,15,10,28,1720,1,2,1,1,6,78502,M,4888127.0,210633.0,78
201500034458,15,10,21,910,1,1,1,1,3,78350,M,,,78
201500034459,15,9,22,1530,1,2,9,1,6,78481,M,,,78
201500034460,15,11,26,2315,3,1,1,1,1,78224,M,,,78
201500034461,15,9,28,1650,1,2,1,7,3,78551,M,,,78
201500034462,15,12,9,2355,5,2,2,1,3,78551,M,,,78
201500034463,15,11,10,1900,3,1,3,1,3,78372,M,,,78
201500034464,15,10,19,1555,1,1,2,1,3,78551,M,,,78
201500034465,15,10,27,825,1,2,7,1,3,78551,M,,,78
201500034466,15,9,6,1530,1,1,1,1,7,78481,M,,,78
201500034467,15,1,13,755,5,2,1,1,6,78367,M,,,78
201500034468,15,2,6,1950,5,2,1,1,5,78586,M,,,78
201500034469,15,9,18,1345,1,2,3,1,3,78586,M,,,78
201500034470,15,12,7,755,5,2,2,1,5,78586,M,,,78
201500034471,15,3,7,2340,5,1,3,1,3,78358,M,,,78
201500034472,15,3,2,1310,1,2,3,2,6,78586,M,,,78
201500034473,15,12,28,1900,5,2,1,1,3,78586,M,4893111.0,216425.0,78
201500034474,15,3,27,1005,1,2,1,1,6,78358,M,,,78
201500034475,15,12,21,1115,1,2,6,1,6,78586,M,4893183.0,216542.0,78
201500034476,15,3,19,1605,1,2,3,1,6,78586,M,,,78
201500034477,15,11,25,1750,5,2,8,2,6,78586,M,4894546.0,217344.0,78
201500034478,15,4,24,2315,3,2,1,2,6,78586,M,4894832.0,210193.0,78
201500034479,15,12,23,2110,5,2,3,1,3,78586,M,,,78
201500034480,15,3,7,2135,5,2,3,1,3,78586,M,,,78
201500034481,15,3,2,1730,1,2,3,1,3,78358,M,,,78
201500034482,15,12,2,1245,1,2,1,1,3,78586,M,,,78
201500034483,15,3,22,1950,5,2,3,1,6,78586,M,,,78
201500034484,15,5,18,1650,1,2,2,1,3,78124,M,4891234.0,219885.0,78
201500034485,15,12,26,1545,1,2,2,1,1,78586,M,4894834.0,219418.0,78
201500034486,15,6,1,1842,1,2,3,1,3,78124,M,4891173.0,216703.0,78
201500034487,15,4,4,2230,1,2,1,1,3,78586,M,,,78
201500034488,15,6,5,900,1,2,1,1,3,78124,M,4891608.0,217806.0,78
201500034489,15,12,11,730,5,2,1,1,6,78586,M,,,78
201500034490,15,6,20,1035,1,2,6,7,3,78586,M,,,78
201500034491,15,12,9,1725,2,2,1,1,3,78586,M,4893415.0,217501.0,78
201500034492,15,4,26,1253,1,2,4,1,6,78586,M,,,78
201500034493,15,7,4,1245,1,2,1,1,6,78586,M,,,78
201500034494,15,5,4,1340,1,2,9,1,6,78586,M,,,78
201500034495,15,6,9,936,1,2,2,1,3,78586,M,4893378.0,215114.0,78
201500034496,15,8,12,233,5,2,6,1,6,78396,M,,,78
201500034497,15,7,6,1647,1,2,1,7,3,78358,M,,,78
201500034498,15,8,25,1735,1,2,1,2,6,78311,M,4892140.0,218587.0,78
201500034499,15,8,8,1250,1,2,3,1,1,78586,M,,,78
201500034500,15,9,12,1249,1,2,2,3,6,78311,M,4893651.0,218341.0,78
201500034501,15,9,4,913,1,2,4,1,3,78311,M,4893399.0,217873.0,78
201500034502,15,9,17,1645,1,2,2,1,3,78311,M,4892321.0,217924.0,78
201500034503,15,10,13,903,1,2,1,1,6,78311,M,,,78
201500034504,15,10,9,1455,1,2,1,1,6,78311,M,4892579.0,219433.0,78
201500034505,15,10,24,1548,1,2,1,1,5,78586,M,,,78
201500034506,15,7,9,1845,1,2,1,1,3,78586,M,4894161.0,218429.0,78
201500034507,15,5,7,815,1,2,3,1,6,78586,M,,,78
201500034508,15,11,3,1755,5,2,1,1,6,78124,M,,,78
201500034509,15,6,23,1800,1,2,1,1,6,78586,M,,,78
201500034510,15,11,7,1245,1,2,5,1,1,78124,M,4891597.0,217783.0,78
201500034511,15,1,23,220,5,2,6,1,7,78586,M,,,78
201500034512,15,4,6,1430,1,2,1,1,3,78586,M,,,78
201500034513,15,7,31,1850,1,2,3,1,6,78311,M,4893056.0,219618.0,78
201500034514,15,1,19,1240,1,2,1,1,6,78640,M,,,78
201500034515,15,2,11,1630,1,2,3,1,3,78686,M,,,78
201500034516,15,2,27,1530,1,1,1,1,5,78640,M,,,78
201500034517,15,3,5,2030,5,2,3,1,3,78092,M,,,78
201500034518,15,3,6,2030,5,2,1,1,6,78126,M,,,78
201500034519,15,12,14,1545,1,2,2,1,2,78158,M,4908568.0,112746.0,78
201500034520,15,3,15,545,3,1,1,8,1,78322,M,4877600.0,215203.0,78
201500034521,15,3,19,1715,1,2,3,1,3,78322,M,4876490.0,216811.0,78
201500034522,15,12,13,1700,5,2,1,1,3,78646,M,4880225.0,212069.0,78
201500034523,15,12,16,1305,1,2,1,1,6,78646,M,4880750.0,213277.0,78
201500034524,15,3,21,1750,1,2,2,1,3,78686,M,4880140.0,216319.0,78
201500034525,15,12,23,1515,1,2,1,1,6,78646,M,4880711.0,213277.0,78
201500034526,15,4,13,1248,1,2,9,1,2,78646,M,4879443.0,214024.0,78
201500034527,15,12,30,1925,4,2,1,1,6,78158,M,,,78
201500034528,15,3,30,703,5,2,1,1,6,78524,M,4883687.0,211210.0,78
201500034529,15,5,4,1725,1,2,2,1,3,78646,M,4879629.0,213697.0,78
201500034530,15,3,6,1835,5,2,3,1,6,78686,M,4880400.0,217694.0,78
201500034531,15,5,19,1200,1,2,2,1,3,78646,M,,,78
201500034532,15,4,8,1540,1,2,1,1,4,78646,M,4885661.0,235222.0,78
201500034533,15,5,27,1837,1,2,1,1,6,78646,M,4880827.0,212721.0,78
201500034534,15,6,2,1805,1,2,1,1,3,78646,M,,,78
201500034535,15,1,12,1800,5,2,1,9,6,78646,M,4880677.0,214669.0,78
201500034536,15,1,15,1750,5,2,2,2,6,78646,M,4881097.0,213450.0,78
201500034537,15,5,18,1115,1,1,1,1,4,78524,M,,,78
201500034538,15,5,28,1752,1,2,1,1,6,78646,M,4880333.0,213036.0,78
201500034539,15,6,7,915,1,2,1,1,2,78640,M,4878170.0,218139.0,78
201500034540,15,5,8,1900,1,2,1,1,2,78092,M,,,78
201500034541,15,5,30,1700,1,2,1,1,3,78686,M,4880493.0,218091.0,78
201500034542,15,6,16,840,1,2,2,1,3,78646,M,4879719.0,201504.0,78
201500034543,15,6,19,2050,1,2,3,1,3,78646,M,4880269.0,212148.0,78
201500034544,15,6,23,745,1,2,1,7,6,78646,M,4880693.0,215104.0,78
201500034545,15,4,22,1140,1,2,2,1,6,78646,M,,,78
201500034546,15,4,10,1540,1,2,2,1,3,78126,M,4884440.0,214617.0,78
201500034547,15,6,30,1855,1,2,1,1,3,78646,M,4887129.0,231732.0,78
201500034548,15,7,7,655,1,2,1,1,5,78158,M,4882380.0,212816.0,78
201500034549,15,7,10,1055,1,2,2,1,6,78646,M,4879683.0,214241.0,78
201500034550,15,7,19,1945,1,2,1,1,2,78158,M,4882800.0,212140.0,78
201500034551,15,6,12,1805,1,2,3,1,3,78126,M,,,78
201500034552,15,7,7,720,1,2,1,1,3,78640,M,4878403.0,217365.0,78
201500034553,15,7,20,1905,1,2,3,1,3,78640,M,4878252.0,219523.0,78
201500034554,15,8,3,1855,1,2,4,1,3,78524,M,4879300.0,211076.0,78
201500034555,15,8,16,1440,1,2,1,1,3,78646,M,4879300.0,214371.0,78
201500034556,15,7,21,1015,1,2,2,1,4,78640,M,4878573.0,218866.0,78
201500034557,15,9,2,1820,1,2,1,1,3,78646,M,4885661.0,235222.0,78
201500034558,15,9,11,1410,1,2,1,1,2,78646,M,,,78
201500034559,15,9,18,1840,2,2,1,2,6,78646,M,4885661.0,235222.0,78
201500034560,15,9,18,1805,1,2,6,2,6,78158,M,4883509.0,211995.0,78
201500034561,15,9,30,1655,1,2,2,1,3,78646,M,4879629.0,213697.0,78
201500034562,15,9,30,1905,1,2,1,1,6,78640,M,4878268.0,221945.0,78
201500034563,15,10,2,2140,5,2,1,1,3,78646,M,4880562.0,213513.0,78
201500034564,15,10,8,2100,5,2,1,1,1,78640,M,,,78
201500034565,15,10,15,1540,1,2,1,1,7,78640,M,4877962.0,220429.0,78
201500034566,15,9,19,1315,1,2,1,1,5,78640,M,4877918.0,220323.0,78
201500034567,15,10,25,1840,5,2,2,1,3,78646,M,4879772.0,215302.0,78
201500034568,15,10,2,1800,1,2,1,1,3,78117,M,4885661.0,235222.0,78
201500034569,15,11,3,1755,5,2,1,1,3,78646,M,4885661.0,235222.0,78
201500034570,15,10,9,745,1,2,1,8,7,78640,M,4878548.0,221199.0,78
201500034571,15,10,27,1255,1,2,1,1,3,78646,M,4880140.0,213012.0,78
201500034572,15,11,11,1145,1,2,1,1,6,78646,M,4885661.0,235222.0,78
201500034573,15,10,23,1640,1,2,1,1,3,78092,M,4851455.0,282135.0,78
201500034574,15,11,20,845,1,2,1,2,5,78646,M,4885661.0,235222.0,78
201500034575,15,11,27,2215,5,2,1,2,6,78646,M,4879487.0,213007.0,78
201500034576,15,11,28,1525,1,2,1,1,3,78158,M,4882777.0,212039.0,78
201500034577,15,11,30,755,2,2,1,1,6,78158,M,4882777.0,212039.0,78
201500034578,15,11,28,200,5,2,2,2,3,78646,M,4880140.0,213012.0,78
201500034579,15,9,11,1430,1,2,3,1,1,78640,M,,,78
201500034580,15,1,7,1255,1,2,1,1,3,78646,M,,,78
201500034581,15,1,8,1700,5,2,6,2,7,78117,M,,,78
201500034582,15,1,12,2100,5,2,1,1,1,78646,M,,,78
201500034583,15,1,27,725,5,2,2,1,6,78646,M,,,78
201500034584,15,1,31,1745,5,1,1,1,6,78158,M,,,78
201500034585,15,2,13,1840,5,2,2,3,2,78646,M,,,78
201500034586,15,2,16,1415,1,2,1,1,6,78646,M,4880610.0,0.0,78
201500034587,15,2,19,1920,5,2,4,9,6,78646,M,,,78
201500034588,15,2,24,1005,1,2,6,1,3,78158,M,,,78
201500034589,15,3,20,1000,1,2,2,1,2,79191,M,4631125.0,-44645.0,79
201500034590,15,3,22,1925,2,2,1,1,6,79191,M,4631813.0,-39405.0,79
201500034591,15,3,24,1715,1,2,6,2,6,79191,M,4632235.0,-46684.0,79
201500034592,15,3,30,925,1,2,6,1,6,79191,M,4632594.0,-46851.0,79
201500034593,15,3,31,815,2,2,1,2,2,79081,M,4634712.0,-35778.0,79
201500034594,15,4,12,2210,5,2,1,1,6,79191,M,4631638.0,-46394.0,79
201500034595,15,4,1,1705,1,2,1,1,7,79191,M,4631631.0,-45321.0,79
201500034596,15,4,21,1750,1,2,3,1,3,79081,M,4636599.0,-37704.0,79
201500034597,15,4,23,1805,1,2,1,1,6,79191,M,4633118.0,-45682.0,79
201500034598,15,5,10,1845,1,2,1,1,1,79191,M,4632732.0,-44379.0,79
201500034599,15,6,7,430,5,2,1,1,7,79191,M,4631442.0,-48638.0,79
201500034600,15,6,8,1955,1,2,2,1,3,79191,M,4634471.0,-43842.0,79
201500034601,15,6,27,1610,1,2,1,1,6,79191,M,4632789.0,-44870.0,79
201500034602,15,7,2,1510,1,2,1,1,1,79191,M,4635568.0,-45633.0,79
201500034603,15,8,7,1550,1,2,1,1,3,79191,M,4632040.0,-47930.0,79
201500034604,15,8,11,1210,1,2,1,1,2,79191,M,4633459.0,-42817.0,79
201500034605,15,8,11,720,1,1,1,1,7,79191,M,4635376.0,-47980.0,79
201500034606,15,8,13,1025,1,2,6,1,6,79191,M,4631904.0,-49310.0,79
201500034607,15,8,16,1000,1,2,1,1,3,79191,M,4635249.0,-47904.0,79
201500034608,15,9,21,1710,1,2,1,1,3,79191,M,4633749.0,-42335.0,79
201500034609,15,9,26,2125,5,2,1,1,6,79191,M,4633488.0,-45369.0,79
201500034610,15,9,29,1530,1,2,2,1,3,79191,M,4632730.0,-51509.0,79
201500034611,15,10,3,1310,1,2,2,1,6,79081,M,4635019.0,-37336.0,79