Num_Acc,an,mois,jour,hrmn,lum,agg,int,atm,col,com,gps,lat,long,dep
201500034612,15,10,6,2005,5,2,3,2,2,79191,M,4631483.0,-46573.0,79
201500034613,15,10,12,1820,1,2,3,1,3,79191,M,4633099.0,-42056.0,79
201500034614,15,10,7,2320,5,2,2,1,3,79191,M,4631212.0,-47878.0,79
201500034615,15,10,20,1925,5,2,3,1,3,79191,M,4632711.0,-45810.0,79
201500034616,15,12,2,2210,5,2,2,1,2,79191,M,4632015.0,-48623.0,79
201500034617,15,1,4,1105,1,2,1,1,7,79191,M,4631168.0,-47935.0,79
201500034618,15,1,8,1345,1,2,2,2,3,79191,M,4632651.0,-48578.0,79
201500034619,15,1,31,1825,5,2,1,3,6,79191,M,4631681.0,-43683.0,79
201500034620,15,3,4,1555,1,2,1,1,3,79191,M,4631697.0,-44420.0,79
201500034621,15,1,22,815,2,2,1,1,7,79191,M,4632731.0,-44894.0,79
201500034622,15,1,27,1830,3,2,1,1,4,79191,M,4631067.0,-42692.0,79
201500034623,15,12,11,1300,1,1,1,1,2,79081,M,4634062.0,-39556.0,79
201500034624,15,12,10,715,5,2,3,1,3,79191,M,4632202.0,-47663.0,79
201500034625,15,1,13,1355,1,2,2,1,3,79259,M,4696185.0,-21174.0,79
201500034626,15,3,27,1200,1,2,3,1,3,79329,M,4698822.0,-20877.0,79
201500034627,15,4,25,1645,1,2,2,1,3,79329,M,4699244.0,-21700.0,79
201500034628,15,1,27,1915,5,2,1,1,3,79329,M,4696918.0,-21721.0,79
201500034629,15,4,25,2156,3,2,1,1,6,79258,M,4696692.0,-22172.0,79
201500034630,15,1,28,1740,5,2,1,2,2,79329,M,4698678.0,-22949.0,79
201500034631,15,5,3,1610,1,2,1,1,1,79329,M,4697764.0,-19810.0,79
201500034632,15,2,14,450,5,2,1,2,6,79329,M,4697659.0,-19560.0,79
201500034633,15,2,20,855,1,1,6,8,7,79329,M,4699918.0,-19430.0,79
201500034634,15,5,15,1000,1,2,1,1,6,79329,M,4697811.0,-21226.0,79
201500034635,15,3,5,1610,1,2,1,1,6,79300,M,4699746.0,-20793.0,79
201500034636,15,5,22,1338,1,2,1,1,2,79329,M,4697462.0,-21301.0,79
201500034637,15,6,5,1005,1,2,1,1,6,79329,M,4698011.0,-21360.0,79
201500034638,15,8,11,1935,1,2,1,1,1,79329,M,,,79
201500034639,15,9,6,1215,1,2,4,1,3,79329,M,4697733.0,-20612.0,79
201500034640,15,10,12,855,1,2,4,1,6,79329,M,4697865.0,-21605.0,79
201500034641,15,10,29,1800,2,1,1,1,2,79329,M,4696957.0,-18141.0,79
201500034642,15,11,4,1855,5,1,1,1,2,79329,M,4697430.0,17932.0,79
201500034643,15,12,8,2030,5,2,1,1,6,79329,M,4697967.0,-21644.0,79
201500034644,15,12,15,915,1,1,2,1,5,79259,M,4696185.0,-21177.0,79
201500034645,15,12,12,1850,3,1,1,5,1,79258,M,4696756.0,-22452.0,79
201500034646,15,12,25,1800,5,2,6,1,3,79329,M,4697633.0,-19825.0,79
201500034647,15,3,28,200,5,2,1,8,6,80001,M,5009915.0,184069.0,80
201500034648,15,4,8,1605,1,2,5,1,3,80001,M,5010978.0,186123.0,80
201500034649,15,5,1,520,5,2,6,1,6,80001,M,5011404.0,182695.0,80
201500034650,15,6,5,1635,1,2,1,7,6,80001,M,5010402.0,184004.0,80
201500034651,15,9,7,1025,1,2,1,1,6,80001,M,5009852.0,186139.0,80
201500034652,15,10,8,1450,1,2,1,1,6,80001,M,5011179.0,183484.0,80
201500034653,15,11,11,1755,5,2,1,1,6,80001,M,5010750.0,184125.0,80
201500034654,15,11,21,1120,1,1,1,1,6,80001,M,5010332.0,183253.0,80
201500034655,15,2,4,1410,1,2,1,1,4,80001,M,5011595.0,182290.0,80
201500034656,15,2,5,1420,1,2,2,1,3,80001,M,5010267.0,186462.0,80
201500034657,15,2,8,1730,1,2,6,1,6,80001,M,5010403.0,182783.0,80
201500034658,15,2,19,2240,5,2,6,1,1,80021,M,4989894.0,229088.0,80
201500034659,15,12,26,1740,2,2,1,1,2,80261,M,4986598.0,227806.0,80
201500034660,15,2,19,1355,1,2,1,1,7,80021,M,4990888.0,230049.0,80
201500034661,15,12,26,945,1,2,2,1,7,80021,M,4988110.0,231306.0,80
201500034662,15,2,20,1405,1,2,1,2,2,80021,M,4988929.0,228146.0,80
201500034663,15,12,28,1640,2,2,1,1,7,80021,M,4987895.0,230278.0,80
201500034664,15,2,23,1525,1,2,1,1,4,80021,M,4987095.0,230405.0,80
201500034665,15,3,5,830,1,2,1,1,1,80021,M,4989017.0,228221.0,80
201500034666,15,3,7,2045,5,2,1,1,1,80021,M,4990348.0,231251.0,80
201500034667,15,3,8,2030,4,1,1,1,7,80021,M,4992063.0,232704.0,80
201500034668,15,3,12,2210,5,2,1,1,7,80021,M,4989476.0,228752.0,80
201500034669,15,3,13,1012,1,2,1,1,5,80021,M,4988326.0,230426.0,80
201500034670,15,3,14,2300,5,2,3,2,3,80021,M,4989247.0,229238.0,80
201500034671,15,3,16,1705,1,2,2,1,7,80021,M,4990210.0,230018.0,80
201500034672,15,3,16,1800,1,2,1,1,1,80021,M,4990926.0,230051.0,80
201500034673,15,3,23,1800,1,2,1,1,4,80021,M,4988591.0,227338.0,80
201500034674,15,3,27,2050,5,2,3,1,1,80021,M,4989331.0,230437.0,80
201500034675,15,4,2,1100,1,2,2,1,6,80021,M,4989380.0,229417.0,80
201500034676,15,4,10,850,1,2,1,1,3,80021,M,4989433.0,228662.0,80
201500034677,15,4,11,1355,1,2,1,1,7,80261,M,4986261.0,227961.0,80
201500034678,15,4,11,1945,1,2,1,1,7,80021,M,4990358.0,230715.0,80
201500034679,15,4,23,1705,1,1,1,1,4,80261,M,4986146.0,226716.0,80
201500034680,15,5,5,935,1,2,1,2,2,80021,M,4987470.0,226446.0,80
201500034681,15,5,5,1600,1,2,1,1,7,80021,M,4989080.0,230666.0,80
201500034682,15,5,5,2150,5,2,3,1,1,80021,M,4989533.0,230615.0,80
201500034683,15,5,6,1940,1,2,1,1,7,80021,M,4990387.0,230714.0,80
201500034684,15,5,7,1150,1,1,1,1,2,80164,M,4988472.0,237196.0,80
201500034685,15,5,9,1600,1,2,3,1,3,80021,M,4988505.0,226516.0,80
201500034686,15,5,18,1915,1,2,1,1,7,80021,M,4988747.0,230269.0,80
201500034687,15,5,21,1930,1,2,1,1,5,80021,M,4987085.0,231111.0,80
201500034688,15,5,24,2020,1,2,1,1,7,80021,M,4991363.0,230439.0,80
201500034689,15,5,26,1205,1,2,2,1,1,80021,M,4989973.0,228352.0,80
201500034690,15,5,28,1515,1,2,1,1,3,80021,M,4992705.0,228544.0,80
201500034691,15,5,30,1545,1,2,2,1,1,80021,M,4986446.0,233838.0,80
201500034692,15,6,7,1500,1,2,2,1,1,80021,M,4989155.0,229680.0,80
201500034693,15,6,8,1845,1,2,1,1,2,80021,M,4987930.0,229707.0,80
201500034694,15,6,11,1615,1,1,1,1,2,80021,M,4990328.0,224624.0,80
201500034695,15,6,11,2305,4,1,1,1,7,80021,M,4992368.0,228477.0,80
201500034696,15,6,17,740,1,2,3,1,3,80021,M,4990064.0,226944.0,80
201500034697,15,6,18,815,1,2,3,2,3,80021,M,4988473.0,230035.0,80
201500034698,15,7,11,1225,1,2,1,1,4,80021,M,4990240.0,229624.0,80
201500034699,15,7,8,1830,1,2,1,1,6,80021,M,4991062.0,231149.0,80
201500034700,15,6,25,750,1,2,6,1,3,80021,M,4989871.0,229026.0,80
201500034701,15,6,26,1515,1,2,1,1,1,80131,M,4986634.0,236470.0,80
201500034702,15,6,27,1745,2,2,2,1,3,80021,M,4987535.0,228169.0,80
201500034703,15,6,29,1710,1,2,1,1,2,80021,M,4989247.0,228687.0,80
201500034704,15,6,30,830,1,2,1,1,2,80632,M,4987993.0,225609.0,80
201500034705,15,7,1,950,1,2,3,1,7,80021,M,4990452.0,230694.0,80
201500034706,15,7,1,1350,1,2,2,1,3,80021,M,4990258.0,230271.0,80
201500034707,15,7,3,855,1,2,1,1,3,80021,M,4987503.0,227650.0,80
201500034708,15,7,3,1600,1,2,1,1,6,80021,M,4991058.0,231021.0,80
201500034709,15,7,6,1130,1,2,1,1,6,80021,M,4990757.0,232072.0,80
201500034710,15,7,8,2145,2,2,1,2,7,80021,M,4991759.0,230409.0,80
201500034711,15,7,9,1050,1,2,1,1,7,80021,M,4990281.0,230398.0,80
201500034712,15,7,9,1935,1,2,1,1,7,80021,M,4987462.0,227031.0,80
201500034713,15,7,10,1630,1,2,1,1,7,80021,M,4991361.0,230409.0,80
201500034714,15,7,11,1025,1,2,6,1,3,80021,M,4987548.0,228208.0,80
201500034715,15,7,13,2355,5,2,1,1,7,80021,M,4989220.0,230794.0,80
201500034716,15,7,24,1615,1,2,1,1,1,80021,M,4991060.0,231057.0,80
201500034717,15,7,25,100,5,2,1,1,1,80021,M,4991392.0,231383.0,80
201500034718,15,7,25,210,5,2,6,1,3,80021,M,4987539.0,228169.0,80
201500034719,15,7,27,1910,1,2,1,1,7,80021,M,4988905.0,231085.0,80
201500034720,15,7,28,1545,1,2,1,1,3,80021,M,4990863.0,232008.0,80
201500034721,15,7,30,2300,5,2,6,1,1,80021,M,4989348.0,228489.0,80
201500034722,15,7,31,1240,1,2,1,1,3,80725,M,4986204.0,225607.0,80
201500034723,15,8,1,1815,1,2,6,1,1,80021,M,4991053.0,231615.0,80
201500034724,15,8,2,1850,1,2,1,1,7,80021,M,4988644.0,228698.0,80
201500034725,15,9,8,1410,1,2,2,1,7,80021,M,4989550.0,228301.0,80
201500034726,15,8,26,1645,1,2,1,1,7,80021,M,4988288.0,231211.0,80
201500034727,15,8,3,1800,1,2,1,1,1,80160,M,4985734.0,234933.0,80
201500034728,15,8,9,220,5,2,1,1,3,80021,M,4989705.0,229914.0,80
201500034729,15,8,15,1125,1,2,2,1,3,80489,M,4986870.0,235227.0,80
201500034730,15,8,16,1715,1,2,1,1,1,80021,M,4988968.0,230789.0,80
201500034731,15,8,18,1425,1,2,1,2,3,80021,M,4989907.0,230498.0,80
201500034732,15,8,19,1545,1,2,1,1,1,80021,M,4990313.0,228011.0,80
201500034733,15,8,20,2230,5,2,1,1,1,80021,M,4989620.0,227353.0,80
201500034734,15,8,22,940,1,2,1,1,1,80021,M,4990194.0,230597.0,80
201500034735,15,8,28,1635,1,2,1,1,4,80379,M,4986805.0,237695.0,80
201500034736,15,9,2,245,5,2,1,1,7,80021,M,4988691.0,228231.0,80
201500034737,15,9,10,850,1,2,6,1,3,80489,M,4986577.0,237341.0,80
201500034738,15,9,10,1305,1,2,1,1,7,80379,M,4986461.0,237879.0,80
201500034739,15,9,11,1715,1,2,1,1,2,80021,M,4988384.0,232387.0,80
201500034740,15,9,13,1830,1,2,1,8,7,80021,M,4989637.0,230221.0,80
201500034741,15,9,15,955,1,2,1,1,5,80021,M,4990391.0,230894.0,80
201500034742,15,9,16,1140,1,2,1,2,7,80021,M,4988269.0,229401.0,80
201500034743,15,9,16,1225,1,2,1,3,2,80021,M,4988345.0,232486.0,80
201500034744,15,9,17,1850,1,2,6,1,3,80489,M,4986804.0,236903.0,80
201500034745,15,9,18,840,1,2,2,1,1,80021,M,4990859.0,229157.0,80
201500034746,15,9,18,1910,1,2,1,1,3,80021,M,4989517.0,230707.0,80
201500034747,15,9,21,750,1,2,1,1,3,80725,M,4987265.0,224587.0,80
201500034748,15,9,23,2045,5,2,1,1,1,80021,M,4990059.0,226939.0,80
201500034749,15,9,24,1335,1,2,1,1,3,80021,M,4987537.0,228167.0,80
201500034750,15,9,25,1930,2,2,1,1,7,80021,M,4991058.0,231148.0,80
201500034751,15,9,27,1410,1,2,3,1,3,80021,M,4988075.0,228745.0,80
201500034752,15,9,28,2145,5,2,1,1,1,80021,M,4991042.0,229688.0,80
201500034753,15,9,29,850,1,1,1,1,5,80261,M,4986154.0,226759.0,80
201500034754,15,10,1,745,2,2,1,1,7,80021,M,4989558.0,228334.0,80
201500034755,15,10,1,2025,5,2,2,1,3,80021,M,4988155.0,228510.0,80
201500034756,15,10,2,1525,1,2,1,7,1,80021,M,4989351.0,228505.0,80
201500034757,15,10,3,1750,1,2,6,1,3,80021,M,4988650.0,227856.0,80
201500034758,15,10,4,1740,1,2,6,1,3,80021,M,4990780.0,226506.0,80
201500034759,15,10,5,855,1,2,1,1,3,80021,M,4988872.0,229673.0,80
201500034760,15,10,6,2200,5,2,2,1,3,80021,M,4990320.0,231578.0,80
201500034761,15,10,8,720,1,1,1,1,5,80021,M,4992841.0,226424.0,80
201500034762,15,10,8,1220,1,2,2,1,3,80021,M,4987459.0,226605.0,80
201500034763,15,10,9,1420,1,2,1,1,7,80021,M,4989215.0,230761.0,80
201500034764,15,8,10,1130,1,2,1,1,6,80021,M,4988843.0,229467.0,80
201500034765,15,8,30,2030,2,1,1,1,1,80724,M,4985489.0,225205.0,80
201500034766,15,10,12,1405,1,2,1,1,3,80021,M,4987479.0,227458.0,80
201500034767,15,10,13,1310,1,2,1,1,7,80021,M,4989205.0,230850.0,80
201500034768,15,10,13,1530,1,2,6,1,3,80021,M,4987428.0,231788.0,80
201500034769,15,10,13,1720,1,2,1,1,7,80021,M,4989748.0,228782.0,80
201500034770,15,10,20,1335,1,1,1,2,3,80674,M,4991570.0,235028.0,80
201500034771,15,10,22,1500,1,1,2,2,3,80724,M,4985227.0,225041.0,80
201500034772,15,10,23,745,2,2,1,1,7,80021,M,4989669.0,229783.0,80
201500034773,15,10,23,2105,5,1,6,1,7,80164,M,4990116.0,234104.0,80
201500034774,15,10,25,1120,1,2,2,1,3,80021,M,4989020.0,229080.0,80
201500034775,15,10,27,1940,5,2,2,1,7,80021,M,4988651.0,232673.0,80
201500034776,15,10,29,1833,3,1,1,1,4,80379,M,4986816.0,238257.0,80
201500034777,15,10,30,1910,3,1,2,1,3,80724,M,4985205.0,225019.0,80
201500034778,15,10,31,905,1,2,6,1,1,80021,M,4990577.0,227135.0,80
201500034779,15,11,2,920,1,2,3,5,7,80021,M,4989496.0,229907.0,80
201500034780,15,11,4,820,1,2,1,2,7,80021,M,4990788.0,231773.0,80
201500034781,15,11,4,1810,5,2,1,2,3,80021,M,4988550.0,226939.0,80
201500034782,15,11,5,1525,1,2,3,1,3,80021,M,4991438.0,225491.0,80
201500034783,15,10,30,845,1,2,1,1,3,80021,M,4990130.0,229951.0,80
201500034784,15,11,8,300,5,2,3,1,7,80021,M,4989968.0,231572.0,80
201500034785,15,11,8,1930,5,2,2,1,3,80021,M,4987762.0,228636.0,80
201500034786,15,11,10,1615,1,2,2,1,3,80021,M,4989604.0,229773.0,80
201500034787,15,11,10,800,2,2,1,1,2,80021,M,4994296.0,227297.0,80
201500034788,15,11,11,930,1,2,2,1,1,80021,M,4987542.0,228170.0,80
201500034789,15,9,30,1754,1,2,1,1,7,80632,M,4987874.0,224278.0,80
201500034790,15,11,12,2245,3,1,1,1,7,80021,M,4990191.0,223912.0,80
201500034791,15,11,13,440,5,2,2,1,1,80021,M,4993523.0,228413.0,80
201500034792,15,11,16,1340,1,2,6,1,3,80021,M,4990774.0,230377.0,80
201500034793,15,11,20,1730,5,2,2,2,3,80021,M,4988316.0,231519.0,80
201500034794,15,11,20,1635,1,2,9,2,6,80489,M,4986768.0,236938.0,80
201500034795,15,11,20,1010,1,2,1,2,7,80021,M,4991177.0,231555.0,80
201500034796,15,11,22,1555,1,2,1,1,7,80489,M,4987021.0,236964.0,80
201500034797,15,11,25,1740,5,2,6,2,2,80021,M,4989674.0,230042.0,80
201500034798,15,11,27,1130,1,2,1,1,7,80021,M,4991184.0,231552.0,80
201500034799,15,11,27,2310,3,1,6,2,7,80131,M,4985582.0,235473.0,80
201500034800,15,12,1,1745,5,2,1,1,2,80021,M,4988861.0,228974.0,80
201500034801,15,12,4,1900,5,2,2,1,3,80021,M,4989666.0,229449.0,80
201500034802,15,12,9,825,2,2,1,1,3,80021,M,4988958.0,229341.0,80
201500034803,15,12,11,1440,1,2,1,2,3,80021,M,4989436.0,230900.0,80
201500034804,15,12,15,845,1,1,6,2,6,80131,M,4986294.0,237701.0,80
201500034805,15,12,15,1720,5,2,1,2,3,80021,M,4991153.0,230264.0,80
201500034806,15,12,15,1830,3,1,1,2,4,80131,M,4984810.0,241357.0,80
201500034807,15,12,17,1645,2,1,1,1,2,80164,M,4988396.0,235151.0,80
201500034808,15,12,19,1440,1,2,3,1,3,80021,M,4990794.0,231169.0,80
201500034809,15,12,19,1205,1,2,1,1,7,80021,M,4989655.0,229197.0,80
201500034810,15,12,18,1700,5,2,3,1,3,80021,M,4987877.0,227316.0,80
201500034811,15,12,18,1740,2,2,2,1,3,80021,M,4987219.0,232207.0,80
201500034812,15,12,21,1155,1,2,1,1,2,80021,M,4993231.0,226616.0,80
201500034813,15,12,21,1700,5,2,1,2,7,80021,M,4988674.0,228071.0,80
201500034814,15,1,3,1420,1,1,1,2,3,80131,M,4984013.0,240323.0,80
201500034815,15,1,4,1950,5,2,2,1,3,80021,M,4989454.0,230934.0,80
201500034816,15,1,6,1640,2,2,1,1,7,80021,M,4987358.0,233636.0,80
201500034817,15,1,6,1430,1,2,2,1,1,80021,M,4993524.0,228413.0,80
201500034818,15,1,7,1550,1,2,1,1,7,80021,M,4991394.0,232249.0,80
201500034819,15,1,7,1740,5,2,1,8,1,80021,M,4990862.0,231276.0,80
201500034820,15,1,12,1620,1,2,2,1,3,80021,M,4988444.0,230129.0,80
201500034821,15,1,13,2210,5,2,1,1,7,80021,M,4989565.0,230481.0,80
201500034822,15,1,14,645,3,1,1,2,3,80021,M,4993122.0,232286.0,80
201500034823,15,1,15,1745,5,2,2,1,3,80021,M,4990347.0,228698.0,80
201500034824,15,1,16,1213,1,2,1,1,7,80021,M,4988910.0,229249.0,80
201500034825,15,1,17,1640,1,1,1,1,3,80261,M,4984828.0,227579.0,80
201500034826,15,1,17,1350,1,2,2,1,3,80021,M,4989414.0,228388.0,80
201500034827,15,1,18,2000,5,2,6,3,7,80021,M,4987177.0,229562.0,80
201500034828,15,1,18,1935,5,2,2,2,3,80021,M,4989230.0,230773.0,80
201500034829,15,1,19,1630,1,2,1,1,3,80021,M,4991158.0,224974.0,80
201500034830,15,1,20,600,5,2,2,2,3,80021,M,4989407.0,229307.0,80
201500034831,15,1,22,1315,1,2,3,1,3,80489,M,4987052.0,235701.0,80
201500034832,15,1,25,930,1,1,3,1,3,80131,M,4984594.0,241940.0,80
201500034833,15,1,23,1835,5,2,1,1,7,80164,M,4988793.0,234297.0,80
201500034834,15,1,27,1210,1,2,1,1,7,80021,M,4989558.0,228335.0,80
201500034835,15,1,27,745,2,2,1,1,7,80021,M,4989259.0,229253.0,80
201500034836,15,1,29,1905,5,2,1,2,7,80021,M,4988747.0,230269.0,80
201500034837,15,1,29,1725,5,2,1,2,2,80724,M,4986699.0,224888.0,80
201500034838,15,1,30,1920,5,2,1,2,3,80021,M,4990803.0,226403.0,80
201500034839,15,2,2,835,1,2,1,1,6,80021,M,4988995.0,227237.0,80
201500034840,15,2,4,1550,1,2,3,2,3,80021,M,4988279.0,231572.0,80
201500034841,15,2,5,1235,1,2,1,1,2,80261,M,4986173.0,227891.0,80
201500034842,15,2,5,1710,1,2,1,1,3,80021,M,4989138.0,231430.0,80
201500034843,15,2,7,1630,1,2,1,1,7,80021,M,4991438.0,224890.0,80
201500034844,15,2,6,1715,1,2,1,1,7,80021,M,4989823.0,229587.0,80
201500034845,15,2,7,1630,1,2,1,1,7,80021,M,4992311.0,230241.0,80
201500034846,15,2,10,915,1,2,1,1,3,80021,M,4989596.0,228977.0,80
201500034847,15,2,11,1530,1,2,1,1,6,80021,M,4991560.0,224684.0,80
201500034848,15,2,11,1555,1,2,1,1,7,80021,M,4990576.0,229284.0,80
201500034849,15,2,12,1935,2,2,1,1,3,80674,M,4989922.0,232080.0,80
201500034850,15,2,15,2150,5,2,1,1,7,80021,M,4989241.0,231251.0,80
201500034851,15,2,13,1640,1,2,1,1,7,80021,M,4988074.0,232479.0,80
201500034852,15,2,15,155,5,2,2,1,3,80021,M,4990203.0,230678.0,80
201500034853,15,2,15,200,5,1,6,1,7,80021,M,4987096.0,230704.0,80
201500034854,15,2,13,1740,5,2,1,2,7,80021,M,4989187.0,228799.0,80
201500034855,15,12,21,1850,5,2,1,1,6,81004,M,,,81
201500034856,15,5,28,1300,1,2,1,1,1,81004,M,4393054.0,214565.0,81
201500034857,15,6,15,1630,1,2,1,1,5,81004,M,4393342.0,214642.0,81
201500034858,15,6,23,1030,1,2,1,1,6,81004,M,,,81
201500034859,15,7,13,1115,1,2,1,1,1,81018,M,4395432.0,220771.0,81
201500034860,15,7,31,2040,2,2,1,1,6,81004,M,,,81
201500034861,15,8,5,1340,1,1,1,1,6,81144,M,4396658.0,219691.0,81
201500034862,15,10,23,1250,1,1,1,1,3,81004,M,4390960.0,219747.0,81
201500034863,15,11,11,1815,5,2,1,1,3,81004,M,,,81
201500034864,15,12,8,1750,5,1,1,2,6,81144,M,4395940.0,217594.0,81
201500034865,15,2,27,2035,5,2,1,1,3,81004,M,,,81
201500034866,15,3,20,1600,1,2,3,1,3,81004,M,,,81
201500034867,15,5,28,1540,1,2,1,1,1,81004,M,,,81
201500034868,15,11,13,1200,1,2,2,1,3,81060,M,,,81
201500034869,15,3,26,750,1,2,1,1,1,81033,M,,,81
201500034870,15,12,18,1130,1,2,7,1,6,81060,M,4405323.0,215453.0,81
201500034871,15,2,8,630,2,1,1,1,7,81065,M,,,81
201500034872,15,3,17,905,1,2,1,1,7,81065,M,,,81
201500034873,15,4,9,2200,5,2,3,1,3,81065,M,,,81
201500034874,15,4,13,1855,1,1,1,1,5,81065,M,,,81
201500034875,15,4,19,1050,1,1,4,3,7,81065,M,,,81
201500034876,15,5,27,1715,1,2,1,1,2,81065,M,,,81
201500034877,15,6,2,1845,1,2,3,1,3,81065,M,,,81
201500034878,15,6,10,1625,1,1,1,1,6,81065,M,,,81
201500034879,15,6,27,2015,1,1,2,1,3,81065,M,,,81
201500034880,15,7,9,750,1,2,1,1,7,81065,M,4360446.0,224483.0,81
201500034881,15,9,10,2050,5,2,3,1,3,81065,M,4360896.0,223759.0,81
201500034882,15,11,26,1730,2,2,1,1,7,81065,M,4360587.0,224529.0,81
201500034883,15,3,16,1330,1,2,1,1,6,81163,M,4330041.0,227577.0,81
201500034884,15,6,14,2155,2,2,1,1,3,81163,M,4350710.0,237814.0,81
201500034885,15,7,24,1555,1,2,1,1,6,81021,M,4349870.0,236856.0,81
201500034886,15,9,4,2330,5,2,1,1,3,81163,M,4349830.0,237606.0,81
201500034887,15,9,11,1830,1,1,1,1,1,81163,M,4300000.0,221151.0,81
201500034888,15,10,30,1715,1,2,1,1,3,81163,M,4349796.0,239221.0,81
201500034889,15,10,7,1750,1,2,1,1,3,81163,M,4348550.0,237325.0,81
201500034890,15,11,13,1730,5,2,1,1,3,81163,M,,,81
201500034891,15,2,13,2100,5,2,1,1,3,81163,M,,,81
201500034892,15,3,6,1405,1,2,1,1,3,81163,M,,,81
201500034893,15,2,5,1850,2,1,1,1,3,82033,M,,,82
201500034894,15,3,31,1235,1,2,3,1,3,82033,M,4404220.0,111146.0,82
201500034895,15,12,9,930,1,1,1,1,2,82033,M,4403430.0,118178.0,82
201500034896,15,4,9,1125,1,2,9,1,2,82033,M,4405246.0,110106.0,82
201500034897,15,5,18,2315,5,2,1,1,6,82033,M,4403317.0,112178.0,82
201500034898,15,6,2,2053,1,1,1,1,2,82033,M,,,82
201500034899,15,7,20,2200,3,1,1,1,3,82033,M,4402612.0,114372.0,82
201500034900,15,9,11,645,5,2,3,1,3,82033,M,,,82
201500034901,15,10,4,615,3,1,1,1,6,82033,M,4403400.0,117657.0,82
201500034902,15,8,18,1130,1,1,1,1,6,82033,M,,,82
201500034903,15,8,31,2000,3,1,1,6,7,82033,M,,,82
201500034904,15,11,17,1830,1,2,1,1,2,82121,M,4402161.0,135546.0,82
201500034905,15,4,1,1035,1,1,1,1,6,82121,M,4402304.0,134590.0,82
201500034906,15,12,16,1645,1,2,1,1,6,82121,M,4400781.0,136512.0,82
201500034907,15,3,16,1720,1,2,1,1,6,82121,M,4402470.0,135614.0,82
201500034908,15,12,27,1345,1,1,2,1,3,82121,M,4407075.0,136685.0,82
201500034909,15,3,20,1415,1,2,3,1,5,82121,M,4402991.0,137436.0,82
201500034910,15,3,27,1745,1,1,1,1,3,82121,M,4404440.0,131092.0,82
201500034911,15,3,30,1710,1,1,1,1,5,82121,M,4396710.0,135811.0,82
201500034912,15,4,1,1230,1,2,2,1,3,82121,M,4402589.0,135392.0,82
201500034913,15,4,20,727,1,1,1,1,7,82121,M,4399256.0,137579.0,82
201500034914,15,5,2,1119,1,2,1,1,6,82121,M,4403092.0,137375.0,82
201500034915,15,5,7,1725,1,2,1,1,6,82121,M,4401211.0,137174.0,82
201500034916,15,5,11,1815,1,2,2,1,3,82121,M,4401788.0,138599.0,82
201500034917,15,5,16,1900,1,2,1,1,3,82121,M,4401845.0,137153.0,82
201500034918,15,5,26,1735,1,2,3,1,4,82121,M,4401729.0,133785.0,82
201500034919,15,5,29,2100,1,2,3,1,3,82121,M,4401803.0,136556.0,82
201500034920,15,6,16,1400,1,2,1,1,1,82121,M,4401469.0,133981.0,82
201500034921,15,6,11,1820,1,2,1,1,2,82121,M,4401692.0,134058.0,82
201500034922,15,6,17,2255,3,1,1,1,6,82121,M,4405744.0,136023.0,82
201500034923,15,6,18,1745,1,2,1,1,6,82121,M,4401391.0,136424.0,82
201500034924,15,6,19,1050,1,2,2,1,3,82121,M,4403457.0,137259.0,82
201500034925,15,6,7,545,3,1,1,1,7,82121,M,4398452.0,133564.0,82
201500034926,15,6,28,1306,1,2,3,1,6,82121,M,4401660.0,134470.0,82
201500034927,15,7,19,725,1,2,1,1,7,82121,M,4400215.0,135889.0,82
201500034928,15,7,26,145,5,1,2,1,3,82121,M,4398918.0,130893.0,82
201500034929,15,7,29,2145,5,2,2,2,3,82121,M,4403736.0,136472.0,82
201500034930,15,9,13,750,2,1,1,1,6,82121,M,4398579.0,143069.0,82
201500034931,15,7,24,1023,1,1,1,1,1,82121,M,,,82
201500034932,15,8,14,955,1,1,1,3,1,82121,M,,,82
201500034933,15,8,20,1221,1,1,6,7,3,82121,M,4399561.0,135061.0,82
201500034934,15,8,21,1940,1,2,1,7,6,82121,M,4401890.0,136044.0,82
201500034935,15,8,30,1800,1,2,3,1,3,82121,M,4402490.0,138232.0,82
201500034936,15,8,22,840,1,1,1,1,6,82121,M,4403935.0,129793.0,82
201500034937,15,8,20,1930,1,2,1,1,6,82121,M,4401654.0,138319.0,82
201500034938,15,9,3,1515,1,1,9,1,3,82121,M,4397962.0,133444.0,82
201500034939,15,11,3,2153,3,1,1,1,6,82121,M,4397564.0,140794.0,82
201500034940,15,9,4,2200,3,1,1,1,6,82121,M,4398834.0,130715.0,82