Num_Acc,an,mois,jour,hrmn,lum,agg,int,atm,col,com,gps,lat,long,dep
201500034941,15,9,8,1812,1,2,3,1,3,82121,M,4402490.0,138228.0,82
201500034942,15,11,22,1400,1,1,1,1,1,82121,M,,,82
201500034943,15,9,22,1500,1,1,1,1,6,82121,M,4399921.0,132304.0,82
201500034944,15,9,24,720,5,2,3,1,1,82121,M,4402070.0,135528.0,82
201500034945,15,9,25,958,1,2,6,1,2,82121,M,4403898.0,138224.0,82
201500034946,15,9,25,710,5,2,3,1,3,82121,M,4404085.0,137512.0,82
201500034947,15,9,30,1725,1,1,1,1,1,82121,M,4403377.0,141928.0,82
201500034948,15,1,5,1740,2,1,1,1,3,82121,M,,,82
201500034949,15,9,29,1220,1,2,2,1,3,82121,M,4402255.0,134827.0,82
201500034950,15,12,10,1850,3,1,2,1,3,82121,M,4403695.0,142241.0,82
201500034951,15,10,5,1700,1,2,1,1,3,82121,M,4403479.0,137704.0,82
201500034952,15,10,10,135,3,1,1,1,6,82121,M,4402858.0,132096.0,82
201500034953,15,10,11,710,3,1,1,1,6,82121,M,4399765.0,131858.0,82
201500034954,15,10,23,1940,5,2,3,1,3,82121,M,4403698.0,135702.0,82
201500034955,15,10,31,1815,3,1,3,1,3,82121,M,4405349.0,129386.0,82
201500034956,15,11,6,745,2,2,2,1,3,82121,M,4401783.0,138603.0,82
201500034957,15,10,22,450,5,2,1,1,2,82121,M,4401676.0,134380.0,82
201500034958,15,1,22,1650,1,2,1,1,3,82121,M,,,82
201500034959,15,1,23,1626,1,1,1,1,1,82121,M,,,82
201500034960,15,2,2,1830,5,1,1,1,1,82121,M,,,82
201500034961,15,1,31,2050,5,2,1,1,6,82121,M,,,82
201500034962,15,2,3,1900,5,2,2,1,3,82121,M,,,82
201500034963,15,2,23,735,5,2,1,1,6,82121,M,,,82
201500034964,15,3,8,1910,5,1,1,1,6,82121,M,4399700.0,141528.0,82
201500034965,15,3,12,755,1,2,4,1,3,82121,M,4401737.0,138574.0,82
201500034966,15,2,7,2000,3,1,1,1,7,82121,M,,,82
201500034967,15,1,2,835,2,1,1,7,6,83141,M,,,83
201500034968,15,3,23,1740,1,2,6,1,6,83050,M,4353229.0,646320.0,83
201500034969,15,1,4,1050,1,2,6,1,3,83050,M,4353156.0,647393.0,83
201500034970,15,4,6,1705,1,1,3,1,3,83050,M,4351226.0,643232.0,83
201500034971,15,1,4,1210,1,1,1,1,2,83050,M,4353290.0,648683.0,83
201500034972,15,1,14,1210,1,2,1,1,6,83050,M,4353609.0,645936.0,83
201500034973,15,4,18,900,1,2,1,1,3,83050,M,,,83
201500034974,15,1,15,1510,1,2,1,1,6,83050,M,4353295.0,648240.0,83
201500034975,15,6,10,930,1,2,1,1,5,83050,M,4352940.0,644928.0,83
201500034976,15,1,16,2257,5,1,1,2,6,83141,M,,,83
201500034977,15,6,22,1605,1,2,1,1,3,83050,M,,,83
201500034978,15,2,7,1915,3,1,1,1,3,83141,M,,,83
201500034979,15,6,22,945,1,2,1,1,6,83141,M,,,83
201500034980,15,2,17,2047,5,2,1,1,6,83141,M,4350377.0,648418.0,83
201500034981,15,7,2,414,5,2,1,1,2,83050,M,4353671.0,646388.0,83
201500034982,15,2,19,1435,1,2,1,1,6,83050,M,0.0,0.0,83
201500034983,15,7,21,2300,3,1,9,1,1,83050,M,4352826.0,644152.0,83
201500034984,15,3,11,1025,1,2,1,1,6,83050,M,4353732.0,646267.0,83
201500034985,15,7,26,100,3,2,1,1,5,83050,M,4355430.0,643339.0,83
201500034986,15,8,26,855,1,2,3,1,3,83050,M,,,83
201500034987,15,9,5,1645,1,1,1,1,5,83050,M,,,83
201500034988,15,9,7,1525,1,2,3,1,3,83050,M,4352828.0,644148.0,83
201500034989,15,9,14,935,1,2,5,1,1,83050,M,,,83
201500034990,15,9,19,1440,1,2,1,1,7,83050,M,4352792.0,644343.0,83
201500034991,15,9,21,750,1,1,1,1,3,83050,M,,,83
201500034992,15,9,25,740,1,1,1,1,2,83050,M,,,83
201500034993,15,9,28,1320,1,2,1,1,6,83050,M,4352803.0,648158.0,83
201500034994,15,9,29,1135,1,2,3,1,1,83050,M,4354054.0,646883.0,83
201500034995,15,10,2,735,2,2,1,3,6,83050,M,,,83
201500034996,15,10,19,1415,1,2,1,1,3,83050,M,4353088.0,647287.0,83
201500034997,15,11,5,1940,5,2,3,1,3,83050,M,4352646.0,644858.0,83
201500034998,15,11,3,737,1,1,1,1,2,83050,M,,,83
201500034999,15,12,2,1735,5,2,1,1,6,83050,M,4353386.0,647788.0,83
201500035000,15,12,14,2030,5,2,9,1,6,83050,M,4353759.0,646243.0,83
201500035001,15,12,17,710,2,2,9,1,3,83050,M,4353153.0,647392.0,83
201500035002,15,12,14,1220,1,2,1,1,6,83050,M,4353595.0,646736.0,83
201500035003,15,12,16,735,2,2,6,1,3,83050,M,4353148.0,647381.0,83
201500035004,15,2,24,1605,1,1,1,1,6,83118,M,4343696.0,678493.0,83
201500035005,15,3,25,1013,1,2,1,1,6,83061,M,4343302.0,672989.0,83
201500035006,15,4,8,150,3,1,1,1,6,83061,M,4343958.0,670780.0,83
201500035007,15,3,23,1405,1,2,1,1,3,83061,M,4342866.0,673631.0,83
201500035008,15,4,13,1740,1,1,1,1,2,83061,M,,,83
201500035009,15,5,1,2220,5,2,1,1,6,83118,M,,,83
201500035010,15,5,3,1815,1,2,1,1,3,83118,M,,,83
201500035011,15,5,6,1135,1,1,1,1,3,83061,M,4345360.0,671286.0,83
201500035012,15,5,13,1149,1,2,1,1,1,83061,M,4346760.0,672350.0,83
201500035013,15,5,14,1620,1,1,1,1,1,83118,M,,,83
201500035014,15,5,8,1933,1,2,2,1,3,83061,M,,,83
201500035015,15,5,1,1350,1,1,1,1,1,83061,M,,,83
201500035016,15,5,10,1035,1,2,1,1,5,83061,M,,,83
201500035017,15,5,26,1233,1,2,1,8,6,83118,M,4342845.0,677237.0,83
201500035018,15,5,21,1115,1,2,6,1,3,83061,M,,,83
201500035019,15,4,30,1100,1,2,1,1,3,83061,M,4343143.0,675287.0,83
201500035020,15,6,1,1719,1,2,1,1,3,83118,M,0.0,0.0,83
201500035021,15,6,18,900,1,2,1,1,6,83118,M,4342429.0,677164.0,83
201500035022,15,6,13,545,2,2,1,1,6,83061,M,,,83
201500035023,15,7,10,2010,1,1,1,1,3,83061,M,4342543.0,671448.0,83
201500035024,15,7,15,1620,1,1,1,1,6,83061,M,4351067.0,683096.0,83
201500035025,15,7,25,1415,1,2,1,1,6,83061,M,4342626.0,675861.0,83
201500035026,15,7,26,2000,1,2,2,1,3,83118,M,4341434.0,679042.0,83
201500035027,15,6,21,1037,1,1,1,1,1,83061,M,,,83
201500035028,15,7,21,1615,1,2,1,1,3,83061,M,4340326.0,672977.0,83
201500035029,15,8,11,2055,2,1,1,1,1,83061,M,4339343.0,672817.0,83
201500035030,15,8,14,1530,1,2,1,1,2,83061,M,4343984.0,670735.0,83
201500035031,15,8,21,1155,1,2,1,1,6,83061,M,4343920.0,671837.0,83
201500035032,15,9,16,1122,1,2,1,1,6,83061,M,4342738.0,673553.0,83
201500035033,15,9,8,1750,1,2,1,1,3,83061,M,4344692.0,675798.0,83
201500035034,15,9,10,1745,1,2,1,1,6,83061,M,4343885.0,674201.0,83
201500035035,15,9,29,1740,1,2,4,1,3,83061,M,,,83
201500035036,15,9,27,925,1,1,1,1,3,83118,M,4345181.0,683367.0,83
201500035037,15,10,22,945,1,2,1,1,6,83061,M,4343211.0,673777.0,83
201500035038,15,11,16,1700,2,1,1,1,5,83061,M,4342918.0,672028.0,83
201500035039,15,11,12,1700,1,2,1,1,3,83061,M,4343150.0,673342.0,83
201500035040,15,12,1,1350,1,2,1,1,6,83061,M,4342611.0,674846.0,83
201500035041,15,12,9,1505,1,2,3,1,3,83118,M,4342219.0,676860.0,83
201500035042,15,12,10,1135,1,1,1,1,6,83118,M,4342969.0,679469.0,83
201500035043,15,11,12,1020,1,2,1,1,6,83118,M,4342389.0,675736.0,83
201500035044,15,12,1,1210,1,2,6,1,6,83061,M,4343080.0,674926.0,83
201500035045,15,2,8,825,1,2,1,1,6,83061,M,,,83
201500035046,15,2,1,1835,5,1,1,1,7,83118,M,4342568.0,680783.0,83
201500035047,15,2,26,1025,1,2,4,1,2,83118,M,,,83
201500035048,15,3,4,1530,1,2,1,1,5,83118,M,,,83
201500035049,15,1,6,655,5,1,9,1,3,83061,M,,,83
201500035050,15,3,8,1410,1,1,1,1,3,83061,M,4335286.0,671259.0,83
201500035051,15,12,31,1035,1,2,1,1,6,83069,M,4312354.0,614586.0,83
201500035052,15,3,30,2230,5,2,6,1,7,83069,M,4311469.0,611108.0,83
201500035053,15,4,4,1610,1,2,6,1,3,83069,M,4310569.0,617581.0,83
201500035054,15,4,6,1845,1,2,9,1,6,83069,M,4312052.0,613269.0,83
201500035055,15,12,21,1820,5,2,1,1,2,83069,M,4311761.0,612527.0,83
201500035056,15,4,15,1800,1,2,1,1,3,83069,M,4311094.0,616761.0,83
201500035057,15,4,23,2315,5,1,3,1,2,83069,M,4310000.0,617036.0,83
201500035058,15,4,25,2135,3,1,1,1,7,83069,M,4311452.0,617822.0,83
201500035059,15,5,3,245,5,2,1,1,3,83069,M,0.0,0.0,83
201500035060,15,5,9,2010,2,1,9,1,1,83069,M,0.0,0.0,83
201500035061,15,5,15,840,1,1,3,7,1,83069,M,0.0,0.0,83
201500035062,15,5,25,1653,1,2,3,1,3,83069,M,4311047.0,612583.0,83
201500035063,15,5,30,1935,1,2,4,1,4,83069,M,4311470.0,615624.0,83
201500035064,15,6,7,425,5,2,3,1,7,83069,M,4307470.0,615315.0,83
201500035065,15,7,5,55,5,2,1,1,1,83069,M,4308636.0,614669.0,83
201500035066,15,7,2,1140,1,1,1,1,6,83069,M,4311547.0,613330.0,83
201500035067,15,7,5,2119,2,1,1,1,5,83069,M,,,83
201500035068,15,7,5,1825,1,2,1,1,2,83069,M,4309811.0,616847.0,83
201500035069,15,7,16,1240,1,2,1,1,6,83034,M,4309519.0,607722.0,83
201500035070,15,7,25,140,5,2,1,1,7,83069,M,4312214.0,614142.0,83
201500035071,15,7,23,1920,1,1,1,1,6,83069,M,4311880.0,618620.0,83
201500035072,15,8,10,2312,5,2,1,1,6,83069,M,4311850.0,613227.0,83
201500035073,15,9,3,250,3,1,1,1,6,83069,M,4312256.0,617560.0,83
201500035074,15,9,12,1315,1,2,1,1,2,83069,M,4312443.0,613653.0,83
201500035075,15,9,14,1320,1,1,1,1,5,83069,M,4315502.0,612883.0,83
201500035076,15,9,15,2200,5,2,1,1,6,83069,M,4312622.0,610038.0,83
201500035077,15,9,17,920,1,1,1,1,2,83069,M,4308025.0,614933.0,83
201500035078,15,9,29,1740,1,2,1,1,6,83069,M,4311945.0,613198.0,83
201500035079,15,10,11,1505,1,2,9,1,2,83069,M,4308536.0,612194.0,83
201500035080,15,10,15,850,1,2,1,1,6,83069,M,4312010.0,613047.0,83
201500035081,15,10,30,935,1,1,1,1,3,83069,M,4309314.0,616350.0,83
201500035082,15,11,2,1520,1,1,2,1,3,83069,M,4313072.0,616641.0,83
201500035083,15,11,10,1703,1,2,1,1,1,83069,M,,,83
201500035084,15,1,4,2050,5,1,6,1,3,83034,M,,,83
201500035085,15,11,28,2115,3,2,1,1,1,83069,M,4319394.0,612994.0,83
201500035086,15,12,10,20,3,1,1,1,1,83069,M,4312873.0,692161.0,83
201500035087,15,12,10,1835,5,1,1,1,1,83034,M,4309586.0,606925.0,83
201500035088,15,12,18,1000,1,2,1,1,3,83069,M,4308285.0,614968.0,83
201500035089,15,1,10,2240,3,1,1,1,6,83069,M,,,83
201500035090,15,1,15,1900,3,1,1,1,1,83069,M,,,83
201500035091,15,1,13,1055,1,1,1,1,6,83034,M,,,83
201500035092,15,1,16,1100,1,2,1,1,6,83069,M,4310996.0,612527.0,83
201500035093,15,2,4,2155,5,2,6,2,7,83069,M,,,83
201500035094,15,2,20,910,1,2,1,1,6,83069,M,,,83
201500035095,15,3,14,235,3,1,1,1,6,83069,M,4312109.0,617751.0,83
201500035096,15,1,1,1845,5,2,1,1,6,83129,M,,,83
201500035097,15,3,21,2045,5,2,1,2,7,83009,M,4313864.0,575111.0,83
201500035098,15,1,30,1330,1,2,1,1,6,83129,M,4311661.0,584869.0,83
201500035099,15,3,27,2230,3,1,1,1,6,83009,M,4315352.0,576383.0,83
201500035100,15,2,2,1145,1,2,1,1,6,83129,M,,,83
201500035101,15,4,1,1900,1,2,1,6,3,83129,M,4310794.0,581472.0,83
201500035102,15,4,9,1530,1,1,6,1,3,83009,M,4314927.0,575067.0,83
201500035103,15,2,19,1610,1,2,1,1,3,83123,M,,,83
201500035104,15,4,28,2135,5,2,1,1,3,83129,M,4311325.0,584894.0,83
201500035105,15,2,17,1600,1,1,1,1,6,83129,M,,,83
201500035106,15,5,5,1740,1,2,1,1,3,83123,M,4313779.0,577501.0,83
201500035107,15,2,26,1025,1,2,1,1,3,83129,M,4309753.0,581205.0,83
201500035108,15,5,15,1030,1,2,1,1,7,83123,M,4312892.0,580361.0,83
201500035109,15,3,3,1200,1,2,1,1,7,83123,M,4312668.0,579716.0,83
201500035110,15,5,19,955,1,2,1,1,6,83009,M,4313629.0,575391.0,83
201500035111,15,5,23,1555,1,2,1,1,3,83129,M,4309727.0,582970.0,83
201500035112,15,5,20,1140,1,2,1,1,6,83129,M,4309792.0,582867.0,83
201500035113,15,6,5,1815,1,2,1,1,2,83129,M,4311110.0,581342.0,83
201500035114,15,6,3,1210,1,2,6,1,2,83009,M,4314900.0,576374.0,83
201500035115,15,6,5,1505,1,2,1,1,2,83129,M,4310450.0,581307.0,83
201500035116,15,6,13,2225,5,2,1,8,6,83129,M,4310201.0,582185.0,83
201500035117,15,6,14,2105,2,2,1,1,3,83129,M,4310505.0,581695.0,83
201500035118,15,6,14,2015,1,2,1,1,6,83123,M,4311700.0,580021.0,83
201500035119,15,6,27,1115,1,2,1,1,3,83129,M,4310812.0,583496.0,83
201500035120,15,6,29,1040,1,2,9,1,3,83129,M,4310240.0,582137.0,83
201500035121,15,7,2,2330,5,2,6,1,2,83129,M,4309485.0,584714.0,83
201500035122,15,7,6,1850,1,2,1,1,6,83123,M,4312183.0,579615.0,83
201500035123,15,6,11,2200,2,2,1,1,7,83129,M,4308552.0,582386.0,83
201500035124,15,7,8,845,1,2,9,1,6,83129,M,4309367.0,583280.0,83
201500035125,15,7,7,1605,1,2,1,1,3,83123,M,4312659.0,582129.0,83
201500035126,15,7,11,1355,1,1,3,1,7,83009,M,4315381.0,574580.0,83
201500035127,15,7,9,1945,1,2,3,1,3,83129,M,4309750.0,581718.0,83
201500035128,15,7,8,1050,1,2,1,1,2,83129,M,4309371.0,583915.0,83
201500035129,15,7,19,2130,2,2,1,1,6,83123,M,4315206.0,576417.0,83
201500035130,15,7,15,1825,1,1,1,1,1,83129,M,4310825.0,581450.0,83
201500035131,15,7,21,2100,1,2,1,1,3,83129,M,4309423.0,583690.0,83
201500035132,15,7,26,430,5,2,1,1,6,83009,M,4314080.0,574968.0,83
201500035133,15,7,27,35,5,2,1,1,2,83123,M,4312055.0,581454.0,83
201500035134,15,7,29,1900,1,2,1,1,1,83123,M,4312695.0,581988.0,83
201500035135,15,7,30,1900,1,2,1,1,7,83123,M,4311771.0,579738.0,83
201500035136,15,7,29,810,1,1,1,1,6,83009,M,4314942.0,576453.0,83
201500035137,15,8,2,820,1,2,1,1,3,83009,M,4313956.0,575584.0,83
201500035138,15,8,13,1110,1,2,1,1,6,83129,M,4310810.0,583835.0,83
201500035139,15,8,19,2050,2,2,1,1,7,83009,M,4313645.0,575309.0,83
201500035140,15,8,26,1117,1,2,1,1,6,83123,M,4312294.0,580634.0,83
201500035141,15,8,28,905,1,2,1,1,6,83129,M,4311614.0,580877.0,83
201500035142,15,9,1,1610,1,2,1,1,6,83129,M,4309430.0,583776.0,83
201500035143,15,9,5,440,5,1,1,1,7,83123,M,4312843.0,578409.0,83
201500035144,15,9,10,2100,4,2,3,1,3,83123,M,4312475.0,578911.0,83
201500035145,15,9,25,1905,1,2,1,1,6,83129,M,4310749.0,581794.0,83
201500035146,15,9,24,845,1,2,1,1,1,83129,M,4308817.0,580997.0,83
201500035147,15,10,4,315,5,2,9,2,6,83123,M,4312240.0,580153.0,83
201500035148,15,10,6,1110,1,2,1,1,6,83129,M,4309601.0,583124.0,83
201500035149,15,10,10,55,5,2,1,1,6,83129,M,4307755.0,580980.0,83
201500035150,15,10,11,1550,1,2,1,1,6,83123,M,4311633.0,580629.0,83
201500035151,15,10,11,1000,1,2,1,1,3,83123,M,4312160.0,580524.0,83
201500035152,15,10,17,2005,5,2,1,1,1,83129,M,4309781.0,582600.0,83
201500035153,15,10,27,1705,2,2,1,2,6,83123,M,4312083.0,58164.0,83
201500035154,15,10,26,1903,2,2,6,1,3,83123,M,4312165.0,579711.0,83
201500035155,15,11,2,1500,1,2,1,1,6,83129,M,4308672.0,580806.0,83
201500035156,15,11,10,1030,1,2,1,1,6,83009,M,4313531.0,574472.0,83
201500035157,15,11,17,1855,2,2,1,1,6,83123,M,4313714.0,577618.0,83
201500035158,15,11,19,1500,1,2,1,1,6,83123,M,4313145.0,584449.0,83
201500035159,15,11,20,1830,5,2,1,1,6,83009,M,4314103.0,575124.0,83
201500035160,15,11,20,1435,1,2,1,1,6,83129,M,4311204.0,581315.0,83
201500035161,15,11,24,850,1,2,1,7,6,83129,M,4309826.0,582082.0,83
201500035162,15,12,7,1600,1,2,3,8,3,83129,M,4309461.0,582337.0,83
201500035163,15,12,12,300,5,2,1,1,6,83123,M,4311969.0,581295.0,83
201500035164,15,12,13,145,5,2,1,1,6,83123,M,4312600.0,578809.0,83
201500035165,15,12,6,115,5,1,1,2,3,83129,M,4307822.0,580818.0,83
201500035166,15,12,14,2200,5,2,2,1,3,83129,M,4310825.0,581430.0,83
201500035167,15,12,18,2045,5,2,1,1,6,83129,M,,,83
201500035168,15,1,6,745,2,2,6,1,6,83126,M,,,83
201500035169,15,4,1,1610,1,2,2,6,3,83126,M,4308946.0,586881.0,83
201500035170,15,1,12,1706,2,2,1,1,3,83126,M,,,83
201500035171,15,4,6,1126,1,2,6,1,5,83126,M,,,83
201500035172,15,1,28,1350,1,2,1,1,2,83126,M,4310678.0,586992.0,83
201500035173,15,4,10,1630,1,2,3,1,3,83126,M,4310386.0,587190.0,83
201500035174,15,2,14,1645,1,2,1,3,1,83126,M,4308133.0,589175.0,83
201500035175,15,4,15,750,1,2,1,8,6,83126,M,,,83
201500035176,15,2,26,1150,1,2,2,1,3,83126,M,,,83
201500035177,15,5,12,2105,5,2,1,1,7,83126,M,,,83
201500035178,15,3,10,1120,1,2,3,1,3,83126,M,4308874.0,589894.0,83
201500035179,15,5,18,2330,3,1,1,1,7,83126,M,4309083.0,586842.0,83
201500035180,15,5,19,905,1,2,6,1,6,83126,M,4310103.0,588391.0,83
201500035181,15,5,20,1250,1,2,1,1,6,83126,M,4308322.0,589542.0,83
201500035182,15,5,26,1135,1,2,1,1,3,83126,M,4310897.0,586158.0,83
201500035183,15,5,27,1745,1,2,3,1,3,83126,M,4308905.0,589505.0,83
201500035184,15,5,29,1935,1,2,2,1,3,83126,M,4310579.0,587789.0,83
201500035185,15,6,2,1740,1,2,1,1,6,83126,M,4311460.0,586149.0,83
201500035186,15,5,28,1030,1,2,1,1,3,83126,M,4308836.0,589057.0,83
201500035187,15,6,10,900,1,1,1,1,6,83126,M,4311460.0,586166.0,83
201500035188,15,6,19,1430,1,2,1,1,5,83126,M,4310708.0,587055.0,83
201500035189,15,6,19,2040,1,2,1,1,6,83126,M,4311458.0,585591.0,83
201500035190,15,6,14,1830,1,1,1,1,3,83126,M,,,83
201500035191,15,6,23,1030,1,2,1,1,6,83126,M,4310734.0,587751.0,83
201500035192,15,6,2,1015,1,2,1,1,3,83126,M,,,83
201500035193,15,7,14,2110,1,2,1,1,7,83126,M,4310397.0,588019.0,83
201500035194,15,7,14,950,1,2,1,1,6,83126,M,4309682.0,588839.0,83
201500035195,15,7,7,1615,1,2,3,1,3,83126,M,4308879.0,589899.0,83
201500035196,15,7,16,1630,1,1,1,1,6,83126,M,4311287.0,585843.0,83
201500035197,15,8,2,1613,1,1,1,1,3,83126,M,4312011.0,585309.0,83
201500035198,15,8,5,1830,1,2,1,1,3,83126,M,4308697.0,588098.0,83
201500035199,15,8,5,1710,1,2,1,1,2,83126,M,4308117.0,589460.0,83
201500035200,15,8,25,1705,1,2,1,1,6,83126,M,4310506.0,585568.0,83
201500035201,15,10,28,1525,1,2,5,1,1,83126,M,4310765.0,587709.0,83
201500035202,15,11,3,1025,1,2,1,3,6,83126,M,4310211.0,588133.0,83
201500035203,15,11,6,1755,3,1,1,1,3,83126,M,4310704.0,587480.0,83
201500035204,15,11,14,835,1,2,1,1,2,83126,M,4310725.0,586466.0,83
201500035205,15,11,23,1610,1,1,1,1,6,83126,M,4310009.0,588073.0,83
201500035206,15,12,17,1800,5,2,1,1,3,83126,M,4310909.0,587519.0,83
201500035207,15,12,17,805,1,1,1,1,3,83126,M,4311939.0,585341.0,83
201500035208,15,12,23,1800,3,2,1,1,1,83126,M,4306158.0,586477.0,83
201500035209,15,1,3,1730,1,2,1,1,7,83137,M,4311667.0,594134.0,83
201500035210,15,1,2,1515,1,2,1,1,1,83137,M,,,83
201500035211,15,3,13,1350,1,1,1,1,7,83098,M,4310697.0,602522.0,83
201500035212,15,1,6,750,1,2,1,1,1,83098,M,4310940.0,601037.0,83
201500035213,15,3,18,151,5,2,6,8,3,83137,M,4312814.0,592913.0,83
201500035214,15,1,10,20,5,2,1,1,2,83062,M,4313935.0,602037.0,83
201500035215,15,3,17,1150,1,2,1,1,1,83137,M,4312472.0,593791.0,83
201500035216,15,1,13,1735,5,2,9,1,2,83137,M,,,83
201500035217,15,3,18,1735,1,2,1,1,2,83137,M,4312486.0,593582.0,83
201500035218,15,1,8,1200,1,2,1,1,6,83103,M,,,83
201500035219,15,3,19,850,1,2,9,1,2,83137,M,4311016.0,597744.0,83
201500035220,15,1,15,1655,1,2,2,1,6,83137,M,4312469.0,593078.0,83
201500035221,15,3,20,910,1,2,1,1,6,83090,M,4312156.0,592959.0,83
201500035222,15,1,15,1700,2,2,1,1,3,83062,M,,,83
201500035223,15,3,20,2200,5,2,1,1,6,83103,M,4317502.0,592630.0,83
201500035224,15,1,15,1825,5,2,2,1,3,83090,M,,,83
201500035225,15,3,21,1000,1,2,1,8,6,83062,M,4312575.0,594815.0,83
201500035226,15,1,16,1740,3,2,1,8,6,83137,M,4312847.0,593081.0,83
201500035227,15,3,21,1510,1,2,1,1,7,83137,M,4312840.0,592434.0,83
201500035228,15,1,21,2052,5,2,1,2,6,83137,M,,,83
201500035229,15,3,24,1720,1,2,6,2,6,83090,M,,,83
201500035230,15,1,26,1500,1,2,1,1,6,83137,M,4312715.0,598154.0,83
201500035231,15,3,24,1940,5,2,1,2,2,83137,M,4313114.0,597308.0,83
201500035232,15,1,23,1210,1,2,1,1,6,83144,M,4313608.0,598346.0,83
201500035233,15,3,27,1945,2,1,1,1,7,83090,M,,,83
201500035234,15,1,26,1445,1,2,1,1,3,83137,M,4311571.0,594209.0,83
201500035235,15,3,28,1250,1,2,3,1,3,83137,M,,,83
201500035236,15,1,27,1040,1,2,3,1,3,83137,M,4312186.0,595555.0,83
201500035237,15,4,4,1115,1,1,1,1,6,83090,M,,,83
201500035238,15,1,28,730,2,2,1,1,6,83137,M,4312322.0,592975.0,83
201500035239,15,4,7,2310,5,2,1,1,6,83137,M,4313405.0,591261.0,83
201500035240,15,1,28,745,1,2,1,1,3,83062,M,4312501.0,600511.0,83
201500035241,15,4,9,810,1,2,1,1,6,83137,M,4312808.0,596155.0,83
201500035242,15,1,31,700,5,2,1,1,6,83137,M,4312570.0,593139.0,83
201500035243,15,4,10,820,1,2,1,1,6,83137,M,4311713.0,598142.0,83
201500035244,15,1,30,940,1,2,3,1,3,83098,M,,,83
201500035245,15,4,12,1140,1,2,1,1,6,83137,M,4312562.0,593178.0,83
201500035246,15,1,12,1820,4,2,2,1,3,83137,M,,,83
201500035247,15,4,12,1528,1,2,1,1,6,83137,M,4312505.0,592636.0,83
201500035248,15,1,22,845,1,2,1,1,3,83137,M,4312275.0,595535.0,83
201500035249,15,4,14,735,1,2,6,1,3,83137,M,,,83
201500035250,15,2,3,1125,1,2,1,1,3,83137,M,4313349.0,598125.0,83
201500035251,15,4,14,1300,1,2,4,1,2,83137,M,,,83
201500035252,15,2,7,150,5,2,1,2,7,83137,M,,,83
201500035253,15,4,11,1925,1,2,3,1,7,83137,M,4311630.0,596104.0,83
201500035254,15,2,5,1245,1,2,1,2,2,83062,M,4313853.0,602175.0,83
201500035255,15,4,8,1225,1,2,1,1,6,83062,M,4312708.0,601097.0,83
201500035256,15,2,7,1910,5,2,1,2,2,83062,M,,,83
201500035257,15,4,14,1915,1,2,3,1,6,83137,M,4312839.0,590935.0,83
201500035258,15,2,12,450,3,2,3,1,6,83144,M,4322569.0,595660.0,83
201500035259,15,4,15,2217,5,2,1,1,5,83137,M,,,83
201500035260,15,1,20,550,5,2,1,3,6,83137,M,4311899.0,593470.0,83
201500035261,15,4,15,2000,5,2,1,1,3,83137,M,4312742.0,593099.0,83
201500035262,15,2,8,349,5,1,9,1,3,83144,M,,,83
201500035263,15,4,16,1205,1,2,1,1,6,83137,M,4312627.0,589939.0,83
201500035264,15,2,12,1930,5,2,1,1,6,83062,M,,,83
201500035265,15,4,18,1900,1,1,1,1,6,83137,M,,,83
201500035266,15,1,16,1930,5,2,1,2,1,83137,M,4312296.0,596399.0,83
201500035267,15,4,19,1745,1,1,1,8,6,83090,M,,,83
201500035268,15,2,20,1225,1,1,1,1,2,83137,M,,,83
201500035269,15,4,21,800,1,2,1,1,3,83137,M,4313088.0,592901.0,83
201500035270,15,2,19,2235,5,2,1,1,6,83137,M,4313666.0,591194.0,83
201500035271,15,4,20,900,1,2,1,1,2,83137,M,4312599.0,593894.0,83
201500035272,15,2,22,1050,1,2,3,1,3,83137,M,4311061.0,593224.0,83
201500035273,15,4,24,1820,1,2,1,1,6,83137,M,,,83
201500035274,15,2,24,1500,1,1,1,1,3,83090,M,4313749.0,585059.0,83
201500035275,15,5,3,2025,2,2,3,1,1,83137,M,4312830.0,590916.0,83
201500035276,15,2,25,1505,1,2,1,1,6,83137,M,4315579.0,592194.0,83
201500035277,15,4,29,1135,1,2,1,1,6,83137,M,4312225.0,593094.0,83
201500035278,15,2,25,1145,1,2,2,7,1,83137,M,,,83
201500035279,15,5,10,1000,1,2,2,1,3,83137,M,4311830.0,594583.0,83
201500035280,15,2,28,950,1,2,1,1,3,83137,M,,,83
201500035281,15,5,11,745,1,2,3,1,5,83137,M,,,83
201500035282,15,2,26,1244,1,2,1,1,3,83144,M,4313398.0,598917.0,83
201500035283,15,5,12,1140,1,1,1,1,3,83062,M,4313847.0,602719.0,83
201500035284,15,3,4,910,1,1,1,1,3,83062,M,4311476.0,604711.0,83
201500035285,15,5,13,1430,1,1,1,1,6,83137,M,4312097.0,593267.0,83
201500035286,15,2,22,1745,1,2,3,1,6,83137,M,,,83