Num_Acc,an,mois,jour,hrmn,lum,agg,int,atm,col,com,gps,lat,long,dep
201500035287,15,5,14,1415,1,2,1,1,6,83137,M,4312136.0,593883.0,83
201500035288,15,2,27,1440,1,2,1,1,6,83137,M,4312362.0,595265.0,83
201500035289,15,5,14,1445,1,2,1,1,6,83137,M,4312270.0,593670.0,83
201500035290,15,2,23,1940,5,2,1,1,6,83137,M,,,83
201500035291,15,5,16,1806,1,2,1,1,6,83137,M,4314142.0,590141.0,83
201500035292,15,3,4,940,1,2,1,1,3,83062,M,4314852.0,604115.0,83
201500035293,15,5,8,1830,1,1,1,1,2,83090,M,,,83
201500035294,15,3,12,1130,1,2,1,1,3,83144,M,4313852.0,599868.0,83
201500035295,15,5,16,1110,1,2,1,1,4,83144,M,4314308.0,598755.0,83
201500035296,15,2,18,1730,1,2,6,1,6,83137,M,4311233.0,593370.0,83
201500035297,15,5,17,1450,1,1,1,1,6,83098,M,4308698.0,603957.0,83
201500035298,15,3,3,1830,2,2,1,1,1,83137,M,4311965.0,594052.0,83
201500035299,15,5,18,810,1,2,1,1,6,83137,M,4311601.0,598096.0,83
201500035300,15,5,20,2025,1,1,1,1,1,83090,M,4312297.0,584765.0,83
201500035301,15,3,1,1205,1,2,3,2,3,83137,M,4312189.0,595562.0,83
201500035302,15,5,31,140,5,2,2,1,1,83137,M,4312626.0,593678.0,83
201500035303,15,6,2,720,1,2,1,1,4,83144,M,4313635.0,600017.0,83
201500035304,15,6,1,1945,1,1,1,1,6,83103,M,0.0,0.0,83
201500035305,15,6,2,1230,1,2,1,1,2,83137,M,4311345.0,594011.0,83
201500035306,15,6,2,1625,1,1,1,1,3,83090,M,4313574.0,587270.0,83
201500035307,15,6,3,1700,1,1,1,1,1,83062,M,4314990.0,603784.0,83
201500035308,15,6,3,1200,1,2,1,1,7,83137,M,4312155.0,593725.0,83
201500035309,15,6,6,10,3,1,1,1,7,83144,M,4314766.0,603011.0,83
201500035310,15,6,6,145,5,2,1,1,3,83137,M,4312531.0,589827.0,83
201500035311,15,6,6,2100,2,2,3,1,3,83137,M,4313250.0,589485.0,83
201500035312,15,6,8,2104,2,2,2,1,3,83137,M,,,83
201500035313,15,6,13,920,1,2,2,1,6,83137,M,4312850.0,591479.0,83
201500035314,15,6,13,1700,1,1,1,1,1,83062,M,4312800.0,601305.0,83
201500035315,15,6,15,1530,1,2,1,1,6,83137,M,4311718.0,593564.0,83
201500035316,15,6,17,2000,1,2,1,1,6,83137,M,4313038.0,591325.0,83
201500035317,15,6,18,930,1,2,1,1,3,83098,M,4310329.0,602369.0,83
201500035318,15,6,18,930,1,2,1,1,2,83062,M,4313603.0,600152.0,83
201500035319,15,6,21,422,5,2,1,1,7,83137,M,4310884.0,595927.0,83
201500035320,15,6,24,1230,1,2,2,1,1,83062,M,4313750.0,602627.0,83
201500035321,15,6,25,1140,1,2,1,1,3,83144,M,4310275.0,587276.0,83
201500035322,15,6,26,1220,1,2,3,1,3,83144,M,4313869.0,599933.0,83
201500035323,15,6,27,2135,2,1,1,1,6,83062,M,4313922.0,602067.0,83
201500035324,15,6,29,1400,1,2,9,1,3,83137,M,4311891.0,597911.0,83
201500035325,15,6,29,2300,5,2,3,1,3,83137,M,4312165.0,593672.0,83
201500035326,15,6,30,1720,1,2,1,1,5,83137,M,4307354.0,555278.0,83
201500035327,15,7,1,1400,1,2,1,1,6,83090,M,4308158.0,550518.0,83
201500035328,15,6,29,1745,1,2,6,1,2,83144,M,,,83
201500035329,15,7,3,1500,1,2,1,1,2,83062,M,4312288.0,600370.0,83
201500035330,15,7,3,1635,1,1,1,1,4,83090,M,,,83
201500035331,15,7,5,2110,1,2,1,1,3,83137,M,4312064.0,594009.0,83
201500035332,15,7,6,1850,1,2,1,1,3,83144,M,4313380.0,598063.0,83
201500035333,15,7,10,1600,1,2,1,1,3,83137,M,4312578.0,597559.0,83
201500035334,15,7,13,2353,5,2,3,1,3,83137,M,4312204.0,595567.0,83
201500035335,15,7,24,1515,1,2,1,1,2,83137,M,4307139.0,553201.0,83
201500035336,15,7,24,1455,1,2,1,1,4,83144,M,4313370.0,598097.0,83
201500035337,15,7,24,1700,1,2,1,1,6,83137,M,4312520.0,593089.0,83
201500035338,15,7,26,2300,5,2,1,1,6,83137,M,4312626.0,592571.0,83
201500035339,15,7,28,845,1,2,3,1,3,83137,M,4312203.0,597356.0,83
201500035340,15,7,31,1740,1,2,1,1,6,83062,M,4313580.0,602277.0,83
201500035341,15,8,1,2240,5,2,1,1,6,83137,M,4312119.0,598093.0,83
201500035342,15,8,2,910,1,2,1,1,3,83137,M,4312182.0,595560.0,83
201500035343,15,8,3,840,1,2,3,1,6,83137,M,4313057.0,592839.0,83
201500035344,15,8,5,1830,1,2,3,1,3,83062,M,4314106.0,603006.0,83
201500035345,15,8,6,1200,1,2,1,1,3,83137,M,4312929.0,589945.0,83
201500035346,15,8,13,1515,1,2,1,1,6,83137,M,4310890.0,593745.0,83
201500035347,15,8,14,1855,1,2,1,1,6,83144,M,4313114.0,598993.0,83
201500035348,15,8,17,715,1,1,1,1,3,83137,M,4311355.0,594774.0,83
201500035349,15,8,17,1510,1,2,1,1,3,83137,M,4312851.0,591502.0,83
201500035350,15,8,19,2215,5,2,1,1,3,83137,M,4312923.0,589853.0,83
201500035351,15,8,20,1350,1,2,1,1,2,83137,M,4312133.0,594017.0,83
201500035352,15,8,21,120,5,2,1,1,7,83137,M,4313706.0,589737.0,83
201500035353,15,8,24,1510,1,2,3,1,1,83137,M,4310756.0,593307.0,83
201500035354,15,8,27,1700,1,2,1,1,2,83144,M,4314078.0,600032.0,83
201500035355,15,8,27,1545,1,1,1,1,6,83062,M,4314260.0,602142.0,83
201500035356,15,8,29,1725,1,2,1,1,1,83137,M,4311929.0,594313.0,83
201500035357,15,9,1,1730,1,1,1,1,3,83090,M,4312570.0,583680.0,83
201500035358,15,9,1,2247,5,2,1,1,3,83137,M,4312901.0,590224.0,83
201500035359,15,9,2,1450,1,2,1,1,6,83137,M,4311622.0,593734.0,83
201500035360,15,9,2,1530,1,2,1,1,6,83137,M,4312580.0,593300.0,83
201500035361,15,9,4,1715,1,2,1,1,5,83090,M,4314391.0,584694.0,83
201500035362,15,9,9,825,1,2,1,1,6,83137,M,4312643.0,594020.0,83
201500035363,15,9,9,1545,1,2,1,1,2,83098,M,0.0,0.0,83
201500035364,15,9,11,2000,2,2,1,1,1,83137,M,4312686.0,589481.0,83
201500035365,15,9,12,1920,1,1,1,1,7,83137,M,4312346.0,597023.0,83
201500035366,15,9,14,1030,1,1,1,1,6,83098,M,4310793.0,603131.0,83
201500035367,15,9,15,845,1,1,3,1,3,83062,M,4314272.0,601241.0,83
201500035368,15,9,22,655,1,2,1,1,1,83137,M,4312257.0,594511.0,83
201500035369,15,9,22,1630,1,2,1,1,2,83137,M,4313122.0,591800.0,83
201500035370,15,9,24,1240,1,2,1,1,4,83137,M,4312392.0,595367.0,83
201500035371,15,9,24,1710,1,2,1,1,2,83137,M,4315366.0,591683.0,83
201500035372,15,9,25,1050,1,2,1,1,6,83137,M,4311294.0,594574.0,83
201500035373,15,9,23,1140,1,2,3,1,3,83137,M,4313464.0,593208.0,83
201500035374,15,10,1,940,1,2,3,1,3,83137,M,4313109.0,593257.0,83
201500035375,15,10,3,1710,1,2,2,1,3,83137,M,4312000.0,594916.0,83
201500035376,15,10,3,2200,3,1,1,2,1,83098,M,4311428.0,603108.0,83
201500035377,15,10,4,535,1,1,1,1,2,83137,M,4311666.0,595000.0,83
201500035378,15,10,5,1720,1,2,1,1,1,83137,M,,,83
201500035379,15,10,6,1820,1,2,1,1,4,83144,M,0.0,0.0,83
201500035380,15,10,10,1715,1,2,1,1,3,83137,M,4311421.0,594040.0,83
201500035381,15,10,9,2010,4,2,1,1,6,83137,M,4312169.0,594799.0,83
201500035382,15,10,12,1630,1,2,1,1,6,83137,M,4312306.0,594639.0,83
201500035383,15,10,16,2145,5,2,9,1,3,83137,M,4312550.0,589710.0,83
201500035384,15,10,18,700,2,2,1,1,3,83137,M,4312320.0,593594.0,83
201500035385,15,10,21,1230,1,1,1,1,4,83090,M,4312573.0,583131.0,83
201500035386,15,10,23,1345,1,1,1,1,6,83090,M,4313060.0,587350.0,83
201500035387,15,10,26,810,1,2,4,1,7,83137,M,4313734.0,591441.0,83
201500035388,15,10,28,1000,1,2,1,2,1,83137,M,4313787.0,589824.0,83
201500035389,15,10,30,1700,1,1,3,1,3,83090,M,4312573.0,583131.0,83
201500035390,15,11,3,105,5,2,1,1,6,83137,M,4312899.0,589545.0,83
201500035391,15,11,4,1245,1,2,3,1,3,83137,M,4312912.0,596778.0,83
201500035392,15,11,8,620,5,2,1,1,7,83062,M,4311976.0,601089.0,83
201500035393,15,11,8,1925,1,2,2,1,3,83137,M,4312451.0,592613.0,83
201500035394,15,11,9,1005,1,1,1,1,1,83090,M,4312570.0,583335.0,83
201500035395,15,11,12,1545,1,1,1,1,6,83137,M,4312028.0,597627.0,83
201500035396,15,11,16,1400,1,2,6,1,3,83062,M,4312488.0,600810.0,83
201500035397,15,11,17,815,1,2,1,1,6,83137,M,,,83
201500035398,15,11,21,1720,2,2,5,6,3,83137,M,,,83
201500035399,15,11,22,1740,5,1,1,1,2,83137,M,4310692.0,593520.0,83
201500035400,15,11,28,1450,1,2,1,1,2,83098,M,0.0,0.0,83
201500035401,15,11,29,1205,1,1,1,1,6,83137,M,4310827.0,593741.0,83
201500035402,15,11,25,1345,1,2,1,1,3,83062,M,4314590.0,603984.0,83
201500035403,15,11,30,1700,2,2,1,1,4,83144,M,4314295.0,598886.0,83
201500035404,15,12,1,730,1,2,1,1,2,83062,M,4311302.0,599669.0,83
201500035405,15,12,2,1020,1,2,1,1,3,83062,M,4312696.0,601072.0,83
201500035406,15,11,27,1555,1,2,1,1,6,83137,M,4311272.0,593909.0,83
201500035407,15,12,7,1805,5,2,1,2,6,83062,M,4308044.0,601092.0,83
201500035408,15,12,8,1910,5,2,1,1,6,83137,M,4312411.0,596722.0,83
201500035409,15,12,13,30,5,2,1,2,1,83062,M,,,83
201500035410,15,12,15,1220,1,2,2,1,6,83062,M,4312450.0,600921.0,83
201500035411,15,12,18,700,2,2,1,1,5,83137,M,4312668.0,592084.0,83
201500035412,15,12,19,1100,1,2,1,1,6,83144,M,4313791.0,598536.0,83
201500035413,15,12,27,1830,4,2,1,1,6,83137,M,4312517.0,597230.0,83
201500035414,15,12,30,1730,1,1,1,1,3,83062,M,4313363.0,602891.0,83
201500035415,15,12,30,1840,4,2,1,1,1,83137,M,4314383.0,590692.0,83
201500035416,15,12,31,1710,1,2,1,1,3,83090,M,4312577.0,583032.0,83
201500035417,15,2,7,715,5,1,1,1,6,84007,M,4392894.0,481226.0,84
201500035418,15,4,17,1850,1,2,1,1,6,84007,M,4393963.0,480588.0,84
201500035419,15,12,31,2045,5,2,1,2,6,84007,M,4395202.0,480394.0,84
201500035420,15,3,26,1635,1,2,1,1,6,84007,M,4393150.0,482784.0,84
201500035421,15,7,27,1210,1,2,4,1,3,30011,M,4396394.0,477541.0,30
201500035422,15,4,28,1456,1,2,1,1,6,84007,M,4394633.0,484288.0,84
201500035423,15,4,16,1315,1,2,4,1,3,84007,M,4394354.0,484343.0,84
201500035424,15,5,5,1250,1,2,1,1,1,84007,M,4394095.0,482670.0,84
201500035425,15,3,31,2030,5,1,1,1,3,84007,M,4391060.0,488343.0,84
201500035426,15,12,16,940,1,2,2,1,6,84007,M,4394387.0,481503.0,84
201500035427,15,5,15,1830,1,1,1,1,2,30351,M,4393346.0,474556.0,30
201500035428,15,12,16,2005,5,1,1,1,6,84007,M,4392244.0,485724.0,84
201500035429,15,4,30,2100,2,2,1,1,6,30011,M,,,30
201500035430,15,6,17,1930,1,2,3,1,3,84007,M,4393936.0,482122.0,84
201500035431,15,5,4,1255,1,2,1,1,6,84007,M,4393616.0,487418.0,84
201500035432,15,6,10,1715,1,1,1,1,5,84007,M,4392220.0,485819.0,84
201500035433,15,3,28,2245,5,2,1,1,6,84007,M,4393783.0,481505.0,84
201500035434,15,6,1,1956,2,2,1,1,6,84007,M,4392809.0,479932.0,84
201500035435,15,7,6,1900,1,2,7,1,2,84007,M,,,84
201500035436,15,6,30,55,3,1,1,1,6,84007,M,4389050.0,491081.0,84
201500035437,15,8,25,1951,1,2,1,1,6,84007,M,4393525.0,480416.0,84
201500035438,15,6,28,149,5,2,1,1,2,84007,M,4392869.0,481167.0,84
201500035439,15,11,13,1119,1,2,1,1,6,30351,M,4395936.0,477788.0,30
201500035440,15,5,7,1945,1,2,1,1,6,84007,M,,,84
201500035441,15,11,24,940,1,1,1,1,1,84007,M,4397577.0,482066.0,84
201500035442,15,4,4,1640,1,1,1,1,3,84007,M,4393280.0,480982.0,84
201500035443,15,10,15,1645,1,1,1,1,3,84007,M,4392278.0,485938.0,84
201500035444,15,6,10,1050,1,2,3,1,3,84007,M,4394138.0,481788.0,84
201500035445,15,12,2,1515,1,2,6,1,4,84007,M,,,84
201500035446,15,8,21,2324,5,2,1,1,1,84007,M,4394379.0,479637.0,84
201500035447,15,12,10,1200,1,2,9,1,6,84007,M,,,84
201500035448,15,8,22,740,1,2,1,1,6,84007,M,4393770.0,481022.0,84
201500035449,15,12,25,1750,2,2,1,1,1,84007,M,,,84
201500035450,15,9,12,1518,1,1,1,1,6,30011,M,4394920.0,478522.0,30
201500035451,15,9,3,725,1,2,1,1,2,84007,M,4395325.0,481375.0,84
201500035452,15,7,13,1130,1,2,1,1,7,84007,M,,,84
201500035453,15,9,21,820,1,1,1,1,7,30011,M,,,30
201500035454,15,7,29,1910,1,2,5,1,3,30351,M,4395446.0,478153.0,30
201500035455,15,9,21,1322,1,2,1,1,6,84007,M,,,84
201500035456,15,10,23,1730,1,2,2,1,3,84007,M,4394388.0,481922.0,84
201500035457,15,7,19,2020,2,2,1,1,1,84007,M,4393504.0,483017.0,84
201500035458,15,10,30,1924,2,2,1,1,3,84007,M,,,84
201500035459,15,11,5,640,4,2,1,1,2,84007,M,,,84
201500035460,15,10,30,420,3,1,1,1,5,30011,M,4395649.0,475470.0,30
201500035461,15,5,8,2025,2,2,5,1,3,84007,M,4393419.0,483191.0,84
201500035462,15,10,28,24,5,2,2,1,3,84007,M,4394326.0,481240.0,84
201500035463,15,11,7,1759,2,2,1,1,6,84007,M,4394742.0,479985.0,84
201500035464,15,10,27,1015,1,1,1,1,5,30011,M,,,30
201500035465,15,6,2,1745,1,2,9,1,3,84007,M,4393936.0,482125.0,84
201500035466,15,7,17,1035,1,2,1,1,6,84007,M,4395134.0,480513.0,84
201500035467,15,11,28,846,1,2,2,1,3,84007,M,4393588.0,482317.0,84
201500035468,15,10,3,1250,1,2,1,1,2,84007,M,4392361.0,486505.0,84
201500035469,15,10,31,1548,1,1,1,1,3,84007,M,4392133.0,486822.0,84
201500035470,15,8,2,630,2,2,1,1,6,84007,M,4393750.0,481244.0,84
201500035471,15,12,15,1635,1,2,1,2,4,84007,M,4395041.0,482377.0,84
201500035472,15,12,14,1850,5,2,1,1,6,84007,M,4392863.0,481311.0,84
201500035473,15,1,13,1100,1,2,1,1,6,84007,M,4394451.0,481588.0,84
201500035474,15,1,30,1358,1,2,7,1,6,84007,M,4392560.0,480938.0,84
201500035475,15,10,6,1730,1,2,1,1,6,84031,M,4404888.0,504480.0,84
201500035476,15,3,22,1320,1,1,1,1,7,84080,M,4406388.0,497522.0,84
201500035477,15,8,23,1015,1,2,8,1,6,84031,M,4405212.0,504871.0,84
201500035478,15,4,15,1320,1,1,1,1,7,84031,M,4403176.0,505086.0,84
201500035479,15,4,20,1200,1,2,9,1,1,84031,M,4405113.0,505040.0,84
201500035480,15,5,16,1630,1,2,1,6,7,84031,M,4404768.0,503157.0,84
201500035481,15,9,10,1700,1,2,1,1,2,84031,M,4404666.0,503025.0,84
201500035482,15,6,10,505,3,1,1,8,2,84080,M,4404530.0,500583.0,84
201500035483,15,5,24,1400,1,2,1,1,1,84031,M,4407077.0,505519.0,84
201500035484,15,8,17,2025,1,1,1,1,5,84031,M,4404657.0,502399.0,84
201500035485,15,10,19,455,3,2,1,1,6,84035,M,4385366.0,502407.0,84
201500035486,15,4,15,920,1,2,6,1,3,84035,M,4382796.0,503371.0,84
201500035487,15,11,25,1955,3,1,1,1,6,84035,M,4387299.0,506938.0,84
201500035488,15,3,29,1700,1,2,1,1,6,84035,M,4383848.0,504662.0,84
201500035489,15,6,23,1734,1,2,2,1,3,84035,M,4384057.0,504734.0,84
201500035490,15,10,8,1545,1,2,1,1,6,84035,M,4383483.0,503764.0,84
201500035491,15,5,13,1940,1,2,1,1,3,84087,M,4414150.0,481271.0,84
201500035492,15,5,22,1440,1,2,1,1,6,84087,M,4413070.0,480346.0,84
201500035493,15,5,23,2000,1,2,4,1,5,84087,M,4414550.0,480342.0,84
201500035494,15,9,30,1815,1,1,1,1,3,84087,M,4413110.0,485006.0,84
201500035495,15,10,21,1300,1,2,1,1,6,84087,M,4415237.0,480281.0,84
201500035496,15,5,18,1110,1,2,1,1,6,84087,M,4413760.0,481226.0,84
201500035497,15,5,22,2140,5,2,1,1,6,84087,M,4414984.0,480613.0,84
201500035498,15,7,25,2155,1,2,1,1,3,84087,M,4414890.0,480828.0,84
201500035499,15,7,3,2020,1,2,1,1,3,84087,M,4413826.0,480983.0,84
201500035500,15,8,8,1215,1,1,1,1,6,84087,M,4414224.0,480819.0,84
201500035501,15,8,10,805,1,2,3,1,2,84087,M,4414224.0,480819.0,84
201500035502,15,8,7,1545,1,2,1,1,3,84087,M,4415031.0,480292.0,84
201500035503,15,9,7,1510,1,1,1,1,7,84087,M,4412051.0,482701.0,84
201500035504,15,10,13,815,1,2,3,1,6,84087,M,4413190.0,481600.0,84
201500035505,15,11,26,1920,5,2,3,1,3,84087,M,4415032.0,480296.0,84
201500035506,15,12,11,1545,1,1,1,1,2,84087,M,4411134.0,484767.0,84
201500035507,15,1,28,1225,1,2,1,1,4,84087,M,4412740.0,482208.0,84
201500035508,15,1,29,2300,3,1,1,8,6,84087,M,4410930.0,482049.0,84
201500035509,15,1,31,1735,3,1,1,1,6,84087,M,4410845.0,482055.0,84
201500035510,15,1,30,1845,2,1,1,1,1,84087,M,,,84
201500035511,15,2,14,1035,1,2,3,8,3,84087,M,4413624.0,480942.0,84
201500035512,15,2,27,2150,5,2,3,1,3,84087,M,4413536.0,481221.0,84
201500035513,15,12,3,1225,1,1,1,1,1,85191,M,4639477.0,-127260.0,85
201500035514,15,2,16,1940,5,2,1,2,6,85191,M,4666983.0,-143674.0,85
201500035515,15,2,1,1535,1,1,1,1,1,85191,M,4663313.0,-140588.0,85
201500035516,15,2,11,1510,1,2,2,1,3,85191,M,4667138.0,-142117.0,85
201500035517,15,4,3,820,1,2,1,1,2,85191,M,4669771.0,42966.0,85
201500035518,15,4,10,1755,1,2,1,1,3,85191,M,4668309.0,-143776.0,85
201500035519,15,4,16,10,5,2,6,1,3,85191,M,4668140.0,-143554.0,85
201500035520,15,4,27,800,1,2,9,1,6,85191,M,4667429.0,-142218.0,85
201500035521,15,5,4,1715,1,2,2,2,3,85191,M,4666579.0,-144987.0,85
201500035522,15,5,4,1024,1,2,9,1,6,85191,M,4666893.0,-143360.0,85
201500035523,15,5,20,1740,1,2,2,1,3,85191,M,4667375.0,-142830.0,85
201500035524,15,5,28,1615,1,2,1,1,1,85191,M,,,85
201500035525,15,6,18,1310,1,2,3,1,3,85191,M,4665479.0,-144581.0,85
201500035526,15,6,24,1847,1,1,1,1,6,85191,M,4666370.0,-145462.0,85
201500035527,15,7,2,1209,1,2,1,1,6,85191,M,4641358.0,-125579.0,85
201500035528,15,8,9,2210,3,1,1,1,6,85191,M,4639421.0,-128294.0,85
201500035529,15,9,23,830,1,2,1,1,6,85191,M,4639444.0,-126026.0,85
201500035530,15,9,24,740,5,1,2,2,6,85191,M,,,85
201500035531,15,10,9,1610,1,2,9,1,6,85191,M,4639204.0,-125564.0,85
201500035532,15,10,12,1625,1,2,3,1,3,85191,M,4640129.0,-124513.0,85
201500035533,15,10,13,810,1,1,2,1,1,85191,M,4639345.0,-126253.0,85
201500035534,15,10,13,1355,1,2,1,1,6,85191,M,4638463.0,-126052.0,85
201500035535,15,11,17,1735,2,1,1,3,6,85191,M,,,85
201500035536,15,10,29,1845,5,2,6,1,1,85191,M,,,85
201500035537,15,12,17,1205,1,1,1,1,3,85191,M,,,85
201500035538,15,12,20,1840,5,2,1,1,6,85191,M,,,85
201500035539,15,12,25,2330,5,1,1,1,6,85166,M,4650365.0,175910.0,85
201500035540,15,3,14,1135,1,2,1,1,3,85194,M,4649368.0,-176356.0,85
201500035541,15,12,29,1330,1,2,2,1,3,85166,M,4652913.0,-175543.0,85
201500035542,15,3,25,830,1,1,1,1,1,85166,M,4653419.0,-175095.0,85
201500035543,15,12,28,630,5,1,6,1,3,85166,M,4651541.0,-175845.0,85
201500035544,15,3,21,1520,1,2,6,1,1,85166,M,4651341.0,-177667.0,85
201500035545,15,4,25,1820,1,2,2,1,3,85194,M,4649852.0,-178130.0,85
201500035546,15,4,28,1950,1,2,1,1,6,85194,M,4649117.0,-177310.0,85
201500035547,15,8,12,1300,1,1,1,1,6,85060,M,4647037.0,174251.0,85
201500035548,15,6,7,1155,1,2,1,1,6,85194,M,4648783.0,-176528.0,85
201500035549,15,5,7,1020,1,2,1,1,6,85060,M,4649385.0,-174943.0,85
201500035550,15,5,16,1420,1,1,1,1,2,85166,M,4651475.0,-175818.0,85
201500035551,15,5,25,2045,1,2,1,1,6,85194,M,4649692.0,-178235.0,85
201500035552,15,5,14,2250,5,2,6,2,3,85166,M,4651545.0,-175905.0,85
201500035553,15,6,10,1115,1,2,6,1,3,85194,M,4650283.0,-179852.0,85
201500035554,15,6,27,1020,1,2,1,1,6,85194,M,4648812.0,-176872.0,85
201500035555,15,7,9,1645,1,2,2,1,6,85194,M,4649807.0,178047.0,85
201500035556,15,7,8,1525,1,1,1,1,7,85166,M,4652208.0,-179315.0,85
201500035557,15,7,14,1130,1,2,1,1,1,85194,M,,,85
201500035558,15,7,19,445,5,2,1,1,6,85060,M,4649106.0,-174782.0,85
201500035559,15,7,20,1745,1,2,7,1,6,85166,M,4651328.0,-177878.0,85
201500035560,15,8,20,1750,1,1,1,1,5,85060,M,4647836.0,-175991.0,85
201500035561,15,8,22,540,5,2,3,1,7,85194,M,4647836.0,175991.0,85
201500035562,15,9,28,1235,1,2,1,1,7,85166,M,0.0,0.0,85
201500035563,15,8,22,1740,1,2,3,1,6,85194,M,4649875.0,-178332.0,85
201500035564,15,8,7,1645,1,2,6,1,3,85166,M,4651371.0,178210.0,85
201500035565,15,8,10,935,1,2,1,1,7,85194,M,4649588.0,179072.0,85
201500035566,15,8,14,1650,1,2,1,1,6,85194,M,4649760.0,-178171.0,85
201500035567,15,8,24,2018,1,2,1,1,2,85194,M,4649849.0,179676.0,85
201500035568,15,10,13,1500,1,2,3,1,3,85166,M,4650799.0,-177719.0,85
201500035569,15,10,23,1945,1,1,1,1,7,85166,M,4652117.0,-176070.0,85
201500035570,15,11,5,1645,1,2,3,2,6,85166,M,4651787.0,-178093.0,85
201500035571,15,11,3,1940,5,2,1,2,6,85166,M,4653757.0,-177068.0,85
201500035572,15,9,29,1645,1,2,1,1,6,85166,M,4651254.0,177656.0,85
201500035573,15,10,24,1245,1,2,1,1,6,85194,M,4649867.0,-179672.0,85
201500035574,15,12,13,1240,1,2,1,1,6,85166,M,4651492.0,179048.0,85
201500035575,15,1,10,1835,5,2,1,2,6,85194,M,4649821.0,-176653.0,85
201500035576,15,1,17,745,5,2,1,1,6,85166,M,4653150.0,-177405.0,85
201500035577,15,1,23,1245,1,2,2,1,3,85166,M,4652855.0,-177442.0,85
201500035578,15,1,27,1035,1,2,1,1,3,85060,M,4650309.0,-174452.0,85
201500035579,15,1,28,1455,1,2,1,1,7,85194,M,4649300.0,-177429.0,85
201500035580,15,2,11,1615,1,2,6,1,3,85194,M,4648556.0,-175396.0,85
201500035581,15,1,5,1255,1,2,1,1,7,86066,M,,,86
201500035582,15,3,25,1722,1,2,3,2,2,86066,M,4678279.0,52833.0,86
201500035583,15,1,8,1345,1,2,1,1,6,86066,M,,,86
201500035584,15,3,29,1000,1,2,3,2,3,86066,M,4681886.0,54163.0,86
201500035585,15,1,17,1606,1,2,1,1,2,86066,M,4682512.0,55929.0,86
201500035586,15,4,13,1840,1,2,1,2,2,86066,M,4682521.0,55920.0,86
201500035587,15,1,20,2036,5,2,1,1,2,86066,M,4681958.0,51234.0,86
201500035588,15,4,15,1140,1,1,1,7,6,86066,M,4681673.0,54093.0,86
201500035589,15,1,26,1340,1,2,1,1,3,86066,M,4682602.0,54507.0,86
201500035590,15,4,25,2235,5,2,1,1,6,86066,M,4680532.0,53317.0,86
201500035591,15,5,5,1015,1,2,1,1,6,86066,M,4680820.0,54323.0,86
201500035592,15,5,6,1235,1,2,1,1,3,86066,M,4680546.0,52913.0,86
201500035593,15,5,16,1450,1,1,1,1,7,86066,M,4680137.0,53338.0,86
201500035594,15,5,29,1010,1,2,1,1,3,86066,M,4681419.0,53971.0,86
201500035595,15,6,8,1120,1,1,9,1,6,86066,M,4683635.0,54232.0,86
201500035596,15,6,22,1510,1,2,3,1,3,86066,M,4682571.0,56144.0,86
201500035597,15,6,30,1835,1,2,1,1,2,86066,M,4679235.0,57031.0,86
201500035598,15,7,3,2015,1,1,1,1,2,86066,M,,,86
201500035599,15,7,7,1515,1,2,1,1,6,86066,M,4681814.0,54484.0,86
201500035600,15,7,9,1830,1,2,1,1,3,86066,M,4681973.0,57840.0,86
201500035601,15,7,15,1140,1,2,1,1,6,86066,M,4680717.0,54297.0,86
201500035602,15,7,23,1050,1,2,1,1,6,86066,M,4681759.0,52031.0,86
201500035603,15,8,4,2345,5,2,1,1,7,86066,M,4679973.0,53800.0,86
201500035604,15,8,15,800,1,2,1,2,7,86066,M,,,86
201500035605,15,9,12,1100,1,2,1,2,6,86066,M,4681673.0,54093.0,86
201500035606,15,9,16,1350,1,2,1,3,7,86066,M,0.0,0.0,86
201500035607,15,9,18,700,5,2,3,1,3,86066,M,4681625.0,54570.0,86
201500035608,15,9,23,830,1,2,1,1,7,86066,M,4680878.0,54335.0,86
201500035609,15,9,23,1110,1,2,2,1,3,86066,M,4681693.0,53842.0,86
201500035610,15,9,23,1732,1,2,1,1,2,86066,M,4681045.0,54369.0,86
201500035611,15,9,25,1610,1,1,2,1,3,86066,M,4680492.0,51783.0,86
201500035612,15,9,26,1606,1,2,1,1,6,86066,M,4681054.0,54371.0,86
201500035613,15,9,29,1325,1,1,6,1,7,86066,M,4681871.0,56661.0,86
201500035614,15,10,7,1210,1,2,1,2,1,86066,M,4683361.0,53665.0,86
201500035615,15,10,22,1830,1,2,1,1,6,86066,M,4681657.0,54914.0,86
201500035616,15,10,27,1706,1,1,1,2,7,86066,M,4681315.0,56973.0,86
201500035617,15,11,3,1330,1,2,1,1,3,86066,M,4682220.0,52987.0,86