Num_Acc,an,mois,jour,hrmn,lum,agg,int,atm,col,com,gps,lat,long,dep
201500035618,15,11,4,1613,1,1,2,1,3,86066,M,4681129.0,52739.0,86
201500035619,15,11,5,1020,1,2,1,1,6,86066,M,4682842.0,54542.0,86
201500035620,15,11,13,1740,2,2,6,2,6,86066,M,4681472.0,54464.0,86
201500035621,15,11,15,2020,3,2,1,1,1,86066,M,4680604.0,51993.0,86
201500035622,15,11,18,1211,1,2,1,1,6,86066,M,4680343.0,52864.0,86
201500035623,15,11,20,1620,1,2,2,3,6,86066,M,4681300.0,54512.0,86
201500035624,15,11,21,1020,1,1,6,1,1,86066,M,4678604.0,54653.0,86
201500035625,15,11,27,1730,2,2,1,1,1,86066,M,4680262.0,54530.0,86
201500035626,15,12,2,1150,1,2,1,1,6,86066,M,4680543.0,54264.0,86
201500035627,15,12,9,1340,1,2,1,1,6,86066,M,4680716.0,54306.0,86
201500035628,15,12,12,430,5,2,1,1,6,86066,M,4681861.0,54526.0,86
201500035629,15,1,7,1540,1,1,1,2,4,86194,M,,,86
201500035630,15,3,21,555,5,2,2,1,6,86194,M,0.0,0.0,86
201500035631,15,1,10,655,5,2,6,2,2,86194,M,4655869.0,39003.0,86
201500035632,15,3,20,1825,1,2,1,2,5,86194,M,4658460.0,34567.0,86
201500035633,15,1,10,1850,5,2,1,2,6,86194,M,,,86
201500035634,15,3,23,940,1,2,1,1,2,86157,M,4656383.0,40561.0,86
201500035635,15,1,11,1845,5,2,1,1,1,86194,M,4657658.0,34542.0,86
201500035636,15,3,23,1650,1,2,1,1,6,86041,M,4659584.0,34026.0,86
201500035637,15,1,12,1800,5,2,2,1,2,86194,M,4656835.0,34376.0,86
201500035638,15,3,25,2025,5,2,2,1,2,86194,M,4658106.0,35285.0,86
201500035639,15,1,14,735,3,2,1,3,3,86158,M,,,86
201500035640,15,3,26,1210,1,2,6,2,5,86194,M,4656377.0,36525.0,86
201500035641,15,1,14,1025,1,2,1,1,6,86194,M,4657565.0,35486.0,86
201500035642,15,3,26,1620,1,1,1,1,6,86214,M,0.0,0.0,86
201500035643,15,1,14,1155,1,2,1,1,6,86194,M,4657596.0,37546.0,86
201500035644,15,4,3,1320,1,2,1,1,2,86194,M,4658647.0,37872.0,86
201500035645,15,1,14,1835,5,2,1,1,2,86194,M,4657627.0,32934.0,86
201500035646,15,4,6,1040,1,2,2,1,3,86194,M,4656361.0,38202.0,86
201500035647,15,1,14,2200,3,2,3,1,3,86157,M,,,86
201500035648,15,4,7,1740,1,2,2,1,3,86194,M,0.0,0.0,86
201500035649,15,1,17,1100,1,2,1,1,3,86194,M,4657277.0,32760.0,86
201500035650,15,4,8,1905,1,2,1,1,4,86214,M,4655188.0,32058.0,86
201500035651,15,1,18,315,5,2,1,1,6,86194,M,,,86
201500035652,15,4,9,1155,1,2,2,1,1,86194,M,4658752.0,37439.0,86
201500035653,15,1,23,1810,5,2,2,1,3,86194,M,,,86
201500035654,15,4,12,2225,5,2,3,1,2,86194,M,4660529.0,32192.0,86
201500035655,15,1,23,1920,5,2,1,1,4,86194,M,4655551.0,30958.0,86
201500035656,15,4,15,1305,1,1,1,1,6,86214,M,4633066.0,0.0,86
201500035657,15,1,24,1510,1,2,1,1,2,86194,M,,,86
201500035658,15,4,17,1725,1,2,4,1,2,86194,M,0.0,0.0,86
201500035659,15,1,24,1545,1,1,1,1,3,86194,M,,,86
201500035660,15,4,21,1245,1,2,3,1,2,86194,M,4657219.0,39160.0,86
201500035661,15,1,25,250,5,2,1,9,6,86194,M,,,86
201500035662,15,4,22,857,1,2,3,1,3,86194,M,4657781.0,33123.0,86
201500035663,15,1,26,600,4,1,1,1,6,86194,M,,,86
201500035664,15,4,26,1855,1,2,1,1,2,86194,M,4657737.0,32627.0,86
201500035665,15,1,29,830,1,1,1,2,3,86194,M,,,86
201500035666,15,4,23,1700,1,2,2,1,3,86157,M,,,86
201500035667,15,1,29,1310,1,2,3,3,3,86194,M,4656870.0,37008.0,86
201500035668,15,4,27,1030,1,2,1,1,3,86194,M,4656719.0,36592.0,86
201500035669,15,2,4,2045,5,2,3,1,3,86194,M,,,86
201500035670,15,5,3,1130,1,1,1,2,6,86194,M,0.0,0.0,86
201500035671,15,2,5,850,1,1,1,1,7,86194,M,,,86
201500035672,15,5,5,1945,1,1,1,1,6,86194,M,4657275.0,35867.0,86
201500035673,15,2,9,1335,1,2,2,1,3,86194,M,,,86
201500035674,15,5,9,1700,1,1,1,1,4,86041,M,0.0,0.0,86
201500035675,15,2,10,1550,1,2,1,1,3,86194,M,,,86
201500035676,15,5,7,1145,1,2,1,1,2,86194,M,,,86
201500035677,15,2,10,1845,5,2,2,1,6,86194,M,4656623.0,35207.0,86
201500035678,15,5,9,1650,1,1,1,1,2,86194,M,,,86
201500035679,15,2,11,1330,1,2,1,1,6,86194,M,4657217.0,33835.0,86
201500035680,15,5,11,840,1,2,1,1,3,86194,M,4658948.0,34680.0,86
201500035681,15,2,14,2315,5,2,3,8,3,86194,M,4657659.0,34512.0,86
201500035682,15,5,11,1550,1,2,1,1,6,86194,M,4658190.0,36976.0,86
201500035683,15,2,16,730,2,1,2,5,3,86194,M,,,86
201500035684,15,5,7,1800,1,2,3,1,3,86194,M,4656919.0,38862.0,86
201500035685,15,2,19,1550,1,2,1,1,3,86158,M,,,86
201500035686,15,5,17,100,3,1,1,8,6,86157,M,4652640.0,44213.0,86
201500035687,15,2,20,1330,1,1,3,2,6,86194,M,,,86
201500035688,15,4,30,1930,1,1,1,1,6,86194,M,4658085.0,34262.0,86
201500035689,15,2,20,1650,1,1,1,2,4,86194,M,,,86
201500035690,15,5,20,1310,1,2,1,6,6,86214,M,0.0,0.0,86
201500035691,15,2,22,130,3,1,1,9,6,86041,M,,,86
201500035692,15,5,25,1645,1,2,1,1,2,86194,M,4657194.0,32633.0,86
201500035693,15,2,22,550,5,2,3,1,6,86194,M,,,86
201500035694,15,5,23,1012,1,2,1,1,2,86194,M,4657295.0,35817.0,86
201500035695,15,2,24,850,1,2,2,1,6,86194,M,,,86
201500035696,15,5,22,1455,1,2,2,1,3,86194,M,4656730.0,36588.0,86
201500035697,15,2,27,15,5,1,1,1,6,86158,M,,,86
201500035698,15,5,26,1845,1,1,1,1,6,86041,M,4660973.0,36703.0,86
201500035699,15,2,28,2100,5,2,2,2,3,86194,M,,,86
201500035700,15,5,29,2145,5,2,3,1,6,86194,M,4657851.0,34358.0,86
201500035701,15,3,2,900,1,2,1,1,2,86194,M,,,86
201500035702,15,6,1,855,1,1,1,1,1,86157,M,,,86
201500035703,15,3,2,1215,1,1,1,1,6,86088,M,,,86
201500035704,15,6,1,1815,1,2,2,1,2,86157,M,4656345.0,40873.0,86
201500035705,15,3,4,630,5,2,3,1,3,86214,M,,,86
201500035706,15,6,2,2300,3,2,1,1,6,86194,M,,,86
201500035707,15,3,5,1610,1,2,1,1,2,86194,M,,,86
201500035708,15,6,1,1755,1,1,1,1,5,86133,M,4652480.0,26900.0,86
201500035709,15,3,5,2235,5,2,1,1,6,86041,M,4659746.0,36934.0,86
201500035710,15,6,4,1815,1,2,2,1,6,86194,M,,,86
201500035711,15,3,8,2200,3,2,1,1,6,86158,M,,,86
201500035712,15,6,12,1800,1,1,1,1,3,86194,M,4658700.0,43152.0,86
201500035713,15,3,11,1500,1,2,1,1,4,86194,M,4657787.0,35021.0,86
201500035714,15,6,12,1925,1,2,1,1,6,86194,M,4658239.0,33423.0,86
201500035715,15,3,11,2220,4,2,1,1,6,86194,M,4657387.0,37734.0,86
201500035716,15,6,12,1720,1,1,1,1,6,86041,M,0.0,0.0,86
201500035717,15,3,12,2105,5,2,1,1,3,86194,M,4658843.0,34786.0,86
201500035718,15,6,12,1800,1,1,1,1,6,86194,M,4657800.0,32161.0,86
201500035719,15,3,13,150,5,2,1,1,6,86194,M,4657600.0,38914.0,86
201500035720,15,6,15,1125,1,1,1,1,6,86194,M,4635253.0,44417.0,86
201500035721,15,6,13,1650,1,2,1,3,6,86194,M,4657986.0,34978.0,86
201500035722,15,6,14,35,3,2,2,1,3,86041,M,4659768.0,35631.0,86
201500035723,15,6,19,115,5,2,1,1,6,86194,M,4657202.0,32918.0,86
201500035724,15,6,17,1845,1,2,1,1,3,86194,M,4656450.0,35111.0,86
201500035725,15,6,18,1245,1,2,3,1,6,86194,M,0.0,0.0,86
201500035726,15,6,19,1520,1,2,3,1,3,86194,M,4657824.0,31982.0,86
201500035727,15,6,23,1925,1,2,1,1,4,86194,M,,,86
201500035728,15,6,24,1920,1,1,1,1,4,86158,M,0.0,0.0,86
201500035729,15,6,25,1845,1,2,1,7,3,86194,M,4657745.0,32691.0,86
201500035730,15,6,26,1030,1,2,2,1,4,86194,M,4656352.0,38187.0,86
201500035731,15,6,27,2030,1,2,1,1,2,86194,M,4657581.0,35394.0,86
201500035732,15,6,26,2000,1,2,1,1,6,86194,M,0.0,0.0,86
201500035733,15,6,29,1550,1,1,1,1,2,86158,M,0.0,0.0,86
201500035734,15,6,30,1840,1,2,1,1,3,86194,M,4656724.0,37147.0,86
201500035735,15,7,1,820,1,2,1,1,4,86194,M,4658438.0,33243.0,86
201500035736,15,7,6,1715,1,2,2,1,4,86194,M,4656470.0,35575.0,86
201500035737,15,7,7,845,1,2,1,1,3,86194,M,4658852.0,36538.0,86
201500035738,15,7,6,2025,1,1,1,1,6,86214,M,4654400.0,35411.0,86
201500035739,15,7,2,1845,1,2,1,1,4,86194,M,4657675.0,34635.0,86
201500035740,15,7,9,2130,1,2,3,1,6,86214,M,0.0,0.0,86
201500035741,15,7,12,945,1,1,1,1,1,86088,M,0.0,0.0,86
201500035742,15,7,10,1250,1,2,1,1,6,86194,M,4658260.0,34050.0,86
201500035743,15,7,16,920,1,2,2,1,6,86194,M,0.0,0.0,86
201500035744,15,7,18,1310,1,2,2,1,3,86194,M,0.0,0.0,86
201500035745,15,7,19,805,1,2,2,1,1,86194,M,4656830.0,34377.0,86
201500035746,15,7,20,800,1,2,1,1,2,86194,M,0.0,0.0,86
201500035747,15,7,16,1349,1,2,1,1,4,86194,M,4658890.0,34747.0,86
201500035748,15,7,21,1810,1,2,1,1,6,86194,M,4656610.0,34942.0,86
201500035749,15,7,22,1355,1,2,1,1,2,86194,M,4660547.0,32172.0,86
201500035750,15,7,21,1445,1,2,2,1,2,86194,M,,,86
201500035751,15,7,22,705,1,1,1,1,3,86194,M,0.0,0.0,86
201500035752,15,7,23,1425,1,2,1,1,1,86041,M,4659357.0,36496.0,86
201500035753,15,7,27,1745,1,1,1,1,4,86157,M,,,86
201500035754,15,7,27,1830,1,2,1,1,6,86158,M,4662076.0,31127.0,86
201500035755,15,7,29,2240,3,1,1,1,7,86158,M,,,86
201500035756,15,7,31,535,5,2,3,1,6,86041,M,4659029.0,36891.0,86
201500035757,15,8,5,1615,1,2,2,1,2,86194,M,4657085.0,37008.0,86
201500035758,15,8,6,1330,1,2,1,1,3,86194,M,4658912.0,34715.0,86
201500035759,15,8,6,1410,1,2,1,1,3,86194,M,4661764.0,35119.0,86
201500035760,15,8,8,530,3,1,1,1,6,86194,M,4655504.0,34983.0,86
201500035761,15,8,8,1510,1,2,2,1,3,86214,M,4633116.0,18349.0,86
201500035762,15,8,12,2050,1,2,1,1,6,86194,M,4660517.0,34466.0,86
201500035763,15,8,13,730,2,2,3,1,6,86194,M,4657137.0,39262.0,86
201500035764,15,8,15,1520,1,2,1,1,3,86194,M,4658384.0,38186.0,86
201500035765,15,8,15,1945,1,2,1,1,6,86194,M,4657130.0,31172.0,86
201500035766,15,8,18,605,5,2,2,1,6,86194,M,4660151.0,32428.0,86
201500035767,15,8,18,2215,4,2,1,1,3,86194,M,4660787.0,34660.0,86
201500035768,15,8,19,1530,1,1,1,1,2,86194,M,4658433.0,39370.0,86
201500035769,15,8,26,2205,5,2,1,1,6,86194,M,4650000.0,36000.0,86
201500035770,15,8,27,1450,1,1,1,1,4,86194,M,4658337.0,33518.0,86
201500035771,15,8,28,905,1,2,2,1,1,86194,M,4650000.0,36000.0,86
201500035772,15,8,30,600,3,1,1,1,7,86158,M,,,86
201500035773,15,8,30,140,5,2,1,1,1,86194,M,4659128.0,35450.0,86
201500035774,15,8,31,2350,5,2,3,1,6,86194,M,4657248.0,33833.0,86
201500035775,15,9,2,1530,1,2,1,1,2,86158,M,4661000.0,31000.0,86
201500035776,15,8,8,1650,1,2,2,1,6,86194,M,4658204.0,33818.0,86
201500035777,15,9,3,1255,1,2,3,1,3,86194,M,4657070.0,37600.0,86
201500035778,15,6,25,445,3,1,1,1,1,86133,M,,,86
201500035779,15,9,6,1755,1,2,1,1,3,86194,M,0.0,0.0,86
201500035780,15,9,5,650,5,1,1,1,6,86194,M,4661960.0,34122.0,86
201500035781,15,9,8,1840,1,2,3,1,3,86194,M,4656558.0,34831.0,86
201500035782,15,9,9,1805,1,1,1,1,6,86158,M,4637000.0,14000.0,86
201500035783,15,9,9,1315,1,1,2,1,2,86194,M,4659940.0,32122.0,86
201500035784,15,9,12,1145,1,2,3,1,2,86157,M,,,86
201500035785,15,9,11,1415,1,2,1,1,1,86194,M,4657410.0,38461.0,86
201500035786,15,9,7,1400,1,2,3,1,5,86194,M,4656910.0,38864.0,86
201500035787,15,9,16,740,2,1,1,3,6,86194,M,4657570.0,31394.0,86
201500035788,15,9,16,1125,1,1,1,3,1,86214,M,,,86
201500035789,15,9,15,815,1,2,1,2,6,86158,M,4663850.0,30236.0,86
201500035790,15,9,17,849,1,2,1,1,3,86194,M,4656890.0,32194.0,86
201500035791,15,9,17,1210,1,2,3,1,3,86194,M,,,86
201500035792,15,9,17,2050,5,2,3,1,3,86194,M,4634402.0,119522.0,86
201500035793,15,9,17,1355,1,2,2,1,1,86194,M,4658501.0,33036.0,86
201500035794,15,9,18,1920,1,1,1,1,4,86194,M,0.0,0.0,86
201500035795,15,9,21,805,1,2,3,1,6,86194,M,0.0,0.0,86
201500035796,15,9,18,1405,1,2,1,1,2,86194,M,4655420.0,30680.0,86
201500035797,15,9,22,1330,1,2,1,1,2,86194,M,4659060.0,33938.0,86
201500035798,15,9,24,1425,1,1,1,1,6,86158,M,,,86
201500035799,15,9,25,1830,1,1,1,1,6,86194,M,,,86
201500035800,15,9,26,1535,1,2,2,1,3,86194,M,4658936.0,65977.0,86
201500035801,15,9,26,1935,1,2,1,1,6,86194,M,4657000.0,37331.0,86
201500035802,15,9,28,830,1,2,2,1,2,86194,M,4658200.0,36760.0,86
201500035803,15,9,29,1655,1,2,7,1,2,86194,M,4659009.0,34077.0,86
201500035804,15,10,3,2320,5,2,8,1,2,86194,M,0.0,0.0,86
201500035805,15,10,5,715,2,2,2,2,3,86194,M,4659950.0,32155.0,86
201500035806,15,10,6,715,2,2,1,1,3,86194,M,4659792.0,32669.0,86
201500035807,15,10,6,1725,1,2,3,1,1,86194,M,4658331.0,36204.0,86
201500035808,15,10,14,1145,1,1,1,1,6,86194,M,4658989.0,37768.0,86
201500035809,15,10,7,1420,1,2,1,1,6,86194,M,4655123.0,30131.0,86
201500035810,15,10,11,1420,1,2,7,1,2,86194,M,4658162.0,37344.0,86
201500035811,15,10,10,1745,1,2,1,1,6,86194,M,4658647.0,38150.0,86
201500035812,15,10,9,2150,5,2,3,1,4,86194,M,4659293.0,32871.0,86
201500035813,15,10,12,1830,1,2,1,1,2,86194,M,4660431.0,32255.0,86
201500035814,15,10,14,2108,5,2,2,1,3,86194,M,0.0,0.0,86
201500035815,15,10,14,1805,1,2,1,1,6,86194,M,4659036.0,34000.0,86
201500035816,15,10,16,1850,2,2,1,1,6,86194,M,4658806.0,33011.0,86
201500035817,15,10,17,1950,5,1,1,1,6,86214,M,0.0,0.0,86
201500035818,15,10,20,750,1,2,2,1,6,86194,M,4657049.0,39058.0,86
201500035819,15,10,20,1030,1,1,1,1,4,86194,M,,,86
201500035820,15,10,20,1650,1,1,3,1,3,86157,M,0.0,0.0,86
201500035821,15,10,20,1540,1,1,6,1,3,86194,M,4655343.0,39928.0,86
201500035822,15,10,20,1640,1,2,2,1,3,86194,M,0.0,0.0,86
201500035823,15,10,21,2012,2,1,1,1,2,86214,M,4653220.0,39841.0,86
201500035824,15,10,21,1220,1,2,1,1,6,86194,M,4657169.0,37172.0,86
201500035825,15,10,23,1315,1,2,1,1,6,86194,M,4650000.0,38600.0,86
201500035826,15,10,23,1619,1,2,2,1,3,86194,M,4657433.0,36173.0,86
201500035827,15,10,27,1025,1,2,2,1,3,86194,M,4658172.0,35014.0,86
201500035828,15,10,29,1740,1,1,3,1,3,86157,M,4653000.0,40200.0,86
201500035829,15,10,30,1740,2,2,1,1,6,86194,M,4656725.0,35951.0,86
201500035830,15,10,30,358,5,2,1,1,6,86194,M,4660714.0,34610.0,86
201500035831,15,10,30,1825,5,2,1,1,6,86194,M,4658081.0,34579.0,86
201500035832,15,11,2,755,1,2,3,1,3,86194,M,4658687.0,37823.0,86
201500035833,15,11,2,1900,5,2,1,1,4,86194,M,4656980.0,32344.0,86
201500035834,15,11,3,1220,1,2,1,1,6,86194,M,4659647.0,33535.0,86
201500035835,15,10,30,1515,1,2,2,1,3,86194,M,4656358.0,38200.0,86
201500035836,15,11,3,1845,5,2,3,2,3,86194,M,4656670.0,36666.0,86
201500035837,15,11,1,1615,1,1,1,1,2,86194,M,,,86
201500035838,15,11,5,1545,1,2,1,1,3,86194,M,4656028.0,37722.0,86
201500035839,15,11,6,1705,1,2,1,1,6,86194,M,4658950.0,35871.0,86
201500035840,15,11,6,2300,5,2,1,2,6,86194,M,4658190.0,34211.0,86
201500035841,15,11,7,1935,5,2,1,1,3,86194,M,4656730.0,36588.0,86
201500035842,15,11,11,715,2,2,1,1,6,86194,M,4534108.0,19238.0,86
201500035843,15,11,15,2250,5,2,1,1,6,86194,M,4655620.0,38689.0,86
201500035844,15,11,13,1800,1,1,1,1,6,86194,M,,,86
201500035845,15,11,13,1655,1,2,1,1,6,86194,M,,,86
201500035846,15,11,16,1355,1,2,1,1,2,86194,M,4659192.0,33478.0,86
201500035847,15,11,17,1745,1,2,1,2,3,86194,M,,,86
201500035848,15,11,18,920,1,1,3,1,4,86157,M,4654532.0,38724.0,86
201500035849,15,11,18,1715,2,2,1,2,6,86194,M,4658692.0,35024.0,86
201500035850,15,11,18,1915,5,2,2,2,6,86194,M,4656488.0,35688.0,86
201500035851,15,11,19,840,1,1,1,1,3,86041,M,4661730.0,36075.0,86
201500035852,15,11,19,800,1,2,1,1,4,86194,M,4657832.0,35108.0,86
201500035853,15,11,23,525,5,2,1,2,6,86041,M,4659358.0,37410.0,86
201500035854,15,11,20,2150,1,1,1,1,6,86194,M,4656727.0,33836.0,86
201500035855,15,11,23,1340,1,2,1,1,1,86194,M,4658690.0,33584.0,86
201500035856,15,11,24,2050,5,2,3,2,6,86194,M,4657564.0,36804.0,86
201500035857,15,11,25,1900,3,1,3,2,3,86214,M,4654549.0,38698.0,86
201500035858,15,11,26,815,5,2,1,1,6,86194,M,4657110.0,36916.0,86
201500035859,15,11,26,1105,1,2,2,1,5,86194,M,,,86
201500035860,15,12,1,1727,2,2,1,1,7,86027,M,4657561.0,30165.0,86
201500035861,15,12,1,2020,3,1,1,1,2,86157,M,4653351.0,43089.0,86
201500035862,15,12,3,1910,5,2,1,1,6,86194,M,4656824.0,38629.0,86
201500035863,15,12,3,1330,1,2,1,1,3,86194,M,4658791.0,33992.0,86
201500035864,15,12,6,1700,1,1,1,1,2,86157,M,4654337.0,41477.0,86
201500035865,15,12,7,810,1,2,1,1,1,86194,M,4658956.0,34653.0,86
201500035866,15,12,7,1650,1,2,1,1,6,86194,M,4656933.0,36965.0,86
201500035867,15,12,12,235,5,2,2,1,6,86194,M,4659249.0,34040.0,86
201500035868,15,12,12,1415,1,2,3,1,1,86194,M,4657540.0,37630.0,86
201500035869,15,12,15,1705,5,2,2,2,3,86194,M,4658990.0,35547.0,86
201500035870,15,12,15,1840,5,2,2,1,3,86194,M,4656720.0,36555.0,86
201500035871,15,12,15,1710,1,2,1,2,2,86194,M,4658210.0,36867.0,86
201500035872,15,12,16,1540,1,2,3,1,3,86194,M,4655611.0,30861.0,86
201500035873,15,12,18,800,2,2,1,1,2,86194,M,4658954.0,34032.0,86
201500035874,15,12,18,830,1,2,1,1,4,86194,M,4661046.0,34827.0,86
201500035875,15,12,22,1810,5,2,1,1,6,86194,M,4658627.0,33827.0,86
201500035876,15,12,31,1152,1,2,3,2,3,87085,M,,,87
201500035877,15,3,17,1712,1,2,2,1,3,87050,M,,,87
201500035878,15,3,19,834,1,2,1,1,6,87085,M,,,87
201500035879,15,3,19,1629,1,2,3,1,3,87085,M,,,87
201500035880,15,3,23,1847,2,2,1,1,2,87065,M,,,87
201500035881,15,3,20,1345,1,2,1,2,1,87085,M,,,87
201500035882,15,3,19,1250,1,2,1,1,6,87085,M,,,87
201500035883,15,1,3,1245,1,2,1,2,1,87085,M,4585590.0,124767.0,87
201500035884,15,3,18,2114,5,2,2,1,3,87085,M,,,87
201500035885,15,3,20,1814,1,2,2,2,6,87085,M,,,87
201500035886,15,1,3,2105,4,1,1,3,6,87085,M,4582780.0,128307.0,87
201500035887,15,3,24,2243,5,2,1,2,6,87050,M,,,87
201500035888,15,3,26,1050,1,2,3,1,3,87085,M,,,87
201500035889,15,3,31,1218,1,2,1,2,2,87065,M,4581800.0,130207.0,87
201500035890,15,4,1,1217,1,2,3,1,3,87085,M,,,87
201500035891,15,4,1,1702,1,2,1,1,6,87085,M,,,87
201500035892,15,4,6,2005,1,2,1,1,6,87114,M,,,87
201500035893,15,4,5,1425,1,1,1,1,1,87075,M,4578520.0,118907.0,87
201500035894,15,4,6,2353,5,2,2,1,3,87085,M,,,87
201500035895,15,4,6,1917,1,2,1,1,5,87085,M,,,87
201500035896,15,4,3,503,5,1,1,1,6,87085,M,4583990.0,128089.0,87
201500035897,15,4,8,1518,1,2,1,1,1,87085,M,4581890.0,126462.0,87
201500035898,15,4,8,1106,1,1,1,1,2,87085,M,4589520.0,129723.0,87
201500035899,15,4,12,1232,1,2,1,1,6,87085,M,,,87
201500035900,15,4,13,1445,1,2,1,1,3,87085,M,,,87
201500035901,15,4,9,1706,1,2,1,1,2,87085,M,4583450.0,122576.0,87
201500035902,15,4,5,1310,1,2,1,1,6,87113,M,4586720.0,132438.0,87
201500035903,15,4,9,1721,1,2,1,1,6,87085,M,,,87
201500035904,15,4,11,833,1,2,2,1,3,87085,M,,,87
201500035905,15,4,12,1740,1,2,1,1,6,87085,M,,,87
201500035906,15,4,13,1713,1,2,1,1,2,87085,M,,,87
201500035907,15,4,13,1128,1,1,1,1,1,87065,M,4580750.0,135569.0,87
201500035908,15,4,15,1707,1,2,3,1,3,87085,M,4581210.0,125776.0,87
201500035909,15,4,15,1554,1,2,1,1,3,87085,M,,,87
201500035910,15,11,18,1842,2,2,2,2,6,87085,M,,,87
201500035911,15,4,18,306,5,2,1,1,6,87085,M,,,87
201500035912,15,1,6,1800,5,2,1,2,2,87085,M,,,87
201500035913,15,4,21,1442,1,2,1,1,6,87114,M,,,87
201500035914,15,4,21,1313,1,2,1,1,3,87085,M,,,87
201500035915,15,1,7,1240,1,1,1,1,2,87085,M,,,87
201500035916,15,4,20,940,1,1,1,1,1,87050,M,,,87
201500035917,15,4,4,425,3,1,1,1,6,87085,M,4580750.0,123862.0,87
201500035918,15,1,8,915,1,1,1,1,3,87085,M,4585040.0,127616.0,87
201500035919,15,4,24,1720,1,1,1,1,4,87085,M,4587680.0,128780.0,87
201500035920,15,4,26,2149,5,2,2,2,3,87085,M,,,87
201500035921,15,4,27,914,1,2,1,2,6,87085,M,,,87
201500035922,15,4,30,1030,1,2,1,1,6,87085,M,,,87
201500035923,15,5,1,1825,1,1,1,2,6,87085,M,4588330.0,131828.0,87
201500035924,15,5,3,1144,1,2,1,2,6,87085,M,4582110.0,126283.0,87
201500035925,15,5,2,1644,1,2,1,3,6,87085,M,,,87
201500035926,15,5,2,1915,2,2,2,3,3,87085,M,,,87
201500035927,15,5,5,1548,1,2,1,1,3,87085,M,,,87
201500035928,15,1,9,750,2,2,1,2,6,87114,M,4583150.0,130173.0,87
201500035929,15,5,6,226,5,2,1,1,6,87085,M,,,87
201500035930,15,5,6,1527,1,2,1,1,3,87065,M,4581440.0,131873.0,87
201500035931,15,5,7,718,1,2,1,1,2,87085,M,,,87
201500035932,15,1,9,1814,5,2,2,1,3,87085,M,,,87
201500035933,15,5,8,1544,1,2,2,1,3,87085,M,,,87
201500035934,15,5,9,1215,1,2,1,1,6,87085,M,,,87
201500035935,15,5,18,740,1,1,1,1,2,87050,M,4588950.0,118411.0,87
201500035936,15,5,19,2111,2,2,2,1,3,87085,M,,,87
201500035937,15,5,22,743,1,1,3,1,3,87048,M,4579830.0,125198.0,87
201500035938,15,5,21,1940,1,2,1,1,6,87085,M,,,87
201500035939,15,5,23,953,1,2,1,1,6,87085,M,,,87
201500035940,15,1,10,1420,1,2,1,2,3,87085,M,,,87
201500035941,15,5,28,946,1,2,1,1,3,87085,M,,,87
201500035942,15,5,20,1831,1,2,1,1,2,87050,M,4586830.0,123818.0,87
201500035943,15,1,10,1931,5,1,1,2,6,87085,M,4582820.0,128273.0,87
201500035944,15,6,2,1811,1,2,1,1,6,87085,M,,,87
201500035945,15,1,10,2123,5,2,3,2,3,87085,M,,,87
201500035946,15,6,3,1730,1,2,1,1,2,87085,M,,,87
201500035947,15,6,5,207,3,1,1,1,6,87048,M,,,87
201500035948,15,6,6,46,3,1,1,1,6,87085,M,,,87
201500035949,15,1,11,1800,5,2,1,1,6,87085,M,,,87
201500035950,15,6,8,1633,1,2,1,1,6,87085,M,,,87
201500035951,15,6,11,153,5,2,1,1,6,87085,M,,,87
201500035952,15,6,10,801,1,2,1,1,6,87085,M,,,87
201500035953,15,6,10,1329,1,2,1,1,6,87085,M,,,87
201500035954,15,6,11,1520,1,2,6,1,3,87085,M,4589600.0,130203.0,87
201500035955,15,6,5,705,2,2,3,1,3,87085,M,4582560.0,127882.0,87
201500035956,15,6,9,424,5,1,1,1,2,87085,M,4583890.0,128180.0,87
201500035957,15,6,8,907,1,2,1,1,6,87085,M,,,87
201500035958,15,6,10,1216,1,2,2,1,3,87085,M,,,87
201500035959,15,6,13,1923,1,2,6,1,1,87085,M,4586000.0,128737.0,87
201500035960,15,6,13,1429,1,2,3,1,3,87085,M,4582700.0,128335.0,87
201500035961,15,1,12,1917,5,2,2,1,3,87085,M,4582600.0,126802.0,87
201500035962,15,6,14,1844,1,2,1,1,3,87085,M,,,87
201500035963,15,6,16,745,1,2,3,1,3,87085,M,,,87
201500035964,15,6,10,1223,1,1,1,2,6,87065,M,4581970.0,129163.0,87
201500035965,15,1,13,1101,1,2,1,1,6,87085,M,,,87
201500035966,15,6,17,1712,1,2,1,1,6,87085,M,,,87
201500035967,15,6,18,2333,5,2,2,1,1,87085,M,,,87
201500035968,15,6,22,1135,1,2,6,1,3,87085,M,,,87
201500035969,15,6,19,1556,1,2,1,1,6,87065,M,4581850.0,129969.0,87
201500035970,15,6,22,2206,5,1,6,1,3,87085,M,4589330.0,129139.0,87
201500035971,15,6,23,1850,1,2,3,1,3,87085,M,,,87
201500035972,15,6,24,1840,1,2,1,1,2,87114,M,,,87
201500035973,15,6,24,2015,1,2,1,1,2,87085,M,4582510.0,127930.0,87
201500035974,15,6,26,1632,1,2,6,1,6,87065,M,4581800.0,129487.0,87
201500035975,15,1,15,1339,1,2,1,1,6,87085,M,,,87
201500035976,15,6,26,1658,1,2,1,1,6,87085,M,,,87
201500035977,15,6,28,1034,1,1,1,1,6,87048,M,4578300.0,122619.0,87
201500035978,15,1,15,1718,1,2,1,1,7,87113,M,,,87