Num_Acc,an,mois,jour,hrmn,lum,agg,int,atm,col,com,gps,lat,long,dep
201500035979,15,6,30,1402,1,1,1,1,1,87085,M,4578230.0,119693.0,87
201500035980,15,6,30,1528,1,2,1,1,6,87085,M,,,87
201500035981,15,7,1,1724,1,2,1,1,6,87085,M,,,87
201500035982,15,7,3,1017,1,2,1,1,6,87085,M,,,87
201500035983,15,7,3,1811,1,2,3,1,3,87085,M,,,87
201500035984,15,7,4,949,1,2,1,1,1,87085,M,,,87
201500035985,15,7,8,1618,1,2,1,1,6,87085,M,,,87
201500035986,15,7,9,2109,2,1,3,1,3,87065,M,,,87
201500035987,15,7,11,2011,1,2,6,1,3,87085,M,,,87
201500035988,15,7,10,1821,1,2,1,1,6,87085,M,,,87
201500035989,15,1,16,1107,1,2,1,2,6,87113,M,4586180.0,132257.0,87
201500035990,15,7,15,1700,1,2,1,1,3,87085,M,,,87
201500035991,15,1,16,1346,1,1,3,1,3,87085,M,4590590.0,129117.0,87
201500035992,15,7,13,2009,1,2,1,1,3,87085,M,,,87
201500035993,15,7,17,1559,1,2,3,1,3,87114,M,,,87
201500035994,15,7,19,1748,1,2,1,1,2,87085,M,,,87
201500035995,15,7,20,1118,1,1,1,1,6,87085,M,,,87
201500035996,15,1,19,754,2,2,2,2,6,87065,M,4581390.0,132110.0,87
201500035997,15,7,21,1113,1,2,1,1,3,87085,M,,,87
201500035998,15,7,18,1531,1,1,1,1,4,87085,M,4592390.0,130136.0,87
201500035999,15,7,11,2146,2,2,1,1,6,87085,M,,,87
201500036000,15,7,23,1733,1,1,1,1,2,87085,M,4589590.0,129430.0,87
201500036001,15,7,24,1409,1,1,1,1,6,87065,M,,,87
201500036002,15,7,26,1806,1,1,1,1,6,87048,M,,,87
201500036003,15,7,24,100,5,2,3,1,3,87085,M,,,87
201500036004,15,7,29,1025,1,2,1,2,6,87050,M,4585660.0,124516.0,87
201500036005,15,7,30,1724,1,2,3,1,6,87085,M,,,87
201500036006,15,8,2,1906,1,2,1,1,6,87085,M,4585420.0,126611.0,87
201500036007,15,8,8,815,1,2,1,2,6,87085,M,4583440.0,124861.0,87
201500036008,15,8,8,1348,1,2,1,2,6,87085,M,4585080.0,129847.0,87
201500036009,15,8,13,826,1,2,1,2,1,87085,M,4584080.0,119336.0,87
201500036010,15,1,19,826,1,2,1,2,4,87065,M,4581300.0,132496.0,87
201500036011,15,8,13,1913,1,2,1,1,2,87085,M,4587830.0,127581.0,87
201500036012,15,1,19,2138,5,2,3,2,6,87085,M,,,87
201500036013,15,8,15,550,5,2,2,1,3,87085,M,,,87
201500036014,15,8,20,748,1,2,1,1,3,87085,M,4583350.0,126147.0,87
201500036015,15,8,8,425,5,2,1,2,6,87085,M,4582200.0,126997.0,87
201500036016,15,8,21,1904,1,1,1,1,7,87085,M,4585180.0,120122.0,87
201500036017,15,8,21,1800,1,2,2,1,1,87085,M,4582110.0,126286.0,87
201500036018,15,1,21,1040,1,2,1,1,2,87085,M,,,87
201500036019,15,8,25,202,3,1,1,1,2,87085,M,4581900.0,129250.0,87
201500036020,15,1,21,1824,5,2,1,1,3,87085,M,,,87
201500036021,15,8,26,1839,1,1,1,1,2,87085,M,4588280.0,128725.0,87
201500036022,15,8,26,1543,1,1,1,1,1,87085,M,4588010.0,117561.0,87
201500036023,15,8,27,832,1,2,1,1,5,87114,M,4583700.0,131467.0,87
201500036024,15,1,22,1617,1,2,1,1,6,87085,M,,,87
201500036025,15,8,28,1922,1,2,1,1,5,87085,M,4584890.0,125564.0,87
201500036026,15,8,26,1117,1,1,1,1,1,87065,M,4580420.0,133014.0,87
201500036027,15,8,30,2127,5,1,1,1,6,87085,M,4586680.0,117853.0,87
201500036028,15,8,31,1904,1,2,1,1,6,87085,M,4579890.0,126447.0,87
201500036029,15,9,2,1620,1,2,1,1,6,87085,M,4586910.0,129164.0,87
201500036030,15,9,2,2005,1,2,6,1,3,87085,M,4584240.0,124292.0,87
201500036031,15,9,4,1530,1,2,1,1,6,87085,M,4582310.0,122006.0,87
201500036032,15,1,24,1211,1,2,1,1,7,87085,M,,,87
201500036033,15,9,5,2101,5,1,1,1,4,87085,M,4584030.0,128053.0,87
201500036034,15,9,3,1826,1,2,3,1,3,87085,M,,,87
201500036035,15,1,24,2229,5,2,1,1,6,87085,M,,,87
201500036036,15,9,6,1606,1,2,2,1,3,87085,M,4583450.0,122653.0,87
201500036037,15,8,15,2252,5,2,1,1,6,87085,M,4582640.0,122686.0,87
201500036038,15,9,8,1212,1,2,1,1,7,87065,M,4581270.0,132631.0,87
201500036039,15,9,10,1300,1,2,1,1,2,87085,M,4584990.0,126289.0,87
201500036040,15,9,10,2032,5,2,1,1,6,87085,M,4584690.0,127958.0,87
201500036041,15,9,12,802,1,2,3,3,3,87085,M,4582360.0,125114.0,87
201500036042,15,9,10,1753,1,2,2,1,6,87085,M,4582410.0,124539.0,87
201500036043,15,9,13,1017,1,2,3,1,6,87085,M,4583420.0,127344.0,87
201500036044,15,1,26,740,2,2,1,1,6,87085,M,,,87
201500036045,15,9,12,904,1,2,1,3,6,87085,M,4583440.0,122706.0,87
201500036046,15,9,12,1142,1,1,1,1,2,87085,M,4589320.0,129136.0,87
201500036047,15,1,26,1737,1,1,1,2,2,87085,M,4585040.0,127616.0,87
201500036048,15,9,19,1958,2,2,1,1,6,87085,M,4581960.0,125206.0,87
201500036049,15,9,21,815,1,1,1,1,1,87065,M,4579500.0,130019.0,87
201500036050,15,9,22,1811,1,2,1,3,1,87085,M,4583830.0,121411.0,87
201500036051,15,9,22,1526,1,2,6,3,6,87065,M,4581010.0,132644.0,87
201500036052,15,9,25,732,5,2,1,1,6,87113,M,4587210.0,130594.0,87
201500036053,15,9,23,1554,1,1,1,1,1,87048,M,4578730.0,126194.0,87
201500036054,15,9,26,1902,1,2,1,1,4,87114,M,4582690.0,129164.0,87
201500036055,15,1,27,1744,2,1,1,1,2,87085,M,4589250.0,129268.0,87
201500036056,15,9,25,1316,1,2,1,1,3,87085,M,4581980.0,128547.0,87
201500036057,15,9,23,1339,1,2,1,1,3,87085,M,,,87
201500036058,15,9,28,823,1,1,1,1,6,87085,M,4587580.0,119269.0,87
201500036059,15,9,29,20,5,2,1,1,2,87085,M,4583860.0,125700.0,87
201500036060,15,9,29,1429,1,2,1,1,2,87085,M,4583770.0,125644.0,87
201500036061,15,9,30,1150,1,2,3,1,6,87085,M,4585240.0,125297.0,87
201500036062,15,9,27,1731,1,1,1,1,5,87085,M,4586410.0,128742.0,87
201500036063,15,10,1,747,1,2,1,1,2,87085,M,4585410.0,126614.0,87
201500036064,15,10,1,1714,1,2,2,1,6,87085,M,4582350.0,124044.0,87
201500036065,15,10,2,1735,1,2,1,1,6,87085,M,4586030.0,128764.0,87
201500036066,15,1,30,908,1,1,1,8,6,87114,M,,,87
201500036067,15,10,3,1420,1,2,2,1,3,87085,M,4582850.0,126264.0,87
201500036068,15,1,30,1155,1,2,1,2,3,87085,M,4582120.0,126299.0,87
201500036069,15,10,9,741,3,1,4,1,1,87050,M,4589360.0,121461.0,87
201500036070,15,1,30,2034,5,2,1,1,3,87085,M,,,87
201500036071,15,10,4,1909,1,2,1,2,6,87085,M,4580120.0,126464.0,87
201500036072,15,10,4,1740,1,2,1,1,6,87048,M,4579530.0,122833.0,87
201500036073,15,10,4,1820,1,2,1,1,6,87048,M,4579530.0,122828.0,87
201500036074,15,10,5,1153,1,2,2,1,3,87085,M,4584390.0,125256.0,87
201500036075,15,10,6,750,1,2,1,1,2,87085,M,4582840.0,126158.0,87
201500036076,15,2,1,707,2,1,1,2,6,87085,M,,,87
201500036077,15,10,6,808,1,2,1,2,2,87085,M,4584560.0,124200.0,87
201500036078,15,10,9,827,1,2,1,1,6,87085,M,4582800.0,125747.0,87
201500036079,15,10,7,854,1,2,1,1,2,87085,M,4582890.0,125572.0,87
201500036080,15,10,13,1703,1,2,1,1,2,87085,M,4583510.0,126636.0,87
201500036081,15,2,2,1251,1,2,3,1,3,87085,M,,,87
201500036082,15,10,10,1427,1,1,1,1,6,87065,M,4579570.0,129453.0,87
201500036083,15,10,9,1730,1,2,2,1,2,87085,M,4583210.0,126483.0,87
201500036084,15,10,13,1838,2,1,1,1,2,87065,M,4579400.0,130231.0,87
201500036085,15,10,15,810,2,2,1,2,6,87085,M,4583350.0,126975.0,87
201500036086,15,10,16,1327,1,2,3,1,3,87085,M,4584120.0,126186.0,87
201500036087,15,10,16,2029,3,1,1,1,1,87065,M,4579470.0,129511.0,87
201500036088,15,10,18,2124,5,2,1,1,6,87085,M,4584420.0,125892.0,87
201500036089,15,10,20,1607,1,2,3,1,2,87085,M,4583740.0,125208.0,87
201500036090,15,2,5,729,5,2,2,1,4,87085,M,,,87
201500036091,15,10,12,1051,1,2,1,1,6,87085,M,4583790.0,123031.0,87
201500036092,15,2,5,1001,1,2,3,1,3,87085,M,,,87
201500036093,15,10,22,1255,1,2,1,2,1,87085,M,4581880.0,126550.0,87
201500036094,15,10,27,658,3,1,1,1,6,87085,M,4589040.0,127181.0,87
201500036095,15,2,5,1214,1,2,3,1,6,87085,M,,,87
201500036096,15,10,22,1416,1,1,1,2,1,87050,M,4585740.0,124417.0,87
201500036097,15,10,29,1817,1,1,1,1,2,87085,M,4581020.0,125686.0,87
201500036098,15,10,31,1920,5,2,1,1,2,87085,M,4582390.0,127747.0,87
201500036099,15,10,31,2353,5,2,1,1,6,87085,M,4582780.0,125506.0,87
201500036100,15,11,3,1516,1,2,2,1,6,87085,M,,,87
201500036101,15,10,30,1527,1,2,3,1,3,87085,M,4582410.0,125111.0,87
201500036102,15,11,6,2341,5,2,3,1,3,87085,M,4582700.0,128335.0,87
201500036103,15,11,7,1119,1,2,1,1,6,87085,M,,,87
201500036104,15,11,7,1159,1,2,2,1,3,87085,M,4581740.0,125244.0,87
201500036105,15,11,8,2303,3,1,1,1,6,87085,M,4589510.0,129675.0,87
201500036106,15,11,7,1428,1,2,1,1,6,87085,M,,,87
201500036107,15,11,9,1538,1,2,1,1,6,87085,M,,,87
201500036108,15,11,10,1946,5,2,1,1,3,87085,M,,,87
201500036109,15,11,11,1207,1,2,2,1,6,87085,M,,,87
201500036110,15,11,12,1324,1,2,1,1,7,87085,M,,,87
201500036111,15,11,13,1840,2,2,3,1,3,87085,M,,,87
201500036112,15,2,9,836,1,1,1,1,6,87075,M,4579010.0,117172.0,87
201500036113,15,11,14,535,5,2,3,1,6,87085,M,,,87
201500036114,15,11,13,1730,1,2,1,1,4,87085,M,4581130.0,125742.0,87
201500036115,15,11,15,1605,1,2,2,1,3,87085,M,,,87
201500036116,15,10,23,300,5,1,1,2,6,87114,M,4584340.0,133650.0,87
201500036117,15,11,17,827,1,2,1,1,4,87085,M,,,87
201500036118,15,11,17,1837,3,1,1,2,2,87050,M,4589110.0,126064.0,87
201500036119,15,10,24,2028,5,2,1,1,3,87085,M,4583880.0,125692.0,87
201500036120,15,2,10,1038,1,2,1,1,6,87085,M,,,87
201500036121,15,10,31,1520,1,2,3,1,3,87085,M,4582710.0,128350.0,87
201500036122,15,11,18,1504,1,1,1,2,2,87085,M,4587530.0,128777.0,87
201500036123,15,11,16,1846,2,2,2,1,4,87085,M,,,87
201500036124,15,11,20,1425,1,2,2,3,3,87085,M,,,87
201500036125,15,11,23,2250,5,2,1,1,6,87085,M,,,87
201500036126,15,11,23,1729,1,1,1,1,6,87085,M,4589240.0,129256.0,87
201500036127,15,11,25,746,3,1,1,2,6,87085,M,4579780.0,125463.0,87
201500036128,15,2,11,825,1,2,1,1,6,87085,M,,,87
201500036129,15,11,24,815,1,2,1,1,6,87085,M,,,87
201500036130,15,2,11,1402,1,2,1,1,4,87085,M,4583460.0,122473.0,87
201500036131,15,11,25,1003,1,2,1,2,6,87085,M,,,87
201500036132,15,11,26,810,5,2,1,1,6,87085,M,,,87
201500036133,15,11,24,2137,5,2,1,2,6,87085,M,,,87
201500036134,15,11,26,854,1,2,3,1,6,87085,M,,,87
201500036135,15,11,27,811,1,2,1,1,6,87085,M,,,87
201500036136,15,11,26,1949,2,2,3,1,3,87085,M,,,87
201500036137,15,11,29,1529,1,1,1,2,6,87075,M,4579500.0,122337.0,87
201500036138,15,11,27,1316,1,2,3,1,3,87085,M,,,87
201500036139,15,11,20,1445,1,2,2,2,3,87085,M,,,87
201500036140,15,2,12,1920,5,1,1,1,2,87085,M,4585690.0,128169.0,87
201500036141,15,11,29,1926,2,2,1,2,5,87085,M,,,87
201500036142,15,12,2,738,5,2,2,1,3,87114,M,,,87
201500036143,15,12,3,1459,1,2,1,1,2,87085,M,,,87
201500036144,15,12,2,824,2,2,1,1,6,87085,M,,,87
201500036145,15,12,4,1522,1,2,2,1,3,87114,M,,,87
201500036146,15,12,6,617,5,2,1,1,5,87048,M,,,87
201500036147,15,12,5,1020,1,2,1,1,3,87085,M,,,87
201500036148,15,12,4,1819,2,2,1,1,5,87114,M,4583000.0,129816.0,87
201500036149,15,12,9,1614,1,2,3,1,3,87085,M,4585110.0,130035.0,87
201500036150,15,12,11,1302,1,2,1,1,6,87085,M,,,87
201500036151,15,2,13,1501,1,1,1,1,6,87085,M,,,87
201500036152,15,12,9,1720,2,2,1,1,3,87085,M,,,87
201500036153,15,12,12,1210,1,2,3,1,3,87050,M,4587250.0,123818.0,87
201500036154,15,12,15,1514,1,2,3,1,3,87085,M,,,87
201500036155,15,12,17,1553,1,2,1,1,6,87085,M,,,87
201500036156,15,12,11,1054,1,2,3,1,3,87085,M,,,87
201500036157,15,12,14,1314,1,2,2,1,3,87085,M,,,87
201500036158,15,2,16,1502,1,1,1,1,3,87085,M,4586290.0,128711.0,87
201500036159,15,12,19,1111,1,1,1,1,6,87021,M,4576980.0,122413.0,87
201500036160,15,2,16,1532,1,1,2,1,3,87065,M,4579240.0,128217.0,87
201500036161,15,12,20,1940,5,2,2,1,3,87085,M,4582120.0,126297.0,87
201500036162,15,2,17,743,2,2,1,1,7,87085,M,,,87
201500036163,15,12,21,1530,1,1,1,1,4,87085,M,4591910.0,129742.0,87
201500036164,15,12,22,1329,1,2,1,1,1,87085,M,,,87
201500036165,15,12,24,953,1,2,1,1,6,87085,M,,,87
201500036166,15,12,24,1350,1,2,1,1,6,87085,M,,,87
201500036167,15,12,26,1616,1,1,1,1,6,87050,M,,,87
201500036168,15,12,26,1341,1,2,3,1,3,87085,M,,,87
201500036169,15,12,28,1020,1,1,1,1,7,87085,M,,,87
201500036170,15,12,29,1205,1,2,1,1,6,87085,M,,,87
201500036171,15,2,18,855,1,2,3,1,3,87065,M,4581580.0,131277.0,87
201500036172,15,12,30,911,1,2,3,1,1,87085,M,,,87
201500036173,15,12,31,1008,1,2,3,2,6,87085,M,,,87
201500036174,15,2,18,1638,1,2,1,1,6,87085,M,,,87
201500036175,15,2,20,2020,5,2,3,3,3,87085,M,,,87
201500036176,15,2,21,1306,1,1,2,2,6,87048,M,4579830.0,125198.0,87
201500036177,15,2,24,2125,5,2,1,2,6,87085,M,,,87
201500036178,15,2,26,1205,1,1,1,2,6,87085,M,0.0,0.0,87
201500036179,15,2,28,908,1,2,1,1,6,87085,M,,,87
201500036180,15,2,28,2326,5,2,2,2,1,87085,M,,,87
201500036181,15,3,5,2119,5,1,2,9,6,87085,M,,,87
201500036182,15,3,6,1226,1,2,1,1,6,87085,M,,,87
201500036183,15,3,6,1810,1,2,1,1,3,87085,M,,,87
201500036184,15,3,8,1757,1,2,1,1,6,87085,M,,,87
201500036185,15,3,9,2027,5,2,2,1,3,87085,M,,,87
201500036186,15,3,10,1736,1,1,1,1,3,87085,M,4588070.0,128911.0,87
201500036187,15,3,12,1142,1,2,1,1,6,87085,M,,,87
201500036188,15,3,12,1848,1,2,1,1,6,87085,M,,,87
201500036189,15,3,12,1921,5,2,1,1,6,87050,M,,,87
201500036190,15,3,14,845,1,2,1,2,6,87085,M,,,87
201500036191,15,3,15,2100,5,2,3,1,3,87085,M,,,87
201500036192,15,4,14,650,1,2,1,1,7,88209,M,4819339.0,644634.0,88
201500036193,15,4,22,2055,5,1,1,1,3,88209,M,4819351.0,644211.0,88
201500036194,15,4,30,2230,3,1,1,9,2,88160,M,4817658.0,650306.0,88
201500036195,15,12,23,1824,5,2,1,2,6,88160,M,4816111.0,645071.0,88
201500036196,15,12,18,1745,4,2,1,1,3,88160,M,4818991.0,644205.0,88
201500036197,15,5,28,725,1,2,1,1,6,88160,M,4817717.0,646751.0,88
201500036198,15,6,7,2005,1,2,1,1,6,88160,M,4818834.0,643414.0,88
201500036199,15,6,9,1605,1,1,1,1,1,88160,M,4814012.0,644991.0,88
201500036200,15,7,8,841,1,2,3,1,6,88160,M,4817065.0,644842.0,88
201500036201,15,7,20,1720,1,2,1,1,7,88160,M,4816434.0,644925.0,88
201500036202,15,7,20,1125,1,2,1,1,6,88209,M,4819787.0,643559.0,88
201500036203,15,8,4,1035,1,2,3,3,3,88160,M,4815023.0,645535.0,88
201500036204,15,9,1,1110,1,2,2,1,6,88160,M,4817674.0,644602.0,88
201500036205,15,9,11,1515,1,2,2,1,3,88160,M,4819058.0,645988.0,88
201500036206,15,9,8,1100,1,2,2,1,1,88209,M,4818813.0,641948.0,88
201500036207,15,9,17,810,1,2,2,2,1,88209,M,4820236.0,643741.0,88
201500036208,15,10,1,1627,1,2,2,1,6,88160,M,4818608.0,645359.0,88
201500036209,15,9,30,1204,1,2,1,1,6,88160,M,4817344.0,644513.0,88
201500036210,15,10,9,1750,1,1,1,1,4,88160,M,4819628.0,646781.0,88
201500036211,15,10,20,2040,5,2,6,1,6,88160,M,4818393.0,646733.0,88
201500036212,15,11,17,1515,1,2,2,2,6,88160,M,4817630.0,644555.0,88
201500036213,15,11,14,1610,1,1,1,1,2,88160,M,4816993.0,652325.0,88
201500036214,15,11,16,1040,1,2,2,1,6,88160,M,4817686.0,645019.0,88
201500036215,15,11,12,1315,1,2,2,1,6,88209,M,4818968.0,642918.0,88
201500036216,15,12,19,853,1,2,1,2,6,88160,M,4817196.0,651488.0,88
201500036217,15,12,23,1200,1,2,1,2,6,88160,M,4816111.0,645077.0,88
201500036218,15,1,24,1250,1,2,2,4,3,88209,M,4819240.0,643890.0,88
201500036219,15,1,31,1830,5,2,1,2,6,88160,M,4817820.0,643379.0,88
201500036220,15,2,5,1640,1,2,1,1,6,88160,M,4819396.0,645576.0,88
201500036221,15,5,23,1650,1,2,1,1,3,88383,M,4800896.0,660656.0,88
201500036222,15,7,15,1035,1,2,3,1,6,88383,M,,,88
201500036223,15,9,13,1045,1,2,4,2,3,88429,M,4802752.0,657940.0,88
201500036224,15,11,1,1352,1,1,1,1,1,88462,M,4804093.0,668103.0,88
201500036225,15,3,18,1940,5,2,1,1,1,88413,M,4828069.0,692367.0,88
201500036226,15,3,29,1410,1,2,2,2,3,88424,M,4826939.0,697616.0,88
201500036227,15,3,24,1510,1,1,1,1,2,88424,M,4827229.0,696167.0,88
201500036228,15,3,29,2215,5,2,1,3,6,88413,M,4828214.0,694957.0,88
201500036229,15,6,3,1610,1,2,1,1,3,88424,M,4826593.0,698116.0,88
201500036230,15,6,2,1845,1,2,1,1,3,88413,M,4828767.0,695380.0,88
201500036231,15,6,5,1335,1,2,6,7,6,88413,M,4828084.0,695901.0,88
201500036232,15,6,4,2330,3,2,1,1,7,88519,M,4833296.0,690053.0,88
201500036233,15,6,10,1830,1,2,1,1,6,88424,M,4827205.0,697076.0,88
201500036234,15,6,16,1405,1,2,9,9,6,88413,M,4828852.0,695010.0,88
201500036235,15,6,26,2100,1,2,1,1,7,88413,M,4828394.0,697656.0,88
201500036236,15,6,29,2119,2,1,1,1,7,88463,M,4834457.0,688339.0,88
201500036237,15,6,30,1155,1,2,1,1,1,88424,M,4827844.0,696973.0,88
201500036238,15,6,25,1810,1,2,1,1,1,88413,M,4827472.0,686611.0,88
201500036239,15,6,30,1720,1,1,1,1,3,88519,M,4829257.0,688938.0,88
201500036240,15,7,8,1135,1,2,1,1,3,88413,M,4828904.0,692644.0,88
201500036241,15,7,28,855,1,2,1,1,6,88413,M,4828642.0,694941.0,88
201500036242,15,8,24,2238,5,2,1,1,1,88413,M,4829239.0,694772.0,88
201500036243,15,10,4,2150,3,1,1,1,6,88463,M,4827455.0,686385.0,88
201500036244,15,9,30,815,1,2,2,1,5,88413,M,4828671.0,694147.0,88
201500036245,15,10,7,1910,2,2,6,1,3,88413,M,4828403.0,694892.0,88
201500036246,15,10,28,649,5,2,1,1,6,88413,M,4828815.0,695244.0,88
201500036247,15,11,4,720,1,2,2,1,3,88424,M,4826830.0,696143.0,88
201500036248,15,11,27,1435,1,1,1,1,6,88463,M,4827374.0,687789.0,88
201500036249,15,1,14,1745,5,2,1,1,6,88413,M,4828725.0,694833.0,88
201500036250,15,1,18,400,3,1,1,5,6,88413,M,4826667.0,694167.0,88
201500036251,15,3,25,1145,1,2,1,1,6,89024,M,4780517.0,358261.0,89
201500036252,15,4,8,1905,1,1,1,1,2,89024,M,4778843.0,353635.0,89
201500036253,15,5,16,2245,5,2,2,1,1,89024,M,4779539.0,357776.0,89
201500036254,15,6,15,1055,1,2,2,1,6,89024,M,4779900.0,358272.0,89
201500036255,15,6,25,1345,1,2,3,1,6,89024,M,4779630.0,357521.0,89
201500036256,15,6,25,845,1,1,1,1,1,89024,M,4782028.0,361599.0,89
201500036257,15,7,20,920,1,2,1,1,6,89024,M,4779802.0,355238.0,89
201500036258,15,7,30,750,1,1,1,1,6,89024,M,4780492.0,360276.0,89
201500036259,15,1,1,1830,3,1,3,5,3,89024,M,4777952.0,356014.0,89
201500036260,15,9,15,1635,1,2,1,1,6,89024,M,4780767.0,356463.0,89
201500036261,15,9,21,1750,1,1,1,1,5,89024,M,4781916.0,359160.0,89
201500036262,15,9,22,1700,1,2,1,1,6,89024,M,4780523.0,355509.0,89
201500036263,15,10,1,1810,1,2,1,1,4,89024,M,4780393.0,356642.0,89
201500036264,15,10,14,1310,1,1,1,1,2,89024,M,4778911.0,360104.0,89
201500036265,15,11,25,1735,2,2,3,1,3,89024,M,4782087.0,358289.0,89
201500036266,15,12,26,2150,5,2,1,1,6,89024,M,4779442.0,356364.0,89
201500036267,15,1,13,755,2,2,6,1,6,89024,M,4781183.0,357243.0,89
201500036268,15,2,3,735,5,2,1,1,3,89024,M,4781799.0,358496.0,89
201500036269,15,4,19,930,1,2,1,1,3,89387,M,4819921.0,328989.0,89
201500036270,15,5,22,1530,1,2,2,1,3,89387,M,4819294.0,330521.0,89
201500036271,15,5,27,1610,1,2,1,1,2,89387,M,4820439.0,329082.0,89
201500036272,15,5,30,1605,1,2,1,1,6,89387,M,4819651.0,328027.0,89
201500036273,15,6,4,1620,1,2,1,1,2,89387,M,4819323.0,330393.0,89
201500036274,15,6,17,1550,1,2,2,1,6,89387,M,4819870.0,328700.0,89
201500036275,15,6,16,1830,1,2,1,1,6,89287,M,4819128.0,326006.0,89
201500036276,15,6,15,1030,1,2,2,1,3,89387,M,4819838.0,327707.0,89
201500036277,15,7,10,1815,1,2,1,1,2,89387,M,4819211.0,330757.0,89
201500036278,15,7,21,1720,1,2,1,1,6,89387,M,4819996.0,328248.0,89
201500036279,15,7,23,1605,1,1,2,1,3,89387,M,4820522.0,332003.0,89
201500036280,15,8,1,2030,1,2,1,1,6,89387,M,4820068.0,328416.0,89
201500036281,15,9,10,2030,5,2,2,1,3,89387,M,4819798.0,327101.0,89
201500036282,15,9,22,1730,1,1,1,1,2,89338,M,4822552.0,328384.0,89
201500036283,15,9,19,2040,5,1,1,2,6,89287,M,4817400.0,322576.0,89
201500036284,15,9,28,1332,1,2,2,1,3,89387,M,4819732.0,327132.0,89
201500036285,15,11,17,1140,1,2,2,1,1,89387,M,4819671.0,330311.0,89
201500036286,15,11,18,1110,1,1,1,1,1,89387,M,4817237.0,329496.0,89
201500036287,15,12,22,1230,1,2,1,1,6,89236,M,4817709.0,331134.0,89
201500036288,15,12,22,1715,5,2,1,1,3,89287,M,4818953.0,325483.0,89
201500036289,15,1,27,1205,1,1,1,1,2,89387,M,4818158.0,330236.0,89
201500036290,15,2,23,1645,1,1,1,1,3,89338,M,4822574.0,329053.0,89
201500036291,15,1,3,2115,5,2,3,2,3,90010,M,,,90
201500036292,15,1,5,851,1,2,1,7,2,90039,M,,,90
201500036293,15,1,5,1150,1,2,1,7,6,90099,M,,,90
201500036294,15,10,5,919,1,1,3,1,3,90010,M,,,90
201500036295,15,3,20,1805,1,2,1,1,3,90010,M,4764630.0,685003.0,90
201500036296,15,1,8,1101,1,2,1,1,6,90010,M,,,90
201500036297,15,1,11,1320,1,2,1,2,6,90075,M,,,90
201500036298,15,3,24,1650,1,2,3,1,3,90010,M,,,90
201500036299,15,1,12,1913,5,2,1,1,6,90008,M,,,90
201500036300,15,3,27,1610,1,2,1,1,6,90099,M,0.0,0.0,90
201500036301,15,1,16,1430,1,2,2,3,3,90010,M,,,90
201500036302,15,3,28,1100,1,2,1,1,4,90010,M,4763960.0,686067.0,90
201500036303,15,1,16,2015,5,2,1,1,3,90010,M,,,90
201500036304,15,4,7,1620,1,1,2,1,3,90010,M,4762290.0,684861.0,90
201500036305,15,1,18,625,5,2,3,8,3,90010,M,,,90
201500036306,15,4,8,1417,1,2,9,1,6,90010,M,0.0,0.0,90
201500036307,15,1,20,1713,2,2,1,1,6,90010,M,,,90
201500036308,15,4,13,1120,1,2,3,1,3,90010,M,,,90
201500036309,15,1,24,1845,3,2,1,2,2,90008,M,,,90
201500036310,15,4,13,1713,1,2,1,1,6,90010,M,4764090.0,687825.0,90
201500036311,15,1,24,2025,3,1,1,2,2,90076,M,,,90
201500036312,15,4,13,1700,1,1,1,1,2,90039,M,0.0,0.0,90
201500036313,15,1,27,715,5,2,1,4,6,90010,M,,,90
201500036314,15,4,19,1755,1,2,1,1,3,90099,M,4766250.0,684306.0,90
201500036315,15,1,27,1901,5,2,2,4,5,90032,M,,,90
201500036316,15,1,29,1054,1,2,1,2,6,90010,M,,,90
201500036317,15,4,30,1644,1,2,1,1,6,90039,M,4763420.0,681744.0,90
201500036318,15,1,31,2035,5,2,1,1,2,90010,M,,,90
201500036319,15,5,2,1112,1,2,1,2,3,90075,M,0.0,0.0,90
201500036320,15,2,4,1450,1,2,1,1,6,90010,M,0.0,0.0,90
201500036321,15,5,5,1615,1,2,3,2,3,90010,M,0.0,0.0,90
201500036322,15,2,6,900,1,1,1,1,7,90076,M,,,90
201500036323,15,5,6,1426,1,2,1,1,2,90010,M,4763060.0,686522.0,90
201500036324,15,2,9,1715,1,2,1,1,7,90010,M,0.0,0.0,90
201500036325,15,5,22,753,1,1,1,1,3,90032,M,0.0,0.0,90
201500036326,15,2,9,2000,5,2,1,1,2,90010,M,0.0,0.0,90
201500036327,15,3,3,1510,1,2,1,1,4,90010,M,0.0,0.0,90
201500036328,15,6,4,2010,1,2,3,1,3,90010,M,,,90
201500036329,15,3,9,2209,5,2,1,1,6,90010,M,0.0,0.0,90
201500036330,15,6,7,1121,1,2,1,1,3,90010,M,4765070.0,684585.0,90
201500036331,15,3,14,840,1,2,1,1,6,90010,M,0.0,0.0,90
201500036332,15,6,8,1020,1,2,3,1,3,90010,M,4763290.0,685455.0,90
201500036333,15,6,18,1705,1,2,3,2,3,90010,M,4765220.0,683694.0,90