Num_Acc,an,mois,jour,hrmn,lum,agg,int,atm,col,com,gps,lat,long,dep
201500036334,15,6,19,2020,1,2,1,1,3,90032,M,,,90
201500036335,15,6,20,1430,1,2,1,1,6,90032,M,,,90
201500036336,15,4,8,810,1,2,1,1,6,90010,M,,,90
201500036337,15,6,23,1910,1,2,1,1,3,90032,M,4761183.0,685945.0,90
201500036338,15,6,23,2030,1,2,1,1,2,90010,M,4764680.0,685489.0,90
201500036339,15,7,3,905,1,1,3,1,3,90039,M,,,90
201500036340,15,7,3,1918,1,2,1,1,2,90099,M,,,90
201500036341,15,7,11,359,5,2,2,1,6,90010,M,,,90
201500036342,15,7,14,1830,1,2,1,1,3,90099,M,,,90
201500036343,15,7,13,1930,1,2,1,1,4,90010,M,,,90
201500036344,15,7,18,2239,5,2,1,1,7,90001,M,,,90
201500036345,15,7,24,942,1,2,1,1,6,90010,M,,,90
201500036346,15,7,24,1846,1,2,3,1,3,90010,M,,,90
201500036347,15,7,20,1640,1,2,2,1,5,90010,M,,,90
201500036348,15,6,3,1650,1,2,6,1,2,90010,M,,,90
201500036349,15,8,1,1058,1,2,1,2,6,90010,M,4765140.0,685136.0,90
201500036350,15,8,13,1729,1,2,1,1,1,90010,M,,,90
201500036351,15,8,17,1330,1,2,1,1,6,90010,M,4765760.0,684833.0,90
201500036352,15,8,23,2013,2,2,1,2,3,90010,M,4765340.0,684944.0,90
201500036353,15,8,30,2104,2,2,1,1,2,90010,M,,,90
201500036354,15,9,2,1600,1,2,1,1,4,90001,M,,,90
201500036355,15,9,3,1710,1,2,1,1,2,90008,M,4761778.0,683090.0,90
201500036356,15,9,10,1800,1,2,1,1,1,90039,M,4763418.0,681696.0,90
201500036357,15,9,10,1900,2,2,1,1,1,90010,M,4738165.0,631158.0,90
201500036358,15,9,15,1045,1,2,1,8,7,90010,M,,,90
201500036359,15,9,16,1130,1,2,1,1,6,90099,M,4766850.0,684189.0,90
201500036360,15,9,24,1033,1,2,3,1,3,90010,M,4763470.0,685364.0,90
201500036361,15,9,24,1720,1,2,1,1,3,90010,M,,,90
201500036362,15,9,11,1728,1,2,1,1,2,90010,M,,,90
201500036363,15,9,19,1234,1,2,6,1,3,90039,M,,,90
201500036364,15,9,26,1800,1,2,1,1,2,90010,M,,,90
201500036365,15,9,29,1706,1,2,1,1,6,90029,M,,,90
201500036366,15,9,30,1145,1,1,1,1,1,90010,M,4763720.0,687992.0,90
201500036367,15,10,2,948,1,2,3,1,3,90075,M,,,90
201500036368,15,10,2,1254,1,2,1,1,6,90010,M,,,90
201500036369,15,10,2,1620,1,2,1,1,6,90010,M,,,90
201500036370,15,10,6,1806,1,2,2,1,6,90010,M,,,90
201500036371,15,10,8,1110,1,2,5,1,3,90010,M,,,90
201500036372,15,10,9,1100,1,2,1,1,2,90010,M,,,90
201500036373,15,10,11,2003,5,2,1,1,6,90010,M,,,90
201500036374,15,10,18,935,1,2,1,1,6,90010,M,4762947.0,685644.0,90
201500036375,15,10,10,1738,1,1,1,1,3,90032,M,4761980.0,686386.0,90
201500036376,15,10,19,1410,1,2,1,1,6,90010,M,,,90
201500036377,15,10,21,1455,1,2,2,1,3,90010,M,4764972.0,685416.0,90
201500036378,15,10,15,2110,5,2,6,1,7,90010,M,,,90
201500036379,15,10,27,1912,2,2,2,1,3,90010,M,4762972.0,684288.0,90
201500036380,15,11,1,1740,5,2,3,1,1,90010,M,,,90
201500036381,15,11,2,845,1,2,3,5,5,90010,M,,,90
201500036382,15,11,5,1751,1,2,1,1,3,90010,M,,,90
201500036383,15,11,5,1654,1,2,2,1,1,90010,M,,,90
201500036384,15,11,5,1727,1,2,1,1,2,90010,M,,,90
201500036385,15,11,6,1034,1,2,1,1,1,90010,M,,,90
201500036386,15,10,25,905,1,2,1,1,3,90075,M,,,90
201500036387,15,11,6,1912,3,1,1,1,3,90010,M,,,90
201500036388,15,11,6,1950,5,2,1,1,6,90010,M,,,90
201500036389,15,11,8,345,5,2,3,1,6,90075,M,,,90
201500036390,15,11,9,1100,1,2,1,1,2,90032,M,,,90
201500036391,15,11,10,1835,5,2,9,1,3,90010,M,,,90
201500036392,15,11,13,1900,5,2,1,1,6,90008,M,,,90
201500036393,15,6,29,1820,1,2,1,1,4,90010,M,4762755.0,685783.0,90
201500036394,15,11,11,1135,1,2,1,1,2,90010,M,4764025.0,684022.0,90
201500036395,15,8,26,1445,1,2,1,1,3,90001,M,,,90
201500036396,15,9,3,2100,3,1,1,1,6,90075,M,0.0,0.0,90
201500036397,15,11,15,2300,5,1,1,1,6,90010,M,,,90
201500036398,15,6,25,2110,1,2,2,1,7,90010,M,,,90
201500036399,15,6,15,2135,5,2,1,1,6,90032,M,,,90
201500036400,15,9,29,1645,1,2,1,1,2,90010,M,4763977.0,686069.0,90
201500036401,15,11,20,1723,5,2,1,3,6,90008,M,4762211.0,684586.0,90
201500036402,15,11,16,1145,1,2,1,1,6,90010,M,,,90
201500036403,15,11,28,1556,1,2,7,1,3,90010,M,,,90
201500036404,15,11,28,1512,1,2,1,1,6,90010,M,,,90
201500036405,15,11,28,1739,5,1,1,1,7,90010,M,,,90
201500036406,15,12,2,1441,1,2,1,1,1,90010,M,,,90
201500036407,15,12,4,1305,1,2,1,2,5,90010,M,,,90
201500036408,15,12,6,1744,5,2,1,1,3,90010,M,,,90
201500036409,15,12,9,735,5,2,1,2,2,90010,M,,,90
201500036410,15,12,9,700,5,2,6,2,1,90008,M,,,90
201500036411,15,12,9,1515,1,2,2,1,3,90010,M,4764133.0,685375.0,90
201500036412,15,12,10,752,2,2,3,1,3,90099,M,4766433.0,684663.0,90
201500036413,15,12,16,1645,2,2,1,3,4,90010,M,,,90
201500036414,15,12,9,1825,4,2,1,1,7,90010,M,,,90
201500036415,15,12,17,1735,3,2,2,1,3,90010,M,,,90
201500036416,15,12,18,805,2,2,1,8,6,90008,M,,,90
201500036417,15,12,23,1555,1,1,1,1,3,90008,M,,,90
201500036418,15,1,4,530,5,2,1,1,6,91103,M,,,91
201500036419,15,3,6,1645,1,2,1,1,3,91103,M,,,91
201500036420,15,12,30,2300,3,2,1,2,6,91339,M,4862894.0,226289.0,91
201500036421,15,1,5,1305,1,2,1,1,1,91425,M,,,91
201500036422,15,3,6,1700,1,2,1,1,7,91347,M,,,91
201500036423,15,1,10,255,3,2,1,2,6,91457,M,,,91
201500036424,15,3,11,245,5,2,1,1,2,91425,M,,,91
201500036425,15,1,19,840,1,2,1,2,5,91021,M,,,91
201500036426,15,3,20,1730,1,2,1,1,6,91103,M,,,91
201500036427,15,1,20,1130,1,2,1,1,3,91425,M,,,91
201500036428,15,3,21,1810,1,2,1,1,5,91425,M,,,91
201500036429,15,1,20,1630,1,2,1,1,6,91103,M,,,91
201500036430,15,3,25,1150,1,2,1,1,2,91425,M,,,91
201500036431,15,1,21,1205,1,2,1,1,3,91103,M,,,91
201500036432,15,4,1,1815,1,1,1,1,2,91425,M,,,91
201500036433,15,1,21,2140,3,2,1,1,6,91339,M,,,91
201500036434,15,4,1,1920,1,2,1,1,2,91552,M,,,91
201500036435,15,1,26,1200,1,2,6,2,3,91552,M,,,91
201500036436,15,4,3,1645,1,2,1,2,6,91552,M,,,91
201500036437,15,1,26,1435,1,2,1,1,3,91021,M,,,91
201500036438,15,4,3,1805,1,2,1,2,3,91103,M,,,91
201500036439,15,1,27,945,1,1,1,1,3,91552,M,,,91
201500036440,15,4,4,2300,5,2,1,1,2,91425,M,,,91
201500036441,15,1,28,1800,2,2,1,1,2,91103,M,,,91
201500036442,15,4,5,1830,1,2,1,1,6,91552,M,,,91
201500036443,15,1,30,310,5,2,1,2,6,91103,M,,,91
201500036444,15,4,8,1235,1,2,1,1,6,91103,M,,,91
201500036445,15,1,30,840,1,2,1,2,7,91103,M,,,91
201500036446,15,4,11,1600,1,2,1,1,1,91339,M,,,91
201500036447,15,1,30,1210,1,2,1,4,6,91339,M,,,91
201500036448,15,4,14,700,1,2,1,1,6,91457,M,,,91
201500036449,15,2,1,1215,1,2,6,2,3,91021,M,,,91
201500036450,15,4,14,1345,1,2,1,1,2,91103,M,,,91
201500036451,15,2,2,705,5,1,1,2,7,91552,M,,,91
201500036452,15,4,17,150,3,2,1,1,2,91339,M,,,91
201500036453,15,2,4,1930,5,2,1,1,6,91103,M,,,91
201500036454,15,4,18,1244,1,2,1,1,6,91103,M,,,91
201500036455,15,2,5,1515,1,2,1,1,2,91425,M,,,91
201500036456,15,4,21,1700,1,2,1,1,6,91103,M,,,91
201500036457,15,2,7,2315,5,2,1,1,2,91425,M,,,91
201500036458,15,4,21,1750,1,2,1,1,4,91339,M,,,91
201500036459,15,2,21,545,5,2,1,2,2,91425,M,,,91
201500036460,15,4,23,1545,1,2,1,1,3,91103,M,,,91
201500036461,15,2,23,755,1,1,1,1,7,91552,M,,,91
201500036462,15,4,30,1735,1,2,2,2,3,91021,M,,,91
201500036463,15,2,23,1850,5,2,1,1,6,91103,M,,,91
201500036464,15,5,3,2315,5,2,1,1,6,91103,M,,,91
201500036465,15,2,26,1250,1,2,1,2,7,91103,M,,,91
201500036466,15,5,4,2325,5,2,1,2,6,91552,M,,,91
201500036467,15,2,27,15,3,2,1,2,7,91552,M,,,91
201500036468,15,5,5,1745,1,2,1,1,3,91347,M,,,91
201500036469,15,2,27,1435,1,2,1,1,3,91552,M,,,91
201500036470,15,5,6,1805,1,2,1,1,2,91339,M,,,91
201500036471,15,2,27,1815,1,2,1,1,6,91425,M,,,91
201500036472,15,5,9,1430,1,2,3,1,3,91339,M,,,91
201500036473,15,2,28,1105,1,2,1,1,6,91425,M,,,91
201500036474,15,5,11,829,1,2,1,1,6,91021,M,,,91
201500036475,15,2,12,1545,1,2,1,1,6,91103,M,,,91
201500036476,15,5,11,1145,1,1,2,1,3,91103,M,,,91
201500036477,15,5,12,840,1,1,1,1,1,91425,M,,,91
201500036478,15,5,12,1925,1,2,1,1,5,91552,M,,,91
201500036479,15,5,19,1537,1,2,1,1,4,91457,M,,,91
201500036480,15,5,22,1050,1,2,3,1,3,91103,M,,,91
201500036481,15,5,22,1430,1,2,1,1,7,91552,M,,,91
201500036482,15,5,25,1620,1,2,6,1,3,91021,M,,,91
201500036483,15,5,30,1515,1,2,1,1,1,91425,M,,,91
201500036484,15,5,31,45,5,2,1,1,6,91339,M,,,91
201500036485,15,5,31,1110,1,2,1,1,1,91347,M,,,91
201500036486,15,6,2,825,1,2,1,1,6,91347,M,,,91
201500036487,15,6,2,1835,1,2,1,1,3,91103,M,,,91
201500036488,15,6,4,705,1,2,1,1,4,91425,M,,,91
201500036489,15,6,6,628,1,2,1,1,7,91552,M,,,91
201500036490,15,6,6,1008,1,2,1,1,7,91552,M,,,91
201500036491,15,6,6,1500,1,2,1,1,6,91339,M,,,91
201500036492,15,6,8,1235,1,2,1,1,2,91103,M,,,91
201500036493,15,6,12,1600,1,2,1,1,3,91103,M,,,91
201500036494,15,6,13,1250,1,2,1,1,3,91552,M,,,91
201500036495,15,6,18,1420,1,2,1,1,5,91457,M,,,91
201500036496,15,6,21,1515,1,2,1,1,6,91552,M,,,91
201500036497,15,6,22,2210,5,2,1,1,6,91552,M,,,91
201500036498,15,6,23,940,1,1,2,1,3,91425,M,,,91
201500036499,15,6,25,600,1,2,1,1,1,91552,M,,,91
201500036500,15,6,25,1920,1,2,1,1,7,91552,M,,,91
201500036501,15,6,26,1100,1,2,1,1,3,91425,M,,,91
201500036502,15,6,27,1605,1,2,1,1,2,91552,M,,,91
201500036503,15,6,29,1210,1,2,1,1,2,91425,M,,,91
201500036504,15,7,1,40,5,2,1,1,2,91552,M,,,91
201500036505,15,7,3,1610,1,2,1,1,2,91425,M,,,91
201500036506,15,7,6,1330,1,2,1,1,2,91425,M,,,91
201500036507,15,7,6,1635,1,2,1,1,4,91552,M,,,91
201500036508,15,7,15,910,1,2,1,1,6,91339,M,,,91
201500036509,15,7,17,2235,5,2,1,1,6,91425,M,,,91
201500036510,15,7,20,1210,1,2,3,1,3,91021,M,,,91
201500036511,15,7,22,1640,1,2,1,1,2,91552,M,,,91
201500036512,15,7,22,1910,1,2,1,1,2,91552,M,,,91
201500036513,15,7,24,1815,1,2,1,1,1,91425,M,,,91
201500036514,15,7,25,2305,5,2,1,1,3,91457,M,,,91
201500036515,15,7,28,1630,1,2,1,2,1,91103,M,,,91
201500036516,15,8,1,630,1,2,1,1,6,91021,M,,,91
201500036517,15,8,7,1145,1,2,1,1,6,91103,M,,,91
201500036518,15,8,8,30,5,2,1,1,6,91425,M,,,91
201500036519,15,8,15,745,1,2,1,2,6,91021,M,,,91
201500036520,15,8,16,2140,3,1,1,1,6,91457,M,,,91
201500036521,15,8,19,2235,5,2,1,1,7,91347,M,,,91
201500036522,15,8,28,1550,1,1,1,1,2,91347,M,,,91
201500036523,15,8,29,1230,1,2,1,1,3,91425,M,,,91
201500036524,15,8,30,1810,1,1,1,1,2,91552,M,,,91
201500036525,15,9,2,1513,1,2,1,1,6,91021,M,,,91
201500036526,15,9,2,2106,5,2,1,1,2,91425,M,,,91
201500036527,15,9,6,1650,1,2,4,1,6,91425,M,,,91
201500036528,15,9,10,1800,1,2,1,1,2,91425,M,,,91
201500036529,15,9,14,1400,1,1,1,2,3,91339,M,,,91
201500036530,15,9,14,1820,1,2,1,2,2,91425,M,,,91
201500036531,15,9,16,1025,1,2,1,3,3,91103,M,,,91
201500036532,15,9,24,450,5,2,6,1,1,91103,M,,,91
201500036533,15,9,24,708,1,1,1,1,6,91457,M,,,91
201500036534,15,9,24,945,1,2,2,1,3,91333,M,,,91
201500036535,15,9,24,2255,3,1,1,2,6,91457,M,,,91
201500036536,15,9,25,1840,1,2,1,1,3,91425,M,,,91
201500036537,15,9,26,1400,1,1,1,1,6,91457,M,,,91
201500036538,15,10,2,1130,1,2,3,1,6,91103,M,,,91
201500036539,15,10,4,1650,1,2,1,1,1,91347,M,,,91
201500036540,15,10,6,757,1,2,1,3,3,91425,M,,,91
201500036541,15,10,6,1045,1,2,1,1,2,91021,M,,,91
201500036542,15,10,7,2055,5,2,1,1,2,91347,M,,,91
201500036543,15,10,11,2140,5,2,1,1,7,91425,M,,,91
201500036544,15,10,12,1515,1,2,1,1,2,91425,M,,,91
201500036545,15,10,13,1130,1,2,1,1,6,91103,M,,,91
201500036546,15,10,16,815,1,1,1,2,3,91339,M,,,91
201500036547,15,10,18,45,5,2,1,1,2,91347,M,,,91
201500036548,15,10,18,1400,1,2,1,1,3,91425,M,,,91
201500036549,15,10,21,1922,5,2,1,3,3,91425,M,,,91
201500036550,15,10,22,1922,5,2,2,2,3,91103,M,,,91
201500036551,15,10,25,2300,5,2,1,1,2,91425,M,,,91
201500036552,15,10,26,750,1,2,1,1,5,91347,M,,,91
201500036553,15,10,28,925,1,1,1,2,7,91552,M,,,91
201500036554,15,11,1,1400,1,1,1,1,2,91425,M,,,91
201500036555,15,11,3,830,1,2,1,2,3,91425,M,,,91
201500036556,15,11,5,845,1,2,7,1,6,91425,M,,,91
201500036557,15,11,7,1500,1,2,1,1,2,91425,M,,,91
201500036558,15,11,17,1735,5,2,2,2,2,91021,M,,,91
201500036559,15,11,19,1200,1,2,6,2,6,91333,M,,,91
201500036560,15,11,20,510,5,2,1,3,1,91339,M,,,91
201500036561,15,11,23,1430,1,2,1,1,3,91103,M,,,91
201500036562,15,11,25,725,2,2,1,1,7,91103,M,,,91
201500036563,15,11,26,1000,1,2,1,1,3,91347,M,,,91
201500036564,15,11,28,140,5,2,1,2,6,91425,M,,,91
201500036565,15,12,2,2015,3,1,1,1,6,91457,M,4857676.0,228181.0,91
201500036566,15,12,4,730,1,1,1,2,3,91425,M,,,91
201500036567,15,12,4,1310,1,2,1,1,7,91425,M,,,91
201500036568,15,12,10,815,1,2,1,1,6,91339,M,,,91
201500036569,15,12,13,35,3,1,1,5,6,91103,M,,,91
201500036570,15,12,13,2105,5,2,1,5,6,91425,M,,,91
201500036571,15,12,16,820,5,2,4,1,6,91333,M,4861886.0,226062.0,91
201500036572,15,12,16,1820,5,2,1,3,4,91347,M,4863486.0,228820.0,91
201500036573,15,12,19,2200,5,2,4,1,3,91347,M,4864431.0,228204.0,91
201500036574,15,12,23,110,3,1,1,1,6,91552,M,,,91
201500036575,15,1,10,1900,5,2,1,2,3,91027,M,,,91
201500036576,15,12,21,1920,5,2,1,1,1,91027,M,4841000.0,223000.0,91
201500036577,15,4,22,745,1,2,2,1,5,91027,M,,,91
201500036578,15,2,13,1630,1,2,3,1,3,91027,M,,,91
201500036579,15,12,26,930,1,2,4,1,3,91027,M,4870777.0,237899.0,91
201500036580,15,5,20,1805,1,2,1,1,3,91027,M,4870595.0,238898.0,91
201500036581,15,2,17,1245,1,2,2,8,3,91027,M,,,91
201500036582,15,5,29,1730,1,1,1,1,3,91479,M,,,91
201500036583,15,3,3,1745,1,1,1,1,5,91479,M,,,91
201500036584,15,6,12,1510,1,2,3,1,6,91027,M,,,91
201500036585,15,3,6,1735,1,2,2,1,3,91479,M,,,91
201500036586,15,6,18,600,1,2,1,1,2,91027,M,,,91
201500036587,15,8,5,340,5,2,1,1,2,91479,M,,,91
201500036588,15,7,8,1105,1,2,1,1,3,91027,M,,,91
201500036589,15,9,4,1120,1,2,1,1,6,91479,M,,,91
201500036590,15,9,10,1935,1,2,2,1,5,91479,M,,,91
201500036591,15,1,6,1830,5,2,6,1,2,91114,M,,,91
201500036592,15,3,10,1720,1,2,1,1,6,91114,M,,,91
201500036593,15,12,20,2155,5,2,1,1,3,91114,M,4868136.0,249258.0,91
201500036594,15,1,8,1810,3,2,1,1,2,91114,M,,,91
201500036595,15,3,17,1745,1,2,3,1,3,91514,M,4867947.0,253439.0,91
201500036596,15,1,22,1340,1,2,6,1,3,91114,M,,,91
201500036597,15,3,17,1800,1,1,1,1,1,91514,M,4867322.0,252478.0,91
201500036598,15,1,26,1950,3,2,9,3,6,91097,M,,,91
201500036599,15,3,18,1430,1,2,2,1,3,91114,M,4870988.0,251128.0,91
201500036600,15,1,30,2025,3,1,1,1,3,91514,M,,,91
201500036601,15,3,19,1550,1,2,6,1,2,91514,M,4868072.0,253808.0,91
201500036602,15,1,31,1220,1,2,1,1,2,91114,M,,,91
201500036603,15,4,10,1815,1,2,1,1,6,91114,M,,,91
201500036604,15,2,11,1740,1,2,1,1,2,91114,M,,,91
201500036605,15,5,12,2000,1,2,1,1,2,91114,M,4868094.0,249322.0,91
201500036606,15,2,12,500,5,2,1,1,6,91097,M,,,91
201500036607,15,5,17,1215,1,2,1,1,6,91097,M,4867840.0,252703.0,91
201500036608,15,2,20,2025,5,2,1,3,6,91114,M,,,91
201500036609,15,2,25,1250,1,2,1,2,2,91114,M,,,91
201500036610,15,5,21,1810,1,1,1,1,3,91114,M,4868570.0,248714.0,91
201500036611,15,2,26,1025,1,2,6,2,3,91097,M,,,91
201500036612,15,5,28,1700,1,2,1,1,3,91097,M,4869560.0,254861.0,91
201500036613,15,3,5,2030,5,2,1,1,6,91097,M,,,91
201500036614,15,5,30,1945,1,2,3,1,6,91114,M,4870710.0,250367.0,91
201500036615,15,12,7,820,1,2,1,1,5,91514,M,4866771.0,253054.0,91
201500036616,15,3,7,1030,1,2,1,1,2,91114,M,,,91
201500036617,15,6,8,925,1,2,1,1,2,91114,M,4869340.0,250192.0,91
201500036618,15,6,11,1820,1,1,1,1,2,91514,M,,,91
201500036619,15,6,13,1405,1,1,1,1,6,91215,M,4870010.0,252858.0,91
201500036620,15,6,17,1320,1,2,1,1,4,91114,M,4868160.0,249236.0,91
201500036621,15,6,26,1750,1,2,1,1,3,91514,M,4867270.0,253708.0,91
201500036622,15,6,29,1305,1,1,1,1,4,91114,M,4870410.0,251258.0,91
201500036623,15,7,1,1930,1,2,1,1,4,91114,M,4869840.0,249514.0,91
201500036624,15,7,4,1605,1,2,1,1,1,91514,M,4867120.0,254042.0,91
201500036625,15,7,18,2035,1,2,1,1,2,91114,M,4867810.0,249661.0,91
201500036626,15,8,20,2250,5,2,1,1,1,91114,M,4870730.0,250614.0,91
201500036627,15,9,4,910,1,2,1,1,6,91114,M,4869670.0,250447.0,91
201500036628,15,8,27,1450,1,2,6,1,3,91114,M,4868320.0,249017.0,91
201500036629,15,9,21,955,1,2,1,1,2,91215,M,4869680.0,252442.0,91
201500036630,15,9,22,1410,1,2,1,8,3,91097,M,4868360.0,253328.0,91
201500036631,15,9,22,1645,1,2,1,2,4,91114,M,,,91
201500036632,15,9,22,1820,1,2,1,2,6,91114,M,4869940.0,250533.0,91
201500036633,15,9,28,805,1,2,2,1,3,91114,M,4868470.0,249283.0,91
201500036634,15,9,28,1435,1,2,1,1,2,91097,M,4868540.0,252950.0,91
201500036635,15,10,4,1130,1,2,3,1,1,91097,M,4868870.0,253286.0,91
201500036636,15,10,11,1450,1,1,1,1,1,91514,M,4866300.0,252245.0,91
201500036637,15,10,8,1730,1,2,1,1,4,91514,M,4866358.0,252361.0,91
201500036638,15,10,16,650,5,2,1,1,6,91215,M,4869690.0,252411.0,91
201500036639,15,11,5,1745,2,1,1,1,4,91514,M,4866250.0,251560.0,91
201500036640,15,11,4,1440,1,2,1,1,1,91114,M,4841131.0,934400.0,91
201500036641,15,11,9,1820,2,2,6,1,3,91097,M,4869090.0,252570.0,91
201500036642,15,11,17,810,2,2,1,8,4,91114,M,4868810.0,250497.0,91
201500036643,15,11,25,1825,3,1,1,2,3,91514,M,4866410.0,252444.0,91
201500036644,15,11,26,1755,5,1,1,1,6,91514,M,4810013.0,231524.0,91
201500036645,15,11,27,2045,5,2,1,2,2,91114,M,4840180.0,229391.0,91
201500036646,15,11,29,1805,5,2,1,1,3,91114,M,4868870.0,249951.0,91
201500036647,15,12,15,1740,5,2,6,2,2,91097,M,4869088.0,252533.0,91
201500036648,15,12,15,1900,5,2,1,2,1,91114,M,4870769.0,251013.0,91
201500036649,15,11,7,1840,1,2,1,1,6,91174,M,4859113.0,247438.0,91
201500036650,15,5,18,1545,1,1,1,1,6,91174,M,4860817.0,247474.0,91
201500036651,15,2,8,1935,5,2,1,1,6,91174,M,,,91
201500036652,15,11,21,1515,1,2,1,3,6,91174,M,4861538.0,246983.0,91
201500036653,15,5,9,2230,5,2,2,1,3,91174,M,4860260.0,246919.0,91
201500036654,15,5,19,1230,1,2,1,1,6,91174,M,4861190.0,248092.0,91
201500036655,15,7,2,1030,1,2,3,1,3,91174,M,4860900.0,246372.0,91
201500036656,15,7,15,1520,1,1,1,1,6,91174,M,4860390.0,246800.0,91
201500036657,15,7,17,700,2,2,3,1,3,91174,M,4860650.0,247647.0,91
201500036658,15,7,17,1855,1,2,1,1,6,91174,M,,,91
201500036659,15,10,9,2018,5,2,3,1,3,91174,M,4860984.0,247519.0,91
201500036660,15,1,11,1410,1,2,1,1,6,91174,M,,,91
201500036661,15,8,20,1045,1,2,1,1,6,91174,M,4860910.0,244894.0,91
201500036662,15,1,20,950,1,2,1,5,6,91174,M,,,91
201500036663,15,10,25,1208,1,2,3,1,3,91174,M,4858075.0,247633.0,91
201500036664,15,1,19,930,1,2,1,4,6,91174,M,,,91
201500036665,15,10,5,1400,1,2,3,3,3,91174,M,4860577.0,248983.0,91
201500036666,15,1,9,1745,5,2,1,1,3,91174,M,,,91
201500036667,15,9,10,1140,1,2,1,1,6,91174,M,,,91
201500036668,15,2,28,1600,1,2,1,1,3,91174,M,,,91
201500036669,15,2,28,1925,5,2,1,1,2,91174,M,,,91
201500036670,15,3,4,800,1,2,1,1,6,91657,M,,,91
201500036671,15,3,8,1655,1,2,1,1,6,91201,M,,,91
201500036672,15,3,16,2000,5,2,2,1,6,91657,M,,,91
201500036673,15,3,24,858,1,2,2,1,2,91201,M,,,91
201500036674,15,3,25,500,1,2,2,1,3,91201,M,,,91
201500036675,15,3,27,1130,1,2,4,1,6,91201,M,4866469.0,241958.0,91
201500036676,15,3,29,255,5,2,2,1,3,91201,M,,,91
201500036677,15,3,30,1345,1,2,1,1,6,91201,M,,,91
201500036678,15,3,30,1930,1,2,1,1,6,91657,M,,,91
201500036679,15,3,31,1915,1,2,3,1,3,91657,M,0.0,0.0,91
201500036680,15,4,1,1420,1,2,1,1,6,91201,M,4867891.0,240353.0,91
201500036681,15,4,2,1635,1,2,2,1,6,91657,M,,,91
201500036682,15,4,10,1730,1,1,1,1,6,91201,M,,,91
201500036683,15,4,14,1230,1,2,1,1,3,91657,M,4842007.0,251130.0,91
201500036684,15,4,14,1025,1,2,1,1,4,91201,M,,,91
201500036685,15,4,18,1850,1,2,6,1,3,91657,M,4868911.0,243639.0,91
201500036686,15,4,22,715,1,2,1,1,1,91201,M,,,91
201500036687,15,4,27,2150,5,2,3,1,3,91201,M,,,91
201500036688,15,4,28,1730,1,2,1,1,2,91201,M,,,91
201500036689,15,4,29,1530,1,2,7,1,6,91657,M,,,91
201500036690,15,4,29,1840,1,2,3,1,3,91657,M,,,91
201500036691,15,5,1,805,1,1,1,3,1,91201,M,,,91
201500036692,15,5,4,1820,1,2,1,2,1,91657,M,,,91
201500036693,15,5,5,1405,1,2,1,1,6,91201,M,,,91
201500036694,15,5,8,1430,1,2,2,1,2,91657,M,,,91
201500036695,15,5,17,1440,1,2,1,1,3,91201,M,4868724.0,239882.0,91
201500036696,15,5,29,1005,1,2,4,2,3,91201,M,0.0,0.0,91
201500036697,15,6,3,1750,1,2,2,1,5,91201,M,0.0,0.0,91
201500036698,15,6,15,1200,1,1,1,1,3,91201,M,4867379.0,241221.0,91
201500036699,15,6,18,1948,1,2,1,1,2,91657,M,4870733.0,241652.0,91
201500036700,15,6,19,1345,1,2,3,1,3,91201,M,0.0,0.0,91
201500036701,15,6,19,1130,1,2,1,1,6,91201,M,,,91
201500036702,15,6,23,1750,1,2,1,1,3,91657,M,4870034.0,243156.0,91
201500036703,15,6,24,2105,1,2,1,1,3,91201,M,,,91
201500036704,15,6,28,1455,1,2,5,1,1,91201,M,4868392.0,241513.0,91
201500036705,15,6,30,1120,1,2,2,1,2,91657,M,4871685.0,243736.0,91
201500036706,15,6,29,2020,1,1,1,1,1,91657,M,4869800.0,243967.0,91
201500036707,15,7,1,1940,1,2,1,1,3,91657,M,4870023.0,242025.0,91
201500036708,15,7,2,845,1,2,2,1,3,91201,M,4868970.0,241331.0,91
201500036709,15,7,9,1101,1,2,1,1,6,91201,M,4868584.0,241031.0,91
201500036710,15,7,15,2135,1,2,1,1,6,91657,M,4870655.0,242192.0,91
201500036711,15,7,16,1020,1,2,2,1,6,91201,M,4868580.0,241139.0,91
201500036712,15,7,17,1145,1,2,1,1,1,91201,M,4868360.0,243219.0,91
201500036713,15,7,20,1625,1,2,2,1,1,91657,M,4870300.0,243620.0,91
201500036714,15,8,1,1445,1,2,2,1,3,91657,M,4870475.0,242709.0,91
201500036715,15,6,24,1510,1,2,1,1,3,91201,M,,,91
201500036716,15,8,4,1600,1,2,2,1,3,91201,M,4867410.0,241203.0,91
201500036717,15,8,8,1525,1,2,1,1,6,91657,M,4870226.0,241439.0,91
201500036718,15,8,14,1230,1,2,1,1,6,91657,M,,,91
201500036719,15,8,31,1955,1,2,1,1,3,91201,M,,,91
201500036720,15,9,2,1135,1,2,1,1,2,91657,M,4870444.0,242098.0,91
201500036721,15,9,4,1500,1,2,1,1,6,91657,M,0.0,0.0,91
201500036722,15,9,16,2200,5,2,5,1,3,91657,M,0.0,0.0,91
201500036723,15,9,20,2225,5,2,7,1,6,91201,M,0.0,0.0,91
201500036724,15,1,4,632,5,2,1,1,6,91657,M,,,91
201500036725,15,9,22,2130,5,2,1,2,4,91201,M,4380000.0,250000.0,91
201500036726,15,9,24,1125,1,2,1,1,1,91657,M,0.0,0.0,91
201500036727,15,9,29,1930,1,2,1,1,3,91201,M,4869020.0,241111.0,91
201500036728,15,9,11,1800,1,2,1,1,1,91201,M,4868864.0,241663.0,91
201500036729,15,10,14,1737,1,2,2,8,3,91201,M,4867790.0,242314.0,91