Num_Acc,an,mois,jour,hrmn,lum,agg,int,atm,col,com,gps,lat,long,dep
201500036730,15,10,17,1440,1,2,3,1,6,91657,M,4870123.0,243840.0,91
201500036731,15,10,17,1140,1,2,1,1,2,91657,M,4870150.0,242414.0,91
201500036732,15,10,26,1845,1,2,1,1,4,91201,M,4869451.0,241382.0,91
201500036733,15,10,28,705,2,2,3,2,3,91657,M,4869256.0,244501.0,91
201500036734,15,11,2,2115,5,2,1,1,1,91657,M,0.0,0.0,91
201500036735,15,11,3,2130,5,2,6,1,6,91657,M,4871383.0,243296.0,91
201500036736,15,11,6,1520,1,2,2,3,3,91657,M,4869419.0,243636.0,91
201500036737,15,11,6,2215,5,2,1,2,7,91201,M,,,91
201500036738,15,11,12,1500,1,2,3,1,3,91657,M,4870059.0,242107.0,91
201500036739,15,11,14,1720,5,2,1,1,3,91201,M,4867470.0,241177.0,91
201500036740,15,11,18,1055,1,2,1,1,2,91657,M,0.0,0.0,91
201500036741,15,11,22,1450,1,2,1,1,3,91657,M,4870090.0,242219.0,91
201500036742,15,11,25,2125,5,2,6,2,7,91201,M,4868827.0,239070.0,91
201500036743,15,11,26,1200,1,2,3,1,6,91201,M,4868382.0,240848.0,91
201500036744,15,11,27,710,5,2,1,5,7,91201,M,4868822.0,239196.0,91
201500036745,15,11,26,1905,5,2,1,1,4,91201,M,4868644.0,243350.0,91
201500036746,15,12,5,1920,5,2,1,1,3,91657,M,0.0,0.0,91
201500036747,15,12,5,2010,5,2,1,1,3,91657,M,4870672.0,242116.0,91
201500036748,15,12,8,1610,1,2,2,2,6,91201,M,4868383.0,241527.0,91
201500036749,15,12,12,2340,5,2,1,1,2,91201,M,4867777.0,241060.0,91
201500036750,15,12,17,1055,1,2,1,1,6,91201,M,4867452.0,240806.0,91
201500036751,15,12,18,1340,1,2,1,1,6,91657,M,4870805.0,241605.0,91
201500036752,15,12,18,2155,5,2,1,8,3,91657,M,4870334.0,241357.0,91
201500036753,15,12,20,1845,2,2,3,1,3,91201,M,4867547.0,241603.0,91
201500036754,15,12,22,1830,5,1,1,1,6,91201,M,4868694.0,240894.0,91
201500036755,15,12,28,1435,1,2,1,1,4,91201,M,4869461.0,241397.0,91
201500036756,15,12,30,1800,5,2,1,1,6,91201,M,4868051.0,239774.0,91
201500036757,15,1,11,1645,1,2,2,1,6,91201,M,,,91
201500036758,15,2,13,1330,1,2,2,1,6,91201,M,,,91
201500036759,15,2,19,1830,1,2,2,1,1,91657,M,,,91
201500036760,15,1,24,1145,1,2,2,9,3,91657,M,,,91
201500036761,15,1,25,1530,1,2,9,9,4,91201,M,,,91
201500036762,15,1,28,2005,4,2,2,9,3,91201,M,,,91
201500036763,15,2,7,1815,5,2,2,1,1,91657,M,,,91
201500036764,15,1,7,1545,1,2,1,1,7,91223,M,,,91
201500036765,15,3,7,1600,1,2,1,1,1,91223,M,,,91
201500036766,15,1,18,200,4,2,1,1,6,91223,M,,,91
201500036767,15,3,10,1230,1,1,1,1,7,91223,M,,,91
201500036768,15,1,20,930,1,1,1,1,7,91223,M,,,91
201500036769,15,3,11,1600,1,2,1,1,2,91433,M,,,91
201500036770,15,1,22,2025,5,2,1,1,6,91223,M,,,91
201500036771,15,3,23,1725,1,2,1,1,6,91223,M,,,91
201500036772,15,1,28,1545,1,1,1,2,7,91433,M,,,91
201500036773,15,3,28,2340,5,2,3,1,1,91223,M,,,91
201500036774,15,1,30,1510,1,1,1,1,7,91433,M,,,91
201500036775,15,4,3,1820,1,1,1,1,4,91223,M,,,91
201500036776,15,2,4,1154,1,2,1,1,3,91223,M,,,91
201500036777,15,4,6,1630,1,1,1,1,7,91433,M,,,91
201500036778,15,2,11,1135,1,2,1,1,6,91223,M,,,91
201500036779,15,4,8,1200,1,1,1,1,1,91223,M,,,91
201500036780,15,2,14,1830,2,1,1,1,7,91223,M,,,91
201500036781,15,4,9,25,3,2,3,1,6,91223,M,,,91
201500036782,15,2,15,1150,1,1,1,1,6,91223,M,,,91
201500036783,15,4,10,1550,1,2,1,1,7,91223,M,,,91
201500036784,15,2,18,1050,1,2,1,1,6,91223,M,,,91
201500036785,15,4,13,1400,1,2,1,1,2,91223,M,,,91
201500036786,15,2,19,1055,1,2,7,1,6,91223,M,,,91
201500036787,15,4,14,1530,1,2,1,1,7,91109,M,,,91
201500036788,15,4,17,2240,3,2,1,1,6,91469,M,,,91
201500036789,15,2,21,345,5,1,9,1,7,91433,M,,,91
201500036790,15,4,22,135,3,1,1,1,7,91223,M,,,91
201500036791,15,2,24,740,2,1,1,1,7,91433,M,,,91
201500036792,15,2,25,1430,1,2,3,2,3,91223,M,,,91
201500036793,15,4,28,1248,1,1,1,1,6,91223,M,,,91
201500036794,15,4,29,1730,1,2,3,1,3,91223,M,,,91
201500036795,15,2,27,1920,5,2,1,1,2,91223,M,,,91
201500036796,15,2,27,1945,5,2,1,1,1,91223,M,,,91
201500036797,15,5,11,1355,1,2,1,1,6,91223,M,,,91
201500036798,15,5,18,1255,1,2,1,1,2,91223,M,4843455.0,216462.0,91
201500036799,15,5,21,255,3,1,6,1,6,91433,M,4846684.0,218279.0,91
201500036800,15,5,28,1830,1,2,1,1,6,91223,M,4842308.0,214660.0,91
201500036801,15,6,2,1300,1,2,1,1,6,91223,M,,,91
201500036802,15,6,6,1125,1,2,1,1,6,91223,M,,,91
201500036803,15,6,6,2015,1,1,1,1,1,91433,M,,,91
201500036804,15,6,12,1120,1,1,1,1,6,91433,M,,,91
201500036805,15,6,14,1640,1,2,1,1,2,91223,M,,,91
201500036806,15,6,16,1600,1,2,2,1,3,91223,M,,,91
201500036807,15,6,21,1540,1,2,1,1,3,91223,M,,,91
201500036808,15,6,24,1843,1,1,3,1,3,91433,M,,,91
201500036809,15,7,6,45,5,1,1,1,7,91223,M,,,91
201500036810,15,7,11,1800,1,1,1,1,7,91223,M,,,91
201500036811,15,7,13,1650,1,2,6,1,3,91223,M,,,91
201500036812,15,7,13,1940,1,1,1,1,7,91223,M,,,91
201500036813,15,7,21,1215,1,1,1,1,5,91223,M,,,91
201500036814,15,7,23,45,3,2,1,1,6,91223,M,,,91
201500036815,15,7,26,1440,1,1,1,2,6,91223,M,,,91
201500036816,15,7,26,1525,1,2,1,2,6,91223,M,,,91
201500036817,15,8,3,1515,1,2,1,1,2,91433,M,,,91
201500036818,15,8,12,1210,1,2,7,1,2,91223,M,,,91
201500036819,15,8,17,1500,1,2,1,1,7,91433,M,,,91
201500036820,15,8,19,1900,1,1,1,1,3,91223,M,,,91
201500036821,15,8,21,1755,1,1,2,1,1,91223,M,,,91
201500036822,15,8,27,2140,5,2,1,3,1,91223,M,,,91
201500036823,15,8,28,1820,1,2,1,1,6,91223,M,,,91
201500036824,15,8,31,1730,1,2,1,1,7,91223,M,,,91
201500036825,15,9,12,840,1,1,1,1,7,91223,M,,,91
201500036826,15,9,13,430,5,2,1,2,7,91223,M,,,91
201500036827,15,9,16,2000,5,2,1,1,6,91433,M,,,91
201500036828,15,9,18,1425,1,2,3,1,2,91223,M,,,91
201500036829,15,9,18,1800,1,2,3,1,3,91223,M,,,91
201500036830,15,9,20,2010,1,2,3,1,3,91223,M,,,91
201500036831,15,9,25,1725,1,1,6,1,5,91433,M,,,91
201500036832,15,9,29,1020,1,2,1,1,2,91223,M,,,91
201500036833,15,9,30,1440,1,1,1,1,7,91433,M,,,91
201500036834,15,10,1,1825,1,2,1,1,6,91223,M,,,91
201500036835,15,10,6,705,2,2,1,2,6,91223,M,,,91
201500036836,15,10,6,1100,1,1,1,2,7,91223,M,,,91
201500036837,15,10,6,2030,5,2,1,1,6,91223,M,,,91
201500036838,15,10,9,955,1,2,1,1,6,91223,M,,,91
201500036839,15,10,12,1400,1,1,1,1,6,91469,M,,,91
201500036840,15,10,13,1730,1,2,3,1,3,91223,M,,,91
201500036841,15,10,16,1420,1,1,2,1,1,91223,M,,,91
201500036842,15,10,18,1455,1,2,1,1,7,91223,M,,,91
201500036843,15,10,20,1715,1,2,3,1,2,91223,M,,,91
201500036844,15,10,27,1900,1,2,1,2,4,91223,M,,,91
201500036845,15,10,31,340,5,2,1,1,6,91223,M,,,91
201500036846,15,11,1,1120,1,2,1,1,6,91223,M,,,91
201500036847,15,11,5,1750,2,2,1,2,6,91223,M,,,91
201500036848,15,11,9,1700,1,1,1,1,2,91433,M,,,91
201500036849,15,11,14,1750,2,2,1,1,6,91223,M,,,91
201500036850,15,11,17,1000,1,1,1,2,7,91223,M,,,91
201500036851,15,11,17,1830,5,2,1,2,6,91223,M,,,91
201500036852,15,11,17,2235,3,1,3,1,3,91469,M,,,91
201500036853,15,11,22,1220,1,1,1,1,1,91469,M,,,91
201500036854,15,11,27,740,2,1,1,1,6,91433,M,,,91
201500036855,15,11,27,2030,3,1,1,1,7,91223,M,,,91
201500036856,15,12,3,651,3,1,1,1,5,91469,M,,,91
201500036857,15,12,4,655,3,1,1,1,4,91223,M,,,91
201500036858,15,12,8,805,3,1,1,1,4,91223,M,,,91
201500036859,15,12,13,1930,3,1,3,1,5,91223,M,,,91
201500036860,15,12,15,1730,1,1,1,1,6,91223,M,,,91
201500036861,15,12,16,1245,1,2,1,1,6,91223,M,4842988.0,215792.0,91
201500036862,15,12,19,510,3,1,1,1,7,91223,M,4843344.0,216744.0,91
201500036863,15,12,19,1740,2,1,1,1,7,91223,M,4839855.0,211890.0,91
201500036864,15,12,20,1510,1,2,1,1,6,91223,M,4843372.0,215602.0,91
201500036865,15,12,21,830,1,1,1,1,6,91433,M,4844479.0,222265.0,91
201500036866,15,12,23,1715,2,1,1,1,3,91433,M,4846839.0,218391.0,91
201500036867,15,12,23,1920,5,2,1,1,4,91223,M,4844022.0,215548.0,91
201500036868,15,12,27,205,5,2,6,1,6,91223,M,4844500.0,217060.0,91
201500036869,15,12,29,1645,1,2,3,1,1,91223,M,4843326.0,215529.0,91
201500036870,15,12,30,1720,2,1,1,1,7,91223,M,4842414.0,214157.0,91
201500036871,15,8,30,2030,1,2,1,1,6,91228,M,,,91
201500036872,15,7,7,1330,1,1,1,1,6,91228,M,,,91
201500036873,15,7,17,35,5,2,2,1,6,91228,M,,,91
201500036874,15,7,22,1948,1,2,2,1,6,91228,M,,,91
201500036875,15,11,12,2030,5,2,1,1,6,91521,M,4864559.0,240612.0,91
201500036876,15,11,21,1130,1,2,3,1,1,91182,M,4861899.0,241039.0,91
201500036877,15,10,30,1912,1,2,2,1,3,91228,M,4862816.0,244811.0,91
201500036878,15,9,22,1350,1,2,1,1,6,91228,M,,,91
201500036879,15,5,28,2050,5,2,2,1,1,91434,M,4864698.0,235859.0,91
201500036880,15,3,31,1045,1,2,1,1,6,91687,M,4866313.0,237497.0,91
201500036881,15,4,3,2200,5,1,1,1,6,91286,M,4865432.0,238952.0,91
201500036882,15,9,28,2050,5,2,2,1,5,91434,M,4864700.0,235861.0,91
201500036883,15,5,19,1630,1,2,1,1,1,91687,M,4865416.0,237097.0,91
201500036884,15,12,31,500,1,1,1,1,7,91326,M,4868847.0,237122.0,91
201500036885,15,4,8,1600,1,2,1,1,6,91326,M,,,91
201500036886,15,12,28,815,1,2,1,1,1,91286,M,4865658.0,238397.0,91
201500036887,15,4,4,1610,1,2,3,1,3,91687,M,,,91
201500036888,15,3,17,1505,1,2,1,1,7,91326,M,4868677.0,238041.0,91
201500036889,15,5,31,1300,1,2,3,3,5,91326,M,4868446.0,238282.0,91
201500036890,15,5,30,1610,1,2,2,1,3,91687,M,4867590.0,238533.0,91
201500036891,15,12,29,1150,1,2,1,1,1,91687,M,4868298.0,238115.0,91
201500036892,15,6,8,1500,1,2,3,1,3,91434,M,4866250.0,236006.0,91
201500036893,15,1,12,1430,1,2,7,1,3,91434,M,4864601.0,235354.0,91
201500036894,15,6,16,1510,1,2,1,1,1,91286,M,4866894.0,239338.0,91
201500036895,15,11,23,720,2,2,3,2,3,91687,M,4865452.0,236409.0,91
201500036896,15,7,11,1830,1,2,2,1,3,91326,M,,,91
201500036897,15,6,8,1800,1,2,1,1,2,91687,M,4868200.0,228500.0,91
201500036898,15,8,10,1440,1,2,1,1,6,91687,M,4865989.0,236553.0,91
201500036899,15,9,2,455,5,2,2,1,6,91286,M,4865690.0,238958.0,91
201500036900,15,1,9,1550,1,2,1,2,2,91687,M,,,91
201500036901,15,1,21,830,2,2,1,1,2,91286,M,,,91
201500036902,15,1,27,820,1,2,1,1,6,91326,M,,,91
201500036903,15,2,14,735,1,2,1,1,6,91687,M,,,91
201500036904,15,2,27,1710,1,2,1,1,6,91326,M,,,91
201500036905,15,1,9,1840,5,2,3,8,6,91345,M,,,91
201500036906,15,1,14,750,2,2,1,8,6,91345,M,,,91
201500036907,15,2,12,1650,1,2,1,1,6,91161,M,,,91
201500036908,15,3,2,1930,4,2,1,1,3,91161,M,,,91
201500036909,15,2,13,1315,1,1,6,1,5,91161,M,,,91
201500036910,15,3,8,1200,1,2,2,1,3,91345,M,,,91
201500036911,15,2,17,530,3,2,3,1,3,91345,M,,,91
201500036912,15,3,13,835,1,2,1,1,6,91161,M,,,91
201500036913,15,2,25,1150,1,2,1,2,6,91161,M,,,91
201500036914,15,4,2,1233,1,2,1,2,3,91161,M,0.0,0.0,91
201500036915,15,4,3,1405,1,2,3,3,1,91345,M,0.0,0.0,91
201500036916,15,4,9,1920,1,2,1,1,5,91161,M,0.0,0.0,91
201500036917,15,4,28,815,1,2,1,1,3,91161,M,0.0,0.0,91
201500036918,15,4,30,1940,1,2,1,2,2,91161,M,0.0,0.0,91
201500036919,15,5,13,1620,1,2,3,1,1,91345,M,0.0,0.0,91
201500036920,15,5,20,845,1,2,1,1,3,91161,M,0.0,0.0,91
201500036921,15,5,16,2135,2,2,1,1,6,91345,M,0.0,0.0,91
201500036922,15,5,27,1900,1,2,2,1,1,91161,M,0.0,0.0,91
201500036923,15,6,5,1600,1,2,9,1,3,91161,M,0.0,0.0,91
201500036924,15,6,9,1635,1,2,1,1,6,91345,M,0.0,0.0,91
201500036925,15,6,24,1910,1,2,1,1,3,91161,M,0.0,0.0,91
201500036926,15,6,25,1854,1,2,9,1,3,91161,M,,,91
201500036927,15,6,26,1453,1,2,3,1,2,91345,M,0.0,0.0,91
201500036928,15,4,23,2005,1,2,1,1,6,91345,M,0.0,0.0,91
201500036929,15,6,29,1700,1,2,1,1,3,91345,M,,,91
201500036930,15,5,30,600,2,2,1,1,6,91161,M,4870575.0,231404.0,91
201500036931,15,7,3,1705,1,2,2,1,6,91345,M,4869500.0,229417.0,91
201500036932,15,7,8,1745,1,2,6,1,3,91161,M,0.0,0.0,91
201500036933,15,7,20,600,1,2,2,1,3,91161,M,,,91
201500036934,15,9,11,1835,1,2,1,1,4,91161,M,,,91
201500036935,15,9,15,1300,1,2,2,1,6,91345,M,,,91
201500036936,15,9,18,730,1,2,2,1,6,91161,M,,,91
201500036937,15,9,23,1150,1,1,1,1,6,91161,M,,,91
201500036938,15,9,27,1125,1,2,1,1,6,91161,M,,,91
201500036939,15,9,29,900,1,2,3,1,3,91161,M,,,91
201500036940,15,10,16,630,5,2,1,2,3,91161,M,,,91
201500036941,15,10,20,1940,5,2,2,2,3,91345,M,4869771.0,229907.0,91
201500036942,15,10,31,1615,1,2,6,1,6,91161,M,,,91
201500036943,15,11,5,800,1,1,1,1,4,91345,M,,,91
201500036944,15,11,26,2140,5,2,1,1,6,91345,M,4868714.0,229006.0,91
201500036945,15,12,14,1920,5,2,2,1,6,91161,M,4870028.0,231800.0,91
201500036946,15,12,15,900,1,1,6,2,3,91161,M,4871184.0,231019.0,91
201500036947,15,12,16,1810,5,2,1,2,6,91161,M,4870126.0,231927.0,91
201500036948,15,12,19,1000,1,2,2,1,6,91345,M,4869974.0,229615.0,91
201500036949,15,12,18,1540,1,1,3,2,3,91345,M,4868095.0,231366.0,91
201500036950,15,12,29,1750,3,1,3,1,1,91161,M,4871517.0,230370.0,91
201500036951,15,2,12,1530,1,2,1,1,6,91377,M,,,91
201500036952,15,10,21,1620,1,1,1,1,1,91689,M,4874352.0,232979.0,91
201500036953,15,3,18,750,1,2,1,1,6,91377,M,,,91
201500036954,15,3,20,2020,1,2,6,1,4,91377,M,,,91
201500036955,15,3,28,955,1,2,6,1,2,91377,M,,,91
201500036956,15,4,3,1615,1,2,1,1,4,91377,M,,,91
201500036957,15,4,6,35,5,2,1,1,2,91377,M,,,91
201500036958,15,11,5,1845,2,1,2,1,3,91377,M,4871666.0,228333.0,91
201500036959,15,4,8,1350,1,2,1,1,2,91377,M,,,91
201500036960,15,4,8,1350,1,2,1,1,2,91377,M,,,91
201500036961,15,4,14,1335,1,2,1,1,1,91689,M,,,91
201500036962,15,4,15,1225,1,2,1,1,1,91377,M,,,91
201500036963,15,8,6,1300,1,2,1,1,1,91689,M,4873636.0,233653.0,91
201500036964,15,4,17,1645,1,2,1,1,6,91377,M,,,91
201500036965,15,4,29,1945,2,2,1,1,3,91689,M,,,91
201500036966,15,5,9,45,5,2,1,1,2,91377,M,,,91
201500036967,15,5,29,1120,1,2,1,1,6,91377,M,0.0,0.0,91
201500036968,15,5,23,1630,1,2,2,1,3,91377,M,,,91
201500036969,15,6,3,1800,1,2,1,1,2,91377,M,4871670.0,226667.0,91
201500036970,15,6,9,1805,1,2,1,1,6,91377,M,4871670.0,228333.0,91
201500036971,15,6,11,1630,1,2,3,1,5,91377,M,4871670.0,226667.0,91
201500036972,15,6,12,1720,1,2,1,1,3,91689,M,4843000.0,219000.0,91
201500036973,15,1,13,1820,5,2,1,1,3,91377,M,,,91
201500036974,15,6,19,948,1,2,2,1,1,91377,M,4873333.0,228333.0,91
201500036975,15,1,14,835,5,2,1,2,3,91377,M,,,91
201500036976,15,1,17,2035,5,2,1,1,3,91377,M,,,91
201500036977,15,7,17,1820,1,2,1,1,6,91377,M,,,91
201500036978,15,1,21,2110,1,2,1,1,3,91377,M,,,91
201500036979,15,7,26,1935,1,2,3,2,3,91377,M,4840000.0,216000.0,91
201500036980,15,1,26,1420,1,2,1,1,4,91377,M,,,91
201500036981,15,1,28,1225,1,2,1,1,6,91377,M,,,91
201500036982,15,7,30,1225,1,2,1,1,2,91377,M,,,91
201500036983,15,3,7,1055,1,2,1,1,3,91689,M,,,91
201500036984,15,9,1,1930,1,2,1,1,3,91377,M,4872675.0,227805.0,91
201500036985,15,3,9,1750,1,2,1,1,3,91377,M,,,91
201500036986,15,9,6,1340,1,2,1,1,3,91377,M,4873033.0,230261.0,91
201500036987,15,3,13,2025,2,2,1,1,6,91377,M,,,91
201500036988,15,9,9,1820,1,2,1,1,3,91377,M,4843000.0,215000.0,91
201500036989,15,9,16,604,5,2,1,2,1,91377,M,,,91
201500036990,15,8,14,1730,1,2,1,3,6,91377,M,,,91
201500036991,15,10,13,820,1,2,1,1,2,91377,M,4871670.0,228333.0,91
201500036992,15,10,14,1545,1,2,1,1,6,91377,M,,,91
201500036993,15,10,26,1905,2,2,2,1,3,91377,M,,,91
201500036994,15,11,3,750,1,2,1,2,3,91377,M,4843000.0,214000.0,91
201500036995,15,11,16,1608,1,2,1,2,6,91377,M,4873100.0,225642.0,91
201500036996,15,12,2,1730,5,2,1,1,6,91377,M,4873471.0,229551.0,91
201500036997,15,12,9,1600,1,1,1,7,1,91689,M,,,91
201500036998,15,12,15,1840,5,2,1,3,6,91377,M,4872683.0,227802.0,91
201500036999,15,12,18,1950,5,2,3,1,7,91377,M,4873972.0,230081.0,91
201500037000,15,10,16,1220,1,2,1,2,1,91691,M,4870863.0,249473.0,91
201500037001,15,6,7,2300,5,2,1,1,4,91421,M,4868384.0,248938.0,91
201500037002,15,12,31,1740,1,2,1,1,2,91421,M,4871813.0,244319.0,91
201500037003,15,6,6,1850,1,2,2,1,3,91691,M,4870655.0,248808.0,91
201500037004,15,1,7,1740,1,2,1,1,6,91421,M,,,91
201500037005,15,6,20,1055,1,2,1,1,6,91421,M,4869632.0,245640.0,91
201500037006,15,6,30,45,3,1,1,1,2,91421,M,4869458.0,244717.0,91
201500037007,15,1,13,820,1,2,1,1,4,91421,M,,,91
201500037008,15,7,3,1710,1,2,1,1,1,91691,M,4871077.0,249816.0,91
201500037009,15,1,14,1950,5,2,1,1,6,91691,M,,,91
201500037010,15,11,26,1400,1,2,1,1,6,91691,M,,,91
201500037011,15,7,10,1725,1,1,1,1,2,91421,M,,,91
201500037012,15,1,16,1935,5,2,3,1,3,91691,M,,,91
201500037013,15,6,12,1905,1,2,1,1,2,91691,M,4871199.0,248800.0,91
201500037014,15,1,31,1805,2,1,1,1,7,91421,M,,,91
201500037015,15,7,24,1745,1,2,6,1,1,91691,M,4870819.0,248250.0,91
201500037016,15,2,2,1730,2,2,1,1,3,91421,M,,,91
201500037017,15,8,7,1715,1,1,1,3,4,91421,M,4868218.0,249105.0,91
201500037018,15,2,12,855,1,2,1,1,6,91421,M,,,91
201500037019,15,6,16,1725,1,1,1,1,4,91421,M,4868619.0,248665.0,91
201500037020,15,2,16,130,4,1,1,1,2,91421,M,,,91
201500037021,15,12,16,1220,1,2,1,2,3,91691,M,4870768.0,249551.0,91
201500037022,15,8,21,1825,1,2,2,1,3,91421,M,4870731.0,243860.0,91
201500037023,15,2,28,2110,5,2,1,1,2,91691,M,,,91
201500037024,15,9,9,1025,1,1,1,1,2,91421,M,,,91
201500037025,15,3,7,1510,1,1,1,1,2,91421,M,,,91
201500037026,15,12,17,2045,1,2,1,1,2,91421,M,4871560.0,244706.0,91
201500037027,15,9,10,1635,1,1,1,1,1,91691,M,4869648.0,248035.0,91
201500037028,15,3,7,1720,1,2,1,1,4,91421,M,,,91
201500037029,15,9,11,815,1,2,3,1,2,91691,M,4872259.0,249849.0,91
201500037030,15,2,23,910,1,1,1,2,3,91691,M,,,91
201500037031,15,9,17,1530,1,2,4,1,1,91691,M,4871850.0,248833.0,91
201500037032,15,3,8,2230,4,1,1,1,4,91421,M,,,91
201500037033,15,9,21,1045,1,2,1,1,6,91691,M,4870690.0,248403.0,91
201500037034,15,3,25,1755,1,2,1,2,2,91421,M,,,91
201500037035,15,9,22,1730,1,1,1,1,1,91421,M,4869360.0,244747.0,91
201500037036,15,3,25,1830,2,2,1,2,6,91691,M,,,91
201500037037,15,9,30,820,1,1,1,1,2,91421,M,4871841.0,244304.0,91
201500037038,15,1,12,855,1,2,3,1,3,91191,M,,,91
201500037039,15,10,1,1950,1,2,1,1,2,91421,M,4870420.0,244639.0,91
201500037040,15,3,30,1730,1,2,3,1,1,91691,M,,,91
201500037041,15,10,3,710,5,2,1,1,1,91691,M,4870920.0,249361.0,91
201500037042,15,3,14,1300,1,2,1,1,2,91691,M,,,91
201500037043,15,9,19,2105,3,2,1,1,6,91691,M,4870800.0,249525.0,91
201500037044,15,4,2,1630,1,2,3,1,3,91691,M,,,91
201500037045,15,10,13,2025,5,2,1,1,6,91421,M,4870320.0,246217.0,91
201500037046,15,4,5,1900,1,2,2,1,3,91691,M,,,91
201500037047,15,7,5,120,5,1,1,1,6,91421,M,4869082.0,245419.0,91
201500037048,15,4,12,1530,1,2,6,1,3,91691,M,,,91
201500037049,15,10,14,2015,4,2,1,1,1,91421,M,4870050.0,247603.0,91
201500037050,15,4,12,2135,2,2,1,1,3,91691,M,,,91
201500037051,15,4,18,925,1,2,1,1,6,91421,M,,,91
201500037052,15,10,30,1550,1,1,1,1,4,91421,M,4872130.0,244300.0,91
201500037053,15,10,30,2035,5,2,1,1,6,91421,M,4869915.0,245525.0,91
201500037054,15,4,21,1825,1,2,1,1,4,91691,M,,,91
201500037055,15,4,24,1400,1,2,1,1,2,91421,M,,,91
201500037056,15,11,17,1030,1,2,3,2,5,91691,M,4871604.0,249070.0,91
201500037057,15,4,26,1900,1,2,1,1,6,91691,M,,,91
201500037058,15,11,17,1350,1,1,1,2,2,91421,M,4869154.0,245189.0,91
201500037059,15,2,19,700,5,2,2,1,3,91421,M,,,91
201500037060,15,11,6,1800,5,2,1,1,4,91421,M,4871440.0,244806.0,91
201500037061,15,5,3,500,3,2,1,1,2,91421,M,,,91
201500037062,15,11,8,1505,1,2,1,1,6,91691,M,4869760.0,247519.0,91
201500037063,15,11,8,1535,1,2,3,1,3,91421,M,4869680.0,245786.0,91
201500037064,15,5,17,745,1,2,1,1,2,91691,M,,,91
201500037065,15,5,1,1820,1,1,1,1,3,91421,M,,,91
201500037066,15,11,10,810,2,2,1,1,2,91421,M,4870630.0,245411.0,91
201500037067,15,12,1,1535,1,2,1,1,6,91691,M,4871388.0,248918.0,91
201500037068,15,5,24,1615,1,1,1,1,2,91421,M,,,91
201500037069,15,5,24,2300,5,2,1,1,6,91421,M,,,91
201500037070,15,10,16,1150,1,2,1,1,1,91691,M,4871788.0,249655.0,91
201500037071,15,5,26,1635,1,2,1,1,6,91421,M,,,91
201500037072,15,10,16,1620,1,2,1,1,1,91691,M,0.0,0.0,91
201500037073,15,12,21,1810,1,1,1,1,5,91421,M,4869049.0,245745.0,91
201500037074,15,12,23,1615,1,2,1,1,3,91421,M,4870570.0,243930.0,91
201500037075,15,12,27,1840,2,1,1,1,6,91421,M,4868263.0,249088.0,91
201500037076,15,1,1,335,3,2,1,8,6,91692,M,,,91
201500037077,15,12,26,1711,1,1,6,1,3,91692,M,4867533.0,219276.0,91
201500037078,15,4,1,1325,1,2,2,1,2,91477,M,,,91
201500037079,15,1,23,750,2,2,3,1,1,91477,M,,,91
201500037080,15,4,3,630,3,1,1,2,3,91692,M,,,91
201500037081,15,1,22,750,2,2,1,1,6,91477,M,,,91
201500037082,15,4,3,1045,1,1,1,1,3,91692,M,,,91
201500037083,15,1,26,1910,5,2,1,2,6,91645,M,,,91
201500037084,15,4,7,1530,1,1,1,1,6,91645,M,,,91
201500037085,15,1,31,1220,1,2,6,2,2,91477,M,,,91
201500037086,15,4,10,820,1,2,1,1,1,91645,M,,,91
201500037087,15,12,30,1600,1,2,1,1,3,91477,M,4871224.0,225696.0,91
201500037088,15,1,27,1810,5,2,1,1,6,91692,M,,,91
201500037089,15,4,28,805,1,2,1,1,6,91122,M,,,91
201500037090,15,2,8,1345,1,2,1,1,3,91312,M,,,91
201500037091,15,11,6,1640,1,1,1,1,1,91122,M,4870376.0,216158.0,91
201500037092,15,5,12,1030,1,2,1,1,2,91645,M,,,91
201500037093,15,12,16,1340,1,2,3,1,6,91122,M,4869347.0,215606.0,91
201500037094,15,2,25,855,1,2,1,2,4,91122,M,,,91
201500037095,15,5,27,2245,5,2,2,1,5,91692,M,4867850.0,217486.0,91
201500037096,15,2,15,2000,5,2,1,1,2,91645,M,,,91
201500037097,15,5,30,2052,1,1,1,1,3,91692,M,4867876.0,219961.0,91
201500037098,15,2,15,2030,5,2,1,1,6,91477,M,,,91
201500037099,15,4,21,1430,1,1,1,1,6,91692,M,,,91
201500037100,15,3,3,1940,5,2,3,9,3,91312,M,,,91
201500037101,15,6,5,1300,1,2,1,1,2,91477,M,,,91
201500037102,15,2,19,1930,5,2,1,1,2,91645,M,,,91
201500037103,15,6,7,1235,1,2,1,1,6,91477,M,,,91
201500037104,15,7,1,2130,1,2,4,1,3,91471,M,0.0,0.0,91
201500037105,15,7,1,2340,5,2,2,1,1,91471,M,4841430.0,841430.0,91
201500037106,15,3,16,735,1,2,1,1,6,91122,M,,,91
201500037107,15,7,3,1400,1,2,1,1,1,91471,M,,,91
201500037108,15,7,3,1350,1,2,6,7,2,91692,M,,,91
201500037109,15,5,29,1935,1,2,1,1,2,91692,M,,,91
201500037110,15,7,26,418,3,1,1,1,6,91692,M,0.0,0.0,91
201500037111,15,5,28,1620,1,2,3,1,3,91692,M,,,91
201500037112,15,3,18,1930,5,2,1,1,6,91692,M,,,91
201500037113,15,8,9,335,5,2,3,1,6,91645,M,4874888.0,226324.0,91
201500037114,15,3,16,1235,1,2,1,1,5,91477,M,,,91