Num_Acc,an,mois,jour,hrmn,lum,agg,int,atm,col,com,gps,lat,long,dep
201500037115,15,6,15,1920,1,1,6,1,2,91692,M,4867632.0,219430.0,91
201500037116,15,3,20,1630,1,2,4,1,1,91312,M,,,91
201500037117,15,9,1,940,1,2,2,1,3,91312,M,0.0,0.0,91
201500037118,15,3,27,1030,1,2,1,1,2,91312,M,,,91
201500037119,15,9,2,825,1,2,2,1,6,91471,M,,,91
201500037120,15,1,30,815,1,2,1,1,6,91645,M,,,91
201500037121,15,9,5,1840,1,2,1,1,1,91471,M,,,91
201500037122,15,9,8,1545,1,1,1,1,1,91477,M,,,91
201500037123,15,1,12,840,2,2,1,1,6,91477,M,,,91
201500037124,15,2,21,1350,1,2,3,1,6,91692,M,,,91
201500037125,15,6,5,2215,1,2,7,1,6,91471,M,5070000.0,470000.0,91
201500037126,15,3,31,920,1,2,1,1,6,91471,M,,,91
201500037127,15,6,6,30,5,2,1,1,2,91645,M,0.0,0.0,91
201500037128,15,3,24,945,1,2,1,1,6,91471,M,,,91
201500037129,15,9,2,1445,1,2,2,1,3,91692,M,4867000.0,219560.0,91
201500037130,15,9,27,1243,1,2,1,1,6,91477,M,,,91
201500037131,15,9,10,855,1,2,1,1,3,91477,M,,,91
201500037132,15,9,28,1615,1,2,1,1,6,91692,M,,,91
201500037133,15,9,27,1005,1,1,9,1,3,91692,M,4867630.0,219419.0,91
201500037134,15,10,5,1655,1,2,1,3,2,91477,M,,,91
201500037135,15,10,9,1550,1,2,1,1,3,91645,M,,,91
201500037136,15,10,27,1835,2,2,1,2,5,91692,M,4867776.0,217104.0,91
201500037137,15,11,1,15,5,2,3,1,3,91477,M,4870953.0,224615.0,91
201500037138,15,11,3,1850,1,2,1,1,6,91471,M,,,91
201500037139,15,11,4,930,1,2,1,2,3,91477,M,,,91
201500037140,15,11,16,830,1,2,1,1,6,91471,M,,,91
201500037141,15,11,17,750,2,1,1,8,1,91064,M,,,91
201500037142,15,11,20,900,1,2,5,2,3,91312,M,,,91
201500037143,15,11,1,1345,1,2,1,1,6,91477,M,,,91
201500037144,15,11,24,2130,3,1,1,2,2,91064,M,4875224.0,220547.0,91
201500037145,15,11,26,1310,1,2,1,1,3,91312,M,,,91
201500037146,15,11,27,2310,5,2,2,2,3,91471,M,4868246.0,218302.0,91
201500037147,15,12,2,1610,1,1,1,1,6,91064,M,4876672.0,219449.0,91
201500037148,15,12,2,1630,1,2,7,1,6,91477,M,4870725.0,225711.0,91
201500037149,15,12,9,1730,2,2,1,1,6,91122,M,,,91
201500037150,15,12,7,1945,5,2,6,1,1,91471,M,,,91
201500037151,15,12,14,1700,2,1,1,1,1,91064,M,,,91
201500037152,15,12,19,1915,5,2,1,1,6,91477,M,4872127.0,224833.0,91
201500037153,15,12,23,220,3,1,1,1,6,91692,M,4867508.0,218594.0,91
201500037154,15,1,27,1900,5,2,1,1,6,91549,M,,,91
201500037155,15,2,8,1745,1,2,1,1,6,91549,M,,,91
201500037156,15,4,10,710,1,1,1,1,3,91570,M,,,91
201500037157,15,4,12,705,2,2,6,1,1,91549,M,,,91
201500037158,15,3,7,1655,1,2,2,1,3,91549,M,,,91
201500037159,15,4,29,1920,1,2,2,1,3,91549,M,,,91
201500037160,15,3,10,1210,1,1,1,1,1,91570,M,,,91
201500037161,15,3,10,1400,1,2,1,1,6,91549,M,,,91
201500037162,15,5,6,900,1,2,1,1,2,91216,M,4867904.0,233385.0,91
201500037163,15,5,30,2305,5,2,1,1,3,91549,M,4865072.0,230973.0,91
201500037164,15,6,3,2300,5,2,1,1,6,91549,M,4864727.0,232726.0,91
201500037165,15,6,10,1205,1,2,2,1,6,91549,M,4864656.0,232973.0,91
201500037166,15,6,25,810,1,2,2,1,1,91549,M,4864035.0,233567.0,91
201500037167,15,6,28,2005,1,2,2,1,3,91549,M,4864311.0,233406.0,91
201500037168,15,7,4,1840,1,2,1,1,6,91570,M,4863653.0,231696.0,91
201500037169,15,7,10,2008,1,2,1,1,6,91570,M,,,91
201500037170,15,7,26,1753,1,1,1,8,1,91549,M,,,91
201500037171,15,8,7,1750,1,2,1,1,2,91570,M,4863489.0,231164.0,91
201500037172,15,8,27,1930,1,2,1,2,3,91570,M,,,91
201500037173,15,9,3,1345,1,2,1,1,6,91549,M,,,91
201500037174,15,9,5,200,5,2,6,1,3,91549,M,4864705.0,232589.0,91
201500037175,15,9,16,1925,2,2,3,1,3,91549,M,4864724.0,230214.0,91
201500037176,15,9,21,1900,2,2,1,1,3,91570,M,,,91
201500037177,15,9,24,1850,2,2,1,1,6,91549,M,,,91
201500037178,15,9,25,930,1,1,1,1,6,91549,M,4863878.0,233283.0,91
201500037179,15,9,28,1630,1,2,1,1,6,91549,M,4864197.0,234280.0,91
201500037180,15,10,2,1800,1,2,1,1,6,91549,M,4864488.0,233447.0,91
201500037181,15,10,12,1100,1,2,1,1,6,91549,M,0.0,0.0,91
201500037182,15,11,25,1740,5,2,1,2,2,91570,M,4864288.0,232723.0,91
201500037183,15,12,8,920,1,2,1,1,2,91216,M,4866792.0,233853.0,91
201500037184,15,4,3,1850,1,2,1,3,1,91589,M,,,91
201500037185,15,4,15,820,1,2,1,1,2,91432,M,,,91
201500037186,15,1,19,740,2,2,7,1,6,91589,M,,,91
201500037187,15,1,9,1810,5,2,1,1,1,91589,M,,,91
201500037188,15,3,25,850,1,1,1,2,3,91432,M,,,91
201500037189,15,1,20,1615,1,2,3,1,6,91589,M,,,91
201500037190,15,10,5,2255,5,2,1,1,6,91589,M,4867655.0,233695.0,91
201500037191,15,3,25,1735,1,2,1,1,6,91432,M,,,91
201500037192,15,1,28,840,1,1,2,1,3,91589,M,,,91
201500037193,15,10,11,1845,2,2,1,1,6,91589,M,4867213.0,234384.0,91
201500037194,15,3,20,1200,1,2,1,1,1,91589,M,4868541.0,234528.0,91
201500037195,15,2,3,900,2,2,1,8,6,91589,M,,,91
201500037196,15,10,30,1555,1,2,1,1,6,91589,M,4868290.0,234425.0,91
201500037197,15,4,2,1829,1,2,1,1,6,91589,M,,,91
201500037198,15,11,4,1710,2,2,2,1,3,91589,M,4868874.0,235581.0,91
201500037199,15,2,17,1710,1,2,1,1,6,91432,M,,,91
201500037200,15,4,3,2010,2,2,1,1,3,91432,M,,,91
201500037201,15,11,20,825,5,2,3,2,2,91589,M,4868943.0,235987.0,91
201500037202,15,4,7,2125,2,1,1,1,6,91589,M,4867749.0,233891.0,91
201500037203,15,2,13,1845,1,2,2,1,3,91589,M,,,91
201500037204,15,12,4,1245,1,2,1,1,3,91589,M,4867742.0,234881.0,91
201500037205,15,4,7,2255,5,2,2,1,3,91589,M,,,91
201500037206,15,12,8,1000,1,2,1,1,6,91589,M,4867642.0,233777.0,91
201500037207,15,4,14,1340,1,2,2,1,3,91432,M,,,91
201500037208,15,12,9,1740,5,2,1,1,6,91589,M,4868771.0,235095.0,91
201500037209,15,4,21,1111,1,2,3,1,1,91432,M,,,91
201500037210,15,12,9,1845,5,2,4,1,3,91589,M,4868728.0,235453.0,91
201500037211,15,5,25,2130,1,2,2,1,3,91589,M,,,91
201500037212,15,4,28,2150,2,2,1,1,7,91589,M,,,91
201500037213,15,4,28,1935,1,2,2,1,6,91589,M,,,91
201500037214,15,4,28,2325,5,2,6,1,6,91589,M,,,91
201500037215,15,4,19,1010,1,2,2,1,5,91589,M,,,91
201500037216,15,5,5,1015,1,2,3,1,3,91589,M,4867991.0,234412.0,91
201500037217,15,5,11,1900,1,2,1,1,6,91589,M,4869179.0,234443.0,91
201500037218,15,5,17,2150,1,2,6,1,2,91432,M,,,91
201500037219,15,5,25,1815,1,2,7,1,3,91432,M,4870528.0,233974.0,91
201500037220,15,6,3,1132,1,2,2,1,3,91432,M,4800000.0,200000.0,91
201500037221,15,6,3,2050,1,2,3,1,3,91432,M,4800000.0,200000.0,91
201500037222,15,6,11,1615,1,2,1,1,3,91589,M,4868000.0,235000.0,91
201500037223,15,6,22,1515,1,1,1,1,3,91589,M,4867528.0,235430.0,91
201500037224,15,7,7,2030,1,1,3,2,3,91589,M,4840000.0,220000.0,91
201500037225,15,7,8,1305,1,2,3,1,3,91432,M,4870000.0,233333.0,91
201500037226,15,7,4,515,2,1,1,1,7,91432,M,4870000.0,235000.0,91
201500037227,15,9,25,2100,5,2,1,1,6,91589,M,4868413.0,235754.0,91
201500037228,15,9,30,1200,1,2,6,1,2,91589,M,0.0,0.0,91
201500037229,15,7,1,1945,1,2,1,1,5,91589,M,4868278.0,234397.0,91
201500037230,15,7,1,2115,1,1,2,1,3,91432,M,4870526.0,233555.0,91
201500037231,15,10,2,1900,1,2,2,1,3,91589,M,4869112.0,235022.0,91
201500037232,15,7,11,500,5,2,1,1,6,91432,M,4870000.0,234000.0,91
201500037233,15,7,7,5,5,2,1,1,6,91589,M,4869000.0,234000.0,91
201500037234,15,7,4,1940,1,2,1,1,3,91589,M,4869000.0,236000.0,91
201500037235,15,7,4,1400,1,1,1,1,6,91589,M,4867000.0,233000.0,91
201500037236,15,8,20,855,1,2,1,3,6,91589,M,0.0,0.0,91
201500037237,15,8,7,1800,1,1,1,1,7,91432,M,4870000.0,235000.0,91
201500037238,15,8,31,1805,1,2,1,1,3,91589,M,4868330.0,235000.0,91
201500037239,15,9,3,905,1,2,6,1,3,91589,M,4868330.0,233333.0,91
201500037240,15,9,19,2020,4,2,3,1,3,91589,M,4870538.0,234620.0,91
201500037241,15,10,12,2050,5,2,6,1,2,91589,M,4869040.0,233928.0,91
201500037242,15,7,21,1630,1,2,1,1,6,91432,M,0.0,0.0,91
201500037243,15,10,6,1315,1,2,2,1,3,91432,M,4869512.0,233452.0,91
201500037244,15,7,24,1520,1,2,4,1,3,91589,M,4868001.0,233448.0,91
201500037245,15,10,7,1248,1,2,3,1,3,91589,M,4869334.0,236026.0,91
201500037246,15,10,8,750,1,2,1,1,1,91589,M,4868712.0,235402.0,91
201500037247,15,10,27,945,1,2,1,1,6,91589,M,4867893.0,234609.0,91
201500037248,15,11,8,1540,1,2,1,1,2,91589,M,4867808.0,234004.0,91
201500037249,15,11,25,800,1,2,1,1,6,91589,M,4869282.0,236468.0,91
201500037250,15,11,21,945,1,2,6,1,3,91432,M,4870019.0,233863.0,91
201500037251,15,11,26,1735,5,2,1,8,1,91589,M,4867631.0,235608.0,91
201500037252,15,12,4,1430,1,2,1,1,6,91589,M,4867610.0,235140.0,91
201500037253,15,12,8,905,1,2,1,1,6,91589,M,4869023.0,233942.0,91
201500037254,15,12,8,1815,5,2,1,2,3,91589,M,4867738.0,235627.0,91
201500037255,15,12,8,1955,5,2,1,1,6,91589,M,4867599.0,235232.0,91
201500037256,15,12,11,1900,5,2,6,1,3,91589,M,4869047.0,233927.0,91
201500037257,15,12,14,1810,5,2,2,1,5,91589,M,4870531.0,233973.0,91
201500037258,15,9,4,1235,1,1,2,1,3,91589,M,4840000.0,220000.0,91
201500037259,15,9,18,800,1,2,4,1,6,91589,M,4840000.0,221000.0,91
201500037260,15,9,18,2210,5,2,1,1,4,91589,M,4840000.0,220000.0,91
201500037261,15,9,19,2020,2,2,1,1,1,91589,M,4842000.0,220000.0,91
201500037262,15,9,20,325,5,2,1,1,6,91589,M,4868330.0,233333.0,91
201500037263,15,12,23,1840,5,2,1,1,3,91432,M,4870298.0,233513.0,91
201500037264,15,12,24,1325,1,2,1,2,3,91589,M,4868110.0,234190.0,91
201500037265,15,1,13,1954,5,2,1,2,3,92002,M,,,92
201500037266,15,1,26,2030,5,2,1,1,3,92014,M,,,92
201500037267,15,1,27,1225,1,2,3,1,6,92002,M,,,92
201500037268,15,1,29,1110,1,2,2,2,3,92014,M,,,92
201500037269,15,1,31,1200,1,2,2,1,3,92014,M,,,92
201500037270,15,2,4,745,1,2,2,1,6,92014,M,,,92
201500037271,15,2,12,1310,1,2,1,1,7,92002,M,,,92
201500037272,15,2,23,1710,1,2,1,8,6,92002,M,,,92
201500037273,15,3,6,1705,1,2,6,1,3,92002,M,,,92
201500037274,15,3,7,2150,5,2,3,1,3,92002,M,,,92
201500037275,15,3,17,1515,1,2,1,1,6,92002,M,,,92
201500037276,15,3,31,920,1,2,4,1,2,92002,M,,,92
201500037277,15,4,2,945,1,2,1,2,1,92002,M,,,92
201500037278,15,4,9,1810,1,2,1,1,6,92014,M,,,92
201500037279,15,4,14,1815,1,2,1,1,6,92002,M,,,92
201500037280,15,4,14,1810,1,2,3,1,6,92002,M,,,92
201500037281,15,4,30,940,1,2,2,2,6,92014,M,,,92
201500037282,15,4,30,1430,1,2,3,3,6,92014,M,,,92
201500037283,15,5,22,810,1,2,1,1,5,92002,M,,,92
201500037284,15,6,13,1750,1,2,2,1,2,92002,M,,,92
201500037285,15,6,21,930,1,2,2,1,3,92014,M,,,92
201500037286,15,7,12,1155,1,2,1,1,2,92002,M,,,92
201500037287,15,8,28,1530,1,2,3,1,6,92014,M,,,92
201500037288,15,9,5,105,5,2,3,1,6,92002,M,,,92
201500037289,15,9,5,1345,1,2,3,1,3,92002,M,,,92
201500037290,15,9,8,1830,1,2,6,1,6,92002,M,,,92
201500037291,15,9,22,635,3,2,3,1,6,92014,M,,,92
201500037292,15,9,22,1245,1,2,6,2,3,92014,M,,,92
201500037293,15,9,28,845,1,2,1,1,6,92014,M,,,92
201500037294,15,10,2,1530,1,2,2,1,6,92014,M,,,92
201500037295,15,10,10,2005,5,2,6,1,3,92002,M,,,92
201500037296,15,10,12,1350,1,2,3,1,3,92002,M,,,92
201500037297,15,10,18,1855,5,2,1,1,1,92002,M,,,92
201500037298,15,10,23,1633,1,2,6,1,3,92002,M,,,92
201500037299,15,11,3,1345,1,2,6,1,3,92014,M,,,92
201500037300,15,11,17,1935,1,2,3,2,3,92002,M,,,92
201500037301,15,11,26,1805,5,2,2,1,6,92014,M,,,92
201500037302,15,12,8,2310,5,1,2,1,3,92002,M,,,92
201500037303,15,12,15,1040,1,2,3,2,6,92014,M,,,92
201500037304,15,12,16,1215,1,2,2,1,6,92014,M,,,92
201500037305,15,12,27,1650,1,2,1,1,6,92002,M,,,92
201500037306,15,1,2,1130,1,2,1,8,7,92004,M,,,92
201500037307,15,1,7,2010,5,2,2,1,3,92004,M,,,92
201500037308,15,1,7,1430,1,2,1,1,3,92004,M,,,92
201500037309,15,1,12,1800,5,2,3,1,3,92004,M,,,92
201500037310,15,1,14,1350,1,2,2,1,3,92004,M,,,92
201500037311,15,1,22,1910,5,2,2,1,6,92004,M,,,92
201500037312,15,1,26,1725,4,2,1,2,3,92004,M,,,92
201500037313,15,1,30,930,1,2,1,2,2,92004,M,,,92
201500037314,15,2,9,700,1,2,1,1,7,92004,M,,,92
201500037315,15,2,9,855,1,2,1,1,3,92004,M,,,92
201500037316,15,2,9,2050,5,2,1,1,6,92004,M,,,92
201500037317,15,2,9,1340,1,2,2,1,3,92004,M,,,92
201500037318,15,2,12,750,1,2,3,1,6,92004,M,,,92
201500037319,15,2,17,1400,1,2,1,8,3,92004,M,,,92
201500037320,15,2,18,1625,1,2,7,1,6,92004,M,,,92
201500037321,15,2,19,1505,1,2,1,1,6,92004,M,,,92
201500037322,15,2,19,2355,5,2,6,1,3,92004,M,,,92
201500037323,15,2,23,1220,1,2,1,1,2,92004,M,,,92
201500037324,15,2,23,2110,5,2,2,1,3,92004,M,,,92
201500037325,15,2,25,1920,5,2,1,2,6,92004,M,,,92
201500037326,15,2,27,1645,1,2,1,1,6,92004,M,,,92
201500037327,15,3,2,2255,5,2,1,1,7,92004,M,,,92
201500037328,15,3,6,1615,1,2,1,1,6,92004,M,,,92
201500037329,15,3,7,1835,2,2,1,1,2,92004,M,,,92
201500037330,15,3,9,2045,1,2,3,1,3,92004,M,,,92
201500037331,15,3,12,1125,1,2,1,1,6,92004,M,,,92
201500037332,15,3,12,1800,1,2,2,1,6,92004,M,,,92
201500037333,15,3,16,1240,1,2,2,1,3,92009,M,,,92
201500037334,15,3,16,1910,5,2,1,1,6,92009,M,,,92
201500037335,15,3,23,820,1,2,1,1,6,92004,M,,,92
201500037336,15,3,23,1735,1,2,1,1,6,92004,M,,,92
201500037337,15,3,27,1940,2,2,1,1,6,92004,M,,,92
201500037338,15,3,27,2011,5,2,1,1,6,92004,M,,,92
201500037339,15,3,29,1445,1,2,2,2,6,92004,M,,,92
201500037340,15,3,30,1810,1,2,3,1,3,92009,M,,,92
201500037341,15,4,2,1820,1,2,1,2,6,92009,M,,,92
201500037342,15,4,3,1655,1,2,1,1,6,92004,M,,,92
201500037343,15,4,4,1350,1,2,1,1,6,92009,M,,,92
201500037344,15,4,4,1540,1,2,1,1,6,92004,M,,,92
201500037345,15,4,4,1830,1,2,2,1,3,92004,M,,,92
201500037346,15,4,4,1950,3,2,3,1,3,92004,M,,,92
201500037347,15,4,8,1000,1,2,1,1,6,92004,M,,,92
201500037348,15,4,9,1730,3,2,3,1,3,92004,M,,,92
201500037349,15,4,10,1300,1,2,1,1,2,92004,M,,,92
201500037350,15,4,11,850,1,2,9,1,2,92004,M,,,92
201500037351,15,4,11,1125,1,2,1,1,6,92004,M,,,92
201500037352,15,4,14,1805,1,2,1,1,6,92009,M,,,92
201500037353,15,4,15,810,1,2,1,1,3,92004,M,,,92
201500037354,15,4,16,1130,1,2,1,1,6,92004,M,,,92
201500037355,15,4,17,910,1,2,3,1,6,92004,M,,,92
201500037356,15,4,20,1600,1,2,1,1,3,92009,M,,,92
201500037357,15,4,21,2015,1,2,1,1,3,92004,M,,,92
201500037358,15,4,22,810,1,2,1,1,2,92004,M,,,92
201500037359,15,4,26,1435,1,2,2,2,3,92004,M,,,92
201500037360,15,4,27,2240,5,2,1,1,6,92004,M,,,92
201500037361,15,4,29,1205,1,2,2,1,6,92004,M,,,92
201500037362,15,4,30,1020,1,2,3,3,6,92004,M,,,92
201500037363,15,4,30,1940,1,2,1,2,6,92004,M,,,92
201500037364,15,5,1,1220,1,2,2,3,6,92004,M,,,92
201500037365,15,5,3,1730,1,2,2,1,3,92024,M,,,92
201500037366,15,5,7,1310,1,2,2,1,3,92004,M,,,92
201500037367,15,5,13,1910,1,2,1,1,6,92004,M,,,92
201500037368,15,5,14,1530,1,2,3,2,3,92004,M,,,92
201500037369,15,5,20,1530,1,2,1,1,6,92004,M,,,92
201500037370,15,5,20,1650,1,2,1,1,6,92004,M,,,92
201500037371,15,5,21,820,1,2,1,1,2,92004,M,,,92
201500037372,15,5,21,1607,1,2,2,1,3,92036,M,,,92
201500037373,15,5,23,920,1,2,1,1,6,92004,M,,,92
201500037374,15,5,25,2000,1,2,3,1,3,92004,M,,,92
201500037375,15,5,26,2340,1,2,2,1,3,92004,M,,,92
201500037376,15,5,27,1425,1,2,6,1,6,92004,M,,,92
201500037377,15,6,1,1855,1,2,1,1,6,92004,M,,,92
201500037378,15,6,1,2130,1,2,1,1,7,92004,M,,,92
201500037379,15,6,1,1615,1,2,1,1,6,92004,M,,,92
201500037380,15,6,4,955,1,2,3,1,3,92004,M,,,92
201500037381,15,6,4,1605,1,2,1,1,2,92004,M,,,92
201500037382,15,6,5,1400,1,2,3,1,3,92004,M,,,92
201500037383,15,6,6,1250,1,2,1,1,4,92004,M,,,92
201500037384,15,6,12,1430,1,2,1,1,3,92004,M,,,92
201500037385,15,6,14,1415,1,2,2,1,3,92004,M,,,92
201500037386,15,6,15,1605,1,2,2,1,2,92009,M,,,92
201500037387,15,6,16,1725,1,2,1,1,2,92004,M,,,92
201500037388,15,6,17,900,1,2,3,1,2,92004,M,,,92
201500037389,15,6,19,1355,1,2,2,1,3,92004,M,,,92
201500037390,15,6,19,2040,1,2,1,1,2,92004,M,,,92
201500037391,15,6,22,843,1,2,3,1,3,92004,M,,,92
201500037392,15,6,22,1920,1,2,1,3,3,92004,M,,,92
201500037393,15,6,23,1401,1,2,3,1,3,92009,M,,,92
201500037394,15,6,19,2245,1,2,3,1,3,92009,M,,,92
201500037395,15,7,1,1420,1,2,2,1,3,92004,M,,,92
201500037396,15,7,3,1445,1,2,1,1,3,92004,M,,,92
201500037397,15,7,6,10,5,2,1,1,2,92004,M,,,92
201500037398,15,7,10,920,1,2,2,1,3,92004,M,,,92
201500037399,15,7,11,900,1,2,1,1,2,92004,M,,,92
201500037400,15,7,13,2305,5,2,2,1,3,92004,M,,,92
201500037401,15,7,15,1930,1,2,2,1,3,92004,M,,,92
201500037402,15,7,24,1450,1,2,1,1,1,92004,M,,,92
201500037403,15,7,24,1035,1,2,1,1,6,92009,M,,,92
201500037404,15,7,25,850,1,2,1,3,6,92004,M,,,92
201500037405,15,7,26,1340,1,2,1,1,6,92004,M,,,92
201500037406,15,7,27,740,1,2,4,2,7,92004,M,,,92
201500037407,15,7,27,904,1,2,1,1,3,92004,M,,,92
201500037408,15,7,30,1605,1,2,6,1,3,92004,M,,,92
201500037409,15,7,31,1250,1,2,1,1,3,92004,M,,,92
201500037410,15,7,31,1430,1,2,2,1,3,92004,M,,,92
201500037411,15,8,14,1910,1,2,1,1,6,92004,M,,,92
201500037412,15,8,21,215,5,2,1,1,6,92004,M,,,92
201500037413,15,8,24,745,1,2,2,2,6,92009,M,,,92
201500037414,15,8,24,1005,1,2,1,2,7,92004,M,,,92
201500037415,15,8,22,2200,5,2,1,1,7,92009,M,,,92
201500037416,15,8,30,815,1,2,1,1,6,92004,M,,,92
201500037417,15,9,1,1150,1,2,2,1,6,92009,M,,,92
201500037418,15,9,1,1350,1,2,3,1,6,92009,M,,,92
201500037419,15,9,4,1250,1,2,2,1,3,92004,M,,,92
201500037420,15,9,5,1425,1,2,3,1,4,92004,M,,,92
201500037421,15,9,10,150,5,2,1,1,6,92004,M,,,92
201500037422,15,9,11,1316,1,2,3,1,6,92009,M,,,92
201500037423,15,9,14,1545,1,2,3,1,7,92004,M,,,92
201500037424,15,9,15,120,5,2,2,1,3,92004,M,,,92
201500037425,15,9,17,1510,1,2,1,1,6,92004,M,,,92
201500037426,15,9,23,920,1,2,1,1,3,92004,M,,,92
201500037427,15,9,29,1340,1,2,1,1,3,92004,M,,,92
201500037428,15,10,2,930,1,2,2,1,6,92004,M,,,92
201500037429,15,10,6,1420,1,2,2,1,3,92004,M,,,92
201500037430,15,10,9,1740,1,2,1,1,6,92004,M,,,92
201500037431,15,10,10,750,1,2,1,1,6,92004,M,,,92
201500037432,15,10,15,838,1,2,2,1,6,92009,M,,,92
201500037433,15,10,16,910,1,2,1,2,6,92004,M,,,92
201500037434,15,10,16,1500,1,2,1,1,3,92004,M,,,92
201500037435,15,10,16,1515,1,2,1,1,6,92004,M,,,92
201500037436,15,10,17,2150,5,2,3,1,3,92004,M,,,92
201500037437,15,10,20,1220,1,2,4,1,6,92004,M,,,92
201500037438,15,10,20,1730,1,2,2,2,6,92004,M,,,92
201500037439,15,10,23,1635,1,2,2,1,7,92004,M,,,92
201500037440,15,10,22,2235,5,2,1,1,1,92004,M,,,92
201500037441,15,10,27,940,1,2,1,1,6,92004,M,,,92
201500037442,15,10,30,1045,1,2,4,1,6,92004,M,,,92
201500037443,15,11,2,1215,1,2,1,1,6,92004,M,,,92
201500037444,15,11,3,1710,5,2,1,1,2,92004,M,,,92
201500037445,15,11,5,845,1,1,1,1,2,92036,M,,,92
201500037446,15,11,11,1730,2,2,1,1,2,92009,M,,,92
201500037447,15,11,14,2220,3,2,1,1,6,92004,M,,,92
201500037448,15,11,16,1415,1,2,2,1,3,92004,M,,,92
201500037449,15,11,19,840,1,2,2,1,6,92004,M,,,92
201500037450,15,11,19,1230,1,2,1,1,6,92004,M,,,92
201500037451,15,11,19,1700,2,2,1,1,6,92004,M,,,92
201500037452,15,11,24,1930,5,2,2,2,6,92004,M,,,92
201500037453,15,11,27,845,1,2,2,1,3,92004,M,,,92
201500037454,15,12,3,1430,1,2,4,1,6,92004,M,,,92
201500037455,15,12,4,2355,5,2,2,1,3,92004,M,,,92
201500037456,15,12,6,1655,5,2,1,1,6,92009,M,,,92
201500037457,15,12,7,1450,1,2,2,1,1,92004,M,,,92
201500037458,15,12,8,1515,1,2,3,2,5,92004,M,,,92
201500037459,15,12,8,1800,2,2,2,2,6,92004,M,,,92
201500037460,15,12,9,910,1,2,1,1,3,92004,M,,,92
201500037461,15,12,13,1500,1,2,1,1,7,92004,M,,,92
201500037462,15,12,14,1210,1,2,5,1,3,92009,M,,,92
201500037463,15,12,15,2045,1,2,1,2,6,92004,M,,,92
201500037464,15,12,15,2140,5,2,2,2,3,92009,M,,,92
201500037465,15,12,17,1730,2,2,1,1,2,92004,M,,,92
201500037466,15,12,19,1300,1,2,3,1,3,92009,M,,,92
201500037467,15,12,21,1700,1,2,1,2,3,92004,M,,,92
201500037468,15,12,27,1200,1,2,1,1,2,92004,M,,,92
201500037469,15,12,27,1415,1,2,1,1,6,92004,M,,,92
201500037470,15,12,29,1220,1,2,1,1,6,92004,M,,,92
201500037471,15,1,9,1500,1,2,1,1,6,92007,M,,,92
201500037472,15,1,10,2010,3,2,1,1,6,92007,M,,,92
201500037473,15,1,13,1910,5,2,3,2,3,92007,M,,,92
201500037474,15,2,9,1115,1,2,1,1,2,92007,M,,,92
201500037475,15,2,11,1520,1,2,9,1,6,92007,M,,,92
201500037476,15,2,12,1915,1,2,1,1,3,92007,M,,,92
201500037477,15,2,15,855,1,2,1,2,2,92007,M,,,92
201500037478,15,2,20,1500,1,2,1,2,6,92007,M,,,92
201500037479,15,2,16,1500,1,2,1,2,6,92007,M,,,92
201500037480,15,3,6,1235,1,2,1,1,2,92007,M,,,92
201500037481,15,3,7,1415,1,2,2,1,6,92007,M,,,92
201500037482,15,3,17,1730,1,2,2,1,7,92007,M,,,92
201500037483,15,3,31,2230,5,2,1,3,2,92007,M,,,92
201500037484,15,4,9,2050,5,2,3,1,3,92007,M,,,92
201500037485,15,4,15,1335,1,2,6,1,3,92007,M,,,92
201500037486,15,4,24,1820,1,2,1,1,2,92007,M,,,92
201500037487,15,5,29,800,1,2,1,1,2,92007,M,,,92
201500037488,15,6,24,1050,1,2,2,1,6,92007,M,,,92
201500037489,15,6,29,1900,1,2,2,1,3,92007,M,,,92
201500037490,15,7,25,1445,1,2,4,1,3,92007,M,,,92
201500037491,15,8,1,1615,1,2,3,1,3,92007,M,,,92
201500037492,15,8,4,850,1,2,9,1,3,92007,M,,,92
201500037493,15,8,4,1815,1,1,9,1,3,92007,M,,,92
201500037494,15,8,24,1300,1,2,9,1,3,92007,M,,,92
201500037495,15,8,24,1930,1,2,9,2,5,92007,M,,,92
201500037496,15,9,7,1600,1,2,1,1,6,92007,M,,,92
201500037497,15,9,11,1630,1,2,1,1,2,92007,M,,,92
201500037498,15,9,14,1650,1,2,1,1,6,92007,M,,,92
201500037499,15,9,15,1950,5,2,6,1,3,92007,M,,,92
201500037500,15,9,29,1720,1,2,1,1,7,92007,M,,,92
201500037501,15,9,30,1415,1,2,2,1,6,92007,M,,,92
201500037502,15,9,30,1955,5,2,1,1,6,92007,M,,,92
201500037503,15,10,1,1420,1,2,1,7,3,92007,M,,,92
201500037504,15,10,3,1245,1,2,2,7,6,92007,M,,,92
201500037505,15,10,9,1125,1,2,1,1,3,92007,M,,,92
201500037506,15,11,12,1730,5,2,3,1,3,92007,M,,,92
201500037507,15,11,16,1650,1,2,2,2,3,92007,M,,,92
201500037508,15,11,14,2000,3,2,3,1,3,92007,M,,,92
201500037509,15,11,12,801,1,2,3,5,6,92007,M,,,92
201500037510,15,11,27,1630,1,2,2,1,3,92007,M,,,92
201500037511,15,11,28,1635,1,2,9,1,6,92007,M,,,92
201500037512,15,11,20,1837,5,2,1,1,6,92007,M,,,92
201500037513,15,12,21,1240,1,2,1,1,2,92007,M,,,92
201500037514,15,12,21,1740,4,2,1,1,6,92007,M,,,92
201500037515,15,12,23,2110,5,2,9,1,3,92007,M,,,92
201500037516,15,11,28,2355,5,2,9,1,3,92007,M,,,92
201500037517,15,12,3,1025,1,2,1,1,6,92007,M,,,92
201500037518,15,12,16,2230,5,1,9,1,3,92007,M,,,92
201500037519,15,1,2,1745,5,2,1,1,3,92012,M,,,92