Num_Acc,an,mois,jour,hrmn,lum,agg,int,atm,col,com,gps,lat,long,dep
201500037520,15,1,4,1735,5,2,1,8,6,92012,M,,,92
201500037521,15,1,6,2030,5,2,1,1,6,92012,M,,,92
201500037522,15,1,6,2100,5,2,1,1,6,92012,M,,,92
201500037523,15,1,7,815,1,2,2,1,3,92012,M,,,92
201500037524,15,1,7,830,1,2,1,1,6,92012,M,,,92
201500037525,15,1,9,1510,1,2,1,2,6,92012,M,,,92
201500037526,15,1,10,30,5,2,1,1,6,92012,M,,,92
201500037527,15,1,11,1720,5,2,1,1,2,92012,M,,,92
201500037528,15,1,13,1000,1,2,1,1,3,92012,M,,,92
201500037529,15,1,14,1250,1,2,1,2,6,92012,M,,,92
201500037530,15,1,16,823,1,2,1,2,7,92012,M,,,92
201500037531,15,1,18,1905,5,2,1,2,3,92012,M,,,92
201500037532,15,1,20,1045,1,2,2,1,3,92012,M,,,92
201500037533,15,1,21,1940,5,2,3,1,3,92012,M,,,92
201500037534,15,1,23,1255,1,2,2,1,3,92012,M,,,92
201500037535,15,1,23,1425,1,2,1,1,6,92012,M,,,92
201500037536,15,1,24,1515,1,2,3,1,3,92012,M,,,92
201500037537,15,1,26,1215,1,2,1,2,3,92012,M,,,92
201500037538,15,1,30,2255,5,2,1,1,2,92012,M,,,92
201500037539,15,2,5,800,1,2,1,1,7,92012,M,,,92
201500037540,15,2,6,946,1,2,1,1,6,92012,M,,,92
201500037541,15,2,11,1430,1,2,1,1,2,92012,M,,,92
201500037542,15,2,11,1300,1,2,1,1,6,92012,M,,,92
201500037543,15,2,13,1000,1,2,6,1,5,92012,M,,,92
201500037544,15,2,16,1815,2,2,1,1,2,92012,M,,,92
201500037545,15,2,19,2115,5,2,1,1,6,92012,M,,,92
201500037546,15,2,20,1115,1,2,2,3,7,92012,M,,,92
201500037547,15,2,21,1340,1,2,3,1,2,92012,M,,,92
201500037548,15,2,23,650,4,2,1,2,6,92012,M,,,92
201500037549,15,2,23,1625,1,2,6,2,3,92012,M,,,92
201500037550,15,2,26,2305,1,2,3,1,3,92012,M,,,92
201500037551,15,3,2,1845,2,2,3,1,3,92012,M,,,92
201500037552,15,3,7,810,1,2,2,1,3,92012,M,,,92
201500037553,15,3,7,1015,1,2,1,1,6,92012,M,,,92
201500037554,15,3,10,1630,1,2,3,1,2,92012,M,,,92
201500037555,15,3,13,1850,4,2,1,1,2,92012,M,,,92
201500037556,15,3,14,2050,5,2,2,1,2,92012,M,,,92
201500037557,15,3,15,1045,1,2,1,1,6,92012,M,,,92
201500037558,15,3,15,1920,5,2,1,1,1,92012,M,,,92
201500037559,15,3,16,1730,1,2,1,1,6,92012,M,,,92
201500037560,15,3,17,1325,1,2,6,1,7,92012,M,,,92
201500037561,15,3,17,1800,1,2,1,1,3,92012,M,,,92
201500037562,15,3,24,2230,5,2,2,2,6,92012,M,,,92
201500037563,15,3,27,1955,5,2,1,1,7,92012,M,,,92
201500037564,15,3,28,1510,1,2,1,1,3,92012,M,,,92
201500037565,15,4,3,1550,1,2,2,3,3,92012,M,,,92
201500037566,15,4,15,810,1,2,1,1,2,92012,M,,,92
201500037567,15,4,18,1550,1,2,1,1,2,92012,M,,,92
201500037568,15,4,23,2034,1,2,1,1,6,92012,M,,,92
201500037569,15,4,24,1005,1,2,3,1,3,92012,M,,,92
201500037570,15,4,24,1058,1,2,1,1,6,92012,M,,,92
201500037571,15,4,24,1135,1,2,1,1,3,92012,M,,,92
201500037572,15,4,27,1215,1,2,2,1,3,92012,M,,,92
201500037573,15,4,30,1730,1,2,1,2,6,92012,M,,,92
201500037574,15,5,1,745,1,2,1,2,6,92012,M,,,92
201500037575,15,5,1,1755,1,2,1,1,3,92012,M,,,92
201500037576,15,5,3,1330,1,2,1,2,5,92012,M,,,92
201500037577,15,5,4,845,1,2,1,1,3,92012,M,,,92
201500037578,15,5,4,1730,1,2,2,3,3,92012,M,,,92
201500037579,15,5,5,1120,1,2,1,2,6,92012,M,,,92
201500037580,15,5,5,1900,1,2,1,1,3,92012,M,,,92
201500037581,15,5,5,1930,1,2,1,1,6,92012,M,,,92
201500037582,15,5,6,1645,1,2,1,8,6,92012,M,,,92
201500037583,15,5,6,2025,1,2,1,5,6,92012,M,,,92
201500037584,15,5,7,1800,1,2,1,1,6,92012,M,,,92
201500037585,15,5,9,1445,1,2,3,1,5,92012,M,,,92
201500037586,15,5,11,2020,1,2,1,1,3,92012,M,,,92
201500037587,15,5,17,1405,1,2,1,1,6,92012,M,,,92
201500037588,15,5,19,1515,1,2,1,1,6,92012,M,,,92
201500037589,15,5,22,810,1,2,1,1,6,92012,M,,,92
201500037590,15,5,24,920,1,2,2,1,7,92012,M,,,92
201500037591,15,5,27,1830,1,2,1,1,6,92012,M,,,92
201500037592,15,5,27,2140,1,2,2,1,3,92012,M,,,92
201500037593,15,5,29,1900,1,2,2,1,4,92012,M,,,92
201500037594,15,5,30,2035,1,2,1,1,3,92012,M,,,92
201500037595,15,6,1,1600,1,2,1,1,6,92012,M,,,92
201500037596,15,6,2,1020,1,2,2,1,3,92012,M,,,92
201500037597,15,6,5,1110,1,2,2,1,3,92012,M,,,92
201500037598,15,6,7,2005,1,2,1,1,7,92012,M,,,92
201500037599,15,6,8,1700,1,2,1,1,3,92012,M,,,92
201500037600,15,6,9,1245,1,2,1,1,2,92064,M,,,92
201500037601,15,6,11,1630,2,2,1,1,2,92012,M,,,92
201500037602,15,6,12,1500,1,2,1,1,2,92012,M,,,92
201500037603,15,6,16,1920,1,2,1,1,6,92012,M,,,92
201500037604,15,6,16,1935,1,2,1,1,6,92012,M,,,92
201500037605,15,6,14,1420,1,2,1,1,7,92012,M,,,92
201500037606,15,6,19,1800,1,2,1,1,3,92012,M,,,92
201500037607,15,6,22,1425,1,2,1,1,6,92012,M,,,92
201500037608,15,6,22,1930,1,2,1,2,6,92012,M,,,92
201500037609,15,6,24,1340,1,2,1,1,3,92012,M,,,92
201500037610,15,6,26,45,5,2,1,1,3,92012,M,,,92
201500037611,15,6,26,1055,1,2,1,1,4,92012,M,,,92
201500037612,15,6,26,1500,1,2,1,1,2,92012,M,,,92
201500037613,15,6,27,2050,1,2,2,1,3,92012,M,,,92
201500037614,15,6,28,2030,1,2,1,1,2,92012,M,,,92
201500037615,15,6,30,220,5,2,1,1,6,92012,M,,,92
201500037616,15,7,1,1810,1,2,1,1,6,92012,M,,,92
201500037617,15,7,2,5,4,2,1,1,2,92012,M,,,92
201500037618,15,7,2,1700,1,2,1,1,6,92012,M,,,92
201500037619,15,7,3,610,1,2,1,1,3,92012,M,,,92
201500037620,15,7,3,2125,2,2,1,1,5,92012,M,,,92
201500037621,15,7,6,650,1,2,1,1,2,92012,M,,,92
201500037622,15,7,7,1120,1,2,1,1,3,92012,M,,,92
201500037623,15,7,10,144,5,2,1,1,2,92012,M,,,92
201500037624,15,7,10,1420,1,2,1,1,3,92012,M,,,92
201500037625,15,7,21,1740,1,2,1,1,2,92012,M,,,92
201500037626,15,7,21,2130,1,2,1,1,3,92012,M,,,92
201500037627,15,7,22,2015,1,2,1,1,3,92012,M,,,92
201500037628,15,7,23,840,1,2,1,1,7,92012,M,,,92
201500037629,15,7,25,1935,1,2,1,1,4,92012,M,,,92
201500037630,15,7,27,930,1,2,1,1,6,92012,M,,,92
201500037631,15,7,26,1925,1,2,2,1,3,92012,M,,,92
201500037632,15,7,29,2140,1,2,1,1,6,92012,M,,,92
201500037633,15,7,31,2035,1,2,1,1,6,92012,M,,,92
201500037634,15,8,11,1705,1,2,1,1,7,92012,M,,,92
201500037635,15,8,13,805,1,2,3,1,3,92012,M,,,92
201500037636,15,8,16,1145,1,2,1,1,6,92012,M,,,92
201500037637,15,8,18,1350,1,2,1,1,2,92012,M,,,92
201500037638,15,8,18,1815,1,2,1,1,4,92012,M,,,92
201500037639,15,8,19,1429,1,2,1,1,2,92012,M,,,92
201500037640,15,8,20,50,5,2,6,2,2,92012,M,,,92
201500037641,15,8,21,20,5,2,1,1,6,92012,M,,,92
201500037642,15,8,21,1600,1,2,1,1,6,92012,M,,,92
201500037643,15,8,23,745,1,2,1,1,6,92012,M,,,92
201500037644,15,8,24,940,1,2,1,2,7,92012,M,,,92
201500037645,15,8,24,1110,1,2,3,1,3,92012,M,,,92
201500037646,15,8,28,1620,1,2,1,1,3,92012,M,,,92
201500037647,15,8,28,1850,1,2,1,1,3,92012,M,,,92
201500037648,15,9,1,1143,1,2,2,1,3,92012,M,,,92
201500037649,15,9,1,2045,2,2,1,1,6,92012,M,,,92
201500037650,15,9,2,1150,1,2,2,1,6,92012,M,,,92
201500037651,15,9,4,1615,1,2,1,1,2,92012,M,,,92
201500037652,15,9,5,1955,1,2,1,1,2,92012,M,,,92
201500037653,15,9,9,830,1,2,1,1,6,92012,M,,,92
201500037654,15,9,12,1847,1,2,1,2,7,92012,M,,,92
201500037655,15,9,14,1015,1,2,3,2,3,92012,M,,,92
201500037656,15,9,15,5,3,2,1,1,4,92012,M,,,92
201500037657,15,9,16,915,1,2,1,5,6,92012,M,,,92
201500037658,15,9,17,1020,1,2,1,1,7,92012,M,,,92
201500037659,15,9,19,1150,1,2,1,1,6,92012,M,,,92
201500037660,15,9,22,1700,1,2,1,2,3,92012,M,,,92
201500037661,15,9,24,1730,1,2,1,1,6,92012,M,,,92
201500037662,15,9,25,1755,1,2,1,1,3,92012,M,,,92
201500037663,15,9,28,230,5,2,1,1,7,92012,M,,,92
201500037664,15,9,28,1410,1,2,1,1,6,92012,M,,,92
201500037665,15,9,28,2100,5,2,1,1,6,92012,M,,,92
201500037666,15,9,30,1120,1,2,1,1,7,92012,M,,,92
201500037667,15,9,30,1824,1,2,1,1,6,92012,M,,,92
201500037668,15,10,1,720,1,2,2,1,3,92012,M,,,92
201500037669,15,10,2,1335,1,2,1,1,6,92012,M,,,92
201500037670,15,10,5,2200,5,2,2,2,6,92012,M,,,92
201500037671,15,10,6,1430,1,2,1,1,6,92012,M,,,92
201500037672,15,10,6,1010,1,2,1,2,1,92012,M,,,92
201500037673,15,10,6,1855,5,2,1,1,5,92012,M,,,92
201500037674,15,10,7,1400,1,2,2,1,6,92012,M,,,92
201500037675,15,10,8,1630,1,2,1,1,3,92012,M,,,92
201500037676,15,10,7,1420,1,2,1,1,6,92012,M,,,92
201500037677,15,10,9,1200,1,2,1,1,2,92012,M,,,92
201500037678,15,10,9,1440,1,2,1,1,2,92012,M,,,92
201500037679,15,10,11,1025,1,2,1,1,1,92012,M,,,92
201500037680,15,10,11,1130,1,2,1,1,2,92012,M,,,92
201500037681,15,10,14,2210,5,2,1,1,7,92012,M,,,92
201500037682,15,10,16,1230,1,2,1,2,2,92012,M,,,92
201500037683,15,10,16,1510,1,2,2,2,3,92012,M,,,92
201500037684,15,10,16,1530,1,2,2,1,6,92012,M,,,92
201500037685,15,10,16,1610,1,2,2,1,3,92012,M,,,92
201500037686,15,10,16,1940,5,2,1,1,3,92012,M,,,92
201500037687,15,10,17,2250,5,2,1,2,6,92012,M,,,92
201500037688,15,10,19,1230,1,2,1,1,6,92012,M,,,92
201500037689,15,10,19,1137,1,2,1,1,3,92012,M,,,92
201500037690,15,10,22,605,5,2,2,2,3,92012,M,,,92
201500037691,15,10,22,1300,1,2,1,2,3,92012,M,,,92
201500037692,15,10,25,217,5,2,1,1,6,92012,M,,,92
201500037693,15,10,27,1300,1,2,1,1,6,92012,M,,,92
201500037694,15,10,28,645,2,2,2,2,3,92012,M,,,92
201500037695,15,10,31,800,2,2,1,1,6,92012,M,,,92
201500037696,15,10,30,1930,5,2,1,1,3,92012,M,,,92
201500037697,15,11,9,1920,5,2,1,1,3,92012,M,,,92
201500037698,15,11,2,2115,5,2,1,1,3,92012,M,,,92
201500037699,15,11,3,150,5,2,1,1,6,92012,M,,,92
201500037700,15,11,5,1900,5,2,1,2,6,92012,M,,,92
201500037701,15,11,7,1520,1,2,1,1,3,92012,M,,,92
201500037702,15,11,8,140,5,2,3,1,2,92012,M,,,92
201500037703,15,11,9,1005,1,2,1,1,3,92012,M,,,92
201500037704,15,11,12,345,5,2,1,1,6,92012,M,,,92
201500037705,15,11,14,1425,1,2,1,1,6,92012,M,,,92
201500037706,15,11,16,2021,5,2,1,2,6,92012,M,,,92
201500037707,15,11,17,950,1,1,1,2,3,92012,M,,,92
201500037708,15,11,17,1800,5,2,1,2,1,92012,M,,,92
201500037709,15,11,18,1830,5,2,1,1,3,92012,M,,,92
201500037710,15,11,20,954,1,2,1,2,3,92012,M,,,92
201500037711,15,11,24,1030,1,2,1,2,3,92012,M,,,92
201500037712,15,11,24,1055,1,2,1,2,6,92012,M,,,92
201500037713,15,11,25,1255,1,2,1,8,7,92012,M,,,92
201500037714,15,11,25,1255,1,2,1,8,6,92012,M,,,92
201500037715,15,11,25,2151,5,2,1,2,6,92012,M,,,92
201500037716,15,11,27,1030,1,2,1,1,2,92012,M,,,92
201500037717,15,11,27,925,1,2,1,1,6,92012,M,,,92
201500037718,15,11,28,2120,5,2,2,1,3,92012,M,,,92
201500037719,15,11,30,1750,2,2,1,1,6,92012,M,,,92
201500037720,15,12,1,1155,1,2,1,1,6,92012,M,,,92
201500037721,15,12,1,1430,1,2,1,1,4,92012,M,,,92
201500037722,15,12,2,1550,1,2,1,1,3,92012,M,,,92
201500037723,15,12,7,1100,1,2,2,1,3,92012,M,,,92
201500037724,15,12,16,2335,5,2,1,1,6,92012,M,,,92
201500037725,15,12,17,1820,5,2,1,1,5,92012,M,,,92
201500037726,15,12,18,1030,1,2,1,1,2,92012,M,,,92
201500037727,15,12,29,810,1,2,1,1,7,92012,M,,,92
201500037728,15,1,4,1615,1,2,1,1,6,92032,M,,,92
201500037729,15,1,25,1420,1,2,1,1,2,92019,M,,,92
201500037730,15,1,30,1200,1,2,1,1,3,92071,M,,,92
201500037731,15,2,12,1615,1,2,1,1,6,92019,M,,,92
201500037732,15,2,14,910,1,2,1,2,6,92019,M,,,92
201500037733,15,3,9,1705,1,2,1,1,6,92019,M,,,92
201500037734,15,3,9,2030,5,2,1,8,3,92019,M,,,92
201500037735,15,4,8,1940,1,2,2,1,6,92032,M,,,92
201500037736,15,4,9,1030,1,2,1,1,4,92019,M,,,92
201500037737,15,4,12,1655,1,2,1,1,6,92019,M,,,92
201500037738,15,4,14,1130,1,2,1,1,3,92019,M,,,92
201500037739,15,4,15,1510,1,2,1,1,6,92071,M,,,92
201500037740,15,4,21,840,1,2,6,1,6,92019,M,,,92
201500037741,15,5,16,1545,1,2,3,1,2,92019,M,,,92
201500037742,15,5,20,1440,1,2,1,1,3,92071,M,,,92
201500037743,15,5,24,1815,1,2,1,1,3,92019,M,,,92
201500037744,15,5,29,1600,1,2,1,1,6,92019,M,,,92
201500037745,15,6,2,905,1,2,1,1,3,92032,M,,,92
201500037746,15,6,5,655,1,2,1,1,2,92019,M,,,92
201500037747,15,6,9,1845,1,2,3,1,3,92071,M,,,92
201500037748,15,6,22,1730,1,2,3,3,6,92032,M,,,92
201500037749,15,6,26,834,1,1,3,1,3,92032,M,,,92
201500037750,15,7,11,1920,1,2,1,1,6,92071,M,,,92
201500037751,15,8,1,1915,1,2,1,1,6,92019,M,,,92
201500037752,15,8,10,1530,1,2,1,1,7,92032,M,,,92
201500037753,15,8,27,2105,5,2,3,3,3,92071,M,,,92
201500037754,15,9,6,1145,1,2,1,1,2,92071,M,,,92
201500037755,15,9,10,1235,1,2,1,1,6,92019,M,,,92
201500037756,15,9,27,1920,1,1,1,1,7,92019,M,,,92
201500037757,15,10,1,1845,1,2,6,1,3,92019,M,,,92
201500037758,15,10,2,815,1,2,1,1,6,92032,M,,,92
201500037759,15,10,2,1710,1,2,1,1,4,92019,M,,,92
201500037760,15,11,5,1940,5,2,3,2,6,92019,M,,,92
201500037761,15,11,19,1750,1,2,1,1,6,92032,M,,,92
201500037762,15,12,2,2335,5,2,1,1,6,92019,M,,,92
201500037763,15,12,4,1755,4,2,1,1,6,92019,M,,,92
201500037764,15,12,9,1325,1,2,6,1,2,92019,M,,,92
201500037765,15,12,20,30,5,2,6,1,3,92071,M,,,92
201500037766,15,1,8,1945,5,2,3,2,3,92023,M,,,92
201500037767,15,1,9,2020,5,2,2,1,3,92023,M,,,92
201500037768,15,1,16,1845,5,2,2,3,3,92023,M,,,92
201500037769,15,1,24,1225,1,2,1,1,3,92023,M,,,92
201500037770,15,1,28,1750,5,2,3,3,6,92023,M,,,92
201500037771,15,1,22,810,1,2,3,1,6,92023,M,,,92
201500037772,15,1,30,945,1,2,2,1,7,92060,M,,,92
201500037773,15,2,2,830,1,2,1,4,7,92023,M,,,92
201500037774,15,2,5,1930,5,2,1,1,6,92023,M,,,92
201500037775,15,2,9,1215,1,2,1,1,4,92023,M,,,92
201500037776,15,2,10,740,1,2,2,1,6,92060,M,,,92
201500037777,15,2,12,1025,1,2,2,1,6,92023,M,,,92
201500037778,15,2,13,840,1,2,1,1,3,92023,M,,,92
201500037779,15,2,13,1440,1,2,1,1,6,92023,M,,,92
201500037780,15,2,17,1650,1,2,1,1,6,92023,M,,,92
201500037781,15,2,19,1505,1,2,1,1,2,92023,M,,,92
201500037782,15,2,27,1005,1,2,1,1,3,92023,M,,,92
201500037783,15,3,3,1510,1,2,1,1,2,92023,M,,,92
201500037784,15,3,9,1800,1,2,1,1,2,92060,M,,,92
201500037785,15,3,11,1940,1,2,1,1,6,92023,M,,,92
201500037786,15,3,12,1745,1,2,1,1,2,92023,M,,,92
201500037787,15,3,13,1000,1,2,1,1,2,92023,M,,,92
201500037788,15,3,17,1630,1,1,1,1,6,92023,M,,,92
201500037789,15,3,27,1051,1,2,1,2,2,92023,M,,,92
201500037790,15,3,27,745,1,2,1,1,2,92023,M,,,92
201500037791,15,3,26,1835,1,2,1,2,5,92023,M,,,92
201500037792,15,3,30,1900,1,2,1,1,2,92060,M,,,92
201500037793,15,3,31,2037,5,2,1,1,2,92060,M,,,92
201500037794,15,4,1,1000,1,2,1,1,7,92023,M,,,92
201500037795,15,4,4,1720,1,2,1,1,6,92023,M,,,92
201500037796,15,4,7,1325,1,2,1,1,3,92060,M,,,92
201500037797,15,4,8,1555,1,2,1,1,2,92023,M,,,92
201500037798,15,4,9,1605,1,2,1,1,6,92023,M,,,92
201500037799,15,4,10,1825,1,2,1,1,3,92023,M,,,92
201500037800,15,4,15,1905,1,2,1,1,3,92023,M,,,92
201500037801,15,4,17,1220,1,2,1,1,2,92060,M,,,92
201500037802,15,4,20,800,1,1,1,1,2,92023,M,,,92
201500037803,15,4,21,1922,1,2,1,1,6,92023,M,,,92
201500037804,15,4,22,930,1,2,1,1,2,92060,M,,,92
201500037805,15,4,22,1025,1,2,1,1,6,92060,M,,,92
201500037806,15,4,23,1004,1,2,1,1,6,92023,M,,,92
201500037807,15,5,2,900,1,2,1,1,7,92023,M,,,92
201500037808,15,5,6,1920,1,2,1,1,7,92023,M,,,92
201500037809,15,5,13,1915,1,2,1,1,7,92023,M,,,92
201500037810,15,5,29,1340,1,2,1,1,3,92023,M,,,92
201500037811,15,6,1,2030,1,2,1,1,6,92060,M,,,92
201500037812,15,6,10,1740,1,2,1,1,6,92023,M,,,92
201500037813,15,6,11,905,1,2,1,1,3,92023,M,,,92
201500037814,15,6,17,1551,1,2,1,1,6,92023,M,,,92
201500037815,15,6,17,1825,1,2,1,1,3,92023,M,,,92
201500037816,15,6,19,1514,1,2,1,1,6,92023,M,,,92
201500037817,15,6,19,1840,1,2,1,1,3,92023,M,,,92
201500037818,15,6,23,1515,1,2,1,1,6,92060,M,,,92
201500037819,15,6,23,1830,1,2,1,1,3,92023,M,,,92
201500037820,15,6,24,1110,1,2,1,1,3,92023,M,,,92
201500037821,15,6,26,1345,1,2,1,1,2,92023,M,,,92
201500037822,15,6,30,920,1,2,1,1,7,92023,M,,,92
201500037823,15,6,26,1609,1,2,1,1,6,92023,M,,,92
201500037824,15,7,2,1620,1,2,1,1,6,92023,M,,,92
201500037825,15,7,7,2040,1,2,1,1,7,92060,M,,,92
201500037826,15,7,12,2230,5,2,1,1,3,92023,M,,,92
201500037827,15,7,15,1550,1,2,1,1,6,92060,M,,,92
201500037828,15,7,18,1350,1,2,1,1,6,92023,M,,,92
201500037829,15,7,20,705,2,2,1,8,6,92060,M,,,92
201500037830,15,7,21,1805,1,2,2,1,3,92023,M,,,92
201500037831,15,7,27,2130,2,2,1,1,6,92023,M,,,92
201500037832,15,7,29,841,1,2,1,1,6,92023,M,,,92
201500037833,15,7,25,1240,1,2,1,1,6,92023,M,,,92
201500037834,15,8,20,830,1,2,1,2,7,92023,M,,,92
201500037835,15,8,9,2230,5,2,1,1,6,92023,M,,,92
201500037836,15,8,24,1835,1,2,1,2,3,92023,M,,,92
201500037837,15,8,24,1720,1,2,1,2,3,92023,M,,,92
201500037838,15,8,29,1230,1,2,1,1,3,92023,M,,,92
201500037839,15,8,31,1800,1,2,2,1,3,92023,M,,,92
201500037840,15,9,5,1610,1,2,1,1,1,92023,M,,,92
201500037841,15,9,10,1340,1,2,2,1,3,92023,M,,,92
201500037842,15,9,10,1820,1,2,1,1,3,92023,M,,,92
201500037843,15,9,11,1632,1,2,1,1,3,92060,M,,,92
201500037844,15,9,15,645,3,2,2,2,3,92023,M,,,92
201500037845,15,9,16,2350,4,2,1,1,6,92023,M,,,92
201500037846,15,9,17,900,1,2,4,1,3,92023,M,,,92
201500037847,15,9,18,1540,1,2,1,3,7,92023,M,,,92
201500037848,15,9,26,1430,1,2,1,1,2,92060,M,,,92
201500037849,15,9,26,1910,1,2,1,1,3,92023,M,,,92
201500037850,15,9,25,1420,1,2,1,1,6,92023,M,,,92
201500037851,15,9,26,1920,1,2,1,1,6,92023,M,,,92
201500037852,15,9,27,1555,1,2,1,1,6,92023,M,,,92
201500037853,15,9,27,2230,5,2,1,1,2,92060,M,,,92
201500037854,15,9,29,915,1,2,1,1,1,92023,M,,,92
201500037855,15,9,30,1610,1,2,2,1,3,92060,M,,,92
201500037856,15,9,30,930,1,2,1,1,7,92023,M,,,92
201500037857,15,10,1,1330,1,2,1,1,6,92023,M,,,92
201500037858,15,10,4,1450,1,2,1,1,6,92023,M,,,92
201500037859,15,10,6,1115,1,2,2,2,6,92023,M,,,92
201500037860,15,11,18,1730,5,2,2,1,3,92023,M,,,92
201500037861,15,10,27,2055,5,2,2,2,6,92023,M,,,92
201500037862,15,10,29,2045,5,2,7,1,6,92023,M,,,92
201500037863,15,11,3,1115,1,2,1,1,6,92023,M,,,92
201500037864,15,11,5,1500,1,2,1,1,3,92060,M,,,92
201500037865,15,11,6,1500,1,2,1,1,6,92023,M,,,92
201500037866,15,11,7,1345,1,2,1,1,2,92023,M,,,92
201500037867,15,11,10,1735,2,2,1,1,3,92023,M,,,92
201500037868,15,11,11,2000,5,2,1,1,2,92060,M,,,92
201500037869,15,11,11,1545,1,2,1,1,6,92023,M,,,92
201500037870,15,11,10,745,2,2,1,1,6,92060,M,,,92
201500037871,15,11,12,1640,1,1,1,1,3,92023,M,,,92
201500037872,15,11,13,830,1,2,1,1,7,92023,M,,,92
201500037873,15,11,17,900,1,2,6,1,2,92060,M,,,92
201500037874,15,11,24,740,5,2,1,1,6,92023,M,,,92
201500037875,15,12,4,1800,5,2,1,1,6,92060,M,,,92
201500037876,15,12,7,1830,5,2,3,1,6,92023,M,,,92
201500037877,15,12,8,1930,5,2,6,1,3,92060,M,,,92
201500037878,15,12,4,1727,5,2,1,1,7,92023,M,,,92
201500037879,15,11,26,630,5,2,1,2,7,92023,M,,,92
201500037880,15,11,26,1842,5,2,1,1,6,92023,M,,,92
201500037881,15,12,11,1145,1,2,1,1,1,92023,M,,,92
201500037882,15,12,17,1015,1,2,1,1,6,92060,M,,,92
201500037883,15,12,17,1050,1,2,1,1,6,92023,M,,,92
201500037884,15,12,17,1220,1,2,1,1,6,92023,M,,,92
201500037885,15,12,23,1745,5,2,1,1,6,92023,M,,,92
201500037886,15,12,23,1900,5,2,1,1,5,92023,M,,,92
201500037887,15,7,25,1430,1,2,2,1,6,92024,M,,,92
201500037888,15,1,8,730,5,2,1,1,3,92024,M,,,92
201500037889,15,1,16,920,1,2,3,1,2,92024,M,,,92
201500037890,15,1,21,1830,1,2,1,1,6,92024,M,,,92
201500037891,15,1,23,1830,5,2,6,1,6,92024,M,,,92
201500037892,15,1,30,1440,1,2,1,1,6,92024,M,,,92
201500037893,15,2,2,955,1,2,2,1,6,92024,M,,,92
201500037894,15,2,2,1245,1,2,2,1,3,92024,M,,,92
201500037895,15,2,4,1500,1,2,1,1,6,92024,M,,,92
201500037896,15,2,8,830,1,2,2,1,1,92024,M,,,92
201500037897,15,2,13,2030,5,2,3,1,3,92024,M,,,92
201500037898,15,2,24,925,1,2,2,2,3,92024,M,,,92
201500037899,15,3,7,305,5,2,6,1,6,92024,M,,,92
201500037900,15,3,9,2115,5,2,1,1,3,92024,M,,,92
201500037901,15,3,9,2330,5,2,1,1,2,92024,M,,,92
201500037902,15,3,11,2005,5,2,3,1,3,92024,M,,,92
201500037903,15,3,12,1605,1,2,2,1,3,92024,M,,,92
201500037904,15,3,14,2210,5,2,3,1,7,92024,M,,,92
201500037905,15,3,15,1901,5,2,2,1,6,92024,M,,,92
201500037906,15,3,17,110,5,2,3,1,6,92024,M,,,92
201500037907,15,3,18,1340,1,2,2,1,3,92024,M,,,92
201500037908,15,3,30,1805,1,2,2,1,6,92024,M,,,92
201500037909,15,3,31,1810,1,2,1,1,6,92024,M,,,92
201500037910,15,4,1,1730,1,2,2,1,2,92024,M,,,92
201500037911,15,4,2,1850,1,2,2,1,3,92024,M,,,92
201500037912,15,4,3,1000,1,2,2,1,6,92024,M,,,92
201500037913,15,4,7,1955,5,2,2,1,2,92024,M,,,92
201500037914,15,4,10,1000,1,2,6,1,3,92024,M,,,92
201500037915,15,4,20,2040,5,2,2,1,2,92024,M,,,92
201500037916,15,4,29,1716,1,2,1,1,2,92024,M,,,92
201500037917,15,4,30,1413,1,2,1,1,6,92024,M,,,92
201500037918,15,5,4,1900,1,2,1,3,6,92024,M,,,92
201500037919,15,5,6,1700,1,2,1,1,6,92024,M,,,92
201500037920,15,5,7,1110,1,2,1,1,3,92024,M,,,92
201500037921,15,5,15,910,1,2,1,1,6,92024,M,,,92
201500037922,15,5,17,1115,1,2,2,1,6,92024,M,,,92
201500037923,15,5,13,1045,1,2,1,1,6,92024,M,,,92
201500037924,15,5,19,1200,1,2,6,1,2,92024,M,,,92
201500037925,15,5,26,1810,1,2,2,1,3,92024,M,,,92
201500037926,15,5,26,2040,1,2,1,1,6,92024,M,,,92
201500037927,15,5,29,115,5,2,4,1,6,92024,M,,,92
201500037928,15,5,31,1330,1,2,3,1,6,92024,M,,,92
201500037929,15,6,2,845,1,2,1,1,1,92024,M,,,92
201500037930,15,6,2,1755,1,2,1,1,3,92024,M,,,92
201500037931,15,5,4,1930,1,2,3,2,3,92024,M,,,92
201500037932,15,6,6,1000,1,2,1,1,3,92024,M,,,92
201500037933,15,6,8,1830,1,2,1,1,3,92024,M,,,92
201500037934,15,7,9,2015,5,2,1,1,2,92024,M,,,92
201500037935,15,5,15,930,1,2,1,1,3,92024,M,,,92
201500037936,15,6,16,1830,5,2,1,1,7,92024,M,,,92
201500037937,15,6,9,1025,1,2,3,1,3,92024,M,,,92
201500037938,15,6,11,1125,1,2,3,1,7,92024,M,,,92
201500037939,15,6,28,840,1,2,2,1,6,92024,M,,,92
201500037940,15,6,28,40,5,2,1,1,3,92024,M,,,92
201500037941,15,6,30,1600,1,2,2,1,5,92024,M,,,92
201500037942,15,7,1,925,1,2,2,1,5,92024,M,,,92
201500037943,15,7,6,1600,1,2,2,1,3,92024,M,,,92
201500037944,15,7,17,110,5,2,2,1,3,92024,M,,,92
201500037945,15,7,6,1430,1,2,3,1,7,92024,M,,,92
201500037946,15,7,19,1930,1,2,2,1,7,92024,M,,,92
201500037947,15,8,6,2040,2,2,2,1,3,92024,M,,,92
201500037948,15,8,10,1940,1,2,2,1,1,92024,M,,,92
201500037949,15,8,17,720,1,2,2,1,3,92024,M,,,92
201500037950,15,8,20,1310,1,2,1,2,7,92024,M,,,92
201500037951,15,8,25,2025,5,2,2,2,3,92024,M,,,92
201500037952,15,8,28,1030,1,2,1,1,6,92024,M,,,92
201500037953,15,8,3,2100,2,2,3,1,4,92024,M,,,92
201500037954,15,8,24,825,1,2,1,3,3,92024,M,,,92
201500037955,15,9,9,950,1,2,2,1,6,92024,M,,,92