Num_Acc,an,mois,jour,hrmn,lum,agg,int,atm,col,com,gps,lat,long,dep
201500037956,15,9,3,2150,5,2,3,1,2,92024,M,,,92
201500037957,15,9,11,840,1,2,1,1,6,92024,M,,,92
201500037958,15,9,17,1626,1,2,2,1,3,92024,M,,,92
201500037959,15,9,18,835,1,2,1,1,3,92024,M,,,92
201500037960,15,9,18,1045,1,2,3,1,3,92024,M,,,92
201500037961,15,9,21,1045,1,2,3,1,1,92024,M,,,92
201500037962,15,9,23,2250,5,2,6,1,3,92024,M,,,92
201500037963,15,9,24,1430,1,2,1,1,6,92024,M,,,92
201500037964,15,9,30,820,1,2,1,1,4,92024,M,,,92
201500037965,15,9,8,1840,1,2,1,1,7,92024,M,,,92
201500037966,15,10,10,1500,1,2,3,1,7,92024,M,,,92
201500037967,15,10,16,1625,1,2,2,1,3,92024,M,,,92
201500037968,15,10,21,2110,5,2,2,2,3,92024,M,,,92
201500037969,15,10,24,1730,1,2,1,1,4,92024,M,,,92
201500037970,15,10,31,1430,1,2,1,1,2,92024,M,,,92
201500037971,15,10,14,1010,1,2,2,1,2,92024,M,,,92
201500037972,15,11,3,1625,1,2,2,1,6,92024,M,,,92
201500037973,15,11,6,1930,5,2,1,2,6,92024,M,,,92
201500037974,15,11,8,615,5,2,2,1,3,92024,M,,,92
201500037975,15,11,17,845,2,2,1,2,4,92024,M,,,92
201500037976,15,11,17,1650,1,2,1,1,6,92024,M,,,92
201500037977,15,11,17,1845,5,2,1,2,5,92024,M,,,92
201500037978,15,11,18,1700,2,2,1,1,6,92024,M,,,92
201500037979,15,12,4,945,1,1,3,1,6,92024,M,,,92
201500037980,15,11,16,1300,1,2,3,1,6,92024,M,,,92
201500037981,15,12,8,1410,1,2,1,3,3,92024,M,,,92
201500037982,15,12,16,1750,1,2,2,1,6,92024,M,,,92
201500037983,15,12,5,1220,1,2,1,1,6,92024,M,,,92
201500037984,15,12,21,1745,5,2,1,3,6,92024,M,,,92
201500037985,15,12,24,1110,1,2,3,1,3,92024,M,,,92
201500037986,15,12,20,1215,1,2,1,1,7,92024,M,,,92
201500037987,15,1,9,1326,1,2,1,1,6,92025,M,,,92
201500037988,15,1,11,35,5,2,2,1,3,92025,M,,,92
201500037989,15,1,12,1300,1,2,2,1,6,92025,M,,,92
201500037990,15,1,13,940,1,2,1,1,6,92025,M,,,92
201500037991,15,1,12,1415,1,2,9,1,3,92025,M,,,92
201500037992,15,1,20,935,1,2,2,1,6,92025,M,,,92
201500037993,15,1,23,2245,5,2,2,1,7,92025,M,,,92
201500037994,15,1,27,900,1,2,1,1,2,92025,M,,,92
201500037995,15,1,29,1805,2,2,1,2,6,92025,M,,,92
201500037996,15,2,3,915,1,2,1,1,6,92025,M,,,92
201500037997,15,2,3,1925,5,2,2,1,6,92025,M,,,92
201500037998,15,2,5,1005,1,2,2,1,6,92025,M,,,92
201500037999,15,2,5,1105,1,2,1,1,7,92025,M,,,92
201500038000,15,2,5,2010,1,2,2,1,2,92025,M,,,92
201500038001,15,2,6,1250,1,2,2,1,6,92025,M,,,92
201500038002,15,1,28,1525,1,2,1,2,3,92025,M,,,92
201500038003,15,2,6,2145,5,2,3,1,6,92025,M,,,92
201500038004,15,2,9,645,5,2,2,1,3,92025,M,,,92
201500038005,15,2,11,1015,1,2,1,1,6,92025,M,,,92
201500038006,15,2,11,1415,1,2,1,1,7,92025,M,,,92
201500038007,15,2,14,1915,1,2,1,1,6,92025,M,,,92
201500038008,15,2,7,1910,5,2,1,1,6,92025,M,,,92
201500038009,15,2,19,1440,1,2,1,1,2,92025,M,,,92
201500038010,15,2,21,1920,5,2,2,1,3,92025,M,,,92
201500038011,15,2,20,1455,1,2,1,2,6,92025,M,,,92
201500038012,15,2,25,1245,1,2,1,2,7,92025,M,,,92
201500038013,15,2,26,855,1,2,1,2,7,92025,M,,,92
201500038014,15,3,4,1930,5,2,1,1,6,92025,M,,,92
201500038015,15,3,4,1145,1,2,1,1,6,92025,M,,,92
201500038016,15,3,13,1250,1,2,1,1,3,92025,M,,,92
201500038017,15,3,9,1525,1,2,3,1,3,92025,M,,,92
201500038018,15,3,14,2055,5,2,1,1,2,92025,M,,,92
201500038019,15,3,16,840,1,2,1,1,3,92025,M,,,92
201500038020,15,3,17,830,1,2,2,1,3,92025,M,,,92
201500038021,15,3,23,850,1,2,2,1,6,92025,M,,,92
201500038022,15,3,23,915,1,2,1,1,3,92025,M,,,92
201500038023,15,3,24,2200,5,2,3,2,6,92025,M,,,92
201500038024,15,3,28,1345,1,2,5,1,6,92025,M,,,92
201500038025,15,3,31,1935,1,2,2,1,3,92025,M,,,92
201500038026,15,4,5,1655,1,2,1,1,3,92025,M,,,92
201500038027,15,4,6,1940,1,2,1,1,1,92025,M,,,92
201500038028,15,4,6,2005,1,2,1,1,6,92025,M,,,92
201500038029,15,4,7,1715,1,2,1,1,6,92025,M,,,92
201500038030,15,4,8,635,5,2,2,1,3,92025,M,,,92
201500038031,15,4,10,930,1,2,3,1,1,92025,M,,,92
201500038032,15,4,10,1215,1,2,1,1,7,92025,M,,,92
201500038033,15,4,11,1100,1,2,1,1,3,92025,M,,,92
201500038034,15,4,11,1720,1,2,2,2,2,92025,M,,,92
201500038035,15,4,14,2040,1,2,2,1,3,92025,M,,,92
201500038036,15,2,21,2025,5,2,1,1,7,92025,M,,,92
201500038037,15,4,28,1720,1,2,2,1,7,92025,M,,,92
201500038038,15,4,2,1215,1,2,3,2,7,92025,M,,,92
201500038039,15,5,5,1030,1,2,2,2,3,92025,M,,,92
201500038040,15,5,12,1540,1,2,2,1,3,92025,M,,,92
201500038041,15,5,19,1235,1,2,2,1,3,92025,M,,,92
201500038042,15,5,29,905,1,2,1,1,6,92025,M,,,92
201500038043,15,5,29,1720,1,2,1,1,6,92025,M,,,92
201500038044,15,6,1,1050,1,2,1,1,6,92025,M,,,92
201500038045,15,6,1,1920,1,2,1,1,3,92025,M,,,92
201500038046,15,6,4,710,1,2,1,1,3,92025,M,,,92
201500038047,15,6,8,1745,1,2,1,1,6,92025,M,,,92
201500038048,15,6,8,2030,1,2,3,1,6,92025,M,,,92
201500038049,15,6,10,1930,1,2,1,1,1,92025,M,,,92
201500038050,15,6,12,1550,1,2,1,1,6,92025,M,,,92
201500038051,15,6,19,10,5,2,2,1,3,92025,M,,,92
201500038052,15,6,22,1155,1,2,1,1,6,92025,M,,,92
201500038053,15,6,26,1650,1,2,1,1,1,92025,M,,,92
201500038054,15,6,27,1645,1,2,1,1,3,92025,M,,,92
201500038055,15,6,28,1755,1,2,2,1,3,92025,M,,,92
201500038056,15,7,7,1205,1,2,1,1,3,92025,M,,,92
201500038057,15,7,6,1855,1,1,1,1,3,92025,M,,,92
201500038058,15,7,9,1032,1,2,1,1,2,92025,M,,,92
201500038059,15,7,13,2115,2,2,1,1,7,92025,M,,,92
201500038060,15,7,17,1140,1,1,1,1,6,92025,M,,,92
201500038061,15,7,18,1153,1,2,1,1,6,92025,M,,,92
201500038062,15,7,27,1630,1,2,1,1,3,92025,M,,,92
201500038063,15,7,28,755,2,2,3,1,3,92025,M,,,92
201500038064,15,8,8,1300,1,2,1,1,6,92025,M,,,92
201500038065,15,8,14,23,5,2,3,2,3,92025,M,,,92
201500038066,15,7,30,1310,1,2,1,1,2,92025,M,,,92
201500038067,15,8,20,1035,1,1,2,2,6,92025,M,,,92
201500038068,15,9,3,1745,1,2,1,1,3,92025,M,,,92
201500038069,15,9,4,40,5,2,1,1,1,92025,M,,,92
201500038070,15,9,4,1530,1,2,2,1,3,92025,M,,,92
201500038071,15,9,7,950,1,2,1,1,5,92025,M,,,92
201500038072,15,9,11,2142,5,2,2,1,3,92025,M,,,92
201500038073,15,7,5,2030,1,2,1,1,6,92025,M,,,92
201500038074,15,9,19,1510,1,1,1,1,3,92025,M,,,92
201500038075,15,9,19,1910,1,2,1,1,3,92025,M,,,92
201500038076,15,9,23,1635,1,2,1,1,6,92025,M,,,92
201500038077,15,9,24,1610,1,2,1,1,6,92025,M,,,92
201500038078,15,9,25,1630,1,2,1,1,6,92025,M,,,92
201500038079,15,9,27,2155,5,2,1,1,3,92025,M,,,92
201500038080,15,9,29,1000,1,2,2,1,3,92025,M,,,92
201500038081,15,9,29,800,1,2,1,1,2,92025,M,,,92
201500038082,15,9,30,840,1,2,2,1,3,92025,M,,,92
201500038083,15,9,30,1445,1,2,1,1,2,92025,M,,,92
201500038084,15,10,5,1740,1,2,1,2,6,92025,M,,,92
201500038085,15,10,8,20,3,2,1,1,3,92025,M,,,92
201500038086,15,10,8,1640,1,2,1,1,3,92025,M,,,92
201500038087,15,10,9,1110,1,2,2,1,3,92025,M,,,92
201500038088,15,10,10,2315,5,2,1,1,1,92025,M,,,92
201500038089,15,10,10,1410,1,2,1,1,7,92025,M,,,92
201500038090,15,10,10,1510,1,1,2,1,3,92025,M,,,92
201500038091,15,10,12,1615,1,1,1,1,3,92025,M,,,92
201500038092,15,10,12,1920,2,2,1,1,2,92025,M,,,92
201500038093,15,10,13,850,1,2,1,1,6,92025,M,,,92
201500038094,15,10,18,1800,1,2,1,8,6,92025,M,,,92
201500038095,15,10,13,1940,1,2,1,1,3,92025,M,,,92
201500038096,15,10,9,1850,5,2,2,1,3,92025,M,,,92
201500038097,15,10,14,1500,1,2,9,1,6,92025,M,,,92
201500038098,15,10,28,1830,1,2,1,1,2,92025,M,,,92
201500038099,15,10,16,755,2,2,1,3,6,92025,M,,,92
201500038100,15,10,22,2225,5,2,1,1,2,92025,M,,,92
201500038101,15,10,14,2230,5,2,2,1,5,92025,M,,,92
201500038102,15,10,24,1835,1,2,2,1,6,92025,M,,,92
201500038103,15,11,2,2250,5,2,3,1,3,92025,M,,,92
201500038104,15,11,5,1050,1,2,1,1,6,92025,M,,,92
201500038105,15,11,6,1515,1,2,1,1,6,92025,M,,,92
201500038106,15,11,6,1830,5,2,2,1,6,92025,M,,,92
201500038107,15,11,6,2230,5,2,1,1,7,92025,M,,,92
201500038108,15,11,8,2105,4,2,1,1,6,92025,M,,,92
201500038109,15,11,10,2156,5,2,2,1,1,92025,M,,,92
201500038110,15,11,12,900,1,2,1,1,6,92025,M,,,92
201500038111,15,11,19,1540,1,2,1,1,6,92025,M,,,92
201500038112,15,11,20,716,5,2,1,2,1,92025,M,,,92
201500038113,15,11,20,1800,4,2,1,2,7,92025,M,,,92
201500038114,15,11,20,1435,1,2,1,1,6,92025,M,,,92
201500038115,15,11,23,1750,5,1,1,1,6,92025,M,,,92
201500038116,15,10,9,2315,5,2,3,1,1,92025,M,,,92
201500038117,15,11,18,850,1,2,1,1,6,92025,M,,,92
201500038118,15,12,2,1300,1,2,1,1,6,92025,M,,,92
201500038119,15,12,2,1835,5,2,1,1,3,92025,M,,,92
201500038120,15,12,3,800,2,2,2,1,3,92025,M,,,92
201500038121,15,12,3,2105,5,1,2,1,6,92025,M,,,92
201500038122,15,12,6,1730,1,2,1,1,6,92025,M,,,92
201500038123,15,12,8,300,5,2,1,1,7,92025,M,,,92
201500038124,15,12,8,1425,1,2,2,3,3,92025,M,,,92
201500038125,15,12,8,1410,1,2,1,2,3,92025,M,,,92
201500038126,15,12,8,1844,2,2,1,1,6,92025,M,,,92
201500038127,15,12,9,1910,5,2,3,1,3,92025,M,,,92
201500038128,15,12,15,1850,5,2,3,2,6,92025,M,,,92
201500038129,15,12,16,1130,1,2,1,1,6,92025,M,,,92
201500038130,15,12,17,2230,5,2,3,1,3,92025,M,,,92
201500038131,15,12,18,1355,1,2,1,1,6,92025,M,,,92
201500038132,15,12,24,1430,1,2,1,1,3,92002,M,,,92
201500038133,15,12,22,1300,1,2,1,1,7,92025,M,,,92
201500038134,15,12,23,1350,1,2,2,1,6,92025,M,,,92
201500038135,15,12,24,2150,5,2,1,1,6,92025,M,,,92
201500038136,15,12,26,1500,1,2,1,1,3,92025,M,,,92
201500038137,15,1,2,1755,5,2,1,1,3,92026,M,,,92
201500038138,15,1,7,2015,5,2,3,1,3,92026,M,,,92
201500038139,15,1,11,1235,1,2,6,1,7,92026,M,,,92
201500038140,15,1,11,1410,1,2,1,9,6,92026,M,,,92
201500038141,15,1,15,1820,2,2,3,1,6,92026,M,,,92
201500038142,15,1,16,1750,2,2,5,1,6,92026,M,,,92
201500038143,15,1,21,730,2,2,2,1,3,92026,M,,,92
201500038144,15,1,22,1530,1,2,6,1,7,92026,M,,,92
201500038145,15,1,24,2110,5,2,1,1,2,92026,M,,,92
201500038146,15,1,27,1210,1,2,1,1,1,92026,M,,,92
201500038147,15,2,4,820,5,2,3,1,3,92026,M,,,92
201500038148,15,2,6,2010,5,2,1,1,4,92026,M,,,92
201500038149,15,2,6,1245,1,2,1,1,6,92026,M,,,92
201500038150,15,2,13,1705,1,2,1,2,6,92026,M,,,92
201500038151,15,2,14,1600,1,2,1,1,6,92026,M,,,92
201500038152,15,2,16,1020,1,2,1,1,3,92026,M,,,92
201500038153,15,2,19,930,1,2,1,1,6,92026,M,,,92
201500038154,15,2,20,1752,5,2,1,2,6,92026,M,,,92
201500038155,15,2,20,1440,1,2,1,1,6,92002,M,,,92
201500038156,15,2,23,1240,1,2,1,9,2,92026,M,,,92
201500038157,15,2,25,855,1,2,1,1,6,92026,M,,,92
201500038158,15,3,3,2020,5,2,1,1,2,92026,M,,,92
201500038159,15,3,9,1820,1,2,1,1,3,92026,M,,,92
201500038160,15,3,9,750,1,2,1,1,7,92026,M,,,92
201500038161,15,3,10,825,1,2,2,1,3,92026,M,,,92
201500038162,15,3,13,220,5,2,1,1,7,92026,M,,,92
201500038163,15,3,13,2150,5,2,6,1,3,92026,M,,,92
201500038164,15,3,17,830,1,2,1,1,6,92026,M,,,92
201500038165,15,3,22,1700,1,2,2,1,2,92026,M,,,92
201500038166,15,3,27,2020,5,2,1,1,7,92026,M,,,92
201500038167,15,3,25,1010,1,2,1,1,6,92026,M,,,92
201500038168,15,4,2,1045,1,2,1,2,7,92026,M,,,92
201500038169,15,4,7,930,1,2,1,1,7,92026,M,,,92
201500038170,15,4,8,1130,1,2,3,1,6,92026,M,,,92
201500038171,15,4,12,1230,1,2,1,1,7,92026,M,,,92
201500038172,15,4,13,400,5,2,3,1,7,92026,M,,,92
201500038173,15,4,13,945,1,2,1,1,3,92026,M,,,92
201500038174,15,4,25,2115,2,2,1,1,7,92026,M,,,92
201500038175,15,4,15,750,1,2,1,1,3,92026,M,,,92
201500038176,15,4,23,825,1,2,3,1,3,92026,M,,,92
201500038177,15,5,11,1700,1,2,1,1,6,92026,M,,,92
201500038178,15,5,12,1240,1,2,1,1,6,92026,M,,,92
201500038179,15,5,14,1700,1,2,2,1,7,92026,M,,,92
201500038180,15,5,17,615,2,2,1,1,6,92026,M,,,92
201500038181,15,5,20,1152,1,2,1,1,2,92026,M,,,92
201500038182,15,5,22,1745,1,2,1,1,6,92026,M,,,92
201500038183,15,5,27,1420,1,2,3,1,6,92026,M,,,92
201500038184,15,6,1,1600,1,2,2,1,4,92026,M,,,92
201500038185,15,6,3,820,1,2,2,1,6,92026,M,,,92
201500038186,15,6,2,950,1,2,2,1,3,92026,M,,,92
201500038187,15,6,2,1720,1,2,1,1,4,92026,M,,,92
201500038188,15,6,3,1635,1,2,2,1,3,92026,M,,,92
201500038189,15,6,3,1730,1,2,4,1,3,92026,M,,,92
201500038190,15,6,4,1305,1,2,2,1,3,92026,M,,,92
201500038191,15,6,8,950,1,2,1,1,6,92026,M,,,92
201500038192,15,6,8,1615,1,2,1,1,6,92026,M,,,92
201500038193,15,6,10,2110,1,2,1,1,2,92026,M,,,92
201500038194,15,6,11,850,1,2,1,1,6,92026,M,,,92
201500038195,15,6,13,1420,1,2,2,1,3,92026,M,,,92
201500038196,15,6,14,1730,1,2,1,1,1,92026,M,,,92
201500038197,15,6,14,530,1,2,1,1,6,92026,M,,,92
201500038198,15,6,16,1239,1,2,1,1,6,92026,M,,,92
201500038199,15,6,19,1330,1,2,1,1,7,92026,M,,,92
201500038200,15,6,19,1245,1,2,2,1,3,92026,M,,,92
201500038201,15,6,19,1350,1,2,1,1,2,92026,M,,,92
201500038202,15,6,19,1730,1,2,1,1,7,92026,M,,,92
201500038203,15,6,25,305,5,2,1,1,7,92026,M,,,92
201500038204,15,6,29,2140,5,2,1,1,6,92026,M,,,92
201500038205,15,6,30,1830,1,2,1,1,3,92026,M,,,92
201500038206,15,7,7,1200,1,2,1,1,4,92026,M,,,92
201500038207,15,7,15,1740,1,2,1,1,4,92026,M,,,92
201500038208,15,7,18,1525,1,2,9,1,3,92026,M,,,92
201500038209,15,7,25,1634,1,2,1,1,6,92026,M,,,92
201500038210,15,7,27,2150,5,2,1,1,2,92026,M,,,92
201500038211,15,7,28,1350,1,2,1,8,5,92026,M,,,92
201500038212,15,8,13,1415,1,2,3,1,7,92026,M,,,92
201500038213,15,8,20,715,1,2,1,2,6,92026,M,,,92
201500038214,15,8,31,1120,1,2,1,1,6,92026,M,,,92
201500038215,15,9,3,1045,1,2,1,1,6,92026,M,,,92
201500038216,15,9,7,1950,5,2,2,1,3,92026,M,,,92
201500038217,15,9,21,1715,1,2,1,1,3,92026,M,,,92
201500038218,15,9,22,820,1,2,1,1,6,92026,M,,,92
201500038219,15,9,29,900,1,2,3,1,6,92026,M,,,92
201500038220,15,10,21,1845,2,2,3,1,3,92026,M,,,92
201500038221,15,10,23,2240,5,2,1,1,3,92026,M,,,92
201500038222,15,10,16,1300,1,2,1,1,2,92026,M,,,92
201500038223,15,10,16,1135,1,2,1,1,6,92026,M,,,92
201500038224,15,10,27,1425,1,2,1,1,6,92026,M,,,92
201500038225,15,10,29,1725,1,2,3,1,2,92026,M,,,92
201500038226,15,10,30,1500,1,2,3,1,7,92026,M,,,92
201500038227,15,11,1,1715,2,2,3,1,6,92026,M,,,92
201500038228,15,11,6,1530,1,2,1,2,7,92026,M,,,92
201500038229,15,11,6,1730,1,2,1,2,3,92026,M,,,92
201500038230,15,11,13,1610,1,2,2,1,3,92026,M,,,92
201500038231,15,11,14,2130,5,2,1,2,3,92026,M,,,92
201500038232,15,11,19,1930,5,2,2,2,3,92026,M,,,92
201500038233,15,11,24,1800,1,2,1,2,6,92026,M,,,92
201500038234,15,11,26,810,2,2,1,1,6,92026,M,,,92
201500038235,15,11,25,1500,1,2,3,2,3,92026,M,,,92
201500038236,15,11,27,2150,5,2,1,1,2,92026,M,,,92
201500038237,15,11,28,1955,5,2,2,1,3,92026,M,,,92
201500038238,15,12,1,1855,5,2,1,1,3,92026,M,,,92
201500038239,15,12,1,1252,1,2,2,8,3,92026,M,,,92
201500038240,15,11,30,1830,5,2,1,1,6,92026,M,,,92
201500038241,15,12,1,1915,5,2,1,1,3,92026,M,,,92
201500038242,15,12,4,1705,5,2,1,1,6,92026,M,,,92
201500038243,15,12,8,750,5,2,1,1,6,92026,M,,,92
201500038244,15,12,17,2215,5,2,2,1,3,92026,M,,,92
201500038245,15,1,4,10,5,2,4,1,2,92035,M,,,92
201500038246,15,1,9,1740,1,2,1,1,6,92035,M,,,92
201500038247,15,1,10,1820,5,2,3,2,6,92035,M,,,92
201500038248,15,1,13,1840,5,2,1,1,6,92035,M,,,92
201500038249,15,1,14,705,2,2,3,1,7,92035,M,,,92
201500038250,15,1,15,1150,1,2,1,6,6,92035,M,,,92
201500038251,15,1,17,2310,5,2,1,1,6,92035,M,,,92
201500038252,15,1,21,1515,1,2,1,1,6,92035,M,,,92
201500038253,15,1,24,1310,1,2,4,2,2,92035,M,,,92
201500038254,15,1,31,1220,1,2,3,2,3,92035,M,,,92
201500038255,15,1,31,1425,1,2,1,1,7,92035,M,,,92
201500038256,15,3,12,1900,1,2,3,1,6,92035,M,,,92
201500038257,15,3,7,1120,1,2,2,1,3,92035,M,,,92
201500038258,15,3,3,2000,5,2,1,1,7,92035,M,,,92
201500038259,15,3,4,1015,1,2,1,1,2,92035,M,,,92
201500038260,15,3,14,2056,5,2,1,1,3,92035,M,,,92
201500038261,15,4,3,1650,1,2,2,2,6,92035,M,,,92
201500038262,15,4,7,1500,1,2,2,1,1,92035,M,,,92
201500038263,15,4,19,1730,1,2,5,1,1,92035,M,,,92
201500038264,15,5,24,2000,1,2,1,1,4,92035,M,,,92
201500038265,15,5,21,1750,1,2,6,1,6,92035,M,,,92
201500038266,15,5,3,1255,1,2,1,2,4,92035,M,,,92
201500038267,15,6,15,1730,1,2,2,1,3,92035,M,,,92
201500038268,15,6,18,1825,1,2,1,1,7,92035,M,,,92
201500038269,15,6,22,1800,1,2,3,2,3,92035,M,,,92
201500038270,15,6,22,1810,1,2,1,2,2,92035,M,,,92
201500038271,15,6,28,2000,1,2,3,1,2,92035,M,,,92
201500038272,15,7,7,1030,1,2,1,1,7,92035,M,,,92
201500038273,15,7,16,1400,1,2,1,1,6,92035,M,,,92
201500038274,15,7,20,750,1,2,2,1,3,92035,M,,,92
201500038275,15,7,23,950,1,2,1,1,3,92035,M,,,92
201500038276,15,8,6,650,1,2,1,1,3,92050,M,,,92
201500038277,15,8,8,16,5,2,7,1,3,92035,M,,,92
201500038278,15,9,1,1915,1,2,9,1,6,92035,M,,,92
201500038279,15,9,12,1820,1,2,1,2,3,92035,M,,,92
201500038280,15,9,14,1750,1,2,1,8,3,92035,M,,,92
201500038281,15,9,21,1230,1,2,2,1,2,92035,M,,,92
201500038282,15,10,7,1440,1,2,2,1,3,92035,M,,,92
201500038283,15,10,16,1345,1,2,1,2,3,92035,M,,,92
201500038284,15,10,20,2230,5,2,2,1,3,92035,M,,,92
201500038285,15,11,1,2115,5,2,5,1,3,92035,M,,,92
201500038286,15,11,4,1020,1,2,3,2,6,92035,M,,,92
201500038287,15,11,4,1245,1,2,2,2,6,92035,M,,,92
201500038288,15,11,13,2245,5,2,6,1,3,92035,M,,,92
201500038289,15,11,16,2045,5,2,2,2,3,92035,M,,,92
201500038290,15,11,22,1350,1,2,3,1,3,92035,M,,,92
201500038291,15,12,11,1500,1,2,1,1,2,92035,M,,,92
201500038292,15,12,29,1440,1,2,1,1,3,92035,M,,,92
201500038293,15,1,7,1055,1,2,2,1,6,92036,M,,,92
201500038294,15,1,7,2140,5,2,3,1,6,92036,M,,,92
201500038295,15,1,7,1905,5,2,3,1,6,92036,M,,,92
201500038296,15,1,22,1300,1,2,2,1,3,92036,M,,,92
201500038297,15,1,22,1955,5,2,6,1,6,92036,M,,,92
201500038298,15,1,28,1410,1,2,6,2,7,92036,M,,,92
201500038299,15,2,2,1720,1,2,3,1,3,92036,M,,,92
201500038300,15,2,13,1400,1,1,2,1,6,92036,M,,,92
201500038301,15,2,18,2012,5,2,1,1,7,92036,M,,,92
201500038302,15,2,19,1405,1,2,1,1,6,92036,M,,,92
201500038303,15,2,20,1310,1,2,3,2,7,92036,M,,,92
201500038304,15,2,24,1715,1,2,1,1,6,92036,M,,,92
201500038305,15,2,27,2150,5,2,3,1,3,92036,M,,,92
201500038306,15,3,4,900,1,2,2,1,2,92036,M,,,92
201500038307,15,3,5,1630,1,1,1,1,6,92036,M,,,92
201500038308,15,3,7,1330,1,2,3,1,6,92036,M,,,92
201500038309,15,3,10,1130,1,2,2,1,1,92036,M,,,92
201500038310,15,3,12,1815,1,2,1,1,6,92036,M,,,92
201500038311,15,3,13,545,5,2,3,1,6,92036,M,,,92
201500038312,15,3,13,1220,1,2,2,1,6,92036,M,,,92
201500038313,15,3,16,1405,1,2,2,1,6,92036,M,,,92
201500038314,15,3,16,1700,1,2,1,1,6,92036,M,,,92
201500038315,15,3,23,1655,1,2,3,1,6,92036,M,,,92
201500038316,15,3,31,905,1,2,3,2,7,92036,M,,,92
201500038317,15,4,1,2055,5,2,2,1,3,92036,M,,,92
201500038318,15,4,3,955,1,2,3,1,4,92036,M,,,92
201500038319,15,4,8,2010,1,2,1,1,6,92036,M,,,92
201500038320,15,4,9,245,5,2,2,1,3,92036,M,,,92
201500038321,15,4,12,635,1,2,1,1,6,92036,M,,,92
201500038322,15,4,12,1220,1,2,6,1,6,92036,M,,,92
201500038323,15,4,15,1320,1,2,1,1,2,92036,M,,,92
201500038324,15,4,15,2325,5,2,3,1,1,92036,M,,,92
201500038325,15,4,24,2230,5,2,3,1,6,92036,M,,,92
201500038326,15,4,26,1435,1,2,1,1,6,92036,M,,,92
201500038327,15,5,4,1350,1,2,3,1,6,92036,M,,,92
201500038328,15,5,5,1425,1,2,3,1,3,92036,M,,,92
201500038329,15,5,15,1520,1,2,1,1,5,92036,M,,,92
201500038330,15,5,17,1700,1,2,1,1,6,92036,M,,,92
201500038331,15,5,17,1845,1,2,3,1,2,92036,M,,,92
201500038332,15,5,20,1235,1,2,3,1,2,92036,M,,,92
201500038333,15,5,30,2015,1,2,1,1,4,92036,M,,,92
201500038334,15,5,30,1510,1,2,1,1,7,92036,M,,,92
201500038335,15,6,8,1110,1,2,1,1,7,92036,M,,,92
201500038336,15,6,10,1200,1,2,1,1,1,92036,M,,,92
201500038337,15,6,17,2010,1,2,6,1,4,92036,M,,,92
201500038338,15,6,25,2210,5,2,1,1,6,92036,M,,,92
201500038339,15,6,27,40,3,2,1,1,6,92036,M,,,92
201500038340,15,6,13,2330,5,2,3,1,7,92036,M,,,92
201500038341,15,7,1,320,5,2,3,1,6,92036,M,,,92
201500038342,15,7,2,1815,1,2,2,1,3,92036,M,,,92
201500038343,15,7,4,2119,1,2,9,1,7,92036,M,,,92
201500038344,15,7,5,1447,1,2,6,2,6,92036,M,,,92
201500038345,15,7,8,930,1,2,2,1,2,92036,M,,,92
201500038346,15,7,13,2015,1,2,1,1,2,92036,M,,,92
201500038347,15,7,25,1305,1,2,3,1,6,92036,M,,,92
201500038348,15,7,25,1555,1,2,1,1,1,92036,M,,,92
201500038349,15,7,27,1900,1,2,6,1,3,92036,M,,,92
201500038350,15,8,2,2020,1,2,1,1,7,92036,M,,,92
201500038351,15,8,7,1325,1,1,1,1,7,92036,M,,,92
201500038352,15,8,9,1135,1,2,9,1,6,92036,M,,,92
201500038353,15,8,18,1740,1,2,2,1,3,92036,M,,,92
201500038354,15,8,21,2045,5,2,1,1,6,92036,M,,,92
201500038355,15,8,25,1725,1,2,3,1,6,92036,M,,,92
201500038356,15,8,25,2100,1,2,2,1,3,92036,M,,,92
201500038357,15,8,28,1615,1,2,3,1,6,92036,M,,,92
201500038358,15,9,2,625,1,2,6,1,6,92036,M,,,92
201500038359,15,8,19,2230,5,2,3,1,3,92036,M,,,92
201500038360,15,9,10,1640,1,2,1,1,6,92036,M,,,92
201500038361,15,9,22,1600,1,2,1,1,6,92036,M,,,92
201500038362,15,9,23,1800,1,2,1,1,6,92036,M,,,92
201500038363,15,9,25,1055,1,2,1,1,7,92036,M,,,92
201500038364,15,10,1,2105,5,2,3,1,6,92036,M,,,92
201500038365,15,10,8,2105,5,2,3,1,6,92036,M,,,92
201500038366,15,10,14,1530,1,2,3,1,5,92036,M,,,92
201500038367,15,10,28,1545,1,2,1,1,7,92036,M,,,92
201500038368,15,10,30,1300,1,2,1,1,6,92036,M,,,92
201500038369,15,11,3,1635,1,2,9,1,6,92036,M,,,92
201500038370,15,11,4,1915,5,2,3,1,6,92036,M,,,92
201500038371,15,11,5,2315,4,2,1,1,2,92036,M,,,92
201500038372,15,11,6,2045,1,2,3,1,3,92036,M,,,92
201500038373,15,11,11,1545,1,2,1,1,6,92036,M,,,92
201500038374,15,11,13,1535,1,2,2,1,3,92036,M,,,92
201500038375,15,11,17,1855,5,2,9,3,6,92036,M,,,92
201500038376,15,11,19,1540,1,2,3,2,7,92036,M,,,92
201500038377,15,11,20,1710,2,2,2,2,3,92036,M,,,92
201500038378,15,11,21,2219,5,2,3,1,3,92036,M,,,92
201500038379,15,11,23,1740,5,2,6,1,6,92036,M,,,92
201500038380,15,11,26,1230,1,2,1,1,6,92036,M,,,92
201500038381,15,11,26,2220,5,2,2,1,7,92036,M,,,92
201500038382,15,12,1,725,2,2,1,1,6,92036,M,,,92
201500038383,15,12,5,1307,1,2,2,1,6,92036,M,,,92
201500038384,15,12,6,145,5,2,6,1,7,92036,M,,,92
201500038385,15,12,8,1800,5,2,6,1,6,92036,M,,,92
201500038386,15,12,9,1930,5,2,1,1,6,92036,M,,,92
201500038387,15,12,10,2030,5,2,6,1,6,92036,M,,,92
201500038388,15,12,13,1015,1,2,3,1,2,92036,M,,,92
201500038389,15,12,16,1515,1,2,1,1,6,92036,M,,,92