Num_Acc,an,mois,jour,hrmn,lum,agg,int,atm,col,com,gps,lat,long,dep
201500038390,15,12,18,1750,1,2,1,1,6,92036,M,,,92
201500038391,15,12,20,1145,1,2,6,1,6,92036,M,,,92
201500038392,15,12,20,2045,5,2,3,1,6,92036,M,,,92
201500038393,15,12,21,1120,1,2,1,1,7,92036,M,,,92
201500038394,15,12,29,1530,1,2,1,1,6,92036,M,,,92
201500038395,15,10,26,1900,5,2,2,1,3,92040,M,,,92
201500038396,15,10,30,330,5,2,1,1,6,92040,M,,,92
201500038397,15,11,2,130,5,2,1,1,3,92040,M,,,92
201500038398,15,11,17,2350,5,2,3,2,3,92040,M,,,92
201500038399,15,11,20,1820,5,2,1,2,7,92040,M,,,92
201500038400,15,11,24,1750,5,2,2,2,7,92040,M,,,92
201500038401,15,11,6,1200,1,2,2,1,2,92040,M,,,92
201500038402,15,11,25,1940,5,2,2,2,3,92040,M,,,92
201500038403,15,11,19,645,2,2,3,1,3,92040,M,,,92
201500038404,15,11,24,1500,1,2,1,2,7,92040,M,,,92
201500038405,15,11,27,1200,1,2,1,1,7,92040,M,,,92
201500038406,15,11,2,1625,1,2,1,1,3,92040,M,,,92
201500038407,15,12,16,1206,1,2,1,8,2,92040,M,,,92
201500038408,15,12,9,1940,3,2,1,1,3,92040,M,,,92
201500038409,15,12,19,1440,1,2,1,1,6,92040,M,,,92
201500038410,15,12,21,1610,1,2,1,1,7,92040,M,,,92
201500038411,15,12,22,1110,1,2,1,1,6,92040,M,,,92
201500038412,15,12,10,1715,2,2,1,1,3,92040,M,,,92
201500038413,15,2,26,830,1,2,3,2,6,92040,M,,,92
201500038414,15,3,3,855,1,2,1,1,5,92040,M,,,92
201500038415,15,3,18,1850,1,2,1,1,7,92040,M,,,92
201500038416,15,1,3,2025,5,2,2,2,3,92040,M,,,92
201500038417,15,1,8,2010,5,2,1,2,3,92040,M,,,92
201500038418,15,3,20,2330,5,2,2,1,3,92040,M,,,92
201500038419,15,1,8,945,1,2,1,1,3,92040,M,,,92
201500038420,15,1,9,1600,1,2,3,1,2,92040,M,,,92
201500038421,15,1,11,1745,1,2,1,8,3,92040,M,,,92
201500038422,15,1,12,1500,1,2,3,1,6,92040,M,,,92
201500038423,15,1,12,1745,1,2,3,1,6,92040,M,,,92
201500038424,15,1,15,1040,1,2,6,1,3,92040,M,,,92
201500038425,15,1,22,1345,1,2,3,1,3,92040,M,,,92
201500038426,15,1,24,1510,1,2,3,8,3,92040,M,,,92
201500038427,15,1,29,720,5,2,2,1,2,92040,M,,,92
201500038428,15,4,3,250,5,2,2,1,7,92040,M,,,92
201500038429,15,4,12,2300,5,2,3,1,3,92040,M,,,92
201500038430,15,2,8,1300,1,2,1,1,7,92040,M,,,92
201500038431,15,2,10,1140,1,2,1,1,3,92040,M,,,92
201500038432,15,2,13,1925,5,2,2,2,6,92040,M,,,92
201500038433,15,4,22,245,5,2,1,1,7,92040,M,,,92
201500038434,15,3,2,930,1,2,1,1,2,92040,M,,,92
201500038435,15,3,10,940,1,2,2,1,3,92040,M,,,92
201500038436,15,3,11,930,1,2,2,1,3,92040,M,,,92
201500038437,15,3,11,1000,1,2,1,1,3,92040,M,,,92
201500038438,15,3,17,840,1,2,2,1,6,92040,M,,,92
201500038439,15,3,19,1225,1,2,2,1,6,92040,M,,,92
201500038440,15,3,20,1330,1,2,1,1,6,92040,M,,,92
201500038441,15,3,23,2130,5,2,2,1,3,92040,M,,,92
201500038442,15,3,26,1030,1,2,3,1,3,92040,M,,,92
201500038443,15,4,14,1900,1,2,1,1,3,92040,M,,,92
201500038444,15,5,21,1400,1,2,2,1,3,92040,M,,,92
201500038445,15,5,20,1725,1,2,1,9,2,92040,M,,,92
201500038446,15,5,28,2140,5,2,5,1,6,92040,M,,,92
201500038447,15,5,30,30,5,2,1,1,6,92040,M,,,92
201500038448,15,6,8,1020,1,2,3,1,2,92040,M,,,92
201500038449,15,5,28,1830,1,2,1,1,6,92040,M,,,92
201500038450,15,6,9,930,1,2,3,1,3,92040,M,,,92
201500038451,15,4,14,1825,1,2,2,1,3,92040,M,,,92
201500038452,15,5,17,1930,1,2,1,1,2,92040,M,,,92
201500038453,15,4,29,1900,1,2,2,1,6,92040,M,,,92
201500038454,15,4,29,1820,1,2,3,1,6,92040,M,,,92
201500038455,15,6,21,755,1,2,1,1,6,92040,M,,,92
201500038456,15,6,23,1600,1,2,1,1,6,92040,M,,,92
201500038457,15,6,29,1345,1,2,1,1,6,92040,M,,,92
201500038458,15,7,2,1250,1,2,1,1,7,92040,M,,,92
201500038459,15,5,20,1110,1,2,1,1,7,92040,M,,,92
201500038460,15,5,22,1520,1,2,1,1,7,92040,M,,,92
201500038461,15,6,17,915,1,2,1,1,6,92040,M,,,92
201500038462,15,7,9,1830,1,2,1,1,6,92040,M,,,92
201500038463,15,6,20,1630,1,2,1,1,7,92040,M,,,92
201500038464,15,7,4,2010,2,2,1,1,3,92040,M,,,92
201500038465,15,7,17,1430,1,2,2,1,6,92040,M,,,92
201500038466,15,6,28,2315,5,2,2,1,2,92040,M,,,92
201500038467,15,7,26,1800,1,2,1,1,3,92040,M,,,92
201500038468,15,7,30,200,3,2,3,1,3,92040,M,,,92
201500038469,15,7,29,1745,1,2,2,1,3,92040,M,,,92
201500038470,15,6,25,1115,1,2,2,1,3,92040,M,,,92
201500038471,15,7,30,515,5,2,1,1,6,92040,M,,,92
201500038472,15,8,2,1230,1,2,1,1,3,92040,M,,,92
201500038473,15,8,1,1503,1,2,1,1,6,92040,M,,,92
201500038474,15,8,14,2115,5,2,1,2,7,92040,M,,,92
201500038475,15,8,15,2340,5,2,1,1,6,92040,M,,,92
201500038476,15,8,20,1830,1,2,1,1,2,92040,M,,,92
201500038477,15,7,4,1920,1,2,1,1,3,92040,M,,,92
201500038478,15,8,30,535,5,2,1,1,6,92040,M,,,92
201500038479,15,8,28,10,5,2,1,8,6,92040,M,,,92
201500038480,15,9,4,1250,1,2,5,1,2,92040,M,,,92
201500038481,15,9,4,1515,1,2,3,1,2,92040,M,,,92
201500038482,15,9,10,1100,1,2,1,1,3,92040,M,,,92
201500038483,15,9,21,2015,5,2,1,1,6,92040,M,,,92
201500038484,15,9,24,1330,1,2,2,1,3,92040,M,,,92
201500038485,15,8,31,915,1,2,1,1,3,92040,M,,,92
201500038486,15,9,25,1450,1,2,3,1,3,92040,M,,,92
201500038487,15,9,22,637,5,2,5,1,7,92040,M,,,92
201500038488,15,9,15,910,1,2,1,1,7,92040,M,,,92
201500038489,15,10,14,1315,1,2,1,1,6,92040,M,,,92
201500038490,15,10,26,1010,1,2,2,1,3,92040,M,,,92
201500038491,15,9,11,840,1,2,1,1,2,92040,M,,,92
201500038492,15,9,29,1900,1,2,3,1,6,92040,M,,,92
201500038493,15,11,9,1350,1,2,1,1,6,92040,M,,,92
201500038494,15,11,9,1645,1,2,1,1,6,92040,M,,,92
201500038495,15,10,14,1145,1,2,2,1,6,92040,M,,,92
201500038496,15,11,24,1500,1,2,1,2,5,92040,M,,,92
201500038497,15,11,28,1215,1,2,1,1,6,92040,M,,,92
201500038498,15,11,29,1430,1,2,3,1,3,92040,M,,,92
201500038499,15,10,27,755,1,2,2,1,3,92040,M,,,92
201500038500,15,12,15,1515,1,2,1,1,3,92040,M,,,92
201500038501,15,12,15,1900,5,2,1,2,6,92040,M,,,92
201500038502,15,12,16,2050,5,2,2,8,3,92040,M,,,92
201500038503,15,12,29,1045,1,2,1,1,7,92040,M,,,92
201500038504,15,12,30,1350,1,2,1,1,7,92040,M,,,92
201500038505,15,11,19,1330,1,2,2,3,2,92044,M,,,92
201500038506,15,1,13,1850,2,2,2,1,3,92044,M,,,92
201500038507,15,1,17,315,5,2,1,1,6,92044,M,,,92
201500038508,15,1,22,1755,1,2,2,1,6,92044,M,,,92
201500038509,15,1,23,1135,1,2,2,1,6,92044,M,,,92
201500038510,15,1,27,1915,5,2,1,1,3,92044,M,,,92
201500038511,15,1,20,1610,1,2,2,1,6,92044,M,,,92
201500038512,15,1,30,1220,1,2,2,1,6,92044,M,,,92
201500038513,15,2,6,1550,1,2,2,1,6,92044,M,,,92
201500038514,15,2,7,1000,1,2,2,1,3,92044,M,,,92
201500038515,15,2,9,1250,1,2,1,1,3,92044,M,,,92
201500038516,15,2,12,1005,1,2,1,1,6,92044,M,,,92
201500038517,15,2,28,240,5,2,2,1,7,92044,M,,,92
201500038518,15,2,23,1820,5,2,1,1,7,92044,M,,,92
201500038519,15,3,16,1735,1,2,1,1,3,92044,M,,,92
201500038520,15,3,18,1605,1,2,2,1,6,92044,M,,,92
201500038521,15,3,21,1455,1,2,2,1,6,92044,M,,,92
201500038522,15,3,23,1655,1,2,2,1,3,92044,M,,,92
201500038523,15,3,26,2120,1,2,1,1,3,92044,M,,,92
201500038524,15,3,27,1015,1,2,1,1,6,92044,M,,,92
201500038525,15,3,31,1720,1,2,2,1,6,92044,M,,,92
201500038526,15,4,1,1020,1,2,3,1,7,92044,M,,,92
201500038527,15,4,1,2130,2,2,2,1,3,92044,M,,,92
201500038528,15,4,11,855,1,2,2,1,3,92044,M,,,92
201500038529,15,4,14,1820,1,2,3,1,5,92044,M,,,92
201500038530,15,4,17,1500,1,2,1,1,2,92044,M,,,92
201500038531,15,4,18,1000,1,2,1,1,3,92044,M,,,92
201500038532,15,4,15,750,1,2,2,1,3,92044,M,,,92
201500038533,15,4,22,1920,2,2,2,1,6,92044,M,,,92
201500038534,15,4,28,2345,5,2,2,1,3,92044,M,,,92
201500038535,15,5,13,920,1,2,2,1,2,92044,M,,,92
201500038536,15,4,6,2040,1,2,2,1,7,92044,M,,,92
201500038537,15,5,19,910,1,2,1,1,7,92044,M,,,92
201500038538,15,5,20,950,1,2,2,1,6,92044,M,,,92
201500038539,15,5,21,1445,1,2,2,1,6,92044,M,,,92
201500038540,15,6,2,1400,1,2,2,1,6,92044,M,,,92
201500038541,15,6,2,1630,1,2,2,1,3,92044,M,,,92
201500038542,15,6,3,1200,1,2,2,1,6,92044,M,,,92
201500038543,15,6,3,1400,1,2,2,1,2,92044,M,,,92
201500038544,15,6,4,1720,1,2,1,1,6,92044,M,,,92
201500038545,15,6,8,1205,1,1,2,1,3,92044,M,,,92
201500038546,15,6,9,1545,1,2,3,1,3,92044,M,,,92
201500038547,15,6,12,1140,1,2,2,1,6,92044,M,,,92
201500038548,15,6,13,2300,5,2,1,1,7,92044,M,,,92
201500038549,15,6,16,1900,1,2,1,1,3,92044,M,,,92
201500038550,15,6,17,950,1,2,1,1,2,92044,M,,,92
201500038551,15,6,17,2100,1,2,2,1,3,92044,M,,,92
201500038552,15,5,5,1200,1,2,1,1,2,92044,M,,,92
201500038553,15,6,25,1520,1,2,2,1,6,92044,M,,,92
201500038554,15,6,27,1905,1,2,6,1,2,92044,M,,,92
201500038555,15,6,29,1350,1,2,2,1,6,92044,M,,,92
201500038556,15,7,7,1335,1,2,1,1,6,92044,M,,,92
201500038557,15,7,14,38,5,2,2,1,6,92044,M,,,92
201500038558,15,7,17,1120,1,2,2,1,6,92044,M,,,92
201500038559,15,7,29,915,1,2,2,1,3,92044,M,,,92
201500038560,15,7,20,1335,1,2,1,1,6,92044,M,,,92
201500038561,15,7,30,2355,5,2,1,1,7,92044,M,,,92
201500038562,15,8,10,945,1,2,1,1,6,92044,M,,,92
201500038563,15,9,5,2200,1,2,2,1,3,92044,M,,,92
201500038564,15,9,11,1830,1,2,2,2,3,92044,M,,,92
201500038565,15,8,10,810,1,2,1,1,6,92044,M,,,92
201500038566,15,9,14,2245,5,2,1,1,7,92044,M,,,92
201500038567,15,9,21,900,1,2,2,1,3,92044,M,,,92
201500038568,15,9,26,1920,2,2,1,1,6,92044,M,,,92
201500038569,15,9,26,2020,5,2,2,1,3,92044,M,,,92
201500038570,15,9,29,1114,1,2,2,1,6,92044,M,,,92
201500038571,15,9,30,2244,5,2,1,1,6,92044,M,,,92
201500038572,15,10,12,1400,1,2,1,1,6,92044,M,,,92
201500038573,15,10,14,40,5,2,1,1,7,92044,M,,,92
201500038574,15,10,15,1500,1,2,2,1,3,92044,M,,,92
201500038575,15,10,20,1915,5,2,1,1,6,92044,M,,,92
201500038576,15,10,27,2330,5,2,1,1,6,92044,M,,,92
201500038577,15,10,30,1620,1,2,2,2,3,92044,M,,,92
201500038578,15,9,8,854,1,2,4,1,1,92044,M,,,92
201500038579,15,11,3,800,2,2,2,1,6,92044,M,,,92
201500038580,15,11,3,930,1,2,1,1,6,92044,M,,,92
201500038581,15,9,17,1630,1,2,2,1,3,92044,M,,,92
201500038582,15,11,5,1820,2,2,1,1,6,92044,M,,,92
201500038583,15,11,6,1200,1,2,2,1,6,92044,M,,,92
201500038584,15,11,7,1134,1,2,1,1,6,92044,M,,,92
201500038585,15,11,22,200,5,2,2,1,6,92044,M,,,92
201500038586,15,11,23,2030,5,2,2,1,3,92044,M,,,92
201500038587,15,11,24,1430,1,2,1,1,2,92044,M,,,92
201500038588,15,11,25,1925,2,2,2,2,3,92044,M,,,92
201500038589,15,11,27,1555,1,2,1,1,3,92044,M,,,92
201500038590,15,11,27,2050,5,2,1,2,1,92044,M,,,92
201500038591,15,12,4,150,5,2,2,1,6,92044,M,,,92
201500038592,15,12,23,845,1,2,1,2,7,92044,M,,,92
201500038593,15,12,16,1020,1,2,2,1,6,92044,M,,,92
201500038594,15,12,18,2147,5,2,1,1,6,92044,M,,,92
201500038595,15,12,19,600,5,2,2,1,1,92044,M,,,92
201500038596,15,12,22,1015,1,2,1,1,6,92044,M,,,92
201500038597,15,12,10,1935,5,2,2,1,6,92044,M,,,92
201500038598,15,4,5,920,1,2,7,1,6,92048,M,,,92
201500038599,15,9,21,815,1,2,3,1,6,92048,M,,,92
201500038600,15,9,24,45,5,2,1,1,6,92048,M,,,92
201500038601,15,11,10,1945,5,2,3,1,3,92048,M,,,92
201500038602,15,1,25,2200,5,2,2,1,3,92048,M,,,92
201500038603,15,11,17,1250,1,2,3,1,7,92048,M,,,92
201500038604,15,3,30,1830,5,2,1,2,3,92048,M,,,92
201500038605,15,3,11,2320,5,2,2,1,6,92048,M,,,92
201500038606,15,3,10,1400,1,2,6,1,3,92048,M,,,92
201500038607,15,3,17,855,1,2,1,1,6,92048,M,,,92
201500038608,15,3,31,2050,5,1,6,1,3,92048,M,,,92
201500038609,15,4,4,2350,5,2,1,2,6,92048,M,,,92
201500038610,15,4,15,1755,1,2,1,1,3,92048,M,,,92
201500038611,15,4,3,1400,1,2,2,2,3,92048,M,,,92
201500038612,15,5,4,1150,1,2,2,1,6,92048,M,,,92
201500038613,15,5,10,145,5,2,2,1,7,92048,M,,,92
201500038614,15,6,10,935,1,2,2,1,1,92048,M,,,92
201500038615,15,6,16,1655,1,2,2,1,3,92048,M,,,92
201500038616,15,6,18,1635,1,2,1,1,6,92048,M,,,92
201500038617,15,6,18,1635,1,2,1,1,6,92048,M,,,92
201500038618,15,6,22,1645,1,2,1,1,3,92048,M,,,92
201500038619,15,6,30,710,1,2,3,1,1,92048,M,,,92
201500038620,15,7,12,1510,1,2,1,1,1,92048,M,,,92
201500038621,15,7,16,734,2,2,7,1,6,92048,M,,,92
201500038622,15,7,17,1540,1,2,3,1,6,92048,M,,,92
201500038623,15,8,21,1400,1,2,3,1,6,92048,M,,,92
201500038624,15,7,17,1900,1,2,3,1,2,92048,M,,,92
201500038625,15,9,15,1838,1,2,3,1,3,92048,M,,,92
201500038626,15,9,22,1249,1,2,3,2,6,92048,M,,,92
201500038627,15,9,30,1630,1,2,7,1,2,92048,M,,,92
201500038628,15,9,30,1520,1,2,1,1,6,92048,M,,,92
201500038629,15,10,6,1155,1,2,1,1,6,92048,M,,,92
201500038630,15,10,6,1015,1,2,2,1,6,92048,M,,,92
201500038631,15,10,9,1015,1,2,2,1,6,92048,M,,,92
201500038632,15,10,15,1610,1,2,1,1,6,92048,M,,,92
201500038633,15,10,17,1515,1,2,1,1,6,92048,M,,,92
201500038634,15,10,21,2110,5,2,1,1,6,92048,M,,,92
201500038635,15,9,25,1510,1,2,2,1,7,92048,M,,,92
201500038636,15,10,22,2040,5,2,3,2,6,92048,M,,,92
201500038637,15,10,20,850,1,2,3,1,7,92048,M,,,92
201500038638,15,10,27,1120,1,2,1,1,2,92048,M,,,92
201500038639,15,11,4,1225,1,2,3,1,6,92048,M,,,92
201500038640,15,11,5,1800,5,2,3,1,6,92048,M,,,92
201500038641,15,11,10,1100,1,2,3,2,3,92048,M,,,92
201500038642,15,11,23,1610,1,2,2,1,3,92048,M,,,92
201500038643,15,11,25,2027,5,2,2,1,7,92048,M,,,92
201500038644,15,11,27,1800,1,2,1,1,6,92048,M,,,92
201500038645,15,12,2,1710,5,2,3,1,6,92048,M,,,92
201500038646,15,12,22,2100,5,2,2,1,3,92048,M,,,92
201500038647,15,12,28,1805,5,2,1,1,7,92048,M,,,92
201500038648,15,1,2,1600,1,2,1,1,2,92049,M,,,92
201500038649,15,1,12,745,2,2,1,1,1,92020,M,,,92
201500038650,15,1,16,2000,5,2,2,3,6,92020,M,,,92
201500038651,15,1,23,1435,1,2,2,1,3,92020,M,,,92
201500038652,15,1,29,1030,1,2,1,2,7,92020,M,,,92
201500038653,15,2,2,1820,5,2,1,8,3,92049,M,,,92
201500038654,15,2,12,800,1,2,1,1,2,92020,M,,,92
201500038655,15,2,12,1030,1,2,1,1,7,92020,M,,,92
201500038656,15,2,14,1830,2,2,1,1,6,92020,M,,,92
201500038657,15,2,15,1519,1,2,5,1,3,92049,M,,,92
201500038658,15,2,16,1520,1,2,1,1,7,92049,M,,,92
201500038659,15,2,20,1445,1,2,1,1,2,92020,M,,,92
201500038660,15,2,24,120,5,2,3,1,3,92020,M,,,92
201500038661,15,2,25,1230,1,2,3,2,6,92020,M,,,92
201500038662,15,2,28,1210,1,2,3,1,7,92049,M,,,92
201500038663,15,3,2,1050,1,2,1,1,6,92049,M,,,92
201500038664,15,3,6,2230,5,2,2,1,6,92020,M,,,92
201500038665,15,2,15,105,5,2,1,9,7,92049,M,,,92
201500038666,15,3,10,1750,1,2,1,1,6,92020,M,,,92
201500038667,15,3,12,900,1,2,1,1,7,92020,M,,,92
201500038668,15,3,15,205,5,2,2,2,3,92049,M,,,92
201500038669,15,3,19,1355,1,2,3,1,3,92049,M,,,92
201500038670,15,3,31,1715,1,2,2,6,3,92049,M,,,92
201500038671,15,4,1,945,1,2,1,1,6,92049,M,,,92
201500038672,15,4,1,1910,1,2,3,1,2,92020,M,,,92
201500038673,15,4,3,850,1,2,1,2,6,92049,M,,,92
201500038674,15,4,3,915,1,2,2,2,3,92020,M,,,92
201500038675,15,4,3,1745,1,2,1,9,2,92020,M,,,92
201500038676,15,4,9,1430,1,2,1,1,6,92020,M,,,92
201500038677,15,4,10,905,1,2,1,1,6,92020,M,,,92
201500038678,15,4,11,650,2,2,1,1,6,92049,M,,,92
201500038679,15,4,11,2000,1,2,1,1,6,92049,M,,,92
201500038680,15,4,13,1420,1,2,3,1,5,92020,M,,,92
201500038681,15,4,14,820,1,2,1,1,6,92049,M,,,92
201500038682,15,4,15,810,1,2,1,1,6,92020,M,,,92
201500038683,15,4,17,210,5,2,3,1,6,92020,M,,,92
201500038684,15,4,19,1350,1,2,2,1,3,92020,M,,,92
201500038685,15,4,20,1845,1,2,4,1,6,92049,M,,,92
201500038686,15,4,23,1810,1,2,1,1,6,92020,M,,,92
201500038687,15,4,30,2150,2,2,4,2,3,92020,M,,,92
201500038688,15,5,10,1905,1,2,2,1,3,92020,M,,,92
201500038689,15,5,7,1230,1,2,2,1,3,92049,M,,,92
201500038690,15,5,20,1900,1,2,1,1,6,92049,M,,,92
201500038691,15,5,26,1832,1,2,1,1,7,92049,M,,,92
201500038692,15,5,30,1920,1,2,2,1,6,92049,M,,,92
201500038693,15,6,2,850,1,2,3,1,3,92049,M,,,92
201500038694,15,6,4,2230,5,2,2,1,3,92049,M,,,92
201500038695,15,6,6,20,5,2,2,1,3,92049,M,,,92
201500038696,15,6,10,1300,1,2,3,1,1,92020,M,,,92
201500038697,15,6,10,1805,1,2,1,1,7,92020,M,,,92
201500038698,15,6,14,220,5,2,1,1,3,92049,M,,,92
201500038699,15,6,19,1820,1,2,1,1,2,92020,M,,,92
201500038700,15,6,19,2205,2,2,1,1,3,92020,M,,,92
201500038701,15,6,28,1207,1,2,2,1,5,92020,M,,,92
201500038702,15,6,30,805,1,2,3,1,6,92049,M,,,92
201500038703,15,7,3,10,5,2,3,1,3,92049,M,,,92
201500038704,15,7,7,1810,1,2,1,1,6,92020,M,,,92
201500038705,15,7,9,905,1,2,1,1,3,92049,M,,,92
201500038706,15,7,9,830,1,2,3,1,3,92049,M,,,92
201500038707,15,7,9,1900,1,2,2,1,2,92049,M,,,92
201500038708,15,7,9,1905,1,2,3,1,7,92049,M,,,92
201500038709,15,7,10,1003,1,2,3,1,2,92020,M,,,92
201500038710,15,7,13,1835,1,2,1,1,6,92049,M,,,92
201500038711,15,7,16,2340,5,2,3,1,3,92049,M,,,92
201500038712,15,7,22,944,1,2,1,1,7,92020,M,,,92
201500038713,15,7,28,1930,1,2,1,1,6,92020,M,,,92
201500038714,15,8,3,1350,1,2,2,1,3,92049,M,,,92
201500038715,15,8,4,1055,1,2,2,1,6,92049,M,,,92
201500038716,15,8,7,1750,1,2,1,1,6,92020,M,,,92
201500038717,15,8,13,2205,5,2,1,2,3,92020,M,,,92
201500038718,15,8,14,1535,1,2,3,1,3,92049,M,,,92
201500038719,15,8,16,1740,1,2,1,1,6,92049,M,,,92
201500038720,15,8,17,1540,1,2,3,8,2,92020,M,,,92
201500038721,15,8,20,1232,1,2,3,2,3,92049,M,,,92
201500038722,15,8,21,1145,1,2,1,1,3,92049,M,,,92
201500038723,15,8,24,1350,1,2,1,3,6,92020,M,,,92
201500038724,15,8,26,1144,1,2,3,1,2,92020,M,,,92
201500038725,15,9,3,1300,1,2,1,1,2,92020,M,,,92
201500038726,15,9,10,1715,1,2,3,1,3,92049,M,,,92
201500038727,15,9,10,1730,1,2,1,1,3,92049,M,,,92
201500038728,15,9,11,800,1,2,3,1,3,92049,M,,,92
201500038729,15,9,11,2330,5,2,1,1,1,92020,M,,,92
201500038730,15,9,12,1630,1,2,1,2,7,92020,M,,,92
201500038731,15,9,13,1400,1,2,2,2,3,92020,M,,,92
201500038732,15,9,15,1510,1,2,1,1,7,92049,M,,,92
201500038733,15,9,16,1450,1,2,2,2,3,92049,M,,,92
201500038734,15,9,17,2030,5,2,1,1,6,92049,M,,,92
201500038735,15,9,26,1235,1,2,1,1,6,92020,M,,,92
201500038736,15,9,30,1415,1,2,1,1,6,92020,M,,,92
201500038737,15,10,5,1350,1,2,3,3,6,92049,M,,,92
201500038738,15,10,5,1430,1,2,1,3,6,92049,M,,,92
201500038739,15,10,8,840,1,2,1,1,7,92020,M,,,92
201500038740,15,10,9,145,5,2,2,1,3,92049,M,,,92
201500038741,15,10,10,10,5,2,3,1,3,92020,M,,,92
201500038742,15,10,11,1810,1,2,1,1,6,92049,M,,,92
201500038743,15,10,12,943,1,2,2,1,6,92049,M,,,92
201500038744,15,10,19,1230,1,2,3,1,6,92020,M,,,92
201500038745,15,10,14,930,1,2,1,1,6,92049,M,,,92
201500038746,15,10,25,1145,1,2,3,1,6,92049,M,,,92
201500038747,15,10,27,850,1,2,2,1,6,92049,M,,,92
201500038748,15,10,30,2350,5,2,3,1,2,92049,M,,,92
201500038749,15,11,2,1230,1,2,3,1,3,92020,M,,,92
201500038750,15,11,3,1815,5,2,6,1,3,92049,M,,,92
201500038751,15,11,5,1545,1,2,1,1,6,92020,M,,,92
201500038752,15,11,11,1600,1,2,1,1,6,92020,M,,,92
201500038753,15,11,18,1301,1,2,2,1,3,92049,M,,,92
201500038754,15,11,19,1125,1,2,2,2,3,92049,M,,,92
201500038755,15,11,19,1200,1,2,2,2,6,92049,M,,,92
201500038756,15,11,19,1650,2,2,3,2,7,92020,M,,,92
201500038757,15,11,20,1845,2,2,1,2,6,92049,M,,,92
201500038758,15,11,21,215,5,2,1,1,7,92020,M,,,92
201500038759,15,11,29,610,2,2,1,1,6,92049,M,,,92
201500038760,15,12,1,845,1,2,1,1,7,92020,M,,,92
201500038761,15,12,2,845,1,2,1,1,7,92020,M,,,92
201500038762,15,12,2,1230,1,2,1,1,6,92049,M,,,92
201500038763,15,12,3,1808,5,2,2,1,3,92020,M,,,92
201500038764,15,12,5,315,5,2,1,1,6,92020,M,,,92
201500038765,15,12,9,900,1,2,1,1,3,92049,M,,,92
201500038766,15,12,10,1220,1,2,2,8,2,92049,M,,,92
201500038767,15,12,17,2150,5,2,1,1,6,92049,M,,,92
201500038768,15,12,18,2010,5,2,3,1,5,92020,M,,,92
201500038769,15,12,21,1805,5,2,1,1,3,92049,M,,,92
201500038770,15,12,26,1920,5,2,2,1,2,92049,M,,,92
201500038771,15,12,28,1840,5,2,1,1,6,92049,M,,,92
201500038772,15,12,29,1900,5,2,1,1,3,92020,M,,,92
201500038773,15,12,30,1710,2,2,7,1,6,92049,M,,,92
201500038774,15,12,31,950,1,2,1,1,7,92049,M,,,92
201500038775,15,12,31,2355,5,2,2,1,3,92020,M,,,92
201500038776,15,1,6,1540,1,1,1,1,3,92050,M,,,92
201500038777,15,1,7,715,5,2,1,5,7,92050,M,,,92
201500038778,15,1,8,730,5,2,1,2,6,92050,M,,,92
201500038779,15,1,8,1255,1,2,1,9,3,92050,M,,,92
201500038780,15,1,10,1050,1,2,1,9,6,92050,M,,,92
201500038781,15,1,11,1235,1,2,1,1,3,92050,M,,,92
201500038782,15,1,14,1220,1,2,1,8,6,92050,M,,,92
201500038783,15,1,19,1005,1,2,1,2,6,92050,M,,,92
201500038784,15,1,23,900,1,2,1,1,3,92050,M,,,92
201500038785,15,1,7,840,1,2,1,5,6,92050,M,,,92
201500038786,15,1,28,2005,5,2,1,2,6,92050,M,,,92
201500038787,15,1,29,2055,5,2,1,9,3,92050,M,,,92
201500038788,15,1,8,1205,1,2,1,2,3,92050,M,,,92
201500038789,15,2,5,1235,1,2,2,1,6,92050,M,,,92
201500038790,15,2,6,1450,1,2,3,8,3,92050,M,,,92
201500038791,15,2,20,1445,1,2,1,2,6,92050,M,,,92
201500038792,15,2,19,1625,1,2,1,9,2,92050,M,,,92
201500038793,15,2,24,1715,1,2,2,1,1,92050,M,,,92
201500038794,15,3,4,1920,5,2,1,9,3,92050,M,,,92
201500038795,15,3,4,2100,5,2,1,1,6,92050,M,,,92
201500038796,15,3,9,1740,1,2,1,1,3,92050,M,,,92
201500038797,15,3,13,500,5,2,1,9,3,92050,M,,,92
201500038798,15,3,15,1420,1,2,1,8,7,92050,M,,,92
201500038799,15,3,25,830,1,2,1,2,3,92050,M,,,92
201500038800,15,3,30,2055,2,2,1,1,6,92050,M,,,92
201500038801,15,4,2,1620,1,2,1,2,7,92050,M,,,92
201500038802,15,3,29,1940,5,2,1,2,4,92050,M,,,92
201500038803,15,4,5,1925,1,1,2,1,3,92050,M,,,92
201500038804,15,4,8,825,1,2,2,1,6,92050,M,,,92
201500038805,15,4,3,2100,5,2,2,2,1,92050,M,,,92
201500038806,15,4,14,2125,2,2,3,1,6,92050,M,,,92
201500038807,15,4,13,1425,1,2,1,1,1,92050,M,,,92
201500038808,15,4,14,910,1,2,1,1,2,92050,M,,,92
201500038809,15,4,15,1900,1,2,1,1,3,92050,M,,,92
201500038810,15,4,13,1840,1,2,1,9,6,92050,M,,,92
201500038811,15,4,21,1630,1,2,2,7,3,92050,M,,,92
201500038812,15,4,16,845,1,2,1,1,3,92050,M,,,92
201500038813,15,4,20,1740,1,2,9,1,6,92050,M,,,92
201500038814,15,4,21,945,1,2,1,1,6,92050,M,,,92
201500038815,15,4,23,1245,1,2,1,7,3,92050,M,,,92
201500038816,15,4,22,1140,1,2,1,9,2,92050,M,,,92
201500038817,15,4,24,1600,1,2,1,9,6,92050,M,,,92
201500038818,15,4,29,745,1,2,1,7,3,92050,M,,,92
201500038819,15,4,29,1520,1,2,1,9,6,92050,M,,,92
201500038820,15,4,30,1125,1,2,1,2,2,92050,M,,,92
201500038821,15,4,30,2145,3,1,1,2,1,92050,M,,,92
201500038822,15,5,13,1445,1,2,2,1,2,92050,M,,,92
201500038823,15,5,18,1705,1,2,3,9,3,92050,M,,,92