Num_Acc,an,mois,jour,hrmn,lum,agg,int,atm,col,com,gps,lat,long,dep
201500039259,15,9,1,1830,1,1,1,1,3,92047,M,,,92
201500039260,15,9,3,1410,1,2,1,1,2,92064,M,,,92
201500039261,15,9,8,1640,1,2,1,1,3,92064,M,,,92
201500039262,15,9,10,1030,1,2,1,1,6,92064,M,,,92
201500039263,15,9,12,1410,1,2,1,2,2,92064,M,,,92
201500039264,15,9,12,1500,1,2,1,8,6,92064,M,,,92
201500039265,15,9,30,955,1,2,1,1,6,92064,M,,,92
201500039266,15,9,30,2035,5,2,1,1,2,92064,M,,,92
201500039267,15,10,2,1545,1,2,2,1,2,92076,M,,,92
201500039268,15,10,2,1630,1,2,1,1,6,92064,M,,,92
201500039269,15,10,2,1815,1,2,1,1,6,92076,M,,,92
201500039270,15,10,5,2015,5,2,1,2,2,92064,M,,,92
201500039271,15,10,6,1820,1,2,9,1,6,92064,M,,,92
201500039272,15,10,7,1600,1,2,1,1,6,92064,M,,,92
201500039273,15,10,9,1530,1,2,1,1,7,92064,M,,,92
201500039274,15,10,11,1750,2,2,2,1,3,92064,M,,,92
201500039275,15,10,16,855,1,2,3,2,3,92064,M,,,92
201500039276,15,10,21,2015,5,2,1,2,7,92033,M,,,92
201500039277,15,10,22,2200,5,2,1,2,3,92076,M,,,92
201500039278,15,10,27,1830,2,2,1,1,6,92064,M,,,92
201500039279,15,10,28,1900,5,2,6,1,3,92064,M,,,92
201500039280,15,10,29,1930,5,2,1,1,4,92076,M,,,92
201500039281,15,10,30,915,1,2,1,1,6,92064,M,,,92
201500039282,15,11,4,1850,5,2,1,1,6,92064,M,,,92
201500039283,15,11,8,1705,5,2,1,1,5,92064,M,,,92
201500039284,15,11,10,950,1,2,1,1,1,92064,M,,,92
201500039285,15,11,10,1430,1,2,1,1,6,92064,M,,,92
201500039286,15,11,10,1800,5,2,1,1,2,92076,M,,,92
201500039287,15,11,15,1015,1,2,1,1,6,92064,M,,,92
201500039288,15,11,16,1340,1,1,1,1,3,92064,M,,,92
201500039289,15,11,18,830,1,2,1,1,3,92033,M,,,92
201500039290,15,11,19,1505,1,2,1,1,3,92033,M,,,92
201500039291,15,11,22,1140,1,2,1,1,6,92033,M,,,92
201500039292,15,11,23,735,5,2,1,1,6,92064,M,,,92
201500039293,15,11,23,1825,5,2,3,1,6,92033,M,,,92
201500039294,15,11,26,745,1,2,1,1,6,92033,M,,,92
201500039295,15,11,28,905,1,2,3,1,5,92076,M,,,92
201500039296,15,12,4,755,1,2,3,1,3,92047,M,,,92
201500039297,15,12,4,1505,1,2,1,1,6,92033,M,,,92
201500039298,15,12,8,1840,5,2,2,3,5,92064,M,,,92
201500039299,15,12,8,2030,5,2,2,2,3,92064,M,,,92
201500039300,15,12,14,825,1,2,3,1,2,92064,M,,,92
201500039301,15,12,14,1035,1,2,1,1,2,92064,M,,,92
201500039302,15,12,15,1635,1,2,1,1,7,92064,M,,,92
201500039303,15,12,16,1325,1,2,1,1,3,92076,M,,,92
201500039304,15,12,20,1510,1,2,1,1,3,92064,M,,,92
201500039305,15,12,20,2250,5,2,1,2,7,92076,M,,,92
201500039306,15,12,23,640,2,2,1,2,7,92076,M,,,92
201500039307,15,12,25,1750,5,2,1,1,5,92064,M,,,92
201500039308,15,12,27,545,5,2,1,1,6,92076,M,,,92
201500039309,15,12,30,1620,1,2,1,1,2,92022,M,,,92
201500039310,15,12,31,2,5,2,1,2,2,92072,M,,,92
201500039311,15,1,3,1330,1,2,1,2,6,92072,M,,,92
201500039312,15,1,10,1655,1,2,1,2,3,92022,M,,,92
201500039313,15,1,15,720,2,2,2,1,6,92022,M,,,92
201500039314,15,1,19,900,1,2,1,1,7,92072,M,,,92
201500039315,15,1,22,1245,1,2,1,1,6,92072,M,,,92
201500039316,15,1,26,1900,5,2,1,2,6,92077,M,,,92
201500039317,15,2,2,1805,5,2,1,1,2,92077,M,,,92
201500039318,15,2,4,1130,1,2,1,1,3,92072,M,,,92
201500039319,15,2,9,850,1,2,2,1,6,92022,M,,,92
201500039320,15,2,14,1835,2,2,1,2,6,92072,M,,,92
201500039321,15,3,2,800,2,2,1,1,7,92077,M,,,92
201500039322,15,3,2,1350,1,2,1,1,2,92072,M,,,92
201500039323,15,3,11,1230,1,2,1,1,6,92072,M,,,92
201500039324,15,3,14,10,5,2,1,1,6,92077,M,,,92
201500039325,15,3,22,415,5,2,1,8,7,92022,M,,,92
201500039326,15,3,24,2045,5,2,2,2,6,92077,M,,,92
201500039327,15,4,14,1740,1,2,2,1,3,92022,M,,,92
201500039328,15,4,16,1245,1,2,3,1,3,92072,M,,,92
201500039329,15,4,18,2155,1,2,1,1,6,92072,M,,,92
201500039330,15,4,21,1610,2,2,1,1,6,92072,M,,,92
201500039331,15,4,23,1150,1,2,1,1,6,92022,M,,,92
201500039332,15,5,4,1810,1,2,1,2,6,92072,M,,,92
201500039333,15,5,10,1030,1,2,3,1,3,92022,M,,,92
201500039334,15,5,5,1230,1,2,1,1,2,92072,M,,,92
201500039335,15,5,7,833,1,2,1,1,6,92072,M,,,92
201500039336,15,5,13,835,1,2,1,1,7,92072,M,,,92
201500039337,15,5,13,1320,1,2,1,1,6,92077,M,,,92
201500039338,15,5,12,1600,1,2,1,1,6,92077,M,,,92
201500039339,15,5,15,1300,1,2,1,1,6,92072,M,,,92
201500039340,15,5,28,915,1,2,1,1,6,92072,M,,,92
201500039341,15,6,7,1220,1,2,1,1,6,92077,M,,,92
201500039342,15,6,20,2230,5,2,1,1,7,92072,M,,,92
201500039343,15,6,25,1620,1,2,1,1,6,92072,M,,,92
201500039344,15,7,14,645,5,2,1,1,7,92072,M,,,92
201500039345,15,7,28,2100,1,2,1,2,7,92072,M,,,92
201500039346,15,8,26,900,1,2,1,1,3,92022,M,,,92
201500039347,15,8,28,1850,1,2,1,1,6,92072,M,,,92
201500039348,15,8,31,2040,5,2,1,1,6,92022,M,,,92
201500039349,15,9,4,1640,1,2,1,1,6,92072,M,,,92
201500039350,15,9,21,1110,1,2,1,1,6,92072,M,,,92
201500039351,15,9,21,2115,5,2,1,2,1,92072,M,,,92
201500039352,15,9,24,1910,5,2,1,1,3,92077,M,,,92
201500039353,15,10,1,1640,1,2,1,1,6,92022,M,,,92
201500039354,15,10,7,615,5,2,1,2,6,92072,M,,,92
201500039355,15,10,21,1600,1,2,3,1,3,92072,M,,,92
201500039356,15,11,1,1800,5,2,2,1,6,92077,M,,,92
201500039357,15,11,4,1130,1,2,1,2,6,92072,M,,,92
201500039358,15,11,9,2020,5,2,2,1,3,92077,M,,,92
201500039359,15,11,13,1700,1,2,1,1,6,92072,M,,,92
201500039360,15,11,24,1702,5,2,1,2,6,92077,M,,,92
201500039361,15,11,24,1910,5,2,1,2,3,92022,M,,,92
201500039362,15,12,8,1730,5,2,1,2,6,92072,M,,,92
201500039363,15,12,12,2050,5,2,2,1,3,92072,M,,,92
201500039364,15,12,17,10,5,2,2,1,3,92072,M,,,92
201500039365,15,12,23,740,5,2,1,2,3,92072,M,,,92
201500039366,15,1,18,2000,5,2,6,1,3,92073,M,,,92
201500039367,15,1,19,1220,1,2,4,1,6,92073,M,,,92
201500039368,15,1,24,1800,5,2,1,1,3,92073,M,,,92
201500039369,15,1,26,1820,5,2,2,2,7,92073,M,,,92
201500039370,15,1,27,815,2,2,1,1,3,92073,M,,,92
201500039371,15,1,27,850,1,2,3,1,7,92073,M,,,92
201500039372,15,1,27,1500,1,2,6,1,3,92073,M,,,92
201500039373,15,2,6,1635,1,2,1,1,7,92073,M,,,92
201500039374,15,2,9,950,1,2,3,1,6,92073,M,,,92
201500039375,15,2,13,1830,5,2,1,2,7,92073,M,,,92
201500039376,15,2,20,545,5,2,3,2,3,92073,M,,,92
201500039377,15,3,3,1705,1,2,3,2,3,92073,M,,,92
201500039378,15,3,12,1845,2,2,1,1,6,92073,M,,,92
201500039379,15,3,12,1930,5,2,2,1,3,92073,M,,,92
201500039380,15,3,18,1850,1,2,3,1,3,92073,M,,,92
201500039381,15,3,27,1924,2,2,3,1,3,92073,M,,,92
201500039382,15,3,29,1555,1,2,1,2,7,92073,M,,,92
201500039383,15,4,8,1540,1,2,1,1,6,92073,M,,,92
201500039384,15,4,8,1910,1,2,3,1,6,92073,M,,,92
201500039385,15,4,10,1540,1,2,1,1,7,92073,M,,,92
201500039386,15,4,17,1524,1,2,3,1,3,92073,M,,,92
201500039387,15,4,18,850,1,2,3,1,2,92073,M,,,92
201500039388,15,4,20,1940,1,2,1,1,3,92073,M,,,92
201500039389,15,4,23,1604,1,2,1,1,6,92073,M,,,92
201500039390,15,4,24,955,1,2,1,1,6,92073,M,,,92
201500039391,15,5,7,1410,1,2,3,1,3,92073,M,,,92
201500039392,15,5,11,1435,1,2,1,1,3,92073,M,,,92
201500039393,15,5,18,1445,1,2,3,1,1,92073,M,,,92
201500039394,15,5,19,1435,1,2,1,1,3,92073,M,,,92
201500039395,15,6,1,1930,1,2,3,1,3,92073,M,,,92
201500039396,15,6,4,2010,1,2,3,1,3,92073,M,,,92
201500039397,15,6,4,2010,1,2,3,1,6,92073,M,,,92
201500039398,15,6,5,1550,1,2,3,1,6,92073,M,,,92
201500039399,15,6,7,205,5,2,1,1,6,92073,M,,,92
201500039400,15,6,8,1800,1,2,1,1,4,92073,M,,,92
201500039401,15,6,9,825,1,2,3,1,1,92073,M,,,92
201500039402,15,6,10,1200,1,2,1,1,2,92073,M,,,92
201500039403,15,6,11,1920,1,2,3,1,3,92073,M,,,92
201500039404,15,6,17,1800,1,2,3,1,3,92073,M,,,92
201500039405,15,6,23,902,1,2,3,1,3,92073,M,,,92
201500039406,15,6,23,1740,1,2,1,1,5,92073,M,,,92
201500039407,15,6,29,1700,1,2,1,1,3,92073,M,,,92
201500039408,15,6,30,1930,1,2,6,1,2,92073,M,,,92
201500039409,15,7,2,1945,1,2,3,1,3,92073,M,,,92
201500039410,15,7,3,2042,1,2,1,1,3,92073,M,,,92
201500039411,15,7,5,2130,2,2,3,1,7,92073,M,,,92
201500039412,15,7,6,1027,1,2,1,1,4,92073,M,,,92
201500039413,15,7,7,835,1,2,1,1,3,92073,M,,,92
201500039414,15,7,15,1635,1,2,1,1,6,92073,M,,,92
201500039415,15,8,13,1930,1,2,3,2,6,92073,M,,,92
201500039416,15,8,16,2030,1,2,1,1,7,92073,M,,,92
201500039417,15,8,24,1545,1,2,1,1,3,92073,M,,,92
201500039418,15,9,5,120,5,2,3,1,4,92073,M,,,92
201500039419,15,9,5,1645,1,2,3,1,6,92073,M,,,92
201500039420,15,9,16,1805,1,2,3,2,6,92073,M,,,92
201500039421,15,9,19,1545,1,2,3,1,3,92073,M,,,92
201500039422,15,10,2,1840,1,2,3,1,6,92073,M,,,92
201500039423,15,10,6,1340,1,2,1,2,2,92073,M,,,92
201500039424,15,10,8,1000,1,2,1,1,6,92073,M,,,92
201500039425,15,10,16,910,1,2,1,3,7,92073,M,,,92
201500039426,15,10,18,1937,2,2,1,1,2,92073,M,,,92
201500039427,15,10,20,1625,1,2,1,1,3,92073,M,,,92
201500039428,15,10,21,845,1,2,3,1,6,92073,M,,,92
201500039429,15,10,22,1145,1,2,3,2,2,92073,M,,,92
201500039430,15,10,26,1710,2,2,3,1,6,92073,M,,,92
201500039431,15,10,29,1215,1,2,3,1,3,92073,M,,,92
201500039432,15,10,30,1855,3,2,3,1,6,92073,M,,,92
201500039433,15,11,11,1055,1,2,3,1,6,92073,M,,,92
201500039434,15,11,21,1055,1,2,2,1,3,92073,M,,,92
201500039435,15,11,25,1510,1,2,3,3,5,92073,M,,,92
201500039436,15,11,27,1940,5,2,2,2,3,92073,M,,,92
201500039437,15,12,1,1210,1,2,1,1,5,92073,M,,,92
201500039438,15,12,3,1730,2,2,2,1,3,92073,M,,,92
201500039439,15,12,9,1320,1,2,1,1,3,92073,M,,,92
201500039440,15,12,10,1015,1,2,2,8,7,92073,M,,,92
201500039441,15,12,10,1900,5,2,1,1,3,92073,M,,,92
201500039442,15,12,15,1400,1,2,2,2,3,92073,M,,,92
201500039443,15,12,28,1300,1,2,3,1,3,92073,M,,,92
201500039444,15,1,8,1900,5,2,1,2,7,92075,M,,,92
201500039445,15,1,17,1150,1,2,7,1,3,92046,M,,,92
201500039446,15,1,26,1535,1,2,2,1,7,92075,M,,,92
201500039447,15,1,29,1755,5,2,3,2,6,92046,M,,,92
201500039448,15,2,3,815,1,2,1,1,2,92075,M,,,92
201500039449,15,1,27,730,2,2,2,1,7,92046,M,,,92
201500039450,15,2,8,1130,1,2,1,1,6,92046,M,,,92
201500039451,15,2,11,1825,5,1,3,1,3,92046,M,,,92
201500039452,15,2,13,2000,5,2,1,2,3,92046,M,,,92
201500039453,15,2,25,1150,1,2,1,1,3,92075,M,,,92
201500039454,15,2,28,1350,1,2,4,1,2,92075,M,,,92
201500039455,15,3,4,845,1,2,1,1,3,92046,M,,,92
201500039456,15,3,4,1335,1,2,1,1,7,92046,M,,,92
201500039457,15,3,6,2200,5,2,1,1,6,92075,M,,,92
201500039458,15,3,11,1730,1,2,3,1,6,92075,M,,,92
201500039459,15,3,16,2150,5,2,1,1,3,92075,M,,,92
201500039460,15,3,30,1400,1,2,1,1,7,92046,M,,,92
201500039461,15,3,31,1700,1,2,1,1,6,92075,M,,,92
201500039462,15,4,1,1500,1,2,1,1,7,92075,M,,,92
201500039463,15,4,1,1655,1,2,6,1,3,92075,M,,,92
201500039464,15,3,31,1900,1,2,3,1,3,92046,M,,,92
201500039465,15,4,3,1530,1,2,5,3,6,92075,M,,,92
201500039466,15,4,2,2310,5,2,1,2,6,92046,M,,,92
201500039467,15,4,13,830,1,2,1,1,2,92075,M,,,92
201500039468,15,4,15,1830,1,2,1,1,2,92075,M,,,92
201500039469,15,4,23,1040,1,2,4,1,7,92046,M,,,92
201500039470,15,4,23,1830,2,2,3,1,2,92046,M,,,92
201500039471,15,4,30,1255,1,2,1,3,6,92075,M,,,92
201500039472,15,5,5,720,2,2,6,2,7,92075,M,,,92
201500039473,15,5,21,818,1,2,1,1,7,92046,M,,,92
201500039474,15,5,26,850,1,2,7,1,3,92075,M,,,92
201500039475,15,6,1,1030,1,2,3,1,7,92046,M,,,92
201500039476,15,6,1,840,1,2,3,1,7,92075,M,,,92
201500039477,15,6,7,1655,1,2,2,1,7,92046,M,,,92
201500039478,15,6,8,645,1,2,4,1,2,92075,M,,,92
201500039479,15,6,9,1920,1,1,3,1,3,92075,M,,,92
201500039480,15,6,14,2155,2,2,1,1,7,92046,M,,,92
201500039481,15,6,16,1930,1,2,6,1,7,92046,M,,,92
201500039482,15,6,23,1840,1,2,1,2,6,92075,M,,,92
201500039483,15,6,29,100,5,2,1,1,6,92075,M,,,92
201500039484,15,6,30,1610,1,2,2,1,2,92046,M,,,92
201500039485,15,7,6,1840,1,2,3,1,7,92046,M,,,92
201500039486,15,7,7,830,1,2,3,1,2,92046,M,,,92
201500039487,15,7,8,330,5,2,2,1,3,92046,M,,,92
201500039488,15,7,11,1950,1,2,3,1,7,92046,M,,,92
201500039489,15,7,17,2030,1,2,3,1,7,92075,M,,,92
201500039490,15,7,18,1215,1,2,2,1,7,92046,M,,,92
201500039491,15,8,10,1620,1,2,3,1,7,92046,M,,,92
201500039492,15,8,26,1435,1,2,1,1,7,92075,M,,,92
201500039493,15,9,13,1420,1,2,1,1,3,92046,M,,,92
201500039494,15,9,16,835,1,2,1,1,7,92046,M,,,92
201500039495,15,9,20,1925,1,2,3,1,3,92046,M,,,92
201500039496,15,9,21,1555,1,2,3,1,3,92046,M,,,92
201500039497,15,9,22,2030,5,2,6,2,7,92075,M,,,92
201500039498,15,9,25,1245,1,2,6,1,7,92075,M,,,92
201500039499,15,9,29,1730,1,2,3,1,3,92075,M,,,92
201500039500,15,10,2,1030,1,2,2,1,3,92046,M,,,92
201500039501,15,10,2,2120,5,2,1,1,7,92075,M,,,92
201500039502,15,10,9,2110,5,2,1,1,7,92046,M,,,92
201500039503,15,10,10,1130,1,2,3,1,3,92046,M,,,92
201500039504,15,10,14,1830,1,2,4,1,3,92075,M,,,92
201500039505,15,10,16,1300,1,2,1,1,7,92046,M,,,92
201500039506,15,10,16,1140,1,2,1,1,7,92075,M,,,92
201500039507,15,10,21,1850,2,2,3,1,3,92075,M,,,92
201500039508,15,10,25,2035,5,2,2,1,3,92046,M,,,92
201500039509,15,10,28,1405,1,1,1,1,7,92075,M,,,92
201500039510,15,10,28,1945,5,2,3,1,3,92046,M,,,92
201500039511,15,10,31,2115,5,2,1,1,3,92075,M,,,92
201500039512,15,11,2,1450,1,2,3,1,3,92046,M,,,92
201500039513,15,11,5,940,1,2,3,1,7,92046,M,,,92
201500039514,15,11,6,310,5,2,2,1,7,92046,M,,,92
201500039515,15,11,18,805,1,2,1,1,2,92075,M,,,92
201500039516,15,11,24,1400,1,2,6,1,2,92075,M,,,92
201500039517,15,11,25,1830,5,2,4,2,7,92046,M,,,92
201500039518,15,11,26,1155,1,2,2,1,1,92046,M,,,92
201500039519,15,12,1,1350,1,2,1,1,7,92075,M,,,92
201500039520,15,12,2,1550,1,2,1,1,6,92075,M,,,92
201500039521,15,12,10,1905,5,2,1,1,2,92046,M,,,92
201500039522,15,12,11,1745,5,2,1,1,2,92075,M,,,92
201500039523,15,12,18,1510,1,2,1,1,7,92046,M,,,92
201500039524,15,1,2,1640,1,2,1,1,2,92078,M,,,92
201500039525,15,1,4,1340,1,2,1,1,7,92078,M,,,92
201500039526,15,1,9,940,1,2,1,8,3,92078,M,,,92
201500039527,15,1,15,755,2,2,2,1,3,92078,M,,,92
201500039528,15,1,22,2005,5,2,1,1,6,92078,M,,,92
201500039529,15,2,2,1130,2,2,2,1,3,92078,M,,,92
201500039530,15,3,28,2330,5,2,1,1,6,92078,M,,,92
201500039531,15,4,14,1130,1,2,1,1,6,92078,M,,,92
201500039532,15,4,14,1645,1,2,1,1,6,92078,M,,,92
201500039533,15,4,26,2025,2,2,1,9,3,92078,M,,,92
201500039534,15,5,6,1435,1,2,2,1,3,92078,M,,,92
201500039535,15,5,14,1140,1,2,1,1,4,92078,M,,,92
201500039536,15,5,13,1215,1,2,1,1,6,92078,M,,,92
201500039537,15,6,1,1515,1,2,2,1,3,92078,M,,,92
201500039538,15,6,10,1735,1,2,1,1,6,92078,M,,,92
201500039539,15,7,8,1315,1,2,1,2,4,92078,M,,,92
201500039540,15,7,9,1135,1,2,1,1,7,92078,M,,,92
201500039541,15,7,9,1535,1,2,1,1,7,92078,M,,,92
201500039542,15,7,13,1740,1,2,1,1,4,92078,M,,,92
201500039543,15,7,18,230,5,2,1,1,3,92078,M,,,92
201500039544,15,7,18,1840,1,2,3,1,3,92078,M,,,92
201500039545,15,7,23,1005,1,2,1,1,3,92078,M,,,92
201500039546,15,8,15,1200,1,2,1,1,3,92078,M,,,92
201500039547,15,9,21,1840,1,2,1,1,3,92078,M,,,92
201500039548,15,10,2,1015,1,2,1,1,3,92078,M,,,92
201500039549,15,10,19,1431,1,2,6,1,3,92078,M,,,92
201500039550,15,10,31,1045,1,2,1,1,3,92078,M,,,92
201500039551,15,11,3,1525,1,2,1,1,6,92078,M,,,92
201500039552,15,12,8,1345,1,2,3,2,1,92078,M,,,92
201500039553,15,11,7,1940,3,2,1,1,2,92078,M,,,92
201500039554,15,12,16,1220,1,2,1,1,7,92078,M,,,92
201500039555,15,12,21,2310,5,2,3,2,1,92078,M,,,92
201500039556,15,12,27,1705,5,2,1,1,7,92078,M,,,92
201500039557,15,12,29,1400,1,2,1,1,6,92078,M,,,92
201500039558,15,1,21,2055,5,2,1,1,6,92062,M,,,92
201500039559,15,1,28,1830,5,2,1,2,6,92026,M,,,92
201500039560,15,2,19,1240,1,2,2,1,7,92026,M,,,92
201500039561,15,3,12,1830,1,2,1,1,3,92026,M,,,92
201500039562,15,4,7,1630,1,2,3,1,2,92062,M,,,92
201500039563,15,4,22,1500,1,2,1,1,7,92062,M,,,92
201500039564,15,4,24,130,5,2,2,1,3,92026,M,,,92
201500039565,15,5,20,1230,1,2,1,1,3,92026,M,,,92
201500039566,15,5,27,300,5,2,1,1,7,92026,M,,,92
201500039567,15,6,1,1310,1,2,1,1,7,92026,M,,,92
201500039568,15,7,2,850,1,2,1,1,4,92062,M,,,92
201500039569,15,7,15,2110,1,1,1,1,2,92062,M,,,92
201500039570,15,7,17,1935,1,2,1,1,3,92026,M,,,92
201500039571,15,8,5,2030,2,2,1,1,7,92062,M,,,92
201500039572,15,8,29,130,5,2,3,1,3,92026,M,,,92
201500039573,15,9,18,1800,1,2,1,1,7,92026,M,,,92
201500039574,15,9,24,2020,2,2,1,1,6,92062,M,,,92
201500039575,15,10,13,1220,1,2,3,1,3,92026,M,,,92
201500039576,15,10,13,1835,1,2,1,1,7,92062,M,,,92
201500039577,15,11,10,955,1,2,1,1,2,92026,M,,,92
201500039578,15,11,10,1530,1,2,1,1,7,92062,M,,,92
201500039579,15,11,18,710,2,2,2,1,5,92026,M,,,92
201500039580,15,12,29,1900,5,2,1,1,3,92062,M,,,92
201500039581,15,11,30,1900,2,2,1,1,3,92062,M,,,92
201500039582,15,12,5,1100,1,2,1,1,4,92026,M,,,92
201500039583,15,12,15,1940,2,2,1,3,3,92026,M,,,92
201500039584,15,12,29,655,2,2,1,2,6,92026,M,,,92
201500039585,15,1,14,1505,1,2,1,1,2,93001,M,,,93
201500039586,15,1,16,845,2,2,1,1,2,93001,M,,,93
201500039587,15,1,19,2050,5,2,2,1,6,93001,M,,,93
201500039588,15,1,14,210,5,2,3,2,6,93001,M,,,93
201500039589,15,1,22,1200,1,2,1,1,6,93001,M,,,93
201500039590,15,1,24,1930,5,2,3,1,6,93001,M,,,93
201500039591,15,1,25,1643,1,2,1,1,6,93001,M,,,93
201500039592,15,1,26,1430,1,2,1,2,2,93001,M,,,93
201500039593,15,1,30,1320,1,2,2,2,2,93001,M,,,93
201500039594,15,2,4,1420,1,2,1,1,6,93001,M,,,93
201500039595,15,2,7,1605,1,2,1,1,6,93001,M,,,93
201500039596,15,2,9,1648,1,2,1,1,2,93001,M,,,93
201500039597,15,2,10,1435,1,2,1,1,6,93001,M,,,93
201500039598,15,2,11,1010,1,2,1,1,3,93001,M,,,93
201500039599,15,2,12,1810,5,2,1,1,6,93001,M,,,93
201500039600,15,2,14,120,5,2,3,2,3,93001,M,,,93
201500039601,15,2,18,1120,1,2,1,1,6,93001,M,,,93
201500039602,15,2,19,2040,5,2,1,1,3,93001,M,,,93
201500039603,15,2,20,1020,1,2,1,2,6,93001,M,,,93
201500039604,15,2,20,1810,5,2,1,2,6,93001,M,,,93
201500039605,15,2,25,1115,1,2,1,1,2,93001,M,,,93
201500039606,15,3,1,1545,1,2,1,1,6,93001,M,,,93
201500039607,15,3,2,1500,1,2,3,7,2,93001,M,,,93
201500039608,15,2,25,1220,1,2,1,1,2,93001,M,,,93
201500039609,15,3,4,1250,1,2,1,1,6,93001,M,,,93
201500039610,15,3,10,945,1,2,1,1,2,93001,M,,,93
201500039611,15,3,13,1645,1,2,3,1,3,93001,M,,,93
201500039612,15,3,15,5,5,2,3,2,3,93001,M,,,93
201500039613,15,3,16,1120,1,2,1,1,6,93001,M,,,93
201500039614,15,3,18,1120,1,2,1,1,6,93001,M,,,93
201500039615,15,3,22,1635,1,2,1,1,2,93001,M,,,93
201500039616,15,3,23,815,1,2,1,1,3,93001,M,,,93
201500039617,15,3,30,1055,1,2,1,1,6,93001,M,,,93
201500039618,15,4,3,1430,1,2,1,2,2,93001,M,,,93
201500039619,15,4,3,1900,2,2,1,2,5,93001,M,,,93
201500039620,15,4,7,1825,1,2,1,1,6,93001,M,,,93
201500039621,15,4,8,1745,1,2,1,1,6,93001,M,,,93
201500039622,15,4,17,1800,1,1,9,1,6,93001,M,,,93
201500039623,15,4,20,1420,1,2,1,1,6,93001,M,,,93
201500039624,15,4,21,1500,1,2,1,1,6,93001,M,,,93
201500039625,15,4,22,1700,1,2,1,1,6,93001,M,,,93
201500039626,15,4,26,1910,1,2,3,2,3,93001,M,,,93
201500039627,15,4,28,1150,1,2,2,1,6,93001,M,,,93
201500039628,15,4,29,1150,1,2,1,1,2,93001,M,,,93
201500039629,15,4,30,1350,1,2,1,3,3,93001,M,,,93
201500039630,15,5,2,1115,1,2,3,2,3,93001,M,,,93
201500039631,15,5,9,920,1,2,1,1,6,93001,M,,,93
201500039632,15,5,18,1045,1,2,1,1,6,93001,M,,,93
201500039633,15,5,21,1715,1,2,1,1,6,93001,M,,,93
201500039634,15,6,5,1709,1,2,9,1,6,93001,M,,,93
201500039635,15,6,8,1830,1,2,1,1,5,93001,M,,,93
201500039636,15,6,10,1800,1,2,1,1,6,93001,M,,,93
201500039637,15,6,12,1645,1,2,1,1,6,93001,M,,,93
201500039638,15,6,12,1900,1,2,1,1,6,93001,M,,,93
201500039639,15,6,12,1900,1,2,1,1,3,93001,M,,,93
201500039640,15,6,13,2030,1,2,3,1,6,93001,M,,,93
201500039641,15,6,16,1840,1,2,1,1,6,93001,M,,,93
201500039642,15,6,17,800,1,2,1,1,3,93001,M,,,93
201500039643,15,6,17,1807,1,2,1,1,3,93001,M,,,93
201500039644,15,6,20,2100,2,2,3,1,6,93001,M,,,93
201500039645,15,6,21,930,1,2,2,1,3,93001,M,,,93
201500039646,15,6,23,1100,1,2,1,1,6,93001,M,,,93
201500039647,15,6,23,1945,1,2,3,1,3,93001,M,,,93
201500039648,15,6,24,930,1,2,1,1,4,93001,M,,,93
201500039649,15,6,29,1545,1,2,1,1,3,93001,M,,,93
201500039650,15,6,29,2050,1,2,1,1,3,93001,M,,,93
201500039651,15,7,1,1220,1,2,1,1,6,93001,M,,,93
201500039652,15,7,8,34,5,2,1,1,6,93001,M,,,93
201500039653,15,7,9,1028,1,2,1,1,4,93001,M,,,93
201500039654,15,7,9,1525,1,2,1,1,2,93001,M,,,93
201500039655,15,7,9,1915,1,2,1,1,2,93001,M,,,93
201500039656,15,7,11,955,1,2,1,1,6,93001,M,,,93
201500039657,15,7,11,1650,1,2,1,1,2,93001,M,,,93
201500039658,15,7,12,335,5,2,2,1,2,93001,M,,,93
201500039659,15,7,23,1730,1,2,3,1,3,93001,M,,,93
201500039660,15,7,29,105,5,2,1,1,6,93001,M,,,93
201500039661,15,7,29,2330,5,2,1,1,2,93001,M,,,93
201500039662,15,8,4,135,5,2,1,1,3,93001,M,,,93
201500039663,15,8,7,1055,1,2,1,1,6,93001,M,,,93
201500039664,15,8,10,1810,1,2,1,1,3,93001,M,,,93
201500039665,15,8,12,1340,1,2,1,1,2,93001,M,,,93
201500039666,15,8,13,1950,1,2,9,2,6,93001,M,,,93
201500039667,15,8,15,1310,1,2,1,1,3,93001,M,,,93
201500039668,15,8,19,235,5,2,2,1,3,93001,M,,,93
201500039669,15,8,20,1655,1,2,2,8,3,93001,M,,,93
201500039670,15,8,21,1400,1,2,2,1,3,93001,M,,,93
201500039671,15,8,22,2015,2,2,1,1,5,93001,M,,,93
201500039672,15,8,24,1400,1,2,1,2,1,93001,M,,,93
201500039673,15,8,25,1000,1,2,6,1,6,93001,M,,,93
201500039674,15,8,26,930,1,2,2,1,6,93001,M,,,93
201500039675,15,8,26,2100,5,2,3,2,3,93001,M,,,93
201500039676,15,8,28,1950,1,2,1,1,3,93001,M,,,93
201500039677,15,9,10,910,1,2,1,1,2,93001,M,,,93
201500039678,15,9,12,1845,1,2,1,2,6,93001,M,,,93
201500039679,15,9,13,1650,1,2,2,1,6,93001,M,,,93
201500039680,15,9,13,1835,1,2,1,1,6,93001,M,,,93
201500039681,15,9,14,1250,1,2,1,1,6,93001,M,,,93
201500039682,15,9,17,1035,1,2,1,1,6,93001,M,,,93
201500039683,15,9,21,40,5,2,1,1,5,93001,M,,,93
201500039684,15,9,30,1850,1,2,1,1,6,93001,M,,,93
201500039685,15,10,1,2015,5,2,1,1,6,93001,M,,,93
201500039686,15,10,2,1720,1,2,1,1,6,93001,M,,,93
201500039687,15,10,7,920,1,2,1,1,3,93001,M,,,93
201500039688,15,10,8,1155,1,2,1,1,3,93001,M,,,93
201500039689,15,10,9,1530,1,2,1,1,6,93001,M,,,93
201500039690,15,10,11,1140,1,2,1,1,3,93001,M,,,93
201500039691,15,10,13,1950,2,2,1,1,3,93001,M,,,93
201500039692,15,10,19,1800,2,2,5,1,6,93001,M,,,93