Num_Acc,an,mois,jour,hrmn,lum,agg,int,atm,col,com,gps,lat,long,dep
201500039693,15,10,20,1745,1,2,1,1,6,93001,M,,,93
201500039694,15,10,22,1030,1,2,1,8,2,93001,M,,,93
201500039695,15,10,23,1340,1,1,1,1,2,93001,M,,,93
201500039696,15,10,24,1305,1,2,9,1,6,93001,M,,,93
201500039697,15,10,24,1325,1,2,1,1,6,93001,M,,,93
201500039698,15,10,27,1130,1,2,1,1,6,93001,M,,,93
201500039699,15,10,30,1615,1,2,2,1,6,93001,M,,,93
201500039700,15,10,31,1340,1,2,1,1,6,93001,M,,,93
201500039701,15,11,7,1250,1,2,1,1,6,93001,M,,,93
201500039702,15,11,8,1410,1,2,2,1,6,93001,M,,,93
201500039703,15,11,8,1815,3,2,1,1,6,93001,M,,,93
201500039704,15,11,11,1850,5,2,1,1,6,93001,M,,,93
201500039705,15,11,20,815,1,2,1,3,6,93001,M,,,93
201500039706,15,11,22,1355,1,2,2,1,3,93001,M,,,93
201500039707,15,11,22,2325,5,2,1,1,3,93001,M,,,93
201500039708,15,11,26,1510,1,2,1,1,6,93001,M,,,93
201500039709,15,11,26,1805,5,2,2,1,6,93001,M,,,93
201500039710,15,11,29,528,5,2,9,2,2,93001,M,,,93
201500039711,15,12,3,1420,1,2,1,1,3,93001,M,,,93
201500039712,15,12,5,2250,5,2,1,1,6,93001,M,,,93
201500039713,15,12,9,1330,1,2,2,1,6,93001,M,,,93
201500039714,15,12,10,520,5,2,2,1,3,93001,M,,,93
201500039715,15,12,13,1220,1,2,1,1,6,93001,M,,,93
201500039716,15,12,13,2010,5,2,1,1,6,93001,M,,,93
201500039717,15,12,17,1145,1,2,3,1,3,93001,M,,,93
201500039718,15,12,18,1130,1,2,1,1,2,93001,M,,,93
201500039719,15,12,28,1245,1,2,6,1,3,93001,M,,,93
201500039720,15,1,9,1800,3,1,1,8,4,93005,M,,,93
201500039721,15,1,13,1415,1,2,1,2,1,93005,M,,,93
201500039722,15,1,20,1239,1,2,1,1,6,93005,M,,,93
201500039723,15,1,20,1900,5,2,8,1,6,93005,M,,,93
201500039724,15,2,4,840,1,1,1,4,7,93005,M,,,93
201500039725,15,2,5,1430,1,2,1,1,6,93005,M,,,93
201500039726,15,2,6,1515,1,2,1,1,3,93005,M,,,93
201500039727,15,2,6,1715,1,2,1,1,2,93005,M,,,93
201500039728,15,2,9,1310,1,2,1,1,1,93005,M,,,93
201500039729,15,2,11,2225,5,2,3,1,1,93005,M,,,93
201500039730,15,2,13,915,1,2,1,1,3,93005,M,,,93
201500039731,15,2,20,850,1,2,1,2,6,93005,M,,,93
201500039732,15,2,21,2145,5,2,1,1,3,93005,M,,,93
201500039733,15,2,24,750,1,2,1,1,6,93005,M,,,93
201500039734,15,2,24,2030,5,2,2,1,2,93005,M,,,93
201500039735,15,2,24,2030,5,2,1,1,6,93005,M,,,93
201500039736,15,2,27,115,3,2,9,2,6,93005,M,,,93
201500039737,15,3,4,1530,1,2,1,1,1,93005,M,,,93
201500039738,15,3,12,1110,1,2,3,1,6,93005,M,,,93
201500039739,15,3,16,1620,1,2,2,1,6,93005,M,,,93
201500039740,15,3,22,1235,1,2,1,1,4,93005,M,,,93
201500039741,15,3,23,30,5,2,1,1,3,93005,M,,,93
201500039742,15,3,23,1400,1,2,1,1,3,93005,M,,,93
201500039743,15,3,23,1910,2,2,9,1,6,93005,M,,,93
201500039744,15,3,24,2200,2,2,1,2,1,93005,M,,,93
201500039745,15,3,26,1150,1,2,1,2,6,93005,M,,,93
201500039746,15,3,27,620,1,2,1,1,6,93005,M,,,93
201500039747,15,3,27,1620,1,2,1,1,2,93005,M,,,93
201500039748,15,3,28,1430,1,2,1,1,6,93005,M,,,93
201500039749,15,3,29,1920,2,1,1,2,2,93005,M,,,93
201500039750,15,3,30,1625,1,2,1,1,6,93005,M,,,93
201500039751,15,4,2,1220,1,2,9,2,3,93005,M,,,93
201500039752,15,4,11,917,1,2,1,1,6,93005,M,,,93
201500039753,15,4,13,1500,1,2,1,1,5,93005,M,,,93
201500039754,15,4,14,2045,2,2,1,1,6,93005,M,,,93
201500039755,15,4,15,900,1,2,3,1,3,93005,M,,,93
201500039756,15,4,27,1540,1,2,1,1,6,93005,M,,,93
201500039757,15,4,28,1940,1,2,1,1,2,93005,M,,,93
201500039758,15,4,28,2217,5,2,4,1,6,93005,M,,,93
201500039759,15,7,28,1710,1,2,1,1,6,93071,M,,,93
201500039760,15,4,30,1000,1,2,2,2,3,93005,M,,,93
201500039761,15,5,2,1730,1,2,1,2,3,93005,M,,,93
201500039762,15,5,4,850,1,2,1,1,6,93005,M,,,93
201500039763,15,5,4,1400,1,2,1,1,3,93005,M,,,93
201500039764,15,5,5,800,1,2,2,2,6,93005,M,,,93
201500039765,15,5,8,1030,1,2,9,1,5,93005,M,,,93
201500039766,15,5,9,1200,1,2,9,1,1,93005,M,,,93
201500039767,15,5,13,10,5,2,2,1,6,93005,M,,,93
201500039768,15,5,13,2345,5,2,1,2,6,93005,M,,,93
201500039769,15,5,14,2300,5,2,1,2,6,93005,M,,,93
201500039770,15,5,16,950,1,2,1,1,2,93005,M,,,93
201500039771,15,5,17,150,5,2,1,1,5,93005,M,,,93
201500039772,15,5,17,2135,5,2,1,1,3,93005,M,,,93
201500039773,15,5,24,1543,1,2,3,1,6,93005,M,,,93
201500039774,15,5,25,2140,5,2,3,1,3,93005,M,,,93
201500039775,15,5,26,1158,1,2,1,1,2,93005,M,,,93
201500039776,15,5,30,1725,1,2,1,1,6,93005,M,,,93
201500039777,15,5,31,1610,1,2,3,2,6,93005,M,,,93
201500039778,15,12,4,1709,2,2,2,1,3,93071,M,,,93
201500039779,15,6,1,1149,1,2,1,1,6,93005,M,,,93
201500039780,15,6,2,1320,1,2,1,1,3,93005,M,,,93
201500039781,15,6,9,1715,1,1,1,1,6,93005,M,,,93
201500039782,15,6,9,1905,1,2,1,1,6,93005,M,,,93
201500039783,15,6,13,2000,1,2,1,1,6,93005,M,,,93
201500039784,15,12,15,940,1,2,1,1,2,93071,M,,,93
201500039785,15,6,15,1135,1,2,1,1,3,93005,M,,,93
201500039786,15,6,15,1701,1,2,1,1,6,93005,M,,,93
201500039787,15,6,17,1430,1,1,1,1,6,93005,M,,,93
201500039788,15,6,18,1510,1,2,1,1,3,93005,M,,,93
201500039789,15,6,19,1700,1,2,1,1,6,93005,M,,,93
201500039790,15,6,26,2006,1,2,1,1,6,93005,M,,,93
201500039791,15,6,28,1520,1,2,1,1,6,93005,M,,,93
201500039792,15,6,30,200,3,1,1,1,7,93005,M,,,93
201500039793,15,6,30,1600,1,2,1,1,2,93005,M,,,93
201500039794,15,7,1,830,1,2,1,1,6,93005,M,,,93
201500039795,15,7,1,1630,1,2,2,1,3,93005,M,,,93
201500039796,15,7,7,1916,1,2,1,1,3,93005,M,,,93
201500039797,15,7,9,1139,1,2,2,1,3,93005,M,,,93
201500039798,15,7,12,1900,1,2,1,1,6,93005,M,,,93
201500039799,15,7,13,1420,1,2,2,1,3,93005,M,,,93
201500039800,15,7,15,1710,1,2,4,1,6,93005,M,,,93
201500039801,15,7,17,2000,1,2,1,1,5,93005,M,,,93
201500039802,15,7,23,2220,5,2,2,1,3,93005,M,,,93
201500039803,15,7,25,2125,2,2,2,1,3,93005,M,,,93
201500039804,15,7,26,240,5,2,9,1,3,93005,M,,,93
201500039805,15,7,27,1900,1,2,1,1,2,93005,M,,,93
201500039806,15,7,29,1700,1,2,2,1,3,93005,M,,,93
201500039807,15,7,29,1345,1,2,1,1,6,93005,M,,,93
201500039808,15,7,30,2045,1,2,1,1,3,93005,M,,,93
201500039809,15,8,9,1515,1,2,1,1,6,93005,M,,,93
201500039810,15,8,18,1755,1,2,1,1,2,93005,M,,,93
201500039811,15,8,20,1155,1,2,6,2,3,93005,M,,,93
201500039812,15,8,22,735,1,2,1,1,6,93005,M,,,93
201500039813,15,8,24,835,1,2,1,2,6,93005,M,,,93
201500039814,15,8,27,1200,1,2,1,2,3,93005,M,,,93
201500039815,15,8,28,1520,1,2,1,1,6,93005,M,,,93
201500039816,15,8,28,1630,1,2,1,1,2,93005,M,,,93
201500039817,15,9,8,820,1,2,1,1,6,93005,M,,,93
201500039818,15,9,8,1950,1,2,1,1,6,93005,M,,,93
201500039819,15,9,9,2235,5,2,3,1,3,93005,M,,,93
201500039820,15,9,10,1520,1,1,6,1,3,93005,M,,,93
201500039821,15,9,12,1950,5,2,1,2,3,93005,M,,,93
201500039822,15,9,13,1345,1,2,1,3,4,93005,M,,,93
201500039823,15,9,18,2050,5,2,1,2,2,93005,M,,,93
201500039824,15,9,18,1955,5,2,1,2,1,93005,M,,,93
201500039825,15,9,23,520,5,2,6,2,7,93005,M,,,93
201500039826,15,9,23,1000,1,2,1,1,3,93005,M,,,93
201500039827,15,9,25,820,1,2,1,1,3,93005,M,,,93
201500039828,15,9,27,1820,1,1,1,1,4,93005,M,,,93
201500039829,15,9,29,1615,1,2,3,1,3,93005,M,,,93
201500039830,15,9,30,1205,1,2,1,1,2,93005,M,,,93
201500039831,15,10,1,1800,1,2,3,1,7,93005,M,,,93
201500039832,15,10,2,1425,1,2,1,1,6,93005,M,,,93
201500039833,15,10,4,800,1,2,3,1,3,93005,M,,,93
201500039834,15,10,2,940,1,1,1,1,2,93005,M,,,93
201500039835,15,10,5,1800,2,2,1,3,6,93005,M,,,93
201500039836,15,10,6,750,2,2,1,3,2,93005,M,,,93
201500039837,15,10,7,1800,1,2,1,1,2,93005,M,,,93
201500039838,15,10,7,1932,5,2,2,2,3,93005,M,,,93
201500039839,15,10,10,950,1,2,2,1,3,93005,M,,,93
201500039840,15,10,12,1615,1,2,1,1,6,93005,M,,,93
201500039841,15,10,13,1810,1,2,1,1,6,93005,M,,,93
201500039842,15,10,14,945,1,2,1,1,6,93005,M,,,93
201500039843,15,10,14,1300,1,2,1,1,1,93005,M,,,93
201500039844,15,10,15,1500,1,2,1,1,3,93005,M,,,93
201500039845,15,10,20,1110,1,2,1,1,6,93005,M,,,93
201500039846,15,10,22,1050,1,2,1,2,1,93005,M,,,93
201500039847,15,10,25,1716,1,2,1,1,6,93005,M,,,93
201500039848,15,10,26,2040,5,2,2,1,3,93005,M,,,93
201500039849,15,10,27,1230,1,2,1,1,3,93005,M,,,93
201500039850,15,10,28,1720,2,2,1,1,6,93005,M,,,93
201500039851,15,10,28,2230,5,2,1,1,6,93005,M,,,93
201500039852,15,10,31,1155,1,2,2,1,3,93005,M,,,93
201500039853,15,11,2,1810,5,2,1,1,1,93005,M,,,93
201500039854,15,11,5,2125,5,2,1,2,2,93005,M,,,93
201500039855,15,11,11,1800,5,1,1,1,6,93005,M,,,93
201500039856,15,11,12,1815,5,2,1,1,6,93005,M,,,93
201500039857,15,11,15,1515,1,2,1,1,7,93005,M,,,93
201500039858,15,11,16,1558,1,2,1,1,6,93005,M,,,93
201500039859,15,11,25,900,1,2,1,2,3,93005,M,,,93
201500039860,15,11,25,1115,1,2,1,2,2,93005,M,,,93
201500039861,15,12,4,1110,1,2,1,1,1,93005,M,,,93
201500039862,15,12,4,1455,1,2,1,1,7,93005,M,,,93
201500039863,15,12,4,1930,5,2,1,1,3,93005,M,,,93
201500039864,15,12,5,2000,5,2,1,1,3,93005,M,,,93
201500039865,15,12,6,1110,1,2,1,1,6,93005,M,,,93
201500039866,15,12,6,1937,5,2,1,1,2,93005,M,,,93
201500039867,15,12,7,1830,5,2,2,1,3,93005,M,,,93
201500039868,15,12,8,800,2,2,1,1,6,93005,M,,,93
201500039869,15,12,8,1510,1,2,1,2,6,93005,M,,,93
201500039870,15,12,17,1700,2,2,1,1,3,93005,M,,,93
201500039871,15,12,31,2000,5,2,1,1,6,93005,M,,,93
201500039872,15,1,10,1753,5,2,1,2,6,93007,M,,,93
201500039873,15,1,16,1640,1,2,1,1,3,93007,M,,,93
201500039874,15,1,30,1915,5,2,1,1,3,93007,M,,,93
201500039875,15,1,31,700,5,2,1,1,7,93007,M,,,93
201500039876,15,1,23,2055,5,2,1,3,6,93007,M,,,93
201500039877,15,2,5,850,1,2,1,1,6,93007,M,,,93
201500039878,15,2,6,1520,1,2,1,1,6,93007,M,,,93
201500039879,15,2,6,1655,1,2,3,1,3,93007,M,,,93
201500039880,15,2,9,1440,1,2,6,1,7,93007,M,,,93
201500039881,15,2,9,2110,5,2,1,1,6,93007,M,,,93
201500039882,15,2,11,1210,1,2,2,1,6,93007,M,,,93
201500039883,15,2,11,1450,1,2,1,1,7,93007,M,,,93
201500039884,15,2,15,1700,1,2,1,1,3,93007,M,,,93
201500039885,15,2,27,1425,1,2,1,1,2,93007,M,,,93
201500039886,15,3,3,1330,1,2,3,1,3,93007,M,,,93
201500039887,15,3,3,1755,2,2,1,2,6,93007,M,,,93
201500039888,15,3,2,1720,1,2,1,1,3,93007,M,,,93
201500039889,15,3,10,800,1,2,1,1,6,93007,M,,,93
201500039890,15,3,10,745,1,2,1,1,6,93007,M,,,93
201500039891,15,3,18,1000,1,2,3,1,3,93007,M,,,93
201500039892,15,3,23,2100,3,2,1,1,3,93007,M,,,93
201500039893,15,3,29,1836,1,2,3,2,3,93007,M,,,93
201500039894,15,4,10,810,1,2,1,1,6,93007,M,,,93
201500039895,15,4,10,1930,1,2,1,1,3,93007,M,,,93
201500039896,15,4,12,140,5,2,1,1,6,93007,M,,,93
201500039897,15,4,13,1450,1,2,6,1,3,93007,M,,,93
201500039898,15,4,15,1350,1,2,2,1,3,93007,M,,,93
201500039899,15,4,22,1534,1,2,3,1,6,93007,M,,,93
201500039900,15,4,22,1847,1,2,6,1,1,93007,M,,,93
201500039901,15,4,27,1010,1,2,1,1,6,93007,M,,,93
201500039902,15,5,2,1920,1,2,1,2,6,93007,M,,,93
201500039903,15,5,6,1600,1,2,1,1,6,93007,M,,,93
201500039904,15,5,15,1015,1,2,1,1,7,93007,M,,,93
201500039905,15,5,21,1645,1,2,1,1,6,93007,M,,,93
201500039906,15,5,22,1608,1,2,1,1,6,93007,M,,,93
201500039907,15,5,26,830,1,2,3,1,3,93007,M,,,93
201500039908,15,5,27,20,5,2,1,1,3,93007,M,,,93
201500039909,15,6,2,1545,1,2,1,1,2,93007,M,,,93
201500039910,15,6,3,1720,1,2,1,1,7,93007,M,,,93
201500039911,15,6,6,1600,1,2,1,1,2,93007,M,,,93
201500039912,15,6,8,745,1,2,3,1,6,93007,M,,,93
201500039913,15,6,8,900,1,2,6,1,3,93007,M,,,93
201500039914,15,6,9,2240,5,2,1,1,3,93007,M,,,93
201500039915,15,6,10,1900,1,2,1,1,2,93007,M,,,93
201500039916,15,6,14,950,1,2,3,1,3,93007,M,,,93
201500039917,15,6,16,1120,1,2,1,1,2,93007,M,,,93
201500039918,15,6,20,2350,5,2,3,1,3,93007,M,,,93
201500039919,15,6,21,2230,5,2,1,1,3,93007,M,,,93
201500039920,15,6,21,2308,5,2,1,1,6,93007,M,,,93
201500039921,15,6,24,1815,1,2,3,1,6,93007,M,,,93
201500039922,15,6,25,200,5,2,1,1,1,93007,M,,,93
201500039923,15,6,28,1800,1,2,1,1,6,93007,M,,,93
201500039924,15,7,3,1640,1,2,1,1,7,93007,M,,,93
201500039925,15,7,9,2330,5,2,6,1,1,93007,M,,,93
201500039926,15,7,10,1100,1,2,1,1,6,93007,M,,,93
201500039927,15,7,25,1,5,2,2,1,3,93007,M,,,93
201500039928,15,7,24,2005,1,2,1,1,2,93007,M,,,93
201500039929,15,8,2,1730,1,2,1,1,4,93007,M,,,93
201500039930,15,8,2,2040,1,2,4,1,7,93007,M,,,93
201500039931,15,8,5,1045,1,2,1,1,6,93007,M,,,93
201500039932,15,8,6,1930,1,2,2,1,3,93007,M,,,93
201500039933,15,8,24,1710,1,2,1,8,6,93007,M,,,93
201500039934,15,8,28,1300,1,2,9,1,6,93007,M,,,93
201500039935,15,9,7,1440,1,2,1,1,6,93007,M,,,93
201500039936,15,9,8,525,5,2,1,1,6,93007,M,,,93
201500039937,15,9,10,2240,5,2,1,1,6,93007,M,,,93
201500039938,15,9,18,1720,1,2,1,1,7,93007,M,,,93
201500039939,15,9,18,2115,5,2,1,2,6,93007,M,,,93
201500039940,15,9,21,1030,1,2,1,1,4,93007,M,,,93
201500039941,15,9,21,1420,1,2,3,1,1,93007,M,,,93
201500039942,15,9,22,615,5,2,6,2,3,93007,M,,,93
201500039943,15,9,23,855,1,2,1,1,6,93007,M,,,93
201500039944,15,9,24,915,1,2,2,1,1,93007,M,,,93
201500039945,15,10,5,1530,1,2,1,3,3,93007,M,,,93
201500039946,15,10,14,2000,5,2,2,2,6,93007,M,,,93
201500039947,15,10,15,2105,5,2,2,2,3,93007,M,,,93
201500039948,15,10,18,2135,4,1,1,1,4,93007,M,,,93
201500039949,15,10,20,2110,5,2,1,1,6,93007,M,,,93
201500039950,15,10,25,1915,5,2,1,1,6,93007,M,,,93
201500039951,15,10,26,1720,1,2,1,1,2,93007,M,,,93
201500039952,15,11,6,800,1,2,1,1,6,93007,M,,,93
201500039953,15,11,6,1720,2,2,6,2,3,93007,M,,,93
201500039954,15,11,22,1545,1,2,2,1,3,93007,M,,,93
201500039955,15,12,12,1800,5,2,2,2,6,93007,M,,,93
201500039956,15,12,19,1050,1,2,1,1,6,93007,M,,,93
201500039957,15,12,19,2340,5,2,1,1,3,93007,M,,,93
201500039958,15,12,22,1210,1,2,3,1,2,93007,M,,,93
201500039959,15,12,27,1820,4,2,1,1,6,93007,M,,,93
201500039960,15,12,28,2345,5,2,3,1,3,93007,M,,,93
201500039961,15,1,3,515,5,2,1,5,6,93008,M,,,93
201500039962,15,1,7,820,1,2,1,1,6,93008,M,,,93
201500039963,15,1,7,955,1,2,1,5,6,93008,M,,,93
201500039964,15,1,10,1810,3,1,2,2,2,93008,M,,,93
201500039965,15,1,12,855,1,2,9,1,6,93008,M,,,93
201500039966,15,1,17,2130,5,2,1,1,4,93008,M,,,93
201500039967,15,1,26,645,5,2,6,2,6,93008,M,,,93
201500039968,15,1,30,720,5,2,1,1,6,93008,M,,,93
201500039969,15,2,4,1345,1,2,1,1,2,93008,M,,,93
201500039970,15,2,8,240,5,2,1,2,4,93008,M,,,93
201500039971,15,2,8,2000,4,1,1,1,6,93008,M,,,93
201500039972,15,2,9,630,5,2,1,1,6,93008,M,,,93
201500039973,15,2,9,845,1,2,1,1,6,93008,M,,,93
201500039974,15,2,12,1050,1,2,1,1,2,93008,M,,,93
201500039975,15,2,15,2305,5,2,3,1,2,93008,M,,,93
201500039976,15,2,16,725,2,2,3,1,3,93008,M,,,93
201500039977,15,2,20,1505,1,2,3,2,3,93008,M,,,93
201500039978,15,2,21,2324,5,2,1,1,6,93008,M,,,93
201500039979,15,2,22,1000,1,2,9,1,3,93008,M,,,93
201500039980,15,3,2,1752,1,2,2,1,1,93008,M,,,93
201500039981,15,3,6,1940,5,2,2,1,3,93008,M,,,93
201500039982,15,3,14,2240,5,2,2,1,3,93008,M,,,93
201500039983,15,3,19,1945,1,2,3,1,1,93008,M,,,93
201500039984,15,3,20,1350,1,2,3,1,3,93008,M,,,93
201500039985,15,3,27,416,5,2,1,1,1,93008,M,,,93
201500039986,15,3,29,755,1,2,1,2,6,93008,M,,,93
201500039987,15,4,1,1927,1,2,1,8,6,93008,M,,,93
201500039988,15,4,4,1526,1,2,1,1,6,93008,M,,,93
201500039989,15,4,15,1320,1,2,9,1,6,93008,M,,,93
201500039990,15,5,1,2215,5,2,2,2,3,93008,M,,,93
201500039991,15,5,10,2008,1,2,2,1,3,93008,M,,,93
201500039992,15,5,10,2340,5,2,1,1,6,93008,M,,,93
201500039993,15,5,11,1350,1,2,1,1,1,93008,M,,,93
201500039994,15,5,18,1420,1,2,3,1,6,93008,M,,,93
201500039995,15,5,22,1410,1,2,1,1,6,93008,M,,,93
201500039996,15,5,31,1430,1,2,2,2,3,93008,M,,,93
201500039997,15,6,2,1045,1,2,1,1,5,93008,M,,,93
201500039998,15,6,10,1303,1,2,1,1,6,93008,M,,,93
201500039999,15,6,14,1030,1,2,1,1,5,93008,M,,,93
201500040000,15,6,14,1440,1,2,1,1,6,93008,M,,,93
201500040001,15,6,19,740,1,2,2,1,3,93008,M,,,93
201500040002,15,6,22,530,1,2,1,1,6,93008,M,,,93
201500040003,15,6,30,1935,1,2,1,1,3,93008,M,,,93
201500040004,15,7,1,1805,1,2,1,1,6,93008,M,,,93
201500040005,15,7,3,615,1,2,1,1,6,93008,M,,,93
201500040006,15,7,9,1650,1,2,1,1,6,93008,M,,,93
201500040007,15,7,9,2352,5,2,1,1,6,93008,M,,,93
201500040008,15,7,10,845,1,2,1,1,6,93008,M,,,93
201500040009,15,7,15,1308,1,2,1,1,3,93008,M,,,93
201500040010,15,7,16,10,5,2,1,9,4,93008,M,,,93
201500040011,15,8,3,1425,1,2,1,1,6,93008,M,,,93
201500040012,15,8,3,2015,1,2,1,1,6,93008,M,,,93
201500040013,15,8,3,2100,2,2,3,1,3,93008,M,,,93
201500040014,15,12,4,1750,5,2,1,1,2,93008,M,,,93
201500040015,15,12,6,200,2,2,2,1,6,93008,M,,,93
201500040016,15,12,12,1355,1,2,1,2,6,93008,M,,,93
201500040017,15,12,14,1440,1,2,1,1,6,93008,M,,,93
201500040018,15,12,14,1820,3,2,1,1,2,93008,M,,,93
201500040019,15,12,18,1705,5,2,1,1,6,93008,M,,,93
201500040020,15,7,19,1730,1,2,1,1,3,93008,M,,,93
201500040021,15,12,19,1230,1,1,1,1,2,93008,M,,,93
201500040022,15,12,21,1820,5,2,8,2,6,93008,M,,,93
201500040023,15,12,28,2045,5,2,9,1,6,93008,M,,,93
201500040024,15,8,6,2110,1,2,1,1,6,93008,M,,,93
201500040025,15,12,29,1055,1,2,2,2,3,93008,M,,,93
201500040026,15,8,9,2300,5,2,9,1,6,93008,M,,,93
201500040027,15,12,29,1450,1,2,1,1,3,93008,M,,,93
201500040028,15,8,10,1816,1,2,1,1,3,93008,M,,,93
201500040029,15,8,13,215,5,2,1,1,6,93008,M,,,93
201500040030,15,8,16,140,5,1,1,1,2,93008,M,,,93
201500040031,15,8,16,40,3,2,1,1,6,93008,M,,,93
201500040032,15,8,24,1210,1,2,1,3,5,93008,M,,,93
201500040033,15,8,24,1210,1,2,1,3,4,93008,M,,,93
201500040034,15,8,26,1125,1,2,1,1,3,93008,M,,,93
201500040035,15,8,27,1700,1,2,1,2,2,93008,M,,,93
201500040036,15,9,2,920,1,2,1,1,3,93008,M,,,93
201500040037,15,9,2,1725,1,2,9,1,6,93008,M,,,93
201500040038,15,9,8,700,1,2,3,1,6,93008,M,,,93
201500040039,15,9,12,1510,1,2,6,3,2,93008,M,,,93
201500040040,15,9,14,1405,1,2,1,1,2,93008,M,,,93
201500040041,15,9,17,1620,1,2,1,1,6,93008,M,,,93
201500040042,15,9,20,530,3,2,1,1,6,93008,M,,,93
201500040043,15,9,21,1835,1,2,1,1,7,93008,M,,,93
201500040044,15,10,3,1330,1,2,1,1,6,93008,M,,,93
201500040045,15,10,6,2107,5,2,1,1,3,93008,M,,,93
201500040046,15,10,7,1730,1,2,1,1,1,93008,M,,,93
201500040047,15,10,14,2030,5,2,3,2,2,93008,M,,,93
201500040048,15,10,22,425,5,2,1,2,7,93008,M,,,93
201500040049,15,10,22,455,5,2,6,2,3,93008,M,,,93
201500040050,15,10,24,2315,5,2,1,1,6,93008,M,,,93
201500040051,15,10,27,2320,5,2,1,2,6,93008,M,,,93
201500040052,15,11,3,1140,1,2,1,2,6,93008,M,,,93
201500040053,15,11,3,1630,1,2,1,1,6,93008,M,,,93
201500040054,15,11,3,1845,3,2,1,1,6,93008,M,,,93
201500040055,15,11,6,845,1,2,1,1,6,93008,M,,,93
201500040056,15,11,7,1210,1,1,1,1,3,93008,M,,,93
201500040057,15,11,30,1400,1,2,1,1,3,93008,M,,,93
201500040058,15,10,26,1830,5,2,1,1,3,93008,M,,,93
201500040059,15,11,12,2330,4,2,1,1,6,93008,M,,,93
201500040060,15,11,13,1230,1,2,9,1,3,93008,M,,,93
201500040061,15,11,21,810,1,2,1,3,6,93008,M,,,93
201500040062,15,11,21,1020,1,2,1,2,3,93008,M,,,93
201500040063,15,3,12,847,1,2,2,1,6,93057,M,,,93
201500040064,15,1,4,210,5,2,1,9,4,93010,M,,,93
201500040065,15,1,10,1340,1,2,1,1,3,93010,M,,,93
201500040066,15,1,15,1120,1,2,1,2,3,93010,M,,,93
201500040067,15,1,22,950,1,2,1,1,6,93010,M,,,93
201500040068,15,1,22,1755,5,2,1,1,6,93057,M,,,93
201500040069,15,2,2,1740,5,2,1,1,6,93010,M,,,93
201500040070,15,2,2,2015,5,2,1,1,4,93057,M,,,93
201500040071,15,2,4,1730,1,2,1,1,2,93057,M,,,93
201500040072,15,2,8,900,1,2,1,8,2,93057,M,,,93
201500040073,15,2,11,1645,1,2,3,1,6,93010,M,,,93
201500040074,15,2,12,840,1,2,1,1,2,93057,M,,,93
201500040075,15,2,18,1220,1,2,1,8,6,93010,M,,,93
201500040076,15,2,22,2135,5,2,2,4,6,93010,M,,,93
201500040077,15,2,25,2220,5,2,2,8,2,93010,M,,,93
201500040078,15,2,26,1215,1,2,1,2,4,93057,M,,,93
201500040079,15,2,26,1950,5,2,1,3,6,93010,M,,,93
201500040080,15,3,11,1040,1,2,1,1,6,93010,M,,,93
201500040081,15,3,13,1630,1,2,1,1,6,93057,M,,,93
201500040082,15,3,15,937,2,2,1,1,3,93057,M,,,93
201500040083,15,3,18,1725,1,2,3,1,6,93010,M,,,93
201500040084,15,3,25,2030,5,2,6,1,6,93010,M,,,93
201500040085,15,3,26,2216,5,2,2,1,6,93057,M,,,93
201500040086,15,3,29,945,1,2,1,2,3,93010,M,,,93
201500040087,15,4,3,1500,1,2,4,2,6,93057,M,,,93
201500040088,15,4,3,2045,5,2,1,3,2,93057,M,,,93
201500040089,15,4,13,1725,1,2,1,1,6,93010,M,,,93
201500040090,15,4,9,1820,1,2,1,1,3,93057,M,,,93
201500040091,15,3,11,1320,1,2,6,1,3,93010,M,,,93
201500040092,15,4,14,1720,1,2,1,1,3,93010,M,,,93
201500040093,15,4,21,1020,1,2,1,1,3,93010,M,,,93
201500040094,15,5,2,935,1,2,1,1,2,93010,M,,,93
201500040095,15,5,5,720,1,2,1,1,2,93057,M,,,93
201500040096,15,5,7,1710,1,2,1,1,6,93010,M,,,93
201500040097,15,5,14,1410,1,2,9,8,3,93010,M,,,93
201500040098,15,5,7,740,1,2,1,1,3,93010,M,,,93
201500040099,15,5,19,1515,1,2,1,1,3,93057,M,,,93
201500040100,15,5,13,1640,1,2,1,1,6,93010,M,,,93
201500040101,15,5,19,1835,1,2,3,1,3,93057,M,,,93
201500040102,15,5,21,1710,1,2,1,1,6,93010,M,,,93
201500040103,15,5,22,1940,1,2,1,1,2,93010,M,,,93
201500040104,15,5,31,1400,1,2,1,2,2,93010,M,,,93
201500040105,15,6,4,1110,1,2,1,1,6,93010,M,,,93
201500040106,15,6,3,1755,1,2,1,1,6,93010,M,,,93
201500040107,15,6,5,705,1,2,5,7,7,93057,M,,,93
201500040108,15,6,7,2125,2,2,2,1,3,93057,M,,,93
201500040109,15,6,9,1805,1,2,1,1,2,93057,M,,,93
201500040110,15,6,10,1240,1,2,1,1,4,93057,M,,,93
201500040111,15,6,11,1417,1,2,9,1,1,93010,M,,,93
201500040112,15,6,12,2345,5,2,2,1,3,93010,M,,,93
201500040113,15,6,15,1255,1,2,9,8,3,93010,M,,,93
201500040114,15,6,15,1000,1,2,3,1,6,93057,M,,,93
201500040115,15,6,18,1820,1,2,3,1,3,93010,M,,,93
201500040116,15,6,20,1905,1,2,1,1,1,93010,M,,,93
201500040117,15,6,22,1300,1,2,3,1,3,93057,M,,,93
201500040118,15,6,27,1752,1,2,1,7,6,93057,M,,,93
201500040119,15,6,29,1100,1,2,6,1,3,93010,M,,,93
201500040120,15,6,29,1441,1,2,1,1,3,93057,M,,,93
201500040121,15,7,4,1210,1,2,1,1,2,93010,M,,,93
201500040122,15,7,5,2355,5,2,2,1,3,93010,M,,,93
201500040123,15,7,8,940,1,2,1,1,3,93057,M,,,93
201500040124,15,7,10,2350,5,2,1,1,7,93010,M,,,93
201500040125,15,7,13,1545,1,2,1,1,3,93010,M,,,93
201500040126,15,7,22,910,1,2,2,1,3,93010,M,,,93
201500040127,15,7,24,125,5,2,1,1,7,93010,M,,,93