Num_Acc,an,mois,jour,hrmn,lum,agg,int,atm,col,com,gps,lat,long,dep
201500040128,15,7,26,505,5,2,1,1,3,93057,M,,,93
201500040129,15,7,26,1240,1,2,2,2,3,93057,M,,,93
201500040130,15,7,27,2020,1,2,1,1,6,93010,M,,,93
201500040131,15,7,31,815,1,2,1,1,3,93010,M,,,93
201500040132,15,7,31,1500,1,2,1,1,2,93010,M,,,93
201500040133,15,7,31,1550,1,2,1,1,3,93010,M,,,93
201500040134,15,8,7,1725,1,2,1,2,6,93057,M,,,93
201500040135,15,8,11,1335,1,2,3,1,2,93057,M,,,93
201500040136,15,8,22,1545,1,2,1,1,1,93010,M,,,93
201500040137,15,6,18,1810,1,2,1,1,6,93010,M,,,93
201500040138,15,8,25,2150,5,2,1,2,3,93010,M,,,93
201500040139,15,8,30,2230,5,2,1,1,2,93057,M,,,93
201500040140,15,9,9,1450,1,2,2,1,1,93010,M,,,93
201500040141,15,9,10,900,1,2,1,1,6,93057,M,,,93
201500040142,15,9,18,1809,1,2,1,2,2,93010,M,,,93
201500040143,15,9,25,915,1,2,4,1,3,93010,M,,,93
201500040144,15,9,28,820,1,2,1,1,6,93057,M,,,93
201500040145,15,10,2,1158,1,1,1,1,2,93010,M,,,93
201500040146,15,10,8,1430,1,2,9,1,3,93010,M,,,93
201500040147,15,10,9,1315,1,2,1,1,3,93057,M,,,93
201500040148,15,10,11,1625,1,2,1,1,2,93057,M,,,93
201500040149,15,10,13,1700,1,2,1,1,3,93010,M,,,93
201500040150,15,10,16,2120,5,2,2,8,3,93057,M,,,93
201500040151,15,10,21,900,1,2,2,1,3,93010,M,,,93
201500040152,15,10,27,945,1,2,3,1,2,93057,M,,,93
201500040153,15,11,2,910,1,2,1,1,3,93057,M,,,93
201500040154,15,11,4,1955,5,2,1,1,2,93010,M,,,93
201500040155,15,11,9,2350,5,2,1,1,2,93010,M,,,93
201500040156,15,11,12,1020,1,2,1,8,3,93057,M,,,93
201500040157,15,11,19,815,1,2,1,1,6,93010,M,,,93
201500040158,15,11,19,1835,5,2,1,2,2,93057,M,,,93
201500040159,15,11,22,1845,2,2,1,1,6,93010,M,,,93
201500040160,15,11,25,1630,2,2,3,2,3,93057,M,,,93
201500040161,15,11,27,1345,1,2,2,8,3,93010,M,,,93
201500040162,15,11,30,1615,1,2,1,1,6,93010,M,,,93
201500040163,15,11,30,1950,5,2,1,1,3,93010,M,,,93
201500040164,15,12,1,1355,1,2,2,1,6,93057,M,,,93
201500040165,15,12,4,750,2,2,2,2,3,93010,M,,,93
201500040166,15,12,8,900,1,2,1,1,2,93010,M,,,93
201500040167,15,12,12,1350,1,2,1,2,6,93010,M,,,93
201500040168,15,12,3,1725,5,2,1,1,6,93010,M,,,93
201500040169,15,12,15,1920,3,2,8,2,6,93010,M,,,93
201500040170,15,12,17,1150,1,2,3,1,6,93010,M,,,93
201500040171,15,12,17,1840,5,2,1,1,6,93010,M,,,93
201500040172,15,12,20,30,5,2,9,1,3,93057,M,,,93
201500040173,15,12,21,1335,1,2,1,1,2,93057,M,,,93
201500040174,15,12,22,1200,1,2,1,1,4,93010,M,,,93
201500040175,15,12,24,705,5,2,2,1,3,93057,M,,,93
201500040176,15,12,24,1310,1,2,1,1,6,93010,M,,,93
201500040177,15,12,25,1920,5,2,1,8,3,93010,M,,,93
201500040178,15,12,27,550,5,2,1,1,6,93057,M,,,93
201500040179,15,12,28,1400,1,2,1,1,6,93010,M,,,93
201500040180,15,5,15,915,1,2,1,1,2,93057,M,,,93
201500040181,15,3,31,855,1,2,1,1,6,93014,M,,,93
201500040182,15,12,22,1415,1,2,1,1,3,93047,M,,,93
201500040183,15,1,11,1425,1,2,5,1,3,93014,M,,,93
201500040184,15,1,14,2242,5,2,1,1,7,93014,M,,,93
201500040185,15,1,30,2150,3,2,1,2,1,93014,M,,,93
201500040186,15,2,1,1910,5,2,1,2,6,93047,M,,,93
201500040187,15,2,6,1920,3,2,1,1,7,93014,M,,,93
201500040188,15,2,6,2005,5,2,1,1,7,93014,M,,,93
201500040189,15,2,9,1628,1,2,1,1,6,93047,M,,,93
201500040190,15,2,17,1545,1,2,1,2,6,93014,M,,,93
201500040191,15,2,22,1730,1,2,3,1,2,93047,M,,,93
201500040192,15,3,15,1350,1,2,2,1,3,93047,M,,,93
201500040193,15,3,17,1310,1,2,3,1,3,93014,M,,,93
201500040194,15,3,18,1615,1,2,3,1,3,93014,M,,,93
201500040195,15,3,21,1830,1,2,1,1,2,93047,M,,,93
201500040196,15,3,27,2025,5,2,2,1,3,93047,M,,,93
201500040197,15,4,1,1930,1,2,3,1,3,93047,M,,,93
201500040198,15,4,3,910,1,2,1,1,2,93014,M,,,93
201500040199,15,4,6,2145,5,2,1,1,6,93014,M,,,93
201500040200,15,4,9,1300,1,2,2,1,3,93047,M,,,93
201500040201,15,4,12,1615,1,2,1,1,6,93014,M,,,93
201500040202,15,4,15,1300,1,2,1,1,6,93047,M,,,93
201500040203,15,4,15,2000,1,2,1,1,4,93047,M,,,93
201500040204,15,4,19,1135,1,2,1,1,2,93047,M,,,93
201500040205,15,4,20,600,1,2,1,1,7,93047,M,,,93
201500040206,15,4,20,1815,1,2,1,1,7,93014,M,,,93
201500040207,15,4,20,2025,2,2,2,1,1,93014,M,,,93
201500040208,15,4,23,1645,1,2,1,1,6,93047,M,,,93
201500040209,15,4,27,1445,1,2,2,1,3,93047,M,,,93
201500040210,15,5,19,850,1,2,1,1,6,93047,M,,,93
201500040211,15,6,1,1820,1,2,1,1,7,93047,M,,,93
201500040212,15,6,5,2100,2,2,1,1,7,93014,M,,,93
201500040213,15,6,7,1340,1,2,1,1,2,93047,M,,,93
201500040214,15,6,8,1710,1,2,1,1,6,93014,M,,,93
201500040215,15,6,22,930,1,2,2,1,3,93014,M,,,93
201500040216,15,6,29,5,5,2,3,1,6,93047,M,,,93
201500040217,15,6,29,1820,1,2,1,1,3,93047,M,,,93
201500040218,15,6,29,2330,5,2,1,1,6,93014,M,,,93
201500040219,15,7,4,1820,1,2,1,9,6,93014,M,,,93
201500040220,15,7,18,2205,5,2,3,1,6,93014,M,,,93
201500040221,15,7,20,1845,1,2,1,1,6,93047,M,,,93
201500040222,15,7,22,2215,5,2,1,1,2,93014,M,,,93
201500040223,15,7,26,1835,1,2,2,8,3,93047,M,,,93
201500040224,15,7,31,1730,1,2,1,1,6,93014,M,,,93
201500040225,15,8,1,1300,1,2,3,1,2,93047,M,,,93
201500040226,15,8,27,1315,1,2,5,2,3,93047,M,,,93
201500040227,15,8,28,2115,3,2,1,1,3,93014,M,,,93
201500040228,15,9,4,1330,1,2,1,1,2,93014,M,,,93
201500040229,15,9,9,1735,1,2,1,1,6,93014,M,,,93
201500040230,15,9,11,740,1,2,3,1,1,93047,M,,,93
201500040231,15,9,24,1540,1,2,1,1,3,93014,M,,,93
201500040232,15,9,27,1330,1,2,1,1,6,93047,M,,,93
201500040233,15,12,6,2015,5,2,1,1,3,93047,M,,,93
201500040234,15,8,11,1310,1,2,1,1,3,93014,M,,,93
201500040235,15,9,22,1130,1,2,1,2,6,93014,M,,,93
201500040236,15,9,28,1900,2,2,1,1,2,93014,M,,,93
201500040237,15,10,6,900,1,2,1,3,3,93014,M,,,93
201500040238,15,10,9,1840,1,2,1,7,6,93014,M,,,93
201500040239,15,10,10,1315,1,2,9,1,3,93014,M,,,93
201500040240,15,10,11,1515,1,2,2,1,6,93014,M,,,93
201500040241,15,10,20,1450,1,2,1,1,2,93014,M,,,93
201500040242,15,10,25,1815,5,2,2,1,1,93014,M,,,93
201500040243,15,10,28,1045,1,2,2,2,3,93047,M,,,93
201500040244,15,10,30,1920,5,2,1,1,6,93014,M,,,93
201500040245,15,11,3,1850,5,2,4,1,5,93047,M,,,93
201500040246,15,11,5,1720,5,2,5,1,6,93014,M,,,93
201500040247,15,11,6,800,1,2,3,1,2,93047,M,,,93
201500040248,15,11,6,1710,1,2,2,2,3,93014,M,,,93
201500040249,15,11,12,1830,5,2,1,1,6,93014,M,,,93
201500040250,15,11,13,1620,1,2,9,1,6,93014,M,,,93
201500040251,15,11,26,1640,1,2,1,1,3,93014,M,,,93
201500040252,15,12,5,630,5,2,7,1,6,93047,M,,,93
201500040253,15,12,5,1210,1,2,1,1,2,93047,M,,,93
201500040254,15,12,8,1510,1,2,1,3,6,93014,M,,,93
201500040255,15,12,9,1300,1,2,1,1,3,93047,M,,,93
201500040256,15,12,10,2135,5,2,1,1,6,93047,M,,,93
201500040257,15,1,1,405,5,2,2,1,2,93027,M,,,93
201500040258,15,1,3,1,5,2,1,8,6,93013,M,,,93
201500040259,15,1,11,1515,1,2,1,1,2,93027,M,,,93
201500040260,15,1,13,935,1,2,1,1,6,93027,M,,,93
201500040261,15,1,22,1210,1,2,3,1,3,93013,M,,,93
201500040262,15,1,22,1455,1,2,1,1,3,93013,M,,,93
201500040263,15,1,27,1700,1,2,1,1,6,93013,M,,,93
201500040264,15,1,28,924,1,2,6,1,3,93027,M,,,93
201500040265,15,1,28,1340,1,2,1,1,6,93027,M,,,93
201500040266,15,2,16,1528,1,2,1,1,6,93027,M,,,93
201500040267,15,3,2,820,1,2,6,1,2,93030,M,,,93
201500040268,15,3,5,1320,1,2,1,1,3,93027,M,,,93
201500040269,15,3,6,1840,2,2,1,1,4,93027,M,,,93
201500040270,15,3,13,1615,1,2,3,1,6,93027,M,,,93
201500040271,15,3,14,755,1,2,2,1,6,93027,M,,,93
201500040272,15,3,16,930,1,2,2,1,6,93013,M,,,93
201500040273,15,3,16,1700,1,2,6,1,3,93027,M,,,93
201500040274,15,3,25,1420,1,2,2,1,3,93013,M,,,93
201500040275,15,3,26,1615,1,2,2,2,3,93027,M,,,93
201500040276,15,3,30,940,1,2,1,1,3,93013,M,,,93
201500040277,15,3,31,1930,1,2,3,1,3,93027,M,,,93
201500040278,15,4,1,840,1,2,1,6,3,93013,M,,,93
201500040279,15,4,1,655,2,2,1,6,6,93027,M,,,93
201500040280,15,4,7,2142,5,2,3,1,6,93013,M,,,93
201500040281,15,4,13,845,1,2,2,1,4,93027,M,,,93
201500040282,15,4,14,1410,1,2,1,1,6,93027,M,,,93
201500040283,15,4,16,1815,1,2,1,8,6,93013,M,,,93
201500040284,15,4,16,1840,1,2,1,1,3,93027,M,,,93
201500040285,15,4,18,721,2,2,1,1,7,93027,M,,,93
201500040286,15,5,7,1930,1,2,1,1,7,93027,M,,,93
201500040287,15,5,7,2215,5,2,2,1,5,93030,M,,,93
201500040288,15,5,12,630,1,2,1,1,2,93027,M,,,93
201500040289,15,5,15,100,5,2,1,2,4,93013,M,,,93
201500040290,15,5,19,740,1,2,1,1,5,93013,M,,,93
201500040291,15,5,19,1840,1,2,1,1,6,93013,M,,,93
201500040292,15,5,26,1650,1,2,1,1,3,93013,M,,,93
201500040293,15,5,30,105,5,2,2,2,5,93027,M,,,93
201500040294,15,5,31,2100,2,2,1,2,2,93013,M,,,93
201500040295,15,5,22,1735,1,2,2,1,3,93027,M,,,93
201500040296,15,6,2,2333,5,2,6,1,3,93027,M,,,93
201500040297,15,6,4,1050,1,2,1,1,1,93027,M,,,93
201500040298,15,6,10,1415,1,2,2,1,1,93027,M,,,93
201500040299,15,6,18,815,1,2,3,1,2,93027,M,,,93
201500040300,15,6,18,1740,1,2,1,1,6,93013,M,,,93
201500040301,15,6,19,1250,1,2,2,1,2,93013,M,,,93
201500040302,15,6,24,1620,1,2,1,1,6,93027,M,,,93
201500040303,15,6,25,1750,1,2,1,1,3,93030,M,,,93
201500040304,15,7,1,2015,1,2,1,1,6,93027,M,,,93
201500040305,15,7,6,2209,3,2,1,1,7,93027,M,,,93
201500040306,15,7,6,1750,1,2,3,1,3,93013,M,,,93
201500040307,15,7,7,2245,5,2,1,1,6,93013,M,,,93
201500040308,15,7,8,2010,1,2,1,1,3,93027,M,,,93
201500040309,15,7,9,715,1,2,1,1,1,93027,M,,,93
201500040310,15,7,13,2030,1,2,1,1,6,93027,M,,,93
201500040311,15,7,16,2120,2,1,6,1,6,93013,M,,,93
201500040312,15,7,20,2210,5,2,1,1,6,93027,M,,,93
201500040313,15,7,27,1715,1,2,1,1,4,93027,M,,,93
201500040314,15,8,2,1255,1,2,1,1,7,93013,M,,,93
201500040315,15,8,6,730,1,2,6,1,3,93027,M,,,93
201500040316,15,8,6,1000,1,2,1,1,6,93027,M,,,93
201500040317,15,8,8,1950,1,2,1,1,7,93027,M,,,93
201500040318,15,8,11,2015,1,2,3,1,2,93027,M,,,93
201500040319,15,8,19,2030,5,2,1,1,6,93027,M,,,93
201500040320,15,8,30,720,1,2,1,1,2,93027,M,,,93
201500040321,15,9,4,1410,1,2,3,1,3,93027,M,,,93
201500040322,15,9,6,940,1,2,2,1,3,93027,M,,,93
201500040323,15,9,7,1830,1,2,1,1,6,93013,M,,,93
201500040324,15,9,12,1730,1,2,7,3,4,93027,M,,,93
201500040325,15,9,14,1920,2,2,1,8,2,93027,M,,,93
201500040326,15,9,23,1805,1,2,1,1,2,93013,M,,,93
201500040327,15,9,23,2135,5,2,1,1,5,93027,M,,,93
201500040328,15,9,28,1335,1,2,1,1,5,93027,M,,,93
201500040329,15,10,2,910,1,1,6,1,6,93013,M,,,93
201500040330,15,10,9,1555,1,2,1,1,2,93030,M,,,93
201500040331,15,10,11,1650,1,2,1,1,3,93027,M,,,93
201500040332,15,10,13,1945,5,2,1,1,3,93027,M,,,93
201500040333,15,10,16,700,3,1,2,2,6,93013,M,,,93
201500040334,15,10,20,1350,1,2,1,8,7,93027,M,,,93
201500040335,15,10,21,1400,1,2,1,1,3,93027,M,,,93
201500040336,15,10,23,1155,1,2,1,1,3,93027,M,,,93
201500040337,15,10,24,1635,1,2,1,1,3,93027,M,,,93
201500040338,15,10,28,1650,1,2,3,1,3,93027,M,,,93
201500040339,15,11,5,1312,1,2,1,1,3,93027,M,,,93
201500040340,15,11,8,1128,1,2,1,1,6,93027,M,,,93
201500040341,15,11,9,2151,5,2,1,1,3,93027,M,,,93
201500040342,15,11,12,335,5,2,1,1,7,93013,M,,,93
201500040343,15,11,13,5,5,2,3,1,1,93027,M,,,93
201500040344,15,11,20,1930,5,2,1,2,2,93030,M,,,93
201500040345,15,11,21,2005,5,2,1,2,2,93030,M,,,93
201500040346,15,12,1,840,1,2,1,1,3,93013,M,,,93
201500040347,15,11,21,920,1,2,1,2,6,93027,M,,,93
201500040348,15,11,27,2020,5,2,1,2,6,93013,M,,,93
201500040349,15,12,2,830,1,2,1,1,2,93030,M,,,93
201500040350,15,12,2,1618,1,2,1,1,6,93013,M,,,93
201500040351,15,12,2,1810,2,2,4,1,6,93013,M,,,93
201500040352,15,12,5,1540,1,2,6,8,4,93027,M,,,93
201500040353,15,12,8,1410,1,2,1,2,2,93027,M,,,93
201500040354,15,12,11,1420,1,2,1,8,7,93027,M,,,93
201500040355,15,12,24,1905,5,2,2,1,3,93030,M,,,93
201500040356,15,12,18,1550,1,2,1,1,6,93027,M,,,93
201500040357,15,12,9,510,5,2,1,1,7,93013,M,,,93
201500040358,15,12,10,1236,1,2,9,1,2,93027,M,,,93
201500040359,15,1,6,1950,5,2,1,1,7,93029,M,,,93
201500040360,15,1,14,1945,3,2,1,1,1,93029,M,,,93
201500040361,15,1,22,2010,5,2,1,1,2,93029,M,,,93
201500040362,15,1,26,1400,1,2,6,2,2,93029,M,,,93
201500040363,15,1,28,2100,3,2,3,1,3,93029,M,,,93
201500040364,15,2,4,1718,1,2,3,1,3,93029,M,,,93
201500040365,15,2,4,2024,5,2,1,1,3,93029,M,,,93
201500040366,15,2,5,1405,1,2,1,1,6,93029,M,,,93
201500040367,15,2,18,1350,1,2,3,8,3,93029,M,,,93
201500040368,15,3,3,1130,1,2,8,1,6,93029,M,,,93
201500040369,15,3,5,1255,1,2,1,1,1,93029,M,,,93
201500040370,15,3,7,1520,1,2,3,1,3,93029,M,,,93
201500040371,15,3,7,130,5,2,2,1,3,93029,M,,,93
201500040372,15,3,8,1358,1,2,2,1,6,93029,M,,,93
201500040373,15,3,9,1850,5,2,1,1,6,93029,M,,,93
201500040374,15,3,9,1930,5,2,3,1,6,93029,M,,,93
201500040375,15,3,20,1353,1,2,1,1,6,93029,M,,,93
201500040376,15,3,21,1845,1,2,1,1,6,93029,M,,,93
201500040377,15,3,21,2145,5,2,1,1,2,93029,M,,,93
201500040378,15,3,29,2100,5,2,3,2,3,93029,M,,,93
201500040379,15,4,14,1830,1,2,1,1,7,93029,M,,,93
201500040380,15,4,17,425,5,2,1,1,6,93029,M,,,93
201500040381,15,4,21,1830,1,2,1,1,1,93029,M,,,93
201500040382,15,4,22,1025,1,2,1,7,6,93029,M,,,93
201500040383,15,5,10,2140,5,2,4,1,1,93029,M,,,93
201500040384,15,5,11,805,1,2,9,1,2,93029,M,,,93
201500040385,15,5,11,1717,1,2,3,1,6,93029,M,,,93
201500040386,15,5,13,930,1,2,1,1,6,93029,M,,,93
201500040387,15,5,16,210,5,2,1,1,6,93029,M,,,93
201500040388,15,5,16,2238,5,2,2,1,3,93029,M,,,93
201500040389,15,5,18,1325,1,2,3,1,3,93029,M,,,93
201500040390,15,5,31,335,4,2,1,8,6,93029,M,,,93
201500040391,15,6,1,830,1,2,1,1,2,93029,M,,,93
201500040392,15,6,15,700,1,2,2,1,3,93029,M,,,93
201500040393,15,6,17,1615,1,2,2,1,6,93029,M,,,93
201500040394,15,6,21,1110,1,2,9,1,6,93029,M,,,93
201500040395,15,6,26,1600,1,2,1,1,6,93029,M,,,93
201500040396,15,6,30,930,1,2,1,7,6,93029,M,,,93
201500040397,15,7,3,2215,5,2,7,1,3,93029,M,,,93
201500040398,15,7,5,1,5,2,1,1,6,93029,M,,,93
201500040399,15,7,9,1045,1,2,2,1,1,93029,M,,,93
201500040400,15,7,28,1530,1,2,9,1,6,93029,M,,,93
201500040401,15,7,31,1940,1,2,1,1,6,93029,M,,,93
201500040402,15,8,21,1710,1,2,9,1,6,93029,M,,,93
201500040403,15,8,31,815,1,2,1,1,6,93029,M,,,93
201500040404,15,8,31,1815,1,2,1,1,6,93029,M,,,93
201500040405,15,9,6,1410,1,2,3,1,3,93029,M,,,93
201500040406,15,9,9,1900,1,2,1,1,6,93029,M,,,93
201500040407,15,9,14,1840,1,2,1,2,6,93029,M,,,93
201500040408,15,9,18,1330,1,2,6,2,6,93029,M,,,93
201500040409,15,9,27,1645,1,2,6,1,6,93029,M,,,93
201500040410,15,10,1,1815,2,2,1,1,2,93029,M,,,93
201500040411,15,10,3,1620,1,2,1,1,6,93029,M,,,93
201500040412,15,10,12,1315,1,2,2,1,6,93029,M,,,93
201500040413,15,10,12,1340,1,2,1,1,6,93029,M,,,93
201500040414,15,10,13,1710,1,2,3,1,3,93029,M,,,93
201500040415,15,10,16,635,5,2,2,2,3,93029,M,,,93
201500040416,15,10,19,1900,5,2,1,1,6,93029,M,,,93
201500040417,15,10,19,1930,5,2,2,1,3,93029,M,,,93
201500040418,15,10,22,1315,1,2,1,2,6,93029,M,,,93
201500040419,15,10,22,1915,5,2,3,2,6,93029,M,,,93
201500040420,15,10,24,205,3,2,1,1,6,93029,M,,,93
201500040421,15,10,29,2250,5,2,2,1,3,93029,M,,,93
201500040422,15,11,1,145,5,2,1,1,6,93029,M,,,93
201500040423,15,11,5,2100,5,2,1,2,4,93029,M,,,93
201500040424,15,11,10,1326,1,2,3,1,3,93029,M,,,93
201500040425,15,11,22,1730,5,2,9,1,3,93029,M,,,93
201500040426,15,12,6,2115,5,2,0,1,2,93029,M,0.0,0.0,93
201500040427,15,12,19,925,1,2,3,1,3,93029,M,,,93
201500040428,15,12,20,455,5,2,9,1,6,93029,M,,,93
201500040429,15,12,27,25,5,2,2,1,3,93029,M,,,93
201500040430,15,1,5,625,5,2,2,1,6,93031,M,,,93
201500040431,15,1,13,1530,1,2,3,3,3,93079,M,,,93
201500040432,15,1,15,1740,5,2,1,2,2,93031,M,,,93
201500040433,15,1,26,1700,2,2,2,2,6,93031,M,,,93
201500040434,15,1,30,1940,5,2,1,1,6,93031,M,,,93
201500040435,15,1,30,2000,5,2,1,1,6,93031,M,,,93
201500040436,15,2,5,800,1,2,1,1,6,93031,M,,,93
201500040437,15,2,16,1230,1,2,1,1,6,93079,M,,,93
201500040438,15,2,16,1610,1,2,1,8,6,93031,M,,,93
201500040439,15,2,16,2345,4,2,1,1,6,93031,M,,,93
201500040440,15,2,20,1100,1,2,1,2,3,93031,M,,,93
201500040441,15,2,21,1105,1,2,2,3,3,93031,M,,,93
201500040442,15,2,22,125,5,2,2,1,1,93031,M,,,93
201500040443,15,2,23,1505,1,2,1,1,6,93031,M,,,93
201500040444,15,3,2,1815,1,2,1,1,3,93031,M,,,93
201500040445,15,3,5,900,1,2,1,1,6,93031,M,,,93
201500040446,15,3,5,1245,1,2,3,1,6,93031,M,,,93
201500040447,15,3,7,2340,5,2,1,1,2,93031,M,,,93
201500040448,15,3,13,2000,5,2,2,1,2,93031,M,,,93
201500040449,15,3,23,1535,1,2,2,1,3,93031,M,,,93
201500040450,15,3,26,1710,1,2,3,1,6,93031,M,,,93
201500040451,15,3,27,1815,1,2,3,1,6,93031,M,,,93
201500040452,15,3,30,1700,1,2,1,1,6,93031,M,,,93
201500040453,15,4,6,1755,1,2,1,1,6,93031,M,,,93
201500040454,15,4,10,2345,5,2,3,1,3,93031,M,,,93
201500040455,15,4,15,825,1,2,3,1,6,93031,M,,,93
201500040456,15,4,15,1625,1,2,2,1,1,93031,M,,,93
201500040457,15,4,25,1100,1,2,1,1,3,93079,M,,,93
201500040458,15,4,24,2150,5,2,1,1,6,93079,M,,,93
201500040459,15,4,25,1555,1,2,2,1,3,93031,M,,,93
201500040460,15,5,2,1300,1,2,3,1,3,93031,M,,,93
201500040461,15,5,4,1400,1,2,9,1,1,93079,M,,,93
201500040462,15,5,5,1430,1,2,1,1,6,93031,M,,,93
201500040463,15,5,8,1645,1,2,2,1,1,93079,M,,,93
201500040464,15,5,13,730,1,2,1,1,1,93031,M,,,93
201500040465,15,5,13,1800,1,2,2,1,2,93031,M,,,93
201500040466,15,5,15,835,1,2,1,1,6,93031,M,,,93
201500040467,15,6,1,1315,1,2,1,1,6,93079,M,,,93
201500040468,15,6,2,800,1,2,3,8,4,93031,M,,,93
201500040469,15,6,8,2100,2,2,1,1,5,93079,M,,,93
201500040470,15,6,16,955,1,2,2,1,3,93031,M,,,93
201500040471,15,6,17,955,1,2,1,1,3,93031,M,,,93
201500040472,15,6,19,1610,1,2,1,1,3,93079,M,,,93
201500040473,15,6,26,1540,1,2,2,1,1,93079,M,,,93
201500040474,15,6,29,2100,1,2,1,1,6,93031,M,,,93
201500040475,15,7,6,1730,1,2,1,1,6,93031,M,,,93
201500040476,15,7,6,1950,1,2,1,1,3,93031,M,,,93
201500040477,15,7,6,1400,1,2,1,1,6,93031,M,,,93
201500040478,15,7,9,1900,1,2,1,1,3,93031,M,,,93
201500040479,15,7,11,1950,1,2,1,1,6,93031,M,,,93
201500040480,15,7,11,1400,1,2,1,1,3,93031,M,,,93
201500040481,15,7,11,1830,1,2,3,1,6,93031,M,,,93
201500040482,15,7,16,1105,1,2,9,1,6,93031,M,,,93
201500040483,15,7,21,520,2,2,1,1,2,93031,M,,,93
201500040484,15,7,22,2150,2,2,1,1,1,93079,M,,,93
201500040485,15,7,27,5,5,2,2,2,1,93031,M,,,93
201500040486,15,7,27,1255,1,2,1,8,6,93031,M,,,93
201500040487,15,7,30,2200,5,2,1,1,3,93031,M,,,93
201500040488,15,8,8,1440,1,2,1,1,6,93031,M,,,93
201500040489,15,8,8,1730,1,2,1,1,6,93031,M,,,93
201500040490,15,8,11,1305,1,2,1,1,5,93031,M,,,93
201500040491,15,8,15,1730,1,2,2,1,3,93031,M,,,93
201500040492,15,8,16,1300,1,2,7,1,1,93031,M,,,93
201500040493,15,8,21,2220,5,2,9,1,1,93031,M,,,93
201500040494,15,8,27,2004,5,2,1,3,6,93079,M,,,93
201500040495,15,9,2,1018,1,2,3,1,2,93031,M,,,93
201500040496,15,9,2,1140,1,2,3,1,3,93031,M,,,93
201500040497,15,9,3,1330,1,2,4,1,3,93031,M,,,93
201500040498,15,9,6,1200,1,2,1,1,6,93031,M,,,93
201500040499,15,9,7,850,1,2,1,1,6,93031,M,,,93
201500040500,15,9,8,1310,1,2,1,1,3,93031,M,,,93
201500040501,15,9,10,2000,1,2,1,1,3,93031,M,,,93
201500040502,15,9,12,1345,1,2,3,3,3,93031,M,,,93
201500040503,15,9,12,1735,1,2,9,3,7,93031,M,,,93
201500040504,15,9,14,1900,1,2,1,2,6,93079,M,,,93
201500040505,15,9,16,2225,5,2,2,1,3,93031,M,,,93
201500040506,15,9,19,1120,1,2,1,1,6,93031,M,,,93
201500040507,15,9,20,650,5,2,4,1,6,93031,M,,,93
201500040508,15,9,21,1030,1,2,1,1,6,93079,M,,,93
201500040509,15,9,22,1150,1,1,1,2,3,93079,M,,,93
201500040510,15,9,26,120,5,2,4,1,1,93031,M,,,93
201500040511,15,9,28,1850,1,2,1,1,6,93079,M,,,93
201500040512,15,10,2,1255,1,2,1,1,6,93031,M,,,93
201500040513,15,10,3,1350,1,2,2,1,3,93031,M,,,93
201500040514,15,10,5,1820,1,2,1,3,3,93079,M,,,93
201500040515,15,10,6,2015,5,2,1,1,3,93031,M,,,93
201500040516,15,10,9,2220,5,2,1,1,2,93031,M,,,93
201500040517,15,10,12,1750,1,2,1,1,6,93079,M,,,93
201500040518,15,10,31,1305,1,2,2,1,3,93031,M,,,93
201500040519,15,11,3,730,2,2,5,8,6,93031,M,,,93
201500040520,15,11,5,1650,2,2,1,1,6,93079,M,,,93
201500040521,15,11,7,2325,5,2,1,1,6,93031,M,,,93
201500040522,15,11,9,1800,5,2,4,1,1,93031,M,,,93
201500040523,15,11,20,1710,5,2,1,2,6,93031,M,,,93
201500040524,15,11,21,700,2,2,9,2,3,93031,M,,,93
201500040525,15,11,26,1250,1,2,1,1,6,93031,M,,,93
201500040526,15,12,4,1215,1,2,1,1,3,93031,M,,,93
201500040527,15,12,10,1915,5,2,2,1,3,93031,M,,,93
201500040528,15,12,15,1800,3,2,1,2,6,93079,M,,,93
201500040529,15,12,20,2245,5,2,1,2,3,93079,M,,,93
201500040530,15,12,29,1110,1,2,3,1,6,93031,M,,,93
201500040531,15,12,30,1405,1,2,1,1,1,93079,M,,,93
201500040532,15,1,5,1610,1,2,3,1,3,93032,M,,,93
201500040533,15,1,28,745,1,2,2,1,3,93032,M,,,93
201500040534,15,2,2,1610,1,2,1,1,6,93032,M,,,93
201500040535,15,2,11,1710,1,2,1,1,3,93032,M,,,93
201500040536,15,3,2,1610,1,2,1,1,4,93032,M,,,93
201500040537,15,3,14,400,5,2,3,1,3,93032,M,,,93
201500040538,15,3,19,20,5,2,1,1,6,93032,M,,,93
201500040539,15,3,30,810,1,2,3,2,6,93032,M,,,93
201500040540,15,4,4,1600,1,2,1,8,1,93032,M,,,93
201500040541,15,4,9,1740,1,2,3,1,3,93032,M,,,93
201500040542,15,4,13,2005,1,2,1,1,6,93032,M,,,93
201500040543,15,4,15,1415,1,2,7,1,6,93032,M,,,93
201500040544,15,5,15,1820,1,2,1,1,6,93032,M,,,93
201500040545,15,5,24,1905,1,2,1,1,6,93032,M,,,93
201500040546,15,6,2,2040,1,2,2,7,2,93032,M,,,93
201500040547,15,6,5,1920,1,2,1,1,2,93032,M,,,93
201500040548,15,6,9,2155,2,2,3,1,3,93032,M,,,93
201500040549,15,6,14,123,5,2,1,1,3,93032,M,,,93
201500040550,15,6,17,1550,1,2,2,1,3,93032,M,,,93
201500040551,15,6,24,750,1,2,1,1,3,93032,M,,,93
201500040552,15,7,7,850,1,2,2,1,3,93032,M,,,93
201500040553,15,7,15,1130,1,2,1,7,6,93032,M,,,93
201500040554,15,7,17,45,5,2,1,1,6,93032,M,,,93
201500040555,15,7,22,1950,1,2,1,1,6,93032,M,,,93
201500040556,15,8,5,1120,1,2,1,1,3,93032,M,,,93
201500040557,15,8,9,2015,1,2,1,1,3,93032,M,,,93
201500040558,15,8,8,1900,1,2,3,1,3,93032,M,,,93
201500040559,15,8,26,1115,1,2,2,1,3,93032,M,,,93
201500040560,15,8,30,134,5,2,1,1,6,93032,M,,,93
201500040561,15,9,5,115,5,2,1,1,3,93032,M,,,93
201500040562,15,9,10,2100,5,2,1,1,6,93032,M,,,93