Num_Acc,an,mois,jour,hrmn,lum,agg,int,atm,col,com,gps,lat,long,dep
201500040563,15,9,17,1405,1,2,3,8,1,93032,M,,,93
201500040564,15,9,17,1810,1,2,6,1,6,93032,M,,,93
201500040565,15,9,19,1240,1,2,1,1,3,93032,M,,,93
201500040566,15,9,20,210,5,2,1,1,2,93032,M,,,93
201500040567,15,9,29,1225,1,2,1,1,6,93032,M,,,93
201500040568,15,10,4,35,5,2,2,1,3,93032,M,,,93
201500040569,15,10,6,815,1,2,1,3,6,93032,M,,,93
201500040570,15,10,31,2010,5,2,3,1,3,93032,M,,,93
201500040571,15,11,2,1710,3,2,1,1,2,93032,M,,,93
201500040572,15,11,20,1830,5,2,9,2,6,93032,M,,,93
201500040573,15,11,20,2220,5,2,1,8,3,93032,M,,,93
201500040574,15,11,22,1120,1,2,2,1,6,93032,M,,,93
201500040575,15,11,28,1500,1,2,2,1,3,93032,M,,,93
201500040576,15,12,4,1455,1,2,1,1,6,93032,M,,,93
201500040577,15,12,15,1040,1,2,3,2,3,93032,M,,,93
201500040578,15,12,16,1930,5,2,3,2,6,93032,M,,,93
201500040579,15,12,20,2117,5,2,3,2,3,93032,M,,,93
201500040580,15,12,25,2000,5,2,3,1,3,93032,M,,,93
201500040581,15,12,29,1725,5,2,1,1,6,93032,M,,,93
201500040582,15,1,1,1950,5,2,1,1,1,93045,M,,,93
201500040583,15,1,6,900,1,2,1,1,3,93063,M,,,93
201500040584,15,1,6,1815,5,2,1,1,3,93063,M,,,93
201500040585,15,1,7,100,5,2,1,5,6,93063,M,,,93
201500040586,15,1,14,1315,1,2,1,1,2,93006,M,,,93
201500040587,15,1,16,2118,5,2,1,2,3,93045,M,,,93
201500040588,15,1,19,1745,5,2,2,1,6,93006,M,,,93
201500040589,15,1,22,1250,1,2,1,1,6,93063,M,,,93
201500040590,15,1,28,345,5,2,1,8,6,93045,M,,,93
201500040591,15,1,29,1635,1,2,1,2,6,93006,M,,,93
201500040592,15,1,30,1650,2,1,2,8,3,93063,M,,,93
201500040593,15,2,4,1230,1,2,1,1,5,93061,M,,,93
201500040594,15,2,16,1400,1,1,1,1,6,93063,M,,,93
201500040595,15,2,25,1455,1,2,3,2,3,93006,M,,,93
201500040596,15,2,27,1620,1,2,3,7,6,93063,M,,,93
201500040597,15,3,3,1330,1,2,3,1,3,93063,M,,,93
201500040598,15,3,5,745,1,2,1,1,5,93063,M,,,93
201500040599,15,3,7,2140,5,1,1,1,6,93045,M,,,93
201500040600,15,3,14,2305,5,2,3,1,3,93063,M,,,93
201500040601,15,3,20,1030,1,2,1,1,6,93045,M,,,93
201500040602,15,3,24,1525,1,2,1,2,6,93006,M,,,93
201500040603,15,3,29,1750,1,2,1,2,6,93045,M,,,93
201500040604,15,3,29,1420,1,2,2,8,3,93063,M,,,93
201500040605,15,4,7,1000,1,2,1,1,6,93045,M,,,93
201500040606,15,4,12,1200,1,2,1,1,6,93045,M,,,93
201500040607,15,4,15,900,1,2,1,1,3,93045,M,,,93
201500040608,15,4,23,2345,5,2,1,1,7,93061,M,,,93
201500040609,15,5,15,1350,1,2,2,1,3,93045,M,,,93
201500040610,15,6,11,815,1,2,1,1,6,93063,M,,,93
201500040611,15,6,12,1403,1,2,1,1,6,93063,M,,,93
201500040612,15,6,14,1900,1,2,2,1,5,93006,M,,,93
201500040613,15,6,22,2020,1,2,1,1,6,93006,M,,,93
201500040614,15,7,2,900,1,2,1,1,6,93006,M,,,93
201500040615,15,7,3,1015,1,2,2,7,2,93006,M,,,93
201500040616,15,7,6,630,1,2,2,1,6,93006,M,,,93
201500040617,15,8,5,657,2,2,1,1,6,93045,M,,,93
201500040618,15,8,7,1150,1,2,2,1,3,93006,M,,,93
201500040619,15,8,10,1745,1,2,1,1,6,93006,M,,,93
201500040620,15,8,18,2230,5,2,2,1,3,93006,M,,,93
201500040621,15,8,19,1300,1,2,1,1,2,93063,M,,,93
201500040622,15,8,20,815,2,1,9,2,6,93006,M,,,93
201500040623,15,8,20,1150,1,2,2,2,3,93063,M,,,93
201500040624,15,8,22,1330,1,2,2,1,3,93006,M,,,93
201500040625,15,8,29,255,5,2,2,1,6,93063,M,,,93
201500040626,15,8,30,1410,1,2,1,1,6,93063,M,,,93
201500040627,15,9,11,1335,1,2,1,1,6,93063,M,,,93
201500040628,15,9,24,1200,1,2,2,1,3,93006,M,,,93
201500040629,15,9,26,1615,1,2,2,1,1,93045,M,,,93
201500040630,15,9,28,1730,1,2,1,1,6,93061,M,,,93
201500040631,15,9,30,1545,1,2,2,1,3,93006,M,,,93
201500040632,15,9,30,2120,5,2,9,1,3,93006,M,,,93
201500040633,15,10,1,910,1,2,2,1,3,93045,M,,,93
201500040634,15,10,2,1010,1,2,1,1,2,93006,M,,,93
201500040635,15,10,8,1235,1,2,1,1,6,93045,M,,,93
201500040636,15,10,9,1615,1,2,1,1,3,93006,M,,,93
201500040637,15,10,10,1839,1,2,1,1,6,93063,M,,,93
201500040638,15,10,14,1410,1,2,1,1,6,93045,M,,,93
201500040639,15,10,19,1620,1,2,1,1,6,93063,M,,,93
201500040640,15,10,26,900,1,2,1,1,3,93045,M,,,93
201500040641,15,10,30,1620,1,2,1,1,3,93063,M,,,93
201500040642,15,11,1,2200,5,2,1,1,2,93006,M,,,93
201500040643,15,11,6,1440,1,2,1,2,6,93045,M,,,93
201500040644,15,11,11,1340,1,2,3,1,3,93063,M,,,93
201500040645,15,11,13,1920,5,2,2,1,1,93063,M,,,93
201500040646,15,11,13,2020,5,2,1,1,6,93006,M,,,93
201500040647,15,11,16,2100,5,2,3,2,3,93006,M,,,93
201500040648,15,11,19,1640,2,2,1,2,6,93063,M,,,93
201500040649,15,11,19,1720,5,2,1,2,6,93063,M,,,93
201500040650,15,6,16,1820,1,1,1,1,6,93061,M,,,93
201500040651,15,11,29,2300,5,2,2,1,1,93063,M,,,93
201500040652,15,12,4,1800,5,2,1,1,3,93006,M,,,93
201500040653,15,12,8,1745,5,2,2,2,6,93006,M,,,93
201500040654,15,12,9,830,1,2,1,8,3,93063,M,,,93
201500040655,15,12,9,845,1,2,1,1,6,93045,M,,,93
201500040656,15,12,11,1140,1,2,1,8,3,93063,M,,,93
201500040657,15,12,12,1630,2,2,1,1,6,93063,M,,,93
201500040658,15,12,17,2110,5,2,1,1,6,93063,M,,,93
201500040659,15,12,21,1900,5,2,1,2,2,93063,M,,,93
201500040660,15,12,28,1230,1,2,1,1,1,93063,M,,,93
201500040661,15,8,10,2245,5,2,3,1,2,93063,M,,,93
201500040662,15,5,10,1130,1,2,2,1,3,93006,M,,,93
201500040663,15,5,16,1130,1,2,1,1,7,93045,M,,,93
201500040664,15,5,26,905,1,2,1,1,3,93045,M,,,93
201500040665,15,6,1,1830,1,2,1,1,4,93006,M,,,93
201500040666,15,6,5,1420,1,2,2,1,3,93006,M,,,93
201500040667,15,6,6,1400,1,2,1,1,6,93045,M,,,93
201500040668,15,6,9,1245,1,2,2,7,1,93045,M,,,93
201500040669,15,6,12,1000,1,2,1,1,6,93006,M,,,93
201500040670,15,1,2,910,1,2,2,8,3,93046,M,,,93
201500040671,15,1,6,2235,5,2,1,1,6,93046,M,,,93
201500040672,15,1,7,800,1,2,1,8,6,93046,M,,,93
201500040673,15,1,13,830,1,2,1,1,6,93046,M,,,93
201500040674,15,1,23,1345,1,2,2,1,3,93074,M,,,93
201500040675,15,1,23,2055,5,2,2,9,3,93046,M,,,93
201500040676,15,1,24,2150,5,2,2,1,3,93046,M,,,93
201500040677,15,1,30,2220,5,2,9,1,3,93046,M,,,93
201500040678,15,2,1,2050,5,2,1,2,6,93046,M,,,93
201500040679,15,2,5,1640,1,2,1,1,2,93046,M,,,93
201500040680,15,2,6,1019,1,2,1,1,6,93046,M,,,93
201500040681,15,2,7,2030,5,2,2,1,1,93046,M,,,93
201500040682,15,2,8,2040,5,2,2,1,1,93046,M,,,93
201500040683,15,2,21,1730,1,2,1,1,6,93046,M,,,93
201500040684,15,2,27,1700,1,2,1,1,7,93046,M,,,93
201500040685,15,3,6,1940,5,2,2,1,3,93046,M,,,93
201500040686,15,3,11,1900,5,2,1,1,3,93074,M,,,93
201500040687,15,3,13,1005,1,2,1,1,3,93046,M,,,93
201500040688,15,3,16,1325,1,2,1,1,6,93074,M,,,93
201500040689,15,3,17,855,1,2,2,1,1,93074,M,,,93
201500040690,15,3,17,1650,1,2,1,1,6,93046,M,,,93
201500040691,15,3,17,1730,1,2,1,1,3,93046,M,,,93
201500040692,15,3,20,1315,1,2,5,1,1,93046,M,,,93
201500040693,15,3,22,2210,5,2,1,1,2,93046,M,,,93
201500040694,15,3,30,850,1,2,3,1,7,93046,M,,,93
201500040695,15,4,2,1155,1,2,1,2,4,93046,M,,,93
201500040696,15,4,3,1915,1,2,1,2,6,93046,M,,,93
201500040697,15,4,5,640,2,2,2,1,2,93046,M,,,93
201500040698,15,3,26,1530,1,2,1,2,6,93046,M,,,93
201500040699,15,4,11,1945,1,2,3,1,6,93046,M,,,93
201500040700,15,4,18,1610,1,2,1,1,6,93046,M,,,93
201500040701,15,4,18,2130,5,2,2,1,3,93046,M,,,93
201500040702,15,4,24,815,1,2,1,1,3,93074,M,,,93
201500040703,15,4,25,445,5,2,2,2,2,93046,M,,,93
201500040704,15,5,1,120,5,2,2,2,3,93046,M,,,93
201500040705,15,5,2,2130,5,2,3,2,6,93046,M,,,93
201500040706,15,5,4,750,1,2,1,1,3,93015,M,,,93
201500040707,15,5,13,1700,1,2,1,1,3,93046,M,,,93
201500040708,15,5,19,740,1,2,2,7,1,93015,M,,,93
201500040709,15,5,20,820,1,2,2,1,3,93046,M,,,93
201500040710,15,5,20,1656,1,2,1,8,6,93046,M,,,93
201500040711,15,5,27,1920,1,2,2,1,6,93046,M,,,93
201500040712,15,5,30,1720,1,2,1,1,2,93046,M,,,93
201500040713,15,5,31,1100,1,1,1,3,2,93074,M,,,93
201500040714,15,6,7,2020,1,2,2,1,3,93046,M,,,93
201500040715,15,6,11,1910,1,2,1,1,2,93074,M,,,93
201500040716,15,6,15,1450,1,2,3,1,6,93046,M,,,93
201500040717,15,6,17,1010,1,2,1,1,2,93046,M,,,93
201500040718,15,6,17,1938,1,2,2,7,1,93046,M,,,93
201500040719,15,6,18,1405,1,2,2,8,3,93046,M,,,93
201500040720,15,6,19,1325,1,2,2,1,3,93046,M,,,93
201500040721,15,6,25,1900,1,2,5,1,1,93046,M,,,93
201500040722,15,6,26,2041,1,2,2,1,3,93046,M,,,93
201500040723,15,7,2,1830,1,2,1,1,6,93046,M,,,93
201500040724,15,7,2,1935,1,2,2,1,3,93046,M,,,93
201500040725,15,7,5,2050,2,1,1,1,6,93046,M,,,93
201500040726,15,7,5,2340,5,2,1,1,4,93046,M,,,93
201500040727,15,7,6,905,1,2,1,1,2,93046,M,,,93
201500040728,15,7,7,1130,1,2,2,1,6,93046,M,,,93
201500040729,15,7,8,1412,1,2,1,8,4,93046,M,,,93
201500040730,15,7,10,810,1,2,2,1,3,93074,M,,,93
201500040731,15,7,15,1422,1,1,1,1,7,93074,M,,,93
201500040732,15,7,16,2215,5,2,1,1,3,93046,M,,,93
201500040733,15,7,18,320,3,1,1,1,7,93074,M,,,93
201500040734,15,7,19,2225,5,2,1,1,3,93046,M,,,93
201500040735,15,7,21,1530,1,2,3,1,2,93046,M,,,93
201500040736,15,8,5,1925,1,2,2,1,5,93046,M,,,93
201500040737,15,8,10,1725,1,2,1,1,6,93074,M,,,93
201500040738,15,8,13,1501,1,2,1,1,6,93074,M,,,93
201500040739,15,7,27,1045,1,2,2,8,3,93046,M,,,93
201500040740,15,8,13,1725,1,2,2,1,1,93046,M,,,93
201500040741,15,8,18,1650,1,2,2,1,3,93046,M,,,93
201500040742,15,8,22,1830,1,2,1,1,6,93046,M,,,93
201500040743,15,9,3,1410,1,2,2,1,3,93046,M,,,93
201500040744,15,9,6,920,1,2,1,1,3,93046,M,,,93
201500040745,15,9,9,2130,5,2,2,1,1,93046,M,,,93
201500040746,15,9,12,2015,5,2,2,2,3,93046,M,,,93
201500040747,15,9,15,2350,5,2,1,2,5,93046,M,,,93
201500040748,15,9,19,655,1,2,1,1,6,93046,M,,,93
201500040749,15,9,26,105,5,2,2,1,4,93046,M,,,93
201500040750,15,9,27,1840,1,2,2,1,3,93046,M,,,93
201500040751,15,9,27,1750,1,2,3,1,3,93046,M,,,93
201500040752,15,9,27,2110,5,2,1,1,1,93074,M,,,93
201500040753,15,9,29,1705,1,1,1,1,2,93046,M,,,93
201500040754,15,9,30,930,1,2,3,1,6,93046,M,,,93
201500040755,15,10,2,1050,1,2,1,1,6,93046,M,,,93
201500040756,15,10,7,1110,1,2,2,1,3,93015,M,,,93
201500040757,15,10,13,645,5,2,1,1,2,93046,M,,,93
201500040758,15,10,15,830,1,2,1,1,6,93046,M,,,93
201500040759,15,10,22,2155,3,1,1,2,2,93074,M,,,93
201500040760,15,10,23,1640,1,2,1,1,2,93046,M,,,93
201500040761,15,10,28,1825,5,2,2,1,6,93046,M,,,93
201500040762,15,10,18,1820,1,2,1,1,3,93046,M,,,93
201500040763,15,11,7,1155,1,2,1,1,3,93046,M,,,93
201500040764,15,11,11,615,5,2,2,5,6,93015,M,,,93
201500040765,15,11,23,835,1,2,1,1,1,93046,M,,,93
201500040766,15,11,20,1610,2,2,1,2,1,93074,M,,,93
201500040767,15,11,28,928,1,2,3,9,3,93046,M,,,93
201500040768,15,11,30,2035,5,2,5,1,3,93046,M,,,93
201500040769,15,12,7,1945,5,2,1,1,3,93046,M,,,93
201500040770,15,12,11,1745,5,2,1,2,6,93046,M,,,93
201500040771,15,12,12,855,1,2,9,1,2,93046,M,,,93
201500040772,15,12,17,855,1,2,6,1,3,93074,M,,,93
201500040773,15,12,21,1802,5,2,1,2,6,93046,M,,,93
201500040774,15,12,23,2310,5,2,2,1,3,93046,M,,,93
201500040775,15,12,25,1855,5,2,1,2,6,93046,M,,,93
201500040776,15,12,30,2130,5,2,2,1,4,93046,M,,,93
201500040777,15,9,5,2125,5,2,2,1,6,93046,M,,,93
201500040778,15,9,8,1830,1,2,1,1,3,93046,M,,,93
201500040779,15,1,4,2210,5,2,2,1,3,93048,M,,,93
201500040780,15,1,5,1850,5,2,1,1,6,93048,M,,,93
201500040781,15,1,12,1440,1,2,3,1,3,93048,M,,,93
201500040782,15,1,14,1710,1,2,1,1,3,93048,M,,,93
201500040783,15,1,16,1245,1,2,2,1,3,93048,M,,,93
201500040784,15,1,21,1940,3,2,2,1,6,93048,M,,,93
201500040785,15,1,26,1620,1,2,4,2,6,93048,M,,,93
201500040786,15,1,28,1630,1,2,3,2,6,93048,M,,,93
201500040787,15,1,28,2045,3,2,1,2,3,93048,M,,,93
201500040788,15,1,29,1145,1,2,1,1,3,93048,M,,,93
201500040789,15,1,30,1550,1,2,1,9,3,93048,M,,,93
201500040790,15,2,4,1815,5,2,1,1,6,93048,M,,,93
201500040791,15,2,11,1340,1,2,1,1,2,93048,M,,,93
201500040792,15,2,11,2050,5,2,2,1,3,93048,M,,,93
201500040793,15,2,12,800,1,2,1,1,6,93048,M,,,93
201500040794,15,2,16,1730,1,2,1,1,6,93048,M,,,93
201500040795,15,2,25,1430,1,1,1,2,1,93048,M,,,93
201500040796,15,3,11,850,1,2,1,1,6,93048,M,,,93
201500040797,15,3,12,1700,1,2,1,1,6,93048,M,,,93
201500040798,15,3,22,2330,5,2,1,1,6,93048,M,,,93
201500040799,15,3,27,1200,1,2,1,1,6,93048,M,,,93
201500040800,15,3,30,2335,5,2,1,1,6,93048,M,,,93
201500040801,15,4,2,1540,1,2,3,3,3,93048,M,,,93
201500040802,15,4,2,1700,1,2,1,2,2,93048,M,,,93
201500040803,15,4,13,1105,1,2,1,1,6,93048,M,,,93
201500040804,15,4,14,1855,1,2,1,1,6,93048,M,,,93
201500040805,15,4,15,745,1,2,1,1,6,93048,M,,,93
201500040806,15,4,15,1755,1,2,1,1,6,93048,M,,,93
201500040807,15,4,20,830,1,2,3,1,2,93048,M,,,93
201500040808,15,4,21,932,1,2,1,1,2,93048,M,,,93
201500040809,15,4,25,5,3,2,1,2,3,93048,M,,,93
201500040810,15,5,7,730,1,2,1,7,1,93048,M,,,93
201500040811,15,5,18,2035,1,1,2,8,6,93048,M,,,93
201500040812,15,5,19,810,1,2,1,1,6,93048,M,,,93
201500040813,15,5,22,1215,1,2,3,1,3,93048,M,,,93
201500040814,15,5,22,1445,1,2,1,1,6,93048,M,,,93
201500040815,15,5,22,2000,1,2,2,1,6,93048,M,,,93
201500040816,15,5,27,710,1,2,1,1,1,93048,M,,,93
201500040817,15,6,2,1750,1,2,1,1,2,93048,M,,,93
201500040818,15,6,4,1900,1,2,1,1,2,93048,M,,,93
201500040819,15,6,7,1127,1,2,2,1,3,93048,M,,,93
201500040820,15,6,8,1520,1,2,3,1,7,93048,M,,,93
201500040821,15,6,15,1850,1,2,9,1,6,93048,M,,,93
201500040822,15,6,18,1315,1,2,1,1,6,93048,M,,,93
201500040823,15,6,19,805,1,2,2,1,3,93048,M,,,93
201500040824,15,6,25,2305,5,2,1,1,3,93048,M,,,93
201500040825,15,7,3,910,1,2,9,1,6,93048,M,,,93
201500040826,15,7,10,1700,1,2,2,1,6,93048,M,,,93
201500040827,15,7,13,1530,1,2,1,1,6,93048,M,,,93
201500040828,15,7,21,1830,1,2,2,1,6,93048,M,,,93
201500040829,15,8,3,2345,5,2,2,1,3,93048,M,,,93
201500040830,15,8,5,1945,1,2,1,1,3,93048,M,,,93
201500040831,15,8,8,120,5,2,2,1,3,93048,M,,,93
201500040832,15,8,15,1030,1,1,4,2,6,93064,M,,,93
201500040833,15,8,21,1310,1,2,3,1,7,93048,M,,,93
201500040834,15,9,1,755,2,2,1,2,3,93048,M,,,93
201500040835,15,9,6,2140,5,2,4,1,3,93048,M,,,93
201500040836,15,9,8,1215,1,2,1,1,3,93048,M,,,93
201500040837,15,9,10,2230,5,2,3,1,3,93048,M,,,93
201500040838,15,9,11,1045,1,2,1,1,6,93048,M,,,93
201500040839,15,9,11,2145,5,2,1,1,6,93048,M,,,93
201500040840,15,9,13,1245,1,2,2,3,3,93048,M,,,93
201500040841,15,9,20,2000,5,2,1,1,3,93048,M,,,93
201500040842,15,9,27,1220,1,2,1,1,3,93048,M,,,93
201500040843,15,9,28,920,1,2,1,1,6,93048,M,,,93
201500040844,15,9,26,1027,1,2,2,1,6,93048,M,,,93
201500040845,15,9,29,1535,1,2,1,1,3,93048,M,,,93
201500040846,15,9,30,1950,5,2,3,1,6,93048,M,,,93
201500040847,15,10,2,1645,1,2,1,1,3,93048,M,,,93
201500040848,15,10,5,1837,5,2,1,3,6,93048,M,,,93
201500040849,15,10,10,1315,1,2,1,1,6,93048,M,,,93
201500040850,15,10,12,850,1,2,9,8,6,93048,M,,,93
201500040851,15,10,12,920,1,2,2,8,3,93048,M,,,93
201500040852,15,10,15,730,2,2,1,2,1,93048,M,,,93
201500040853,15,10,15,1200,1,2,2,1,3,93048,M,,,93
201500040854,15,10,15,1335,1,2,1,1,6,93048,M,,,93
201500040855,15,10,15,1940,3,2,1,2,6,93048,M,,,93
201500040856,15,10,27,1930,5,2,1,2,3,93048,M,,,93
201500040857,15,10,30,1345,1,2,1,1,3,93048,M,,,93
201500040858,15,10,31,1105,1,2,1,8,6,93048,M,,,93
201500040859,15,11,1,1605,1,2,1,1,3,93048,M,,,93
201500040860,15,11,1,2330,5,2,1,1,1,93048,M,,,93
201500040861,15,11,3,2225,5,2,2,2,3,93048,M,,,93
201500040862,15,11,5,800,1,2,2,1,6,93048,M,,,93
201500040863,15,11,6,235,5,2,1,2,6,93048,M,,,93
201500040864,15,11,9,910,1,2,3,1,3,93048,M,,,93
201500040865,15,11,11,1730,5,2,1,1,3,93048,M,,,93
201500040866,15,11,12,1430,1,2,1,1,3,93048,M,,,93
201500040867,15,11,17,1950,5,2,3,2,6,93048,M,,,93
201500040868,15,11,18,1720,5,2,2,1,3,93048,M,,,93
201500040869,15,11,23,940,1,2,1,1,3,93048,M,,,93
201500040870,15,11,23,1220,1,2,2,1,3,93048,M,,,93
201500040871,15,11,23,1955,5,2,1,1,6,93048,M,,,93
201500040872,15,11,26,1745,5,2,3,1,3,93048,M,,,93
201500040873,15,11,28,1600,1,2,1,1,3,93048,M,,,93
201500040874,15,11,29,1905,3,2,2,1,3,93048,M,,,93
201500040875,15,12,1,810,2,2,2,1,6,93048,M,,,93
201500040876,15,12,1,1415,1,2,1,1,3,93048,M,,,93
201500040877,15,12,4,750,1,2,3,8,6,93048,M,,,93
201500040878,15,12,4,1730,2,2,1,1,6,93048,M,,,93
201500040879,15,12,8,1045,1,2,3,1,3,93048,M,,,93
201500040880,15,12,9,1830,5,2,1,3,6,93048,M,,,93
201500040881,15,12,9,1555,1,2,1,1,6,93048,M,,,93
201500040882,15,12,16,730,1,2,1,2,2,93048,M,,,93
201500040883,15,12,16,1430,1,2,3,1,3,93048,M,,,93
201500040884,15,12,17,910,1,2,1,1,6,93048,M,,,93
201500040885,15,1,5,730,5,2,3,1,3,93049,M,,,93
201500040886,15,1,9,1450,1,2,1,9,3,93049,M,,,93
201500040887,15,1,14,1625,1,2,4,8,6,93050,M,,,93
201500040888,15,1,15,1400,1,2,1,2,6,93049,M,,,93
201500040889,15,1,24,30,5,2,1,1,2,93050,M,,,93
201500040890,15,1,23,1655,1,2,1,8,6,93050,M,,,93
201500040891,15,1,22,1345,1,2,1,1,6,93050,M,,,93
201500040892,15,1,28,2100,4,2,2,1,3,93049,M,,,93
201500040893,15,2,12,910,1,2,1,1,2,93050,M,,,93
201500040894,15,2,12,1345,1,2,3,1,3,93050,M,,,93
201500040895,15,2,16,1915,5,2,1,1,6,93049,M,,,93
201500040896,15,2,28,2120,5,2,1,1,6,93050,M,,,93
201500040897,15,3,2,920,1,2,3,1,2,93050,M,,,93
201500040898,15,3,9,530,5,2,1,1,2,93050,M,,,93
201500040899,15,3,13,855,1,2,3,1,3,93050,M,,,93
201500040900,15,3,30,2130,5,2,1,1,6,93050,M,,,93
201500040901,15,4,8,1730,1,2,3,1,6,93049,M,,,93
201500040902,15,4,8,1745,1,2,1,1,3,93050,M,,,93
201500040903,15,4,10,1940,2,2,3,1,3,93050,M,,,93
201500040904,15,4,23,650,1,2,2,1,3,93049,M,,,93
201500040905,15,4,24,740,1,2,2,1,3,93049,M,,,93
201500040906,15,5,4,1630,1,2,1,3,6,93050,M,,,93
201500040907,15,5,6,1700,1,2,2,1,6,93050,M,,,93
201500040908,15,5,7,1545,1,2,3,1,3,93050,M,,,93
201500040909,15,5,10,1045,1,2,1,1,2,93050,M,,,93
201500040910,15,5,16,1020,1,2,2,1,6,93049,M,,,93
201500040911,15,5,17,2005,1,2,1,1,6,93050,M,,,93
201500040912,15,5,20,1200,1,2,1,3,6,93049,M,,,93
201500040913,15,5,24,1745,1,2,1,1,6,93049,M,,,93
201500040914,15,5,26,730,1,2,1,7,4,93050,M,,,93
201500040915,15,5,27,1540,1,2,1,1,3,93050,M,,,93
201500040916,15,5,29,1400,1,2,3,1,1,93049,M,,,93
201500040917,15,6,2,145,5,2,2,1,3,93050,M,,,93
201500040918,15,6,12,2030,5,2,1,1,6,93049,M,,,93
201500040919,15,6,14,2355,5,2,1,1,6,93050,M,,,93
201500040920,15,6,18,1715,1,2,1,1,6,93050,M,,,93
201500040921,15,6,22,1138,1,2,1,1,2,93050,M,,,93
201500040922,15,6,26,1025,1,2,1,1,6,93050,M,,,93
201500040923,15,6,30,2140,1,2,1,1,6,93050,M,,,93
201500040924,15,7,1,800,1,2,2,1,3,93050,M,,,93
201500040925,15,7,9,1130,1,1,3,1,3,93050,M,,,93
201500040926,15,7,8,1640,1,2,1,1,4,93050,M,,,93
201500040927,15,7,10,730,1,2,1,1,4,93050,M,,,93
201500040928,15,8,11,1615,1,2,1,1,7,93050,M,,,93
201500040929,15,8,22,1110,1,2,1,1,2,93049,M,,,93
201500040930,15,8,22,2130,5,2,3,1,3,93050,M,,,93
201500040931,15,8,5,1150,1,2,3,1,3,93049,M,,,93
201500040932,15,8,23,1730,1,2,1,1,6,93050,M,,,93
201500040933,15,8,25,2125,5,2,2,2,3,93050,M,,,93
201500040934,15,8,30,1345,1,2,1,1,6,93050,M,,,93
201500040935,15,9,9,1559,1,2,1,1,6,93050,M,,,93
201500040936,15,9,10,1205,1,2,1,1,6,93049,M,,,93
201500040937,15,9,10,1730,1,2,1,1,3,93050,M,,,93
201500040938,15,9,13,1500,1,2,1,1,2,93050,M,,,93
201500040939,15,9,14,800,1,2,2,3,6,93050,M,,,93
201500040940,15,9,16,1140,1,2,1,3,3,93050,M,,,93
201500040941,15,9,17,1545,1,2,3,1,3,93050,M,,,93
201500040942,15,9,19,1420,1,2,4,1,3,93050,M,,,93
201500040943,15,9,28,1550,1,2,1,1,4,93050,M,,,93
201500040944,15,9,28,1115,1,2,2,1,3,93049,M,,,93
201500040945,15,10,3,1700,1,2,1,1,6,93050,M,,,93
201500040946,15,10,8,1445,1,2,1,1,6,93050,M,,,93
201500040947,15,10,9,1140,1,2,1,1,1,93050,M,,,93
201500040948,15,10,4,1800,1,2,1,1,6,93049,M,,,93
201500040949,15,10,12,805,1,2,1,1,2,93050,M,,,93
201500040950,15,10,29,1845,5,2,1,1,6,93050,M,,,93
201500040951,15,11,6,2130,5,2,1,2,6,93050,M,,,93
201500040952,15,10,29,1800,2,2,1,1,3,93049,M,,,93
201500040953,15,11,4,1335,1,2,2,1,3,93049,M,,,93
201500040954,15,11,12,640,5,2,1,1,6,93050,M,,,93
201500040955,15,11,19,915,1,2,1,8,3,93050,M,,,93
201500040956,15,11,25,1045,1,2,1,2,5,93050,M,,,93
201500040957,15,12,10,1155,1,2,3,1,3,93049,M,,,93
201500040958,15,12,4,920,1,2,2,1,3,93049,M,,,93
201500040959,15,12,9,1710,5,2,1,1,1,93050,M,,,93
201500040960,15,1,12,1330,1,2,2,1,3,93051,M,,,93
201500040961,15,1,13,2345,3,2,9,2,3,93051,M,,,93
201500040962,15,1,17,1850,5,2,3,1,3,93051,M,,,93
201500040963,15,1,28,1830,5,2,1,2,3,93051,M,,,93
201500040964,15,2,1,1,5,2,1,2,6,93051,M,,,93
201500040965,15,2,3,1750,5,2,1,1,6,93051,M,,,93
201500040966,15,2,4,1635,1,2,1,1,2,93051,M,,,93
201500040967,15,2,9,850,1,2,1,1,6,93051,M,,,93
201500040968,15,2,13,845,1,2,1,1,6,93051,M,,,93
201500040969,15,2,14,1935,5,2,1,2,6,93051,M,,,93
201500040970,15,2,22,1350,1,2,1,1,3,93051,M,,,93
201500040971,15,2,26,1600,1,2,3,2,3,93033,M,,,93
201500040972,15,3,2,1135,1,2,2,1,6,93051,M,,,93
201500040973,15,3,4,440,3,2,1,1,1,93051,M,,,93
201500040974,15,3,9,1655,1,2,2,1,3,93051,M,,,93
201500040975,15,3,20,2356,5,2,1,1,7,93051,M,,,93
201500040976,15,3,24,850,1,2,2,2,3,93051,M,,,93
201500040977,15,3,30,730,2,2,3,8,3,93051,M,,,93
201500040978,15,4,1,840,1,2,3,1,3,93051,M,,,93
201500040979,15,4,2,1120,1,2,2,1,3,93051,M,,,93
201500040980,15,4,9,1430,1,2,1,1,6,93051,M,,,93
201500040981,15,4,29,2120,5,2,1,1,6,93051,M,,,93
201500040982,15,4,30,1918,1,2,1,2,6,93051,M,,,93
201500040983,15,5,7,1215,1,2,2,1,6,93051,M,,,93
201500040984,15,5,29,1615,1,2,1,1,6,93051,M,,,93
201500040985,15,6,2,2235,3,2,9,1,3,93051,M,,,93
201500040986,15,6,3,1140,1,2,1,1,6,93051,M,,,93
201500040987,15,6,6,1630,1,2,3,1,3,93051,M,,,93
201500040988,15,6,7,1230,1,2,1,1,6,93051,M,,,93
201500040989,15,6,17,1625,1,2,3,1,3,93051,M,,,93
201500040990,15,6,22,1210,1,2,1,1,3,93051,M,,,93
201500040991,15,7,1,1250,1,2,1,1,6,93051,M,,,93
201500040992,15,7,3,1145,1,2,1,7,6,93051,M,,,93
201500040993,15,7,4,2040,1,2,1,1,2,93051,M,,,93
201500040994,15,7,7,1230,1,2,2,1,5,93051,M,,,93
201500040995,15,7,16,1600,1,2,9,1,4,93051,M,,,93
201500040996,15,8,3,1455,1,2,3,1,3,93051,M,,,93
201500040997,15,8,10,2300,5,2,1,1,6,93051,M,,,93