Num_Acc,an,mois,jour,hrmn,lum,agg,int,atm,col,com,gps,lat,long,dep
201500040998,15,8,15,2115,2,2,3,1,6,93051,M,,,93
201500040999,15,8,18,1505,1,2,1,1,2,93051,M,,,93
201500041000,15,9,2,1830,1,2,1,1,6,93051,M,,,93
201500041001,15,9,3,1807,1,2,3,1,3,93051,M,,,93
201500041002,15,9,3,1900,1,2,1,1,2,93033,M,,,93
201500041003,15,9,6,1030,1,2,1,1,3,93033,M,,,93
201500041004,15,9,6,1325,1,2,1,1,7,93051,M,,,93
201500041005,15,9,10,115,5,2,1,1,6,93051,M,,,93
201500041006,15,9,12,1445,1,2,3,3,3,93051,M,,,93
201500041007,15,9,15,930,1,2,6,1,3,93051,M,,,93
201500041008,15,9,18,1615,1,2,1,3,6,93051,M,,,93
201500041009,15,9,22,2011,5,2,3,2,1,93051,M,,,93
201500041010,15,9,28,835,1,2,1,1,6,93051,M,,,93
201500041011,15,9,29,1410,1,2,1,1,2,93033,M,,,93
201500041012,15,10,4,100,5,2,1,1,3,93033,M,,,93
201500041013,15,10,7,1525,1,2,1,2,6,93051,M,,,93
201500041014,15,10,11,1625,1,2,1,1,6,93051,M,,,93
201500041015,15,10,13,2040,5,2,1,1,2,93033,M,,,93
201500041016,15,10,13,2000,5,2,2,1,3,93051,M,,,93
201500041017,15,10,14,1330,1,2,1,1,6,93051,M,,,93
201500041018,15,10,14,1611,1,2,1,1,3,93051,M,,,93
201500041019,15,10,15,2215,5,2,1,2,6,93051,M,,,93
201500041020,15,10,15,2000,5,2,1,2,6,93051,M,,,93
201500041021,15,10,19,1935,5,2,1,1,6,93051,M,,,93
201500041022,15,10,21,1620,1,2,1,2,1,93033,M,,,93
201500041023,15,10,25,1820,1,2,1,1,3,93051,M,,,93
201500041024,15,11,17,1330,1,2,4,2,3,93051,M,,,93
201500041025,15,11,17,1250,1,2,1,2,3,93051,M,,,93
201500041026,15,11,17,1450,1,2,3,8,3,93051,M,,,93
201500041027,15,11,19,2255,5,2,2,2,2,93051,M,,,93
201500041028,15,11,25,1150,1,2,9,2,6,93051,M,,,93
201500041029,15,11,27,910,1,2,6,5,6,93051,M,,,93
201500041030,15,11,27,1445,1,2,1,1,6,93051,M,,,93
201500041031,15,12,8,1820,5,2,1,2,6,93051,M,,,93
201500041032,15,12,12,1645,2,2,3,8,3,93051,M,,,93
201500041033,15,12,18,1840,5,2,1,2,6,93051,M,,,93
201500041034,15,12,20,1950,5,2,1,2,7,93051,M,,,93
201500041035,15,12,26,2055,5,2,2,1,5,93051,M,,,93
201500041036,15,1,18,1450,1,2,3,1,3,93053,M,,,93
201500041037,15,1,24,1725,5,2,1,1,5,93053,M,,,93
201500041038,15,1,25,1610,1,2,2,1,3,93053,M,,,93
201500041039,15,2,11,1045,1,2,1,1,7,93053,M,,,93
201500041040,15,2,21,2240,5,2,1,1,4,93053,M,,,93
201500041041,15,2,23,1130,1,2,1,2,6,93053,M,,,93
201500041042,15,3,3,1115,1,2,2,1,3,93053,M,,,93
201500041043,15,3,5,1550,1,2,1,1,3,93053,M,,,93
201500041044,15,3,6,1955,5,2,2,1,3,93053,M,,,93
201500041045,15,3,10,930,1,2,1,2,6,93053,M,,,93
201500041046,15,3,12,1550,1,2,3,1,3,93053,M,,,93
201500041047,15,3,24,1237,1,2,1,1,1,93053,M,,,93
201500041048,15,4,2,1600,1,2,2,2,6,93053,M,,,93
201500041049,15,4,27,1350,1,2,1,1,2,93053,M,,,93
201500041050,15,5,20,1735,1,2,1,1,2,93053,M,,,93
201500041051,15,5,13,1305,1,2,1,1,6,93053,M,,,93
201500041052,15,4,13,1630,1,2,1,1,3,93053,M,,,93
201500041053,15,4,21,1330,1,2,3,1,3,93053,M,,,93
201500041054,15,5,9,1455,1,2,4,1,3,93053,M,,,93
201500041055,15,5,11,1655,1,2,1,1,6,93053,M,,,93
201500041056,15,5,22,920,1,2,1,1,3,93053,M,,,93
201500041057,15,5,22,1500,1,2,1,1,3,93053,M,,,93
201500041058,15,5,30,1610,1,2,1,1,6,93053,M,,,93
201500041059,15,6,5,1425,1,2,1,1,3,93053,M,,,93
201500041060,15,6,9,1740,1,2,1,1,6,93053,M,,,93
201500041061,15,6,13,1445,1,2,3,1,3,93053,M,,,93
201500041062,15,6,20,1850,1,2,1,1,2,93053,M,,,93
201500041063,15,6,22,1015,1,2,1,8,6,93053,M,,,93
201500041064,15,6,30,950,1,2,6,1,3,93053,M,,,93
201500041065,15,7,4,1955,1,2,1,1,6,93053,M,,,93
201500041066,15,7,19,2240,5,2,1,1,3,93053,M,,,93
201500041067,15,7,22,1330,1,2,1,1,6,93053,M,,,93
201500041068,15,7,23,815,1,2,1,1,2,93053,M,,,93
201500041069,15,7,26,1,5,2,2,1,3,93053,M,,,93
201500041070,15,7,26,740,1,2,1,1,2,93053,M,,,93
201500041071,15,7,29,950,1,2,1,1,3,93053,M,,,93
201500041072,15,8,8,800,1,2,1,1,3,93053,M,,,93
201500041073,15,9,3,1630,1,2,1,1,2,93053,M,,,93
201500041074,15,9,10,1910,1,2,1,1,4,93053,M,,,93
201500041075,15,9,14,600,5,2,2,1,3,93053,M,,,93
201500041076,15,9,18,1731,1,2,2,8,3,93053,M,,,93
201500041077,15,9,20,235,5,2,1,1,7,93053,M,,,93
201500041078,15,9,23,1142,1,2,2,1,3,93053,M,,,93
201500041079,15,9,26,1615,1,2,1,1,6,93053,M,,,93
201500041080,15,9,30,920,1,2,1,1,2,93053,M,,,93
201500041081,15,10,7,1615,1,2,1,1,6,93053,M,,,93
201500041082,15,10,11,1730,1,2,1,1,3,93053,M,,,93
201500041083,15,10,14,950,1,2,1,1,5,93053,M,,,93
201500041084,15,10,21,1700,1,2,1,1,6,93053,M,,,93
201500041085,15,10,23,1825,1,2,3,1,2,93053,M,,,93
201500041086,15,10,29,2130,5,2,3,1,3,93053,M,,,93
201500041087,15,10,31,30,5,2,3,1,2,93053,M,,,93
201500041088,15,11,3,1920,5,2,9,1,3,93053,M,,,93
201500041089,15,11,21,1440,1,2,1,2,2,93053,M,,,93
201500041090,15,12,4,740,2,2,2,2,3,93053,M,,,93
201500041091,15,12,4,820,2,2,1,8,3,93053,M,,,93
201500041092,15,12,4,2140,5,2,1,9,1,93053,M,,,93
201500041093,15,12,7,1900,5,2,1,1,2,93053,M,,,93
201500041094,15,12,9,1835,1,2,1,1,6,93053,M,,,93
201500041095,15,12,16,1255,1,2,1,1,7,93053,M,,,93
201500041096,15,12,18,1005,1,2,1,2,2,93053,M,,,93
201500041097,15,12,20,1830,5,2,1,1,4,93053,M,,,93
201500041098,15,1,23,1800,5,2,1,1,6,93055,M,,,93
201500041099,15,1,30,1745,2,2,1,1,6,93055,M,,,93
201500041100,15,1,31,2330,5,2,1,1,3,93055,M,,,93
201500041101,15,2,9,1015,1,2,1,1,1,93055,M,,,93
201500041102,15,2,10,1830,5,2,1,8,6,93055,M,,,93
201500041103,15,2,16,2020,5,2,4,1,6,93055,M,,,93
201500041104,15,2,24,2010,5,2,1,1,6,93055,M,,,93
201500041105,15,2,27,1144,1,2,2,1,3,93055,M,,,93
201500041106,15,3,2,1645,1,2,1,1,6,93055,M,,,93
201500041107,15,3,9,135,5,2,1,1,7,93055,M,,,93
201500041108,15,3,9,1815,1,2,1,1,6,93055,M,,,93
201500041109,15,3,11,1820,1,2,1,1,3,93055,M,,,93
201500041110,15,3,13,1815,1,2,1,1,6,93055,M,,,93
201500041111,15,4,13,1200,1,2,9,1,6,93055,M,,,93
201500041112,15,4,18,855,1,2,1,1,2,93055,M,,,93
201500041113,15,5,1,1345,1,2,1,2,2,93055,M,,,93
201500041114,15,5,14,1140,1,2,2,1,2,93055,M,,,93
201500041115,15,5,29,1700,1,2,1,1,2,93055,M,,,93
201500041116,15,6,1,840,1,2,1,1,4,93055,M,,,93
201500041117,15,6,2,2020,2,2,1,1,3,93055,M,,,93
201500041118,15,6,19,930,1,2,1,1,3,93055,M,,,93
201500041119,15,6,22,1805,1,2,1,3,3,93055,M,,,93
201500041120,15,6,25,1650,1,2,1,1,1,93055,M,,,93
201500041121,15,6,28,2130,5,2,1,1,3,93055,M,,,93
201500041122,15,7,6,1,5,2,1,1,6,93055,M,,,93
201500041123,15,7,7,30,5,2,1,1,2,93055,M,,,93
201500041124,15,7,15,1915,1,2,2,1,3,93055,M,,,93
201500041125,15,7,16,1719,1,2,1,1,7,93055,M,,,93
201500041126,15,8,2,1215,1,2,1,1,6,93055,M,,,93
201500041127,15,8,8,840,1,2,1,1,6,93055,M,,,93
201500041128,15,8,11,1015,1,2,1,1,3,93055,M,,,93
201500041129,15,8,17,1640,1,2,1,1,3,93055,M,,,93
201500041130,15,8,19,815,1,2,9,1,6,93055,M,,,93
201500041131,15,8,24,1850,1,2,1,2,2,93055,M,,,93
201500041132,15,9,2,2125,5,2,1,1,6,93055,M,,,93
201500041133,15,9,12,1120,1,2,1,3,3,93055,M,,,93
201500041134,15,9,14,1500,1,2,1,3,7,93055,M,,,93
201500041135,15,9,14,1530,1,2,1,1,6,93055,M,,,93
201500041136,15,9,15,1910,1,2,3,2,3,93055,M,,,93
201500041137,15,9,23,740,1,2,1,1,3,93055,M,,,93
201500041138,15,9,28,1120,1,2,1,1,3,93055,M,,,93
201500041139,15,10,12,715,5,2,2,1,6,93055,M,,,93
201500041140,15,10,14,1310,1,2,1,1,3,93055,M,,,93
201500041141,15,10,16,1115,1,2,1,2,6,93055,M,,,93
201500041142,15,10,19,2030,5,2,1,1,2,93055,M,,,93
201500041143,15,10,27,825,1,2,2,1,6,93055,M,,,93
201500041144,15,11,8,530,5,2,3,1,3,93055,M,,,93
201500041145,15,11,8,1935,5,2,1,1,2,93055,M,,,93
201500041146,15,11,30,820,1,2,3,1,3,93055,M,,,93
201500041147,15,12,2,1820,5,2,2,1,3,93055,M,0.0,0.0,93
201500041148,15,12,9,815,1,2,2,1,1,93055,M,,,93
201500041149,15,1,3,1405,1,2,1,3,3,93077,M,,,93
201500041150,15,1,6,1720,2,2,1,1,6,93062,M,,,93
201500041151,15,1,13,1720,5,2,2,1,2,93062,M,,,93
201500041152,15,1,15,1225,1,2,1,2,2,93077,M,,,93
201500041153,15,1,20,724,2,2,1,1,6,93077,M,,,93
201500041154,15,1,26,1345,1,2,2,2,3,93077,M,,,93
201500041155,15,2,7,1420,1,2,5,1,3,93077,M,,,93
201500041156,15,2,20,2245,5,2,1,3,7,93077,M,,,93
201500041157,15,2,27,2040,5,2,3,1,4,93062,M,,,93
201500041158,15,3,8,100,5,2,1,1,3,93077,M,,,93
201500041159,15,3,14,1130,1,2,1,1,6,93077,M,,,93
201500041160,15,3,18,1705,1,2,2,1,3,93077,M,,,93
201500041161,15,4,2,1240,1,2,1,2,2,93062,M,,,93
201500041162,15,4,10,805,1,2,1,1,6,93077,M,,,93
201500041163,15,4,11,1615,1,2,2,1,3,93077,M,,,93
201500041164,15,4,11,1735,1,2,1,2,2,93077,M,,,93
201500041165,15,4,17,1810,1,2,1,1,6,93077,M,,,93
201500041166,15,4,28,1235,1,2,1,1,3,93062,M,,,93
201500041167,15,4,29,930,1,2,1,1,3,93077,M,,,93
201500041168,15,5,8,2030,1,2,2,1,3,93077,M,,,93
201500041169,15,5,11,1530,1,2,1,1,3,93077,M,,,93
201500041170,15,5,12,855,1,2,1,1,5,93077,M,,,93
201500041171,15,5,19,2136,2,2,2,2,7,93077,M,,,93
201500041172,15,5,23,800,1,2,7,1,3,93062,M,,,93
201500041173,15,5,23,1625,1,2,1,1,3,93062,M,,,93
201500041174,15,5,25,1720,1,2,1,1,7,93077,M,,,93
201500041175,15,5,29,2230,5,2,1,1,6,93077,M,,,93
201500041176,15,5,30,1015,1,2,2,1,3,93062,M,,,93
201500041177,15,6,4,1210,1,2,1,1,6,93062,M,,,93
201500041178,15,6,7,137,5,2,6,1,6,93062,M,,,93
201500041179,15,6,8,2100,2,2,2,1,3,93062,M,,,93
201500041180,15,6,10,1220,1,2,1,1,3,93062,M,,,93
201500041181,15,6,19,1825,1,2,1,1,6,93077,M,,,93
201500041182,15,6,30,1017,1,2,2,1,3,93077,M,,,93
201500041183,15,6,30,1725,1,2,1,1,6,93077,M,,,93
201500041184,15,6,30,1825,1,2,1,1,6,93062,M,,,93
201500041185,15,7,3,1630,1,2,1,1,6,93077,M,,,93
201500041186,15,7,9,715,1,2,2,1,5,93077,M,4888384.0,345699.0,93
201500041187,15,7,10,2125,2,2,2,1,3,93077,M,4888398.0,345699.0,93
201500041188,15,7,11,650,1,2,1,1,7,93062,M,,,93
201500041189,15,7,15,1856,1,2,1,1,7,93062,M,,,93
201500041190,15,7,16,1949,1,2,6,1,3,93062,M,,,93
201500041191,15,7,23,647,1,2,1,8,7,93077,M,,,93
201500041192,15,7,23,1700,1,2,2,1,3,93077,M,,,93
201500041193,15,7,24,1945,1,2,2,1,3,93077,M,,,93
201500041194,15,7,29,550,1,2,2,1,3,93077,M,,,93
201500041195,15,7,29,1405,1,2,1,1,6,93062,M,,,93
201500041196,15,8,4,2000,1,2,2,1,3,93062,M,,,93
201500041197,15,8,7,1955,1,2,2,1,3,93077,M,,,93
201500041198,15,8,24,1320,1,2,1,2,6,93062,M,,,93
201500041199,15,8,24,1425,1,2,4,2,3,93077,M,,,93
201500041200,15,8,31,925,1,2,1,1,6,93062,M,,,93
201500041201,15,9,2,1845,1,2,1,1,6,93077,M,,,93
201500041202,15,9,4,1805,1,2,1,1,6,93062,M,,,93
201500041203,15,9,7,1200,1,2,1,1,3,93062,M,,,93
201500041204,15,9,15,725,1,2,1,2,6,93077,M,,,93
201500041205,15,9,16,1530,1,2,1,2,2,93062,M,,,93
201500041206,15,9,22,1250,1,1,1,3,6,93077,M,,,93
201500041207,15,9,22,1905,1,2,2,2,3,93077,M,,,93
201500041208,15,9,28,625,5,2,2,1,3,93077,M,,,93
201500041209,15,9,28,1124,1,2,2,1,6,93077,M,,,93
201500041210,15,10,1,1245,1,2,2,1,3,93077,M,,,93
201500041211,15,10,8,920,1,2,2,1,3,93077,M,,,93
201500041212,15,10,9,1705,1,2,1,1,6,93062,M,,,93
201500041213,15,10,11,1350,1,1,3,1,3,93077,M,,,93
201500041214,15,10,15,1313,1,2,2,1,3,93077,M,,,93
201500041215,15,10,16,1230,1,2,1,1,3,93077,M,,,93
201500041216,15,11,16,1424,1,2,3,1,2,93077,M,,,93
201500041217,15,11,16,1815,5,2,1,1,3,93062,M,,,93
201500041218,15,11,17,1725,5,2,4,2,6,93077,M,,,93
201500041219,15,11,18,1815,5,2,2,1,3,93077,M,,,93
201500041220,15,11,20,2200,5,2,2,2,3,93062,M,,,93
201500041221,15,11,24,1942,5,2,3,2,3,93077,M,,,93
201500041222,15,11,27,210,5,2,2,1,3,93077,M,,,93
201500041223,15,11,30,1017,1,2,2,1,3,93062,M,,,93
201500041224,15,1,7,1230,1,2,1,1,6,93064,M,,,93
201500041225,15,1,23,1850,5,2,1,1,6,93064,M,,,93
201500041226,15,1,24,1530,1,2,1,1,6,93064,M,,,93
201500041227,15,1,29,915,1,2,1,1,6,93064,M,,,93
201500041228,15,2,12,1520,1,2,1,1,6,93064,M,,,93
201500041229,15,2,12,1730,1,2,1,1,6,93064,M,,,93
201500041230,15,2,13,1000,1,2,1,1,6,93064,M,,,93
201500041231,15,2,14,2050,5,2,2,3,6,93064,M,,,93
201500041232,15,2,27,1150,1,2,1,1,2,93064,M,,,93
201500041233,15,5,2,1600,1,2,2,2,6,93064,M,,,93
201500041234,15,5,6,1035,1,2,1,1,6,93064,M,,,93
201500041235,15,5,12,1455,1,2,1,1,6,93064,M,,,93
201500041236,15,5,28,1915,1,2,1,1,3,93064,M,,,93
201500041237,15,5,30,2130,1,2,1,1,3,93064,M,,,93
201500041238,15,7,6,1025,1,2,1,1,6,93064,M,,,93
201500041239,15,7,26,2210,5,2,1,8,6,93064,M,,,93
201500041240,15,7,28,1205,1,2,1,1,6,93064,M,,,93
201500041241,15,7,31,1940,1,2,3,1,6,93064,M,,,93
201500041242,15,8,3,1625,1,2,9,1,6,93064,M,,,93
201500041243,15,8,11,1500,1,2,2,1,3,93064,M,,,93
201500041244,15,8,24,1755,1,2,1,3,6,93064,M,,,93
201500041245,15,9,21,1455,1,2,3,1,3,93064,M,,,93
201500041246,15,9,22,1425,1,2,3,1,6,93064,M,,,93
201500041247,15,9,29,930,1,2,1,1,2,93064,M,,,93
201500041248,15,9,30,1805,1,2,1,1,6,93064,M,,,93
201500041249,15,10,3,1600,1,2,1,1,6,93064,M,,,93
201500041250,15,11,13,1050,1,2,1,2,6,93064,M,,,93
201500041251,15,11,26,1800,5,2,2,1,6,93064,M,,,93
201500041252,15,11,26,1920,5,2,1,1,6,93064,M,,,93
201500041253,15,12,21,1230,1,2,3,1,6,93064,M,,,93
201500041254,15,12,31,1500,1,2,4,1,3,93064,M,,,93
201500041255,15,12,18,215,5,2,2,2,3,93064,M,,,93
201500041256,15,12,21,2150,5,2,1,2,6,93064,M,,,93
201500041257,15,1,3,2349,5,2,1,2,6,93066,M,,,93
201500041258,15,1,5,730,5,2,1,1,2,93066,M,,,93
201500041259,15,1,9,1835,5,2,1,1,6,93066,M,,,93
201500041260,15,1,11,2000,5,2,1,1,6,93066,M,,,93
201500041261,15,1,12,1815,5,2,1,1,6,93066,M,,,93
201500041262,15,1,13,1900,5,2,3,2,3,93039,M,,,93
201500041263,15,1,13,2000,5,2,2,8,3,93066,M,,,93
201500041264,15,1,15,720,2,2,2,1,6,93066,M,,,93
201500041265,15,1,12,1500,1,2,1,1,6,93066,M,,,93
201500041266,15,1,23,1620,1,2,1,1,6,93066,M,,,93
201500041267,15,1,27,725,5,2,1,1,3,93066,M,,,93
201500041268,15,1,27,1150,1,2,1,1,3,93066,M,,,93
201500041269,15,1,28,630,5,2,3,2,6,93066,M,,,93
201500041270,15,1,28,1320,1,2,2,8,3,93066,M,,,93
201500041271,15,1,29,1700,2,2,1,2,6,93066,M,,,93
201500041272,15,2,4,735,1,2,3,1,6,93066,M,,,93
201500041273,15,2,5,1900,5,2,1,1,4,93066,M,,,93
201500041274,15,2,8,2100,5,2,1,1,6,93066,M,,,93
201500041275,15,2,9,850,1,2,2,1,4,93066,M,,,93
201500041276,15,2,10,645,5,2,3,1,6,93066,M,,,93
201500041277,15,2,10,1730,1,2,1,1,6,93066,M,,,93
201500041278,15,2,11,1300,1,2,1,1,6,93066,M,,,93
201500041279,15,2,11,1330,1,2,1,1,6,93066,M,,,93
201500041280,15,2,12,745,2,2,1,1,6,93066,M,,,93
201500041281,15,2,12,1320,1,2,4,1,6,93066,M,,,93
201500041282,15,2,14,1940,5,2,3,2,6,93066,M,,,93
201500041283,15,2,17,1900,4,2,3,1,3,93066,M,,,93
201500041284,15,2,19,1300,1,2,3,1,3,93066,M,,,93
201500041285,15,2,24,1300,1,2,1,2,6,93066,M,,,93
201500041286,15,2,25,2145,5,1,1,1,6,93066,M,,,93
201500041287,15,3,4,1237,1,2,3,3,3,93066,M,,,93
201500041288,15,3,5,1200,1,2,6,1,6,93066,M,,,93
201500041289,15,3,6,1530,1,2,1,1,4,93066,M,,,93
201500041290,15,3,13,1655,1,2,1,1,6,93066,M,,,93
201500041291,15,3,16,2225,5,2,1,1,6,93066,M,,,93
201500041292,15,3,17,1135,1,2,1,1,3,93039,M,,,93
201500041293,15,3,17,1600,1,2,1,1,6,93066,M,,,93
201500041294,15,3,18,1310,1,2,2,1,3,93066,M,,,93
201500041295,15,3,20,825,1,2,1,1,6,93066,M,,,93
201500041296,15,3,19,1200,1,2,3,1,3,93066,M,,,93
201500041297,15,3,20,1610,1,2,4,1,4,93066,M,,,93
201500041298,15,3,22,1920,5,2,1,1,6,93066,M,,,93
201500041299,15,3,25,1415,1,2,1,1,6,93066,M,,,93
201500041300,15,3,26,1330,1,2,1,2,6,93066,M,,,93
201500041301,15,3,26,2025,5,2,1,1,6,93066,M,,,93
201500041302,15,3,28,1700,1,2,1,1,2,93066,M,,,93
201500041303,15,3,31,850,1,2,1,2,6,93066,M,,,93
201500041304,15,4,4,345,5,2,1,1,3,93066,M,,,93
201500041305,15,4,7,1700,1,2,1,1,6,93066,M,,,93
201500041306,15,4,8,1545,1,2,1,1,6,93066,M,,,93
201500041307,15,4,9,2155,5,2,1,1,3,93066,M,,,93
201500041308,15,4,10,1945,1,2,1,1,6,93066,M,,,93
201500041309,15,4,12,1610,1,2,1,1,6,93066,M,,,93
201500041310,15,4,12,2300,5,2,1,1,6,93066,M,,,93
201500041311,15,4,13,1630,1,2,1,1,3,93066,M,,,93
201500041312,15,4,14,1320,1,2,1,1,6,93066,M,,,93
201500041313,15,4,20,1555,1,2,1,1,6,93066,M,,,93
201500041314,15,5,2,1540,1,2,1,2,1,93066,M,,,93
201500041315,15,5,3,1320,1,2,1,2,2,93066,M,,,93
201500041316,15,5,5,1900,1,2,1,1,6,93066,M,,,93
201500041317,15,5,6,1645,1,2,2,1,3,93066,M,,,93
201500041318,15,5,7,1305,1,2,1,1,6,93039,M,,,93
201500041319,15,5,8,2255,5,2,1,1,6,93066,M,,,93
201500041320,15,5,9,1840,1,2,1,1,6,93066,M,,,93
201500041321,15,5,11,1800,1,2,1,1,3,93066,M,,,93
201500041322,15,5,11,1340,1,2,1,1,2,93066,M,,,93
201500041323,15,5,12,1830,1,2,1,1,6,93066,M,,,93
201500041324,15,5,14,1820,1,2,1,1,3,93066,M,,,93
201500041325,15,5,14,2015,1,2,2,1,3,93066,M,,,93
201500041326,15,5,18,1515,1,2,1,1,7,93066,M,,,93
201500041327,15,5,18,2310,5,2,1,2,6,93066,M,,,93
201500041328,15,5,19,2000,1,2,1,2,3,93066,M,,,93
201500041329,15,5,21,2010,1,2,1,1,6,93066,M,,,93
201500041330,15,5,29,1045,1,2,2,1,3,93066,M,,,93
201500041331,15,5,29,1540,1,2,1,1,6,93066,M,,,93
201500041332,15,5,30,720,1,2,1,1,6,93066,M,,,93
201500041333,15,5,30,2155,5,2,1,1,3,93066,M,,,93
201500041334,15,5,31,2240,5,2,2,3,3,93066,M,,,93
201500041335,15,6,11,1230,1,2,3,1,3,93066,M,,,93
201500041336,15,6,15,1825,1,2,1,1,6,93066,M,,,93
201500041337,15,6,16,1145,1,2,1,1,6,93066,M,,,93
201500041338,15,6,17,1140,1,2,4,1,6,93066,M,,,93
201500041339,15,6,17,1815,1,2,6,1,6,93066,M,,,93
201500041340,15,6,18,1600,1,2,1,1,2,93066,M,,,93
201500041341,15,6,19,30,5,2,1,1,3,93066,M,,,93
201500041342,15,6,19,1340,1,2,1,1,6,93066,M,,,93
201500041343,15,6,21,1430,1,2,1,1,3,93066,M,,,93
201500041344,15,6,22,140,5,2,1,1,3,93066,M,,,93
201500041345,15,6,22,1445,1,2,1,2,6,93066,M,,,93
201500041346,15,6,22,1440,1,2,1,8,6,93066,M,,,93
201500041347,15,6,22,1745,1,2,1,2,2,93066,M,,,93
201500041348,15,6,22,2145,2,2,1,2,5,93066,M,,,93
201500041349,15,6,23,1130,1,2,6,1,3,93066,M,,,93
201500041350,15,6,23,1525,1,2,1,1,3,93066,M,,,93
201500041351,15,6,23,1200,1,2,1,1,3,93066,M,,,93
201500041352,15,6,24,2255,5,2,1,1,6,93066,M,,,93
201500041353,15,6,29,1520,1,2,1,1,3,93066,M,,,93
201500041354,15,7,1,1320,1,2,2,1,6,93066,M,,,93
201500041355,15,7,1,2025,1,2,3,1,5,93066,M,,,93
201500041356,15,7,2,1945,1,1,1,1,3,93066,M,,,93
201500041357,15,7,3,1030,1,2,3,1,3,93066,M,,,93
201500041358,15,7,3,1715,1,2,1,1,3,93066,M,,,93
201500041359,15,7,3,2035,1,2,1,1,2,93066,M,,,93
201500041360,15,7,4,2050,2,2,1,1,6,93066,M,,,93
201500041361,15,7,4,2300,5,2,1,1,3,93066,M,,,93
201500041362,15,7,11,1930,1,2,1,1,3,93066,M,,,93
201500041363,15,7,11,2000,1,2,3,1,3,93066,M,,,93
201500041364,15,7,14,1520,1,2,1,1,6,93066,M,,,93
201500041365,15,7,16,1515,1,2,1,1,6,93066,M,,,93
201500041366,15,7,17,1430,1,2,3,1,6,93066,M,,,93
201500041367,15,7,22,1800,1,2,2,1,3,93066,M,,,93
201500041368,15,7,25,1900,1,2,1,1,3,93066,M,,,93
201500041369,15,7,29,1911,1,2,2,1,3,93066,M,,,93
201500041370,15,7,30,2100,2,2,1,1,1,93066,M,,,93
201500041371,15,8,1,40,5,2,2,1,3,93066,M,,,93
201500041372,15,8,1,1500,1,2,4,1,2,93066,M,,,93
201500041373,15,8,5,100,5,1,1,1,2,93066,M,,,93
201500041374,15,8,6,1915,1,2,1,1,3,93066,M,,,93
201500041375,15,8,7,1400,1,2,1,1,6,93066,M,,,93
201500041376,15,8,7,1730,1,2,2,1,3,93066,M,,,93
201500041377,15,8,7,2155,5,2,1,1,1,93066,M,,,93
201500041378,15,8,8,1505,1,2,1,1,4,93066,M,,,93
201500041379,15,8,14,250,5,2,1,1,4,93066,M,,,93
201500041380,15,8,20,1725,1,2,1,1,3,93066,M,,,93
201500041381,15,8,22,1450,1,2,1,1,6,93066,M,,,93
201500041382,15,8,22,2110,3,2,1,1,3,93066,M,,,93
201500041383,15,8,24,430,5,2,9,1,6,93066,M,,,93
201500041384,15,8,25,1000,1,2,1,1,2,93066,M,,,93
201500041385,15,8,27,15,5,2,2,2,3,93066,M,,,93
201500041386,15,8,30,1515,1,2,1,1,6,93066,M,,,93
201500041387,15,9,7,610,2,2,1,1,1,93066,M,,,93
201500041388,15,9,7,1215,1,2,2,1,3,93066,M,,,93
201500041389,15,9,11,1740,1,2,1,1,3,93066,M,,,93
201500041390,15,9,12,745,1,2,1,1,2,93066,M,,,93
201500041391,15,9,11,1440,1,2,1,1,1,93066,M,,,93
201500041392,15,9,18,150,5,2,2,1,2,93066,M,,,93
201500041393,15,9,18,1715,1,2,3,2,3,93066,M,,,93
201500041394,15,9,18,2145,5,2,3,1,3,93066,M,,,93
201500041395,15,9,24,2115,5,2,1,2,3,93066,M,,,93
201500041396,15,9,28,1845,1,2,1,1,6,93066,M,,,93
201500041397,15,9,29,1520,1,2,1,1,6,93066,M,,,93
201500041398,15,9,30,830,1,2,1,1,3,93066,M,,,93
201500041399,15,10,2,1700,1,2,1,1,3,93066,M,,,93
201500041400,15,10,3,2130,5,2,1,1,6,93066,M,,,93
201500041401,15,10,5,920,1,2,2,1,3,93066,M,,,93
201500041402,15,10,10,2335,5,2,1,1,6,93066,M,,,93
201500041403,15,10,12,1810,1,2,1,1,6,93066,M,,,93
201500041404,15,10,13,1815,1,2,1,1,3,93066,M,,,93
201500041405,15,10,13,1820,1,2,1,1,6,93066,M,,,93
201500041406,15,10,13,2115,5,2,1,1,3,93066,M,,,93
201500041407,15,10,14,215,5,2,3,1,6,93066,M,,,93
201500041408,15,10,16,1615,1,2,1,2,6,93066,M,,,93
201500041409,15,10,17,1830,1,2,1,1,6,93066,M,,,93
201500041410,15,10,18,50,5,2,1,1,6,93066,M,,,93
201500041411,15,10,17,540,5,2,1,1,6,93066,M,,,93
201500041412,15,10,20,2140,4,2,2,2,1,93066,M,,,93
201500041413,15,10,22,1935,3,2,1,2,3,93066,M,,,93
201500041414,15,10,24,2100,5,2,4,1,2,93066,M,,,93
201500041415,15,10,26,1750,1,2,1,1,6,93066,M,,,93
201500041416,15,10,27,1135,1,2,1,1,3,93066,M,,,93
201500041417,15,10,28,2340,5,2,1,1,2,93066,M,,,93
201500041418,15,10,29,1700,1,2,1,1,3,93039,M,,,93
201500041419,15,11,1,430,5,2,1,1,6,93066,M,,,93
201500041420,15,11,3,1130,1,2,3,1,2,93066,M,,,93
201500041421,15,11,1,1100,1,2,1,1,5,93066,M,,,93
201500041422,15,11,3,1955,5,2,1,1,6,93066,M,,,93
201500041423,15,11,5,1215,1,2,1,1,7,93066,M,,,93
201500041424,15,11,2,2050,5,2,1,1,3,93066,M,,,93
201500041425,15,11,5,1940,5,2,9,2,3,93066,M,,,93
201500041426,15,11,7,1230,1,2,6,1,3,93066,M,,,93
201500041427,15,11,8,200,5,2,1,1,3,93066,M,,,93
201500041428,15,11,9,1325,1,2,1,1,6,93066,M,,,93
201500041429,15,11,10,900,1,2,1,1,1,93066,M,,,93
201500041430,15,11,10,1225,1,2,1,1,3,93039,M,,,93