Num_Acc,an,mois,jour,hrmn,lum,agg,int,atm,col,com,gps,lat,long,dep
201500041431,15,11,11,921,1,2,8,1,6,93066,M,,,93
201500041432,15,11,13,120,5,2,2,1,3,93066,M,,,93
201500041433,15,11,13,1450,1,2,1,1,6,93039,M,,,93
201500041434,15,11,13,1720,5,2,1,1,2,93066,M,,,93
201500041435,15,11,16,830,1,2,1,1,3,93066,M,,,93
201500041436,15,11,17,1150,1,2,3,1,3,93066,M,,,93
201500041437,15,11,18,1730,5,2,2,1,6,93039,M,,,93
201500041438,15,11,19,844,1,2,1,2,3,93066,M,,,93
201500041439,15,11,20,750,2,2,3,3,6,93066,M,,,93
201500041440,15,11,26,1000,1,2,1,1,3,93066,M,,,93
201500041441,15,11,27,2050,5,2,1,2,2,93066,M,,,93
201500041442,15,11,28,145,3,2,6,2,6,93066,M,,,93
201500041443,15,12,1,2125,5,2,1,1,7,93066,M,,,93
201500041444,15,12,5,1550,1,2,1,1,4,93039,M,,,93
201500041445,15,12,7,910,1,2,2,1,2,93066,M,,,93
201500041446,15,12,7,1340,1,2,1,1,6,93066,M,,,93
201500041447,15,12,7,1810,5,2,1,1,3,93066,M,,,93
201500041448,15,12,7,2015,3,2,1,1,1,93066,M,,,93
201500041449,15,12,8,1200,1,2,1,2,1,93066,M,,,93
201500041450,15,12,13,1325,1,2,3,1,3,93066,M,,,93
201500041451,15,12,15,2115,3,2,3,3,3,93066,M,,,93
201500041452,15,12,17,1650,2,2,1,1,2,93066,M,,,93
201500041453,15,12,17,2250,5,2,3,1,3,93066,M,,,93
201500041454,15,12,23,1830,5,2,1,1,6,93066,M,,,93
201500041455,15,12,23,2245,5,2,3,1,7,93066,M,,,93
201500041456,15,12,25,1900,5,2,1,1,3,93066,M,,,93
201500041457,15,12,26,1045,1,2,1,1,2,93066,M,,,93
201500041458,15,12,27,825,1,2,1,1,1,93066,M,,,93
201500041459,15,12,29,520,5,2,1,2,7,93039,M,,,93
201500041460,15,12,29,1850,5,2,1,1,3,93066,M,,,93
201500041461,15,12,30,1000,1,2,2,1,6,93066,M,,,93
201500041462,15,6,11,137,5,2,3,1,3,93066,M,,,93
201500041463,15,1,4,550,5,2,2,2,6,93070,M,,,93
201500041464,15,1,7,105,5,2,1,1,6,93070,M,,,93
201500041465,15,1,10,1825,5,2,1,2,3,93070,M,,,93
201500041466,15,1,14,1530,1,2,3,1,3,93070,M,,,93
201500041467,15,1,27,1800,5,2,1,2,6,93070,M,,,93
201500041468,15,2,2,935,1,2,1,2,3,93070,M,,,93
201500041469,15,2,3,1500,1,2,1,1,6,93070,M,,,93
201500041470,15,2,3,2105,5,2,1,8,3,93070,M,,,93
201500041471,15,2,6,1150,1,2,1,1,3,93070,M,,,93
201500041472,15,2,6,1820,2,2,1,1,3,93070,M,,,93
201500041473,15,2,9,1930,3,2,3,1,3,93070,M,,,93
201500041474,15,2,11,1028,1,2,1,1,3,93070,M,,,93
201500041475,15,2,13,2135,5,2,1,2,6,93070,M,,,93
201500041476,15,2,15,1645,1,2,1,1,3,93070,M,,,93
201500041477,15,2,19,940,1,2,2,1,6,93070,M,,,93
201500041478,15,2,20,1805,5,2,1,2,3,93070,M,,,93
201500041479,15,3,8,1815,2,2,1,1,6,93070,M,,,93
201500041480,15,3,13,1410,1,2,1,1,6,93070,M,,,93
201500041481,15,3,13,1440,1,2,1,1,6,93070,M,,,93
201500041482,15,3,20,525,2,2,6,1,3,93070,M,,,93
201500041483,15,3,30,955,1,2,1,1,6,93070,M,,,93
201500041484,15,3,31,1225,1,2,1,1,6,93070,M,,,93
201500041485,15,4,4,1240,1,2,1,1,6,93070,M,,,93
201500041486,15,4,6,1400,1,2,1,1,2,93070,M,,,93
201500041487,15,4,13,1500,1,2,3,1,6,93070,M,,,93
201500041488,15,4,17,1125,1,2,1,1,6,93070,M,,,93
201500041489,15,4,17,1205,1,2,1,1,3,93070,M,,,93
201500041490,15,4,29,755,1,2,1,1,3,93070,M,,,93
201500041491,15,5,2,1000,1,2,1,8,1,93070,M,,,93
201500041492,15,5,13,1935,1,2,1,1,2,93070,M,,,93
201500041493,15,5,16,1000,1,2,1,1,6,93070,M,,,93
201500041494,15,5,20,715,1,2,1,2,1,93070,M,,,93
201500041495,15,5,20,1730,1,2,3,1,3,93070,M,,,93
201500041496,15,5,21,940,1,2,1,1,3,93070,M,,,93
201500041497,15,5,22,1715,1,2,2,1,6,93070,M,,,93
201500041498,15,5,22,2108,3,2,7,1,6,93070,M,,,93
201500041499,15,6,5,730,1,2,2,1,3,93070,M,,,93
201500041500,15,6,10,840,1,2,2,1,3,93070,M,,,93
201500041501,15,6,10,830,1,2,9,1,6,93070,M,,,93
201500041502,15,6,11,1130,1,2,5,1,6,93070,M,,,93
201500041503,15,6,15,1240,1,2,1,1,3,93070,M,,,93
201500041504,15,6,15,2120,1,2,1,1,3,93070,M,,,93
201500041505,15,6,17,1940,1,2,1,1,3,93070,M,,,93
201500041506,15,6,23,1220,1,2,1,1,2,93070,M,,,93
201500041507,15,6,29,1040,1,2,1,1,6,93070,M,,,93
201500041508,15,6,30,950,1,2,1,1,6,93070,M,,,93
201500041509,15,1,16,910,1,2,1,1,2,93070,M,,,93
201500041510,15,7,2,1500,1,2,1,1,1,93070,M,,,93
201500041511,15,7,10,1930,1,2,1,1,2,93070,M,,,93
201500041512,15,7,14,1250,1,2,2,1,3,93070,M,,,93
201500041513,15,7,21,1855,1,2,3,1,2,93070,M,,,93
201500041514,15,7,21,945,1,2,1,1,3,93070,M,,,93
201500041515,15,7,27,1915,1,2,1,1,7,93070,M,,,93
201500041516,15,8,12,1810,1,2,2,1,3,93070,M,,,93
201500041517,15,8,27,1725,1,2,1,3,2,93070,M,,,93
201500041518,15,9,13,625,1,2,1,1,4,93070,M,,,93
201500041519,15,9,20,1530,1,2,1,1,6,93070,M,,,93
201500041520,15,9,23,1620,1,2,1,1,7,93070,M,,,93
201500041521,15,10,12,745,2,2,1,1,3,93070,M,,,93
201500041522,15,10,19,1005,1,2,1,1,6,93070,M,,,93
201500041523,15,10,22,2100,5,1,1,1,6,93070,M,,,93
201500041524,15,10,29,710,2,2,1,1,6,93070,M,,,93
201500041525,15,11,5,2250,5,2,1,2,6,93070,M,,,93
201500041526,15,11,5,920,1,2,1,1,3,93070,M,,,93
201500041527,15,11,6,1615,1,2,1,2,2,93070,M,,,93
201500041528,15,11,6,1800,5,2,1,2,7,93070,M,,,93
201500041529,15,11,9,1020,1,2,3,1,6,93070,M,,,93
201500041530,15,11,9,1101,1,2,9,1,6,93070,M,,,93
201500041531,15,11,10,1520,1,2,1,1,6,93070,M,,,93
201500041532,15,11,13,1815,5,2,1,2,6,93070,M,,,93
201500041533,15,11,17,855,1,2,9,2,3,93070,M,,,93
201500041534,15,11,18,1610,1,2,1,1,2,93070,M,,,93
201500041535,15,11,20,1410,1,2,1,2,6,93070,M,,,93
201500041536,15,11,26,825,1,2,1,2,6,93070,M,,,93
201500041537,15,11,30,2020,5,2,3,1,1,93070,M,,,93
201500041538,15,12,4,1740,5,2,2,1,3,93070,M,,,93
201500041539,15,12,15,1530,1,2,1,1,3,93070,M,,,93
201500041540,15,12,17,1050,1,2,3,1,3,93070,M,,,93
201500041541,15,12,18,1230,1,2,1,1,3,93070,M,,,93
201500041542,15,12,19,1545,1,2,1,1,3,93070,M,,,93
201500041543,15,12,29,1440,1,2,1,1,3,93070,M,,,93
201500041544,15,1,4,2250,5,2,2,1,3,93071,M,,,93
201500041545,15,1,23,840,1,2,1,1,6,93071,M,,,93
201500041546,15,3,1,1800,1,2,3,1,3,93071,M,,,93
201500041547,15,3,2,1015,1,2,3,1,6,93071,M,,,93
201500041548,15,2,6,1630,1,2,1,1,2,93005,M,,,93
201500041549,15,3,6,1400,1,2,1,1,6,93071,M,,,93
201500041550,15,3,11,1050,1,2,1,1,6,93071,M,,,93
201500041551,15,3,19,2005,5,2,1,1,6,93071,M,,,93
201500041552,15,3,20,2215,5,2,2,1,6,93071,M,,,93
201500041553,15,3,27,1700,1,2,3,1,6,93071,M,,,93
201500041554,15,3,28,1907,1,2,3,1,3,93071,M,,,93
201500041555,15,4,7,2245,5,2,1,1,6,93071,M,,,93
201500041556,15,4,12,2220,5,2,3,1,3,93071,M,,,93
201500041557,15,4,14,1420,1,2,2,1,1,93071,M,,,93
201500041558,15,4,14,1615,1,2,3,1,6,93071,M,,,93
201500041559,15,4,20,1755,1,2,1,1,2,93071,M,,,93
201500041560,15,4,30,1715,1,2,3,2,1,93071,M,,,93
201500041561,15,5,1,2105,5,2,2,8,3,93071,M,,,93
201500041562,15,5,6,1715,1,2,3,1,2,93071,M,,,93
201500041563,15,5,10,1745,1,2,1,1,1,93071,M,,,93
201500041564,15,5,12,1737,1,2,1,1,6,93071,M,,,93
201500041565,15,5,16,1245,1,2,1,1,3,93071,M,,,93
201500041566,15,5,22,1745,1,2,3,1,4,93071,M,,,93
201500041567,15,6,3,1130,1,2,1,1,7,93071,M,,,93
201500041568,15,6,11,857,1,2,1,1,6,93071,M,,,93
201500041569,15,6,18,1600,1,2,1,1,6,93071,M,,,93
201500041570,15,6,19,2200,5,2,3,1,3,93071,M,,,93
201500041571,15,6,23,1835,1,2,1,1,2,93071,M,,,93
201500041572,15,7,3,1205,1,2,1,1,6,93071,M,,,93
201500041573,15,7,8,1615,1,2,2,1,3,93071,M,,,93
201500041574,15,7,10,1715,1,2,1,1,2,93071,M,,,93
201500041575,15,7,13,1030,1,2,1,1,6,93071,M,,,93
201500041576,15,7,14,1915,1,2,3,1,3,93071,M,,,93
201500041577,15,7,17,910,1,2,1,1,2,93071,M,,,93
201500041578,15,7,18,1940,1,2,3,1,3,93071,M,,,93
201500041579,15,7,22,1540,1,2,1,1,2,93071,M,,,93
201500041580,15,7,29,1740,1,2,3,1,1,93071,M,,,93
201500041581,15,7,31,15,5,2,2,1,2,93071,M,,,93
201500041582,15,8,5,2030,2,2,2,1,3,93071,M,,,93
201500041583,15,8,10,2310,5,2,1,1,6,93071,M,,,93
201500041584,15,8,20,2010,1,2,1,2,2,93071,M,,,93
201500041585,15,8,22,1110,1,2,3,1,3,93071,M,,,93
201500041586,15,8,24,1510,1,2,3,2,3,93071,M,,,93
201500041587,15,8,27,2105,5,2,2,3,2,93071,M,,,93
201500041588,15,9,5,225,5,2,1,1,1,93071,M,,,93
201500041589,15,9,7,1915,1,2,2,1,3,93071,M,,,93
201500041590,15,9,9,900,1,2,3,1,5,93071,M,,,93
201500041591,15,9,13,1315,1,2,3,3,6,93071,M,,,93
201500041592,15,9,16,1257,1,2,2,3,5,93071,M,,,93
201500041593,15,10,3,1640,1,2,1,1,1,93071,M,,,93
201500041594,15,10,15,1939,5,2,3,2,3,93071,M,,,93
201500041595,15,10,22,915,1,2,2,2,5,93071,M,,,93
201500041596,15,11,1,1950,5,2,3,1,6,93071,M,,,93
201500041597,15,11,21,1915,5,2,2,2,6,93071,M,,,93
201500041598,15,11,26,735,2,2,1,1,6,93071,M,,,93
201500041599,15,11,26,2330,5,2,1,1,3,93071,M,,,93
201500041600,15,12,4,2150,5,2,1,1,6,93071,M,,,93
201500041601,15,12,5,1315,1,2,1,1,7,93071,M,,,93
201500041602,15,12,9,850,1,2,1,1,2,93071,M,,,93
201500041603,15,12,10,1232,1,2,3,1,6,93071,M,,,93
201500041604,15,12,15,1950,5,2,2,2,6,93071,M,,,93
201500041605,15,1,16,1545,1,2,1,1,6,93072,M,,,93
201500041606,15,2,10,1215,1,2,1,1,6,93072,M,,,93
201500041607,15,2,24,928,1,2,2,1,3,93072,M,,,93
201500041608,15,3,16,1655,1,2,1,1,1,93059,M,,,93
201500041609,15,3,25,555,5,2,3,2,3,93072,M,,,93
201500041610,15,3,27,1215,1,2,1,1,6,93072,M,,,93
201500041611,15,3,31,1445,1,2,1,1,1,93059,M,,,93
201500041612,15,4,2,1905,1,2,2,1,6,93059,M,,,93
201500041613,15,4,9,1900,1,2,1,1,6,93072,M,,,93
201500041614,15,4,9,1915,1,2,1,1,6,93072,M,,,93
201500041615,15,4,22,1300,1,2,1,1,6,93059,M,,,93
201500041616,15,4,27,1755,1,2,1,1,4,93059,M,,,93
201500041617,15,5,9,2320,5,2,2,1,6,93059,M,,,93
201500041618,15,5,22,1820,1,2,1,1,6,93072,M,,,93
201500041619,15,5,26,420,5,2,3,1,3,93059,M,,,93
201500041620,15,6,10,1955,1,2,2,1,6,93072,M,,,93
201500041621,15,6,14,110,5,2,2,1,7,93072,M,,,93
201500041622,15,6,15,1610,1,2,3,1,2,93072,M,,,93
201500041623,15,6,29,1240,1,2,1,1,2,93072,M,,,93
201500041624,15,7,21,945,1,2,3,1,6,93059,M,,,93
201500041625,15,7,21,1600,1,2,2,1,2,93072,M,,,93
201500041626,15,7,27,1710,1,2,1,1,6,93072,M,,,93
201500041627,15,7,31,2330,5,2,1,1,3,93072,M,,,93
201500041628,15,8,12,1130,1,2,2,1,3,93059,M,,,93
201500041629,15,8,20,1030,2,2,1,3,7,93072,M,,,93
201500041630,15,9,4,1700,1,2,1,1,1,93072,M,,,93
201500041631,15,9,9,1200,1,2,1,1,3,93059,M,,,93
201500041632,15,9,10,625,5,2,3,1,6,93059,M,,,93
201500041633,15,9,11,730,1,2,1,1,3,93072,M,,,93
201500041634,15,9,11,1500,1,2,2,1,3,93059,M,,,93
201500041635,15,9,14,1752,1,2,1,2,6,93072,M,,,93
201500041636,15,9,15,1630,1,2,1,1,2,93059,M,,,93
201500041637,15,9,15,1820,1,2,1,1,6,93072,M,,,93
201500041638,15,9,17,950,1,2,2,1,6,93072,M,,,93
201500041639,15,9,28,1740,1,2,7,1,6,93072,M,,,93
201500041640,15,10,1,830,1,2,1,1,6,93059,M,,,93
201500041641,15,9,30,1256,1,2,3,1,3,93072,M,,,93
201500041642,15,10,8,905,1,2,3,1,6,93072,M,,,93
201500041643,15,10,16,740,5,2,1,2,6,93072,M,,,93
201500041644,15,10,18,1910,5,2,1,1,2,93059,M,,,93
201500041645,15,11,2,1213,1,2,1,1,1,93072,M,,,93
201500041646,15,11,2,2330,5,2,3,1,3,93072,M,,,93
201500041647,15,11,10,1805,5,2,1,1,5,93059,M,,,93
201500041648,15,11,11,1505,1,2,1,1,6,93059,M,,,93
201500041649,15,11,12,2150,5,2,3,1,1,93072,M,,,93
201500041650,15,11,15,1745,3,2,1,1,1,93072,M,,,93
201500041651,15,11,28,1136,1,2,1,1,6,93059,M,,,93
201500041652,15,12,5,1705,1,2,3,1,3,93072,M,,,93
201500041653,15,12,20,2025,3,2,3,2,3,93072,M,,,93
201500041654,15,5,27,1745,1,2,3,1,3,93059,M,,,93
201500041655,15,5,23,1230,1,2,2,1,3,93059,M,,,93
201500041656,15,7,17,2200,5,2,3,1,3,93059,M,,,93
201500041657,15,1,7,2300,5,2,1,9,6,93078,M,,,93
201500041658,15,1,9,1625,1,2,1,1,2,93078,M,,,93
201500041659,15,1,23,1600,1,2,1,1,2,93078,M,,,93
201500041660,15,1,29,1815,3,1,1,2,6,93078,M,,,93
201500041661,15,1,31,855,1,2,1,1,6,93078,M,,,93
201500041662,15,1,31,1500,1,2,1,2,3,93073,M,,,93
201500041663,15,2,1,334,5,2,1,3,6,93078,M,,,93
201500041664,15,2,12,2205,5,2,1,1,1,93078,M,,,93
201500041665,15,2,17,2000,5,2,1,1,3,93073,M,,,93
201500041666,15,2,20,1500,1,2,3,3,3,93078,M,,,93
201500041667,15,3,1,150,5,2,1,2,7,93073,M,,,93
201500041668,15,3,8,2006,5,2,1,1,6,93078,M,,,93
201500041669,15,3,10,1540,1,2,2,1,1,93078,M,,,93
201500041670,15,3,11,1145,1,2,1,1,3,93073,M,,,93
201500041671,15,3,12,1610,1,2,1,1,3,93078,M,,,93
201500041672,15,3,12,1745,1,2,1,1,6,93078,M,,,93
201500041673,15,3,18,1315,1,2,3,1,6,93078,M,,,93
201500041674,15,3,25,615,1,2,1,2,3,93073,M,,,93
201500041675,15,3,29,1900,1,2,2,2,3,93073,M,,,93
201500041676,15,4,12,1815,1,2,1,1,2,93078,M,,,93
201500041677,15,4,27,1320,1,2,2,1,3,93073,M,,,93
201500041678,15,4,29,1635,1,2,1,1,6,93078,M,,,93
201500041679,15,4,30,1040,1,2,6,2,6,93078,M,,,93
201500041680,15,5,7,1010,1,2,1,1,3,93078,M,,,93
201500041681,15,5,7,1100,1,2,9,1,3,93078,M,,,93
201500041682,15,5,7,1210,1,2,1,1,4,93078,M,,,93
201500041683,15,5,18,1640,1,2,1,1,6,93073,M,,,93
201500041684,15,5,18,1945,1,2,2,1,3,93078,M,,,93
201500041685,15,5,20,1730,1,2,1,1,6,93073,M,,,93
201500041686,15,5,22,840,1,2,1,1,3,93073,M,,,93
201500041687,15,5,26,620,1,2,1,1,3,93078,M,,,93
201500041688,15,6,3,1740,1,2,1,1,3,93073,M,,,93
201500041689,15,6,5,1430,1,2,9,1,4,93073,M,,,93
201500041690,15,6,6,1645,1,2,1,1,6,93073,M,,,93
201500041691,15,6,10,930,1,2,1,1,2,93073,M,,,93
201500041692,15,6,12,1615,1,2,2,1,3,93078,M,,,93
201500041693,15,6,13,1658,1,2,1,1,3,93073,M,,,93
201500041694,15,6,14,2030,1,2,1,1,6,93078,M,,,93
201500041695,15,6,15,1640,1,2,1,1,2,93078,M,,,93
201500041696,15,6,23,2345,1,2,1,1,6,93078,M,,,93
201500041697,15,6,23,1300,1,2,1,1,2,93078,M,,,93
201500041698,15,7,2,1700,1,2,9,1,2,93078,M,,,93
201500041699,15,7,10,1230,1,2,1,1,2,93078,M,,,93
201500041700,15,7,11,820,1,2,1,1,6,93078,M,,,93
201500041701,15,7,17,2200,5,2,1,1,3,93078,M,,,93
201500041702,15,7,21,1730,1,2,1,1,4,93078,M,,,93
201500041703,15,7,21,2000,1,2,2,1,3,93078,M,,,93
201500041704,15,7,22,1410,1,2,1,1,3,93078,M,,,93
201500041705,15,7,24,300,5,2,3,1,3,93078,M,,,93
201500041706,15,7,26,1550,1,1,1,2,2,93078,M,,,93
201500041707,15,7,27,1045,1,2,2,2,3,93078,M,,,93
201500041708,15,7,30,1455,1,2,1,1,3,93073,M,,,93
201500041709,15,8,10,800,1,2,1,1,6,93078,M,,,93
201500041710,15,8,10,950,1,2,2,1,3,93073,M,,,93
201500041711,15,8,11,2004,1,2,2,1,3,93078,M,,,93
201500041712,15,8,23,930,1,2,4,1,6,93078,M,,,93
201500041713,15,8,29,2220,5,2,1,1,3,93078,M,,,93
201500041714,15,8,30,1050,1,2,3,1,6,93078,M,,,93
201500041715,15,9,3,1330,1,2,2,1,6,93078,M,,,93
201500041716,15,9,5,1100,1,2,1,1,3,93078,M,,,93
201500041717,15,9,23,1030,1,2,2,1,5,93078,M,,,93
201500041718,15,9,24,1845,1,2,1,8,7,93073,M,,,93
201500041719,15,10,2,1600,1,2,1,1,5,93073,M,,,93
201500041720,15,10,2,2050,5,2,3,1,3,93073,M,,,93
201500041721,15,10,3,1300,1,2,1,1,6,93073,M,,,93
201500041722,15,10,6,855,1,2,5,2,3,93078,M,,,93
201500041723,15,10,7,1644,1,2,1,1,3,93078,M,,,93
201500041724,15,10,7,2050,5,2,1,1,2,93073,M,,,93
201500041725,15,10,9,1340,1,2,2,1,3,93073,M,,,93
201500041726,15,10,19,1720,1,2,1,1,4,93078,M,,,93
201500041727,15,10,23,1215,1,2,6,1,3,93078,M,,,93
201500041728,15,10,25,1200,1,2,2,1,6,93073,M,,,93
201500041729,15,11,6,740,1,2,1,1,3,93073,M,,,93
201500041730,15,11,11,2045,5,2,1,2,6,93073,M,,,93
201500041731,15,11,16,2051,5,2,1,2,6,93078,M,,,93
201500041732,15,11,30,1830,5,2,1,1,3,93078,M,,,93
201500041733,15,12,3,2225,5,2,1,1,2,93078,M,,,93
201500041734,15,12,4,823,1,2,2,1,6,93078,M,,,93
201500041735,15,12,4,1615,1,2,1,1,2,93073,M,,,93
201500041736,15,12,9,1140,1,2,1,1,3,93073,M,,,93
201500041737,15,12,19,100,5,2,1,8,6,93073,M,,,93
201500041738,15,12,23,1450,1,2,1,1,5,93078,M,,,93
201500041739,15,12,31,1120,1,2,2,1,3,93078,M,,,93
201500041740,15,1,11,1250,1,2,1,1,6,94002,M,,,94
201500041741,15,1,9,1650,2,2,1,1,6,94002,M,,,94
201500041742,15,2,2,1755,5,2,3,1,6,94002,M,,,94
201500041743,15,2,14,2015,5,2,2,2,3,94002,M,,,94
201500041744,15,3,13,1830,1,2,1,1,6,94002,M,,,94
201500041745,15,3,21,1100,1,2,3,8,3,94002,M,,,94
201500041746,15,3,24,2155,5,2,3,2,3,94002,M,,,94
201500041747,15,3,25,1125,1,2,3,1,2,94002,M,,,94
201500041748,15,4,13,1515,1,2,1,7,6,94002,M,,,94
201500041749,15,4,14,1810,1,2,1,1,6,94002,M,,,94
201500041750,15,4,17,1840,1,2,9,1,6,94002,M,,,94
201500041751,15,4,18,1825,1,2,1,1,6,94002,M,,,94
201500041752,15,4,18,2025,1,2,2,1,3,94002,M,,,94
201500041753,15,4,24,1215,1,2,4,1,6,94002,M,,,94
201500041754,15,5,6,910,1,2,2,1,1,94002,M,,,94
201500041755,15,5,19,2235,5,2,2,8,7,94002,M,,,94
201500041756,15,5,24,1150,1,2,1,1,6,94002,M,,,94
201500041757,15,5,25,500,5,2,3,2,3,94002,M,,,94
201500041758,15,5,28,1930,1,2,1,1,6,94002,M,,,94
201500041759,15,6,1,1830,1,2,1,1,6,94002,M,,,94
201500041760,15,6,18,840,1,2,1,1,6,94002,M,,,94
201500041761,15,6,22,1350,1,2,1,1,6,94002,M,,,94
201500041762,15,6,25,2030,1,2,3,1,6,94002,M,,,94
201500041763,15,7,1,1035,1,2,1,1,2,94002,M,,,94
201500041764,15,7,6,1815,1,2,2,1,2,94002,M,,,94
201500041765,15,7,6,1855,1,2,2,1,3,94002,M,,,94
201500041766,15,7,8,135,5,2,1,1,7,94002,M,,,94
201500041767,15,7,13,1645,1,2,3,1,3,94002,M,,,94
201500041768,15,7,17,1440,1,2,2,7,3,94002,M,,,94
201500041769,15,7,24,1530,1,2,1,1,6,94002,M,,,94
201500041770,15,7,30,2220,5,2,1,1,2,94002,M,,,94
201500041771,15,8,2,740,1,2,1,1,6,94002,M,,,94
201500041772,15,8,7,830,1,2,2,7,3,94002,M,,,94
201500041773,15,8,11,2230,5,2,2,1,3,94002,M,,,94
201500041774,15,8,24,2240,5,2,1,2,6,94002,M,,,94
201500041775,15,8,28,1230,1,2,1,1,6,94002,M,,,94
201500041776,15,8,30,1550,1,2,2,1,3,94002,M,,,94
201500041777,15,8,30,2130,5,2,2,1,3,94002,M,,,94
201500041778,15,9,3,1300,1,2,2,1,3,94002,M,,,94
201500041779,15,9,17,930,1,2,2,1,6,94002,M,,,94
201500041780,15,9,21,1800,1,2,1,1,6,94002,M,,,94
201500041781,15,9,29,930,1,2,3,1,6,94002,M,,,94
201500041782,15,9,30,1640,1,2,1,1,3,94002,M,,,94
201500041783,15,10,2,1345,1,2,1,1,3,94002,M,,,94
201500041784,15,10,3,1230,1,2,2,1,6,94002,M,,,94
201500041785,15,10,8,1655,1,2,1,1,6,94002,M,,,94
201500041786,15,10,8,1725,1,2,7,1,6,94002,M,,,94
201500041787,15,10,15,700,5,2,1,2,2,94002,M,,,94
201500041788,15,10,22,1030,1,2,3,2,3,94002,M,,,94
201500041789,15,10,24,1045,1,2,2,1,5,94002,M,,,94
201500041790,15,11,3,740,1,2,2,1,3,94002,M,,,94
201500041791,15,11,12,620,2,2,1,8,2,94002,M,,,94
201500041792,15,11,18,45,5,2,1,1,6,94002,M,,,94
201500041793,15,11,19,1500,1,2,1,2,2,94002,M,,,94
201500041794,15,11,25,420,5,2,2,3,3,94002,M,,,94
201500041795,15,11,26,825,1,2,1,1,6,94002,M,,,94
201500041796,15,12,11,2345,5,2,3,1,3,94002,M,,,94
201500041797,15,12,17,1910,5,2,1,1,3,94002,M,,,94
201500041798,15,12,30,650,5,2,1,1,1,94002,M,,,94
201500041799,15,10,2,1013,1,2,1,1,6,94047,M,,,94
201500041800,15,10,2,1650,1,2,2,1,6,94047,M,,,94
201500041801,15,10,4,1020,1,2,1,1,6,94004,M,,,94
201500041802,15,10,6,700,5,2,2,3,1,94044,M,,,94
201500041803,15,10,6,1545,1,2,3,1,6,94071,M,,,94
201500041804,15,10,9,925,1,2,1,1,2,94044,M,,,94
201500041805,15,10,9,1530,1,2,1,1,6,94071,M,,,94
201500041806,15,10,12,1625,1,2,2,1,3,94004,M,4875300.0,250229.0,94
201500041807,15,10,19,655,4,2,3,1,2,94075,M,4872750.0,253101.0,94
201500041808,15,10,23,2110,5,2,4,1,3,94004,M,4875160.0,250682.0,94
201500041809,15,10,29,2115,5,2,3,1,1,94075,M,4872740.0,253584.0,94
201500041810,15,1,11,1200,1,2,2,1,6,94071,M,,,94
201500041811,15,11,1,207,5,2,1,1,6,94048,M,,,94
201500041812,15,11,2,1130,1,2,1,1,6,94004,M,4875280.0,250538.0,94
201500041813,15,3,11,845,1,2,3,1,3,94071,M,,,94
201500041814,15,11,4,725,1,2,9,1,2,94071,M,,,94
201500041815,15,1,5,1250,1,2,6,8,6,94044,M,,,94
201500041816,15,1,7,855,1,2,6,5,7,94071,M,,,94
201500041817,15,11,6,2240,5,2,3,1,3,94071,M,,,94
201500041818,15,11,9,910,1,2,1,1,3,94071,M,,,94
201500041819,15,11,9,835,1,2,1,1,3,94071,M,,,94
201500041820,15,1,13,1515,1,2,3,2,2,94075,M,4873440.0,252044.0,94
201500041821,15,1,16,1930,5,2,2,2,3,94071,M,,,94
201500041822,15,11,20,1250,1,2,1,3,6,94075,M,4873310.0,252151.0,94
201500041823,15,1,20,2045,3,1,1,4,6,94004,M,4875550.0,250504.0,94
201500041824,15,11,21,2145,5,2,3,1,6,94071,M,,,94
201500041825,15,11,23,1345,1,2,2,1,3,94075,M,,,94
201500041826,15,11,23,1830,5,2,3,1,3,94044,M,,,94
201500041827,15,11,24,1835,5,2,1,3,6,94071,M,,,94
201500041828,15,11,26,645,3,1,2,1,3,94004,M,4874480.0,251175.0,94
201500041829,15,11,27,650,5,2,4,1,3,94071,M,,,94
201500041830,15,1,29,740,2,2,6,8,6,94004,M,,,94
201500041831,15,1,29,850,1,2,1,2,3,94071,M,,,94
201500041832,15,1,29,1910,3,1,2,2,6,94048,M,4872750.0,253934.0,94
201500041833,15,11,30,740,1,2,3,1,2,94075,M,4872740.0,253584.0,94
201500041834,15,12,2,1030,1,2,1,1,6,94071,M,,,94
201500041835,15,12,3,2045,5,2,1,1,2,94004,M,4876080.0,249724.0,94
201500041836,15,12,4,1940,5,2,1,1,6,94004,M,,,94
201500041837,15,12,5,1145,1,2,1,1,2,94044,M,,,94
201500041838,15,5,22,1809,1,2,1,1,7,94071,M,,,94
201500041839,15,6,22,1820,1,1,1,3,6,94004,M,4875610.0,250472.0,94
201500041840,15,12,8,2025,5,2,1,1,3,94075,M,,,94
201500041841,15,12,9,1200,1,2,3,1,1,94044,M,,,94
201500041842,15,1,21,1745,5,2,1,1,6,94044,M,,,94
201500041843,15,2,12,930,1,2,6,1,6,94004,M,,,94
201500041844,15,2,12,1825,2,2,1,1,6,94004,M,4875290.0,250542.0,94
201500041845,15,2,14,1517,1,2,1,2,3,94044,M,,,94
201500041846,15,12,14,905,5,2,1,1,3,94004,M,,,94
201500041847,15,2,15,2010,5,2,1,1,2,94075,M,,,94
201500041848,15,12,15,2130,5,2,2,2,3,94004,M,,,94
201500041849,15,12,16,1225,1,2,1,8,6,94071,M,,,94
201500041850,15,12,19,2210,5,2,3,1,6,94044,M,,,94
201500041851,15,12,16,1710,5,2,1,1,7,94071,M,,,94
201500041852,15,2,19,800,1,2,3,9,7,94004,M,4875440.0,250600.0,94
201500041853,15,2,27,935,1,2,3,1,6,94070,M,4872040.0,256534.0,94
201500041854,15,1,3,1820,2,2,3,2,3,94004,M,4875440.0,250600.0,94
201500041855,15,3,3,1345,1,2,3,1,3,94071,M,,,94
201500041856,15,3,3,1840,5,2,2,8,2,94004,M,4874480.0,251175.0,94
201500041857,15,3,6,855,1,2,1,1,2,94004,M,,,94
201500041858,15,3,7,1425,1,2,1,1,2,94044,M,,,94