Num_Acc,an,mois,jour,hrmn,lum,agg,int,atm,col,com,gps,lat,long,dep
201500041859,15,8,13,1345,1,2,1,8,6,94004,M,4875320.0,250657.0,94
201500041860,15,10,3,2050,5,2,1,1,2,94075,M,4873010.0,252596.0,94
201500041861,15,11,3,1505,1,2,1,1,3,94044,M,,,94
201500041862,15,3,14,1025,1,2,2,1,6,94044,M,,,94
201500041863,15,3,16,850,1,2,9,1,6,94004,M,,,94
201500041864,15,3,16,1635,1,2,1,1,6,94044,M,,,94
201500041865,15,3,21,630,5,2,3,1,3,94071,M,,,94
201500041866,15,3,23,1430,1,2,3,1,1,94004,M,4875440.0,250600.0,94
201500041867,15,3,24,1940,5,2,1,2,6,94044,M,,,94
201500041868,15,3,25,2020,5,2,1,8,3,94044,M,,,94
201500041869,15,3,27,1050,1,2,4,1,3,94071,M,,,94
201500041870,15,3,29,425,5,2,1,1,6,94071,M,,,94
201500041871,15,4,1,1440,1,2,1,1,3,94004,M,,,94
201500041872,15,2,24,1420,1,2,1,1,6,94047,M,,,94
201500041873,15,4,3,35,3,1,1,1,6,94048,M,,,94
201500041874,15,4,3,1805,1,2,3,2,3,94075,M,,,94
201500041875,15,4,8,2145,5,2,1,1,7,94071,M,,,94
201500041876,15,4,10,1815,1,2,1,1,3,94044,M,,,94
201500041877,15,11,4,1800,5,2,1,1,6,94071,M,,,94
201500041878,15,4,12,840,1,2,1,5,6,94004,M,,,94
201500041879,15,4,13,1245,1,2,3,1,3,94004,M,,,94
201500041880,15,4,14,440,5,2,3,1,1,94075,M,4872750.0,253101.0,94
201500041881,15,4,18,1630,1,2,6,1,6,94071,M,,,94
201500041882,15,4,20,1010,1,2,1,1,3,94071,M,,,94
201500041883,15,4,26,1746,1,1,1,8,3,94071,M,,,94
201500041884,15,4,26,2100,1,1,1,2,6,94004,M,,,94
201500041885,15,4,26,425,5,2,1,1,6,94071,M,,,94
201500041886,15,4,30,1550,1,2,9,3,7,94047,M,,,94
201500041887,15,5,3,1420,1,2,4,2,2,94075,M,,,94
201500041888,15,5,5,1730,1,2,8,1,6,94075,M,,,94
201500041889,15,5,10,227,5,2,4,1,7,94075,M,,,94
201500041890,15,11,25,820,1,1,1,8,2,94004,M,4875250.0,250659.0,94
201500041891,15,5,12,850,1,2,3,1,2,94071,M,,,94
201500041892,15,5,12,1905,1,2,1,1,6,94071,M,,,94
201500041893,15,5,17,1640,1,2,3,1,7,94075,M,4872750.0,253101.0,94
201500041894,15,5,19,825,1,2,1,1,6,94047,M,,,94
201500041895,15,5,19,2140,2,2,3,2,1,94071,M,,,94
201500041896,15,5,24,2158,5,2,1,1,3,94056,M,,,94
201500041897,15,5,27,900,1,1,2,1,3,94004,M,4874480.0,251175.0,94
201500041898,15,5,28,1310,1,2,1,1,1,94004,M,,,94
201500041899,15,5,29,1730,1,2,3,1,6,94075,M,,,94
201500041900,15,5,31,1710,1,2,1,2,7,94004,M,,,94
201500041901,15,6,1,1436,1,2,1,1,2,94075,M,4872740.0,253524.0,94
201500041902,15,2,6,1800,5,2,1,1,6,94075,M,,,94
201500041903,15,6,4,915,1,2,1,1,6,94004,M,,,94
201500041904,15,6,4,1820,1,2,1,1,1,94075,M,,,94
201500041905,15,6,5,830,1,2,1,1,3,94044,M,,,94
201500041906,15,6,8,1336,1,2,1,1,3,94044,M,,,94
201500041907,15,9,26,1505,1,2,3,1,3,94075,M,4872750.0,253101.0,94
201500041908,15,10,16,820,1,2,3,2,3,94075,M,,,94
201500041909,15,6,10,1610,1,2,3,1,3,94004,M,4875160.0,250682.0,94
201500041910,15,11,25,1245,1,2,1,8,6,94044,M,,,94
201500041911,15,6,21,1350,1,2,1,1,6,94004,M,,,94
201500041912,15,6,16,1935,1,2,1,9,3,94044,M,,,94
201500041913,15,6,17,1125,1,2,1,1,6,94056,M,,,94
201500041914,15,6,23,1920,1,2,1,1,6,94044,M,,,94
201500041915,15,6,25,1910,1,2,1,7,6,94044,M,,,94
201500041916,15,6,28,215,4,2,1,1,6,94048,M,,,94
201500041917,15,3,7,1020,1,2,1,1,6,94071,M,,,94
201500041918,15,5,27,1615,1,2,1,1,6,94044,M,,,94
201500041919,15,7,7,1345,1,2,1,8,5,94044,M,4874590.0,251086.0,94
201500041920,15,3,10,1725,1,2,6,1,7,94044,M,,,94
201500041921,15,7,10,720,1,2,3,8,2,94004,M,,,94
201500041922,15,7,14,2055,1,2,1,1,2,94071,M,,,94
201500041923,15,7,16,1219,1,2,3,7,3,94071,M,,,94
201500041924,15,7,19,1555,1,2,3,1,4,94071,M,,,94
201500041925,15,7,20,845,1,2,3,8,4,94075,M,,,94
201500041926,15,7,21,2015,1,2,6,1,1,94071,M,,,94
201500041927,15,7,24,2110,2,2,1,1,2,94047,M,,,94
201500041928,15,8,2,1515,1,2,3,1,3,94071,M,,,94
201500041929,15,8,3,1540,1,2,1,7,3,94071,M,,,94
201500041930,15,8,7,1235,1,2,6,1,1,94004,M,,,94
201500041931,15,8,7,1800,1,2,1,8,5,94004,M,4875030.0,250770.0,94
201500041932,15,8,28,1100,1,2,1,1,6,94071,M,,,94
201500041933,15,8,11,1630,1,2,1,1,6,94071,M,,,94
201500041934,15,8,12,630,1,2,1,1,4,94044,M,,,94
201500041935,15,8,13,1915,1,1,1,2,6,94004,M,,,94
201500041936,15,8,26,1805,1,2,3,8,2,94071,M,,,94
201500041937,15,8,26,1950,1,2,3,8,3,94071,M,,,94
201500041938,15,11,21,455,5,2,1,2,7,94004,M,,,94
201500041939,15,12,17,1100,1,2,1,1,6,94004,M,4875050.0,250761.0,94
201500041940,15,1,19,1530,1,2,1,1,6,94004,M,,,94
201500041941,15,9,1,1630,1,2,1,1,6,94044,M,,,94
201500041942,15,9,2,850,1,2,1,1,5,94071,M,,,94
201500041943,15,9,10,1500,1,2,1,1,2,94004,M,4875800.0,250366.0,94
201500041944,15,9,12,2025,5,2,1,2,6,94075,M,,,94
201500041945,15,12,9,1540,1,2,1,1,5,94075,M,,,94
201500041946,15,9,16,1245,1,2,3,3,2,94075,M,4873440.0,252044.0,94
201500041947,15,9,17,1453,1,2,3,1,3,94004,M,4875510.0,250528.0,94
201500041948,15,9,18,1630,1,2,1,3,6,94071,M,,,94
201500041949,15,9,19,1600,1,2,2,1,3,94071,M,,,94
201500041950,15,9,22,948,1,2,2,2,3,94075,M,,,94
201500041951,15,9,22,1810,1,2,1,8,6,94004,M,4875310.0,250657.0,94
201500041952,15,9,26,1050,1,2,1,1,6,94044,M,,,94
201500041953,15,9,27,1420,1,2,3,1,3,94004,M,,,94
201500041954,15,9,28,1605,1,2,1,1,3,94044,M,,,94
201500041955,15,9,30,45,5,2,1,1,6,94047,M,,,94
201500041956,15,9,30,1210,1,2,3,1,2,94075,M,4873440.0,252044.0,94
201500041957,15,1,2,1920,4,2,2,1,3,94017,M,,,94
201500041958,15,1,9,855,1,2,3,2,1,94017,M,,,94
201500041959,15,1,9,1715,1,2,1,1,1,94017,M,,,94
201500041960,15,1,11,1520,1,2,1,1,1,94017,M,,,94
201500041961,15,1,11,1900,4,2,1,1,3,94017,M,,,94
201500041962,15,1,14,1325,1,2,1,2,1,94017,M,,,94
201500041963,15,1,17,1150,1,2,2,1,7,94017,M,,,94
201500041964,15,1,20,1400,1,2,1,1,2,94017,M,,,94
201500041965,15,1,21,2245,5,2,1,1,3,94017,M,,,94
201500041966,15,1,22,715,2,2,2,1,3,94017,M,,,94
201500041967,15,1,26,1400,1,2,3,1,1,94017,M,,,94
201500041968,15,1,27,915,1,2,1,1,6,94017,M,,,94
201500041969,15,1,29,935,1,2,1,1,6,94017,M,,,94
201500041970,15,1,31,930,1,2,1,1,6,94017,M,,,94
201500041971,15,2,1,1545,1,2,2,1,3,94017,M,,,94
201500041972,15,2,2,750,5,2,2,4,6,94017,M,,,94
201500041973,15,2,2,813,2,2,1,1,6,94017,M,,,94
201500041974,15,2,2,1225,1,2,1,1,3,94017,M,,,94
201500041975,15,2,3,820,1,2,3,1,6,94017,M,,,94
201500041976,15,2,4,750,1,2,6,1,2,94017,M,,,94
201500041977,15,2,11,1900,5,2,3,1,1,94017,M,,,94
201500041978,15,2,15,120,5,2,1,1,1,94017,M,,,94
201500041979,15,2,17,125,5,2,1,1,6,94017,M,,,94
201500041980,15,2,24,730,1,2,1,1,3,94017,M,,,94
201500041981,15,2,27,2050,5,2,1,1,6,94017,M,,,94
201500041982,15,3,5,820,1,2,1,1,6,94017,M,,,94
201500041983,15,3,5,915,1,2,3,1,3,94017,M,,,94
201500041984,15,3,5,1220,1,2,1,1,3,94017,M,,,94
201500041985,15,3,6,1700,1,2,1,1,2,94017,M,,,94
201500041986,15,3,7,1145,1,2,3,1,1,94017,M,,,94
201500041987,15,3,8,845,1,2,1,1,6,94017,M,,,94
201500041988,15,3,8,1150,1,2,1,1,2,94017,M,,,94
201500041989,15,3,11,1555,1,2,1,1,2,94017,M,,,94
201500041990,15,3,12,1850,1,2,1,1,6,94017,M,,,94
201500041991,15,3,18,1140,1,2,2,1,3,94017,M,,,94
201500041992,15,3,23,830,1,2,1,1,2,94017,M,,,94
201500041993,15,3,24,2020,5,2,1,2,6,94017,M,,,94
201500041994,15,3,26,1130,1,2,5,2,3,94017,M,,,94
201500041995,15,4,3,1030,1,2,2,1,1,94017,M,,,94
201500041996,15,4,4,1230,1,2,1,1,6,94017,M,,,94
201500041997,15,4,11,1500,1,2,2,1,1,94017,M,,,94
201500041998,15,4,13,1455,1,2,1,1,6,94017,M,,,94
201500041999,15,4,16,1000,1,2,1,1,6,94017,M,,,94
201500042000,15,4,22,1045,1,2,2,1,6,94017,M,,,94
201500042001,15,4,27,1650,1,2,2,1,3,94017,M,,,94
201500042002,15,4,27,1855,1,2,1,1,6,94017,M,,,94
201500042003,15,4,27,2215,5,2,2,1,3,94017,M,,,94
201500042004,15,4,30,1145,1,2,6,3,3,94017,M,,,94
201500042005,15,5,1,1300,1,2,3,1,6,94017,M,,,94
201500042006,15,5,1,1645,1,2,1,2,2,94017,M,,,94
201500042007,15,5,1,1920,1,2,1,2,6,94017,M,,,94
201500042008,15,5,2,2200,5,2,1,1,2,94017,M,,,94
201500042009,15,5,2,2255,5,2,1,2,6,94017,M,,,94
201500042010,15,5,4,1230,1,2,1,1,2,94017,M,,,94
201500042011,15,5,6,1525,1,2,1,1,6,94017,M,,,94
201500042012,15,5,8,2200,4,2,2,1,3,94017,M,,,94
201500042013,15,5,9,1800,1,2,1,1,6,94017,M,,,94
201500042014,15,5,11,855,1,2,2,1,6,94017,M,,,94
201500042015,15,5,18,655,2,2,1,1,6,94017,M,,,94
201500042016,15,5,22,1555,1,2,1,1,4,94017,M,,,94
201500042017,15,5,26,2250,5,2,1,1,3,94017,M,,,94
201500042018,15,5,27,1350,1,2,2,1,3,94017,M,,,94
201500042019,15,5,29,1245,1,2,1,1,6,94017,M,,,94
201500042020,15,6,3,1730,1,2,2,1,4,94017,M,,,94
201500042021,15,6,5,1010,1,2,1,1,6,94017,M,,,94
201500042022,15,6,5,1300,1,2,2,1,3,94017,M,4882980.0,249321.0,94
201500042023,15,6,11,900,1,2,2,1,2,94017,M,,,94
201500042024,15,6,13,1400,1,2,1,1,6,94017,M,,,94
201500042025,15,6,13,1940,5,2,1,1,5,94017,M,,,94
201500042026,15,6,13,2300,5,2,1,1,6,94017,M,,,94
201500042027,15,6,16,1945,1,2,1,1,6,94017,M,,,94
201500042028,15,6,18,730,1,2,1,1,1,94017,M,,,94
201500042029,15,6,15,850,1,2,1,1,2,94017,M,,,94
201500042030,15,6,27,1800,1,2,1,1,3,94017,M,,,94
201500042031,15,6,28,1800,1,2,1,1,6,94017,M,,,94
201500042032,15,7,4,1915,1,2,1,1,5,94017,M,,,94
201500042033,15,7,6,630,1,2,2,1,3,94017,M,,,94
201500042034,15,7,9,1200,1,2,2,1,3,94017,M,,,94
201500042035,15,7,10,1245,1,2,2,1,6,94017,M,,,94
201500042036,15,7,15,1750,1,2,2,1,3,94017,M,,,94
201500042037,15,7,16,1810,1,2,9,1,2,94017,M,,,94
201500042038,15,7,21,1840,1,2,1,1,3,94017,M,,,94
201500042039,15,7,23,2000,1,2,1,1,5,94017,M,,,94
201500042040,15,7,24,950,1,2,1,1,6,94017,M,,,94
201500042041,15,7,25,1410,1,2,1,1,2,94017,M,,,94
201500042042,15,7,25,1925,2,2,2,1,3,94017,M,,,94
201500042043,15,7,30,710,1,2,2,1,3,94017,M,,,94
201500042044,15,8,1,2040,1,2,2,1,3,94017,M,,,94
201500042045,15,8,3,850,1,2,6,1,6,94017,M,,,94
201500042046,15,8,5,1500,1,2,1,1,3,94017,M,,,94
201500042047,15,8,14,1300,1,2,1,1,3,94017,M,,,94
201500042048,15,8,22,1420,1,2,1,1,1,94017,M,,,94
201500042049,15,8,22,1815,1,2,2,1,3,94017,M,,,94
201500042050,15,9,7,1600,1,2,1,1,6,94017,M,,,94
201500042051,15,9,16,855,1,2,1,1,1,94017,M,,,94
201500042052,15,9,17,1255,1,2,1,1,6,94017,M,,,94
201500042053,15,9,18,2040,1,2,1,2,3,94017,M,,,94
201500042054,15,9,22,1315,1,2,1,3,6,94017,M,,,94
201500042055,15,9,25,1240,1,2,1,1,3,94017,M,,,94
201500042056,15,9,29,1745,1,2,1,1,6,94017,M,,,94
201500042057,15,9,29,2010,5,2,1,1,4,94017,M,,,94
201500042058,15,10,1,1815,2,2,1,1,3,94017,M,,,94
201500042059,15,10,2,1855,5,2,1,1,6,94017,M,,,94
201500042060,15,10,6,825,1,2,1,2,3,94017,M,,,94
201500042061,15,10,7,1340,1,2,1,1,3,94017,M,,,94
201500042062,15,10,12,2005,5,2,6,1,2,94017,M,,,94
201500042063,15,10,14,1830,2,2,1,1,2,94017,M,,,94
201500042064,15,10,28,1415,1,2,2,1,6,94017,M,,,94
201500042065,15,10,31,1,5,2,1,1,3,94017,M,,,94
201500042066,15,11,1,1935,5,2,2,1,1,94017,M,,,94
201500042067,15,11,2,35,5,2,3,1,2,94017,M,,,94
201500042068,15,11,8,1700,1,2,1,1,6,94017,M,,,94
201500042069,15,11,10,1810,5,2,1,1,6,94017,M,,,94
201500042070,15,11,12,1845,5,2,6,2,3,94017,M,,,94
201500042071,15,11,17,705,2,2,2,1,3,94017,M,,,94
201500042072,15,11,17,1320,1,2,1,1,2,94017,M,,,94
201500042073,15,11,17,1720,5,2,1,2,6,94017,M,,,94
201500042074,15,11,18,2255,5,2,1,1,3,94017,M,,,94
201500042075,15,11,18,1115,1,2,1,1,6,94017,M,,,94
201500042076,15,11,27,2238,5,2,1,8,1,94017,M,,,94
201500042077,15,11,28,1030,1,2,1,1,3,94017,M,,,94
201500042078,15,11,29,1200,1,2,1,1,6,94017,M,,,94
201500042079,15,11,29,1215,1,2,6,1,6,94017,M,,,94
201500042080,15,11,30,1615,1,2,1,1,3,94017,M,,,94
201500042081,15,12,7,1655,1,2,1,1,6,94017,M,,,94
201500042082,15,12,8,1205,1,2,2,1,3,94017,M,,,94
201500042083,15,12,9,915,1,2,1,1,3,94017,M,,,94
201500042084,15,12,12,1955,5,2,1,1,3,94017,M,,,94
201500042085,15,12,18,920,1,2,1,1,3,94017,M,,,94
201500042086,15,12,27,2000,5,2,1,1,2,94017,M,,,94
201500042087,15,9,22,1025,1,2,1,2,3,94018,M,,,94
201500042088,15,1,8,2100,5,2,1,1,3,94069,M,,,94
201500042089,15,1,11,2240,5,2,1,1,3,94018,M,,,94
201500042090,15,1,23,2325,5,2,1,1,6,94018,M,,,94
201500042091,15,1,29,1940,5,2,3,1,3,94018,M,,,94
201500042092,15,1,30,750,2,2,2,2,3,94069,M,,,94
201500042093,15,2,6,1440,1,2,1,1,6,94018,M,,,94
201500042094,15,2,23,1500,1,2,1,8,6,94018,M,,,94
201500042095,15,2,25,2015,5,2,1,2,1,94018,M,,,94
201500042096,15,3,2,945,1,2,1,1,6,94018,M,,,94
201500042097,15,3,10,1220,1,2,1,1,6,94018,M,,,94
201500042098,15,3,12,1630,1,2,1,1,3,94069,M,,,94
201500042099,15,3,13,1650,1,2,2,1,6,94018,M,,,94
201500042100,15,3,20,1900,5,2,3,1,3,94069,M,,,94
201500042101,15,3,21,1950,5,2,1,1,6,94018,M,,,94
201500042102,15,4,2,1850,1,2,1,1,7,94018,M,,,94
201500042103,15,4,20,1200,1,2,1,1,6,94018,M,,,94
201500042104,15,5,2,2015,5,1,1,2,2,94069,M,,,94
201500042105,15,5,4,1940,1,2,1,2,2,94018,M,,,94
201500042106,15,5,4,2040,5,2,2,2,3,94018,M,,,94
201500042107,15,4,25,1045,1,2,1,1,6,94018,M,,,94
201500042108,15,5,21,1945,1,2,1,1,1,94018,M,,,94
201500042109,15,6,11,1330,1,2,1,1,3,94018,M,,,94
201500042110,15,6,11,2025,1,2,3,1,3,94018,M,,,94
201500042111,15,6,12,1850,1,2,9,1,6,94018,M,,,94
201500042112,15,6,15,1815,1,1,1,1,6,94069,M,,,94
201500042113,15,6,16,1345,1,2,2,1,6,94018,M,,,94
201500042114,15,6,18,830,1,2,1,2,6,94069,M,,,94
201500042115,15,6,28,205,3,2,1,1,7,94018,M,,,94
201500042116,15,8,19,905,1,2,1,1,6,94018,M,,,94
201500042117,15,8,22,2230,5,2,8,1,7,94018,M,,,94
201500042118,15,8,23,2345,5,2,1,1,6,94018,M,,,94
201500042119,15,9,12,1330,1,2,1,3,6,94018,M,,,94
201500042120,15,9,18,1310,1,2,1,1,2,94018,M,,,94
201500042121,15,9,23,940,1,2,1,1,2,94069,M,,,94
201500042122,15,9,27,1635,1,2,1,1,6,94018,M,,,94
201500042123,15,10,8,2033,5,2,1,1,3,94069,M,,,94
201500042124,15,10,13,1405,1,2,3,1,5,94018,M,,,94
201500042125,15,10,15,855,1,2,1,2,3,94069,M,,,94
201500042126,15,10,19,925,1,2,1,1,2,94018,M,,,94
201500042127,15,10,25,1755,5,2,1,1,3,94018,M,,,94
201500042128,15,10,26,1630,1,2,1,1,6,94018,M,,,94
201500042129,15,10,27,1000,1,2,9,1,3,94018,M,,,94
201500042130,15,10,28,1915,5,2,1,9,6,94069,M,,,94
201500042131,15,11,5,825,1,2,3,1,3,94018,M,,,94
201500042132,15,11,9,1110,1,2,3,1,3,94018,M,,,94
201500042133,15,11,12,1820,5,2,1,1,6,94018,M,,,94
201500042134,15,11,15,1245,1,2,1,1,6,94018,M,,,94
201500042135,15,11,20,1830,5,2,1,8,7,94018,M,,,94
201500042136,15,11,20,2050,5,2,3,8,3,94018,M,,,94
201500042137,15,11,26,1415,1,2,1,1,6,94069,M,,,94
201500042138,15,12,3,1850,5,2,1,1,3,94069,M,,,94
201500042139,15,12,8,1720,2,2,3,2,6,94018,M,,,94
201500042140,15,1,10,1840,5,2,2,2,6,94019,M,,,94
201500042141,15,1,24,1355,1,2,1,1,6,94079,M,,,94
201500042142,15,1,27,810,2,2,4,1,6,94055,M,4879090.0,255247.0,94
201500042143,15,1,27,2020,3,2,1,1,6,94059,M,,,94
201500042144,15,1,30,1720,2,2,3,2,2,94059,M,,,94
201500042145,15,2,6,2300,5,2,1,1,6,94019,M,,,94
201500042146,15,2,9,2000,5,2,1,8,1,94059,M,,,94
201500042147,15,2,11,800,1,2,2,1,6,94059,M,,,94
201500042148,15,2,19,940,1,2,1,1,2,94059,M,,,94
201500042149,15,2,22,1350,1,2,3,1,1,94019,M,,,94
201500042150,15,2,25,1945,4,2,6,1,6,94059,M,,,94
201500042151,15,3,16,1300,1,2,6,1,6,94079,M,,,94
201500042152,15,3,22,610,2,2,2,1,2,94019,M,,,94
201500042153,15,3,24,955,1,2,2,1,3,94019,M,,,94
201500042154,15,3,24,1530,1,2,3,3,3,94019,M,,,94
201500042155,15,3,28,1130,1,2,3,2,6,94079,M,,,94
201500042156,15,3,31,1720,1,2,1,1,7,94079,M,,,94
201500042157,15,4,8,2225,5,2,3,1,3,94079,M,,,94
201500042158,15,4,12,130,5,2,1,8,3,94019,M,,,94
201500042159,15,4,15,1255,1,2,1,1,6,94079,M,,,94
201500042160,15,4,19,630,1,2,1,1,6,94060,M,,,94
201500042161,15,4,20,1920,2,2,1,7,6,94019,M,,,94
201500042162,15,4,22,700,1,2,1,1,3,94055,M,,,94
201500042163,15,5,16,1435,1,2,1,1,1,94079,M,,,94
201500042164,15,5,14,2130,5,2,2,3,2,94079,M,,,94
201500042165,15,5,17,1930,1,2,1,1,3,94019,M,,,94
201500042166,15,5,17,220,2,2,1,1,6,94079,M,,,94
201500042167,15,5,15,1620,1,2,1,1,1,94055,M,,,94
201500042168,15,5,17,1235,1,2,1,1,6,94019,M,,,94
201500042169,15,5,20,1540,1,2,1,1,2,94060,M,,,94
201500042170,15,5,21,1215,1,2,6,1,6,94079,M,,,94
201500042171,15,5,22,255,5,2,1,1,6,94019,M,,,94
201500042172,15,5,24,2015,1,2,2,1,6,94079,M,,,94
201500042173,15,5,24,1115,1,2,1,7,6,94060,M,,,94
201500042174,15,5,29,1720,1,2,1,1,6,94060,M,,,94
201500042175,15,5,30,1435,1,2,1,1,2,94059,M,,,94
201500042176,15,6,1,1430,1,2,4,1,6,94079,M,,,94
201500042177,15,6,5,1310,1,2,2,7,3,94079,M,,,94
201500042178,15,6,8,1850,1,2,1,7,6,94079,M,,,94
201500042179,15,6,10,755,1,2,6,1,3,94059,M,,,94
201500042180,15,6,11,1920,1,2,2,1,6,94060,M,,,94
201500042181,15,6,12,1320,1,2,2,1,1,94019,M,,,94
201500042182,15,6,12,1930,1,2,6,7,6,94079,M,,,94
201500042183,15,6,15,1056,1,2,1,1,6,94019,M,,,94
201500042184,15,6,23,1518,1,2,1,1,1,94019,M,,,94
201500042185,15,7,1,1430,1,2,1,1,6,94079,M,,,94
201500042186,15,7,3,850,1,2,2,1,3,94055,M,,,94
201500042187,15,7,4,1935,1,2,3,1,1,94079,M,,,94
201500042188,15,7,5,1330,1,2,2,1,3,94055,M,,,94
201500042189,15,7,5,1820,1,2,1,1,2,94079,M,,,94
201500042190,15,7,9,1935,1,2,3,1,3,94059,M,,,94
201500042191,15,7,12,2235,5,2,2,1,3,94059,M,,,94
201500042192,15,7,19,240,5,2,2,1,2,94059,M,,,94
201500042193,15,7,21,1930,1,2,6,1,6,94079,M,,,94
201500042194,15,7,22,1630,1,2,1,1,2,94055,M,,,94
201500042195,15,7,23,1710,1,2,3,1,6,94079,M,,,94
201500042196,15,7,29,1620,1,2,1,1,3,94055,M,,,94
201500042197,15,8,4,620,2,2,1,2,2,94055,M,,,94
201500042198,15,8,21,1750,1,2,3,1,3,94079,M,,,94
201500042199,15,8,21,1955,1,2,1,1,6,94079,M,,,94
201500042200,15,8,21,2350,5,2,3,1,3,94053,M,,,94
201500042201,15,8,25,910,1,2,3,1,2,94055,M,,,94
201500042202,15,8,27,1935,5,2,1,2,2,94059,M,,,94
201500042203,15,9,3,900,1,2,1,7,6,94079,M,,,94
201500042204,15,9,6,1930,2,2,1,1,3,94059,M,,,94
201500042205,15,9,7,2155,5,2,3,1,3,94079,M,,,94
201500042206,15,9,9,1805,1,2,1,1,6,94019,M,,,94
201500042207,15,9,9,1800,1,2,1,1,3,94053,M,,,94
201500042208,15,9,19,1245,1,2,2,1,2,94055,M,,,94
201500042209,15,9,20,30,5,2,3,1,3,94055,M,,,94
201500042210,15,9,24,1910,1,2,2,1,6,94055,M,,,94
201500042211,15,9,26,1450,1,2,2,1,2,94079,M,,,94
201500042212,15,9,29,1935,2,2,9,1,1,94055,M,,,94
201500042213,15,9,29,2010,5,2,1,1,6,94079,M,,,94
201500042214,15,10,1,1845,2,2,1,1,3,94019,M,,,94
201500042215,15,10,6,900,1,2,1,2,6,94060,M,,,94
201500042216,15,10,6,1210,1,2,1,1,2,94019,M,,,94
201500042217,15,10,6,1730,1,2,6,2,3,94079,M,,,94
201500042218,15,10,12,13,5,2,1,1,6,94019,M,4879280.0,252656.0,94
201500042219,15,10,13,1500,1,1,1,1,6,94079,M,,,94
201500042220,15,10,13,1718,1,2,1,1,6,94079,M,,,94
201500042221,15,10,22,40,5,2,2,2,3,94059,M,,,94
201500042222,15,10,22,1250,1,2,2,2,3,94079,M,,,94
201500042223,15,10,27,1235,1,2,1,1,3,94055,M,,,94
201500042224,15,10,30,1755,5,2,1,1,6,94055,M,,,94
201500042225,15,10,31,1720,1,2,4,1,3,94055,M,,,94
201500042226,15,11,2,1950,5,2,2,1,3,94079,M,,,94
201500042227,15,11,5,1830,5,2,3,2,6,94079,M,,,94
201500042228,15,11,9,1440,1,2,6,1,3,94055,M,,,94
201500042229,15,11,10,1827,5,2,1,1,6,94079,M,,,94
201500042230,15,11,25,1030,1,2,1,2,2,94019,M,,,94
201500042231,15,11,17,735,1,2,1,9,2,94079,M,,,94
201500042232,15,11,29,625,5,2,7,1,6,94019,M,,,94
201500042233,15,11,30,1700,5,2,3,2,3,94079,M,,,94
201500042234,15,11,30,1925,5,2,6,1,2,94059,M,,,94
201500042235,15,12,11,1015,1,2,1,1,6,94060,M,,,94
201500042236,15,12,15,1915,5,2,7,3,6,94059,M,,,94
201500042237,15,12,17,1800,5,2,2,1,1,94055,M,,,94
201500042238,15,12,18,750,5,2,1,8,2,94019,M,,,94
201500042239,15,12,21,710,5,2,2,1,6,94053,M,,,94
201500042240,15,12,28,1120,1,2,1,9,3,94059,M,,,94
201500042241,15,12,30,1555,1,2,1,1,5,94079,M,,,94
201500042242,15,12,30,2125,5,2,1,1,3,94079,M,,,94
201500042243,15,9,4,810,1,2,1,1,6,94022,M,,,94
201500042244,15,1,2,920,1,2,3,2,3,94054,M,,,94
201500042245,15,9,5,1320,1,2,1,1,3,94022,M,,,94
201500042246,15,5,1,145,5,2,3,2,2,94022,M,,,94
201500042247,15,12,31,1525,1,2,2,1,6,94022,M,,,94
201500042248,15,5,3,645,2,2,3,8,3,94054,M,,,94
201500042249,15,6,3,1915,1,1,1,1,6,94022,M,4877370.0,240566.0,94
201500042250,15,2,7,2200,5,2,1,9,1,94054,M,,,94
201500042251,15,1,13,912,1,2,1,1,1,94054,M,,,94
201500042252,15,5,4,1520,1,2,1,1,3,94022,M,,,94
201500042253,15,1,6,910,1,2,1,1,6,94022,M,,,94
201500042254,15,1,6,2000,3,1,1,2,2,94081,M,4877340.0,240225.0,94
201500042255,15,2,19,1345,1,2,1,1,7,94022,M,,,94
201500042256,15,1,8,820,2,2,1,9,2,94022,M,,,94
201500042257,15,9,12,1940,2,2,4,3,6,94054,M,,,94
201500042258,15,3,22,1645,1,2,3,1,3,94054,M,,,94
201500042259,15,9,13,2020,5,2,2,8,3,94022,M,,,94
201500042260,15,5,13,800,1,2,3,1,3,94054,M,,,94
201500042261,15,9,18,1930,4,2,1,2,6,94022,M,,,94
201500042262,15,9,19,1710,1,2,2,1,3,94022,M,,,94
201500042263,15,6,2,1600,1,2,1,1,6,94022,M,,,94
201500042264,15,6,7,1335,1,2,1,1,2,94022,M,,,94
201500042265,15,6,9,1100,1,2,1,1,6,94054,M,,,94
201500042266,15,6,14,115,5,2,3,1,2,94022,M,,,94
201500042267,15,6,15,1835,1,2,3,1,3,94022,M,,,94
201500042268,15,6,16,810,1,2,1,1,2,94022,M,,,94
201500042269,15,6,17,1610,1,2,1,1,2,94022,M,,,94
201500042270,15,6,22,1920,1,2,1,2,4,94022,M,,,94
201500042271,15,6,23,1520,1,2,1,1,6,94022,M,,,94
201500042272,15,6,30,910,1,2,2,7,3,94022,M,,,94
201500042273,15,5,23,825,1,2,1,1,6,94054,M,,,94
201500042274,15,9,27,1715,1,1,2,1,2,94022,M,4877340.0,240927.0,94
201500042275,15,5,23,1625,1,2,1,1,6,94022,M,,,94
201500042276,15,8,26,430,5,2,1,8,2,94022,M,,,94
201500042277,15,1,25,705,5,2,1,1,5,94022,M,,,94
201500042278,15,5,26,2010,1,2,1,1,6,94022,M,,,94
201500042279,15,10,1,940,1,2,3,1,3,94054,M,,,94
201500042280,15,5,28,1620,1,2,1,1,2,94022,M,,,94
201500042281,15,10,2,808,1,2,1,1,3,94022,M,,,94
201500042282,15,10,3,1500,1,2,1,1,6,94022,M,,,94
201500042283,15,11,5,1845,5,2,1,9,6,94022,M,,,94
201500042284,15,10,6,1735,1,2,1,1,6,94022,M,,,94
201500042285,15,11,21,1845,5,2,1,2,7,94022,M,,,94