Num_Acc,an,mois,jour,hrmn,lum,agg,int,atm,col,com,gps,lat,long,dep
201500042286,15,10,6,2010,5,2,3,1,3,94022,M,,,94
201500042287,15,2,3,1140,1,2,3,1,6,94054,M,,,94
201500042288,15,2,4,1915,5,2,1,1,3,94022,M,,,94
201500042289,15,2,6,720,2,2,2,1,6,94022,M,4875490.0,241155.0,94
201500042290,15,4,10,1715,1,2,1,1,6,94054,M,,,94
201500042291,15,10,17,1345,1,2,3,8,3,94054,M,,,94
201500042292,15,10,18,730,5,2,2,1,3,94022,M,,,94
201500042293,15,2,14,2020,5,2,1,2,3,94022,M,,,94
201500042294,15,10,20,115,5,2,2,1,3,94022,M,,,94
201500042295,15,2,16,2120,5,2,1,1,3,94022,M,,,94
201500042296,15,2,19,1200,1,2,1,1,6,94022,M,,,94
201500042297,15,10,24,2150,5,2,2,1,3,94054,M,,,94
201500042298,15,7,14,2000,1,2,1,1,3,94054,M,,,94
201500042299,15,10,28,950,1,2,9,2,6,94054,M,,,94
201500042300,15,10,30,303,5,2,1,1,1,94054,M,,,94
201500042301,15,2,25,2330,5,2,2,1,3,94022,M,,,94
201500042302,15,3,1,1535,1,2,7,1,6,94022,M,,,94
201500042303,15,3,2,1949,5,2,1,1,2,94054,M,,,94
201500042304,15,11,5,1215,1,2,1,8,2,94022,M,,,94
201500042305,15,3,8,1320,1,2,1,1,6,94022,M,,,94
201500042306,15,3,8,2140,5,2,3,1,6,94054,M,,,94
201500042307,15,7,7,1755,1,2,2,1,6,94022,M,,,94
201500042308,15,7,8,2019,1,2,1,1,6,94054,M,,,94
201500042309,15,3,11,1010,1,2,3,1,3,94054,M,,,94
201500042310,15,3,13,1745,1,2,1,1,6,94022,M,,,94
201500042311,15,11,14,1720,2,1,1,1,2,94022,M,,,94
201500042312,15,3,14,1100,1,2,1,1,6,94022,M,,,94
201500042313,15,3,16,1645,1,2,1,1,3,94022,M,,,94
201500042314,15,7,18,1850,1,2,3,1,3,94022,M,,,94
201500042315,15,3,20,1750,1,2,1,1,6,94022,M,,,94
201500042316,15,11,22,1450,1,2,3,7,6,94022,M,,,94
201500042317,15,5,4,1800,1,2,1,1,6,94022,M,,,94
201500042318,15,3,25,1025,1,2,2,1,6,94022,M,,,94
201500042319,15,11,24,2332,5,2,4,2,7,94022,M,,,94
201500042320,15,7,29,1615,1,2,1,1,1,94054,M,,,94
201500042321,15,9,29,630,2,1,3,1,7,94054,M,,,94
201500042322,15,12,4,1800,5,2,1,1,6,94022,M,,,94
201500042323,15,4,6,2050,5,2,2,1,3,94022,M,,,94
201500042324,15,4,7,735,1,2,1,1,6,94022,M,,,94
201500042325,15,8,7,1500,1,2,1,1,3,94022,M,,,94
201500042326,15,8,7,2220,5,2,2,1,1,94022,M,,,94
201500042327,15,12,8,1713,5,2,1,3,3,94022,M,,,94
201500042328,15,4,11,1100,1,1,1,1,3,94054,M,,,94
201500042329,15,4,11,1940,1,2,1,1,6,94054,M,,,94
201500042330,15,12,11,1845,5,2,1,1,7,94054,M,,,94
201500042331,15,4,14,1450,1,2,3,1,3,94022,M,,,94
201500042332,15,12,14,740,2,2,2,8,3,94022,M,,,94
201500042333,15,4,16,1410,1,2,6,1,2,94054,M,,,94
201500042334,15,12,15,1640,1,2,1,2,3,94022,M,,,94
201500042335,15,4,17,1600,1,2,1,1,3,94022,M,,,94
201500042336,15,12,15,1930,5,2,1,3,6,94022,M,,,94
201500042337,15,8,21,750,1,2,1,1,4,94054,M,,,94
201500042338,15,12,16,1040,1,1,1,1,6,94054,M,,,94
201500042339,15,8,22,1555,1,2,2,1,3,94022,M,,,94
201500042340,15,12,17,755,1,2,9,8,3,94054,M,,,94
201500042341,15,12,17,800,1,2,1,1,6,94022,M,,,94
201500042342,15,12,17,1339,1,2,1,1,6,94054,M,4874860.0,240238.0,94
201500042343,15,12,19,255,5,2,1,1,3,94022,M,,,94
201500042344,15,8,31,1855,1,2,1,1,3,94054,M,,,94
201500042345,15,1,1,2140,5,2,6,1,2,94028,M,4878450.0,243667.0,94
201500042346,15,1,8,800,1,2,1,1,1,94011,M,,,94
201500042347,15,1,14,1215,1,2,1,1,3,94028,M,,,94
201500042348,15,1,16,1730,1,2,1,1,3,94028,M,,,94
201500042349,15,1,14,1440,1,2,1,1,6,94028,M,,,94
201500042350,15,1,21,1420,1,1,6,1,4,94028,M,4877430.0,243879.0,94
201500042351,15,1,26,1940,5,2,1,2,6,94011,M,,,94
201500042352,15,1,27,2300,3,2,1,1,7,94011,M,,,94
201500042353,15,1,29,1545,1,2,1,1,6,94028,M,,,94
201500042354,15,1,29,2050,5,2,1,2,1,94028,M,,,94
201500042355,15,1,29,1340,1,2,1,2,1,94011,M,,,94
201500042356,15,1,31,1845,5,2,1,1,3,94011,M,,,94
201500042357,15,2,3,1930,5,2,1,1,2,94028,M,,,94
201500042358,15,2,10,830,1,2,1,1,2,94011,M,,,94
201500042359,15,2,9,1915,5,2,1,1,6,94028,M,,,94
201500042360,15,2,11,1340,1,2,1,1,2,94028,M,,,94
201500042361,15,2,13,150,5,2,1,1,6,94011,M,,,94
201500042362,15,2,16,2115,5,2,1,1,3,94028,M,,,94
201500042363,15,2,14,2320,5,2,1,1,3,94028,M,,,94
201500042364,15,2,18,730,2,2,3,1,6,94028,M,,,94
201500042365,15,2,17,1350,1,2,1,1,5,94028,M,,,94
201500042366,15,2,18,1243,1,2,1,1,1,94028,M,,,94
201500042367,15,2,21,5,3,2,6,3,3,94028,M,4877460.0,243934.0,94
201500042368,15,2,22,1030,1,2,1,1,3,94011,M,,,94
201500042369,15,2,24,700,2,2,1,1,6,94028,M,,,94
201500042370,15,2,27,1455,1,2,1,1,2,94028,M,,,94
201500042371,15,3,3,900,1,2,1,1,3,94011,M,,,94
201500042372,15,3,3,1500,1,2,1,1,3,94028,M,,,94
201500042373,15,3,4,920,1,2,1,1,2,94011,M,,,94
201500042374,15,3,6,1300,1,2,1,1,1,94011,M,,,94
201500042375,15,3,11,1300,1,2,1,1,6,94011,M,,,94
201500042376,15,3,18,1600,1,2,1,1,2,94011,M,,,94
201500042377,15,3,21,1325,1,2,1,1,6,94028,M,,,94
201500042378,15,3,23,1535,1,2,1,1,6,94028,M,,,94
201500042379,15,3,24,1610,1,2,1,1,3,94028,M,,,94
201500042380,15,3,25,1510,1,2,1,1,6,94011,M,,,94
201500042381,15,3,25,1120,1,2,1,1,2,94028,M,,,94
201500042382,15,3,27,2010,3,2,1,1,2,94011,M,,,94
201500042383,15,3,28,2105,5,2,1,1,6,94028,M,,,94
201500042384,15,3,30,1840,1,2,1,3,2,94028,M,,,94
201500042385,15,4,1,1230,1,2,1,1,3,94028,M,,,94
201500042386,15,4,2,2340,5,2,6,2,3,94028,M,4877460.0,243934.0,94
201500042387,15,3,29,800,1,2,6,1,6,94028,M,4877460.0,243934.0,94
201500042388,15,4,9,415,5,1,1,1,1,94028,M,,,94
201500042389,15,4,13,1730,1,2,1,1,4,94011,M,,,94
201500042390,15,4,18,1115,1,2,1,1,3,94028,M,,,94
201500042391,15,4,16,1400,1,2,6,1,6,94011,M,,,94
201500042392,15,4,23,1600,1,2,1,1,3,94028,M,,,94
201500042393,15,4,23,1630,1,2,2,1,2,94028,M,4878020.0,243777.0,94
201500042394,15,4,26,1945,2,2,1,2,6,94004,M,4875670.0,250399.0,94
201500042395,15,4,27,1635,1,2,1,1,6,94028,M,,,94
201500042396,15,4,30,1230,1,2,1,2,4,94028,M,,,94
201500042397,15,5,5,1400,1,2,1,1,3,94011,M,,,94
201500042398,15,5,10,1815,1,2,1,1,6,94028,M,,,94
201500042399,15,5,8,2050,1,2,1,1,3,94028,M,,,94
201500042400,15,5,9,1015,1,2,1,1,6,94011,M,,,94
201500042401,15,5,7,1410,1,2,2,1,3,94028,M,,,94
201500042402,15,5,11,1830,1,2,1,1,6,94028,M,,,94
201500042403,15,5,11,1610,1,2,1,1,6,94028,M,,,94
201500042404,15,5,14,1500,1,2,1,2,7,94011,M,,,94
201500042405,15,5,17,1100,1,2,1,1,3,94028,M,,,94
201500042406,15,5,15,1530,1,2,1,1,6,94028,M,,,94
201500042407,15,5,20,815,1,2,1,1,6,94028,M,,,94
201500042408,15,5,18,1539,1,2,1,1,6,94028,M,,,94
201500042409,15,5,18,1515,1,2,3,1,6,94028,M,,,94
201500042410,15,5,24,2025,1,2,1,1,2,94028,M,,,94
201500042411,15,5,20,2130,2,2,1,1,4,94028,M,,,94
201500042412,15,5,29,215,5,1,1,1,6,94028,M,,,94
201500042413,15,6,1,1135,1,2,1,1,2,94028,M,,,94
201500042414,15,6,2,1620,1,2,3,1,3,94028,M,,,94
201500042415,15,6,3,1715,1,2,2,1,4,94028,M,4878020.0,243770.0,94
201500042416,15,6,4,1130,1,2,3,1,2,94028,M,,,94
201500042417,15,6,4,1237,1,2,1,1,6,94011,M,,,94
201500042418,15,6,4,2115,2,2,1,1,7,94028,M,,,94
201500042419,15,6,6,2030,1,2,2,1,3,94011,M,,,94
201500042420,15,6,8,905,1,2,1,1,2,94028,M,,,94
201500042421,15,6,8,1420,1,2,3,1,3,94028,M,,,94
201500042422,15,6,9,725,1,2,2,1,3,94028,M,,,94
201500042423,15,6,15,1010,1,2,1,1,3,94011,M,,,94
201500042424,15,6,17,2135,1,1,1,1,2,94028,M,,,94
201500042425,15,6,17,1320,1,2,1,1,6,94028,M,,,94
201500042426,15,6,18,1300,1,2,1,1,6,94028,M,,,94
201500042427,15,6,19,1010,1,2,1,1,3,94028,M,,,94
201500042428,15,6,22,122,5,2,9,1,7,94028,M,,,94
201500042429,15,6,23,830,1,2,1,1,3,94011,M,,,94
201500042430,15,6,24,1310,1,2,1,1,2,94028,M,,,94
201500042431,15,6,28,720,1,1,1,1,6,94028,M,,,94
201500042432,15,6,27,1045,1,2,1,1,2,94011,M,,,94
201500042433,15,7,1,1750,1,2,3,1,6,94028,M,,,94
201500042434,15,7,3,2110,1,2,1,1,6,94028,M,,,94
201500042435,15,7,4,2335,5,2,1,1,3,94028,M,,,94
201500042436,15,7,3,2020,1,1,1,1,7,94028,M,,,94
201500042437,15,7,6,1300,1,2,1,1,6,94028,M,,,94
201500042438,15,7,9,1600,1,2,1,1,3,94028,M,,,94
201500042439,15,7,13,205,5,2,1,1,6,94011,M,,,94
201500042440,15,7,11,1810,1,2,1,1,3,94028,M,,,94
201500042441,15,7,12,2140,1,2,1,1,3,94028,M,,,94
201500042442,15,7,13,2040,1,1,1,1,3,94028,M,,,94
201500042443,15,7,13,1555,1,2,1,1,6,94028,M,,,94
201500042444,15,7,18,2050,1,2,1,1,6,94028,M,,,94
201500042445,15,7,17,2030,1,2,1,1,6,94028,M,,,94
201500042446,15,7,19,50,5,2,1,1,6,94028,M,,,94
201500042447,15,7,21,1505,1,2,1,1,6,94011,M,,,94
201500042448,15,7,22,1825,1,2,3,1,3,94028,M,,,94
201500042449,15,7,23,1750,1,2,1,1,2,94028,M,,,94
201500042450,15,7,29,1200,1,2,1,1,3,94028,M,,,94
201500042451,15,7,30,1845,1,2,1,1,6,94028,M,,,94
201500042452,15,8,5,1345,1,2,1,1,6,94028,M,,,94
201500042453,15,8,8,1510,1,2,1,1,2,94011,M,,,94
201500042454,15,8,13,1030,1,2,1,1,5,94011,M,,,94
201500042455,15,8,18,850,1,2,1,1,5,94011,M,,,94
201500042456,15,8,17,1820,1,2,1,1,6,94028,M,,,94
201500042457,15,8,19,1900,1,2,1,1,6,94028,M,,,94
201500042458,15,8,22,805,1,2,1,1,6,94028,M,,,94
201500042459,15,8,26,930,1,2,1,1,3,94028,M,,,94
201500042460,15,8,26,110,5,2,1,1,6,94011,M,,,94
201500042461,15,8,29,1840,1,2,1,1,6,94028,M,,,94
201500042462,15,9,3,1530,1,2,1,1,2,94028,M,,,94
201500042463,15,9,4,1305,1,1,3,1,2,94028,M,4877780.0,243837.0,94
201500042464,15,9,5,1730,1,2,1,1,1,94011,M,,,94
201500042465,15,9,4,1950,2,2,1,1,1,94028,M,,,94
201500042466,15,9,8,1630,1,2,1,1,6,94028,M,,,94
201500042467,15,9,13,630,1,1,1,1,6,94028,M,,,94
201500042468,15,9,13,2240,5,2,1,1,1,94028,M,4879930.0,245139.0,94
201500042469,15,9,12,740,1,2,1,1,1,94028,M,,,94
201500042470,15,9,10,850,1,2,1,1,4,94011,M,,,94
201500042471,15,9,14,2230,5,2,3,1,6,94028,M,,,94
201500042472,15,9,20,1515,1,2,1,1,3,94011,M,,,94
201500042473,15,9,19,1945,1,2,2,1,3,94028,M,,,94
201500042474,15,9,21,1348,1,2,1,1,2,94028,M,,,94
201500042475,15,9,22,1345,1,2,1,1,6,94028,M,,,94
201500042476,15,9,21,1000,1,2,1,1,6,94028,M,,,94
201500042477,15,9,22,1900,1,2,1,1,6,94028,M,,,94
201500042478,15,9,23,120,3,1,1,2,7,94028,M,,,94
201500042479,15,9,23,2240,5,2,9,1,6,94011,M,,,94
201500042480,15,9,24,1050,1,2,1,1,2,94028,M,,,94
201500042481,15,9,26,940,1,2,1,1,6,94028,M,,,94
201500042482,15,9,29,1240,1,2,1,1,1,94028,M,,,94
201500042483,15,9,29,1500,1,2,6,1,3,94028,M,4877460.0,243934.0,94
201500042484,15,10,1,1800,1,2,1,1,6,94028,M,,,94
201500042485,15,10,5,825,1,2,1,2,7,94011,M,,,94
201500042486,15,10,1,1032,1,2,1,1,5,94028,M,,,94
201500042487,15,10,10,1715,1,2,1,1,2,94028,M,,,94
201500042488,15,10,12,1520,1,2,1,1,2,94028,M,,,94
201500042489,15,10,14,1700,1,2,1,1,6,94028,M,,,94
201500042490,15,10,15,815,1,2,1,1,6,94028,M,,,94
201500042491,15,10,15,1020,1,2,6,1,3,94028,M,4877460.0,243934.0,94
201500042492,15,10,18,1830,1,2,1,1,6,94028,M,,,94
201500042493,15,10,19,1730,1,1,1,1,6,94028,M,,,94
201500042494,15,10,23,1000,1,2,1,1,2,94011,M,,,94
201500042495,15,11,2,1215,1,2,6,1,3,94028,M,4877400.0,243915.0,94
201500042496,15,11,2,1100,1,2,1,1,6,94028,M,,,94
201500042497,15,11,4,2325,5,2,6,1,3,94011,M,,,94
201500042498,15,11,4,1131,1,2,1,2,3,94028,M,,,94
201500042499,15,11,6,935,1,2,1,1,6,94028,M,,,94
201500042500,15,11,10,1000,1,2,1,1,3,94028,M,,,94
201500042501,15,11,10,2045,5,2,1,1,6,94028,M,,,94
201500042502,15,11,9,1020,1,2,3,1,3,94011,M,,,94
201500042503,15,11,12,1555,1,2,1,1,6,94028,M,,,94
201500042504,15,11,13,1840,5,2,1,1,6,94028,M,,,94
201500042505,15,11,17,1310,1,2,1,1,6,94011,M,,,94
201500042506,15,11,20,710,2,2,3,1,3,94011,M,,,94
201500042507,15,11,22,1720,1,2,1,1,7,94011,M,,,94
201500042508,15,11,22,800,1,2,1,1,1,94011,M,,,94
201500042509,15,11,22,300,3,2,2,1,2,94028,M,,,94
201500042510,15,11,24,1115,1,2,6,2,3,94028,M,4877420.0,243882.0,94
201500042511,15,12,1,1745,5,2,2,1,3,94028,M,,,94
201500042512,15,12,2,1315,1,2,1,1,3,94011,M,,,94
201500042513,15,12,3,1200,1,2,1,1,3,94028,M,,,94
201500042514,15,12,4,618,2,2,1,1,2,94011,M,,,94
201500042515,15,12,4,1400,1,2,1,1,2,94028,M,,,94
201500042516,15,12,8,1750,5,2,1,2,6,94028,M,,,94
201500042517,15,12,9,815,1,2,1,1,3,94011,M,,,94
201500042518,15,12,9,720,1,1,1,1,6,94028,M,,,94
201500042519,15,12,10,2225,5,2,1,1,3,94011,M,,,94
201500042520,15,12,11,1800,5,2,1,1,4,94028,M,,,94
201500042521,15,12,14,2110,5,2,1,1,3,94028,M,,,94
201500042522,15,12,15,900,1,2,3,2,3,94028,M,,,94
201500042523,15,12,15,1900,3,2,1,3,6,94028,M,,,94
201500042524,15,12,15,1900,5,2,1,3,2,94028,M,,,94
201500042525,15,12,16,1840,3,2,1,1,6,94028,M,,,94
201500042526,15,12,14,1115,1,2,1,1,6,94028,M,,,94
201500042527,15,12,16,1953,5,2,1,1,6,94028,M,,,94
201500042528,15,12,17,1750,2,2,1,1,6,94011,M,,,94
201500042529,15,12,21,1630,1,2,1,2,6,94028,M,,,94
201500042530,15,1,2,1200,1,2,9,2,3,94033,M,,,94
201500042531,15,1,12,745,1,2,1,1,5,94033,M,,,94
201500042532,15,1,1,510,5,2,1,1,3,94033,M,,,94
201500042533,15,1,6,945,1,2,3,1,6,94033,M,,,94
201500042534,15,1,15,1620,2,2,1,2,6,94033,M,,,94
201500042535,15,1,17,135,5,2,6,2,6,94033,M,,,94
201500042536,15,1,23,900,1,2,1,1,6,94033,M,,,94
201500042537,15,1,28,800,1,2,1,2,2,94033,M,,,94
201500042538,15,1,28,1855,5,2,3,8,6,94033,M,,,94
201500042539,15,1,30,1310,1,2,1,5,6,94033,M,,,94
201500042540,15,2,2,1020,1,2,1,1,6,94033,M,,,94
201500042541,15,2,8,600,5,2,1,1,6,94033,M,,,94
201500042542,15,2,11,1445,1,2,1,1,6,94033,M,,,94
201500042543,15,3,4,1750,1,2,9,1,6,94033,M,,,94
201500042544,15,3,14,2015,5,2,1,1,2,94033,M,,,94
201500042545,15,3,17,1955,5,2,1,1,3,94033,M,,,94
201500042546,15,3,28,1320,1,2,6,1,2,94033,M,,,94
201500042547,15,4,2,1355,1,2,1,2,6,94033,M,,,94
201500042548,15,4,8,1345,1,2,1,1,2,94033,M,,,94
201500042549,15,4,14,935,1,2,3,1,3,94033,M,,,94
201500042550,15,4,18,2020,1,2,9,1,6,94033,M,,,94
201500042551,15,4,19,1920,1,1,1,1,6,94033,M,,,94
201500042552,15,4,20,845,1,2,8,1,6,94033,M,,,94
201500042553,15,4,23,855,1,2,2,7,6,94033,M,,,94
201500042554,15,4,28,500,5,2,2,1,3,94033,M,,,94
201500042555,15,5,6,1505,1,2,1,1,2,94033,M,,,94
201500042556,15,6,19,1900,1,2,1,1,1,94033,M,,,94
201500042557,15,6,26,1924,1,2,1,1,3,94033,M,,,94
201500042558,15,6,27,2120,2,2,1,1,6,94033,M,,,94
201500042559,15,7,10,2030,1,2,1,1,6,94033,M,,,94
201500042560,15,7,26,1545,1,2,1,3,1,94033,M,,,94
201500042561,15,7,28,2200,2,2,6,2,3,94033,M,,,94
201500042562,15,8,8,1530,1,2,1,1,6,94033,M,,,94
201500042563,15,8,19,1835,1,2,6,1,2,94033,M,,,94
201500042564,15,9,1,930,1,2,1,2,3,94033,M,,,94
201500042565,15,9,3,1800,1,2,1,1,2,94033,M,,,94
201500042566,15,9,9,2105,3,2,1,1,3,94033,M,,,94
201500042567,15,9,20,1620,1,2,1,1,7,94033,M,,,94
201500042568,15,9,28,1030,1,2,1,1,6,94033,M,,,94
201500042569,15,10,1,720,1,2,3,1,3,94033,M,,,94
201500042570,15,10,7,1850,1,2,1,1,3,94033,M,,,94
201500042571,15,10,13,1850,1,2,2,1,3,94033,M,,,94
201500042572,15,10,20,2245,5,2,4,1,3,94033,M,,,94
201500042573,15,10,23,1805,1,2,1,1,6,94033,M,,,94
201500042574,15,10,30,1330,1,2,1,1,6,94033,M,,,94
201500042575,15,11,2,1310,1,2,2,1,3,94033,M,,,94
201500042576,15,11,1,700,5,2,1,1,6,94033,M,,,94
201500042577,15,11,5,1250,1,2,1,1,6,94033,M,,,94
201500042578,15,11,6,1350,1,2,1,1,2,94033,M,,,94
201500042579,15,11,6,1730,5,2,3,2,3,94033,M,,,94
201500042580,15,11,11,1940,5,2,1,1,7,94033,M,,,94
201500042581,15,11,20,1400,1,2,2,2,3,94033,M,,,94
201500042582,15,12,2,830,1,2,3,1,3,94033,M,,,94
201500042583,15,12,2,1935,5,2,1,1,2,94033,M,,,94
201500042584,15,12,4,1350,1,2,3,1,6,94033,M,,,94
201500042585,15,12,7,1155,1,2,5,1,6,94033,M,,,94
201500042586,15,12,8,735,5,2,3,1,3,94033,M,,,94
201500042587,15,1,3,1530,1,2,4,2,6,94016,M,,,94
201500042588,15,1,4,520,5,2,1,1,6,94076,M,4879850.0,235503.0,94
201500042589,15,1,9,725,5,2,1,3,7,94043,M,,,94
201500042590,15,1,9,1715,2,2,1,1,6,94043,M,,,94
201500042591,15,1,11,1525,1,2,2,1,6,94076,M,,,94
201500042592,15,1,14,30,5,2,1,2,3,94076,M,,,94
201500042593,15,1,15,1040,1,2,6,8,3,94043,M,,,94
201500042594,15,1,15,1615,1,2,1,1,2,94076,M,,,94
201500042595,15,1,16,550,5,2,3,1,3,94076,M,,,94
201500042596,15,1,16,1000,1,2,1,1,7,94076,M,,,94
201500042597,15,1,16,2200,5,1,1,2,3,94043,M,,,94
201500042598,15,1,19,800,4,2,3,2,7,94076,M,,,94
201500042599,15,1,20,2015,5,2,1,1,7,94003,M,,,94
201500042600,15,1,21,1853,2,2,1,1,3,94043,M,,,94
201500042601,15,1,23,1900,5,2,1,1,2,94076,M,,,94
201500042602,15,1,24,900,1,2,1,2,6,94003,M,,,94
201500042603,15,1,28,1905,5,2,2,8,6,94043,M,,,94
201500042604,15,1,29,2030,5,2,1,2,7,94076,M,,,94
201500042605,15,1,29,2245,5,2,6,2,1,94043,M,,,94
201500042606,15,2,7,745,2,2,1,1,6,94003,M,,,94
201500042607,15,2,8,200,5,2,5,1,3,94076,M,,,94
201500042608,15,2,9,815,1,2,1,1,7,94003,M,,,94
201500042609,15,2,11,210,5,2,1,1,7,94037,M,,,94
201500042610,15,2,11,750,2,2,3,1,3,94016,M,,,94
201500042611,15,2,12,1318,1,2,5,7,7,94076,M,,,94
201500042612,15,2,13,1935,4,2,2,2,6,94043,M,,,94
201500042613,15,2,14,1215,1,2,1,2,7,94043,M,,,94
201500042614,15,2,14,1550,1,2,2,1,1,94076,M,,,94
201500042615,15,2,17,700,5,2,2,1,3,94076,M,,,94
201500042616,15,2,23,700,5,2,2,3,7,94076,M,,,94
201500042617,15,2,24,1140,1,2,1,1,3,94043,M,,,94
201500042618,15,2,24,1655,1,1,1,1,6,94003,M,,,94
201500042619,15,2,28,540,5,2,6,1,7,94043,M,,,94
201500042620,15,3,1,2145,5,2,1,2,7,94003,M,,,94
201500042621,15,3,2,2025,4,2,1,1,6,94076,M,,,94
201500042622,15,3,3,1355,1,2,1,1,6,94003,M,,,94
201500042623,15,3,4,1630,1,2,2,1,1,94037,M,,,94
201500042624,15,3,10,1330,1,2,1,1,3,94003,M,,,94
201500042625,15,3,14,630,2,2,2,1,3,94016,M,,,94
201500042626,15,3,16,1935,5,2,1,1,3,94016,M,,,94
201500042627,15,3,17,1115,1,2,1,1,3,94076,M,,,94
201500042628,15,3,18,1505,1,2,1,1,6,94043,M,,,94
201500042629,15,3,19,130,3,2,1,1,6,94037,M,,,94
201500042630,15,3,19,1430,1,1,1,1,3,94003,M,,,94
201500042631,15,3,20,1343,1,2,1,1,3,94043,M,,,94
201500042632,15,3,21,315,5,2,1,1,6,94043,M,,,94
201500042633,15,3,25,1620,1,2,2,1,6,94076,M,,,94
201500042634,15,3,31,705,5,2,1,2,6,94003,M,,,94
201500042635,15,4,1,1545,1,2,1,1,2,94037,M,,,94
201500042636,15,4,2,1200,1,2,1,2,7,94016,M,,,94
201500042637,15,4,3,2025,5,2,1,3,3,94037,M,,,94
201500042638,15,4,7,1310,1,2,1,1,3,94043,M,,,94
201500042639,15,4,9,900,1,1,2,1,6,94076,M,,,94
201500042640,15,4,9,1400,1,2,1,1,3,94043,M,,,94
201500042641,15,4,9,1925,1,2,1,1,3,94043,M,,,94
201500042642,15,4,12,1550,1,2,1,1,1,94043,M,,,94
201500042643,15,4,17,430,5,2,3,1,3,94076,M,,,94
201500042644,15,4,18,2235,5,2,2,1,2,94003,M,,,94
201500042645,15,4,19,1200,1,1,1,1,6,94003,M,,,94
201500042646,15,4,21,1420,1,2,1,1,6,94003,M,,,94
201500042647,15,4,23,820,1,2,1,1,2,94003,M,,,94
201500042648,15,5,1,2030,1,2,1,2,2,94043,M,,,94
201500042649,15,5,11,1804,1,2,3,1,3,94076,M,,,94
201500042650,15,5,11,1845,1,2,1,1,1,94003,M,,,94
201500042651,15,5,12,1940,1,2,1,1,6,94076,M,,,94
201500042652,15,5,13,55,5,2,1,1,3,94043,M,,,94
201500042653,15,5,13,1335,1,2,1,1,3,94076,M,,,94
201500042654,15,5,16,1140,1,2,1,1,7,94076,M,,,94
201500042655,15,5,18,943,1,2,1,1,6,94043,M,,,94
201500042656,15,5,18,1045,1,2,3,1,6,94037,M,,,94
201500042657,15,5,21,1815,1,2,3,1,3,94043,M,,,94
201500042658,15,5,21,2210,5,2,1,1,5,94076,M,,,94
201500042659,15,5,22,820,1,2,3,1,2,94016,M,,,94
201500042660,15,5,24,1850,1,2,1,1,2,94016,M,,,94
201500042661,15,5,25,1425,1,2,2,1,1,94076,M,,,94
201500042662,15,5,27,2220,5,2,2,1,3,94016,M,,,94
201500042663,15,5,27,1835,1,1,3,1,1,94076,M,,,94
201500042664,15,5,27,2235,5,2,2,1,3,94043,M,,,94
201500042665,15,5,28,840,1,2,1,1,4,94043,M,,,94
201500042666,15,5,30,2320,5,2,1,1,2,94043,M,,,94
201500042667,15,5,31,910,1,2,1,1,7,94016,M,,,94
201500042668,15,6,2,1800,1,2,2,1,1,94076,M,,,94
201500042669,15,6,5,1725,1,2,1,1,3,94076,M,,,94
201500042670,15,6,6,1530,1,2,1,1,3,94043,M,,,94
201500042671,15,6,8,830,1,2,1,1,3,94037,M,,,94
201500042672,15,6,9,930,1,1,1,1,3,94016,M,,,94
201500042673,15,6,10,1230,1,2,1,1,3,94076,M,,,94
201500042674,15,6,10,1728,1,2,1,1,6,94076,M,,,94
201500042675,15,6,11,1055,1,2,1,1,2,94076,M,,,94
201500042676,15,6,12,1435,1,2,1,1,2,94076,M,,,94
201500042677,15,6,15,2200,5,2,1,1,3,94076,M,,,94
201500042678,15,6,16,2030,1,2,3,1,3,94016,M,,,94
201500042679,15,6,17,1130,1,2,1,1,6,94076,M,,,94
201500042680,15,6,18,1140,1,2,1,2,2,94003,M,,,94
201500042681,15,6,18,1645,1,2,2,1,6,94076,M,,,94
201500042682,15,6,18,1730,1,2,1,1,3,94003,M,,,94
201500042683,15,6,19,900,1,2,1,1,6,94076,M,,,94
201500042684,15,6,21,1515,1,2,1,1,3,94043,M,,,94
201500042685,15,6,21,1715,1,2,1,1,6,94076,M,,,94
201500042686,15,6,21,1900,1,2,1,1,3,94076,M,,,94
201500042687,15,6,22,1500,1,2,1,1,1,94037,M,,,94
201500042688,15,6,23,1830,1,2,1,1,6,94037,M,,,94
201500042689,15,7,2,1525,1,2,1,1,2,94043,M,,,94
201500042690,15,7,3,1000,1,2,1,1,5,94003,M,,,94
201500042691,15,7,3,2235,5,2,1,1,7,94043,M,,,94
201500042692,15,7,4,1605,1,2,2,1,3,94076,M,,,94
201500042693,15,7,7,1120,1,2,1,1,5,94076,M,,,94
201500042694,15,7,17,1520,1,2,2,1,3,94003,M,,,94
201500042695,15,7,18,1850,1,2,1,1,2,94076,M,,,94
201500042696,15,7,18,2040,1,2,1,1,7,94037,M,,,94
201500042697,15,7,22,1340,1,1,2,1,5,94043,M,,,94
201500042698,15,7,10,2050,1,2,3,1,3,94076,M,,,94
201500042699,15,7,25,1425,1,2,2,1,3,94016,M,,,94
201500042700,15,7,28,1752,1,2,1,8,1,94076,M,,,94
201500042701,15,7,29,1720,1,2,1,1,6,94016,M,,,94
201500042702,15,8,1,820,1,2,3,1,3,94076,M,,,94
201500042703,15,8,1,2000,1,2,1,1,6,94016,M,,,94
201500042704,15,8,5,1337,1,2,3,1,3,94076,M,,,94
201500042705,15,8,7,2250,5,2,1,1,3,94076,M,,,94
201500042706,15,8,11,1735,1,2,1,1,2,94043,M,,,94
201500042707,15,8,12,345,5,2,1,1,7,94016,M,,,94
201500042708,15,8,12,1600,1,2,1,1,4,94076,M,,,94
201500042709,15,8,18,1845,1,2,1,1,7,94003,M,,,94
201500042710,15,8,20,1230,1,2,2,2,6,94043,M,,,94
201500042711,15,8,24,630,5,2,1,4,3,94043,M,,,94
201500042712,15,8,24,1430,1,2,1,1,7,94076,M,,,94
201500042713,15,8,26,1035,1,2,2,2,2,94076,M,,,94
201500042714,15,8,30,1430,1,2,1,1,6,94076,M,,,94