Num_Acc,an,mois,jour,hrmn,lum,agg,int,atm,col,com,gps,lat,long,dep
201500042715,15,8,31,145,5,2,2,1,3,94003,M,,,94
201500042716,15,8,31,1924,1,2,1,1,7,94043,M,,,94
201500042717,15,9,5,1750,1,2,1,1,7,94043,M,,,94
201500042718,15,9,8,1210,1,1,2,1,3,94076,M,,,94
201500042719,15,9,8,1500,1,2,1,1,3,94076,M,,,94
201500042720,15,9,9,1115,1,2,3,1,7,94076,M,,,94
201500042721,15,9,10,900,1,2,1,1,2,94016,M,,,94
201500042722,15,9,10,1530,1,2,1,1,4,94076,M,,,94
201500042723,15,9,10,1930,1,2,3,1,7,94076,M,,,94
201500042724,15,9,11,1155,1,2,1,1,7,94076,M,,,94
201500042725,15,9,12,1210,1,2,3,3,3,94003,M,,,94
201500042726,15,9,12,1725,1,2,1,3,2,94043,M,,,94
201500042727,15,9,14,25,5,2,1,1,2,94076,M,,,94
201500042728,15,9,17,819,1,2,1,1,1,94016,M,,,94
201500042729,15,9,20,1600,1,2,1,1,3,94076,M,,,94
201500042730,15,9,24,1114,1,1,3,1,3,94076,M,,,94
201500042731,15,9,25,1910,1,2,3,1,7,94037,M,,,94
201500042732,15,9,26,1615,1,2,1,1,6,94043,M,,,94
201500042733,15,9,27,1900,2,2,3,1,7,94076,M,,,94
201500042734,15,9,28,715,2,2,1,1,2,94043,M,,,94
201500042735,15,9,29,1600,1,1,2,7,3,94076,M,,,94
201500042736,15,9,29,1540,1,2,9,1,7,94076,M,,,94
201500042737,15,10,5,2150,5,2,3,2,3,94016,M,,,94
201500042738,15,10,6,825,2,2,1,3,3,94043,M,,,94
201500042739,15,10,7,1016,1,2,9,1,7,94076,M,,,94
201500042740,15,10,7,1315,1,2,1,1,7,94003,M,,,94
201500042741,15,10,7,1245,1,2,1,1,7,94003,M,,,94
201500042742,15,10,8,1910,5,1,3,1,1,94016,M,,,94
201500042743,15,10,8,2050,4,2,3,1,6,94043,M,,,94
201500042744,15,10,9,1200,1,2,1,1,7,94043,M,,,94
201500042745,15,10,12,1620,1,2,1,1,6,94016,M,,,94
201500042746,15,10,13,1756,1,1,1,1,6,94016,M,,,94
201500042747,15,10,15,830,1,1,1,2,3,94076,M,,,94
201500042748,15,10,18,200,5,2,2,2,3,94076,M,,,94
201500042749,15,10,18,1335,1,2,1,1,3,94076,M,,,94
201500042750,15,10,22,1415,1,2,1,2,6,94076,M,,,94
201500042751,15,10,23,1845,2,2,3,1,5,94003,M,,,94
201500042752,15,10,24,240,5,2,1,1,6,94037,M,,,94
201500042753,15,10,24,2320,5,1,2,8,1,94076,M,,,94
201500042754,15,10,26,1330,1,2,1,8,3,94003,M,,,94
201500042755,15,10,27,1800,5,2,3,1,1,94016,M,,,94
201500042756,15,11,2,1921,5,2,1,1,7,94076,M,,,94
201500042757,15,11,3,1615,1,2,1,1,3,94076,M,,,94
201500042758,15,11,5,1145,1,2,2,1,3,94043,M,,,94
201500042759,15,11,5,2025,5,2,1,1,3,94076,M,,,94
201500042760,15,11,8,610,2,2,2,1,3,94076,M,,,94
201500042761,15,11,10,2135,5,2,1,1,1,94003,M,,,94
201500042762,15,11,16,1400,1,2,2,1,2,94003,M,,,94
201500042763,15,11,19,1015,1,2,1,1,3,94043,M,,,94
201500042764,15,11,20,1930,5,2,1,2,3,94076,M,,,94
201500042765,15,11,23,1810,5,2,1,1,3,94076,M,,,94
201500042766,15,11,24,1,5,2,1,1,6,94003,M,,,94
201500042767,15,11,25,1330,1,2,3,8,3,94037,M,,,94
201500042768,15,11,27,1620,1,2,3,8,1,94037,M,,,94
201500042769,15,11,27,2130,3,2,1,2,3,94076,M,,,94
201500042770,15,11,28,940,1,2,1,1,6,94076,M,,,94
201500042771,15,11,29,50,5,2,1,2,7,94037,M,,,94
201500042772,15,11,30,1140,1,2,1,2,6,94076,M,,,94
201500042773,15,12,1,820,1,2,3,1,7,94076,M,,,94
201500042774,15,12,3,1825,5,2,3,1,7,94016,M,,,94
201500042775,15,12,4,1232,1,2,1,1,6,94076,M,,,94
201500042776,15,12,4,1520,1,2,1,1,4,94003,M,,,94
201500042777,15,12,7,520,5,1,1,1,2,94076,M,,,94
201500042778,15,12,7,1630,1,2,2,1,3,94037,M,,,94
201500042779,15,12,7,1650,5,2,1,1,3,94016,M,,,94
201500042780,15,12,8,2140,5,2,1,2,3,94003,M,,,94
201500042781,15,12,9,1330,1,2,1,7,7,94076,M,,,94
201500042782,15,12,10,1720,4,2,2,1,3,94037,M,,,94
201500042783,15,12,10,1715,2,2,1,1,7,94043,M,,,94
201500042784,15,12,13,1400,1,2,1,1,3,94076,M,,,94
201500042785,15,12,15,730,5,2,1,1,6,94003,M,,,94
201500042786,15,12,17,1825,5,2,3,1,3,94037,M,,,94
201500042787,15,12,19,1215,1,1,1,1,3,94043,M,,,94
201500042788,15,12,23,1000,1,2,1,1,7,94003,M,,,94
201500042789,15,12,24,255,5,2,1,1,6,94076,M,,,94
201500042790,15,2,2,1655,1,2,3,1,6,94076,M,,,94
201500042791,15,4,29,1645,1,2,3,1,3,94003,M,,,94
201500042792,15,4,30,1010,1,2,1,2,2,94043,M,,,94
201500042793,15,12,23,1855,5,1,1,1,7,94076,M,,,94
201500042794,15,1,2,1350,1,2,1,1,2,94073,M,4875620.0,238709.0,94
201500042795,15,1,2,1610,1,2,1,8,6,94038,M,,,94
201500042796,15,1,5,1055,1,2,5,1,3,94065,M,,,94
201500042797,15,1,5,1635,1,2,3,8,6,94038,M,,,94
201500042798,15,1,6,750,2,2,1,2,3,94021,M,,,94
201500042799,15,1,8,1100,1,2,2,8,1,94038,M,,,94
201500042800,15,1,8,1320,1,2,1,2,6,94038,M,,,94
201500042801,15,1,8,1930,5,2,1,1,3,94073,M,,,94
201500042802,15,1,9,915,1,2,1,2,6,94021,M,,,94
201500042803,15,1,13,1300,1,2,1,2,6,94073,M,,,94
201500042804,15,1,13,1455,1,2,3,2,7,94038,M,,,94
201500042805,15,1,14,645,5,2,2,2,3,94073,M,,,94
201500042806,15,1,14,1250,1,1,1,3,6,94038,M,,,94
201500042807,15,1,15,715,2,2,2,1,2,94034,M,,,94
201500042808,15,1,16,1230,1,2,1,1,3,94038,M,,,94
201500042809,15,1,16,1900,3,2,1,1,2,94073,M,,,94
201500042810,15,1,21,1145,1,2,2,1,3,94038,M,,,94
201500042811,15,1,24,1648,1,2,2,1,1,94073,M,,,94
201500042812,15,1,27,2045,5,2,1,1,1,94034,M,,,94
201500042813,15,1,29,1830,4,2,4,2,6,94034,M,,,94
201500042814,15,1,30,1800,3,2,1,8,2,94065,M,4875390.0,236543.0,94
201500042815,15,1,31,2130,5,1,1,2,6,94073,M,4875370.0,237607.0,94
201500042816,15,2,6,645,5,1,1,1,3,94065,M,,,94
201500042817,15,2,6,1350,1,2,1,1,3,94073,M,,,94
201500042818,15,2,6,1800,5,2,1,1,6,94038,M,,,94
201500042819,15,2,10,1115,1,2,2,1,2,94073,M,,,94
201500042820,15,2,10,1920,3,1,1,1,4,94065,M,4875380.0,235842.0,94
201500042821,15,2,12,800,1,2,1,1,7,94021,M,,,94
201500042822,15,2,12,1600,1,2,3,1,3,94021,M,,,94
201500042823,15,2,13,730,1,1,1,1,6,94065,M,4875330.0,236747.0,94
201500042824,15,2,13,1030,1,1,1,1,2,94065,M,,,94
201500042825,15,2,14,1120,1,2,1,2,1,94038,M,,,94
201500042826,15,2,20,840,1,1,2,2,3,94073,M,,,94
201500042827,15,2,25,410,5,2,2,1,1,94065,M,,,94
201500042828,15,2,26,1850,5,2,3,2,3,94065,M,,,94
201500042829,15,2,28,510,5,1,1,1,6,94065,M,,,94
201500042830,15,3,3,820,1,2,1,1,7,94038,M,,,94
201500042831,15,3,4,1100,1,2,1,1,6,94038,M,,,94
201500042832,15,3,4,1715,1,2,1,1,7,94065,M,,,94
201500042833,15,3,5,525,5,2,1,1,3,94073,M,4875400.0,237937.0,94
201500042834,15,3,7,1300,1,2,1,1,4,94038,M,,,94
201500042835,15,3,13,1930,5,2,1,1,6,94065,M,,,94
201500042836,15,3,14,1535,1,2,2,1,3,94038,M,,,94
201500042837,15,3,18,1340,1,2,1,1,3,94038,M,,,94
201500042838,15,3,19,900,1,2,1,1,7,94038,M,,,94
201500042839,15,3,21,1820,2,2,1,1,6,94065,M,,,94
201500042840,15,3,23,25,5,2,1,1,6,94038,M,,,94
201500042841,15,3,24,2115,5,1,1,3,6,94073,M,4875370.0,237595.0,94
201500042842,15,3,26,830,1,2,9,1,3,94073,M,,,94
201500042843,15,3,26,1530,1,2,6,2,2,94034,M,,,94
201500042844,15,3,27,815,1,2,1,1,6,94038,M,,,94
201500042845,15,3,27,1405,1,2,1,1,2,94073,M,,,94
201500042846,15,3,28,800,1,2,6,2,3,94038,M,,,94
201500042847,15,3,29,2100,5,2,1,2,4,94038,M,,,94
201500042848,15,3,30,1115,1,2,9,1,3,94038,M,,,94
201500042849,15,3,30,1130,1,2,1,1,6,94021,M,,,94
201500042850,15,4,5,1100,1,2,1,1,1,94073,M,,,94
201500042851,15,4,6,1355,1,2,1,1,7,94073,M,,,94
201500042852,15,4,10,1130,1,2,1,1,6,94065,M,,,94
201500042853,15,4,11,1630,1,1,1,1,6,94073,M,,,94
201500042854,15,4,13,1800,1,2,1,1,6,94073,M,,,94
201500042855,15,4,20,730,1,2,2,1,3,94021,M,,,94
201500042856,15,4,20,1615,1,2,1,1,3,94073,M,,,94
201500042857,15,4,20,1810,1,2,3,1,7,94073,M,,,94
201500042858,15,4,25,2020,2,2,1,2,6,94021,M,,,94
201500042859,15,4,26,750,1,2,6,9,6,94073,M,,,94
201500042860,15,4,28,800,1,2,9,7,3,94034,M,,,94
201500042861,15,5,3,1415,1,2,1,2,6,94073,M,,,94
201500042862,15,5,5,1750,1,2,1,1,6,94034,M,,,94
201500042863,15,5,12,2310,5,2,1,1,2,94073,M,,,94
201500042864,15,5,13,1700,1,2,1,1,3,94065,M,,,94
201500042865,15,5,15,2005,2,2,2,1,3,94073,M,,,94
201500042866,15,5,19,450,5,2,3,1,7,94065,M,,,94
201500042867,15,5,22,750,1,2,3,9,6,94073,M,,,94
201500042868,15,5,22,1814,1,1,8,1,6,94038,M,,,94
201500042869,15,5,25,1730,1,2,1,1,7,94073,M,,,94
201500042870,15,5,27,1755,1,2,1,1,6,94073,M,,,94
201500042871,15,5,29,1755,1,2,3,1,3,94073,M,,,94
201500042872,15,5,29,2000,1,2,1,1,2,94073,M,,,94
201500042873,15,5,30,1857,1,2,2,1,2,94038,M,,,94
201500042874,15,6,1,2230,3,2,3,1,6,94038,M,,,94
201500042875,15,6,1,2345,5,2,2,1,2,94065,M,,,94
201500042876,15,6,3,1605,1,2,6,1,5,94021,M,,,94
201500042877,15,6,5,1600,1,2,1,1,2,94034,M,,,94
201500042878,15,6,5,1610,1,2,1,1,3,94073,M,,,94
201500042879,15,6,11,1555,1,2,9,1,3,94021,M,,,94
201500042880,15,6,11,2120,2,2,9,1,3,94073,M,,,94
201500042881,15,6,12,825,1,2,1,1,3,94021,M,,,94
201500042882,15,6,12,1600,1,2,4,1,2,94021,M,,,94
201500042883,15,6,12,1815,1,2,1,1,3,94021,M,,,94
201500042884,15,6,15,2220,5,2,2,1,3,94038,M,,,94
201500042885,15,6,15,2255,5,2,9,1,2,94021,M,,,94
201500042886,15,6,16,800,1,2,6,1,3,94065,M,4875310.0,234984.0,94
201500042887,15,6,18,1140,1,2,1,8,3,94065,M,,,94
201500042888,15,6,1,1135,1,2,1,1,6,94073,M,,,94
201500042889,15,6,22,1705,1,2,1,2,6,94038,M,,,94
201500042890,15,6,25,830,1,2,1,1,4,94021,M,,,94
201500042891,15,6,25,1750,1,2,1,1,4,94073,M,,,94
201500042892,15,6,26,800,1,2,1,1,4,94034,M,,,94
201500042893,15,6,26,915,1,2,1,1,3,94021,M,,,94
201500042894,15,6,26,1805,1,1,1,1,5,94065,M,4875380.0,236165.0,94
201500042895,15,6,27,2230,5,2,2,1,7,94021,M,,,94
201500042896,15,6,28,545,2,2,9,1,6,94073,M,,,94
201500042897,15,6,28,1225,1,2,1,1,4,94073,M,,,94
201500042898,15,7,5,1100,1,2,1,1,4,94065,M,,,94
201500042899,15,7,10,1805,1,2,1,1,6,94073,M,,,94
201500042900,15,7,15,830,1,2,4,1,6,94038,M,,,94
201500042901,15,7,19,1925,1,1,1,1,2,94073,M,,,94
201500042902,15,7,19,2010,1,2,1,1,6,94021,M,,,94
201500042903,15,7,20,1100,1,2,2,1,3,94073,M,,,94
201500042904,15,7,23,1445,1,2,9,1,3,94021,M,,,94
201500042905,15,7,23,2130,2,2,1,1,6,94038,M,,,94
201500042906,15,7,24,935,1,2,1,1,4,94065,M,,,94
201500042907,15,7,26,1750,1,2,1,2,7,94038,M,,,94
201500042908,15,7,31,1240,1,2,1,1,3,94038,M,,,94
201500042909,15,7,31,1700,1,2,2,1,3,94038,M,,,94
201500042910,15,8,2,5,5,1,1,1,2,94073,M,,,94
201500042911,15,8,13,1855,1,2,3,3,3,94073,M,,,94
201500042912,15,8,17,1130,1,2,3,1,3,94021,M,,,94
201500042913,15,8,19,2155,2,2,2,1,3,94038,M,,,94
201500042914,15,8,21,1040,1,2,9,1,2,94038,M,,,94
201500042915,15,8,21,2125,5,1,1,1,6,94065,M,,,94
201500042916,15,8,23,1755,1,1,4,1,3,94073,M,,,94
201500042917,15,8,23,1830,1,1,1,1,6,94034,M,,,94
201500042918,15,8,26,755,1,2,2,1,3,94073,M,,,94
201500042919,15,8,26,840,1,2,1,1,7,94065,M,,,94
201500042920,15,8,26,2150,5,1,1,2,3,94021,M,,,94
201500042921,15,8,27,920,1,2,3,2,6,94065,M,,,94
201500042922,15,8,28,1200,1,2,1,1,7,94065,M,,,94
201500042923,15,8,28,1300,1,1,1,1,1,94073,M,,,94
201500042924,15,9,2,915,1,2,1,1,4,94073,M,4875390.0,237262.0,94
201500042925,15,9,3,1854,1,2,1,1,6,94038,M,,,94
201500042926,15,9,4,1540,1,2,3,1,2,94038,M,,,94
201500042927,15,9,7,1330,1,2,1,1,6,94073,M,,,94
201500042928,15,9,9,110,5,1,1,1,2,94073,M,,,94
201500042929,15,9,9,1735,1,2,1,1,6,94021,M,,,94
201500042930,15,9,9,1845,1,2,1,1,6,94021,M,,,94
201500042931,15,9,10,1205,1,2,6,1,3,94038,M,,,94
201500042932,15,9,10,1455,1,2,1,1,3,94073,M,,,94
201500042933,15,9,10,1830,1,2,1,1,6,94073,M,,,94
201500042934,15,9,14,1345,1,1,3,1,3,94065,M,,,94
201500042935,15,9,14,1350,1,2,1,1,3,94021,M,,,94
201500042936,15,9,16,1445,1,1,1,2,3,94065,M,4875370.0,235975.0,94
201500042937,15,9,16,1600,1,2,2,1,2,94038,M,,,94
201500042938,15,9,19,1300,1,2,1,1,2,94021,M,,,94
201500042939,15,9,19,1555,1,2,1,1,6,94034,M,,,94
201500042940,15,9,24,835,1,2,1,1,6,94038,M,,,94
201500042941,15,9,26,730,1,2,2,1,3,94073,M,,,94
201500042942,15,9,30,505,5,2,1,1,7,94073,M,,,94
201500042943,15,10,3,2150,5,2,1,1,6,94073,M,,,94
201500042944,15,10,5,1740,2,2,1,3,6,94038,M,,,94
201500042945,15,10,6,1630,1,2,1,2,3,94021,M,,,94
201500042946,15,10,13,1640,1,2,1,1,2,94073,M,,,94
201500042947,15,10,15,2015,5,2,3,2,5,94073,M,,,94
201500042948,15,10,16,1650,1,2,1,8,6,94034,M,,,94
201500042949,15,10,20,1820,2,2,1,8,1,94065,M,,,94
201500042950,15,10,26,1515,1,2,1,1,7,94073,M,,,94
201500042951,15,10,26,1820,5,2,1,1,6,94034,M,,,94
201500042952,15,10,31,1720,5,2,2,1,3,94073,M,,,94
201500042953,15,11,1,535,5,2,1,1,6,94073,M,,,94
201500042954,15,11,2,1410,1,2,1,1,3,94065,M,,,94
201500042955,15,11,2,2130,4,1,1,1,2,94065,M,4875330.0,236745.0,94
201500042956,15,11,3,830,1,2,1,2,2,94073,M,,,94
201500042957,15,11,5,1235,1,2,1,1,7,94038,M,,,94
201500042958,15,11,7,1530,1,2,1,1,2,94073,M,,,94
201500042959,15,11,7,1800,5,2,2,1,6,94038,M,,,94
201500042960,15,11,9,2050,5,2,1,1,7,94073,M,,,94
201500042961,15,11,13,1300,1,2,1,2,2,94073,M,,,94
201500042962,15,11,18,435,5,2,1,1,6,94034,M,,,94
201500042963,15,11,19,1700,5,1,1,2,6,94065,M,4875380.0,235679.0,94
201500042964,15,11,19,1910,5,2,1,2,6,94073,M,,,94
201500042965,15,11,20,2205,5,2,3,8,1,94073,M,,,94
201500042966,15,11,27,1930,5,2,6,2,6,94034,M,,,94
201500042967,15,11,29,10,5,2,2,2,6,94073,M,,,94
201500042968,15,11,29,50,5,2,2,1,3,94073,M,,,94
201500042969,15,11,30,1640,1,2,1,1,6,94034,M,,,94
201500042970,15,12,2,1500,1,2,1,1,3,94073,M,,,94
201500042971,15,12,3,1240,1,2,1,1,3,94021,M,,,94
201500042972,15,12,4,1215,1,2,4,1,3,94073,M,,,94
201500042973,15,12,5,1000,1,2,1,1,6,94021,M,,,94
201500042974,15,12,5,1600,2,2,1,1,4,94073,M,,,94
201500042975,15,12,7,1215,1,2,1,1,3,94073,M,,,94
201500042976,15,12,12,1854,5,2,1,1,6,94073,M,,,94
201500042977,15,12,15,1830,5,2,3,3,3,94021,M,,,94
201500042978,15,12,19,255,5,2,1,1,3,94073,M,,,94
201500042979,15,12,23,848,1,2,1,1,6,94065,M,,,94
201500042980,15,12,25,500,5,2,1,2,7,94073,M,4875370.0,237604.0,94
201500042981,15,12,25,2005,5,2,1,1,7,94034,M,,,94
201500042982,15,1,1,2035,5,2,1,1,6,94041,M,,,94
201500042983,15,7,30,2200,5,2,1,1,7,94041,M,,,94
201500042984,15,1,5,910,2,2,3,5,3,94041,M,,,94
201500042985,15,7,10,100,5,2,1,1,1,94041,M,,,94
201500042986,15,1,11,1615,1,2,1,1,7,94041,M,,,94
201500042987,15,4,20,1705,1,2,1,1,6,94041,M,,,94
201500042988,15,8,10,340,5,2,1,1,6,94041,M,,,94
201500042989,15,4,30,2305,5,2,1,2,2,94041,M,,,94
201500042990,15,5,1,1600,1,2,1,2,6,94041,M,,,94
201500042991,15,8,11,1041,1,2,1,1,6,94041,M,,,94
201500042992,15,1,20,900,1,2,1,1,6,94041,M,,,94
201500042993,15,1,20,1620,1,2,1,8,6,94041,M,,,94
201500042994,15,8,25,1855,1,2,1,1,6,94041,M,,,94
201500042995,15,8,25,2145,3,2,2,2,3,94041,M,,,94
201500042996,15,8,27,2220,5,2,9,1,6,94041,M,,,94
201500042997,15,9,16,2110,5,2,9,1,5,94041,M,,,94
201500042998,15,8,28,1800,1,2,9,1,6,94041,M,,,94
201500042999,15,8,31,1410,1,2,1,1,3,94041,M,,,94
201500043000,15,9,1,1138,1,2,1,1,6,94041,M,,,94
201500043001,15,11,29,1920,5,2,3,1,5,94041,M,,,94
201500043002,15,9,2,2045,5,2,9,1,6,94041,M,,,94
201500043003,15,12,15,1920,5,2,1,3,6,94041,M,,,94
201500043004,15,2,5,1215,1,2,1,1,6,94041,M,,,94
201500043005,15,2,5,2110,4,2,3,1,3,94041,M,,,94
201500043006,15,9,8,2230,5,2,1,1,6,94041,M,,,94
201500043007,15,2,9,1350,1,2,1,1,3,94041,M,,,94
201500043008,15,2,9,1440,1,2,1,8,6,94041,M,,,94
201500043009,15,2,10,1305,1,2,2,8,3,94041,M,,,94
201500043010,15,2,11,1825,5,2,1,1,6,94041,M,,,94
201500043011,15,2,13,1705,1,2,1,2,6,94041,M,,,94
201500043012,15,2,14,1250,1,2,2,2,3,94041,M,,,94
201500043013,15,9,19,155,5,2,9,9,7,94041,M,,,94
201500043014,15,2,18,125,5,2,1,1,3,94041,M,,,94
201500043015,15,9,21,1310,1,2,3,1,3,94041,M,,,94
201500043016,15,9,21,1610,1,2,1,1,6,94041,M,,,94
201500043017,15,9,24,800,1,2,1,1,6,94041,M,,,94
201500043018,15,9,24,1910,1,2,1,1,6,94041,M,,,94
201500043019,15,9,27,1440,1,2,1,1,6,94041,M,,,94
201500043020,15,10,1,1010,1,2,1,1,6,94041,M,,,94
201500043021,15,5,21,735,1,2,1,1,3,94041,M,4881100.0,237186.0,94
201500043022,15,3,3,1840,2,2,1,2,2,94041,M,,,94
201500043023,15,3,4,915,1,2,1,1,6,94041,M,,,94
201500043024,15,10,12,2010,5,2,2,1,1,94041,M,,,94
201500043025,15,6,10,1135,1,2,1,1,6,94041,M,4880880.0,237371.0,94
201500043026,15,10,15,2040,5,2,1,2,6,94041,M,,,94
201500043027,15,9,26,2200,5,2,1,1,2,94041,M,,,94
201500043028,15,3,17,855,1,2,2,1,6,94041,M,,,94
201500043029,15,3,17,1815,1,2,1,1,6,94041,M,,,94
201500043030,15,10,25,1834,5,2,1,1,6,94041,M,,,94
201500043031,15,3,22,115,5,2,2,1,3,94041,M,,,94
201500043032,15,3,24,1955,5,2,1,2,1,94041,M,,,94
201500043033,15,10,30,830,1,2,1,1,3,94041,M,,,94
201500043034,15,11,1,25,5,2,2,1,3,94041,M,,,94
201500043035,15,11,1,1350,1,2,9,1,6,94041,M,,,94
201500043036,15,3,27,2250,5,2,3,1,1,94041,M,,,94
201500043037,15,3,29,730,2,2,9,2,2,94041,M,,,94
201500043038,15,11,4,1345,1,2,3,1,6,94041,M,,,94
201500043039,15,11,9,1640,1,2,2,1,3,94041,M,,,94
201500043040,15,11,13,2300,5,2,1,1,1,94041,M,,,94
201500043041,15,4,9,915,1,2,1,1,6,94041,M,,,94
201500043042,15,8,15,2100,1,2,1,1,3,94041,M,,,94
201500043043,15,8,6,2015,1,2,1,1,1,94041,M,,,94
201500043044,15,4,11,2225,3,2,1,1,3,94041,M,,,94
201500043045,15,11,21,1100,1,2,1,1,6,94041,M,,,94
201500043046,15,4,14,1245,1,2,1,1,6,94041,M,,,94
201500043047,15,4,14,1720,1,2,1,1,6,94041,M,,,94
201500043048,15,4,15,600,2,2,1,1,7,94041,M,,,94
201500043049,15,4,17,1515,1,2,1,1,6,94041,M,,,94
201500043050,15,4,19,2020,2,2,1,1,3,94041,M,,,94
201500043051,15,11,28,1145,1,2,3,1,1,94041,M,,,94
201500043052,15,11,30,1615,2,2,1,1,6,94041,M,,,94
201500043053,15,4,23,2100,5,2,3,1,1,94041,M,,,94
201500043054,15,12,10,1200,1,2,2,8,7,94041,M,,,94
201500043055,15,12,10,1920,5,2,1,1,6,94041,M,,,94
201500043056,15,5,3,1645,1,2,1,1,6,94041,M,,,94
201500043057,15,5,3,1745,1,2,1,1,2,94041,M,,,94
201500043058,15,12,12,2055,5,2,1,1,6,94041,M,,,94
201500043059,15,5,4,1920,1,2,1,2,6,94041,M,,,94
201500043060,15,10,16,2350,5,2,9,1,5,94041,M,,,94
201500043061,15,5,7,1230,1,2,2,1,3,94041,M,,,94
201500043062,15,12,18,1530,1,2,1,2,6,94041,M,,,94
201500043063,15,12,19,50,5,2,3,1,3,94041,M,,,94
201500043064,15,12,19,935,1,2,1,1,6,94041,M,,,94
201500043065,15,5,14,1430,1,2,2,1,2,94041,M,,,94
201500043066,15,12,28,1810,5,2,1,1,2,94041,M,,,94
201500043067,15,5,18,2115,2,2,1,2,2,94041,M,,,94
201500043068,15,6,1,2015,1,2,1,1,1,94041,M,,,94
201500043069,15,6,6,1530,1,2,1,1,6,94041,M,,,94
201500043070,15,6,18,1710,1,2,6,1,3,94041,M,,,94
201500043071,15,6,19,1325,1,2,1,1,3,94041,M,,,94
201500043072,15,6,23,855,1,2,2,1,6,94041,M,,,94
201500043073,15,6,26,2330,3,2,3,1,1,94041,M,,,94
201500043074,15,7,1,1510,1,2,3,1,6,94041,M,,,94
201500043075,15,7,2,1230,1,2,1,1,6,94041,M,,,94
201500043076,15,7,8,1320,1,2,1,1,6,94041,M,,,94
201500043077,15,7,10,1427,1,2,1,1,6,94041,M,,,94
201500043078,15,7,10,2045,1,2,1,1,6,94041,M,,,94
201500043079,15,7,16,2010,1,2,1,1,6,94041,M,,,94
201500043080,15,7,17,1550,1,2,1,1,6,94041,M,,,94
201500043081,15,7,21,1736,1,2,1,1,6,94041,M,,,94
201500043082,15,7,24,1125,1,2,1,1,6,94041,M,,,94
201500043083,15,4,9,1645,1,2,1,1,3,94046,M,,,94
201500043084,15,1,22,550,5,2,1,1,3,94046,M,,,94
201500043085,15,7,18,1825,1,2,1,1,2,94046,M,,,94
201500043086,15,2,11,1330,1,2,1,1,6,94046,M,,,94
201500043087,15,9,15,1645,1,2,1,1,6,94046,M,,,94
201500043088,15,7,22,2200,5,2,2,1,3,94046,M,,,94
201500043089,15,2,13,1915,5,2,1,3,6,94046,M,,,94
201500043090,15,2,13,1650,1,2,1,2,3,94046,M,,,94
201500043091,15,2,21,425,5,2,1,1,6,94046,M,,,94
201500043092,15,2,24,1300,1,2,1,2,2,94046,M,,,94
201500043093,15,9,16,1215,1,2,1,2,3,94046,M,,,94
201500043094,15,3,7,1250,1,2,1,1,6,94046,M,,,94
201500043095,15,1,30,1750,5,2,1,9,6,94046,M,,,94
201500043096,15,3,12,935,1,2,3,1,3,94046,M,,,94
201500043097,15,4,15,840,1,2,1,1,3,94046,M,,,94
201500043098,15,9,17,1025,1,2,1,1,6,94046,M,,,94
201500043099,15,9,19,340,5,2,1,1,2,94046,M,,,94
201500043100,15,4,8,1935,1,2,1,1,3,94046,M,,,94
201500043101,15,11,12,1140,1,2,3,1,3,94046,M,,,94
201500043102,15,4,22,1935,1,2,3,1,6,94046,M,,,94
201500043103,15,5,11,1405,1,2,1,1,4,94046,M,,,94
201500043104,15,5,16,720,2,2,1,1,6,94046,M,,,94
201500043105,15,5,29,1640,1,2,1,8,3,94046,M,,,94
201500043106,15,1,15,1610,1,2,1,8,6,94046,M,,,94
201500043107,15,3,5,830,1,2,2,1,6,94046,M,,,94
201500043108,15,9,24,1730,1,2,1,1,3,94046,M,,,94
201500043109,15,4,22,1420,1,2,1,1,3,94046,M,,,94
201500043110,15,6,27,1540,1,2,1,1,3,94046,M,,,94
201500043111,15,1,16,1610,1,2,1,1,6,94046,M,,,94
201500043112,15,1,17,1100,1,2,1,1,6,94046,M,,,94
201500043113,15,1,19,1935,5,2,1,1,6,94046,M,,,94
201500043114,15,4,25,2345,5,2,1,1,6,94046,M,,,94
201500043115,15,8,4,615,5,2,2,9,5,94046,M,,,94
201500043116,15,8,15,1425,1,2,1,1,3,94046,M,,,94
201500043117,15,11,20,1410,1,2,1,2,6,94046,M,,,94
201500043118,15,3,6,1425,1,2,1,1,3,94046,M,,,94
201500043119,15,9,17,1045,1,2,1,1,3,94046,M,,,94
201500043120,15,1,22,55,5,2,3,1,3,94046,M,,,94
201500043121,15,1,8,1600,1,2,1,8,2,94046,M,,,94
201500043122,15,10,3,640,3,2,1,1,6,94046,M,,,94
201500043123,15,10,5,1540,1,2,1,2,6,94046,M,,,94
201500043124,15,11,25,1845,5,2,1,2,2,94046,M,,,94
201500043125,15,11,24,1940,5,2,1,1,2,94046,M,,,94
201500043126,15,5,3,310,5,2,1,1,2,94046,M,,,94
201500043127,15,11,2,1310,1,2,1,1,3,94046,M,,,94
201500043128,15,11,1,335,5,2,2,1,3,94046,M,,,94
201500043129,15,12,4,750,1,2,1,1,6,94046,M,,,94
201500043130,15,12,17,1500,1,2,1,1,2,94046,M,,,94
201500043131,15,10,9,800,1,2,1,1,7,94046,M,,,94
201500043132,15,10,9,725,2,2,3,1,6,94046,M,,,94
201500043133,15,5,9,1450,1,2,2,1,5,94046,M,,,94
201500043134,15,3,6,1630,1,2,3,1,3,94046,M,,,94
201500043135,15,7,2,915,1,2,1,1,7,94046,M,,,94
201500043136,15,8,28,50,5,2,2,2,3,94046,M,,,94
201500043137,15,12,14,2030,5,2,1,1,3,94046,M,,,94
201500043138,15,9,3,2230,5,2,1,1,3,94046,M,,,94
201500043139,15,7,10,1110,1,2,1,1,2,94046,M,,,94
201500043140,15,7,12,825,1,2,1,1,2,94046,M,,,94
201500043141,15,7,11,2140,2,2,2,1,3,94046,M,,,94
201500043142,15,4,1,1240,1,2,1,1,3,94046,M,,,94
201500043143,15,4,4,1300,1,2,1,2,6,94046,M,,,94