Num_Acc,an,mois,jour,hrmn,lum,agg,int,atm,col,com,gps,lat,long,dep
201500043144,15,5,31,2300,5,2,1,2,3,94046,M,,,94
201500043145,15,6,1,2255,5,2,1,1,3,94046,M,,,94
201500043146,15,6,3,1750,1,2,1,1,6,94046,M,,,94
201500043147,15,6,6,2040,1,2,3,1,2,94046,M,,,94
201500043148,15,6,5,1125,1,2,1,1,6,94046,M,,,94
201500043149,15,6,6,1240,1,2,1,1,3,94046,M,,,94
201500043150,15,6,14,105,3,2,1,1,7,94046,M,,,94
201500043151,15,6,13,500,2,2,3,1,3,94046,M,,,94
201500043152,15,6,25,920,1,2,1,1,6,94046,M,,,94
201500043153,15,6,30,1315,1,2,9,1,7,94046,M,,,94
201500043154,15,1,2,1511,1,2,1,1,6,94042,M,,,94
201500043155,15,1,3,1330,1,1,1,2,2,94052,M,,,94
201500043156,15,1,14,1250,1,2,2,2,6,94058,M,,,94
201500043157,15,1,10,1030,1,2,3,1,3,94052,M,,,94
201500043158,15,7,2,1730,1,2,1,1,3,94058,M,,,94
201500043159,15,7,2,1905,1,2,1,1,3,94058,M,,,94
201500043160,15,7,6,600,1,2,1,1,4,94042,M,,,94
201500043161,15,1,16,1720,5,2,1,1,3,94042,M,,,94
201500043162,15,1,17,2210,5,2,1,1,3,94058,M,,,94
201500043163,15,6,24,955,1,2,1,1,3,94052,M,,,94
201500043164,15,7,8,1545,1,2,4,1,3,94058,M,,,94
201500043165,15,1,19,1420,1,2,9,1,3,94015,M,,,94
201500043166,15,1,20,1555,1,2,1,8,6,94058,M,,,94
201500043167,15,1,20,1540,1,2,1,1,6,94058,M,,,94
201500043168,15,7,20,852,1,2,1,2,3,94015,M,,,94
201500043169,15,1,22,755,2,2,1,1,6,94052,M,,,94
201500043170,15,7,13,1655,1,2,3,1,3,94058,M,,,94
201500043171,15,1,23,1600,1,2,2,8,6,94015,M,,,94
201500043172,15,7,16,1815,1,2,1,1,2,94058,M,,,94
201500043173,15,10,1,1630,1,2,1,1,6,94058,M,,,94
201500043174,15,1,27,1310,1,2,1,1,6,94058,M,,,94
201500043175,15,1,29,2025,5,2,1,2,6,94052,M,,,94
201500043176,15,1,30,1615,1,2,1,8,6,94052,M,,,94
201500043177,15,1,30,1745,5,2,2,1,6,94042,M,,,94
201500043178,15,7,22,1345,1,2,1,1,7,94042,M,,,94
201500043179,15,2,3,1030,1,2,5,1,2,94015,M,,,94
201500043180,15,2,3,1250,1,2,7,1,3,94042,M,,,94
201500043181,15,7,25,2000,1,2,1,1,3,94042,M,,,94
201500043182,15,2,4,1410,1,2,1,1,6,94058,M,,,94
201500043183,15,2,4,1100,1,2,1,1,3,94052,M,,,94
201500043184,15,2,8,555,5,2,3,8,6,94042,M,,,94
201500043185,15,8,4,1920,1,2,1,1,1,94015,M,,,94
201500043186,15,8,5,1415,1,2,1,1,3,94058,M,,,94
201500043187,15,8,12,1630,1,2,1,1,6,94042,M,,,94
201500043188,15,5,14,1330,1,2,1,1,6,94052,M,,,94
201500043189,15,3,3,750,1,2,1,1,2,94015,M,,,94
201500043190,15,3,6,1400,1,2,1,1,6,94058,M,,,94
201500043191,15,3,6,1430,1,2,1,1,6,94015,M,,,94
201500043192,15,8,27,1130,1,2,1,3,3,94042,M,,,94
201500043193,15,3,7,1845,5,2,1,1,2,94058,M,,,94
201500043194,15,3,8,2230,5,2,2,1,1,94052,M,4883560.0,249382.0,94
201500043195,15,3,11,1525,1,2,1,1,6,94058,M,,,94
201500043196,15,3,11,1610,1,2,1,1,2,94042,M,,,94
201500043197,15,9,2,850,1,2,1,1,6,94058,M,,,94
201500043198,15,3,12,855,1,2,3,1,6,94052,M,,,94
201500043199,15,3,13,1410,1,2,9,1,3,94052,M,,,94
201500043200,15,3,14,1745,1,2,2,1,3,94042,M,,,94
201500043201,15,9,6,1430,1,1,1,1,6,94042,M,,,94
201500043202,15,3,16,830,1,2,1,1,6,94052,M,,,94
201500043203,15,3,17,1500,1,2,1,1,2,94042,M,,,94
201500043204,15,9,9,1100,1,2,1,1,7,94058,M,,,94
201500043205,15,9,9,1600,1,2,2,1,3,94058,M,,,94
201500043206,15,3,20,1520,1,2,1,1,7,94015,M,,,94
201500043207,15,9,13,2045,5,2,4,1,2,94052,M,,,94
201500043208,15,9,16,830,1,2,9,2,3,94052,M,,,94
201500043209,15,3,24,1530,1,1,1,2,2,94015,M,,,94
201500043210,15,3,24,1550,1,2,1,2,6,94052,M,,,94
201500043211,15,3,24,1800,5,2,1,2,2,94052,M,,,94
201500043212,15,3,25,1745,1,2,1,3,6,94015,M,,,94
201500043213,15,3,25,1930,5,2,2,8,1,94058,M,,,94
201500043214,15,3,28,1205,1,2,1,2,2,94042,M,,,94
201500043215,15,9,23,840,1,2,3,2,3,94015,M,,,94
201500043216,15,9,26,1330,1,2,1,1,3,94058,M,,,94
201500043217,15,4,4,935,1,2,2,2,2,94052,M,4883560.0,249382.0,94
201500043218,15,4,4,1820,1,2,2,1,3,94042,M,,,94
201500043219,15,4,5,1130,1,2,1,1,2,94058,M,,,94
201500043220,15,4,7,1030,1,2,1,1,3,94042,M,,,94
201500043221,15,4,8,910,1,2,1,1,2,94042,M,,,94
201500043222,15,4,8,1450,1,2,3,1,3,94015,M,,,94
201500043223,15,4,8,2130,5,2,3,1,3,94058,M,,,94
201500043224,15,10,2,1845,1,2,1,1,3,94015,M,,,94
201500043225,15,10,8,950,1,2,1,1,1,94052,M,,,94
201500043226,15,10,9,1845,1,2,3,1,3,94052,M,,,94
201500043227,15,4,16,1245,1,2,1,1,3,94058,M,,,94
201500043228,15,4,16,1315,1,2,1,1,6,94058,M,,,94
201500043229,15,10,12,1210,1,2,1,1,1,94042,M,,,94
201500043230,15,10,2,1110,1,2,2,1,6,94042,M,4882010.0,247936.0,94
201500043231,15,10,10,5,5,2,1,1,6,94015,M,,,94
201500043232,15,10,16,740,2,2,1,2,3,94015,M,,,94
201500043233,15,4,23,2320,5,2,1,1,3,94052,M,,,94
201500043234,15,10,19,1240,1,2,1,1,6,94052,M,,,94
201500043235,15,10,19,2025,5,2,3,1,3,94058,M,,,94
201500043236,15,10,20,1815,1,2,9,1,3,94052,M,,,94
201500043237,15,10,22,1920,5,2,1,2,2,94058,M,,,94
201500043238,15,4,29,935,1,2,2,1,3,94042,M,,,94
201500043239,15,10,23,1650,2,2,1,1,6,94058,M,,,94
201500043240,15,10,25,1215,1,2,1,1,6,94058,M,,,94
201500043241,15,10,26,1300,1,2,1,1,3,94042,M,,,94
201500043242,15,5,4,1800,1,2,1,2,3,94015,M,,,94
201500043243,15,11,9,1225,1,2,2,1,3,94042,M,,,94
201500043244,15,10,30,1600,1,2,1,1,3,94042,M,,,94
201500043245,15,11,5,1815,5,2,1,2,3,94042,M,,,94
201500043246,15,11,7,1440,1,2,1,1,3,94042,M,,,94
201500043247,15,11,9,1230,1,2,2,1,3,94042,M,,,94
201500043248,15,5,18,755,1,2,1,1,6,94015,M,,,94
201500043249,15,11,10,2120,5,2,1,1,6,94042,M,,,94
201500043250,15,11,12,730,1,2,4,1,6,94058,M,,,94
201500043251,15,11,12,1930,5,2,1,1,3,94052,M,4883250.0,249293.0,94
201500043252,15,11,13,1920,5,2,2,1,3,94042,M,,,94
201500043253,15,5,23,1330,1,2,1,1,6,94042,M,,,94
201500043254,15,11,17,1830,5,2,2,2,6,94015,M,,,94
201500043255,15,5,25,1755,1,2,3,1,3,94058,M,,,94
201500043256,15,5,26,1820,1,2,1,1,6,94052,M,,,94
201500043257,15,11,20,1150,1,2,3,2,3,94058,M,,,94
201500043258,15,5,28,1700,1,2,1,1,6,94058,M,,,94
201500043259,15,11,22,1255,1,2,2,1,1,94058,M,,,94
201500043260,15,6,2,1730,1,2,1,1,6,94052,M,,,94
201500043261,15,6,5,930,1,2,1,1,3,94042,M,,,94
201500043262,15,6,5,945,1,2,1,7,3,94058,M,,,94
201500043263,15,11,29,1235,1,2,2,1,3,94058,M,,,94
201500043264,15,6,5,1015,1,2,1,1,6,94015,M,,,94
201500043265,15,12,1,1945,5,2,1,1,2,94058,M,,,94
201500043266,15,12,1,2145,5,2,1,1,1,94042,M,,,94
201500043267,15,6,8,815,1,2,1,1,3,94052,M,,,94
201500043268,15,6,8,1945,1,2,3,1,3,94052,M,,,94
201500043269,15,12,3,1150,1,2,1,1,1,94052,M,,,94
201500043270,15,6,9,1010,1,2,9,1,3,94058,M,,,94
201500043271,15,6,9,2115,1,2,1,1,6,94015,M,,,94
201500043272,15,12,4,1610,1,2,1,1,6,94052,M,,,94
201500043273,15,6,11,750,1,2,1,1,3,94058,M,,,94
201500043274,15,12,5,1730,2,2,3,1,6,94052,M,,,94
201500043275,15,6,11,1600,1,2,3,1,3,94052,M,,,94
201500043276,15,12,7,750,2,2,1,1,2,94042,M,,,94
201500043277,15,12,7,1955,5,2,6,1,3,94015,M,,,94
201500043278,15,12,9,1950,5,2,1,1,5,94042,M,,,94
201500043279,15,6,15,2210,5,2,1,1,2,94058,M,,,94
201500043280,15,12,10,1550,1,2,1,1,3,94052,M,,,94
201500043281,15,12,10,2050,5,2,1,1,1,94058,M,,,94
201500043282,15,6,19,1840,1,2,9,1,6,94052,M,,,94
201500043283,15,6,23,1645,1,2,1,1,6,94058,M,,,94
201500043284,15,6,26,1630,1,2,3,1,1,94042,M,,,94
201500043285,15,6,29,1125,1,2,1,1,6,94042,M,,,94
201500043286,15,6,30,1920,1,2,1,1,2,94052,M,4883240.0,249311.0,94
201500043287,15,1,6,930,1,2,1,1,3,94068,M,,,94
201500043288,15,1,8,1050,1,2,2,2,3,94068,M,,,94
201500043289,15,1,9,800,2,2,1,2,6,94068,M,,,94
201500043290,15,1,9,2055,5,2,2,2,3,94068,M,,,94
201500043291,15,1,14,840,1,2,2,1,6,94068,M,,,94
201500043292,15,1,14,1640,1,2,1,1,3,94068,M,,,94
201500043293,15,1,19,2120,5,2,2,1,3,94068,M,,,94
201500043294,15,1,20,1235,1,2,2,1,3,94068,M,,,94
201500043295,15,1,21,1310,1,2,1,1,6,94068,M,,,94
201500043296,15,1,25,1340,1,2,1,1,6,94068,M,,,94
201500043297,15,1,26,1900,5,2,1,2,6,94068,M,,,94
201500043298,15,1,27,2050,5,2,1,1,3,94068,M,,,94
201500043299,15,1,29,1840,5,2,1,2,6,94068,M,,,94
201500043300,15,2,1,2320,5,2,2,1,3,94068,M,,,94
201500043301,15,2,7,1345,1,2,2,1,3,94068,M,,,94
201500043302,15,2,9,2145,5,2,1,1,3,94068,M,,,94
201500043303,15,2,17,1540,1,2,1,1,2,94068,M,,,94
201500043304,15,2,23,1150,1,2,1,1,3,94068,M,,,94
201500043305,15,2,23,2145,5,2,3,1,3,94068,M,,,94
201500043306,15,2,24,1725,1,2,1,1,7,94068,M,,,94
201500043307,15,2,28,1530,1,2,2,1,2,94068,M,,,94
201500043308,15,3,6,840,1,2,2,1,3,94068,M,,,94
201500043309,15,3,10,1620,1,2,1,1,6,94068,M,,,94
201500043310,15,3,13,5,5,2,2,1,3,94068,M,,,94
201500043311,15,3,13,1845,1,2,1,1,6,94068,M,,,94
201500043312,15,3,16,1315,1,2,2,1,3,94068,M,,,94
201500043313,15,3,20,1310,1,2,1,1,6,94068,M,,,94
201500043314,15,3,23,1220,1,2,1,1,3,94068,M,,,94
201500043315,15,3,27,1030,1,2,2,1,3,94068,M,,,94
201500043316,15,3,29,950,1,2,2,3,3,94068,M,,,94
201500043317,15,4,4,1125,1,2,1,1,3,94068,M,,,94
201500043318,15,4,5,230,5,2,2,1,3,94068,M,,,94
201500043319,15,4,8,1610,1,2,2,1,3,94068,M,,,94
201500043320,15,4,9,910,1,2,1,1,6,94068,M,,,94
201500043321,15,4,15,935,1,2,1,1,6,94068,M,,,94
201500043322,15,4,28,1025,1,2,1,1,6,94068,M,,,94
201500043323,15,4,30,850,1,2,1,3,6,94068,M,,,94
201500043324,15,5,2,1415,1,2,1,2,6,94068,M,,,94
201500043325,15,5,6,530,2,2,1,1,6,94068,M,,,94
201500043326,15,5,6,840,1,2,1,1,3,94068,M,,,94
201500043327,15,5,14,2025,1,2,2,2,3,94068,M,,,94
201500043328,15,5,18,1430,1,2,1,1,6,94068,M,,,94
201500043329,15,5,26,1750,1,2,1,1,6,94068,M,,,94
201500043330,15,5,27,1025,1,2,2,1,3,94068,M,,,94
201500043331,15,5,29,1020,1,2,1,1,6,94068,M,,,94
201500043332,15,5,30,2145,2,2,1,1,1,94068,M,,,94
201500043333,15,6,2,1800,1,2,2,1,6,94068,M,,,94
201500043334,15,6,12,1340,1,2,2,1,3,94068,M,,,94
201500043335,15,6,13,2105,1,2,1,1,3,94068,M,,,94
201500043336,15,6,15,1400,1,2,1,1,4,94068,M,,,94
201500043337,15,6,13,1430,1,2,2,1,3,94068,M,,,94
201500043338,15,6,19,820,1,2,1,1,2,94068,M,,,94
201500043339,15,6,22,1650,1,2,2,2,3,94068,M,,,94
201500043340,15,6,28,1650,1,2,1,1,3,94068,M,,,94
201500043341,15,6,29,1940,1,2,2,1,3,94068,M,,,94
201500043342,15,7,2,1030,1,2,2,1,6,94068,M,,,94
201500043343,15,7,2,1955,1,2,1,1,6,94068,M,,,94
201500043344,15,7,6,1455,1,2,1,1,6,94068,M,,,94
201500043345,15,7,14,2105,2,2,1,1,3,94068,M,,,94
201500043346,15,7,18,830,1,2,2,1,3,94068,M,,,94
201500043347,15,7,21,1705,1,2,1,1,2,94068,M,,,94
201500043348,15,7,22,1415,1,2,1,1,2,94068,M,,,94
201500043349,15,7,22,1840,1,2,2,1,3,94068,M,,,94
201500043350,15,7,23,1145,1,2,1,1,3,94068,M,,,94
201500043351,15,7,24,1830,1,2,1,1,6,94068,M,,,94
201500043352,15,7,29,1515,1,2,1,1,3,94068,M,,,94
201500043353,15,7,29,1815,1,2,1,1,7,94068,M,,,94
201500043354,15,8,19,2140,5,2,1,1,2,94068,M,,,94
201500043355,15,8,28,940,1,2,2,1,3,94068,M,,,94
201500043356,15,9,4,1245,1,2,1,1,6,94068,M,,,94
201500043357,15,9,7,1853,1,2,2,1,3,94068,M,,,94
201500043358,15,9,8,1000,1,2,1,1,3,94068,M,,,94
201500043359,15,9,8,1110,1,2,1,1,3,94068,M,,,94
201500043360,15,9,8,1345,1,2,1,1,3,94068,M,,,94
201500043361,15,9,10,1835,1,2,1,1,4,94068,M,,,94
201500043362,15,9,12,2000,2,2,2,2,3,94068,M,,,94
201500043363,15,9,14,1615,1,2,2,1,6,94068,M,,,94
201500043364,15,9,16,2015,5,2,1,8,6,94068,M,,,94
201500043365,15,9,21,2245,3,2,2,8,2,94068,M,,,94
201500043366,15,9,23,1515,1,2,9,1,6,94068,M,,,94
201500043367,15,9,24,905,1,2,6,1,3,94068,M,,,94
201500043368,15,10,4,1700,1,2,1,1,6,94068,M,,,94
201500043369,15,10,6,745,2,2,1,2,2,94068,M,,,94
201500043370,15,10,7,1225,1,2,3,1,3,94068,M,,,94
201500043371,15,10,9,650,2,2,1,1,2,94068,M,,,94
201500043372,15,10,9,1015,1,2,2,1,3,94068,M,,,94
201500043373,15,10,13,1250,1,2,2,1,3,94068,M,,,94
201500043374,15,10,13,1845,5,2,1,1,6,94068,M,,,94
201500043375,15,10,16,1640,1,2,1,1,6,94068,M,,,94
201500043376,15,10,19,1525,1,2,9,1,2,94068,M,,,94
201500043377,15,10,25,1230,1,2,1,1,6,94068,M,,,94
201500043378,15,10,30,1615,1,2,3,1,3,94068,M,,,94
201500043379,15,11,5,1050,1,2,2,1,3,94068,M,,,94
201500043380,15,11,9,1200,1,2,1,1,6,94068,M,,,94
201500043381,15,11,15,1420,1,2,1,7,3,94068,M,,,94
201500043382,15,11,19,845,1,2,1,8,2,94068,M,,,94
201500043383,15,11,20,1540,1,2,2,2,3,94068,M,,,94
201500043384,15,11,22,2000,5,2,1,1,6,94068,M,,,94
201500043385,15,11,28,2131,5,2,2,1,3,94068,M,,,94
201500043386,15,11,28,310,5,2,2,1,3,94068,M,,,94
201500043387,15,12,7,1535,1,2,1,1,6,94068,M,,,94
201500043388,15,12,8,940,1,2,2,1,3,94068,M,,,94
201500043389,15,12,11,1500,1,2,1,1,6,94068,M,,,94
201500043390,15,12,14,1730,5,2,1,1,6,94068,M,,,94
201500043391,15,12,14,1745,5,2,1,1,6,94068,M,,,94
201500043392,15,12,15,910,1,2,1,2,2,94068,M,,,94
201500043393,15,12,15,1800,5,2,1,3,6,94068,M,,,94
201500043394,15,12,15,1940,5,2,1,3,6,94068,M,,,94
201500043395,15,12,16,750,1,2,1,2,5,94068,M,,,94
201500043396,15,12,19,1630,1,2,1,1,7,94068,M,,,94
201500043397,15,12,21,1225,1,2,1,1,2,94068,M,,,94
201500043398,15,12,23,1240,1,2,1,1,6,94068,M,,,94
201500043399,15,12,16,1235,1,2,1,1,6,94068,M,,,94
201500043400,15,12,30,1530,1,2,2,1,3,94068,M,,,94
201500043401,15,1,13,830,1,2,3,1,6,94068,M,,,94
201500043402,15,1,16,2050,5,2,1,2,5,94068,M,,,94
201500043403,15,1,22,2250,5,2,1,1,6,94068,M,4881130.0,246915.0,94
201500043404,15,2,12,2240,5,2,2,1,6,94068,M,,,94
201500043405,15,3,3,1015,1,2,1,1,6,94068,M,,,94
201500043406,15,4,6,330,5,2,1,1,6,94068,M,,,94
201500043407,15,4,22,1515,1,2,1,1,6,94068,M,,,94
201500043408,15,4,24,20,5,2,1,1,3,94068,M,,,94
201500043409,15,6,4,1920,1,2,1,1,6,94068,M,,,94
201500043410,15,6,28,1130,1,2,2,1,3,94068,M,,,94
201500043411,15,7,5,650,1,2,1,1,7,94068,M,,,94
201500043412,15,7,14,145,5,2,1,1,3,94068,M,,,94
201500043413,15,7,28,1830,1,2,1,2,6,94068,M,,,94
201500043414,15,8,2,315,5,2,3,1,6,94068,M,4879300.0,248938.0,94
201500043415,15,8,7,2205,2,2,2,1,3,94068,M,,,94
201500043416,15,8,12,1215,1,2,1,1,2,94068,M,,,94
201500043417,15,9,16,1415,1,2,1,1,4,94068,M,,,94
201500043418,15,11,4,1840,5,2,1,8,6,94068,M,,,94
201500043419,15,11,10,105,5,2,1,1,7,94068,M,,,94
201500043420,15,11,12,1510,1,2,1,8,1,94068,M,,,94
201500043421,15,11,17,2155,5,2,2,8,3,94068,M,,,94
201500043422,15,11,24,1130,1,2,1,2,6,94068,M,,,94
201500043423,15,11,30,1240,1,2,2,1,3,94068,M,,,94
201500043424,15,12,1,130,5,2,1,1,6,94068,M,,,94
201500043425,15,12,4,430,5,2,1,2,6,94068,M,,,94
201500043426,15,12,13,845,2,2,1,1,6,94068,M,,,94
201500043427,15,12,28,2300,5,2,1,1,3,94068,M,,,94
201500043428,15,7,16,940,1,2,3,7,3,94074,M,4876690.0,245176.0,94
201500043429,15,1,1,400,5,2,2,8,2,94078,M,4872470.0,244499.0,94
201500043430,15,1,1,730,5,2,3,5,3,94078,M,4872760.0,244561.0,94
201500043431,15,1,2,1030,1,2,1,2,3,94078,M,,,94
201500043432,15,1,5,1045,1,2,1,2,1,94078,M,,,94
201500043433,15,2,26,930,1,2,3,2,5,94078,M,4875940.0,244324.0,94
201500043434,15,1,7,1720,5,2,2,5,6,94077,M,,,94
201500043435,15,1,7,1810,5,2,1,2,6,94078,M,,,94
201500043436,15,12,25,1440,1,2,6,1,3,94074,M,,,94
201500043437,15,1,8,905,1,2,3,1,6,94078,M,,,94
201500043438,15,12,26,943,1,2,1,1,6,94077,M,,,94
201500043439,15,12,27,1950,5,2,1,3,6,94078,M,,,94
201500043440,15,3,15,745,1,2,1,1,6,94077,M,,,94
201500043441,15,1,10,1420,1,2,1,1,6,94078,M,,,94
201500043442,15,1,10,1450,1,2,1,8,3,94078,M,,,94
201500043443,15,3,28,1255,1,2,3,8,3,94078,M,4873560.0,244680.0,94
201500043444,15,1,19,1405,1,2,3,1,1,94078,M,4872760.0,244561.0,94
201500043445,15,1,23,1255,1,2,1,8,6,94077,M,,,94
201500043446,15,1,24,210,5,2,1,1,6,94078,M,4873890.0,244430.0,94
201500043447,15,11,22,1120,1,2,3,1,2,94074,M,4876360.0,244198.0,94
201500043448,15,11,12,150,4,1,1,1,7,94074,M,,,94
201500043449,15,2,5,1655,2,2,1,4,7,94078,M,,,94
201500043450,15,2,11,925,1,2,6,9,3,94074,M,,,94
201500043451,15,10,16,1915,5,2,1,1,5,94074,M,4876740.0,244102.0,94
201500043452,15,2,12,1800,1,2,1,1,6,94078,M,4873000.0,244689.0,94
201500043453,15,9,10,1550,1,2,1,1,3,94078,M,,,94
201500043454,15,2,13,1305,1,2,1,1,6,94078,M,4873000.0,244689.0,94
201500043455,15,2,15,1230,1,2,3,1,4,94074,M,4876470.0,244182.0,94
201500043456,15,2,15,605,5,2,1,8,1,94074,M,,,94
201500043457,15,10,17,2135,5,2,1,2,6,94078,M,,,94
201500043458,15,12,23,110,5,2,1,1,6,94078,M,,,94
201500043459,15,7,9,2030,1,2,4,1,2,94078,M,4875510.0,244413.0,94
201500043460,15,2,23,2040,5,2,3,2,1,94078,M,4876050.0,244291.0,94
201500043461,15,3,3,1920,5,2,1,2,2,94077,M,,,94
201500043462,15,3,4,2325,5,2,1,1,3,94078,M,,,94
201500043463,15,3,7,705,1,1,1,1,1,94077,M,,,94
201500043464,15,3,7,1100,1,2,1,1,6,94078,M,,,94
201500043465,15,3,20,530,5,2,1,1,6,94077,M,,,94
201500043466,15,3,22,2115,5,2,3,1,5,94078,M,4872760.0,244546.0,94
201500043467,15,3,24,2040,5,2,1,3,3,94078,M,,,94
201500043468,15,3,28,1650,1,2,1,1,6,94078,M,,,94
201500043469,15,3,27,635,1,2,2,1,6,94074,M,,,94
201500043470,15,4,1,1800,1,2,1,1,6,94074,M,,,94
201500043471,15,4,2,900,1,2,1,2,6,94078,M,4872580.0,244600.0,94
201500043472,15,4,2,1545,1,2,1,3,7,94077,M,,,94
201500043473,15,4,5,245,5,2,1,1,6,94074,M,,,94
201500043474,15,4,6,130,5,2,3,1,6,94074,M,4876360.0,244198.0,94
201500043475,15,4,10,2027,1,2,1,1,6,94078,M,,,94
201500043476,15,8,2,700,1,2,1,1,2,94078,M,,,94
201500043477,15,4,10,2230,5,2,1,1,6,94078,M,4873040.0,244686.0,94
201500043478,15,8,7,1720,1,2,4,3,6,94078,M,4872970.0,244687.0,94
201500043479,15,4,13,1325,1,2,1,7,1,94074,M,,,94
201500043480,15,4,14,1930,1,2,1,1,3,94078,M,,,94
201500043481,15,4,15,1650,1,2,3,7,6,94078,M,,,94
201500043482,15,4,17,1500,1,2,1,1,6,94074,M,,,94
201500043483,15,4,20,140,5,2,1,1,6,94074,M,4877080.0,244031.0,94
201500043484,15,4,20,925,1,2,3,1,6,94078,M,,,94
201500043485,15,4,21,1850,1,2,2,1,3,94077,M,,,94
201500043486,15,4,22,1130,1,2,1,1,3,94074,M,,,94
201500043487,15,4,24,1840,1,2,1,1,5,94077,M,,,94
201500043488,15,5,2,1835,1,2,1,8,2,94074,M,,,94
201500043489,15,5,3,930,1,2,1,3,3,94078,M,,,94
201500043490,15,5,3,1700,1,2,1,1,5,94074,M,,,94
201500043491,15,5,6,1840,1,2,1,1,6,94077,M,,,94
201500043492,15,5,8,1930,1,2,3,1,3,94074,M,,,94
201500043493,15,5,11,2015,1,2,2,1,3,94077,M,,,94
201500043494,15,5,16,1017,1,2,1,1,3,94077,M,,,94
201500043495,15,5,19,1500,1,2,6,1,5,94074,M,,,94
201500043496,15,5,20,1807,1,2,1,1,2,94077,M,,,94
201500043497,15,5,29,1800,1,2,3,1,3,94078,M,4872970.0,244687.0,94
201500043498,15,5,29,1835,1,2,3,1,5,94078,M,4875940.0,244324.0,94
201500043499,15,5,31,1305,1,2,3,2,2,94074,M,4876370.0,244213.0,94
201500043500,15,6,1,804,1,2,1,1,3,94078,M,,,94
201500043501,15,10,28,1515,1,2,1,1,3,94078,M,,,94
201500043502,15,6,9,310,5,2,1,1,7,94078,M,,,94
201500043503,15,6,9,1850,1,2,1,1,6,94001,M,,,94
201500043504,15,6,10,1426,1,2,1,1,2,94078,M,4872280.0,244380.0,94
201500043505,15,6,13,1855,1,2,3,1,6,94078,M,,,94
201500043506,15,6,14,635,1,2,3,1,5,94078,M,4872760.0,244546.0,94
201500043507,15,6,17,1725,1,2,1,1,3,94077,M,,,94
201500043508,15,6,26,1830,1,2,1,1,1,94077,M,,,94
201500043509,15,6,30,1930,1,2,1,1,6,94074,M,,,94
201500043510,15,6,30,1915,1,2,1,7,6,94078,M,,,94
201500043511,15,7,1,1725,1,2,1,1,6,94074,M,,,94
201500043512,15,7,2,2200,1,2,3,1,7,94077,M,,,94
201500043513,15,7,3,930,1,2,1,1,3,94074,M,,,94
201500043514,15,1,16,2145,5,2,3,2,3,94078,M,4872970.0,244687.0,94
201500043515,15,7,7,2040,1,2,4,3,4,94078,M,4875510.0,244413.0,94
201500043516,15,7,8,1905,1,2,1,8,6,94078,M,,,94
201500043517,15,7,16,1345,1,2,1,1,6,94074,M,,,94
201500043518,15,7,20,1530,1,2,3,1,3,94078,M,4873300.0,244681.0,94
201500043519,15,9,18,2100,3,2,1,2,1,94078,M,,,94
201500043520,15,7,30,1755,1,2,2,1,3,94074,M,,,94
201500043521,15,7,31,740,1,2,1,1,1,94077,M,,,94
201500043522,15,7,31,1635,1,2,3,1,3,94078,M,,,94
201500043523,15,8,3,1830,1,2,1,1,7,94078,M,,,94
201500043524,15,8,22,1230,1,2,3,1,3,94078,M,,,94
201500043525,15,8,5,2010,1,2,1,1,6,94078,M,,,94
201500043526,15,8,6,836,1,2,3,1,1,94078,M,,,94
201500043527,15,8,9,50,4,2,4,1,2,94078,M,4875510.0,244413.0,94
201500043528,15,8,15,405,5,2,3,3,3,94078,M,4872470.0,244499.0,94
201500043529,15,8,20,2110,2,2,4,1,3,94078,M,4872970.0,244687.0,94
201500043530,15,8,20,1240,1,2,3,2,2,94078,M,4872410.0,244478.0,94
201500043531,15,8,16,1855,1,2,1,1,6,94078,M,4872600.0,244454.0,94
201500043532,15,8,27,935,1,2,1,2,1,94078,M,,,94
201500043533,15,8,28,1500,1,2,1,1,6,94077,M,,,94
201500043534,15,9,6,555,5,2,3,1,6,94074,M,4876690.0,244128.0,94
201500043535,15,9,7,1135,1,2,2,1,7,94078,M,4873560.0,244665.0,94
201500043536,15,9,9,1220,1,2,6,1,3,94078,M,,,94
201500043537,15,9,11,25,5,2,1,1,5,94078,M,4872190.0,244308.0,94
201500043538,15,9,12,59,5,2,1,1,7,94078,M,4873850.0,244683.0,94
201500043539,15,9,14,1735,1,2,2,7,6,94077,M,,,94
201500043540,15,9,14,2040,5,2,1,1,6,94074,M,,,94
201500043541,15,9,15,2230,5,2,8,2,6,94074,M,,,94
201500043542,15,9,17,1740,1,2,2,1,3,94078,M,4873560.0,244680.0,94
201500043543,15,9,18,2120,5,2,1,2,7,94078,M,4874360.0,244657.0,94
201500043544,15,9,21,1040,1,2,1,1,2,94078,M,,,94
201500043545,15,9,22,1530,1,2,1,1,6,94074,M,,,94
201500043546,15,7,18,705,1,2,1,1,6,94074,M,,,94
201500043547,15,7,18,1320,1,2,1,1,2,94078,M,,,94
201500043548,15,9,25,2000,5,2,1,1,6,94074,M,,,94
201500043549,15,7,20,1050,1,2,3,1,3,94078,M,4873300.0,244681.0,94
201500043550,15,10,5,1425,1,2,1,3,6,94074,M,,,94
201500043551,15,9,30,840,1,2,1,1,6,94078,M,,,94
201500043552,15,10,9,1330,1,2,1,1,2,94074,M,,,94
201500043553,15,10,20,1940,5,2,1,1,6,94078,M,4873000.0,244688.0,94
201500043554,15,10,20,2030,5,2,1,2,6,94077,M,,,94
201500043555,15,10,21,210,5,2,2,1,3,94074,M,,,94
201500043556,15,10,24,1310,1,2,3,1,3,94078,M,4872760.0,244561.0,94
201500043557,15,10,26,850,1,2,4,1,1,94074,M,,,94
201500043558,15,10,31,2335,5,2,1,1,5,94078,M,4872330.0,244399.0,94
201500043559,15,11,3,1800,1,2,1,1,4,94078,M,,,94
201500043560,15,11,4,2317,5,2,6,1,6,94078,M,,,94
201500043561,15,11,5,2150,5,2,1,1,6,94001,M,,,94