Num_Acc,an,mois,jour,hrmn,lum,agg,int,atm,col,com,gps,lat,long,dep
201500043562,15,11,6,1510,1,2,1,2,6,94074,M,,,94
201500043563,15,11,6,625,2,2,4,1,6,94078,M,4872970.0,244687.0,94
201500043564,15,11,8,1640,1,2,1,1,3,94077,M,,,94
201500043565,15,10,17,1230,1,2,1,1,3,94077,M,,,94
201500043566,15,11,15,1940,5,2,4,1,1,94078,M,4875520.0,244426.0,94
201500043567,15,11,17,730,1,2,1,2,3,94001,M,,,94
201500043568,15,11,17,800,1,2,3,2,2,94077,M,,,94
201500043569,15,6,1,1700,1,2,1,1,6,94078,M,,,94
201500043570,15,11,29,135,5,2,1,1,6,94074,M,4876350.0,244202.0,94
201500043571,15,12,1,1310,1,2,4,1,3,94078,M,4872970.0,244687.0,94
201500043572,15,12,6,1650,2,2,1,1,2,94074,M,4876740.0,244102.0,94
201500043573,15,12,7,1815,2,2,1,1,4,94074,M,4876200.0,244239.0,94
201500043574,15,12,14,1830,5,2,1,1,6,94074,M,,,94
201500043575,15,12,15,1820,5,2,1,3,6,94078,M,,,94
201500043576,15,12,21,1530,1,2,1,1,6,94077,M,,,94
201500043577,15,1,8,845,1,2,3,1,2,94080,M,,,94
201500043578,15,1,15,1955,5,2,1,1,7,94080,M,,,94
201500043579,15,1,21,1540,1,2,2,1,3,94080,M,,,94
201500043580,15,1,21,1615,1,2,1,1,3,94080,M,,,94
201500043581,15,2,1,815,1,2,3,1,6,94067,M,,,94
201500043582,15,2,11,1235,1,2,1,1,7,94080,M,,,94
201500043583,15,2,11,1425,1,2,1,1,3,94080,M,,,94
201500043584,15,2,14,1900,5,2,2,1,2,94080,M,,,94
201500043585,15,3,18,1905,3,2,1,1,2,94067,M,,,94
201500043586,15,3,19,1730,1,2,1,1,6,94067,M,,,94
201500043587,15,4,7,925,1,2,1,1,3,94080,M,,,94
201500043588,15,4,13,1500,1,2,1,1,3,94080,M,,,94
201500043589,15,4,9,1020,1,2,2,1,3,94080,M,,,94
201500043590,15,5,6,1335,1,2,1,1,6,94080,M,,,94
201500043591,15,5,11,1920,1,2,1,1,2,94080,M,,,94
201500043592,15,5,13,1600,1,2,2,1,6,94067,M,4884360.0,241761.0,94
201500043593,15,5,15,110,5,2,2,1,3,94080,M,,,94
201500043594,15,5,30,1000,1,2,1,1,3,94080,M,,,94
201500043595,15,5,31,1130,1,2,2,1,3,94080,M,,,94
201500043596,15,6,9,1815,1,2,1,1,2,94080,M,,,94
201500043597,15,6,10,1945,1,2,3,1,3,94080,M,,,94
201500043598,15,6,17,1525,1,2,1,1,1,94067,M,,,94
201500043599,15,6,19,1700,1,2,1,1,2,94080,M,,,94
201500043600,15,6,25,1735,1,2,3,1,6,94080,M,,,94
201500043601,15,7,5,2230,5,2,3,1,1,94080,M,,,94
201500043602,15,7,6,835,1,2,1,1,6,94080,M,,,94
201500043603,15,7,9,1915,1,2,1,1,2,94080,M,,,94
201500043604,15,6,28,1220,1,2,3,1,3,94080,M,,,94
201500043605,15,7,28,1720,1,2,3,2,2,94080,M,,,94
201500043606,15,7,31,1940,1,2,2,1,1,94080,M,,,94
201500043607,15,8,27,2200,5,2,2,3,3,94067,M,,,94
201500043608,15,8,28,1210,1,2,1,1,6,94080,M,,,94
201500043609,15,9,1,1630,1,2,1,1,6,94080,M,,,94
201500043610,15,9,1,1835,1,2,1,1,6,94080,M,,,94
201500043611,15,9,11,1805,1,2,1,1,3,94080,M,,,94
201500043612,15,9,14,1700,1,2,2,1,1,94080,M,,,94
201500043613,15,9,16,1015,1,2,1,3,2,94080,M,,,94
201500043614,15,9,21,34,5,2,1,1,1,94080,M,,,94
201500043615,15,9,21,1905,2,2,5,2,6,94080,M,,,94
201500043616,15,9,27,1610,1,2,2,1,6,94080,M,,,94
201500043617,15,10,1,1850,1,2,1,1,6,94080,M,,,94
201500043618,15,10,2,1330,1,2,2,1,3,94067,M,,,94
201500043619,15,10,6,1130,1,2,1,8,7,94080,M,,,94
201500043620,15,10,9,715,3,2,7,1,3,94080,M,,,94
201500043621,15,10,10,1655,1,2,1,1,2,94067,M,,,94
201500043622,15,10,14,2235,5,2,1,2,7,94080,M,,,94
201500043623,15,10,15,850,1,2,3,2,6,94067,M,,,94
201500043624,15,10,15,2200,5,2,2,2,2,94067,M,,,94
201500043625,15,10,22,845,1,2,2,2,3,94080,M,,,94
201500043626,15,10,27,2210,5,2,2,1,3,94067,M,,,94
201500043627,15,11,5,1700,1,2,1,8,7,94067,M,,,94
201500043628,15,11,6,1000,1,2,1,1,3,94067,M,,,94
201500043629,15,11,19,1850,5,2,3,2,6,94080,M,,,94
201500043630,15,11,25,1110,1,2,2,2,3,94080,M,,,94
201500043631,15,11,29,1455,1,2,1,1,1,94067,M,,,94
201500043632,15,12,1,1755,5,2,4,1,2,94067,M,,,94
201500043633,15,12,2,1045,1,2,1,1,6,94067,M,,,94
201500043634,15,12,9,1140,1,2,1,1,2,94067,M,,,94
201500043635,15,12,10,855,1,2,1,1,3,94067,M,,,94
201500043636,15,12,10,1940,5,2,1,1,6,94080,M,,,94
201500043637,15,12,12,2010,5,2,3,1,1,94067,M,,,94
201500043638,15,12,15,1300,1,2,2,2,2,94067,M,,,94
201500043639,15,12,15,2025,5,2,2,2,3,94080,M,,,94
201500043640,15,12,18,915,1,2,1,1,3,94080,M,,,94
201500043641,15,12,18,1150,1,2,2,1,7,94080,M,,,94
201500043642,15,12,29,1015,1,2,3,1,3,94080,M,,,94
201500043643,15,12,31,2345,5,2,9,1,6,94067,M,,,94
201500043644,15,1,3,2200,5,2,1,2,6,94081,M,,,94
201500043645,15,1,4,2240,5,2,3,1,6,94081,M,,,94
201500043646,15,1,7,1910,3,2,3,8,6,94081,M,,,94
201500043647,15,1,10,1620,1,2,3,1,3,94081,M,,,94
201500043648,15,1,16,620,4,2,1,1,6,94081,M,,,94
201500043649,15,1,23,2115,5,2,1,1,6,94081,M,4878110.0,241618.0,94
201500043650,15,1,26,1215,1,2,3,1,3,94081,M,,,94
201500043651,15,1,26,2000,4,2,1,2,6,94081,M,,,94
201500043652,15,1,28,805,3,2,3,1,3,94081,M,,,94
201500043653,15,1,28,1320,1,2,1,1,7,94081,M,,,94
201500043654,15,1,29,2100,5,2,1,2,2,94081,M,,,94
201500043655,15,1,30,1905,5,2,2,1,2,94081,M,,,94
201500043656,15,1,31,1450,1,2,3,1,3,94081,M,,,94
201500043657,15,2,2,500,3,1,1,2,2,94081,M,4877450.0,240455.0,94
201500043658,15,2,5,1205,1,2,1,1,6,94081,M,,,94
201500043659,15,2,6,1755,5,2,1,1,6,94081,M,,,94
201500043660,15,2,9,1000,1,2,6,8,3,94081,M,,,94
201500043661,15,2,15,2100,5,2,3,1,3,94081,M,,,94
201500043662,15,2,17,1750,5,2,1,8,6,94081,M,,,94
201500043663,15,2,23,1400,1,2,3,1,3,94081,M,,,94
201500043664,15,2,26,1905,5,2,2,2,6,94081,M,,,94
201500043665,15,2,27,1220,1,2,2,1,6,94081,M,,,94
201500043666,15,3,3,1310,1,2,2,1,3,94081,M,,,94
201500043667,15,3,4,725,1,2,1,1,7,94081,M,,,94
201500043668,15,3,4,1745,1,2,2,1,6,94081,M,,,94
201500043669,15,3,7,1950,5,2,1,1,3,94081,M,,,94
201500043670,15,3,11,2050,5,2,1,1,6,94081,M,,,94
201500043671,15,3,15,1450,1,2,3,1,6,94081,M,,,94
201500043672,15,3,23,1315,1,1,1,1,6,94081,M,,,94
201500043673,15,3,24,1840,1,2,1,2,2,94081,M,,,94
201500043674,15,3,24,1140,1,2,1,2,2,94081,M,,,94
201500043675,15,3,26,1145,1,2,1,2,6,94081,M,,,94
201500043676,15,3,28,1005,1,2,1,2,6,94081,M,,,94
201500043677,15,3,28,1450,1,2,2,1,3,94081,M,,,94
201500043678,15,4,10,1200,1,2,1,1,6,94081,M,,,94
201500043679,15,4,10,2130,5,2,1,1,6,94081,M,,,94
201500043680,15,4,11,40,4,2,1,1,6,94081,M,,,94
201500043681,15,4,11,1005,1,2,3,1,6,94081,M,,,94
201500043682,15,4,13,915,1,2,3,1,6,94081,M,,,94
201500043683,15,4,13,1715,1,2,1,1,6,94081,M,,,94
201500043684,15,4,14,700,1,2,3,1,6,94081,M,,,94
201500043685,15,4,18,1800,1,2,1,1,6,94081,M,,,94
201500043686,15,4,20,1400,1,2,3,1,6,94081,M,,,94
201500043687,15,4,24,1625,1,2,1,1,6,94081,M,,,94
201500043688,15,5,2,1540,1,2,1,1,6,94081,M,,,94
201500043689,15,5,2,1640,1,1,1,1,2,94022,M,4877340.0,240911.0,94
201500043690,15,5,4,730,1,2,3,1,6,94081,M,,,94
201500043691,15,5,9,915,1,2,1,1,6,94081,M,,,94
201500043692,15,5,9,2250,5,2,1,1,6,94081,M,,,94
201500043693,15,5,12,1840,1,2,3,1,6,94081,M,,,94
201500043694,15,5,13,1935,1,2,1,1,6,94081,M,,,94
201500043695,15,5,13,2250,5,2,1,1,6,94081,M,,,94
201500043696,15,5,21,1810,1,2,1,1,6,94081,M,,,94
201500043697,15,5,19,1245,1,2,1,1,6,94081,M,,,94
201500043698,15,5,21,845,1,2,1,1,6,94081,M,,,94
201500043699,15,5,21,1810,1,1,1,1,6,94081,M,4877410.0,240232.0,94
201500043700,15,5,21,2330,5,2,1,1,6,94081,M,,,94
201500043701,15,5,23,1645,1,2,1,1,6,94081,M,,,94
201500043702,15,5,24,2350,5,1,6,1,6,94081,M,,,94
201500043703,15,5,25,1210,1,2,1,1,6,94081,M,,,94
201500043704,15,5,27,1550,1,2,1,1,6,94081,M,,,94
201500043705,15,5,31,1920,1,2,1,1,6,94081,M,,,94
201500043706,15,6,4,25,5,2,3,1,3,94081,M,,,94
201500043707,15,6,4,730,1,2,1,1,6,94081,M,,,94
201500043708,15,6,6,1830,1,2,2,1,6,94081,M,,,94
201500043709,15,6,7,1720,1,2,1,1,6,94081,M,,,94
201500043710,15,6,8,1720,1,2,1,1,6,94081,M,,,94
201500043711,15,6,8,1919,1,2,1,1,6,94081,M,,,94
201500043712,15,6,9,1525,1,2,1,1,2,94081,M,,,94
201500043713,15,6,10,1710,1,2,1,1,6,94081,M,,,94
201500043714,15,6,13,130,3,1,1,1,6,94081,M,4877430.0,240291.0,94
201500043715,15,6,15,1805,1,2,1,1,1,94081,M,,,94
201500043716,15,6,17,1830,1,2,1,1,6,94081,M,,,94
201500043717,15,6,19,1145,1,2,3,1,6,94081,M,,,94
201500043718,15,6,19,1855,1,2,2,1,6,94081,M,,,94
201500043719,15,6,22,1,5,2,1,1,3,94081,M,,,94
201500043720,15,7,3,2240,5,2,6,1,7,94081,M,,,94
201500043721,15,7,6,720,1,2,1,1,3,94081,M,,,94
201500043722,15,7,7,815,1,2,2,1,6,94081,M,,,94
201500043723,15,7,9,700,1,2,9,1,7,94081,M,,,94
201500043724,15,7,9,1845,1,2,1,1,6,94081,M,,,94
201500043725,15,7,11,1435,1,2,1,1,6,94081,M,,,94
201500043726,15,7,11,2155,3,1,1,1,2,94081,M,4877340.0,240285.0,94
201500043727,15,7,12,2110,2,2,1,1,6,94081,M,,,94
201500043728,15,7,14,1235,1,2,3,1,6,94081,M,,,94
201500043729,15,7,14,2045,2,2,1,1,6,94081,M,,,94
201500043730,15,7,15,1235,1,2,1,1,2,94081,M,,,94
201500043731,15,7,15,1900,1,1,1,1,6,94081,M,,,94
201500043732,15,7,20,125,5,2,2,1,3,94081,M,,,94
201500043733,15,7,31,2015,2,2,1,1,6,94081,M,,,94
201500043734,15,8,1,455,3,1,1,1,2,94081,M,4877360.0,240410.0,94
201500043735,15,8,1,1150,1,2,1,1,6,94081,M,,,94
201500043736,15,8,4,1045,1,1,1,1,2,94081,M,4877340.0,240312.0,94
201500043737,15,8,7,2240,5,2,1,1,2,94081,M,,,94
201500043738,15,8,11,1340,1,2,2,1,3,94081,M,,,94
201500043739,15,8,21,1310,1,2,3,1,1,94081,M,,,94
201500043740,15,8,27,1245,1,1,1,3,2,94081,M,4877360.0,240417.0,94
201500043741,15,8,29,930,1,2,3,1,3,94081,M,,,94
201500043742,15,9,1,1530,1,2,4,1,6,94081,M,,,94
201500043743,15,9,9,1115,1,2,2,1,7,94081,M,,,94
201500043744,15,9,12,355,5,2,1,1,6,94081,M,,,94
201500043745,15,9,15,1035,1,2,1,1,6,94081,M,,,94
201500043746,15,9,18,810,1,2,2,1,3,94081,M,,,94
201500043747,15,9,30,1025,1,2,1,1,6,94081,M,,,94
201500043748,15,10,2,830,1,2,2,1,6,94081,M,,,94
201500043749,15,10,3,1030,1,2,1,1,6,94081,M,,,94
201500043750,15,10,6,1530,1,1,1,1,2,94081,M,4877360.0,240428.0,94
201500043751,15,10,8,1455,1,2,1,1,2,94081,M,,,94
201500043752,15,10,15,1955,5,2,1,2,3,94081,M,,,94
201500043753,15,10,18,620,5,2,1,1,3,94081,M,,,94
201500043754,15,10,23,1900,3,2,1,1,3,94081,M,,,94
201500043755,15,10,26,1415,1,2,2,1,1,94081,M,,,94
201500043756,15,10,28,920,1,2,3,2,2,94081,M,,,94
201500043757,15,10,30,840,1,1,1,1,3,94081,M,4877350.0,240371.0,94
201500043758,15,10,30,1710,1,2,1,1,6,94081,M,,,94
201500043759,15,10,31,1610,1,2,3,1,3,94081,M,,,94
201500043760,15,11,2,755,1,2,1,1,6,94081,M,,,94
201500043761,15,11,2,1625,1,2,1,1,6,94081,M,,,94
201500043762,15,11,3,750,2,2,1,2,6,94081,M,,,94
201500043763,15,11,10,950,1,2,5,1,6,94081,M,,,94
201500043764,15,11,16,1345,1,2,4,1,6,94081,M,,,94
201500043765,15,11,16,1645,1,2,1,1,7,94081,M,,,94
201500043766,15,11,17,525,5,2,1,2,7,94081,M,,,94
201500043767,15,11,23,1745,5,2,1,1,3,94081,M,,,94
201500043768,15,11,25,1715,5,2,1,2,7,94081,M,,,94
201500043769,15,11,30,910,1,2,1,1,6,94081,M,,,94
201500043770,15,12,1,1830,5,2,1,1,6,94081,M,,,94
201500043771,15,12,2,1755,5,2,1,1,3,94081,M,,,94
201500043772,15,12,6,1805,5,2,1,1,3,94081,M,,,94
201500043773,15,12,7,1820,5,2,3,1,3,94081,M,,,94
201500043774,15,12,17,1300,1,2,1,1,6,94081,M,,,94
201500043775,15,12,19,1010,1,2,1,1,6,94081,M,,,94
201500043776,15,12,22,1610,1,2,1,1,2,94081,M,,,94
201500043777,15,12,22,1725,5,2,2,1,3,94081,M,,,94
201500043778,15,12,23,1725,5,2,5,1,3,94081,M,,,94
201500043779,15,12,23,1755,5,2,1,1,6,94081,M,,,94
201500043780,15,12,26,1445,1,2,2,1,6,94081,M,,,94
201500043781,15,12,29,1945,5,1,1,8,2,94081,M,4877440.0,240522.0,94
201500043782,15,1,2,1240,1,2,2,1,3,95018,M,4894680.0,223810.0,95
201500043783,15,3,1,1200,1,2,1,1,6,95018,M,4894070.0,223450.0,95
201500043784,15,1,14,1446,1,2,1,1,6,95018,M,4895530.0,222110.0,95
201500043785,15,3,5,1830,2,2,2,1,6,95018,M,4894420.0,225090.0,95
201500043786,15,1,15,1555,1,2,5,1,6,95018,M,4894740.0,223280.0,95
201500043787,15,3,13,800,1,2,3,1,6,95018,M,4893790.0,224610.0,95
201500043788,15,1,15,910,1,1,1,1,4,95018,M,4893010.0,223350.0,95
201500043789,15,3,16,1130,1,2,3,1,3,95018,M,4893250.0,223160.0,95
201500043790,15,1,20,1855,5,1,3,1,3,95018,M,4895590.0,225060.0,95
201500043791,15,3,10,800,2,2,2,1,3,95018,M,4893980.0,224870.0,95
201500043792,15,12,23,744,3,2,3,1,6,95018,M,4894930.0,222870.0,95
201500043793,15,1,22,1500,1,2,1,1,6,95176,M,4896160.0,219030.0,95
201500043794,15,3,16,2025,5,2,2,1,3,95018,M,4895790.0,223960.0,95
201500043795,15,1,24,120,5,2,3,1,6,95018,M,4895050.0,226320.0,95
201500043796,15,3,19,800,1,2,2,1,2,95018,M,4893540.0,223870.0,95
201500043797,15,1,27,935,1,2,1,1,6,95176,M,4896290.0,220130.0,95
201500043798,15,3,26,1,5,2,3,1,3,95018,M,4895620.0,224870.0,95
201500043799,15,1,28,1515,1,2,1,1,2,95018,M,4894860.0,225570.0,95
201500043800,15,3,12,1545,1,2,3,1,6,95018,M,4894640.0,222990.0,95
201500043801,15,1,29,2040,3,1,1,3,2,95018,M,4893180.0,223740.0,95
201500043802,15,4,4,10,4,2,1,2,4,95018,M,4893370.0,224040.0,95
201500043803,15,1,31,825,1,2,1,9,6,95018,M,4895130.0,222940.0,95
201500043804,15,4,8,2138,5,2,2,1,3,95018,M,4894630.0,225420.0,95
201500043805,15,2,2,1600,1,2,3,1,6,95018,M,4894630.0,225020.0,95
201500043806,15,4,9,1350,1,2,3,1,2,95018,M,4894630.0,225010.0,95
201500043807,15,2,13,1920,5,2,1,2,6,95018,M,4893670.0,222310.0,95
201500043808,15,6,10,1810,1,2,2,1,6,95018,M,4894820.0,225190.0,95
201500043809,15,2,10,1120,1,2,2,1,6,95018,M,4894490.0,223380.0,95
201500043810,15,4,27,1650,1,2,1,1,6,95176,M,4897850.0,220450.0,95
201500043811,15,2,7,1450,1,2,4,1,3,95018,M,4893590.0,222640.0,95
201500043812,15,4,26,1840,1,2,3,1,3,95018,M,4893710.0,223220.0,95
201500043813,15,2,13,1845,5,2,1,2,3,95018,M,4895350.0,220560.0,95
201500043814,15,4,13,1320,1,2,2,1,3,95176,M,4895870.0,219720.0,95
201500043815,15,2,18,1630,1,2,5,1,6,95018,M,4894140.0,220740.0,95
201500043816,15,4,18,1850,1,2,3,1,6,95018,M,4895190.0,226690.0,95
201500043817,15,2,19,1102,1,2,1,1,6,95018,M,4895690.0,228530.0,95
201500043818,15,5,6,1400,1,2,2,1,6,95176,M,4896690.0,219370.0,95
201500043819,15,2,25,1350,1,2,2,1,3,95018,M,4894310.0,224250.0,95
201500043820,15,5,14,2230,5,2,6,1,6,95018,M,4893390.0,222560.0,95
201500043821,15,5,8,1340,1,2,1,1,6,95018,M,4894620.0,223320.0,95
201500043822,15,5,14,2000,1,2,1,1,1,95018,M,4893260.0,223180.0,95
201500043823,15,5,9,1730,1,2,1,1,3,95582,M,4896240.0,226090.0,95
201500043824,15,5,5,2010,2,2,3,1,6,95018,M,4894520.0,224660.0,95
201500043825,15,5,12,645,1,2,2,1,3,95018,M,4895250.0,224350.0,95
201500043826,15,5,13,835,1,2,2,1,3,95018,M,4894270.0,224310.0,95
201500043827,15,5,18,1400,1,2,6,1,3,95018,M,4894680.0,223820.0,95
201500043828,15,5,21,1730,1,2,1,1,3,95018,M,4894130.0,221190.0,95
201500043829,15,7,1,1755,1,2,1,1,6,95176,M,4896550.0,220680.0,95
201500043830,15,5,27,1651,1,2,1,1,3,95018,M,4895160.0,227940.0,95
201500043831,15,5,29,1309,1,1,1,1,6,95018,M,4894220.0,225630.0,95
201500043832,15,5,28,1845,1,2,2,1,5,95018,M,4893240.0,223160.0,95
201500043833,15,6,3,1500,1,2,3,1,3,95018,M,4895590.0,225060.0,95
201500043834,15,6,4,2135,1,2,1,1,6,95018,M,4894130.0,221310.0,95
201500043835,15,5,17,1938,1,2,3,1,3,95018,M,4895790.0,223960.0,95
201500043836,15,6,1,800,1,2,1,1,3,95018,M,4894290.0,225730.0,95
201500043837,15,6,2,838,1,2,1,1,3,95018,M,4893790.0,224170.0,95
201500043838,15,5,29,1112,1,2,2,1,3,95018,M,4896240.0,226990.0,95
201500043839,15,6,8,815,1,2,3,1,3,95176,M,4897390.0,218860.0,95
201500043840,15,6,5,910,1,2,1,1,6,95018,M,4895380.0,223920.0,95
201500043841,15,6,20,2324,4,2,1,1,3,95018,M,4895830.0,222840.0,95
201500043842,15,6,13,1445,1,2,3,1,6,95018,M,4894660.0,225370.0,95
201500043843,15,6,17,1220,1,2,1,1,5,95018,M,4895160.0,221150.0,95
201500043844,15,6,18,910,1,2,1,1,3,95018,M,4893330.0,223310.0,95
201500043845,15,6,29,2104,1,2,1,1,7,95018,M,4895410.0,222660.0,95
201500043846,15,7,1,1520,1,2,1,1,6,95018,M,4895880.0,223910.0,95
201500043847,15,7,2,8,5,2,2,1,1,95018,M,4893040.0,222780.0,95
201500043848,15,7,2,2000,1,1,3,1,2,95018,M,4895590.0,227870.0,95
201500043849,15,6,26,1620,1,2,3,1,3,95176,M,4896050.0,220290.0,95
201500043850,15,6,29,825,1,2,3,1,2,95018,M,4895510.0,221180.0,95
201500043851,15,7,5,2130,1,2,2,1,3,95018,M,4895190.0,222870.0,95
201500043852,15,7,7,347,5,2,3,1,6,95018,M,4895280.0,224510.0,95
201500043853,15,7,9,2120,1,2,1,1,7,95018,M,4894050.0,224980.0,95
201500043854,15,7,10,1355,1,2,2,1,3,95018,M,4894370.0,221830.0,95
201500043855,15,7,18,1400,1,2,1,1,3,95018,M,4893360.0,223550.0,95
201500043856,15,7,11,1900,1,2,1,1,6,95018,M,4894790.0,222830.0,95
201500043857,15,7,30,245,5,2,1,1,7,95018,M,4894140.0,221080.0,95
201500043858,15,7,22,1800,1,2,1,1,3,95018,M,4895580.0,227820.0,95
201500043859,15,7,10,1855,1,2,3,1,3,95018,M,4896190.0,227150.0,95
201500043860,15,7,29,1809,1,2,3,1,3,95018,M,4893540.0,224180.0,95
201500043861,15,7,29,155,5,2,3,1,2,95018,M,4895290.0,226930.0,95
201500043862,15,7,31,1400,1,2,2,1,2,95176,M,4896970.0,220110.0,95
201500043863,15,8,7,2310,5,2,2,1,3,95018,M,4893650.0,224010.0,95
201500043864,15,8,16,145,5,2,1,1,3,95018,M,4895690.0,228520.0,95
201500043865,15,8,9,1412,1,2,4,1,3,95018,M,4894720.0,224660.0,95
201500043866,15,8,23,1415,1,2,1,1,6,95018,M,4896190.0,225940.0,95
201500043867,15,8,21,1120,1,2,1,1,6,95018,M,4895430.0,227250.0,95
201500043868,15,9,2,815,1,2,3,1,2,95018,M,4895380.0,223910.0,95
201500043869,15,8,27,425,4,2,2,2,3,95018,M,4895330.0,223710.0,95
201500043870,15,9,14,1245,1,2,1,1,3,95018,M,4893030.0,222760.0,95
201500043871,15,9,9,1845,1,2,1,1,2,95018,M,4894660.0,223290.0,95
201500043872,15,10,10,1620,1,2,1,1,3,95018,M,4894060.0,223260.0,95
201500043873,15,9,4,1835,1,2,1,1,3,95063,M,4892520.0,221050.0,95
201500043874,15,9,20,1840,1,2,1,1,6,95063,M,4892970.0,221340.0,95
201500043875,15,9,18,2130,4,2,1,1,6,95582,M,4897290.0,226230.0,95
201500043876,15,9,21,1850,1,2,1,1,1,95063,M,4892460.0,220920.0,95
201500043877,15,9,11,1715,1,1,1,1,5,95018,M,4895510.0,227650.0,95
201500043878,15,9,21,810,1,2,3,1,3,95018,M,4895390.0,224280.0,95
201500043879,15,9,22,1640,1,2,1,1,6,95018,M,4895390.0,225440.0,95
201500043880,15,9,28,840,1,2,1,1,6,95063,M,4892280.0,221490.0,95
201500043881,15,9,22,1920,2,2,1,3,7,95063,M,4891460.0,220410.0,95
201500043882,15,9,30,1810,1,2,2,1,6,95018,M,4894310.0,225270.0,95
201500043883,15,10,1,1050,1,2,1,1,4,95018,M,4895310.0,224330.0,95
201500043884,15,10,1,1340,1,2,4,1,6,95018,M,4895940.0,223870.0,95
201500043885,15,10,1,1931,2,2,2,1,3,95018,M,4893050.0,222780.0,95
201500043886,15,10,5,1425,1,2,4,1,6,95018,M,4895670.0,225620.0,95
201500043887,15,9,11,910,1,2,1,1,3,95018,M,4893380.0,223210.0,95
201500043888,15,10,4,1130,1,2,7,1,3,95063,M,4892260.0,221780.0,95
201500043889,15,9,27,1735,1,2,1,1,6,95018,M,4894080.0,221730.0,95
201500043890,15,10,12,1235,1,2,2,1,3,95582,M,4897710.0,225610.0,95
201500043891,15,9,29,1350,1,2,1,1,6,95018,M,4893960.0,222660.0,95
201500043892,15,9,28,1100,1,2,1,1,5,95018,M,4894250.0,225660.0,95
201500043893,15,10,13,2235,5,2,1,1,2,95018,M,4894280.0,220670.0,95
201500043894,15,10,21,43,5,2,4,2,6,95018,M,4896660.0,223210.0,95
201500043895,15,10,16,935,1,2,1,2,7,95176,M,4897120.0,219240.0,95
201500043896,15,10,16,700,2,2,1,2,2,95018,M,4894470.0,220640.0,95
201500043897,15,10,22,45,5,2,1,2,6,95018,M,4893210.0,223090.0,95
201500043898,15,10,20,1530,1,2,4,1,3,95018,M,4893420.0,223990.0,95
201500043899,15,10,25,940,1,2,1,1,6,95018,M,4894780.0,225610.0,95
201500043900,15,10,25,1550,1,2,2,1,6,95018,M,4896090.0,225540.0,95
201500043901,15,10,27,1405,1,2,1,1,6,95018,M,4894250.0,224270.0,95
201500043902,15,10,30,1700,1,2,1,1,7,95018,M,4894510.0,223960.0,95
201500043903,15,11,2,820,2,2,1,1,3,95018,M,4894270.0,225250.0,95
201500043904,15,11,3,1020,1,2,1,2,7,95582,M,4897080.0,226860.0,95
201500043905,15,10,21,550,5,2,1,1,3,95018,M,4893020.0,223390.0,95
201500043906,15,11,9,800,1,2,2,1,3,95018,M,4894010.0,224510.0,95
201500043907,15,11,17,315,5,1,3,2,7,95018,M,4893080.0,223540.0,95
201500043908,15,11,13,1940,2,1,1,1,6,95018,M,4895870.0,222790.0,95
201500043909,15,11,20,1715,5,2,1,1,6,95018,M,4895080.0,223650.0,95
201500043910,15,11,24,1910,4,2,2,2,2,95063,M,4892250.0,221780.0,95
201500043911,15,11,27,900,1,2,2,1,6,95018,M,4894980.0,224250.0,95
201500043912,15,12,3,730,5,2,3,1,3,95063,M,4892280.0,220690.0,95
201500043913,15,11,3,1851,5,2,1,1,6,95018,M,4895470.0,228480.0,95
201500043914,15,12,13,2127,3,1,1,1,2,95018,M,4896350.0,221420.0,95
201500043915,15,12,17,915,1,2,3,1,3,95176,M,4897460.0,218750.0,95
201500043916,15,12,24,15,3,2,2,1,1,95018,M,4894170.0,223450.0,95
201500043917,15,12,10,1815,5,2,1,1,6,95176,M,4896736.0,219466.0,95
201500043918,15,12,11,2009,5,2,3,1,3,95018,M,4894810.0,220610.0,95
201500043919,15,12,13,1,5,2,1,1,6,95018,M,4894510.0,225240.0,95
201500043920,15,12,27,1545,1,2,1,1,2,95018,M,4894770.0,223210.0,95
201500043921,15,12,19,1630,1,2,2,1,3,95176,M,4897160.0,220340.0,95
201500043922,15,4,7,1225,1,2,1,1,6,95063,M,4893440.0,220360.0,95
201500043923,15,5,12,2125,2,2,2,1,3,95063,M,4893360.0,220440.0,95
201500043924,15,5,20,515,5,2,1,1,6,95063,M,4892380.0,220630.0,95
201500043925,15,3,17,1700,1,2,3,1,3,95063,M,4892510.0,221010.0,95
201500043926,15,5,21,835,1,2,2,1,3,95063,M,4893150.0,221170.0,95
201500043927,15,6,10,2150,2,2,1,1,6,95063,M,4893750.0,220390.0,95
201500043928,15,8,3,1855,1,2,1,1,6,95063,M,4892940.0,222060.0,95
201500043929,15,7,1,1545,1,2,2,1,3,95063,M,4893740.0,220710.0,95
201500043930,15,2,4,1925,5,2,1,1,6,95063,M,4891510.0,220520.0,95
201500043931,15,2,6,1535,1,2,1,1,6,95063,M,4892260.0,221710.0,95
201500043932,15,2,4,740,2,2,1,1,3,95063,M,4891840.0,221310.0,95
201500043933,15,1,16,2015,5,2,1,1,3,95500,M,4905380.0,211120.0,95
201500043934,15,3,5,830,1,2,3,8,6,95127,M,4903040.0,207060.0,95
201500043935,15,1,17,2327,3,1,1,1,2,95500,M,4904770.0,208090.0,95
201500043936,15,3,5,1730,1,2,1,1,2,95637,M,4903360.0,201980.0,95