Num_Acc,an,mois,jour,hrmn,lum,agg,int,atm,col,com,gps,lat,long,dep
201500043937,15,1,8,715,3,2,1,1,6,95500,M,4904490.0,208840.0,95
201500043938,15,3,20,950,1,2,1,8,6,95572,M,4904560.0,210670.0,95
201500043939,15,1,23,1606,1,2,1,1,6,95500,M,4905180.0,209660.0,95
201500043940,15,3,27,540,3,2,1,1,2,95572,M,4904940.0,214710.0,95
201500043941,15,1,28,2035,5,2,2,2,6,95127,M,4903630.0,206870.0,95
201500043942,15,4,4,1021,1,1,1,1,2,95127,M,4904990.0,206849.0,95
201500043943,15,2,5,1650,1,1,1,1,6,95572,M,4904160.0,213640.0,95
201500043944,15,4,7,930,1,1,1,1,1,95218,M,4901970.0,209840.0,95
201500043945,15,2,19,1930,5,2,3,9,3,95127,M,4905290.0,201779.0,95
201500043946,15,4,10,1838,1,2,1,1,6,95127,M,4904950.0,201319.0,95
201500043947,15,1,30,945,1,2,2,4,3,95127,M,4904950.0,202340.0,95
201500043948,15,4,15,1130,1,2,1,1,3,95500,M,4904910.0,210240.0,95
201500043949,15,4,24,1550,1,2,1,1,6,95218,M,4902370.0,209640.0,95
201500043950,15,2,26,1625,1,2,6,3,3,95183,M,4904440.0,200610.0,95
201500043951,15,4,25,1426,1,2,3,1,3,95500,M,4904670.0,208250.0,95
201500043952,15,2,27,1600,1,1,1,1,1,95074,M,4902100.0,199230.0,95
201500043953,15,4,29,2230,5,2,6,2,3,95572,M,4903520.0,212280.0,95
201500043954,15,5,2,1734,1,2,3,2,3,95572,M,4905360.0,211850.0,95
201500043955,15,5,13,1750,1,2,1,1,3,95218,M,4902030.0,209940.0,95
201500043956,15,6,6,715,1,2,1,1,7,95476,M,4906070.0,205810.0,95
201500043957,15,6,5,2100,1,2,1,1,2,95500,M,4903090.0,208990.0,95
201500043958,15,6,12,1930,1,2,2,1,2,95637,M,4902310.0,202740.0,95
201500043959,15,6,16,835,1,2,1,1,6,95323,M,4901070.0,204429.0,95
201500043960,15,6,17,20,5,2,1,1,6,95488,M,4900330.0,218770.0,95
201500043961,15,6,13,1225,1,1,1,1,3,95450,M,4901210.0,207460.0,95
201500043962,15,6,27,2300,3,2,3,1,3,95488,M,4901960.0,214830.0,95
201500043963,15,7,20,2100,1,2,1,1,2,95127,M,4905190.0,202409.0,95
201500043964,15,7,25,1410,1,1,1,1,3,95388,M,4902450.0,197450.0,95
201500043965,15,8,1,1630,1,2,1,1,2,95500,M,4905610.0,208330.0,95
201500043966,15,8,7,2140,5,1,1,1,7,95218,M,4903080.0,210470.0,95
201500043967,15,8,17,1015,1,1,1,1,2,95476,M,4907290.0,208579.0,95
201500043968,15,8,31,515,5,2,1,1,6,95572,M,4904150.0,214070.0,95
201500043969,15,8,31,2135,3,1,1,1,6,95488,M,4900750.0,216940.0,95
201500043970,15,9,2,1235,1,2,1,1,3,95637,M,4903240.0,201569.0,95
201500043971,15,9,11,20,5,2,1,1,6,95127,M,4903170.0,206260.0,95
201500043972,15,9,19,1630,1,1,1,1,5,95127,M,4905540.0,205070.0,95
201500043973,15,9,19,1810,1,2,4,1,6,95572,M,4904330.0,210790.0,95
201500043974,15,10,3,1335,1,2,1,1,3,95127,M,4904970.0,203710.0,95
201500043975,15,10,17,1520,1,2,6,1,3,95127,M,4904710.0,202220.0,95
201500043976,15,10,13,1830,1,2,1,1,2,95127,M,4903910.0,207680.0,95
201500043977,15,10,27,1827,5,2,1,2,1,95323,M,4901170.0,205660.0,95
201500043978,15,11,9,1900,5,2,6,1,3,95127,M,4903470.0,208280.0,95
201500043979,15,11,25,745,1,2,1,2,3,95127,M,4905370.0,202840.0,95
201500043980,15,11,26,825,1,2,1,8,6,95127,M,4905280.0,201929.0,95
201500043981,15,11,27,1800,5,2,1,2,6,95127,M,4904830.0,201460.0,95
201500043982,15,11,30,2050,4,2,1,1,2,95218,M,4902410.0,210370.0,95
201500043983,15,12,18,130,3,1,1,1,6,95500,M,4904480.0,207649.0,95
201500043984,15,12,14,1745,5,2,2,1,3,95127,M,4903290.0,207890.0,95
201500043985,15,12,20,110,5,2,2,1,2,95127,M,4903220.0,206389.0,95
201500043986,15,12,25,1400,1,1,1,2,6,95488,M,4902270.0,213530.0,95
201500043987,15,12,27,510,5,1,1,1,3,95271,M,4909110.0,207209.0,95
201500043988,15,3,7,725,3,2,2,1,3,95288,M,4898490.0,236170.0,95
201500043989,15,3,20,1300,1,2,1,1,6,95427,M,4897480.0,234490.0,95
201500043990,15,3,19,940,1,2,1,1,3,95427,M,4897490.0,233690.0,95
201500043991,15,3,23,1755,1,2,3,1,6,95197,M,4896940.0,231390.0,95
201500043992,15,3,29,2105,5,2,2,3,3,95197,M,4897330.0,232470.0,95
201500043993,15,4,3,850,1,2,1,1,1,95427,M,4897510.0,233730.0,95
201500043994,15,4,4,1700,1,2,1,1,3,95288,M,4898270.0,236250.0,95
201500043995,15,4,8,1620,1,2,3,1,3,95427,M,4897820.0,234980.0,95
201500043996,15,4,1,640,3,2,1,1,6,95427,M,4895940.0,232850.0,95
201500043997,15,4,14,1105,1,2,3,1,3,95197,M,4897140.0,231110.0,95
201500043998,15,4,14,1908,1,2,1,1,6,95197,M,4896860.0,231980.0,95
201500043999,15,3,12,859,1,2,1,1,6,95197,M,4896610.0,231720.0,95
201500044000,15,3,13,1830,2,2,3,1,3,95288,M,4898490.0,233840.0,95
201500044001,15,4,28,1820,1,2,1,1,6,95427,M,4897420.0,233850.0,95
201500044002,15,5,11,1340,1,2,1,1,6,95427,M,4897790.0,235130.0,95
201500044003,15,4,3,1830,2,2,1,1,6,95197,M,4896760.0,231850.0,95
201500044004,15,6,2,1250,1,2,2,1,3,95197,M,4897720.0,232740.0,95
201500044005,15,6,15,815,1,2,3,1,6,95427,M,4896180.0,233260.0,95
201500044006,15,6,21,2335,5,2,1,1,6,95427,M,4896850.0,234340.0,95
201500044007,15,6,24,715,1,2,1,1,5,95288,M,4898520.0,236140.0,95
201500044008,15,6,21,1840,1,2,3,1,3,95427,M,4896140.0,233780.0,95
201500044009,15,7,1,1019,1,2,1,1,3,95288,M,4897780.0,236460.0,95
201500044010,15,7,15,815,1,2,1,1,6,95197,M,4897530.0,232510.0,95
201500044011,15,8,7,5,3,2,1,1,6,95427,M,4897670.0,236480.0,95
201500044012,15,8,19,1945,1,2,1,1,3,95427,M,4897490.0,234290.0,95
201500044013,15,8,27,730,1,2,2,2,6,95197,M,4895960.0,232840.0,95
201500044014,15,9,7,2215,5,2,3,1,3,95427,M,4897590.0,235180.0,95
201500044015,15,9,24,1730,1,2,3,1,3,95197,M,4896220.0,232220.0,95
201500044016,15,10,5,2035,5,2,1,1,2,95427,M,4897080.0,234720.0,95
201500044017,15,10,23,2030,5,2,3,1,6,95288,M,4898610.0,235360.0,95
201500044018,15,10,27,1750,1,2,1,1,2,95288,M,4897810.0,236150.0,95
201500044019,15,12,4,1005,1,2,4,1,3,95288,M,4898940.0,235690.0,95
201500044020,15,1,7,1845,1,2,1,1,6,95427,M,4896870.0,234010.0,95
201500044021,15,1,22,1520,1,2,1,1,3,95427,M,4896950.0,234080.0,95
201500044022,15,1,23,824,1,2,1,1,6,95197,M,4896920.0,232030.0,95
201500044023,15,2,18,1737,1,2,1,1,6,95427,M,4895740.0,233070.0,95
201500044024,15,2,10,900,2,2,1,1,3,95427,M,4896670.0,233830.0,95
201500044025,15,5,19,1045,1,2,1,1,6,95427,M,4897480.0,234530.0,95
201500044026,15,11,14,1410,1,2,1,1,6,95197,M,4896560.0,231920.0,95
201500044027,15,3,4,1740,1,2,1,1,6,95210,M,4897330.0,230970.0,95
201500044028,15,3,13,2030,5,2,1,1,4,95598,M,4898470.0,229510.0,95
201500044029,15,4,1,945,1,2,1,1,2,95598,M,4898410.0,229460.0,95
201500044030,15,4,7,1602,1,1,2,1,3,95014,M,4901170.0,230490.0,95
201500044031,15,4,26,1750,1,2,1,2,1,95598,M,4898830.0,230380.0,95
201500044032,15,5,1,1745,1,2,1,1,6,95555,M,4896470.0,228150.0,95
201500044033,15,5,9,1245,1,2,1,1,3,95598,M,4898980.0,229150.0,95
201500044034,15,5,21,1735,1,2,1,1,2,95428,M,4898380.0,232730.0,95
201500044035,15,5,22,830,1,2,1,1,6,95369,M,4899890.0,228610.0,95
201500044036,15,5,24,1520,1,2,1,1,6,95598,M,4898490.0,229530.0,95
201500044037,15,6,2,1350,1,2,1,1,2,95598,M,4898960.0,229180.0,95
201500044038,15,6,3,720,1,2,2,1,3,95598,M,4898910.0,229240.0,95
201500044039,15,6,10,940,1,2,3,1,6,95428,M,4899640.0,232890.0,95
201500044040,15,6,11,1709,1,2,1,1,2,95598,M,4898920.0,230550.0,95
201500044041,15,6,12,730,1,2,1,1,3,95555,M,4896010.0,227990.0,95
201500044042,15,6,12,830,1,2,1,1,2,95555,M,4896850.0,228520.0,95
201500044043,15,6,15,835,1,2,1,1,6,95555,M,4896740.0,228450.0,95
201500044044,15,6,16,1857,1,2,1,1,1,95428,M,4899540.0,232610.0,95
201500044045,15,6,17,2330,5,2,1,1,3,95598,M,4898980.0,229130.0,95
201500044046,15,6,19,810,1,2,1,1,3,95598,M,4897960.0,220390.0,95
201500044047,15,6,30,815,1,2,1,1,3,95428,M,4898640.0,230970.0,95
201500044048,15,7,10,1242,1,2,3,1,3,95428,M,4899340.0,232170.0,95
201500044049,15,7,15,1818,1,2,1,1,2,95428,M,4899280.0,231620.0,95
201500044050,15,7,24,1110,1,2,1,1,3,95210,M,4897210.0,230890.0,95
201500044051,15,8,5,805,1,2,1,7,6,95598,M,4899550.0,230190.0,95
201500044052,15,8,7,705,1,2,1,1,3,95014,M,4900590.0,230210.0,95
201500044053,15,9,8,1400,1,2,1,1,3,95428,M,4898630.0,232460.0,95
201500044054,15,9,23,1620,1,1,1,1,6,95210,M,4896990.0,230610.0,95
201500044055,15,9,24,830,1,2,3,1,3,95598,M,4898370.0,230310.0,95
201500044056,15,9,29,840,1,2,3,1,3,95598,M,4897940.0,230410.0,95
201500044057,15,10,2,1840,1,2,1,1,2,95598,M,4900190.0,231240.0,95
201500044058,15,10,13,820,1,2,1,1,2,95598,M,4899520.0,230270.0,95
201500044059,15,10,16,2040,5,2,2,2,3,95555,M,4896410.0,228860.0,95
201500044060,15,10,17,1530,1,2,2,8,3,95210,M,4897190.0,230870.0,95
201500044061,15,10,21,930,1,2,1,1,2,95014,M,4900930.0,231270.0,95
201500044062,15,10,25,1805,5,2,1,1,6,95555,M,4896660.0,229140.0,95
201500044063,15,11,5,1620,1,2,1,1,6,95598,M,4898160.0,229270.0,95
201500044064,15,11,5,1620,1,2,1,1,3,95428,M,4898160.0,232130.0,95
201500044065,15,11,8,1618,1,2,1,1,3,95598,M,4898230.0,229320.0,95
201500044066,15,11,9,1800,1,2,2,1,1,95598,M,4897860.0,230520.0,95
201500044067,15,11,12,805,5,2,1,1,3,95428,M,4897560.0,231420.0,95
201500044068,15,12,3,925,1,2,2,1,3,95428,M,4898290.0,232830.0,95
201500044069,15,12,3,1345,1,2,1,1,2,95598,M,4898940.0,229210.0,95
201500044070,15,9,6,615,5,2,1,1,6,95555,M,4896240.0,228110.0,95
201500044071,15,12,11,2140,5,2,1,1,1,95210,M,4897390.0,230580.0,95
201500044072,15,12,27,1517,1,2,3,1,3,95555,M,4897050.0,228750.0,95
201500044073,15,1,2,2045,5,2,3,1,6,95219,M,4898160.0,227090.0,95
201500044074,15,3,3,1615,1,2,1,2,4,95574,M,4900970.0,226430.0,95
201500044075,15,1,14,1740,3,2,1,1,6,95426,M,4900640.0,228160.0,95
201500044076,15,3,8,2025,5,2,3,1,3,95252,M,4899230.0,223740.0,95
201500044077,15,1,15,1140,1,2,1,1,3,95203,M,4898580.0,227850.0,95
201500044078,15,3,14,1950,5,2,1,1,3,95491,M,4899840.0,224590.0,95
201500044079,15,1,19,2120,5,2,2,1,2,95252,M,4898850.0,223030.0,95
201500044080,15,3,18,1010,1,2,1,1,2,95252,M,4898710.0,223390.0,95
201500044081,15,1,18,730,5,2,3,1,6,95219,M,4898310.0,225860.0,95
201500044082,15,3,24,1220,1,2,2,1,3,95252,M,4899130.0,220640.0,95
201500044083,15,1,31,1615,1,2,1,3,6,95219,M,4898220.0,224630.0,95
201500044084,15,3,24,1320,1,2,1,1,6,95219,M,4898030.0,226140.0,95
201500044085,15,3,25,715,1,2,6,2,3,95203,M,4899490.0,227570.0,95
201500044086,15,2,2,1840,5,2,6,1,3,95219,M,4898020.0,226210.0,95
201500044087,15,3,27,1415,1,2,2,1,3,95252,M,4899910.0,221910.0,95
201500044088,15,2,3,915,1,2,3,1,3,95219,M,4898010.0,225740.0,95
201500044089,15,4,12,205,5,2,1,1,7,95219,M,4898120.0,227050.0,95
201500044090,15,2,5,1900,5,2,1,1,3,95252,M,4899530.0,222080.0,95
201500044091,15,4,21,1000,1,2,1,1,6,95252,M,4898410.0,222690.0,95
201500044092,15,5,6,820,1,2,1,1,3,95219,M,4898860.0,226050.0,95
201500044093,15,5,14,1445,1,2,1,3,6,95582,M,4899830.0,220450.0,95
201500044094,15,2,24,1545,1,2,4,2,4,95203,M,4898880.0,227420.0,95
201500044095,15,5,19,820,1,2,1,1,3,95426,M,4900690.0,227960.0,95
201500044096,15,5,19,758,1,2,1,1,6,95203,M,4900330.0,228110.0,95
201500044097,15,2,26,2000,5,2,1,3,6,95219,M,4898930.0,224920.0,95
201500044098,15,5,22,620,1,2,1,1,7,95252,M,4900160.0,222060.0,95
201500044099,15,5,26,2255,5,2,1,1,6,95491,M,4900360.0,223930.0,95
201500044100,15,5,27,1120,1,2,1,1,2,95219,M,4898930.0,225820.0,95
201500044101,15,6,6,1600,1,2,1,1,2,95252,M,4898830.0,223090.0,95
201500044102,15,6,7,1830,1,2,1,1,6,95203,M,4899590.0,227310.0,95
201500044103,15,6,9,1230,1,2,6,1,3,95219,M,4898910.0,225860.0,95
201500044104,15,6,12,2040,1,2,1,1,6,95219,M,4899480.0,225590.0,95
201500044105,15,6,20,1445,1,2,1,1,3,95219,M,4899710.0,225090.0,95
201500044106,15,6,22,1605,1,2,1,2,6,95203,M,4899220.0,228590.0,95
201500044107,15,6,22,1900,1,2,1,3,6,95252,M,4898750.0,223290.0,95
201500044108,15,6,26,1750,1,2,1,1,6,95582,M,4898060.0,224510.0,95
201500044109,15,6,29,1620,1,2,1,1,6,95426,M,4900920.0,228340.0,95
201500044110,15,7,2,900,1,1,1,1,7,95252,M,4897970.0,222350.0,95
201500044111,15,7,2,1350,1,2,2,1,3,95491,M,4900090.0,224210.0,95
201500044112,15,6,5,1400,1,2,1,1,6,95574,M,4900179.0,226321.0,95
201500044113,15,7,13,2100,1,2,1,1,6,95203,M,4899340.0,226560.0,95
201500044114,15,7,18,2015,1,2,1,1,2,95203,M,4898220.0,227940.0,95
201500044115,15,7,19,150,5,2,1,2,6,95219,M,4899860.0,225310.0,95
201500044116,15,7,31,1500,1,2,1,1,6,95252,M,4898540.0,222430.0,95
201500044117,15,8,1,940,1,2,1,1,3,95491,M,4900030.0,224170.0,95
201500044118,15,8,5,915,1,2,1,1,6,95219,M,4898870.0,226010.0,95
201500044119,15,8,5,1740,1,2,1,1,6,95252,M,4898150.0,223270.0,95
201500044120,15,8,24,1830,1,2,1,2,3,95252,M,4898720.0,221450.0,95
201500044121,15,8,24,1950,1,2,4,3,1,95252,M,4898740.0,223330.0,95
201500044122,15,8,30,1705,1,2,1,1,4,95426,M,4900490.0,228230.0,95
201500044123,15,9,3,930,1,2,1,7,6,95203,M,4899120.0,227520.0,95
201500044124,15,9,3,2235,5,2,1,1,7,95252,M,4898670.0,221870.0,95
201500044125,15,9,6,2015,1,2,1,1,1,95219,M,4899660.0,225470.0,95
201500044126,15,9,7,1155,1,2,1,1,3,95203,M,4899570.0,227350.0,95
201500044127,15,9,15,1225,1,2,1,1,2,95252,M,4898570.0,223750.0,95
201500044128,15,9,15,1750,1,2,1,1,6,95491,M,4900490.0,223360.0,95
201500044129,15,9,16,1355,1,2,1,2,3,95252,M,4898570.0,223770.0,95
201500044130,15,9,22,1720,1,2,1,2,3,95252,M,4898490.0,222750.0,95
201500044131,15,10,1,1550,1,2,1,1,3,95203,M,4897690.0,229160.0,95
201500044132,15,10,4,1225,1,2,1,1,6,95219,M,4899610.0,225310.0,95
201500044133,15,10,11,1330,1,2,2,1,4,95219,M,4899330.0,226510.0,95
201500044134,15,10,15,1410,1,2,1,8,3,95252,M,4899410.0,223690.0,95
201500044135,15,10,16,1415,1,2,3,2,3,95203,M,4900420.0,227940.0,95
201500044136,15,10,16,1610,1,2,1,8,3,95491,M,4899870.0,224510.0,95
201500044137,15,10,18,1800,1,2,6,1,3,95203,M,4899490.0,227540.0,95
201500044138,15,9,21,1615,1,2,1,1,2,95426,M,4901310.0,228620.0,95
201500044139,15,10,29,1140,1,2,1,1,2,95219,M,4898240.0,226110.0,95
201500044140,15,11,5,1010,1,2,1,1,3,95203,M,4899560.0,227610.0,95
201500044141,15,11,6,1030,1,2,1,1,6,95219,M,4898930.0,226010.0,95
201500044142,15,11,6,1640,1,2,3,2,3,95203,M,4899390.0,227360.0,95
201500044143,15,11,8,1815,5,2,1,1,2,95203,M,4899270.0,228370.0,95
201500044144,15,11,9,1555,1,2,1,1,6,95582,M,4898010.0,224510.0,95
201500044145,15,11,12,2030,5,2,1,1,2,95219,M,4899590.0,225350.0,95
201500044146,15,11,14,1,5,2,3,1,1,95491,M,4899810.0,223110.0,95
201500044147,15,11,14,1910,5,2,2,2,3,95491,M,4899590.0,223840.0,95
201500044148,15,11,17,710,5,2,6,2,3,95203,M,4899490.0,227540.0,95
201500044149,15,11,20,1230,1,2,1,1,2,95252,M,4899150.0,222470.0,95
201500044150,15,11,23,850,1,2,1,1,6,95252,M,4899880.0,221880.0,95
201500044151,15,11,26,750,2,2,1,1,6,95219,M,4899019.0,225648.0,95
201500044152,15,11,28,1035,1,2,3,1,3,95219,M,4898950.0,224860.0,95
201500044153,15,11,28,2155,5,2,1,1,3,95252,M,4898440.0,224080.0,95
201500044154,15,12,1,745,2,2,1,1,6,95219,M,4899610.0,225520.0,95
201500044155,15,12,1,1425,1,2,1,1,6,95219,M,4897830.0,225910.0,95
201500044156,15,12,9,1005,1,2,1,1,6,95219,M,4898980.0,225940.0,95
201500044157,15,12,10,938,1,2,2,1,6,95574,M,4900610.0,225860.0,95
201500044158,15,12,10,1730,5,2,1,1,1,95582,M,4897770.0,224170.0,95
201500044159,15,12,11,1110,1,2,1,2,2,95203,M,4899470.0,227730.0,95
201500044160,15,12,15,1820,5,2,1,3,6,95219,M,4898320.0,224660.0,95
201500044161,15,12,15,1845,5,2,1,3,6,95582,M,4897360.0,225320.0,95
201500044162,15,12,16,1550,1,2,1,1,6,95426,M,4900740.0,228450.0,95
201500044163,15,12,19,2010,5,2,6,1,5,95582,M,4896720.0,227310.0,95
201500044164,15,12,28,1025,1,2,6,7,6,95219,M,4897980.0,227030.0,95
201500044165,15,12,30,2015,5,2,6,1,6,95203,M,4899490.0,227560.0,95
201500044166,15,1,13,1540,1,2,3,2,3,95252,M,4900320.0,221590.0,95
201500044167,15,2,13,725,2,2,1,1,6,95252,M,4899480.0,223170.0,95
201500044168,15,2,12,1820,5,2,1,1,3,95252,M,4898520.0,222460.0,95
201500044169,15,2,25,1715,1,2,1,2,3,95252,M,4898440.0,224060.0,95
201500044170,15,3,7,245,3,2,1,1,6,95252,M,4897440.0,223560.0,95
201500044171,15,10,25,2157,5,2,2,1,1,95491,M,4899990.0,222610.0,95
201500044172,15,9,16,2015,5,1,1,1,6,95252,M,4897540.0,223510.0,95
201500044173,15,1,3,1212,1,2,1,1,6,95268,M,4897160.0,240160.0,95
201500044174,15,2,2,1645,1,2,1,1,6,95268,M,4897850.0,239420.0,95
201500044175,15,2,17,1710,1,2,1,1,6,95268,M,4897910.0,239480.0,95
201500044176,15,3,4,1545,1,2,1,1,1,95268,M,4897080.0,239640.0,95
201500044177,15,3,5,1500,1,2,1,1,6,95268,M,4897090.0,240150.0,95
201500044178,15,5,6,1300,1,2,1,2,6,95277,M,4898960.0,245190.0,95
201500044179,15,5,9,1752,1,2,3,1,3,95280,M,4902610.0,245510.0,95
201500044180,15,5,19,810,1,2,1,7,6,95280,M,4903230.0,245880.0,95
201500044181,15,5,19,1500,1,2,1,1,6,95019,M,4899460.0,241620.0,95
201500044182,15,5,30,1910,1,2,3,1,6,95280,M,4903510.0,244980.0,95
201500044183,15,6,1,1630,1,2,1,1,3,95280,M,4903220.0,247390.0,95
201500044184,15,6,1,900,1,2,4,1,3,95280,M,4901980.0,247010.0,95
201500044185,15,6,3,1715,1,2,1,1,7,95277,M,4900390.0,242460.0,95
201500044186,15,6,7,825,1,1,1,1,2,95277,M,4898870.0,248340.0,95
201500044187,15,1,2,1615,1,2,1,1,6,95019,M,4899760.0,241810.0,95
201500044188,15,6,10,910,1,2,1,7,2,95280,M,4901140.0,247880.0,95
201500044189,15,6,15,1244,1,2,2,1,3,95280,M,4903390.0,246480.0,95
201500044190,15,6,23,1830,1,2,1,1,3,95280,M,4903590.0,246630.0,95
201500044191,15,6,28,2030,1,2,1,1,2,95280,M,4901840.0,246680.0,95
201500044192,15,7,21,2010,1,2,1,1,6,95280,M,4903860.0,245380.0,95
201500044193,15,8,6,2250,5,2,1,1,6,95277,M,4898770.0,243650.0,95
201500044194,15,8,17,2215,5,2,3,1,3,95280,M,4903240.0,247190.0,95
201500044195,15,9,12,2125,3,2,6,2,3,95019,M,4898560.0,242390.0,95
201500044196,15,9,16,1250,1,2,1,2,6,95280,M,4901980.0,246620.0,95
201500044197,15,10,22,820,2,2,1,2,6,95277,M,4898060.0,245410.0,95
201500044198,15,11,26,745,2,2,1,1,6,95280,M,4902590.0,246280.0,95
201500044199,15,12,10,143,3,1,1,1,6,95277,M,4896810.0,245560.0,95
201500044200,15,12,10,1715,5,2,1,1,6,95277,M,4898560.0,243850.0,95
201500044201,15,2,3,2129,3,2,1,1,2,95277,M,4899120.0,247640.0,95
201500044202,15,1,2,2025,5,2,1,1,6,95280,M,4903880.0,245760.0,95
201500044203,15,1,6,1035,1,2,1,1,6,95280,M,4903220.0,247390.0,95
201500044204,15,1,20,1935,3,2,1,1,6,95277,M,4899050.0,243030.0,95
201500044205,15,3,5,1050,1,2,1,1,6,95277,M,4899180.0,242980.0,95
201500044206,15,3,17,1920,2,2,1,1,3,95280,M,4904020.0,247490.0,95
201500044207,15,3,24,2042,3,1,1,2,1,95277,M,4896720.0,245490.0,95
201500044208,15,2,2,1530,1,2,1,1,3,95280,M,4903480.0,246750.0,95
201500044209,15,3,31,1720,1,2,2,1,6,95019,M,4898610.0,241530.0,95
201500044210,15,4,8,1600,1,2,2,1,3,95280,M,4903130.0,247460.0,95
201500044211,15,2,13,1614,1,1,1,8,2,95277,M,4897750.0,245320.0,95
201500044212,15,2,26,2030,5,2,1,2,1,95280,M,4903390.0,247220.0,95
201500044213,15,3,17,900,1,1,6,1,3,95277,M,4897910.0,245210.0,95
201500044214,15,3,21,2334,5,1,1,2,2,95277,M,4896880.0,246450.0,95
201500044215,15,3,23,1600,1,2,1,1,4,95019,M,4898290.0,242250.0,95
201500044216,15,4,8,2045,3,1,2,1,3,95277,M,4896850.0,246510.0,95
201500044217,15,4,9,1620,1,2,1,1,2,95019,M,4898550.0,240830.0,95
201500044218,15,4,13,1740,1,2,1,1,4,95280,M,4902050.0,245440.0,95
201500044219,15,4,19,615,5,1,1,1,6,95277,M,4897610.0,245850.0,95
201500044220,15,1,16,852,1,2,1,1,6,95306,M,4899090.0,216710.0,95
201500044221,15,3,4,840,1,2,1,1,4,95257,M,4896910.0,218120.0,95
201500044222,15,1,29,739,1,2,2,2,6,95424,M,4898070.0,218240.0,95
201500044223,15,3,28,1725,1,2,1,1,2,95424,M,4900550.0,219330.0,95
201500044224,15,2,1,1200,1,2,1,1,6,95424,M,4899330.0,219670.0,95
201500044225,15,4,17,1505,1,2,1,1,6,95424,M,4899460.0,220050.0,95
201500044226,15,2,8,1755,2,2,1,1,3,95424,M,4899510.0,219260.0,95
201500044227,15,4,18,840,1,2,1,1,3,95306,M,4899130.0,217790.0,95
201500044228,15,2,12,1830,2,2,1,1,3,95257,M,4896180.0,218160.0,95
201500044229,15,4,22,1745,1,2,1,1,6,95306,M,4899560.0,216940.0,95
201500044230,15,2,13,1602,1,2,3,1,3,95424,M,4899840.0,220440.0,95
201500044231,15,4,27,1715,1,2,1,1,6,95306,M,4899890.0,218850.0,95
201500044232,15,2,14,950,1,2,1,1,3,95424,M,4899110.0,218190.0,95
201500044233,15,5,16,1730,1,2,3,1,3,95424,M,4899830.0,220450.0,95
201500044234,15,2,22,1015,1,2,1,1,3,95257,M,4898410.0,218170.0,95
201500044235,15,5,23,200,5,2,1,1,6,95306,M,4900640.0,217140.0,95
201500044236,15,2,25,1615,1,2,1,1,4,95306,M,4900690.0,217060.0,95
201500044237,15,5,25,140,5,2,4,1,3,95424,M,4900670.0,219540.0,95
201500044238,15,5,29,845,1,2,1,1,3,95424,M,4899410.0,219990.0,95
201500044239,15,6,2,1730,1,2,1,1,4,95306,M,4900420.0,212960.0,95
201500044240,15,6,16,1755,1,2,1,1,3,95257,M,4897740.0,218460.0,95
201500044241,15,6,28,1150,1,2,1,1,6,95424,M,4900440.0,220170.0,95
201500044242,15,6,29,1925,1,2,1,1,3,95306,M,4900210.0,218510.0,95
201500044243,15,7,30,1205,1,2,1,1,6,95306,M,4899270.0,216760.0,95
201500044244,15,8,22,1235,1,2,1,1,6,95424,M,4899420.0,219950.0,95
201500044245,15,9,14,925,1,2,1,1,3,95424,M,4898920.0,218190.0,95
201500044246,15,9,29,1825,1,2,1,1,6,95424,M,4899130.0,220630.0,95
201500044247,15,10,6,832,1,2,1,1,2,95306,M,4900050.0,214440.0,95
201500044248,15,10,13,1625,1,2,1,1,6,95424,M,4899450.0,220190.0,95
201500044249,15,11,25,740,5,2,2,1,2,95306,M,4901220.0,213190.0,95
201500044250,15,11,27,850,1,2,2,1,3,95257,M,4897810.0,217820.0,95
201500044251,15,12,1,745,2,1,1,1,5,95306,M,4900370.0,215670.0,95
201500044252,15,12,17,500,5,2,1,1,6,95306,M,4899030.0,215890.0,95
201500044253,15,12,18,1700,1,2,1,1,6,95424,M,4898760.0,218240.0,95
201500044254,15,3,4,1820,1,1,4,1,6,95527,M,4900610.0,254650.0,95
201500044255,15,1,17,1135,1,1,1,1,6,93073,M,,,93
201500044256,15,4,14,1920,1,1,1,1,2,95527,M,4901170.0,252530.0,95
201500044257,15,5,4,1445,1,1,1,1,4,95527,M,4900950.0,253910.0,95
201500044258,15,2,7,650,5,1,1,1,6,95527,M,4900870.0,253820.0,95
201500044259,15,7,27,1410,1,1,1,1,1,77294,M,,,77