Num_Acc,an,mois,jour,hrmn,lum,agg,int,atm,col,com,gps,lat,long,dep
201500044260,15,4,13,600,5,2,1,1,4,95527,M,4900560.0,253590.0,95
201500044261,15,3,16,1813,1,1,1,1,2,95527,M,4901040.0,254920.0,95
201500044262,15,7,3,1715,1,1,1,1,2,95527,M,4902870.0,255990.0,95
201500044263,15,2,6,1550,1,1,1,1,2,95527,M,4901590.0,253330.0,95
201500044264,15,7,9,2040,2,1,1,1,6,95527,M,4900950.0,253910.0,95
201500044265,15,1,1,1300,1,1,9,1,1,77282,M,4902817.0,258079.0,77
201500044266,15,5,25,1126,1,1,1,9,6,93073,M,,,93
201500044267,15,8,28,510,5,1,1,2,6,95527,M,4900950.0,253910.0,95
201500044268,15,12,31,1620,1,1,1,1,6,95527,M,4901020.0,255320.0,95
201500044269,15,6,10,1420,1,1,1,1,3,95212,M,4902910.0,256310.0,95
201500044270,15,10,6,820,2,1,3,3,3,95527,M,4900810.0,253130.0,95
201500044271,15,8,24,2255,5,1,1,1,6,95527,M,4900940.0,253910.0,95
201500044272,15,7,12,1845,2,1,1,1,7,95527,M,4900680.0,253410.0,95
201500044273,15,12,17,1700,5,1,1,1,2,95527,M,4899910.0,252580.0,95
201500044274,15,12,9,730,2,1,1,1,2,95527,M,4900560.0,253590.0,95
201500044275,15,12,10,449,5,1,1,1,6,95527,M,4900460.0,254790.0,95
201500044276,15,10,21,740,5,2,1,1,2,95527,M,4900940.0,253910.0,95
201500044277,15,10,23,2000,5,1,1,1,1,77294,M,,,77
201500044278,15,12,15,2020,5,1,1,3,6,95527,M,4900950.0,253910.0,95
201500044279,15,4,16,755,1,1,1,1,4,95527,M,4900560.0,253590.0,95
201500044280,15,5,28,750,1,1,1,1,7,95527,M,4901720.0,249420.0,95
201500044281,15,2,11,540,5,1,1,1,6,95527,M,4900770.0,254310.0,95
201500044282,15,3,13,1010,1,1,1,1,6,77294,M,,,77
201500044283,15,4,3,700,2,1,1,5,1,95212,M,4902770.0,254970.0,95
201500044284,15,4,4,5,5,1,1,2,6,95527,M,4900610.0,254650.0,95
201500044285,15,4,4,1315,1,1,1,8,6,95527,M,4900560.0,253590.0,95
201500044286,15,4,21,1340,1,2,1,1,2,95527,M,4900940.0,255090.0,95
201500044287,15,5,3,635,2,1,1,2,6,95527,M,4900610.0,254650.0,95
201500044288,15,5,6,925,1,1,1,1,1,77294,M,,,77
201500044289,15,5,13,1300,1,2,1,1,2,93013,M,,,93
201500044290,15,5,15,1924,2,1,1,7,2,93073,M,,,93
201500044291,15,6,9,1520,1,2,1,1,2,95527,M,4900610.0,254650.0,95
201500044292,15,9,9,1,3,2,1,1,1,95527,M,4902690.0,251170.0,95
201500044293,15,10,1,2108,5,2,1,1,4,95527,M,4900940.0,253910.0,95
201500044294,15,10,4,2230,5,1,1,1,6,95527,M,4900940.0,253910.0,95
201500044295,15,10,27,2125,5,1,1,2,2,95527,M,4900620.0,254790.0,95
201500044296,15,11,10,136,3,1,1,1,6,77294,M,,,77
201500044297,15,12,8,1135,1,1,1,8,2,95527,M,4900560.0,253590.0,95
201500044298,15,1,29,1310,1,2,1,3,4,95585,M,4898810.0,237850.0,95
201500044299,15,3,1,250,3,2,1,2,2,95539,M,4899310.0,236060.0,95
201500044300,15,3,31,1240,1,2,1,1,6,95585,M,4898020.0,237360.0,95
201500044301,15,3,31,1225,1,2,1,1,6,95585,M,4897620.0,238030.0,95
201500044302,15,3,9,2345,5,2,1,1,6,95585,M,4897820.0,237130.0,95
201500044303,15,12,16,800,1,2,1,1,1,95585,M,4899350.0,238260.0,95
201500044304,15,4,9,1250,1,1,1,1,2,95680,M,4900960.0,238390.0,95
201500044305,15,3,18,1945,2,2,1,1,6,95585,M,4897920.0,237990.0,95
201500044306,15,3,26,900,1,2,1,1,6,95585,M,4897630.0,237060.0,95
201500044307,15,4,18,1830,1,2,1,1,6,95585,M,4898750.0,237240.0,95
201500044308,15,4,12,1900,1,2,1,1,2,95585,M,4897920.0,238120.0,95
201500044309,15,3,12,1845,1,2,1,1,3,95680,M,4900880.0,239860.0,95
201500044310,15,5,18,740,1,2,1,1,6,95539,M,4899360.0,233620.0,95
201500044311,15,2,27,1920,5,2,3,1,6,95539,M,4899730.0,235660.0,95
201500044312,15,5,22,1755,1,2,1,1,7,95539,M,4899560.0,234410.0,95
201500044313,15,3,14,220,5,2,1,1,6,95585,M,4899360.0,239150.0,95
201500044314,15,5,26,1640,1,2,1,1,3,95585,M,4897450.0,238240.0,95
201500044315,15,6,9,1910,1,1,1,1,4,95585,M,4898030.0,236910.0,95
201500044316,15,6,6,1920,1,2,1,1,7,95585,M,4899380.0,237580.0,95
201500044317,15,6,19,2020,1,2,1,1,6,95585,M,4897590.0,238650.0,95
201500044318,15,5,27,1420,1,2,1,1,6,95680,M,4900140.0,240690.0,95
201500044319,15,6,18,930,1,2,3,2,5,95585,M,4898420.0,238720.0,95
201500044320,15,6,23,1945,1,2,1,1,1,95585,M,4897450.0,238240.0,95
201500044321,15,7,1,1600,1,1,2,1,3,95539,M,4899160.0,236030.0,95
201500044322,15,7,2,1820,1,2,1,1,6,95585,M,4897910.0,238160.0,95
201500044323,15,7,10,2000,1,2,1,1,6,95585,M,4897870.0,238310.0,95
201500044324,15,7,31,1600,1,2,6,1,1,95585,M,4899890.0,238010.0,95
201500044325,15,8,16,2305,5,2,1,1,6,95585,M,4897580.0,236960.0,95
201500044326,15,8,25,2210,5,2,1,2,6,95680,M,4899950.0,241250.0,95
201500044327,15,9,10,750,1,2,1,1,6,95680,M,4899850.0,241570.0,95
201500044328,15,9,4,1830,1,2,3,1,3,95585,M,4897580.0,237290.0,95
201500044329,15,9,14,1915,1,2,1,2,2,95539,M,4900610.0,235720.0,95
201500044330,15,9,1,2005,1,2,7,1,6,95585,M,4898260.0,238970.0,95
201500044331,15,7,17,1210,1,2,1,1,6,95585,M,4897440.0,237290.0,95
201500044332,15,9,20,1400,1,2,2,1,6,95268,M,4897660.0,239190.0,95
201500044333,15,9,22,1140,1,2,1,2,6,95268,M,4896910.0,241220.0,95
201500044334,15,9,21,1535,1,2,3,1,5,95585,M,4898010.0,237470.0,95
201500044335,15,9,22,1200,1,2,1,2,6,95268,M,4897090.0,241430.0,95
201500044336,15,9,27,1530,1,1,1,1,6,95680,M,4901320.0,240030.0,95
201500044337,15,9,24,1200,1,2,3,1,3,95268,M,4897480.0,241190.0,95
201500044338,15,10,8,1300,1,2,1,1,2,95680,M,4900080.0,240860.0,95
201500044339,15,9,26,2040,5,2,1,1,6,95585,M,4897870.0,239290.0,95
201500044340,15,10,9,1030,1,2,2,1,6,95268,M,4897330.0,238960.0,95
201500044341,15,10,12,2015,5,2,1,1,6,95268,M,4897160.0,239870.0,95
201500044342,15,10,11,2250,3,1,1,1,2,95539,M,4900020.0,235970.0,95
201500044343,15,10,16,510,5,2,2,2,3,95268,M,4896640.0,240930.0,95
201500044344,15,10,13,630,5,2,1,1,6,95585,M,4898110.0,237570.0,95
201500044345,15,10,27,2030,2,2,1,1,6,95680,M,4900680.0,238790.0,95
201500044346,15,7,20,2025,1,2,1,1,6,95268,M,4897750.0,239410.0,95
201500044347,15,6,28,1400,1,2,1,1,2,95268,M,4897210.0,240110.0,95
201500044348,15,11,2,1610,1,2,1,2,7,95539,M,4899570.0,234430.0,95
201500044349,15,11,4,1240,1,1,1,1,2,95539,M,4900020.0,235970.0,95
201500044350,15,11,12,1800,5,2,1,1,2,95680,M,4900190.0,240450.0,95
201500044351,15,11,19,1755,5,2,3,1,6,95585,M,4897530.0,238570.0,95
201500044352,15,11,20,2145,5,2,2,1,3,95680,M,4900250.0,240260.0,95
201500044353,15,11,4,1325,1,2,1,1,6,95585,M,4899270.0,238380.0,95
201500044354,15,10,16,1930,1,2,1,1,6,95585,M,4898950.0,237550.0,95
201500044355,15,9,29,900,1,2,1,1,6,95268,M,4896810.0,239910.0,95
201500044356,15,12,5,930,1,2,1,1,1,95268,M,4897270.0,238530.0,95
201500044357,15,11,20,830,2,2,1,3,6,95268,M,4897670.0,239150.0,95
201500044358,15,12,7,1930,5,2,1,1,4,95585,M,4897680.0,237080.0,95
201500044359,15,12,19,1830,5,2,1,1,4,95268,M,4897310.0,240020.0,95
201500044360,15,12,17,822,1,2,1,1,6,95539,M,4899930.0,236080.0,95
201500044361,15,12,23,1730,5,2,1,1,6,95268,M,4897710.0,240910.0,95
201500044362,15,12,23,900,1,2,1,1,6,95680,M,4900990.0,238380.0,95
201500044363,15,10,16,1545,1,2,1,2,3,95585,M,4899520.0,238420.0,95
201500044364,15,1,17,1600,1,2,3,1,6,95585,M,4897570.0,237290.0,95
201500044365,15,1,21,2025,5,2,1,2,2,95585,M,4897740.0,237290.0,95
201500044366,15,2,21,415,3,1,1,2,2,95539,M,4899190.0,236030.0,95
201500044367,15,3,23,1005,1,2,1,1,2,95607,M,4900850.0,221220.0,95
201500044368,15,4,14,2005,1,2,1,1,6,95607,M,4901710.0,222760.0,95
201500044369,15,6,5,1315,1,2,2,1,3,95563,M,4901620.0,224840.0,95
201500044370,15,5,7,1030,1,2,1,1,6,95051,M,4900850.0,219980.0,95
201500044371,15,6,30,1020,1,2,4,1,3,95060,M,4904240.0,220740.0,95
201500044372,15,8,29,1920,1,2,6,1,3,95051,M,4901820.0,220340.0,95
201500044373,15,9,17,745,1,2,2,2,3,95060,M,4904240.0,220740.0,95
201500044374,15,9,23,910,1,2,3,1,6,95607,M,4902540.0,222190.0,95
201500044375,15,10,25,2155,5,2,3,1,3,95051,M,4901230.0,218790.0,95
201500044376,15,12,4,2100,5,2,1,1,3,95607,M,4901570.0,220880.0,95
201500044377,15,12,3,1810,5,2,1,1,6,95607,M,4902590.0,222110.0,95
201500044378,15,12,7,800,2,2,1,8,6,95607,M,4902130.0,221990.0,95
201500044379,15,1,29,2240,5,2,2,4,3,95607,M,4902280.0,221750.0,95
201500044380,15,1,31,2035,5,2,2,2,3,95051,M,4901090.0,219650.0,95
201500044381,15,2,8,1620,1,2,1,1,2,95051,M,4901190.0,218940.0,95
201500044382,15,2,11,1240,1,2,1,1,6,95607,M,4902010.0,222310.0,95
201500044383,15,3,16,1020,1,2,1,1,3,95563,M,4900150.0,225160.0,95
201500044384,15,5,24,1200,1,2,2,1,3,95607,M,4902540.0,221370.0,95
201500044385,15,4,17,1855,1,2,1,1,3,95607,M,4901910.0,222360.0,95
201500044386,15,1,2,1415,1,2,1,1,2,20004,M,0.0,0.0,201
201500044387,15,3,31,920,1,2,1,1,3,20004,M,4193958.0,874309.0,201
201500044388,15,12,28,1209,1,2,1,1,2,20004,M,4193676.0,875077.0,201
201500044389,15,1,4,345,5,2,3,1,3,20004,M,0.0,0.0,201
201500044390,15,4,1,2110,5,1,3,1,3,20004,M,4191754.0,873013.0,201
201500044391,15,1,8,2240,5,2,3,1,3,20004,M,4192596.0,873447.0,201
201500044392,15,4,6,2330,5,1,1,1,7,20004,M,4192036.0,879240.0,201
201500044393,15,1,10,2100,5,2,3,1,3,20004,M,4191819.0,873447.0,201
201500044394,15,4,11,2035,5,2,1,1,6,20004,M,4194329.0,875718.0,201
201500044395,15,1,11,1610,1,1,1,1,6,20004,M,4190086.0,861654.0,201
201500044396,15,4,11,15,5,2,1,1,7,20004,M,4190992.0,872081.0,201
201500044397,15,4,3,1805,1,1,1,1,3,20004,M,4194241.0,875099.0,201
201500044398,15,2,6,758,1,2,1,1,3,20004,M,4192193.0,873733.0,201
201500044399,15,4,14,1305,1,2,1,1,2,20004,M,0.0,0.0,201
201500044400,15,2,10,1240,1,2,3,1,3,20004,M,4191071.0,872180.0,201
201500044401,15,2,14,2150,5,2,3,1,3,20004,M,4192638.0,873826.0,201
201500044402,15,5,23,500,5,2,1,1,6,20004,M,0.0,0.0,201
201500044403,15,4,8,1150,1,2,1,1,6,20004,M,4191277.0,872800.0,201
201500044404,15,2,22,2130,3,1,1,1,6,20004,M,4192610.0,880905.0,201
201500044405,15,3,12,2115,5,2,1,1,2,20004,M,4194401.0,875511.0,201
201500044406,15,5,30,345,5,1,1,1,6,20004,M,0.0,0.0,201
201500044407,15,6,11,1800,1,1,1,1,3,20004,M,4192801.0,879562.0,201
201500044408,15,6,16,2005,1,1,1,1,5,20004,M,4194072.0,875034.0,201
201500044409,15,6,25,2215,5,2,7,1,6,20004,M,4192029.0,873709.0,201
201500044410,15,6,28,400,5,2,1,1,7,20004,M,4191987.0,873396.0,201
201500044411,15,6,30,2335,3,1,1,1,2,20004,M,4193434.0,880270.0,201
201500044412,15,6,28,2350,5,2,1,1,7,20004,M,4191953.0,873948.0,201
201500044413,15,7,7,1823,1,2,2,1,3,20004,M,0.0,0.0,201
201500044414,15,7,12,113,5,2,1,1,3,20004,M,4191710.0,873591.0,201
201500044415,15,7,12,955,1,1,1,1,5,20004,M,4193925.0,880452.0,201
201500044416,15,7,16,1530,1,2,6,1,3,20004,M,4192986.0,875739.0,201
201500044417,15,7,18,1315,1,1,1,1,2,20004,M,4193212.0,869178.0,201
201500044418,15,7,25,1140,1,2,1,1,6,20004,M,4193505.0,874554.0,201
201500044419,15,8,4,1612,1,2,3,1,6,20004,M,4193418.0,874755.0,201
201500044420,15,8,10,1417,1,2,3,1,6,20004,M,4192816.0,873859.0,201
201500044421,15,8,1,1550,1,2,1,1,3,20004,M,4192059.0,879386.0,201
201500044422,15,8,21,2240,5,2,3,1,1,20004,M,4191896.0,873569.0,201
201500044423,15,8,21,1358,1,2,1,1,6,20004,M,4193203.0,893203.0,201
201500044424,15,8,26,2210,5,1,1,1,6,20004,M,0.0,0.0,201
201500044425,15,9,8,2245,5,2,9,1,3,20004,M,4193407.0,875073.0,201
201500044426,15,9,10,1005,1,2,1,1,6,20004,M,0.0,0.0,201
201500044427,15,9,18,925,1,2,1,1,6,20004,M,4194120.0,874637.0,201
201500044428,15,9,26,1710,1,1,1,2,1,20004,M,4193896.0,873824.0,201
201500044429,15,9,29,1040,1,2,1,1,6,20004,M,4193208.0,875644.0,201
201500044430,15,10,6,1620,1,2,1,1,5,20004,M,4192585.0,873451.0,201
201500044431,15,10,21,1339,1,2,1,1,6,20004,M,4192258.0,873946.0,201
201500044432,15,11,7,934,1,2,1,1,3,20004,M,4193741.0,873803.0,201
201500044433,15,11,9,1745,2,2,1,1,6,20004,M,4193968.0,874336.0,201
201500044434,15,11,11,950,1,2,1,1,6,20004,M,4193299.0,873740.0,201
201500044435,15,11,12,1500,1,2,1,1,6,20004,M,4192474.0,873795.0,201
201500044436,15,11,18,2245,5,2,3,1,3,20004,M,4194949.0,876864.0,201
201500044437,15,12,15,920,1,2,1,1,6,20004,M,4193542.0,873662.0,201
201500044438,15,12,18,1613,1,1,1,1,3,20004,M,4194045.0,880596.0,201
201500044439,15,12,19,2330,5,1,1,1,6,20004,M,4193024.0,878758.0,201
201500044440,15,1,13,1340,1,2,1,1,6,69381,M,4577360.0,483023.0,69
201500044441,15,1,17,1720,5,2,1,1,6,69381,M,4577500.0,483717.0,69
201500044442,15,2,3,830,1,2,1,8,6,69381,M,,,69
201500044443,15,2,6,849,1,2,1,1,6,69381,M,,,69
201500044444,15,2,17,2120,5,2,1,1,6,69381,M,,,69
201500044445,15,1,3,1220,1,1,1,1,6,94044,M,4875880.0,247013.0,94
201500044446,15,1,4,215,4,1,1,3,6,94073,M,4876730.0,237872.0,94
201500044447,15,1,4,345,5,1,1,8,2,75112,M,,,75
201500044448,15,1,4,1650,1,1,1,1,6,94074,M,4876270.0,246659.0,94
201500044449,15,1,5,900,1,1,1,1,2,94018,M,4882560.0,239234.0,94
201500044450,15,1,8,835,1,1,1,1,2,94028,M,4879570.0,244294.0,94
201500044451,15,1,8,1124,1,1,1,3,7,77294,M,4897042.0,257048.0,77
201500044452,15,1,8,1610,1,1,1,1,7,94018,M,4881750.0,241528.0,94
201500044453,15,1,9,2100,3,1,1,9,6,77121,M,4882929.0,266688.0,77
201500044454,15,1,10,1745,1,1,1,1,4,94042,M,4882760.0,247042.0,94
201500044455,15,1,10,1910,3,1,1,2,4,94081,M,4877340.0,240267.0,94
201500044456,15,1,11,835,1,1,1,1,2,77373,M,4877540.0,261251.0,77
201500044457,15,1,11,1236,1,1,1,1,2,94052,M,4884520.0,249202.0,94
201500044458,15,1,11,2125,4,1,1,1,6,77169,M,,,77
201500044459,15,1,13,115,5,1,1,1,6,94046,M,4881080.0,244889.0,94
201500044460,15,1,13,945,1,1,1,1,3,94073,M,4877120.0,239090.0,94
201500044461,15,1,14,940,1,1,1,1,2,77514,M,,,77
201500044462,15,1,14,1400,1,1,1,6,2,77122,M,,,77
201500044463,15,1,14,1725,1,1,1,1,5,94022,M,4877320.0,240055.0,94
201500044464,15,1,15,610,3,1,1,8,5,94015,M,4883180.0,253201.0,94
201500044465,15,1,15,650,3,1,1,1,2,94079,M,4883490.0,253757.0,94
201500044466,15,1,16,616,3,1,1,8,6,94069,M,4881640.0,244560.0,94
201500044467,15,1,16,900,1,1,1,2,5,77083,M,,,77
201500044468,15,1,17,1250,1,1,1,1,5,94028,M,4877600.0,242860.0,94
201500044469,15,1,17,1350,1,1,1,1,6,94044,M,4875720.0,247281.0,94
201500044470,15,1,19,945,1,1,1,2,4,77438,M,,,77
201500044471,15,1,19,845,1,1,1,4,1,77438,M,,,77
201500044472,15,1,19,1945,4,1,1,1,4,94018,M,4881750.0,241808.0,94
201500044473,15,1,20,745,3,1,1,1,7,77294,M,,,77
201500044474,15,1,20,840,4,1,1,1,6,94079,M,4883580.0,253939.0,94
201500044475,15,1,21,820,2,1,1,2,6,94028,M,4878440.0,244056.0,94
201500044476,15,1,23,920,1,1,1,1,5,75112,M,,,75
201500044477,15,1,23,2210,3,1,1,1,3,77175,M,,,77
201500044478,15,1,24,1210,1,1,1,1,2,77438,M,,,77
201500044479,15,1,24,1300,1,1,1,1,4,94052,M,4884430.0,249236.0,94
201500044480,15,1,24,2045,3,1,1,1,1,77175,M,,,77
201500044481,15,1,24,2130,4,1,1,1,5,94028,M,4878440.0,244056.0,94
201500044482,15,1,24,2300,4,1,1,1,4,94017,M,4883030.0,249236.0,94
201500044483,15,1,26,550,5,1,1,1,6,94052,M,4884270.0,249262.0,94
201500044484,15,1,26,1425,1,1,1,2,3,94046,M,4880540.0,244854.0,94
201500044485,15,1,26,1520,1,1,1,1,3,94042,M,4882780.0,247177.0,94
201500044486,15,1,27,950,1,1,1,8,4,77294,M,,,77
201500044487,15,1,28,850,1,1,1,2,2,94042,M,4882860.0,247641.0,94
201500044488,15,1,29,1745,2,1,1,2,6,94018,M,4881750.0,241873.0,94
201500044489,15,1,30,1645,1,1,1,1,5,77373,M,,,77
201500044490,15,1,31,1130,1,1,1,1,6,77258,M,,,77
201500044491,15,2,1,1140,1,1,1,1,6,94002,M,4877630.0,242293.0,94
201500044492,15,2,1,1246,1,1,1,1,4,94052,M,4884450.0,249229.0,94
201500044493,15,2,1,1720,2,1,1,8,7,94044,M,4875790.0,247046.0,94
201500044494,15,2,1,2340,3,1,1,1,2,77053,M,,,77
201500044495,15,2,3,930,1,1,1,1,3,77294,M,4897416.0,257813.0,77
201500044496,15,2,4,400,5,1,1,1,5,75112,M,,,75
201500044497,15,2,4,1800,1,1,1,1,5,94018,M,4882490.0,239322.0,94
201500044498,15,2,4,2110,3,1,1,1,5,77372,M,,,77
201500044499,15,2,5,816,1,1,1,1,3,94046,M,4879940.0,244587.0,94
201500044500,15,2,5,2205,3,1,1,8,1,77450,M,,,77
201500044501,15,2,6,500,3,1,1,1,2,93051,M,,,93
201500044502,15,2,6,845,1,1,1,1,7,77258,M,,,77
201500044503,15,2,6,1440,1,1,1,1,4,75112,M,,,75
201500044504,15,2,7,1140,1,1,1,1,3,77450,M,,,77
201500044505,15,2,7,1600,1,1,1,1,2,77373,M,,,77
201500044506,15,2,7,1915,3,1,1,1,2,77258,M,,,77
201500044507,15,2,8,1445,1,1,1,1,6,77372,M,,,77
201500044508,15,2,8,1900,3,1,1,1,7,77373,M,,,77
201500044509,15,2,8,2055,4,1,1,1,6,94044,M,4875800.0,247080.0,94
201500044510,15,2,9,900,1,1,1,1,2,94017,M,4882710.0,250967.0,94
201500044511,15,2,9,945,1,1,1,1,2,94017,M,4882940.0,248138.0,94
201500044512,15,2,9,1755,2,1,1,1,3,77373,M,,,77
201500044513,15,2,10,718,1,1,1,1,2,94069,M,4881750.0,242225.0,94
201500044514,15,2,11,1040,1,1,1,1,2,77294,M,,,77
201500044515,15,2,11,1050,1,1,1,1,2,94017,M,4882940.0,249922.0,94
201500044516,15,2,11,2000,3,1,1,1,4,77237,M,,,77
201500044517,15,2,12,30,4,1,1,1,4,75112,M,,,75
201500044518,15,2,12,800,1,1,1,1,7,94028,M,4878150.0,244124.0,94
201500044519,15,2,12,850,1,1,1,1,6,77175,M,,,77
201500044520,15,2,12,1930,5,1,1,1,4,93051,M,,,93
201500044521,15,2,12,2000,5,1,1,1,5,94046,M,4880720.0,244874.0,94
201500044522,15,2,13,540,3,1,1,1,2,94022,M,4877640.0,242159.0,94
201500044523,15,2,14,930,1,1,1,2,5,77373,M,,,77
201500044524,15,2,14,1730,1,1,1,1,6,94044,M,4875720.0,247187.0,94
201500044525,15,2,14,1735,1,1,1,2,6,93051,M,,,93
201500044526,15,2,15,810,1,1,1,8,7,77337,M,,,77
201500044527,15,2,19,650,3,1,1,1,5,94046,M,4881250.0,244880.0,94
201500044528,15,2,18,1615,1,1,1,1,3,93051,M,4883540.0,256843.0,93
201500044529,15,2,20,1350,1,1,1,2,7,75112,M,,,75
201500044530,15,2,20,1750,2,1,1,2,7,94017,M,4882650.0,251831.0,94
201500044531,15,2,20,2105,3,1,1,1,6,77438,M,,,77
201500044532,15,2,21,1505,1,1,1,8,6,75112,M,,,75
201500044533,15,2,21,1730,1,1,1,2,7,77258,M,,,77
201500044534,15,2,21,1930,3,1,1,1,2,93051,M,,,93
201500044535,15,2,22,1700,1,1,1,1,4,77373,M,,,77
201500044536,15,2,23,1135,1,1,1,1,6,77258,M,,,77
201500044537,15,2,25,1030,1,1,1,1,6,94044,M,4875800.0,247079.0,94
201500044538,15,2,25,1600,1,1,1,2,4,94052,M,4884360.0,249257.0,94
201500044539,15,2,25,2000,3,1,1,1,6,77438,M,,,77
201500044540,15,2,27,830,1,1,1,1,5,77514,M,,,77
201500044541,15,3,1,511,5,1,1,1,6,94073,M,4876750.0,237870.0,94
201500044542,15,3,2,930,1,1,1,1,2,77258,M,,,77
201500044543,15,3,3,730,2,1,1,1,2,94028,M,4876990.0,244912.0,94
201500044544,15,3,3,1415,1,1,1,1,6,77363,M,,,77
201500044545,15,3,3,1800,1,1,1,2,6,94044,M,4875880.0,247013.0,94
201500044546,15,3,6,2000,3,1,1,1,5,94017,M,4882790.0,250451.0,94
201500044547,15,3,7,1750,1,1,1,1,3,94065,M,4875450.0,234840.0,94
201500044548,15,3,8,1200,1,1,1,1,6,94052,M,4884490.0,249216.0,94
201500044549,15,3,9,1650,1,1,1,1,3,94065,M,4875370.0,235766.0,94
201500044550,15,3,10,1735,1,1,1,2,6,77169,M,,,77
201500044551,15,3,11,630,1,1,1,1,3,94017,M,4883050.0,249250.0,94
201500044552,15,3,11,915,1,1,1,1,5,94018,M,4882510.0,239295.0,94
201500044553,15,3,12,845,1,1,1,1,4,77294,M,,,77
201500044554,15,3,12,910,1,1,1,1,4,77294,M,,,77
201500044555,15,3,12,1740,1,1,1,1,4,94017,M,4883040.0,248962.0,94
201500044556,15,3,13,740,1,1,1,1,3,94017,M,4882680.0,251414.0,94
201500044557,15,3,13,910,1,1,1,1,7,77181,M,,,77
201500044558,15,3,13,918,1,1,1,1,4,77294,M,,,77
201500044559,15,3,13,1210,1,1,1,1,5,77294,M,,,77
201500044560,15,3,14,617,3,1,1,1,4,77517,M,,,77
201500044561,15,3,14,1545,1,1,1,1,6,77337,M,,,77
201500044562,15,3,14,1920,3,1,1,1,5,77258,M,,,77
201500044563,15,3,17,940,1,1,1,1,1,77514,M,,,77
201500044564,15,3,17,1435,1,1,1,1,3,94017,M,4882640.0,251810.0,94
201500044565,15,3,18,830,1,1,1,1,3,94073,M,4877040.0,238433.0,94
201500044566,15,3,18,830,1,1,1,1,6,93051,M,4883500.0,257773.0,93
201500044567,15,3,18,1740,1,1,1,1,2,94028,M,4879790.0,244457.0,94
201500044568,15,3,19,1415,1,1,1,1,4,94052,M,4883560.0,249370.0,94
201500044569,15,3,19,1735,1,1,1,1,2,94073,M,4877020.0,238227.0,94
201500044570,15,3,21,2035,3,1,1,1,2,94018,M,4881750.0,241528.0,94
201500044571,15,3,24,610,3,1,1,1,3,94028,M,4877620.0,242958.0,94
201500044572,15,3,25,120,3,1,1,2,6,94079,M,4883580.0,253972.0,94
201500044573,15,3,25,645,1,1,1,2,5,75112,M,,,75
201500044574,15,3,25,900,1,1,1,1,3,94065,M,4875370.0,236575.0,94
201500044575,15,3,26,1730,1,1,1,2,6,94044,M,4875800.0,247079.0,94
201500044576,15,3,26,1950,3,1,1,2,5,94028,M,4878350.0,244074.0,94
201500044577,15,3,26,2015,3,1,1,2,7,94069,M,4881670.0,245234.0,94
201500044578,15,3,27,600,3,1,1,1,3,94069,M,4881700.0,245317.0,94
201500044579,15,3,28,1615,1,1,1,1,6,94065,M,4875390.0,235366.0,94
201500044580,15,3,28,2034,5,1,1,1,4,75112,M,,,75
201500044581,15,3,29,1330,1,1,1,1,7,77258,M,,,77
201500044582,15,3,29,1543,1,1,1,1,3,94044,M,4875720.0,247186.0,94
201500044583,15,3,30,830,1,1,1,1,5,94028,M,4879720.0,244411.0,94
201500044584,15,3,31,1305,1,1,1,1,2,94073,M,4875400.0,238041.0,94
201500044585,15,3,31,1603,1,1,1,1,3,94018,M,4882490.0,239322.0,94
201500044586,15,4,2,1300,1,1,1,2,2,94017,M,4882980.0,249785.0,94
201500044587,15,4,3,2035,2,1,1,3,1,77294,M,,,77
201500044588,15,4,3,2115,4,1,1,3,2,94069,M,4881760.0,241944.0,94
201500044589,15,4,4,625,3,1,1,8,6,77181,M,,,77
201500044590,15,4,4,838,1,1,1,2,1,77373,M,,,77
201500044591,15,4,4,1300,1,1,1,2,6,77258,M,,,77
201500044592,15,4,6,210,3,1,1,1,2,77449,M,,,77
201500044593,15,4,6,1530,1,1,1,1,6,93051,M,4883470.0,258310.0,93
201500044594,15,4,7,945,1,1,1,1,5,77258,M,,,77
201500044595,15,4,7,2150,5,1,1,1,2,77449,M,,,77
201500044596,15,4,8,1600,1,1,1,1,3,94046,M,4880810.0,244896.0,94
201500044597,15,4,8,1700,1,1,1,1,4,94069,M,4881740.0,243487.0,94
201500044598,15,4,9,440,5,1,1,1,6,94017,M,4882980.0,248410.0,94
201500044599,15,4,9,520,3,1,1,1,4,77122,M,,,77
201500044600,15,4,9,1700,1,1,1,1,3,77169,M,,,77
201500044601,15,4,9,1930,1,1,1,1,3,77169,M,,,77
201500044602,15,4,10,600,3,1,1,1,3,94028,M,4878440.0,244056.0,94
201500044603,15,4,10,900,1,1,1,1,4,77438,M,,,77
201500044604,15,4,10,845,1,1,1,1,4,94073,M,4875380.0,236912.0,94