Num_Acc,an,mois,jour,hrmn,lum,agg,int,atm,col,com,gps,lat,long,dep
201500044605,15,4,11,1900,1,1,1,1,4,77514,M,,,77
201500044606,15,4,11,1945,1,1,1,1,3,94017,M,4882790.0,250423.0,94
201500044607,15,4,12,2015,1,1,1,1,2,93051,M,4883610.0,255784.0,93
201500044608,15,4,12,2320,5,1,1,1,2,94028,M,4877620.0,244339.0,94
201500044609,15,4,13,1605,1,1,1,1,3,94065,M,4875510.0,234583.0,94
201500044610,15,4,14,950,1,1,1,1,5,77495,M,,,77
201500044611,15,4,14,1335,1,1,1,1,4,94028,M,4879990.0,244595.0,94
201500044612,15,4,15,1455,1,1,1,1,5,94081,M,4877380.0,240205.0,94
201500044613,15,4,17,915,1,1,1,1,5,94018,M,4882490.0,239322.0,94
201500044614,15,4,18,302,5,1,1,1,6,94028,M,4877790.0,244048.0,94
201500044615,15,4,18,1315,1,1,1,1,3,94065,M,4875440.0,234971.0,94
201500044616,15,4,18,2200,3,1,1,1,5,93051,M,4883620.0,255652.0,93
201500044617,15,4,19,1810,1,1,1,1,3,77337,M,,,77
201500044618,15,4,19,1830,1,1,1,1,4,77175,M,,,77
201500044619,15,4,22,900,1,1,1,1,3,94028,M,4879570.0,244294.0,94
201500044620,15,4,22,1030,1,1,1,1,2,77517,M,,,77
201500044621,15,4,24,830,1,1,1,1,3,94017,M,4882980.0,248410.0,94
201500044622,15,4,24,1940,1,1,1,1,2,94079,M,4883400.0,253557.0,94
201500044623,15,4,26,1920,1,1,1,1,6,77337,M,4882580.0,261622.0,77
201500044624,15,4,26,2000,1,1,1,2,5,94017,M,4882680.0,251413.0,94
201500044625,15,4,29,630,1,1,1,1,6,75112,M,,,75
201500044626,15,4,30,730,1,1,1,2,6,94011,M,4875870.0,248241.0,94
201500044627,15,4,30,745,1,1,1,2,6,77169,M,,,77
201500044628,15,5,1,420,3,1,1,2,6,94011,M,4876340.0,249560.0,94
201500044629,15,5,1,440,5,1,1,2,6,94052,M,4882640.0,246625.0,94
201500044630,15,5,1,830,1,1,1,2,6,94044,M,4875760.0,247198.0,94
201500044631,15,5,1,1820,1,1,1,2,6,94044,M,4875820.0,247054.0,94
201500044632,15,5,1,2010,1,1,1,1,6,77337,M,4883000.0,261529.0,77
201500044633,15,5,1,2350,5,1,1,2,3,94073,M,4876770.0,237857.0,94
201500044634,15,5,2,40,4,1,1,2,6,75112,M,,,75
201500044635,15,5,2,930,1,1,1,2,5,77373,M,,,77
201500044636,15,5,2,1130,1,1,1,1,2,77169,M,4882080.0,261557.0,77
201500044637,15,5,2,1312,1,1,1,1,3,94028,M,4880000.0,244641.0,94
201500044638,15,5,2,1548,1,1,1,1,4,94017,M,4882680.0,251413.0,94
201500044639,15,5,2,1750,1,1,1,1,2,75112,M,,,75
201500044640,15,5,2,2030,2,1,1,2,5,94028,M,4878700.0,244006.0,94
201500044641,15,5,3,640,1,1,1,1,6,94073,M,4876810.0,237869.0,94
201500044642,15,5,3,730,1,1,1,2,6,94069,M,4881710.0,245502.0,94
201500044643,15,5,3,915,1,1,1,2,3,94073,M,4876770.0,237874.0,94
201500044644,15,5,3,2040,1,1,1,1,6,77053,M,,,77
201500044645,15,5,4,1000,1,1,1,1,7,77121,M,,,77
201500044646,15,5,4,2130,3,1,1,8,6,77294,M,4897534.0,258355.0,77
201500044647,15,5,5,535,2,1,1,8,3,94046,M,4879820.0,244483.0,94
201500044648,15,5,5,800,1,1,1,1,3,93051,M,4883580.0,256315.0,93
201500044649,15,5,6,1128,1,1,1,1,4,94052,M,4883820.0,249369.0,94
201500044650,15,5,9,30,3,1,1,1,2,77384,M,,,77
201500044651,15,5,11,735,1,1,1,1,3,94073,M,4875740.0,238379.0,94
201500044652,15,5,11,935,1,1,1,1,2,94033,M,4886000.0,248564.0,94
201500044653,15,5,12,920,1,1,1,1,2,77495,M,,,77
201500044654,15,5,13,535,2,1,1,1,4,77181,M,,,77
201500044655,15,5,13,702,2,1,1,1,3,77373,M,,,77
201500044656,15,5,15,650,1,1,1,1,7,94033,M,4885170.0,249044.0,94
201500044657,15,5,15,1845,1,1,1,1,2,94052,M,4884090.0,249283.0,94
201500044658,15,5,16,415,3,1,1,1,6,77373,M,,,77
201500044659,15,5,16,2245,3,1,1,1,2,94022,M,4877660.0,241621.0,94
201500044660,15,5,17,1715,1,1,1,1,6,94065,M,4875420.0,235111.0,94
201500044661,15,5,19,930,1,1,1,1,1,93051,M,4883520.0,257376.0,93
201500044662,15,5,20,30,4,1,1,1,3,94028,M,4880110.0,244698.0,94
201500044663,15,5,20,840,1,1,1,1,2,94028,M,4879140.0,244102.0,94
201500044664,15,5,21,800,1,1,1,1,2,94002,M,4877620.0,242427.0,94
201500044665,15,5,22,1115,1,1,1,1,3,94017,M,4882650.0,251832.0,94
201500044666,15,5,23,320,3,1,1,1,2,77058,M,4882980.0,274823.0,77
201500044667,15,5,23,330,3,1,1,1,6,77237,M,,,77
201500044668,15,5,23,830,1,1,1,2,2,77121,M,,,77
201500044669,15,5,23,1610,1,1,1,1,4,94017,M,4882790.0,250451.0,94
201500044670,15,5,23,1655,1,1,1,1,5,94015,M,4883060.0,252981.0,94
201500044671,15,5,24,735,1,1,1,1,2,94069,M,4881740.0,243208.0,94
201500044672,15,5,24,1211,1,1,1,1,3,94017,M,4882760.0,250725.0,94
201500044673,15,5,25,1120,1,1,1,1,6,77122,M,,,77
201500044674,15,5,26,845,1,1,1,1,2,94069,M,4881740.0,242226.0,94
201500044675,15,5,26,1730,1,1,1,1,2,94074,M,4876920.0,245007.0,94
201500044676,15,5,26,1835,1,1,1,1,5,77514,M,,,77
201500044677,15,5,26,1920,1,1,1,1,4,94069,M,4881730.0,244044.0,94
201500044678,15,5,28,2345,5,1,1,1,2,94069,M,4881710.0,244323.0,94
201500044679,15,5,29,950,1,1,1,1,3,94073,M,4876410.0,238031.0,94
201500044680,15,5,29,1130,1,1,1,1,5,94028,M,4879980.0,244594.0,94
201500044681,15,5,30,620,2,1,1,1,3,94069,M,4881640.0,245173.0,94
201500044682,15,5,30,1330,1,1,1,1,1,77438,M,,,77
201500044683,15,5,31,1455,1,1,1,2,1,77373,M,,,77
201500044684,15,5,31,1745,1,1,1,2,2,77251,M,,,77
201500044685,15,6,1,1530,1,1,1,1,6,94069,M,4881740.0,242227.0,94
201500044686,15,6,1,1820,1,1,1,1,3,94017,M,4882730.0,252470.0,94
201500044687,15,6,2,830,2,1,1,1,3,77337,M,,,77
201500044688,15,6,3,820,1,1,1,1,4,77363,M,,,77
201500044689,15,6,3,1900,1,1,1,1,6,75112,M,,,75
201500044690,15,6,4,900,1,1,1,1,5,94042,M,4882660.0,246633.0,94
201500044691,15,6,4,1740,1,1,1,1,1,93051,M,4883470.0,258042.0,93
201500044692,15,6,4,1840,1,1,1,1,1,77083,M,,,77
201500044693,15,6,5,45,3,1,1,1,2,77495,M,,,77
201500044694,15,6,5,725,1,1,1,1,3,94046,M,4880400.0,244863.0,94
201500044695,15,6,5,1710,1,1,1,1,2,77363,M,,,77
201500044696,15,6,6,1910,1,1,1,1,2,94069,M,4881690.0,245441.0,94
201500044697,15,6,8,130,3,1,1,1,6,94028,M,4877830.0,244106.0,94
201500044698,15,6,5,1139,1,1,1,1,3,94073,M,4877000.0,238169.0,94
201500044699,15,6,9,1630,1,1,1,1,7,77337,M,4882931.0,261873.0,77
201500044700,15,6,9,1920,1,1,1,1,5,94028,M,4877600.0,242829.0,94
201500044701,15,6,10,720,1,1,1,1,3,77373,M,,,77
201500044702,15,6,10,745,1,1,1,1,1,77083,M,,,77
201500044703,15,6,10,2040,2,1,1,1,2,94022,M,4877650.0,241617.0,94
201500044704,15,6,11,840,1,1,1,1,1,93051,M,4883550.0,256846.0,93
201500044705,15,6,11,1645,1,1,1,1,4,94069,M,4881740.0,243625.0,94
201500044706,15,6,11,1729,1,1,1,1,2,77121,M,,,77
201500044707,15,6,11,2130,1,1,1,1,7,77258,M,,,77
201500044708,15,6,12,850,1,1,1,1,6,93051,M,4883470.0,258182.0,93
201500044709,15,6,12,1730,1,1,1,1,2,94069,M,4881730.0,242929.0,94
201500044710,15,6,13,30,5,1,1,1,6,94073,M,4876750.0,237870.0,94
201500044711,15,6,14,1612,1,1,1,1,6,77373,M,,,77
201500044712,15,6,14,1910,1,1,1,1,2,77181,M,,,77
201500044713,15,6,16,1730,1,1,1,1,4,94018,M,4881750.0,241528.0,94
201500044714,15,6,18,2145,2,1,1,1,6,94052,M,4883140.0,249087.0,94
201500044715,15,6,19,829,1,1,1,1,2,93051,M,4883580.0,256042.0,93
201500044716,15,6,19,1215,1,1,1,1,2,77053,M,,,77
201500044717,15,6,21,715,1,1,1,1,6,94011,M,4875880.0,248210.0,94
201500044718,15,6,21,800,1,1,1,1,6,94052,M,4883150.0,249164.0,94
201500044719,15,6,10,830,1,1,1,1,3,93051,M,,,93
201500044720,15,6,23,1838,1,1,1,1,2,94052,M,4883700.0,249398.0,94
201500044721,15,6,24,845,1,1,1,1,5,94017,M,4882790.0,250451.0,94
201500044722,15,6,25,800,1,1,1,1,1,77384,M,,,77
201500044723,15,6,27,1145,1,1,1,1,3,94079,M,4882830.0,252705.0,94
201500044724,15,6,28,840,1,1,1,1,6,93051,M,4883540.0,256709.0,93
201500044725,15,6,28,2024,1,1,1,1,4,77514,M,,,77
201500044726,15,6,29,815,1,1,1,1,2,77053,M,,,77
201500044727,15,6,29,900,1,1,1,1,4,77514,M,,,77
201500044728,15,6,29,1144,1,1,1,1,3,94017,M,4882790.0,250451.0,94
201500044729,15,6,29,1259,1,1,1,1,6,77169,M,,,77
201500044730,15,6,29,1950,1,1,1,1,5,94042,M,4882830.0,247448.0,94
201500044731,15,6,30,650,1,1,1,1,4,77337,M,,,77
201500044732,15,6,30,940,1,1,1,1,2,94073,M,4877000.0,238179.0,94
201500044733,15,6,30,1430,1,1,1,1,3,94028,M,4877610.0,243095.0,94
201500044734,15,6,30,1739,1,1,1,1,5,94028,M,4877600.0,242846.0,94
201500044735,15,6,30,1730,1,1,1,1,6,77181,M,,,77
201500044736,15,7,1,745,1,1,1,1,3,77373,M,,,77
201500044737,15,7,1,910,1,1,1,1,2,94046,M,4880460.0,244874.0,94
201500044738,15,7,1,1657,1,1,1,1,5,94017,M,4882790.0,250451.0,94
201500044739,15,7,2,715,1,1,1,1,6,94058,M,4884450.0,249301.0,94
201500044740,15,7,2,900,1,1,1,1,2,94081,M,4877400.0,240745.0,94
201500044741,15,7,2,1645,1,1,1,1,5,94028,M,4877600.0,242828.0,94
201500044742,15,7,3,750,1,1,1,1,4,77373,M,,,77
201500044743,15,7,3,1335,1,1,1,1,4,77438,M,,,77
201500044744,15,7,3,1955,1,1,1,1,3,77294,M,,,77
201500044745,15,7,6,840,1,1,1,1,6,77249,M,,,77
201500044746,15,7,7,840,1,1,1,1,7,77495,M,,,77
201500044747,15,7,9,340,3,1,1,1,7,94028,M,4878710.0,244033.0,94
201500044748,15,7,9,630,1,1,1,1,6,77337,M,,,77
201500044749,15,7,9,1635,1,1,1,1,3,94033,M,4884980.0,249039.0,94
201500044750,15,7,10,845,1,1,1,1,3,77146,M,,,77
201500044751,15,7,10,1850,1,1,1,1,5,77169,M,,,77
201500044752,15,7,11,1245,1,1,1,1,1,93051,M,4883450.0,258446.0,93
201500044753,15,7,13,1945,1,1,1,1,2,94052,M,4884090.0,249283.0,94
201500044754,15,7,15,1100,1,1,1,1,5,94017,M,4882790.0,250451.0,94
201500044755,15,7,15,1520,1,1,1,1,2,94073,M,4875830.0,238397.0,94
201500044756,15,7,16,900,1,1,1,1,7,94052,M,4884170.0,249270.0,94
201500044757,15,7,17,500,2,1,1,1,6,77372,M,,,77
201500044758,15,7,17,750,1,1,1,1,7,94017,M,4883090.0,249097.0,94
201500044759,15,7,17,1230,1,1,1,1,4,94017,M,4882650.0,252131.0,94
201500044760,15,7,18,2056,2,1,1,1,7,94017,M,4883130.0,249150.0,94
201500044761,15,7,19,400,5,1,1,2,7,94017,M,4883140.0,249163.0,94
201500044762,15,7,19,855,1,1,1,1,7,77450,M,,,77
201500044763,15,7,19,2050,1,1,1,1,2,94017,M,4882680.0,251242.0,94
201500044764,15,7,20,1435,1,1,1,1,3,75112,M,,,75
201500044765,15,7,20,1805,1,1,1,1,4,94022,M,4877550.0,241300.0,94
201500044766,15,7,22,917,1,1,1,1,3,94069,M,4881730.0,242642.0,94
201500044767,15,7,23,1255,1,1,1,1,3,94033,M,4885320.0,248919.0,94
201500044768,15,7,24,1700,1,1,1,1,5,94028,M,4878880.0,244048.0,94
201500044769,15,7,25,20,4,1,1,1,6,77169,M,,,77
201500044770,15,7,25,100,3,1,1,1,2,77169,M,,,77
201500044771,15,7,25,2305,5,1,1,1,2,94046,M,4881340.0,244873.0,94
201500044772,15,7,27,630,1,1,1,1,6,94044,M,4875810.0,247066.0,94
201500044773,15,7,29,915,1,1,1,1,5,77053,M,,,77
201500044774,15,7,30,830,1,1,1,1,2,94069,M,4881680.0,245250.0,94
201500044775,15,7,31,1525,1,1,1,1,2,94017,M,4882780.0,250589.0,94
201500044776,15,7,31,1535,1,1,1,1,6,77337,M,,,77
201500044777,15,8,1,215,5,1,1,1,6,94042,M,4882760.0,247042.0,94
201500044778,15,8,1,1330,1,1,1,1,3,94073,M,4877230.0,239636.0,94
201500044779,15,8,2,622,1,1,1,1,2,94017,M,4883070.0,249073.0,94
201500044780,15,8,3,1825,1,1,1,1,2,94018,M,4882280.0,239595.0,94
201500044781,15,8,4,420,4,1,1,1,2,94046,M,4879810.0,244451.0,94
201500044782,15,8,5,820,1,1,1,1,3,77514,M,,,77
201500044783,15,8,5,2310,3,1,1,1,2,77438,M,,,77
201500044784,15,8,7,515,3,1,1,1,5,77438,M,,,77
201500044785,15,8,7,950,1,1,1,1,7,94017,M,4882980.0,248412.0,94
201500044786,15,8,9,1020,1,1,1,8,6,77018,M,,,77
201500044787,15,8,10,550,2,1,1,1,2,94073,M,4876700.0,237874.0,94
201500044788,15,8,11,1310,1,1,1,1,6,94018,M,4881750.0,241528.0,94
201500044789,15,8,11,1715,1,1,1,1,2,77018,M,,,77
201500044790,15,8,11,1845,1,1,1,1,2,77169,M,,,77
201500044791,15,8,11,2330,4,1,1,1,6,77169,M,,,77
201500044792,15,8,12,1710,1,1,1,1,2,94046,M,4881320.0,244848.0,94
201500044793,15,8,15,445,5,1,1,3,2,94017,M,4883020.0,248980.0,94
201500044794,15,8,15,754,2,1,1,5,6,77514,M,,,77
201500044795,15,8,16,2200,3,1,1,1,2,77122,M,,,77
201500044796,15,8,17,1740,1,1,1,1,5,94069,M,4881760.0,243489.0,94
201500044797,15,8,21,755,1,1,1,1,7,94052,M,4883220.0,249217.0,94
201500044798,15,8,22,300,5,1,1,1,6,94017,M,4882700.0,251136.0,94
201500044799,15,8,22,2315,3,1,1,1,7,77438,M,,,77
201500044800,15,8,24,955,1,1,1,1,3,94073,M,4875380.0,236969.0,94
201500044801,15,8,24,1210,1,1,1,2,3,94017,M,4882790.0,250451.0,94
201500044802,15,8,27,745,1,1,1,3,5,77373,M,,,77
201500044803,15,8,27,1635,1,1,1,3,2,94052,M,4883470.0,249327.0,94
201500044804,15,8,28,630,1,1,1,1,2,94073,M,4875360.0,237368.0,94
201500044805,15,8,28,1445,1,1,1,1,2,94033,M,4885380.0,248973.0,94
201500044806,15,8,28,1645,1,1,1,1,4,77294,M,,,77
201500044807,15,8,28,1805,1,1,1,1,2,94069,M,4881710.0,244323.0,94
201500044808,15,8,29,1145,1,1,1,1,2,94033,M,4885530.0,248840.0,94
201500044809,15,8,29,1340,1,1,1,1,2,94069,M,4881600.0,245176.0,94
201500044810,15,8,30,1415,1,1,1,1,4,94052,M,4882640.0,246628.0,94
201500044811,15,8,31,850,1,1,1,1,2,94018,M,4881750.0,241890.0,94
201500044812,15,8,31,1740,1,1,1,1,3,77514,M,,,77
201500044813,15,9,2,910,1,1,1,1,1,77294,M,,,77
201500044814,15,9,2,1115,1,1,1,1,2,94081,M,4877400.0,240505.0,94
201500044815,15,9,2,1610,1,1,1,1,2,94069,M,4881730.0,242929.0,94
201500044816,15,9,3,750,1,1,1,1,1,77363,M,,,77
201500044817,15,9,3,1650,1,1,1,1,4,77258,M,,,77
201500044818,15,9,3,1750,1,1,1,1,4,77121,M,,,77
201500044819,15,9,3,1745,1,1,1,1,2,94042,M,4882780.0,247176.0,94
201500044820,15,9,4,825,1,1,1,1,6,77175,M,,,77
201500044821,15,9,6,235,5,1,1,1,2,94069,M,4881610.0,245203.0,94
201500044822,15,9,7,1200,1,1,1,1,3,94017,M,4883030.0,248822.0,94
201500044823,15,9,7,1330,1,1,1,1,2,94046,M,4880990.0,244903.0,94
201500044824,15,9,7,1325,1,1,1,1,2,94022,M,4877580.0,241380.0,94
201500044825,15,9,7,1555,1,1,1,1,1,77373,M,,,77
201500044826,15,9,8,905,1,1,1,1,4,94046,M,4880630.0,244887.0,94
201500044827,15,9,8,1800,1,1,1,1,7,94018,M,4882410.0,239394.0,94
201500044828,15,9,9,730,1,1,1,1,6,77337,M,,,77
201500044829,15,9,10,1000,1,1,1,1,2,94079,M,4883580.0,253972.0,94
201500044830,15,9,10,1730,1,1,1,1,3,77169,M,,,77
201500044831,15,9,10,1800,1,1,1,1,4,94069,M,4881740.0,243487.0,94
201500044832,15,9,11,905,1,1,1,1,2,94069,M,4881750.0,243210.0,94
201500044833,15,9,12,425,3,1,1,1,2,94015,M,4883060.0,252982.0,94
201500044834,15,9,12,1535,1,1,1,3,2,77373,M,,,77
201500044835,15,9,12,1845,1,1,1,3,2,94022,M,4877660.0,241750.0,94
201500044836,15,9,12,1925,1,1,1,1,6,77468,M,,,77
201500044837,15,9,12,2012,2,1,1,2,6,94028,M,4877690.0,244055.0,94
201500044838,15,9,13,330,3,1,1,2,6,77083,M,,,77
201500044839,15,9,13,820,2,1,1,2,2,77169,M,4882230.0,261489.0,77
201500044840,15,9,13,930,1,1,9,2,6,77337,M,,,77
201500044841,15,9,13,935,1,1,1,2,2,77258,M,,,77
201500044842,15,9,13,1230,1,1,3,2,3,77337,M,,,77
201500044843,15,9,13,1430,1,1,1,3,3,77258,M,,,77
201500044844,15,9,13,1510,1,1,9,1,6,77121,M,,,77
201500044845,15,9,14,1900,1,1,1,1,4,93051,M,,,93
201500044846,15,9,14,2120,5,1,1,1,2,94069,M,4881760.0,242466.0,94
201500044847,15,9,15,700,1,1,1,1,3,94022,M,4877650.0,242023.0,94
201500044848,15,9,15,945,1,1,1,1,1,77181,M,,,77
201500044849,15,9,15,950,1,1,1,3,4,77181,M,,,77
201500044850,15,9,15,1920,1,1,1,1,2,94058,M,4884320.0,249300.0,94
201500044851,15,9,16,835,1,1,1,3,7,94018,M,4882290.0,239617.0,94
201500044852,15,9,16,930,1,1,1,3,3,94018,M,4882130.0,239954.0,94
201500044853,15,9,16,1350,1,1,1,1,5,77514,M,,,77
201500044854,15,9,16,1800,1,1,1,2,2,94073,M,4877140.0,239220.0,94
201500044855,15,9,17,710,1,1,1,1,3,94028,M,4878440.0,244056.0,94
201500044856,15,9,17,1200,1,1,1,1,3,77237,M,,,77
201500044857,15,9,18,1515,1,1,1,1,7,94033,M,4884890.0,249072.0,94
201500044858,15,9,18,2155,5,1,1,1,6,75112,M,,,75
201500044859,15,9,19,1930,2,1,1,1,2,77514,M,,,77
201500044860,15,9,20,531,5,1,1,1,5,94017,M,4883080.0,249091.0,94
201500044861,15,9,20,945,1,1,1,1,4,77237,M,,,77
201500044862,15,9,20,2220,4,1,1,1,2,94069,M,4881750.0,242469.0,94
201500044863,15,10,6,1120,1,1,1,1,2,77363,M,,,77
201500044864,15,9,21,1500,1,1,1,1,2,77517,M,,,77
201500044865,15,9,24,815,1,1,1,1,3,94052,M,4884230.0,249300.0,94
201500044866,15,9,24,2016,3,1,9,3,4,77294,M,,,77
201500044867,15,9,25,732,1,1,1,5,4,77468,M,,,77
201500044868,15,9,25,2040,5,1,1,1,3,94017,M,4882730.0,250823.0,94
201500044869,15,9,26,1545,1,1,1,1,6,77237,M,,,77
201500044870,15,9,26,1540,1,1,1,1,6,77372,M,,,77
201500044871,15,9,27,1835,1,1,1,1,2,94033,M,4884990.0,249111.0,94
201500044872,15,9,28,820,1,1,1,1,6,77169,M,,,77
201500044873,15,9,28,845,1,1,1,1,5,77181,M,,,77
201500044874,15,9,28,1330,1,1,1,1,3,94017,M,4882700.0,251036.0,94
201500044875,15,9,28,1400,1,1,1,1,4,75112,M,,,75
201500044876,15,9,29,845,1,1,1,1,5,77258,M,,,77
201500044877,15,9,29,1658,1,1,1,1,7,94052,M,4883220.0,249216.0,94
201500044878,15,9,30,650,5,1,1,1,3,94017,M,4882790.0,250451.0,94
201500044879,15,9,30,720,1,1,1,1,2,93051,M,4883620.0,255652.0,93
201500044880,15,9,30,825,1,1,1,1,2,93051,M,,,93
201500044881,15,9,30,1205,1,1,1,1,7,77249,M,,,77
201500044882,15,10,1,840,1,1,1,1,3,94028,M,4877970.0,244157.0,94
201500044883,15,10,1,2030,5,1,1,1,5,94069,M,4881740.0,242929.0,94
201500044884,15,10,2,1615,1,1,1,1,3,77169,M,,,77
201500044885,15,10,3,1300,1,1,1,1,4,94052,M,4884170.0,249305.0,94
201500044886,15,10,5,2000,3,1,1,2,5,77373,M,,,77
201500044887,15,10,6,930,1,1,1,2,2,94079,M,4883580.0,253971.0,94
201500044888,15,10,6,1745,1,1,1,1,3,94028,M,4877750.0,243961.0,94
201500044889,15,10,6,1955,1,1,1,1,3,94017,M,4882980.0,248411.0,94
201500044890,15,10,7,810,2,1,1,2,1,93051,M,,,93
201500044891,15,10,7,2020,3,1,1,1,1,77083,M,,,77
201500044892,15,10,8,1150,1,1,1,1,2,77294,M,,,77
201500044893,15,10,9,717,2,1,1,1,2,94022,M,4877620.0,242689.0,94
201500044894,15,10,9,1500,1,1,1,1,4,77514,M,,,77
201500044895,15,10,10,1800,1,1,1,1,6,94018,M,4881730.0,241694.0,94
201500044896,15,10,10,2045,3,1,1,1,2,94081,M,4877400.0,240738.0,94
201500044897,15,10,10,2100,4,1,1,1,5,94028,M,4880120.0,244739.0,94
201500044898,15,10,11,1715,1,1,1,1,5,75112,M,,,75
201500044899,15,10,12,800,1,1,1,1,2,94018,M,4881890.0,240856.0,94
201500044900,15,10,12,2200,5,1,1,1,4,94069,M,4881730.0,242643.0,94
201500044901,15,10,12,2350,5,1,1,1,4,94017,M,4883060.0,249363.0,94
201500044902,15,10,14,725,5,1,1,1,3,93051,M,,,93
201500044903,15,10,15,725,2,1,1,1,2,77053,M,,,77
201500044904,15,10,15,1030,1,1,1,1,6,77373,M,,,77
201500044905,15,10,15,1130,1,1,1,2,6,77337,M,,,77
201500044906,15,10,16,900,1,1,1,1,3,94033,M,4884880.0,249150.0,94
201500044907,15,10,16,1800,1,1,1,1,3,93051,M,,,93
201500044908,15,10,17,140,4,1,1,1,6,77018,M,,,77
201500044909,15,10,17,2020,3,1,1,1,6,77181,M,,,77
201500044910,15,10,17,2140,3,1,1,1,6,77146,M,,,77
201500044911,15,10,19,920,1,1,1,1,3,94018,M,4882490.0,239322.0,94
201500044912,15,10,20,847,1,1,1,1,3,94028,M,4878170.0,244103.0,94
201500044913,15,10,22,840,1,1,1,1,4,77175,M,,,77
201500044914,15,10,22,845,1,1,1,2,2,94065,M,4875360.0,235505.0,94
201500044915,15,10,22,940,1,1,1,1,6,77169,M,4882150.0,261510.0,77
201500044916,15,10,22,940,1,1,1,1,2,94069,M,4881750.0,243210.0,94
201500044917,15,10,22,1740,1,1,1,1,2,77373,M,,,77
201500044918,15,10,23,1520,1,1,1,1,4,77514,M,,,77
201500044919,15,10,23,1640,1,1,1,1,2,94018,M,4882350.0,239513.0,94
201500044920,15,10,24,930,1,1,1,1,3,94046,M,4879820.0,244483.0,94
201500044921,15,10,25,1550,1,1,1,1,5,94028,M,4879780.0,244450.0,94
201500044922,15,10,25,1900,2,1,1,1,5,94069,M,4881730.0,244043.0,94
201500044923,15,10,26,915,1,1,1,1,3,94065,M,4875370.0,235632.0,94
201500044924,15,10,26,1005,1,1,1,1,7,77258,M,,,77
201500044925,15,10,26,1900,3,1,1,1,2,77373,M,,,77
201500044926,15,10,26,1922,5,1,1,1,7,94052,M,4883160.0,249174.0,94
201500044927,15,10,27,930,1,1,1,1,2,94065,M,4875470.0,234842.0,94
201500044928,15,10,28,745,2,1,1,2,7,94069,M,4881760.0,243769.0,94
201500044929,15,10,28,1105,1,1,1,2,2,94017,M,4882970.0,249791.0,94
201500044930,15,10,29,639,3,1,1,1,2,94015,M,4883190.0,253180.0,94
201500044931,15,10,30,1145,1,1,1,1,2,94028,M,4879570.0,244293.0,94
201500044932,15,10,30,2000,1,1,1,1,1,77122,M,,,77
201500044933,15,10,31,420,3,1,1,1,6,77122,M,,,77
201500044934,15,10,31,920,1,1,1,1,2,94081,M,4877340.0,240303.0,94
201500044935,15,10,31,1530,1,1,1,1,4,94015,M,4883250.0,253273.0,94
201500044936,15,11,1,640,2,1,1,5,6,77363,M,,,77
201500044937,15,11,1,1439,1,1,1,1,2,94028,M,4877640.0,243696.0,94
201500044938,15,11,1,1950,3,1,1,1,3,77517,M,,,77
201500044939,15,11,1,2105,3,1,1,1,4,94017,M,4882860.0,250177.0,94
201500044940,15,11,2,15,5,1,1,1,7,94017,M,4883090.0,249096.0,94
201500044941,15,11,2,1815,2,1,1,1,5,93051,M,,,93
201500044942,15,11,2,1840,3,1,1,1,2,77438,M,,,77
201500044943,15,11,3,830,2,1,1,2,2,77438,M,,,77
201500044944,15,11,3,845,1,1,1,2,3,94069,M,4881710.0,244473.0,94
201500044945,15,11,3,1810,3,1,1,1,3,94079,M,4883580.0,253994.0,94
201500044946,15,11,4,1215,1,1,1,1,3,94022,M,4877640.0,242287.0,94
201500044947,15,11,5,115,3,1,1,8,2,77514,M,,,77
201500044948,15,11,5,830,1,1,1,1,6,75112,M,,,75
201500044949,15,11,5,830,1,1,1,1,6,77438,M,,,77
201500044950,15,11,5,1315,1,1,1,1,3,94017,M,4882690.0,251275.0,94
201500044951,15,11,5,1545,1,1,1,1,1,75112,M,,,75
201500044952,15,11,6,1740,1,1,1,2,7,94069,M,4881730.0,242784.0,94
201500044953,15,11,7,1830,3,1,1,1,3,94033,M,4884940.0,249053.0,94
201500044954,15,11,7,1830,3,1,1,1,3,77337,M,,,77
201500044955,15,11,8,1940,1,1,1,1,4,94028,M,4878350.0,244074.0,94
201500044956,15,11,10,850,1,1,1,1,7,94017,M,4883090.0,249101.0,94
201500044957,15,11,10,1925,3,1,1,1,2,94046,M,4880510.0,244881.0,94
201500044958,15,11,10,2015,3,1,1,1,4,77146,M,,,77
201500044959,15,11,11,1600,1,1,1,1,7,94073,M,4876810.0,237870.0,94
201500044960,15,11,13,645,3,1,1,1,2,77083,M,,,77
201500044961,15,11,13,650,5,1,1,1,2,94017,M,4883140.0,249160.0,94
201500044962,15,11,13,1750,3,1,1,1,3,77438,M,,,77
201500044963,15,11,13,1900,5,1,1,1,3,77169,M,,,77
201500044964,15,11,14,615,1,1,1,1,6,77169,M,,,77
201500044965,15,11,15,240,5,1,1,1,6,94042,M,4882840.0,247585.0,94
201500044966,15,11,16,1750,3,1,1,1,3,77294,M,,,77