Num_Acc,an,mois,jour,hrmn,lum,agg,int,atm,col,com,gps,lat,long,dep
201500044967,15,11,17,1130,1,1,1,1,6,94011,M,4876320.0,249563.0,94
201500044968,15,11,18,810,1,1,1,1,5,94046,M,4879870.0,244528.0,94
201500044969,15,11,18,1745,2,1,1,1,3,94033,M,4885710.0,248770.0,94
201500044970,15,11,19,745,1,1,1,1,3,77438,M,,,77
201500044971,15,11,19,1300,1,1,1,2,1,77258,M,,,77
201500044972,15,11,19,1600,1,1,1,2,4,94069,M,4881730.0,242929.0,94
201500044973,15,11,19,1900,3,1,1,2,2,77373,M,,,77
201500044974,15,11,20,845,1,1,1,2,5,94028,M,4877290.0,244579.0,94
201500044975,15,11,20,1000,1,1,1,1,3,94073,M,4877230.0,239612.0,94
201500044976,15,11,20,1700,1,1,1,1,6,77373,M,,,77
201500044977,15,11,20,1820,2,1,1,2,5,94073,M,4877170.0,239356.0,94
201500044978,15,11,21,2020,3,1,1,1,4,77495,M,,,77
201500044979,15,11,22,1300,1,1,1,1,7,94069,M,4881760.0,243908.0,94
201500044980,15,11,22,1800,3,1,1,1,3,77258,M,,,77
201500044981,15,11,23,1505,1,1,1,1,4,94028,M,4878880.0,244048.0,94
201500044982,15,11,23,2130,5,1,1,1,3,94033,M,4885960.0,248583.0,94
201500044983,15,11,24,1500,1,1,1,2,6,94022,M,4877410.0,240801.0,94
201500044984,15,11,24,1650,1,1,1,3,7,94073,M,4875380.0,236993.0,94
201500044985,15,11,25,900,1,1,1,1,6,77337,M,,,77
201500044986,15,11,25,945,1,1,1,1,5,94018,M,4881920.0,240725.0,94
201500044987,15,11,25,1720,3,1,1,2,5,93051,M,,,93
201500044988,15,11,25,1800,3,1,1,2,2,94015,M,4883060.0,252982.0,94
201500044989,15,11,27,610,3,1,1,5,3,77337,M,,,77
201500044990,15,11,27,645,5,1,1,1,3,94017,M,4882650.0,251832.0,94
201500044991,15,11,27,1630,1,1,1,1,3,94028,M,4879230.0,244128.0,94
201500044992,15,11,27,1950,5,1,1,2,3,94069,M,4881720.0,244183.0,94
201500044993,15,11,28,1450,1,1,1,1,2,94028,M,4878490.0,244049.0,94
201500044994,15,11,29,2340,4,1,1,1,1,93051,M,,,93
201500044995,15,12,1,843,1,1,1,1,2,77372,M,,,77
201500044996,15,12,1,1110,1,1,1,1,2,94052,M,4883470.0,249312.0,94
201500044997,15,12,1,1620,1,1,1,1,4,94069,M,4881730.0,242929.0,94
201500044998,15,12,1,1653,2,1,1,1,5,94017,M,4882830.0,250306.0,94
201500044999,15,12,1,1820,3,1,1,1,4,94069,M,4881740.0,242226.0,94
201500045000,15,12,2,830,1,1,1,1,5,77449,M,,,77
201500045001,15,12,3,930,1,1,1,1,3,94018,M,4882230.0,239722.0,94
201500045002,15,12,4,305,3,1,1,2,6,94046,M,4881070.0,244907.0,94
201500045003,15,12,4,1100,1,1,1,1,5,77363,M,,,77
201500045004,15,12,4,2045,4,1,1,1,2,77058,M,,,77
201500045005,15,12,5,150,3,1,1,1,6,77373,M,,,77
201500045006,15,12,6,2250,5,1,1,1,5,94073,M,4875330.0,237658.0,94
201500045007,15,12,7,1720,1,1,1,1,6,77059,M,,,77
201500045008,15,12,8,1030,1,1,1,1,1,77363,M,,,77
201500045009,15,12,8,1800,4,1,1,2,3,94042,M,4882810.0,247313.0,94
201500045010,15,12,9,930,1,1,1,1,2,75112,M,,,75
201500045011,15,12,9,1840,4,1,1,5,6,77169,M,,,77
201500045012,15,12,10,220,3,1,1,5,7,77372,M,,,77
201500045013,15,12,10,1810,5,1,1,1,2,94073,M,4875570.0,238301.0,94
201500045014,15,12,11,233,5,1,1,1,2,94073,M,4877040.0,238432.0,94
201500045015,15,12,11,1405,1,1,1,1,1,77337,M,,,77
201500045016,15,12,11,1645,2,1,1,1,6,94028,M,4877980.0,244064.0,94
201500045017,15,12,11,1815,3,1,1,1,4,94069,M,4881720.0,244183.0,94
201500045018,15,12,13,635,3,1,1,1,2,77121,M,,,77
201500045019,15,12,13,645,3,1,1,1,2,94022,M,4877580.0,241375.0,94
201500045020,15,12,14,1545,1,1,1,1,5,94022,M,4877650.0,241892.0,94
201500045021,15,12,15,845,2,1,1,2,5,94022,M,4877540.0,241257.0,94
201500045022,15,12,15,1830,3,1,1,3,2,77449,M,,,77
201500045023,15,12,15,1830,2,1,1,3,2,94017,M,4882850.0,250164.0,94
201500045024,15,12,16,615,1,1,1,1,1,77337,M,,,77
201500045025,15,12,16,845,1,1,1,1,3,94028,M,4877610.0,243095.0,94
201500045026,15,12,17,510,3,1,1,1,2,77514,M,,,77
201500045027,15,12,17,1600,1,1,1,1,3,94028,M,4879320.0,244162.0,94
201500045028,15,12,17,1805,1,1,1,1,4,94028,M,4878440.0,244024.0,94
201500045029,15,12,17,1810,3,1,9,1,5,77450,M,,,77
201500045030,15,12,17,2112,5,1,1,1,7,94028,M,4877670.0,243837.0,94
201500045031,15,12,18,835,1,1,1,1,3,94069,M,4881750.0,244048.0,94
201500045032,15,12,18,1040,1,1,1,1,3,94081,M,4877390.0,240282.0,94
201500045033,15,12,18,1120,1,1,1,1,3,77294,M,,,77
201500045034,15,12,19,1645,2,1,1,1,4,94073,M,4877140.0,239221.0,94
201500045035,15,12,20,953,1,1,1,1,2,77018,M,,,77
201500045036,15,12,21,740,5,1,1,1,6,77121,M,,,77
201500045037,15,12,21,1900,2,1,1,2,4,94069,M,4881730.0,242929.0,94
201500045038,15,12,22,1315,1,1,1,1,3,77294,M,,,77
201500045039,15,12,22,1840,3,1,1,1,3,94018,M,4882040.0,240181.0,94
201500045040,15,12,23,950,1,1,1,1,7,93051,M,,,93
201500045041,15,12,23,1830,1,1,1,1,1,77059,M,,,77
201500045042,15,12,27,1600,1,1,1,1,5,93051,M,,,93
201500045043,15,12,28,1100,1,1,1,1,3,94033,M,4885940.0,248641.0,94
201500045044,15,12,28,1100,1,1,1,1,2,94033,M,4885930.0,248656.0,94
201500045045,15,12,28,1955,5,1,1,1,4,94017,M,4883090.0,248997.0,94
201500045046,15,12,29,1045,1,1,1,1,6,77337,M,,,77
201500045047,15,12,29,1212,1,1,1,1,2,94052,M,4883860.0,249352.0,94
201500045048,15,12,30,1500,1,1,1,1,4,94017,M,4882650.0,251832.0,94
201500045049,15,1,2,2315,3,1,1,1,2,92036,M,,,92
201500045050,15,1,3,430,3,1,1,1,5,95306,M,,,95
201500045051,15,1,3,700,3,1,1,2,4,93053,M,4888350.0,245873.0,93
201500045052,15,1,3,940,1,1,1,2,7,95582,M,,,95
201500045053,15,1,3,1540,1,1,1,2,7,93064,M,4888390.0,246681.0,93
201500045054,15,1,3,1745,1,1,1,2,3,93063,M,4887790.0,244592.0,93
201500045055,15,1,3,1930,1,1,1,2,7,93008,M,4889860.0,246958.0,93
201500045056,15,1,3,2005,3,1,1,2,2,95582,M,,,95
201500045057,15,12,23,1210,1,1,1,1,2,95154,M,,,95
201500045058,15,1,3,2140,3,1,1,2,7,92036,M,,,92
201500045059,15,1,4,215,3,1,1,2,7,93064,M,4888360.0,247155.0,93
201500045060,15,1,4,500,3,1,1,2,6,93078,M,4896130.0,254373.0,93
201500045061,15,1,5,820,1,1,1,2,2,95582,M,,,95
201500045062,15,1,5,840,1,1,1,1,2,95582,M,,,95
201500045063,15,1,5,920,1,1,1,1,2,95582,M,,,95
201500045064,15,1,6,40,3,1,1,2,6,95277,M,,,95
201500045065,15,1,6,1620,1,1,1,1,7,95277,M,,,95
201500045066,15,1,7,30,3,1,1,2,2,95527,M,,,95
201500045067,15,1,7,1600,1,1,1,1,7,93078,M,4896110.0,254339.0,93
201500045068,15,1,7,2130,3,1,1,2,5,95682,M,,,95
201500045069,15,1,8,445,3,1,1,2,2,60494,M,4913196.0,256071.0,60
201500045070,15,1,8,645,3,1,1,2,6,92078,M,,,92
201500045071,15,1,8,1315,1,1,1,2,7,93027,M,4892360.0,238346.0,93
201500045072,15,1,8,1730,1,1,1,2,3,95678,M,,,95
201500045073,15,1,9,810,1,1,1,2,6,95572,M,,,95
201500045074,15,1,9,1130,1,1,1,2,2,60631,M,4915252.0,258593.0,60
201500045075,15,1,9,1430,1,1,1,2,6,95527,M,,,95
201500045076,15,1,9,2200,3,1,1,2,2,95241,M,,,95
201500045077,15,1,10,1940,3,1,1,2,2,93006,M,4886450.0,241293.0,93
201500045078,15,1,10,1930,2,1,1,2,6,95277,M,4897330.0,249010.0,95
201500045079,15,1,10,2040,3,1,1,2,4,93078,M,4896660.0,251337.0,93
201500045080,15,1,10,2145,3,1,1,2,6,95365,M,,,95
201500045081,15,1,10,2342,3,1,1,2,7,93005,M,4895160.0,247401.0,93
201500045082,15,1,11,1400,1,1,1,1,7,95582,M,,,95
201500045083,15,1,12,650,3,1,1,1,5,93078,M,4896700.0,251215.0,93
201500045084,15,1,12,1820,1,1,1,1,7,93005,M,4892390.0,248068.0,93
201500045085,15,1,12,1920,2,1,1,1,5,93008,M,4889890.0,246927.0,93
201500045086,15,1,14,800,1,1,1,2,2,95582,M,,,95
201500045087,15,1,14,1300,1,1,1,2,6,95277,M,4897280.0,248720.0,95
201500045088,15,1,14,1430,1,1,1,2,3,93066,M,4892170.0,236558.0,93
201500045089,15,1,14,1900,2,1,1,1,2,93006,M,4887010.0,243030.0,93
201500045090,15,1,15,755,1,1,1,1,2,95042,M,,,95
201500045091,15,1,15,1630,1,1,1,2,4,92036,M,,,92
201500045092,15,1,15,1700,3,1,1,2,3,93078,M,4897120.0,249814.0,93
201500045093,15,1,15,2020,3,1,1,2,2,95018,M,,,95
201500045094,15,1,16,1235,1,1,1,1,6,95028,M,,,95
201500045095,15,1,16,1320,1,1,1,1,2,93048,M,4887000.0,243048.0,93
201500045096,15,12,25,1120,1,1,1,2,6,95277,M,,,95
201500045097,15,1,16,1745,5,1,1,1,1,93066,M,4891480.0,235775.0,93
201500045098,15,1,17,1700,1,1,1,1,6,95572,M,,,95
201500045099,15,1,18,350,3,1,1,1,2,95580,M,,,95
201500045100,15,1,18,810,1,1,1,1,6,95395,M,,,95
201500045101,15,1,17,2000,3,1,1,1,6,95678,M,,,95
201500045102,15,1,17,2130,3,1,1,1,6,93008,M,4889890.0,246927.0,93
201500045103,15,1,19,2100,3,1,1,1,2,93027,M,4893780.0,241322.0,93
201500045104,15,1,21,755,1,1,1,1,2,95042,M,,,95
201500045105,15,1,19,1950,2,1,9,1,2,93066,M,4890650.0,235851.0,93
201500045106,15,1,22,915,1,1,1,1,6,95527,M,,,95
201500045107,15,1,20,1815,2,1,1,1,4,95018,M,,,95
201500045108,15,1,19,900,1,1,1,1,6,95678,M,,,95
201500045109,15,1,23,1510,1,1,1,1,7,93008,M,4889470.0,247114.0,93
201500045110,15,1,24,100,3,1,1,1,3,93008,M,,,93
201500045111,15,1,24,230,3,1,1,1,6,95582,M,,,95
201500045112,15,1,24,425,3,1,1,1,3,95500,M,,,95
201500045113,15,1,24,920,1,1,1,2,6,95572,M,,,95
201500045114,15,1,24,1310,1,1,1,1,6,93005,M,4895160.0,247401.0,93
201500045115,15,1,24,1900,1,1,1,1,1,93053,M,4888930.0,247362.0,93
201500045116,15,1,23,2040,3,1,1,1,2,95582,M,,,95
201500045117,15,1,25,1445,1,1,1,1,3,95028,M,,,95
201500045118,15,1,26,10,3,1,1,1,6,95572,M,,,95
201500045119,15,1,25,2230,3,1,1,1,6,95060,M,,,95
201500045120,15,1,25,1020,1,1,1,1,6,95488,M,,,95
201500045121,15,1,26,950,1,1,1,2,6,93005,M,4895910.0,247329.0,93
201500045122,15,1,26,1700,1,1,1,2,6,95394,M,,,95
201500045123,15,1,27,1945,3,1,1,1,5,93010,M,4889390.0,247216.0,93
201500045124,15,1,27,1930,3,1,1,1,2,93064,M,4887090.0,248220.0,93
201500045125,15,1,25,300,3,1,1,1,7,92036,M,,,92
201500045126,15,1,27,2200,3,1,1,1,6,95203,M,,,95
201500045127,15,1,28,655,3,1,1,1,6,60494,M,4912127.0,255646.0,60
201500045128,15,1,26,2000,3,1,1,1,7,93064,M,4888700.0,247664.0,93
201500045129,15,1,28,1615,1,1,1,2,3,93008,M,4889470.0,247114.0,93
201500045130,15,1,28,1700,1,1,1,2,7,93064,M,4887240.0,248069.0,93
201500045131,15,1,28,1920,4,1,1,1,2,95604,M,,,95
201500045132,15,1,28,2050,3,1,1,2,2,95018,M,,,95
201500045133,15,1,29,1400,1,1,1,2,2,95252,M,,,95
201500045134,15,1,29,1700,1,1,1,1,7,92036,M,,,92
201500045135,15,1,30,830,2,1,1,1,3,93066,M,4891740.0,235752.0,93
201500045136,15,1,30,815,1,1,1,1,6,93078,M,4896410.0,252043.0,93
201500045137,15,1,30,1045,1,1,1,2,6,95018,M,,,95
201500045138,15,1,30,1640,1,1,1,1,6,95394,M,,,95
201500045139,15,1,30,1500,1,1,1,2,2,93007,M,4893220.0,248099.0,93
201500045140,15,1,30,1500,1,1,1,2,6,93007,M,,,93
201500045141,15,1,30,1407,1,1,1,1,7,93078,M,4896110.0,252518.0,93
201500045142,15,1,30,1524,1,1,1,1,2,93005,M,4894750.0,247586.0,93
201500045143,15,1,30,1546,1,1,1,1,4,93005,M,4895600.0,247308.0,93
201500045144,15,1,30,1420,1,1,1,2,7,95527,M,,,95
201500045145,15,1,31,915,1,1,1,1,7,92078,M,,,92
201500045146,15,2,1,330,5,1,1,1,6,93066,M,4891190.0,235792.0,93
201500045147,15,2,1,500,3,1,1,2,5,93078,M,4896710.0,251243.0,93
201500045148,15,2,1,1030,1,1,1,1,7,93066,M,4893000.0,236410.0,93
201500045149,15,2,1,945,1,1,1,1,6,95572,M,,,95
201500045150,15,2,1,1745,3,1,1,2,7,92036,M,,,92
201500045151,15,2,1,1500,1,1,1,2,6,92036,M,,,92
201500045152,15,2,1,1605,1,1,1,2,6,95527,M,,,95
201500045153,15,2,1,2200,4,1,1,2,6,95394,M,,,95
201500045154,15,2,2,650,3,1,1,2,4,93078,M,4895820.0,253141.0,93
201500045155,15,2,2,830,1,1,1,2,3,95018,M,,,95
201500045156,15,2,2,1230,1,1,1,1,4,92036,M,,,92
201500045157,15,2,2,1355,1,1,1,1,2,95042,M,,,95
201500045158,15,2,3,905,1,1,1,1,1,93007,M,4894840.0,244515.0,93
201500045159,15,2,3,1845,3,1,1,1,3,93027,M,4893390.0,238666.0,93
201500045160,15,2,5,1500,1,1,1,1,2,93005,M,4896060.0,246797.0,93
201500045161,15,2,6,515,3,1,1,1,6,93007,M,4892930.0,248119.0,93
201500045162,15,2,6,915,1,1,1,1,3,93005,M,4892320.0,248060.0,93
201500045163,15,2,7,245,3,1,1,1,1,93027,M,4893840.0,241496.0,93
201500045164,15,2,7,600,3,1,1,1,2,93064,M,4888660.0,247381.0,93
201500045165,15,2,7,845,1,1,1,1,7,93066,M,4892200.0,236417.0,93
201500045166,15,2,7,1700,1,1,1,1,5,95252,M,,,95
201500045167,15,2,8,240,3,1,1,1,7,93006,M,4886460.0,241233.0,93
201500045168,15,2,8,1355,1,1,1,1,2,93005,M,4896820.0,247951.0,93
201500045169,15,2,9,45,3,1,1,1,6,95203,M,4897810.0,229050.0,95
201500045170,15,2,9,130,4,1,1,1,6,95277,M,4897420.0,248910.0,95
201500045171,15,2,9,2030,4,1,1,1,6,95491,M,,,95
201500045172,15,2,9,2100,3,1,1,1,2,95154,M,,,95
201500045173,15,2,9,2100,3,1,1,1,3,95154,M,,,95
201500045174,15,2,10,1000,1,1,1,1,7,95252,M,,,95
201500045175,15,2,11,515,3,1,1,1,5,92036,M,,,92
201500045176,15,2,10,1830,5,1,1,1,6,93008,M,4889890.0,246927.0,93
201500045177,15,2,11,1820,3,1,1,1,7,93010,M,4886640.0,242400.0,93
201500045178,15,1,25,500,3,1,1,1,6,95028,M,,,95
201500045179,15,2,12,2305,3,1,1,1,5,93078,M,4895820.0,253220.0,93
201500045180,15,2,12,1030,1,1,1,1,7,95256,M,,,95
201500045181,15,2,12,1145,1,1,1,5,2,95394,M,,,95
201500045182,15,2,12,610,3,1,1,9,6,93027,M,4892560.0,239692.0,93
201500045183,15,2,14,210,5,1,1,2,7,93008,M,,,93
201500045184,15,2,14,1430,1,1,1,8,7,95488,M,,,95
201500045185,15,2,14,1410,1,1,1,2,2,93005,M,4895460.0,247344.0,93
201500045186,15,2,14,1330,1,1,1,2,6,95018,M,,,95
201500045187,15,2,14,1420,1,1,1,1,4,92078,M,,,92
201500045188,15,2,14,1520,1,1,1,2,5,93053,M,4888750.0,247427.0,93
201500045189,15,2,14,2050,3,1,1,1,2,93066,M,4893320.0,237646.0,93
201500045190,15,2,15,115,3,1,1,2,5,93027,M,,,93
201500045191,15,2,15,1730,2,1,1,1,4,95252,M,,,95
201500045192,15,2,16,1602,1,1,1,1,7,93027,M,4892660.0,240337.0,93
201500045193,15,2,17,1400,1,1,1,1,1,93066,M,4892170.0,236558.0,93
201500045194,15,2,17,1450,1,1,1,1,3,95582,M,,,95
201500045195,15,2,15,320,3,1,1,1,6,93027,M,4892230.0,237911.0,93
201500045196,15,12,27,1130,1,1,1,2,7,95028,M,,,95
201500045197,15,2,18,1430,1,1,1,1,2,95527,M,,,95
201500045198,15,2,15,345,4,1,1,1,6,93027,M,4892780.0,241018.0,93
201500045199,15,2,19,2130,3,1,1,1,3,95527,M,,,95
201500045200,15,2,20,625,3,1,1,2,7,93027,M,4892790.0,240993.0,93
201500045201,15,2,20,1145,1,1,1,2,4,93048,M,4887200.0,243323.0,93
201500045202,15,2,20,1250,1,1,1,2,6,93064,M,4887090.0,248220.0,93
201500045203,15,2,20,1630,1,1,1,1,4,95365,M,,,95
201500045204,15,2,20,1730,1,1,1,3,6,95527,M,,,95
201500045205,15,2,20,1640,1,1,1,2,6,93064,M,4887560.0,247833.0,93
201500045206,15,2,20,2030,3,1,1,1,2,93063,M,4888040.0,245136.0,93
201500045207,15,2,20,1945,3,1,1,2,4,95154,M,,,95
201500045208,15,2,21,645,3,1,1,1,6,93048,M,,,93
201500045209,15,2,21,630,4,1,1,1,7,60631,M,4915252.0,258593.0,60
201500045210,15,2,21,1345,1,1,1,1,2,93078,M,4896460.0,251938.0,93
201500045211,15,2,21,1720,1,1,1,2,6,95607,M,,,95
201500045212,15,2,21,1855,2,1,1,1,6,95394,M,,,95
201500045213,15,2,21,426,3,1,1,9,2,93064,M,,,93
201500045214,15,2,21,355,3,1,1,1,7,93066,M,4890190.0,235890.0,93
201500045215,15,2,20,2145,1,1,1,1,6,93005,M,4894720.0,247579.0,93
201500045216,15,2,20,2345,3,1,1,1,6,95365,M,,,95
201500045217,15,2,21,1600,1,1,1,2,1,93027,M,,,93
201500045218,15,2,22,705,3,1,1,1,6,95256,M,,,95
201500045219,15,2,21,1730,1,1,1,1,6,95678,M,,,95
201500045220,15,2,22,700,3,1,1,1,5,93078,M,4897170.0,249737.0,93
201500045221,15,2,23,615,1,1,1,1,3,93008,M,4890580.0,246302.0,93
201500045222,15,2,23,730,2,1,1,2,3,93029,M,4892650.0,242120.0,93
201500045223,15,2,23,700,5,1,1,1,6,93008,M,4891580.0,242996.0,93
201500045224,15,2,23,1000,1,1,1,1,2,95018,M,,,95
201500045225,15,2,23,1115,1,1,1,1,4,95675,M,,,95
201500045226,15,2,23,2010,3,1,1,1,2,95018,M,,,95
201500045227,15,2,24,1730,1,1,1,2,2,92036,M,,,92
201500045228,15,2,24,2050,3,1,1,1,2,93078,M,4895900.0,253602.0,93
201500045229,15,2,24,1130,1,1,1,1,4,95527,M,,,95
201500045230,15,2,25,405,3,1,1,1,5,93005,M,4896390.0,247479.0,93
201500045231,15,2,24,920,1,1,1,1,6,93005,M,4895600.0,247308.0,93
201500045232,15,2,18,735,2,1,1,1,6,93066,M,4893360.0,237965.0,93
201500045233,15,2,24,1230,1,1,1,8,6,95277,M,,,95
201500045234,15,2,18,900,1,1,1,1,5,93078,M,4896830.0,250791.0,93
201500045235,15,2,25,2055,3,1,1,2,5,93013,M,4893880.0,241706.0,93
201500045236,15,2,26,1100,1,1,1,2,6,95154,M,,,95
201500045237,15,2,26,2200,3,1,1,2,6,95527,M,,,95
201500045238,15,2,27,30,3,1,1,2,7,92036,M,,,92
201500045239,15,2,27,510,3,1,1,1,2,93006,M,4886780.0,242772.0,93
201500045240,15,2,27,850,1,1,1,1,2,93078,M,4897170.0,249737.0,93
201500045241,15,2,27,1825,2,1,1,1,7,95306,M,,,95
201500045242,15,2,27,1700,1,1,1,1,4,93078,M,4896130.0,254373.0,93
201500045243,15,2,27,1915,1,1,1,1,2,95277,M,4897320.0,248970.0,95
201500045244,15,2,27,2205,3,1,1,1,5,93066,M,4893260.0,237440.0,93
201500045245,15,2,28,15,4,1,1,1,6,95218,M,,,95
201500045246,15,2,28,25,5,1,1,1,2,93008,M,4890750.0,245389.0,93
201500045247,15,2,25,940,1,1,1,2,2,95582,M,,,95
201500045248,15,2,28,1432,1,1,1,1,2,93066,M,4890250.0,235886.0,93
201500045249,15,3,1,15,3,1,1,2,6,95394,M,,,95
201500045250,15,2,28,1933,3,1,1,1,4,93010,M,4888950.0,247391.0,93
201500045251,15,1,31,520,3,1,1,2,2,93064,M,4888920.0,247413.0,93
201500045252,15,3,2,1845,5,1,1,1,5,93066,M,4891570.0,235765.0,93
201500045253,15,3,2,650,3,1,1,1,3,95582,M,,,95
201500045254,15,3,3,605,3,1,1,1,4,95277,M,,,95
201500045255,15,3,3,1745,1,1,1,2,2,92036,M,,,92
201500045256,15,3,5,1945,3,1,1,1,7,93005,M,4894630.0,247621.0,93
201500045257,15,3,6,820,1,1,1,1,4,93066,M,4888850.0,247433.0,93
201500045258,15,3,6,900,1,1,1,1,4,95572,M,,,95
201500045259,15,3,6,1150,1,1,1,1,2,95527,M,,,95
201500045260,15,3,6,1730,1,1,1,1,3,95018,M,,,95
201500045261,15,3,6,1500,1,1,1,1,4,93027,M,4892560.0,239692.0,93
201500045262,15,3,6,1630,1,1,1,1,6,93053,M,4889300.0,247265.0,93
201500045263,15,3,5,930,1,1,1,1,3,95252,M,,,95
201500045264,15,2,13,1950,2,1,1,2,2,95042,M,,,95
201500045265,15,3,5,930,1,1,1,1,4,93029,M,,,93
201500045266,15,3,4,1228,1,1,1,4,2,93053,M,4888350.0,245873.0,93
201500045267,15,3,8,1640,1,1,1,1,2,95582,M,,,95
201500045268,15,3,5,1100,1,1,1,1,2,92036,M,,,92
201500045269,15,3,8,500,3,1,1,1,2,93013,M,4893880.0,241706.0,93
201500045270,15,3,9,1750,1,1,1,1,4,95678,M,,,95
201500045271,15,3,9,1500,1,1,1,1,5,93006,M,4886690.0,242545.0,93
201500045272,15,3,10,825,1,1,1,2,6,95042,M,,,95
201500045273,15,3,10,1800,2,1,1,1,1,92036,M,,,92
201500045274,15,3,10,1730,1,1,1,1,2,93066,M,4893340.0,237778.0,93
201500045275,15,3,10,1945,4,1,1,1,3,93063,M,4887850.0,244717.0,93
201500045276,15,3,11,915,1,1,1,1,5,93066,M,4892560.0,235703.0,93
201500045277,15,3,11,1630,1,1,1,1,7,93008,M,4889390.0,247179.0,93
201500045278,15,3,12,1630,1,1,1,1,7,92036,M,,,92
201500045279,15,3,12,2215,3,1,1,1,3,93063,M,4887420.0,243816.0,93
201500045280,15,3,13,750,1,1,1,1,1,93005,M,4892570.0,248122.0,93
201500045281,15,3,13,845,1,1,1,1,5,95582,M,,,95
201500045282,15,3,13,1615,1,1,1,1,3,93064,M,,,93
201500045283,15,3,13,1815,1,1,1,1,2,93010,M,4890690.0,247255.0,93
201500045284,15,3,15,600,2,1,1,1,2,93008,M,,,93
201500045285,15,3,15,530,3,1,1,1,4,93005,M,4892390.0,248068.0,93
201500045286,15,3,16,825,1,1,1,1,3,95582,M,,,95
201500045287,15,3,16,900,1,1,1,1,4,93053,M,4890790.0,235844.0,93
201500045288,15,3,16,1410,1,1,1,1,7,92036,M,,,92
201500045289,15,3,16,2305,3,1,1,1,7,93027,M,,,93
201500045290,15,3,17,645,4,1,1,1,3,93078,M,4897100.0,249979.0,93
201500045291,15,3,18,910,1,1,1,1,2,93006,M,4886580.0,241719.0,93
201500045292,15,3,18,1310,1,1,1,1,6,93027,M,4893450.0,239758.0,93
201500045293,15,3,18,1518,1,1,1,1,3,93039,M,4892690.0,233609.0,93
201500045294,15,3,19,2230,3,1,1,1,2,93064,M,,,93
201500045295,15,3,3,1237,1,1,1,1,6,95218,M,,,95
201500045296,15,3,18,1500,1,1,1,1,2,93048,M,,,93
201500045297,15,3,18,1430,1,1,1,1,3,93007,M,4892920.0,248120.0,93
201500045298,15,3,20,1420,1,1,1,1,4,93005,M,4895370.0,247364.0,93
201500045299,15,3,20,1150,1,1,1,1,3,93066,M,4893320.0,237699.0,93
201500045300,15,3,21,1045,1,1,1,1,5,93013,M,4893870.0,241625.0,93
201500045301,15,3,20,1745,1,1,1,1,4,95018,M,,,95
201500045302,15,3,20,1445,1,1,1,1,3,95256,M,,,95
201500045303,15,3,21,2000,4,1,1,1,6,93048,M,4887310.0,243592.0,93
201500045304,15,3,22,650,1,1,1,1,2,95028,M,,,95
201500045305,15,3,23,1915,1,1,1,1,2,93006,M,4886680.0,242545.0,93
201500045306,15,3,24,2250,3,1,1,2,6,93066,M,4889720.0,246951.0,93
201500045307,15,3,25,905,1,1,1,1,6,95394,M,,,95
201500045308,15,3,24,1457,1,1,1,1,6,93005,M,4891790.0,247850.0,93
201500045309,15,3,24,1820,1,1,1,1,4,93008,M,,,93
201500045310,15,3,26,1640,1,1,1,2,2,95018,M,,,95
201500045311,15,3,27,1345,1,1,1,1,1,93029,M,,,93
201500045312,15,3,26,2045,3,1,1,1,7,95060,M,,,95
201500045313,15,3,27,2030,5,1,1,1,2,95607,M,,,95
201500045314,15,3,27,1345,1,1,1,1,4,93066,M,4891830.0,235745.0,93
201500045315,15,3,27,1530,1,1,1,1,2,93066,M,4890960.0,235810.0,93
201500045316,15,3,28,1000,1,1,1,2,6,95277,M,4897350.0,248590.0,95
201500045317,15,3,28,1100,1,1,1,2,6,92078,M,,,92
201500045318,15,3,28,1130,1,1,1,2,6,93027,M,,,93
201500045319,15,3,28,2340,5,1,1,1,3,93066,M,4891390.0,235799.0,93
201500045320,15,3,29,1340,1,1,1,1,3,92078,M,,,92
201500045321,15,3,29,1400,1,1,1,1,6,95682,M,,,95
201500045322,15,3,29,1715,1,1,1,2,6,95394,M,,,95
201500045323,15,3,29,1310,1,1,1,2,3,95582,M,,,95
201500045324,15,3,29,2148,3,1,1,3,6,95572,M,,,95
201500045325,15,3,29,2025,5,1,1,2,6,92078,M,,,92
201500045326,15,3,29,2320,3,1,1,2,7,93027,M,,,93
201500045327,15,3,30,500,3,1,1,2,6,92036,M,,,92
201500045328,15,3,30,1000,1,1,1,1,3,95176,M,,,95
201500045329,15,3,30,1545,1,1,1,1,6,93053,M,4890250.0,235886.0,93
201500045330,15,3,30,2040,3,1,1,1,6,95018,M,,,95
201500045331,15,3,31,1840,1,1,1,1,2,93008,M,4892680.0,233663.0,93
201500045332,15,2,25,1315,1,1,1,1,6,95028,M,,,95
201500045333,15,4,1,1920,2,1,1,1,5,93066,M,4891480.0,235775.0,93
201500045334,15,4,1,1715,1,1,1,1,3,93010,M,4890570.0,247211.0,93
201500045335,15,4,2,1340,1,1,1,1,6,93027,M,4893810.0,241367.0,93
201500045336,15,4,2,1410,1,1,1,2,3,95582,M,,,95
201500045337,15,4,2,1630,1,1,1,2,6,93027,M,4892570.0,239669.0,93