Num_Acc,an,mois,jour,hrmn,lum,agg,int,atm,col,com,gps,lat,long,dep
201500045338,15,4,3,720,2,1,1,2,6,95151,M,,,95
201500045339,15,4,3,1215,1,1,1,1,6,95151,M,,,95
201500045340,15,4,3,1520,1,1,1,2,3,93064,M,,,93
201500045341,15,4,3,1810,1,1,1,3,2,95028,M,,,95
201500045342,15,4,3,1830,1,1,1,2,4,93053,M,,,93
201500045343,15,4,3,1750,1,1,1,2,4,93008,M,4890050.0,246998.0,93
201500045344,15,4,3,1830,1,1,1,3,2,93053,M,4889220.0,247299.0,93
201500045345,15,4,3,1700,1,1,1,2,6,93066,M,4893380.0,238236.0,93
201500045346,15,4,3,2300,3,1,1,2,6,95277,M,,,95
201500045347,15,4,4,530,3,1,1,2,7,95212,M,,,95
201500045348,15,4,5,1445,1,1,1,1,4,93066,M,4891930.0,235757.0,93
201500045349,15,4,6,45,3,1,1,1,2,93053,M,4888150.0,245406.0,93
201500045350,15,4,6,50,5,1,1,1,5,93066,M,4891030.0,235806.0,93
201500045351,15,4,7,945,1,1,1,1,2,93078,M,4895820.0,253141.0,93
201500045352,15,4,7,900,1,1,1,1,3,93063,M,4887850.0,244671.0,93
201500045353,15,4,7,1720,1,1,1,1,2,93064,M,,,93
201500045354,15,4,7,1815,1,1,1,1,3,93005,M,4896130.0,247372.0,93
201500045355,15,4,8,1550,1,1,1,1,6,95582,M,4896230.0,226360.0,95
201500045356,15,4,8,1300,1,1,1,1,3,95256,M,,,95
201500045357,15,4,8,1520,1,1,1,1,4,95678,M,,,95
201500045358,15,4,9,630,2,1,1,1,2,95641,M,,,95
201500045359,15,4,9,630,3,1,1,1,2,92036,M,,,92
201500045360,15,4,9,1510,1,1,1,1,4,92036,M,,,92
201500045361,15,4,10,1540,1,1,1,1,2,93001,M,4892170.0,237721.0,93
201500045362,15,4,10,1630,1,1,1,1,6,93005,M,4896130.0,247372.0,93
201500045363,15,4,10,1720,1,1,1,1,3,93064,M,4888450.0,247090.0,93
201500045364,15,4,11,600,3,1,1,2,6,95277,M,,,95
201500045365,15,4,13,110,3,1,1,1,6,95365,M,,,95
201500045366,15,4,12,1700,1,1,1,1,6,95018,M,,,95
201500045367,15,4,12,1900,1,1,1,1,5,93010,M,4890690.0,247255.0,93
201500045368,15,4,14,1830,1,1,1,1,2,93066,M,4891480.0,235792.0,93
201500045369,15,4,15,1815,1,1,1,1,4,93027,M,4887880.0,247652.0,93
201500045370,15,4,15,1830,1,1,1,1,4,93078,M,4896260.0,254821.0,93
201500045371,15,4,14,1830,1,1,1,1,2,95572,M,,,95
201500045372,15,4,16,1730,1,1,1,1,3,93008,M,4891260.0,243728.0,93
201500045373,15,4,16,830,1,1,1,1,4,93010,M,4889780.0,246962.0,93
201500045374,15,4,14,1155,1,1,1,1,5,93001,M,4892100.0,237188.0,93
201500045375,15,4,14,1220,1,1,1,1,2,93066,M,4891930.0,235757.0,93
201500045376,15,4,17,1400,1,1,1,1,6,95678,M,,,95
201500045377,15,4,18,250,3,1,1,1,2,93013,M,4893880.0,241706.0,93
201500045378,15,4,18,1228,1,1,1,1,2,92036,M,,,92
201500045379,15,4,18,1400,1,1,1,1,2,93048,M,4887130.0,243223.0,93
201500045380,15,4,14,1030,1,1,1,1,2,93066,M,4891030.0,235824.0,93
201500045381,15,4,18,2210,3,1,1,1,7,95394,M,,,95
201500045382,15,4,19,340,3,1,1,1,7,95252,M,,,95
201500045383,15,4,18,1545,1,1,1,1,6,95563,M,,,95
201500045384,15,4,19,1245,1,1,1,1,4,93066,M,4891930.0,235757.0,93
201500045385,15,4,19,1930,1,1,1,1,7,95241,M,,,95
201500045386,15,4,19,1630,1,1,1,1,3,95491,M,,,95
201500045387,15,4,18,1200,1,1,1,1,4,93005,M,4894320.0,247795.0,93
201500045388,15,4,18,800,1,1,1,1,4,95675,M,,,95
201500045389,15,4,21,1110,1,1,1,1,3,93053,M,4889130.0,247329.0,93
201500045390,15,4,22,1740,1,1,1,1,6,93013,M,4893870.0,241625.0,93
201500045391,15,4,22,2345,3,1,1,1,2,93063,M,4887850.0,244717.0,93
201500045392,15,4,20,1305,1,1,1,1,6,60631,M,4915252.0,258593.0,60
201500045393,15,4,24,1125,1,1,1,1,6,93029,M,,,93
201500045394,15,4,24,1800,1,1,1,1,3,93064,M,4887070.0,248247.0,93
201500045395,15,4,24,1855,1,1,1,1,2,95154,M,,,95
201500045396,15,4,24,2018,1,1,1,1,2,93007,M,,,93
201500045397,15,4,25,1845,1,1,1,1,6,95256,M,,,95
201500045398,15,4,25,1515,1,1,1,1,6,95572,M,,,95
201500045399,15,4,26,1910,1,1,1,2,6,95277,M,4897350.0,248590.0,95
201500045400,15,4,27,10,3,1,1,1,4,95306,M,,,95
201500045401,15,4,26,1930,1,1,1,2,6,95256,M,,,95
201500045402,15,4,26,2100,5,1,1,2,6,95277,M,4897380.0,248520.0,95
201500045403,15,4,26,1915,1,1,1,2,6,95527,M,,,95
201500045404,15,4,27,1520,1,1,1,1,3,60138,M,4921927.0,263400.0,60
201500045405,15,4,27,1515,1,1,1,1,3,93005,M,4897170.0,249629.0,93
201500045406,15,4,28,900,1,1,1,1,2,93066,M,4893170.0,237003.0,93
201500045407,15,4,28,815,1,1,1,1,3,93066,M,4890610.0,235836.0,93
201500045408,15,4,28,1740,1,1,1,1,2,93029,M,4891800.0,242893.0,93
201500045409,15,4,28,1740,1,1,1,1,4,95572,M,,,95
201500045410,15,4,28,1900,1,1,1,1,3,95351,M,,,95
201500045411,15,4,29,840,1,1,1,1,2,93008,M,4889370.0,247243.0,93
201500045412,15,4,29,1020,1,1,1,1,3,93066,M,4889550.0,247053.0,93
201500045413,15,4,30,940,1,1,1,2,7,92036,M,,,92
201500045414,15,4,30,1730,1,1,1,3,6,95277,M,,,95
201500045415,15,3,30,1855,1,1,1,3,7,93010,M,4889780.0,246962.0,93
201500045416,15,5,1,30,3,1,1,2,7,95028,M,,,95
201500045417,15,4,30,2055,1,1,1,3,2,93001,M,4888390.0,246943.0,93
201500045418,15,4,30,2000,1,1,1,3,6,95527,M,,,95
201500045419,15,5,1,640,1,1,1,2,6,95527,M,,,95
201500045420,15,5,1,1055,1,1,1,3,6,95277,M,,,95
201500045421,15,5,1,1605,1,1,1,2,6,93053,M,4890430.0,235870.0,93
201500045422,15,5,1,1240,1,1,1,2,6,93027,M,4887070.0,248247.0,93
201500045423,15,5,1,1300,1,1,1,2,7,93064,M,,,93
201500045424,15,5,1,1215,1,1,1,2,6,93027,M,4887070.0,248247.0,93
201500045425,15,5,1,1051,1,1,1,2,6,95365,M,,,95
201500045426,15,5,1,1300,1,1,1,2,6,93005,M,4896070.0,246789.0,93
201500045427,15,5,1,2030,1,1,1,1,2,92036,M,,,92
201500045428,15,5,2,2330,3,1,1,2,2,95252,M,,,95
201500045429,15,5,3,10,4,1,1,2,7,93064,M,,,93
201500045430,15,5,3,350,3,1,1,2,7,93008,M,,,93
201500045431,15,5,2,2015,1,1,1,3,6,95277,M,,,95
201500045432,15,5,3,630,2,1,1,3,6,95527,M,,,95
201500045433,15,5,2,1945,1,1,1,1,6,95256,M,,,95
201500045434,15,5,3,730,1,1,1,2,6,93066,M,4892380.0,235723.0,93
201500045435,15,5,3,600,3,1,1,2,7,92036,M,,,92
201500045436,15,5,2,2030,1,1,1,2,6,95018,M,,,95
201500045437,15,5,1,1410,1,1,1,2,2,95394,M,,,95
201500045438,15,5,3,1415,1,1,1,2,6,93027,M,4887880.0,247652.0,93
201500045439,15,5,3,1530,1,1,1,2,6,95394,M,,,95
201500045440,15,9,20,700,2,1,1,1,7,93005,M,,,93
201500045441,15,5,3,1430,1,1,1,2,2,93078,M,4896510.0,251829.0,93
201500045442,15,5,3,1530,1,1,1,2,7,93053,M,4888300.0,245754.0,93
201500045443,15,5,3,1700,1,1,1,1,2,93064,M,,,93
201500045444,15,5,3,1825,1,1,1,1,6,93001,M,4888320.0,247013.0,93
201500045445,15,5,4,425,3,1,1,1,2,95241,M,,,95
201500045446,15,5,2,1830,1,1,1,2,5,95582,M,,,95
201500045447,15,5,2,2025,2,1,1,2,6,93053,M,4890610.0,235855.0,93
201500045448,15,5,3,1230,1,1,1,2,6,93008,M,4889390.0,247179.0,93
201500045449,15,5,3,1145,1,1,1,2,6,93078,M,4896280.0,252229.0,93
201500045450,15,5,4,1005,1,1,1,1,2,93005,M,4893850.0,247990.0,93
201500045451,15,5,4,2000,1,1,1,2,7,93027,M,,,93
201500045452,15,5,5,205,3,1,1,1,6,93064,M,,,93
201500045453,15,5,5,700,2,1,1,1,7,93053,M,4890880.0,235836.0,93
201500045454,15,5,5,605,3,1,1,2,7,95042,M,,,95
201500045455,15,5,5,1230,1,1,1,1,4,92036,M,,,92
201500045456,15,5,3,315,3,1,1,1,6,93027,M,4887890.0,247622.0,93
201500045457,15,5,5,1630,1,1,1,1,4,93066,M,4892810.0,235794.0,93
201500045458,15,5,6,2220,3,1,1,1,2,93010,M,4888950.0,247391.0,93
201500045459,15,5,6,1915,1,1,1,1,6,93066,M,4892230.0,235873.0,93
201500045460,15,5,7,1035,1,1,1,1,2,93066,M,4888600.0,247273.0,93
201500045461,15,5,7,1400,1,1,1,1,4,93053,M,4888930.0,247362.0,93
201500045462,15,5,8,120,3,1,1,1,6,95018,M,,,95
201500045463,15,5,10,645,1,1,1,1,6,60612,M,4919349.0,260348.0,60
201500045464,15,5,10,600,5,1,1,1,6,93066,M,4891570.0,235783.0,93
201500045465,15,5,10,1340,1,1,1,1,3,95394,M,,,95
201500045466,15,5,10,1705,1,1,1,1,2,95527,M,,,95
201500045467,15,5,10,2000,1,1,1,1,7,60631,M,4915252.0,258593.0,60
201500045468,15,5,11,645,1,1,1,1,3,93078,M,4896990.0,250339.0,93
201500045469,15,5,9,1830,1,1,1,1,6,93008,M,,,93
201500045470,15,5,11,1105,1,1,1,1,6,95277,M,4897310.0,248530.0,95
201500045471,15,5,5,1550,1,1,1,1,2,95306,M,,,95
201500045472,15,5,12,830,1,1,1,1,3,93027,M,4893450.0,239693.0,93
201500045473,15,5,12,1520,1,1,1,1,6,93064,M,4888390.0,246943.0,93
201500045474,15,5,13,1730,1,1,1,1,3,93006,M,4886600.0,241584.0,93
201500045475,15,5,13,1530,1,1,1,1,7,92036,M,,,92
201500045476,15,5,14,2005,1,1,1,1,7,93006,M,4886430.0,241359.0,93
201500045477,15,5,15,1730,1,1,1,1,6,60631,M,4915252.0,258593.0,60
201500045478,15,5,15,2135,3,1,1,1,5,93010,M,4888950.0,247391.0,93
201500045479,15,5,16,1535,1,1,1,1,6,95365,M,,,95
201500045480,15,5,16,1540,1,1,1,1,7,95306,M,,,95
201500045481,15,5,16,1645,1,1,1,1,5,92036,M,,,92
201500045482,15,5,16,1715,1,1,1,1,2,95212,M,,,95
201500045483,15,5,16,1815,1,1,1,1,2,95212,M,,,95
201500045484,15,5,15,1,3,1,1,2,3,93078,M,4896220.0,252323.0,93
201500045485,15,5,17,1705,1,1,1,1,2,93066,M,4893390.0,238340.0,93
201500045486,15,5,18,1035,1,1,1,1,3,93010,M,4889690.0,246977.0,93
201500045487,15,5,18,1300,1,1,1,1,5,93010,M,4888970.0,247384.0,93
201500045488,15,5,19,845,1,1,1,1,4,93053,M,4889130.0,247329.0,93
201500045489,15,5,20,950,1,1,1,1,1,93066,M,4892190.0,236552.0,93
201500045490,15,5,20,1335,1,1,1,2,5,93053,M,4888350.0,245873.0,93
201500045491,15,5,21,1930,1,1,1,1,3,93053,M,4888390.0,246640.0,93
201500045492,15,5,22,1345,1,1,1,1,3,92078,M,,,92
201500045493,15,5,22,1800,1,1,1,1,4,93066,M,4888670.0,247349.0,93
201500045494,15,5,21,2330,3,1,1,1,3,93007,M,4895380.0,245521.0,93
201500045495,15,5,23,1055,1,1,1,1,2,93005,M,4894750.0,247586.0,93
201500045496,15,5,23,2035,1,1,1,1,2,92036,M,,,92
201500045497,15,5,26,800,1,1,1,1,2,93007,M,4895090.0,245012.0,93
201500045498,15,5,26,800,1,1,1,1,3,93066,M,4891900.0,235742.0,93
201500045499,15,5,26,1500,1,1,1,1,4,93066,M,4891930.0,235757.0,93
201500045500,15,5,28,700,1,1,1,1,4,93066,M,4893380.0,238044.0,93
201500045501,15,5,28,1555,1,1,1,1,2,93005,M,4892860.0,248147.0,93
201500045502,15,5,28,1715,1,1,1,1,5,93048,M,,,93
201500045503,15,5,28,2030,1,1,1,1,6,92078,M,,,92
201500045504,15,5,29,130,3,1,1,1,7,93005,M,4895190.0,247409.0,93
201500045505,15,5,29,2245,5,1,1,1,2,93066,M,4891030.0,235824.0,93
201500045506,15,5,30,730,1,1,1,1,7,93005,M,4894750.0,247586.0,93
201500045507,15,5,29,1645,1,1,1,1,4,95252,M,,,95
201500045508,15,5,29,1940,1,1,1,1,2,60631,M,4914397.0,257556.0,60
201500045509,15,5,30,1825,1,1,1,1,2,93008,M,,,93
201500045510,15,5,30,1940,1,1,1,1,4,92078,M,,,92
201500045511,15,5,31,1425,1,1,1,2,6,95394,M,,,95
201500045512,15,5,31,1900,1,1,1,2,6,95394,M,,,95
201500045513,15,6,1,30,3,1,1,2,6,95277,M,4897350.0,248590.0,95
201500045514,15,4,25,900,1,1,1,2,7,92036,M,,,92
201500045515,15,5,31,1830,1,1,1,8,2,95572,M,,,95
201500045516,15,6,1,800,1,1,1,1,4,93027,M,4893600.0,240476.0,93
201500045517,15,6,1,830,1,1,1,1,4,93010,M,4888930.0,247381.0,93
201500045518,15,6,1,1450,1,1,1,1,2,93006,M,4886620.0,242256.0,93
201500045519,15,6,1,1520,1,1,1,1,2,93007,M,4894360.0,243600.0,93
201500045520,15,6,2,730,1,1,1,1,4,95256,M,,,95
201500045521,15,6,3,25,3,1,1,1,6,95641,M,,,95
201500045522,15,6,3,630,1,1,1,1,2,95277,M,,,95
201500045523,15,6,3,910,1,1,1,1,6,92036,M,,,92
201500045524,15,6,3,1544,1,1,1,1,2,95018,M,,,95
201500045525,15,6,4,900,1,1,1,1,2,95252,M,,,95
201500045526,15,6,4,1000,1,1,1,1,3,95018,M,,,95
201500045527,15,6,4,820,1,1,1,1,2,95572,M,,,95
201500045528,15,6,4,930,1,1,1,1,2,93005,M,4894290.0,247791.0,93
201500045529,15,6,5,545,1,1,1,1,2,93010,M,4889890.0,246927.0,93
201500045530,15,6,5,930,1,1,1,1,6,60612,M,4920929.0,261530.0,60
201500045531,15,6,4,1810,1,1,1,1,3,93013,M,4893870.0,241625.0,93
201500045532,15,6,5,1340,1,1,1,1,5,93010,M,4888930.0,247381.0,93
201500045533,15,6,6,215,3,1,1,1,6,95572,M,,,95
201500045534,15,6,5,1625,1,1,1,1,6,95018,M,,,95
201500045535,15,6,5,1840,1,1,1,1,4,93005,M,4894720.0,247579.0,93
201500045536,15,6,5,1820,1,1,1,1,3,93027,M,4887880.0,247652.0,93
201500045537,15,6,6,1815,1,1,1,1,2,92036,M,,,92
201500045538,15,6,6,1930,1,1,1,1,6,93006,M,4886570.0,241854.0,93
201500045539,15,6,7,730,1,1,1,1,6,95277,M,4897620.0,248040.0,95
201500045540,15,6,7,505,2,1,1,1,7,93066,M,4891930.0,235757.0,93
201500045541,15,6,8,10,5,1,1,1,2,93029,M,4891880.0,242869.0,93
201500045542,15,6,7,125,3,1,1,1,3,93048,M,4887310.0,243592.0,93
201500045543,15,6,8,735,1,1,1,1,2,93029,M,,,93
201500045544,15,6,8,1500,1,1,1,1,2,93064,M,,,93
201500045545,15,6,8,1815,1,1,1,1,5,60494,M,4912475.0,255721.0,60
201500045546,15,6,8,1730,1,1,1,1,6,95018,M,,,95
201500045547,15,6,9,110,5,1,1,1,6,93008,M,,,93
201500045548,15,6,9,5,1,1,1,1,6,93063,M,4888040.0,245136.0,93
201500045549,15,6,9,1010,1,1,1,1,2,93066,M,4893340.0,237778.0,93
201500045550,15,2,23,105,4,1,1,1,6,93053,M,,,93
201500045551,15,6,9,1000,1,1,1,1,4,93030,M,4893930.0,241882.0,93
201500045552,15,6,9,1230,1,1,1,1,2,92036,M,,,92
201500045553,15,6,9,1415,1,1,1,1,7,93029,M,,,93
201500045554,15,6,9,1405,1,1,1,1,2,93029,M,4892440.0,242610.0,93
201500045555,15,6,9,1530,1,1,1,1,5,93078,M,4895850.0,253348.0,93
201500045556,15,6,9,1825,1,1,1,1,2,95491,M,,,95
201500045557,15,6,8,1700,1,1,1,1,6,93005,M,4892840.0,248129.0,93
201500045558,15,6,10,730,1,1,1,1,3,95424,M,,,95
201500045559,15,6,7,650,1,1,1,1,6,95678,M,,,95
201500045560,15,6,11,910,1,1,1,1,2,95678,M,,,95
201500045561,15,6,5,1500,1,1,1,1,4,93064,M,,,93
201500045562,15,6,11,1830,1,1,1,1,3,93010,M,4891420.0,247718.0,93
201500045563,15,6,12,2325,3,1,1,1,3,93064,M,,,93
201500045564,15,6,12,2210,2,1,1,1,7,93078,M,4895820.0,253141.0,93
201500045565,15,6,12,1217,1,1,1,1,3,60138,M,4922048.0,263708.0,60
201500045566,15,6,14,1645,1,1,1,1,4,93013,M,4893870.0,241625.0,93
201500045567,15,6,14,1838,1,1,1,1,2,93048,M,4887200.0,243323.0,93
201500045568,15,6,14,1700,1,1,1,1,6,95241,M,,,95
201500045569,15,6,14,1915,1,1,1,1,3,93005,M,4895770.0,246287.0,93
201500045570,15,6,13,1445,1,1,1,1,4,95582,M,,,95
201500045571,15,6,13,1800,1,1,1,1,2,93048,M,4887050.0,243128.0,93
201500045572,15,6,15,530,1,1,1,1,2,93064,M,,,93
201500045573,15,6,15,615,2,1,1,1,1,93066,M,4891480.0,235792.0,93
201500045574,15,6,15,1400,1,1,1,1,2,93066,M,4893080.0,236663.0,93
201500045575,15,6,15,1700,1,1,1,8,2,93053,M,4889010.0,247351.0,93
201500045576,15,6,15,1730,1,1,1,1,5,95277,M,4897390.0,248770.0,95
201500045577,15,6,16,2350,3,1,1,1,2,92078,M,,,92
201500045578,15,6,17,710,1,1,1,1,3,93027,M,4892580.0,239827.0,93
201500045579,15,6,17,1040,1,1,1,1,7,95060,M,,,95
201500045580,15,6,16,1410,1,1,1,1,2,93027,M,4893450.0,239758.0,93
201500045581,15,6,17,2155,2,1,1,1,5,93064,M,4888670.0,247983.0,93
201500045582,15,6,17,1753,1,1,1,1,6,93066,M,4888490.0,247056.0,93
201500045583,15,6,18,900,1,1,1,1,2,92036,M,,,92
201500045584,15,6,18,730,1,1,1,1,4,93027,M,4893720.0,241063.0,93
201500045585,15,6,18,2000,1,1,1,1,4,95582,M,,,95
201500045586,15,6,19,820,1,1,1,1,2,93005,M,4894320.0,247795.0,93
201500045587,15,6,15,900,1,1,1,1,2,95018,M,,,95
201500045588,15,6,18,2025,1,1,1,1,4,93029,M,,,93
201500045589,15,6,15,1000,1,1,1,1,2,95028,M,,,95
201500045590,15,6,19,1840,1,1,1,1,2,93064,M,,,93
201500045591,15,6,20,1540,1,1,1,1,1,93066,M,4892470.0,235712.0,93
201500045592,15,6,20,2000,1,1,1,1,3,95018,M,,,95
201500045593,15,6,21,315,3,1,1,1,2,95527,M,,,95
201500045594,15,6,21,1600,1,1,1,1,7,60612,M,4920615.0,261209.0,60
201500045595,15,6,21,2040,1,1,1,1,6,93066,M,4890460.0,235847.0,93
201500045596,15,6,21,445,3,1,1,1,2,95580,M,,,95
201500045597,15,6,21,2140,3,1,1,1,2,60631,M,4915261.0,258633.0,60
201500045598,15,6,21,1730,1,1,1,1,1,93048,M,4887230.0,243434.0,93
201500045599,15,6,22,930,1,1,1,1,3,93066,M,4891990.0,235735.0,93
201500045600,15,6,22,950,1,1,1,1,3,95060,M,,,95
201500045601,15,6,19,750,1,1,1,1,2,93027,M,4887240.0,248069.0,93
201500045602,15,6,22,1440,1,1,1,2,5,93005,M,,,93
201500045603,15,6,22,2235,3,1,1,3,6,95582,M,4896330.0,226560.0,95
201500045604,15,6,23,705,1,1,1,1,2,93027,M,4886460.0,248229.0,93
201500045605,15,6,23,800,1,1,1,1,2,93078,M,4896750.0,251124.0,93
201500045606,15,6,23,730,1,1,1,1,3,95252,M,,,95
201500045607,15,6,22,2010,1,1,1,1,2,60494,M,4912475.0,255721.0,60
201500045608,15,6,22,1645,1,1,1,3,6,95042,M,,,95
201500045609,15,6,23,2220,1,1,1,1,2,93066,M,4890520.0,235845.0,93
201500045610,15,6,23,1635,1,1,1,1,4,93066,M,4891930.0,235757.0,93
201500045611,15,6,24,1830,1,1,1,1,2,93078,M,4896340.0,255060.0,93
201500045612,15,6,25,815,1,1,1,1,5,92036,M,,,92
201500045613,15,6,25,1730,1,1,1,1,2,95277,M,4897580.0,248220.0,95
201500045614,15,6,25,1900,1,1,1,1,2,93078,M,4896340.0,252130.0,93
201500045615,15,6,26,1010,1,1,1,1,2,95241,M,,,95
201500045616,15,6,26,1445,1,1,1,1,3,93005,M,4894750.0,247586.0,93
201500045617,15,6,26,1700,1,1,1,1,6,93005,M,4895830.0,246392.0,93
201500045618,15,6,26,1700,1,1,1,1,2,93066,M,4890340.0,235875.0,93
201500045619,15,6,26,1915,1,1,1,1,2,95572,M,,,95
201500045620,15,6,27,900,1,1,1,1,6,93064,M,,,93
201500045621,15,6,27,1300,1,1,1,1,5,95212,M,,,95
201500045622,15,6,28,720,1,1,1,1,2,95306,M,,,95
201500045623,15,6,29,835,1,1,1,1,3,93064,M,4888520.0,248909.0,93
201500045624,15,6,29,934,1,1,1,1,6,93066,M,4888950.0,247356.0,93
201500045625,15,6,29,1732,1,1,1,1,7,95365,M,,,95
201500045626,15,6,29,2220,1,1,1,1,6,95582,M,,,95
201500045627,15,6,29,1606,1,1,1,1,3,93006,M,4886800.0,242761.0,93
201500045628,15,6,30,1210,1,1,1,1,6,93005,M,4895550.0,247335.0,93
201500045629,15,6,30,1007,1,1,1,1,2,95394,M,,,95
201500045630,15,7,1,1930,1,1,1,1,3,93027,M,4887890.0,247622.0,93
201500045631,15,7,2,1700,1,1,1,1,2,95277,M,4897280.0,248720.0,95
201500045632,15,7,2,1730,1,1,1,1,6,93064,M,4888390.0,246681.0,93
201500045633,15,7,2,1900,1,1,1,1,2,93006,M,4886840.0,242864.0,93
201500045634,15,7,1,2000,1,1,1,1,2,92078,M,,,92
201500045635,15,7,2,1210,1,1,1,1,5,92078,M,,,92
201500045636,15,7,3,730,1,1,1,1,6,95500,M,,,95
201500045637,15,7,3,2055,1,1,1,1,2,95527,M,,,95
201500045638,15,7,1,1010,1,1,1,1,2,95018,M,,,95
201500045639,15,7,5,615,1,1,1,1,6,95582,M,,,95
201500045640,15,7,4,1230,1,1,1,1,2,95580,M,,,95
201500045641,15,7,5,535,1,1,1,1,2,95256,M,,,95
201500045642,15,7,4,1800,1,1,1,1,5,93066,M,4893390.0,238390.0,93
201500045643,15,7,4,2000,1,1,1,1,4,93005,M,4894580.0,247665.0,93
201500045644,15,6,30,907,1,1,1,1,4,95500,M,,,95
201500045645,15,7,6,830,1,1,1,1,2,93066,M,4890610.0,235855.0,93
201500045646,15,7,5,1845,1,1,1,1,3,95582,M,,,95
201500045647,15,7,6,1245,1,1,1,1,7,60631,M,4915599.0,259058.0,60
201500045648,15,7,7,910,1,1,1,1,7,93027,M,4893450.0,239758.0,93
201500045649,15,7,7,1515,1,1,1,1,2,95527,M,,,95
201500045650,15,7,7,2120,1,1,1,1,7,93027,M,,,93
201500045651,15,7,8,1230,1,1,1,1,5,93053,M,4888250.0,245596.0,93
201500045652,15,7,9,500,3,1,1,1,2,95500,M,,,95
201500045653,15,7,10,805,1,1,1,1,6,95582,M,,,95
201500045654,15,7,11,711,1,1,1,1,4,92078,M,,,92
201500045655,15,7,12,20,3,1,1,1,4,95572,M,,,95
201500045656,15,7,12,1915,1,1,1,1,6,93027,M,4886390.0,248248.0,93
201500045657,15,7,13,100,3,1,1,1,2,93005,M,4895420.0,247330.0,93
201500045658,15,7,14,1200,1,1,1,1,6,93027,M,4888110.0,247457.0,93
201500045659,15,7,15,650,1,1,1,1,6,95572,M,,,95
201500045660,15,7,15,1620,1,1,1,1,2,95018,M,,,95
201500045661,15,7,15,1840,1,1,1,1,2,95256,M,,,95
201500045662,15,7,16,1745,1,1,1,1,4,93010,M,,,93
201500045663,15,7,17,235,3,1,1,1,2,93064,M,,,93
201500045664,15,7,15,1840,1,1,1,1,2,95678,M,,,95
201500045665,15,7,17,1050,1,1,1,1,4,93066,M,4891840.0,235763.0,93
201500045666,15,7,17,1220,1,1,1,1,3,93005,M,4892840.0,248129.0,93
201500045667,15,7,11,1400,1,1,1,1,7,95527,M,,,95
201500045668,15,7,10,1730,1,1,1,1,6,93066,M,4889110.0,247344.0,93
201500045669,15,7,16,1715,1,1,1,1,3,95527,M,,,95
201500045670,15,7,17,2315,3,1,1,1,5,95572,M,,,95
201500045671,15,7,17,2120,2,1,1,1,2,93053,M,4889040.0,247358.0,93
201500045672,15,7,18,257,3,1,1,1,6,93010,M,4888950.0,247391.0,93
201500045673,15,7,13,437,5,1,1,1,7,93029,M,,,93
201500045674,15,7,13,2115,3,1,1,1,4,92078,M,,,92
201500045675,15,7,19,40,3,1,1,3,6,95582,M,,,95
201500045676,15,7,19,405,5,1,1,2,2,93066,M,4890610.0,235855.0,93
201500045677,15,7,18,1235,1,1,1,1,4,95306,M,,,95
201500045678,15,7,18,1445,1,1,1,1,7,93005,M,4894490.0,247708.0,93
201500045679,15,7,20,650,2,1,1,2,7,93027,M,,,93
201500045680,15,7,22,915,1,1,1,1,7,93010,M,4888950.0,247391.0,93
201500045681,15,7,22,1430,1,1,1,1,3,93064,M,,,93
201500045682,15,7,23,507,2,1,1,1,2,60631,M,4915700.0,259170.0,60
201500045683,15,7,23,807,1,1,1,1,3,60612,M,4919532.0,260414.0,60
201500045684,15,7,23,900,1,1,1,1,4,93013,M,4893870.0,241625.0,93
201500045685,15,7,22,1740,1,1,1,1,6,95572,M,,,95
201500045686,15,7,25,925,1,1,1,2,6,93008,M,,,93
201500045687,15,7,25,245,3,1,1,2,6,95241,M,,,95
201500045688,15,7,24,1920,1,1,1,1,4,93064,M,,,93
201500045689,15,7,25,1715,1,1,1,1,6,93008,M,,,93
201500045690,15,7,25,1835,1,1,1,1,6,93010,M,4888390.0,246681.0,93
201500045691,15,7,26,1540,1,1,1,3,6,95572,M,,,95
201500045692,15,7,26,1920,1,1,1,1,6,95218,M,,,95
201500045693,15,7,24,1615,1,1,1,1,5,93013,M,4894090.0,242611.0,93
201500045694,15,7,27,730,1,1,1,2,5,93066,M,4893320.0,237699.0,93
201500045695,15,7,27,730,1,1,1,2,3,95394,M,,,95
201500045696,15,7,28,800,1,1,1,1,4,95241,M,,,95
201500045697,15,7,28,2030,2,1,1,1,3,93064,M,,,93
201500045698,15,7,28,1630,1,1,1,1,5,93005,M,4894320.0,247795.0,93
201500045699,15,7,29,1400,1,1,1,1,6,93066,M,4893290.0,237569.0,93
201500045700,15,7,29,1410,1,1,1,1,7,93066,M,4889190.0,247316.0,93
201500045701,15,7,29,1630,3,1,1,1,2,93007,M,4895150.0,245119.0,93
201500045702,15,7,24,730,1,1,1,1,6,93064,M,4888670.0,247932.0,93
201500045703,15,7,30,900,1,1,1,1,7,95527,M,,,95
201500045704,15,7,30,740,1,1,1,1,5,95018,M,,,95
201500045705,15,7,30,1715,1,1,1,1,7,95582,M,,,95
201500045706,15,7,6,800,1,1,1,1,3,92036,M,,,92
201500045707,15,7,31,900,1,1,1,1,2,95018,M,,,95
201500045708,15,7,31,1350,1,1,1,1,2,95572,M,,,95
201500045709,15,8,1,445,4,1,1,1,6,93066,M,4892340.0,235708.0,93