Num_Acc,an,mois,jour,hrmn,lum,agg,int,atm,col,com,gps,lat,long,dep
201500045710,15,8,1,1900,1,1,1,1,6,93064,M,4888670.0,247802.0,93
201500045711,15,8,2,2320,3,1,1,1,7,93066,M,4889130.0,247295.0,93
201500045712,15,8,3,650,1,1,1,1,6,93008,M,,,93
201500045713,15,8,4,615,3,1,1,2,6,95394,M,,,95
201500045714,15,8,4,810,1,1,1,1,6,95028,M,,,95
201500045715,15,8,5,810,1,1,1,1,5,93064,M,,,93
201500045716,15,8,5,1010,1,1,1,1,5,93066,M,4891030.0,235824.0,93
201500045717,15,8,5,1345,1,1,1,1,4,95527,M,,,95
201500045718,15,8,5,1530,1,1,1,1,6,95277,M,4897280.0,248720.0,95
201500045719,15,7,31,800,1,1,1,1,4,95572,M,,,95
201500045720,15,8,5,1340,1,1,1,1,2,93005,M,4891770.0,247824.0,93
201500045721,15,8,6,1830,1,1,1,1,2,95604,M,,,95
201500045722,15,7,26,715,1,1,1,1,6,95252,M,,,95
201500045723,15,8,5,1815,1,1,1,1,3,93066,M,,,93
201500045724,15,8,7,1815,1,1,1,1,7,93048,M,4887230.0,243434.0,93
201500045725,15,8,8,615,2,1,1,1,2,93027,M,4893520.0,240090.0,93
201500045726,15,8,8,1400,1,1,1,1,3,93005,M,4894750.0,247586.0,93
201500045727,15,8,7,2058,1,1,1,1,7,93005,M,4894720.0,247579.0,93
201500045728,15,8,9,950,1,1,1,1,6,92078,M,,,92
201500045729,15,8,6,1300,1,1,1,1,2,93005,M,,,93
201500045730,15,8,12,1735,1,1,1,1,6,92036,M,,,92
201500045731,15,8,13,2000,1,1,1,1,6,93027,M,,,93
201500045732,15,8,13,2010,1,1,1,2,6,93006,M,,,93
201500045733,15,8,13,2050,1,1,1,1,6,95277,M,4897350.0,248590.0,95
201500045734,15,8,14,1845,1,1,1,3,6,92036,M,,,92
201500045735,15,8,14,1700,1,1,1,1,3,93006,M,4886650.0,242387.0,93
201500045736,15,8,14,150,3,1,1,3,7,93027,M,,,93
201500045737,15,8,15,930,1,1,1,2,6,95351,M,,,95
201500045738,15,8,15,950,1,1,1,1,3,93027,M,4888110.0,247457.0,93
201500045739,15,8,15,950,1,1,1,2,1,92036,M,,,92
201500045740,15,8,15,930,1,1,1,3,6,93064,M,,,93
201500045741,15,8,15,850,1,1,1,2,2,95277,M,4897350.0,248590.0,95
201500045742,15,8,15,1030,1,1,1,1,6,93027,M,,,93
201500045743,15,7,31,845,1,1,1,1,4,95500,M,,,95
201500045744,15,8,17,1310,1,1,1,1,1,93008,M,,,93
201500045745,15,8,18,1740,1,1,1,1,3,93053,M,4889190.0,247291.0,93
201500045746,15,8,19,2035,2,1,1,1,6,95277,M,4897520.0,248460.0,95
201500045747,15,8,20,615,1,1,1,3,6,95018,M,,,95
201500045748,15,8,20,900,1,1,1,3,6,93027,M,,,93
201500045749,15,8,20,810,1,1,1,2,6,95256,M,,,95
201500045750,15,8,20,1430,1,1,1,1,2,93066,M,,,93
201500045751,15,8,22,415,3,1,1,1,7,95582,M,4896210.0,226320.0,95
201500045752,15,8,22,2125,3,1,1,1,6,95241,M,,,95
201500045753,15,8,21,1810,1,1,1,1,2,93063,M,4887470.0,243926.0,93
201500045754,15,8,20,1300,1,1,1,2,6,95256,M,,,95
201500045755,15,8,20,1020,1,1,1,3,2,95252,M,,,95
201500045756,15,8,24,1050,1,1,1,2,6,93008,M,,,93
201500045757,15,8,24,1400,1,1,1,2,6,93027,M,4888010.0,247568.0,93
201500045758,15,8,24,1520,1,1,1,2,6,93066,M,4889450.0,247181.0,93
201500045759,15,8,24,2250,3,1,1,2,2,93005,M,4896060.0,246797.0,93
201500045760,15,8,25,1210,1,1,1,1,2,95527,M,,,95
201500045761,15,8,25,1300,1,1,1,1,2,95527,M,,,95
201500045762,15,8,25,1900,1,1,1,1,2,95678,M,,,95
201500045763,15,8,26,730,1,1,1,1,3,93048,M,4887360.0,243658.0,93
201500045764,15,8,26,930,1,1,1,1,6,60241,M,4916011.0,259549.0,60
201500045765,15,8,26,300,5,1,1,1,6,95572,M,,,95
201500045766,15,8,24,900,1,1,1,3,7,95582,M,,,95
201500045767,15,8,24,800,1,1,1,2,2,95582,M,4896330.0,226620.0,95
201500045768,15,8,24,930,1,1,1,1,6,95500,M,,,95
201500045769,15,8,17,1230,1,1,1,1,7,93066,M,,,93
201500045770,15,8,28,500,3,1,1,2,6,95277,M,4897350.0,248590.0,95
201500045771,15,8,27,1230,1,1,1,2,2,95277,M,,,95
201500045772,15,8,27,1130,1,1,1,2,2,93010,M,4888930.0,247381.0,93
201500045773,15,8,27,2050,1,1,1,2,4,95500,M,,,95
201500045774,15,8,28,1400,1,1,1,1,1,92036,M,,,92
201500045775,15,8,27,1540,1,1,1,3,6,95527,M,,,95
201500045776,15,8,29,1610,1,1,1,1,2,95365,M,,,95
201500045777,15,8,28,1830,1,1,1,1,4,60631,M,4915252.0,258593.0,60
201500045778,15,8,30,1915,1,1,1,1,2,92078,M,,,92
201500045779,15,8,31,1405,1,1,1,1,7,92036,M,,,92
201500045780,15,8,31,2230,4,1,1,1,2,93027,M,4887000.0,248252.0,93
201500045781,15,8,31,2230,4,1,1,1,2,93027,M,,,93
201500045782,15,9,1,820,1,1,1,2,5,93005,M,4892410.0,248094.0,93
201500045783,15,9,1,720,1,1,1,2,2,93064,M,4888390.0,246818.0,93
201500045784,15,9,1,1230,1,1,1,1,2,95582,M,,,95
201500045785,15,9,1,1520,1,1,1,1,6,92078,M,,,92
201500045786,15,9,1,1805,1,1,1,1,5,95018,M,,,95
201500045787,15,9,1,1740,1,1,1,1,6,92078,M,,,92
201500045788,15,9,2,810,1,1,1,1,4,95277,M,4897520.0,248460.0,95
201500045789,15,9,2,840,1,1,1,1,2,93064,M,,,93
201500045790,15,9,2,850,1,1,1,1,2,95018,M,,,95
201500045791,15,9,2,1745,1,1,1,1,2,93007,M,4894560.0,243988.0,93
201500045792,15,9,6,1735,1,1,1,1,2,92036,M,,,92
201500045793,15,9,6,1810,1,1,1,1,5,92036,M,,,92
201500045794,15,9,6,2230,5,1,1,1,2,93066,M,4891210.0,235791.0,93
201500045795,15,9,6,1806,1,1,1,1,5,95212,M,,,95
201500045796,15,9,7,1302,1,1,1,1,6,95306,M,,,95
201500045797,15,9,7,2225,3,1,1,1,2,93010,M,,,93
201500045798,15,9,8,2030,4,1,1,1,6,93027,M,4887880.0,247652.0,93
201500045799,15,9,8,130,3,1,1,1,4,95018,M,,,95
201500045800,15,9,8,525,3,1,1,1,2,93006,M,4887010.0,243030.0,93
201500045801,15,9,8,1030,1,1,1,1,3,93006,M,4886650.0,242387.0,93
201500045802,15,9,2,1715,1,1,1,1,5,95572,M,,,95
201500045803,15,7,7,1130,1,1,1,1,3,93066,M,4890880.0,235818.0,93
201500045804,15,9,8,2117,4,1,1,1,4,93078,M,4896300.0,254943.0,93
201500045805,15,9,9,715,2,1,1,1,3,93027,M,4887310.0,248031.0,93
201500045806,15,9,9,845,1,1,1,1,6,93007,M,4895150.0,245100.0,93
201500045807,15,9,9,920,1,1,1,1,6,93010,M,4889690.0,246977.0,93
201500045808,15,9,8,1810,1,1,1,1,6,95277,M,4897320.0,248880.0,95
201500045809,15,9,8,1715,1,1,1,1,7,95252,M,,,95
201500045810,15,9,9,1715,1,1,1,1,4,93078,M,4896300.0,254943.0,93
201500045811,15,9,10,830,1,1,1,1,3,93063,M,4887580.0,244149.0,93
201500045812,15,9,10,1810,1,1,1,1,6,93066,M,4893000.0,236410.0,93
201500045813,15,9,11,1000,1,1,1,1,4,93066,M,4888860.0,247384.0,93
201500045814,15,9,11,1800,1,1,1,1,2,93066,M,4891030.0,235824.0,93
201500045815,15,9,12,1445,1,1,1,2,6,95394,M,,,95
201500045816,15,9,12,1530,1,1,1,2,2,95572,M,,,95
201500045817,15,9,12,2025,3,1,1,1,7,92036,M,,,92
201500045818,15,9,12,2310,3,1,1,1,6,95277,M,4897390.0,248740.0,95
201500045819,15,9,11,1855,1,1,1,1,5,92036,M,,,92
201500045820,15,9,11,2030,3,1,1,1,3,93066,M,4889520.0,247116.0,93
201500045821,15,9,13,1010,1,1,1,2,6,95028,M,,,95
201500045822,15,9,13,1050,1,1,1,3,6,95572,M,,,95
201500045823,15,9,13,1520,1,1,1,2,4,92078,M,,,92
201500045824,15,9,13,1935,1,1,1,1,3,95572,M,,,95
201500045825,15,9,13,1545,1,1,1,2,6,95277,M,4897390.0,248770.0,95
201500045826,15,9,13,1345,1,1,1,2,6,93027,M,,,93
201500045827,15,9,13,1605,1,1,1,2,6,95018,M,,,95
201500045828,15,9,13,1700,1,1,1,1,1,93066,M,4891900.0,235742.0,93
201500045829,15,9,13,245,3,1,1,1,6,95365,M,,,95
201500045830,15,9,13,2340,3,1,1,1,2,95675,M,,,95
201500045831,15,9,13,310,3,1,1,1,4,93010,M,4890190.0,247030.0,93
201500045832,15,9,14,245,5,1,1,1,6,95277,M,4897590.0,248210.0,95
201500045833,15,9,14,935,1,1,1,1,3,93066,M,4892170.0,235719.0,93
201500045834,15,9,11,1240,1,1,1,1,5,93006,M,4886640.0,241321.0,93
201500045835,15,9,14,1645,1,1,1,2,6,93053,M,4890880.0,235836.0,93
201500045836,15,9,15,1101,1,1,1,1,3,95678,M,,,95
201500045837,15,9,15,950,1,1,1,1,3,93005,M,4895420.0,247330.0,93
201500045838,15,9,15,1100,1,1,1,6,6,95028,M,,,95
201500045839,15,9,14,1735,1,1,1,1,7,93053,M,4889370.0,247213.0,93
201500045840,15,9,14,1850,1,1,1,2,6,93053,M,4890880.0,235836.0,93
201500045841,15,9,16,550,2,1,1,2,1,93078,M,4895950.0,253770.0,93
201500045842,15,9,16,600,1,1,1,2,6,93064,M,,,93
201500045843,15,9,16,715,4,1,1,1,6,95582,M,,,95
201500045844,15,9,16,630,3,1,1,2,6,95394,M,,,95
201500045845,15,9,13,1245,1,1,1,3,6,95527,M,,,95
201500045846,15,9,16,1420,1,1,1,3,4,93007,M,4894670.0,244198.0,93
201500045847,15,9,16,1345,1,1,1,2,6,95527,M,,,95
201500045848,15,9,13,410,3,1,1,1,6,95394,M,,,95
201500045849,15,9,16,2100,3,1,1,1,2,93010,M,4888930.0,247381.0,93
201500045850,15,9,17,845,1,1,1,1,3,93064,M,,,93
201500045851,15,9,17,900,1,1,1,8,6,95018,M,,,95
201500045852,15,9,17,730,1,1,1,8,6,92078,M,,,92
201500045853,15,9,17,1430,1,1,1,1,7,93066,M,4893000.0,236410.0,93
201500045854,15,9,17,1925,1,1,1,1,3,95572,M,,,95
201500045855,15,9,18,725,1,1,1,1,2,95306,M,,,95
201500045856,15,9,18,530,2,1,1,1,2,93007,M,4894740.0,244358.0,93
201500045857,15,9,18,1020,1,1,1,1,2,93066,M,4893170.0,237055.0,93
201500045858,15,9,18,1800,1,1,1,2,2,95572,M,,,95
201500045859,15,9,19,1,3,1,1,2,7,95572,M,,,95
201500045860,15,9,19,905,1,1,1,1,6,95394,M,,,95
201500045861,15,9,18,1715,1,1,1,1,4,93064,M,,,93
201500045862,15,9,20,15,3,1,1,1,5,93053,M,4889470.0,247150.0,93
201500045863,15,9,21,840,1,1,1,1,7,92036,M,,,92
201500045864,15,9,21,1500,1,1,1,1,5,93066,M,4891930.0,235757.0,93
201500045865,15,9,21,1850,1,1,1,1,4,92036,M,,,92
201500045866,15,9,22,545,3,1,1,1,6,93078,M,4896340.0,255060.0,93
201500045867,15,9,19,30,3,1,1,2,7,95582,M,4896640.0,227260.0,95
201500045868,15,9,18,2315,3,1,1,1,6,95241,M,,,95
201500045869,15,9,19,145,3,1,1,1,7,93064,M,4888700.0,247664.0,93
201500045870,15,9,22,1020,1,1,1,2,7,93005,M,,,93
201500045871,15,9,23,845,1,1,1,1,3,95582,M,,,95
201500045872,15,9,23,945,1,1,1,1,3,95582,M,,,95
201500045873,15,9,23,430,3,1,1,2,2,95424,M,,,95
201500045874,15,9,24,940,1,1,1,1,2,95028,M,,,95
201500045875,15,9,24,1930,3,1,1,2,3,95572,M,,,95
201500045876,15,9,24,2240,3,1,1,2,7,95572,M,,,95
201500045877,15,9,23,1515,1,1,1,1,1,60505,M,4916680.0,259931.0,60
201500045878,15,9,25,709,2,1,1,9,3,93053,M,4889630.0,247029.0,93
201500045879,15,9,25,945,1,1,1,1,7,93005,M,4893820.0,247979.0,93
201500045880,15,9,25,845,1,1,1,1,6,93053,M,4888390.0,246408.0,93
201500045881,15,9,25,1420,1,1,1,1,2,93007,M,4894410.0,243716.0,93
201500045882,15,9,26,30,3,1,1,1,2,93013,M,4894170.0,242923.0,93
201500045883,15,9,26,1130,1,1,1,1,2,93006,M,4886800.0,242761.0,93
201500045884,15,9,26,2325,3,1,1,1,1,92078,M,,,92
201500045885,15,9,27,1110,1,1,1,1,4,93006,M,4886610.0,242272.0,93
201500045886,15,9,28,50,3,1,1,1,4,93066,M,4891930.0,235757.0,93
201500045887,15,9,22,2200,4,1,1,2,6,95582,M,,,95
201500045888,15,9,27,1745,1,1,1,1,4,92036,M,,,92
201500045889,15,9,27,1445,1,1,1,1,2,95277,M,4897590.0,248210.0,95
201500045890,15,9,26,1830,1,1,1,1,7,95394,M,,,95
201500045891,15,9,28,930,1,1,1,1,4,95028,M,,,95
201500045892,15,9,28,930,1,1,1,1,3,93066,M,,,93
201500045893,15,9,29,1745,1,1,1,1,3,93053,M,,,93
201500045894,15,9,30,900,1,1,1,1,4,93007,M,4894730.0,244304.0,93
201500045895,15,9,29,1805,1,1,1,1,5,93013,M,4894050.0,242410.0,93
201500045896,15,9,30,1630,1,1,1,1,5,93013,M,4893880.0,241706.0,93
201500045897,15,9,30,1750,1,1,1,1,5,93063,M,4887420.0,243816.0,93
201500045898,15,10,1,1350,1,1,1,1,5,93006,M,,,93
201500045899,15,10,3,830,1,1,1,1,7,60612,M,4919349.0,260348.0,60
201500045900,15,10,2,600,3,1,1,1,6,93010,M,,,93
201500045901,15,10,2,1050,1,1,1,1,3,93013,M,,,93
201500045902,15,10,3,1130,1,1,1,1,7,60138,M,4921409.0,262312.0,60
201500045903,15,10,3,400,3,1,1,1,2,95582,M,,,95
201500045904,15,10,2,300,3,1,1,1,6,93066,M,,,93
201500045905,15,10,2,2030,5,1,1,1,2,93029,M,,,93
201500045906,15,10,3,1930,5,1,1,1,4,93013,M,,,93
201500045907,15,10,4,750,1,1,1,1,2,93006,M,,,93
201500045908,15,10,4,1410,1,1,1,1,7,93048,M,,,93
201500045909,15,10,1,2205,3,1,1,1,5,95018,M,,,95
201500045910,15,9,30,2215,3,1,1,1,4,93053,M,,,93
201500045911,15,10,4,2350,3,1,1,1,4,93063,M,,,93
201500045912,15,10,5,2230,3,1,1,1,7,95582,M,,,95
201500045913,15,10,5,2310,5,1,1,1,6,95582,M,4896250.0,226310.0,95
201500045914,15,10,5,2230,3,1,1,2,6,95277,M,4897280.0,248720.0,95
201500045915,15,10,5,2115,3,1,1,2,7,93005,M,,,93
201500045916,15,10,5,1650,1,1,1,1,3,92036,M,,,92
201500045917,15,10,5,1430,1,1,1,2,3,93053,M,,,93
201500045918,15,10,6,1113,1,1,1,3,4,95675,M,,,95
201500045919,15,10,4,1240,1,1,1,1,2,95018,M,,,95
201500045920,15,10,6,1400,1,1,1,1,2,92036,M,,,92
201500045921,15,10,6,2325,3,1,1,1,2,93064,M,,,93
201500045922,15,10,7,130,4,1,1,1,2,60138,M,4921927.0,263400.0,60
201500045923,15,10,7,2155,3,1,1,1,2,95582,M,,,95
201500045924,15,9,23,1000,1,1,1,1,5,95582,M,,,95
201500045925,15,10,2,1400,1,1,1,1,5,93048,M,,,93
201500045926,15,10,5,600,3,1,1,1,5,92036,M,,,92
201500045927,15,10,5,800,2,1,1,1,2,60631,M,4914813.0,258054.0,60
201500045928,15,9,29,830,1,1,1,1,7,95582,M,,,95
201500045929,15,9,29,830,1,1,1,1,7,95582,M,,,95
201500045930,15,9,22,1,3,1,1,2,6,95394,M,,,95
201500045931,15,10,9,915,1,1,1,1,2,93007,M,,,93
201500045932,15,10,5,700,1,1,1,1,5,95582,M,,,95
201500045933,15,10,5,900,1,1,1,1,5,93039,M,,,93
201500045934,15,10,2,1700,1,1,1,1,6,93048,M,,,93
201500045935,15,10,2,1930,3,1,1,1,3,95018,M,,,95
201500045936,15,10,3,1937,1,1,1,1,3,93048,M,,,93
201500045937,15,10,9,1835,1,1,1,1,2,95256,M,,,95
201500045938,15,10,8,1445,1,1,1,1,6,95394,M,,,95
201500045939,15,10,10,2050,3,1,1,1,6,93066,M,,,93
201500045940,15,10,12,705,2,1,1,1,5,93005,M,,,93
201500045941,15,8,21,1010,1,1,1,1,3,95572,M,,,95
201500045942,15,10,12,1345,1,1,1,1,2,93010,M,,,93
201500045943,15,10,12,1615,1,1,1,1,5,93066,M,,,93
201500045944,15,9,21,1140,1,1,1,1,3,93053,M,4889300.0,247265.0,93
201500045945,15,10,12,1015,1,1,1,1,3,93066,M,,,93
201500045946,15,10,13,1000,1,1,1,1,3,93066,M,,,93
201500045947,15,10,13,1220,1,1,1,1,2,93010,M,,,93
201500045948,15,10,13,1530,1,1,1,1,4,95176,M,,,95
201500045949,15,10,13,2300,4,1,1,1,6,95018,M,,,95
201500045950,15,9,29,1405,1,1,1,1,2,92036,M,,,92
201500045951,15,10,14,840,1,1,1,1,3,95018,M,,,95
201500045952,15,10,14,550,3,1,1,1,2,95018,M,,,95
201500045953,15,10,14,700,3,1,1,1,2,95252,M,,,95
201500045954,15,10,14,950,1,1,1,1,2,93078,M,,,93
201500045955,15,10,14,2120,3,1,1,2,6,95154,M,,,95
201500045956,15,10,14,2300,3,1,1,1,6,95018,M,,,95
201500045957,15,10,15,715,5,1,1,2,5,95212,M,,,95
201500045958,15,10,16,1020,1,1,1,2,3,95582,M,4896530.0,227140.0,95
201500045959,15,10,16,1415,1,1,1,2,7,95365,M,,,95
201500045960,15,10,16,1435,1,1,1,2,4,93066,M,,,93
201500045961,15,10,16,1100,1,1,1,2,1,93027,M,,,93
201500045962,15,10,17,1400,1,1,1,1,6,93064,M,,,93
201500045963,15,10,17,1740,1,1,1,2,6,93064,M,,,93
201500045964,15,10,18,2228,3,1,1,1,1,93066,M,,,93
201500045965,15,10,19,2027,3,1,1,1,7,93053,M,,,93
201500045966,15,10,20,700,3,1,1,1,2,95277,M,4897610.0,248150.0,95
201500045967,15,10,20,2130,3,1,1,1,5,95365,M,,,95
201500045968,15,10,21,715,3,1,1,1,6,93005,M,,,93
201500045969,15,10,20,1830,1,1,1,1,2,93006,M,,,93
201500045970,15,9,13,220,3,1,1,2,6,93005,M,4886460.0,241233.0,93
201500045971,15,10,20,1830,1,1,1,1,3,93066,M,,,93
201500045972,15,10,22,610,2,1,1,2,3,93027,M,,,93
201500045973,15,10,22,645,3,1,1,2,4,93010,M,,,93
201500045974,15,10,22,740,3,1,1,2,6,95682,M,,,95
201500045975,15,10,22,2150,3,1,1,1,6,95018,M,,,95
201500045976,15,10,23,1530,1,1,1,1,6,95582,M,,,95
201500045977,15,10,25,820,1,1,1,1,3,95641,M,,,95
201500045978,15,10,25,1945,3,1,1,1,4,95580,M,,,95
201500045979,15,10,26,745,3,1,1,1,2,93027,M,,,93
201500045980,15,10,27,730,1,1,1,1,4,93010,M,,,93
201500045981,15,10,27,715,1,1,1,1,3,93013,M,,,93
201500045982,15,10,26,1900,2,1,1,1,6,95641,M,,,95
201500045983,15,10,27,2040,4,1,1,2,2,95527,M,,,95
201500045984,15,10,27,1625,1,1,1,1,2,95277,M,,,95
201500045985,15,9,28,1130,1,1,1,1,4,92036,M,,,92
201500045986,15,10,28,1700,1,1,1,1,6,95572,M,,,95
201500045987,15,10,28,1840,3,1,1,1,2,93063,M,,,93
201500045988,15,10,28,940,1,1,1,1,4,93064,M,,,93
201500045989,15,10,28,730,2,1,1,1,2,95212,M,,,95
201500045990,15,10,28,1035,1,1,1,1,5,95212,M,,,95
201500045991,15,10,28,1100,1,1,1,1,7,93053,M,,,93
201500045992,15,10,29,845,1,1,1,1,1,93005,M,,,93
201500045993,15,10,29,1520,1,1,1,1,6,93027,M,,,93
201500045994,15,10,30,120,3,1,1,1,3,93066,M,,,93
201500045995,15,10,30,1835,5,1,1,1,2,93029,M,,,93
201500045996,15,10,30,730,3,1,1,1,5,93005,M,,,93
201500045997,15,10,31,1040,1,1,1,1,3,95277,M,,,95
201500045998,15,10,31,430,3,1,1,1,6,93013,M,,,93
201500045999,15,11,2,608,2,1,1,5,7,95572,M,,,95
201500046000,15,11,2,1400,1,1,1,1,4,95527,M,,,95
201500046001,15,11,2,1430,1,1,1,1,6,95351,M,,,95
201500046002,15,11,1,1330,1,1,1,1,6,95018,M,,,95
201500046003,15,11,3,1715,1,1,1,1,2,93027,M,,,93
201500046004,15,11,4,1045,1,1,1,2,7,93008,M,,,93
201500046005,15,10,22,1940,1,1,1,1,2,95218,M,,,95
201500046006,15,11,4,1320,1,1,1,1,6,95527,M,,,95
201500046007,15,11,4,2115,3,1,1,2,3,93027,M,,,93
201500046008,15,11,4,2245,3,1,1,1,2,95607,M,,,95
201500046009,15,11,4,1915,5,1,1,1,2,93048,M,,,93
201500046010,15,11,5,1845,1,1,1,1,5,95488,M,,,95
201500046011,15,11,6,1600,1,1,1,2,2,95394,M,,,95
201500046012,15,11,6,1755,3,1,1,2,2,93078,M,,,93
201500046013,15,11,6,2130,3,1,1,2,6,95678,M,,,95
201500046014,15,11,6,2215,3,1,1,1,6,93005,M,,,93
201500046015,15,11,7,210,3,1,1,1,2,93027,M,,,93
201500046016,15,11,7,405,3,1,1,1,6,95219,M,,,95
201500046017,15,11,3,930,1,1,1,1,3,93006,M,,,93
201500046018,15,11,8,325,3,1,1,1,2,93078,M,,,93
201500046019,15,11,8,945,1,1,1,1,6,95527,M,,,95
201500046020,15,11,7,1825,3,1,1,1,4,95500,M,,,95
201500046021,15,10,28,920,1,1,1,1,6,95394,M,,,95
201500046022,15,11,9,1400,1,1,1,1,4,93066,M,,,93
201500046023,15,11,10,930,1,1,1,1,7,93064,M,,,93
201500046024,15,11,10,1830,3,1,1,1,5,93010,M,,,93
201500046025,15,11,10,1500,1,1,1,1,4,93007,M,,,93
201500046026,15,11,11,1445,1,1,1,1,6,95488,M,,,95
201500046027,15,11,7,150,3,1,1,9,6,95256,M,,,95
201500046028,15,11,11,2345,3,1,1,1,7,92036,M,,,92
201500046029,15,11,12,945,1,1,1,1,4,95678,M,,,95
201500046030,15,11,12,1500,1,1,1,1,4,93005,M,,,93
201500046031,15,11,12,1810,3,1,1,1,2,95277,M,,,95
201500046032,15,10,8,1830,1,1,1,1,4,95582,M,,,95
201500046033,15,11,10,1045,1,1,1,1,4,95527,M,,,95
201500046034,15,11,13,250,4,1,1,1,6,93078,M,,,93
201500046035,15,11,14,1725,3,1,1,2,4,95572,M,,,95
201500046036,15,11,14,2210,4,1,1,1,6,95219,M,,,95
201500046037,15,10,28,1130,1,1,1,2,6,95394,M,,,95
201500046038,15,11,10,1200,1,1,1,1,2,95018,M,,,95
201500046039,15,11,15,420,3,1,1,1,5,93063,M,,,93
201500046040,15,11,13,1850,3,1,1,1,3,95572,M,,,95
201500046041,15,11,15,1845,3,1,1,1,6,95491,M,,,95
201500046042,15,11,15,1320,1,1,1,1,6,95277,M,,,95
201500046043,15,11,15,2215,3,1,1,1,4,93013,M,,,93
201500046044,15,11,14,1630,1,1,1,1,2,93005,M,,,93
201500046045,15,11,15,1254,1,1,1,1,6,93066,M,,,93
201500046046,15,11,16,855,1,1,1,1,2,93001,M,,,93
201500046047,15,11,16,1930,3,1,1,1,2,93008,M,,,93
201500046048,15,11,17,420,3,1,1,1,7,93005,M,,,93
201500046049,15,11,17,830,1,1,1,1,6,93064,M,,,93
201500046050,15,11,17,645,3,1,1,2,3,95582,M,,,95
201500046051,15,11,17,700,2,1,1,2,5,93078,M,,,93
201500046052,15,11,17,800,1,1,1,2,3,93007,M,,,93
201500046053,15,11,17,700,3,1,1,2,5,93005,M,,,93
201500046054,15,11,17,1050,1,1,1,1,2,93013,M,,,93
201500046055,15,11,17,1035,1,1,1,1,6,95394,M,,,95
201500046056,15,11,17,1700,3,1,1,2,6,93053,M,,,93
201500046057,15,11,17,1655,1,1,1,2,3,95582,M,,,95
201500046058,15,11,17,2325,3,1,1,1,7,95151,M,,,95
201500046059,15,11,18,1440,1,1,1,1,3,95277,M,,,95
201500046060,15,11,18,2325,4,1,1,1,6,95028,M,,,95
201500046061,15,11,19,1315,1,1,1,2,6,95582,M,,,95
201500046062,15,11,19,2100,5,1,1,2,7,93008,M,,,93
201500046063,15,11,20,25,4,1,1,1,7,92036,M,,,92
201500046064,15,11,20,910,1,1,1,2,6,95555,M,4896950.0,227520.0,95
201500046065,15,11,20,1000,1,1,1,2,2,95151,M,,,95
201500046066,15,11,20,1205,1,1,1,3,6,95527,M,,,95
201500046067,15,11,16,1115,1,1,1,1,3,93013,M,,,93
201500046068,15,11,10,935,1,1,1,1,4,93010,M,,,93
201500046069,15,11,21,130,4,1,1,2,7,95572,M,,,95
201500046070,15,11,21,1820,3,1,1,2,6,93027,M,,,93
201500046071,15,11,21,1930,4,1,1,1,4,95256,M,,,95
201500046072,15,11,21,2230,3,1,1,1,6,95582,M,,,95
201500046073,15,11,21,2100,3,1,1,8,6,93053,M,,,93
201500046074,15,10,21,1930,3,1,1,1,4,95256,M,,,95
201500046075,15,11,21,1320,1,1,1,1,3,95572,M,,,95
201500046076,15,11,24,1505,1,1,1,2,5,95176,M,,,95
201500046077,15,11,25,850,1,1,1,1,2,93027,M,,,93
201500046078,15,11,25,940,1,1,1,1,3,95277,M,,,95
201500046079,15,11,25,830,1,1,1,1,5,93027,M,,,93
201500046080,15,11,25,839,1,1,1,1,6,95491,M,,,95
201500046081,15,11,25,930,1,1,1,2,6,93006,M,,,93
201500046082,15,11,25,1015,1,1,1,1,6,93006,M,,,93
201500046083,15,11,26,50,3,1,1,1,7,95555,M,4897080.0,227560.0,95
201500046084,15,11,25,2215,3,1,1,2,2,93064,M,,,93
201500046085,15,11,26,915,1,1,1,1,6,93066,M,,,93
201500046086,15,11,26,820,1,1,1,1,2,95678,M,,,95
201500046087,15,11,13,1930,3,1,1,1,4,93066,M,,,93
201500046088,15,11,28,130,3,1,1,2,7,93053,M,,,93
201500046089,15,11,28,615,3,1,1,1,6,95277,M,4897390.0,248770.0,95
201500046090,15,11,28,910,1,1,1,1,6,93005,M,,,93
201500046091,15,11,27,1810,3,1,1,1,2,93010,M,,,93
201500046092,15,11,29,530,3,1,1,2,6,93005,M,,,93
201500046093,15,11,28,1900,2,1,1,8,2,92036,M,,,92
201500046094,15,11,29,1445,1,1,1,1,6,93064,M,,,93
201500046095,15,11,30,1240,1,1,1,1,5,93008,M,,,93
201500046096,15,11,30,1830,5,1,1,1,3,93008,M,,,93
201500046097,15,12,1,510,3,1,1,1,2,93066,M,,,93
201500046098,15,12,1,855,1,1,1,1,3,93029,M,,,93
201500046099,15,12,1,1847,1,1,1,1,2,93005,M,,,93
201500046100,15,11,16,840,1,1,1,1,2,95582,M,4896820.0,227430.0,95
201500046101,15,12,1,1635,1,1,1,1,2,92036,M,,,92
201500046102,15,12,3,935,1,1,1,1,3,95582,M,,,95
201500046103,15,12,3,1455,1,1,1,1,5,93010,M,,,93
201500046104,15,12,3,1830,3,1,1,1,2,95277,M,,,95
201500046105,15,12,2,1830,3,1,1,1,6,93005,M,,,93
201500046106,15,12,2,2000,3,1,1,1,2,93039,M,,,93
201500046107,15,12,4,1345,1,1,1,1,4,93053,M,,,93
201500046108,15,12,4,1420,1,1,1,1,4,93005,M,,,93
201500046109,15,12,4,1700,1,1,1,1,2,93005,M,,,93