Num_Acc,an,mois,jour,hrmn,lum,agg,int,atm,col,com,gps,lat,long,dep
201500046110,15,12,4,1935,3,1,1,1,5,95641,M,,,95
201500046111,15,12,5,415,4,1,1,1,2,93073,M,,,93
201500046112,15,12,4,1800,1,1,1,1,3,93001,M,,,93
201500046113,15,12,5,1605,1,1,1,1,3,93053,M,,,93
201500046114,15,12,6,630,3,1,1,1,2,92036,M,,,92
201500046115,15,12,6,645,3,1,1,1,2,92036,M,,,92
201500046116,15,12,6,955,1,1,1,9,7,93063,M,,,93
201500046117,15,12,6,1605,1,1,1,1,6,95351,M,,,95
201500046118,15,12,6,1850,3,1,1,1,2,95582,M,,,95
201500046119,15,12,6,1940,3,1,1,1,2,95500,M,,,95
201500046120,15,12,5,1945,3,1,1,1,4,95582,M,,,95
201500046121,15,12,4,1145,1,1,1,1,2,93005,M,,,93
201500046122,15,12,7,1640,1,1,1,1,3,93064,M,,,93
201500046123,15,12,8,1810,3,1,1,1,3,93063,M,,,93
201500046124,15,12,8,2200,3,1,1,1,6,93007,M,,,93
201500046125,15,12,7,1930,3,1,1,1,4,93053,M,,,93
201500046126,15,12,9,2020,3,1,1,1,6,95491,M,,,95
201500046127,15,12,10,1705,2,1,1,1,5,93008,M,,,93
201500046128,15,10,25,735,1,1,1,1,6,95252,M,,,95
201500046129,15,12,11,1420,1,1,1,1,2,95018,M,,,95
201500046130,15,12,11,1750,3,1,1,2,4,93066,M,,,93
201500046131,15,12,12,1810,3,1,1,1,2,92036,M,,,92
201500046132,15,12,12,2030,3,1,1,1,6,95394,M,,,95
201500046133,15,12,14,800,2,1,1,1,2,95256,M,,,95
201500046134,15,12,14,820,2,1,1,1,2,95252,M,,,95
201500046135,15,12,14,1045,1,1,1,1,6,95028,M,,,95
201500046136,15,12,14,1130,1,1,1,1,3,92036,M,,,92
201500046137,15,12,9,1830,3,1,1,1,4,95582,M,,,95
201500046138,15,12,11,930,1,1,1,1,3,93005,M,,,93
201500046139,15,12,15,1250,1,1,1,1,3,95277,M,4897410.0,249040.0,95
201500046140,15,12,5,2210,3,1,1,1,7,93053,M,,,93
201500046141,15,12,13,5,3,1,1,1,6,95154,M,,,95
201500046142,15,12,13,255,3,1,1,1,2,93053,M,,,93
201500046143,15,12,15,1920,3,1,1,3,6,95060,M,,,95
201500046144,15,12,16,1420,1,1,1,1,3,95527,M,,,95
201500046145,15,12,15,1850,3,1,1,3,4,93039,M,,,93
201500046146,15,12,17,730,3,1,1,1,3,95582,M,,,95
201500046147,15,12,17,900,1,1,1,1,2,93006,M,,,93
201500046148,15,12,17,900,1,1,1,1,3,95028,M,,,95
201500046149,15,12,17,1810,5,1,1,1,6,93027,M,,,93
201500046150,15,12,18,1740,5,1,1,1,2,95582,M,4896410.0,226840.0,95
201500046151,15,12,18,1830,3,1,1,1,4,95018,M,,,95
201500046152,15,12,19,300,5,1,1,1,2,93027,M,,,93
201500046153,15,12,20,325,3,1,1,1,6,93066,M,,,93
201500046154,15,12,20,810,2,1,1,1,6,93013,M,,,93
201500046155,15,12,20,810,1,1,1,1,2,93066,M,,,93
201500046156,15,12,19,1900,4,1,1,1,2,93066,M,,,93
201500046157,15,12,20,1400,1,1,1,1,6,95277,M,4897590.0,248150.0,95
201500046158,15,12,20,1800,5,1,1,1,7,60612,M,4919891.0,260612.0,60
201500046159,15,12,21,1330,1,1,1,1,2,95252,M,,,95
201500046160,15,12,22,1820,3,1,1,1,2,93073,M,,,93
201500046161,15,12,23,545,3,1,1,2,1,93005,M,,,93
201500046162,15,12,22,2000,3,1,1,1,5,93005,M,,,93
201500046163,15,12,23,1600,1,1,1,1,6,93063,M,,,93
201500046164,15,12,23,1920,3,1,1,1,4,95018,M,,,95
201500046165,15,12,24,1630,1,1,1,1,2,93005,M,,,93
201500046166,15,12,24,1900,3,1,1,2,2,95488,M,,,95
201500046167,15,12,25,1130,1,1,1,1,6,93027,M,,,93
201500046168,15,11,7,1940,3,1,1,1,4,95527,M,,,95
201500046169,15,12,25,1500,1,1,1,2,6,93078,M,,,93
201500046170,15,12,26,950,1,1,1,1,6,95018,M,,,95
201500046171,15,12,27,300,4,1,1,1,2,95604,M,,,95
201500046172,15,12,27,1150,1,1,1,1,2,93005,M,,,93
201500046173,15,12,27,1615,1,1,1,1,6,95219,M,,,95
201500046174,15,12,27,1750,3,1,1,1,4,95607,M,,,95
201500046175,15,12,28,110,3,1,1,1,6,60631,M,4914340.0,257517.0,60
201500046176,15,12,25,410,3,1,1,2,4,95582,M,,,95
201500046177,15,12,29,830,1,1,1,2,3,95277,M,,,95
201500046178,15,12,29,1530,1,1,1,1,5,93005,M,,,93
201500046179,15,12,29,1040,1,1,1,2,6,95394,M,,,95
201500046180,15,12,31,210,3,1,1,2,6,95527,M,,,95
201500046181,15,12,30,2000,3,1,1,1,6,95641,M,,,95
201500046182,15,12,31,815,2,1,1,1,6,93027,M,,,93
201500046183,15,12,30,430,2,1,1,1,4,93027,M,,,93
201500046184,15,12,22,1250,1,1,1,1,4,93066,M,,,93
201500046185,15,1,1,1,3,1,1,9,6,92064,M,,,92
201500046186,15,1,1,745,3,1,1,1,7,78455,M,,,78
201500046187,15,1,1,1955,3,1,1,1,3,78640,M,,,78
201500046188,15,1,2,1230,1,1,1,2,6,78571,M,,,78
201500046189,15,1,4,850,1,1,1,8,6,92063,M,,,92
201500046190,15,1,4,1310,1,1,1,1,2,75116,M,,,75
201500046191,15,1,5,1830,3,1,1,5,6,78242,M,,,78
201500046192,15,1,7,2030,3,1,1,1,6,92036,M,,,92
201500046193,15,1,8,850,1,1,1,8,2,92062,M,,,92
201500046194,15,1,8,1000,1,1,1,5,7,78208,M,,,78
201500046195,15,1,8,1710,2,1,1,1,3,92050,M,,,92
201500046196,15,1,8,1905,3,1,1,2,7,78073,M,,,78
201500046197,15,1,10,2038,5,1,1,2,7,92064,M,,,92
201500046198,15,1,13,800,2,1,1,1,2,78418,M,,,78
201500046199,15,1,13,1430,1,1,1,1,2,92050,M,,,92
201500046200,15,1,13,1615,1,1,1,3,3,78646,M,,,78
201500046201,15,1,13,1800,5,1,1,1,4,78640,M,,,78
201500046202,15,1,14,700,3,1,1,8,6,92047,M,,,92
201500046203,15,1,14,1005,1,1,1,2,3,92047,M,,,92
201500046204,15,1,14,1220,1,1,1,1,7,92076,M,,,92
201500046205,15,1,14,1345,1,1,1,1,6,78402,M,,,78
201500046206,15,1,16,1627,3,1,1,2,6,78217,M,,,78
201500046207,15,1,17,655,3,1,1,1,6,78043,M,,,78
201500046208,15,1,18,603,1,1,1,1,6,92064,M,,,92
201500046209,15,1,18,1836,3,1,1,2,2,78029,M,,,78
201500046210,15,1,20,1802,3,1,1,8,3,92064,M,,,92
201500046211,15,1,21,827,1,1,1,1,6,92048,M,,,92
201500046212,15,1,22,755,1,1,1,1,7,78640,M,,,78
201500046213,15,1,24,412,3,1,1,8,5,78455,M,,,78
201500046214,15,1,24,1213,1,1,1,1,6,92064,M,,,92
201500046215,15,1,24,1431,1,1,1,1,2,78640,M,,,78
201500046216,15,1,25,135,3,1,1,1,3,78206,M,,,78
201500046217,15,1,25,802,3,1,1,1,6,92072,M,,,92
201500046218,15,1,25,949,1,1,1,1,6,92064,M,,,92
201500046219,15,1,25,1953,5,1,1,1,6,78322,M,,,78
201500046220,15,1,26,854,5,1,1,9,7,92062,M,,,92
201500046221,15,1,28,1302,1,1,1,2,2,92064,M,,,92
201500046222,15,1,28,1840,3,1,1,2,2,78073,M,,,78
201500046223,15,1,29,1606,1,1,1,3,6,92072,M,,,92
201500046224,15,1,30,1055,1,1,1,1,5,92062,M,,,92
201500046225,15,1,30,1237,1,1,1,4,3,92025,M,,,92
201500046226,15,1,30,1550,1,1,9,9,7,78640,M,,,78
201500046227,15,1,30,2032,5,1,1,1,5,78206,M,,,78
201500046228,15,2,1,1857,1,1,1,1,2,92025,M,,,92
201500046229,15,2,1,1900,3,1,1,1,6,78402,M,,,78
201500046230,15,2,1,2342,4,1,1,9,6,92036,M,,,92
201500046231,15,2,2,1011,1,1,1,2,2,92050,M,,,92
201500046232,15,2,3,815,1,1,1,1,4,78007,M,,,78
201500046233,15,2,3,838,1,1,1,1,3,92062,M,,,92
201500046234,15,2,3,2045,3,1,1,1,2,78646,M,,,78
201500046235,15,2,4,225,3,1,1,1,6,92025,M,,,92
201500046236,15,2,4,407,5,1,1,1,6,78362,M,,,78
201500046237,15,2,4,1105,1,1,1,1,1,78490,M,,,78
201500046238,15,2,4,1850,1,1,1,1,2,75116,M,,,75
201500046239,15,2,4,2258,3,1,1,1,2,92036,M,,,92
201500046240,15,2,5,805,1,1,1,1,2,92036,M,,,92
201500046241,15,2,6,816,1,1,1,1,3,92048,M,,,92
201500046242,15,2,6,1651,1,1,1,1,3,78640,M,,,78
201500046243,15,2,6,1853,3,1,1,1,4,78126,M,,,78
201500046244,15,2,7,210,5,1,1,1,4,92026,M,,,92
201500046245,15,2,7,420,4,1,1,1,2,92050,M,,,92
201500046246,15,2,7,1342,1,1,1,1,5,92036,M,,,92
201500046247,15,2,8,757,1,1,1,1,6,92050,M,,,92
201500046248,15,2,8,824,1,1,1,1,6,78007,M,,,78
201500046249,15,2,9,732,5,1,1,1,2,92050,M,,,92
201500046250,15,2,9,754,2,1,1,1,6,78362,M,,,78
201500046251,15,2,9,1215,1,1,1,1,2,78466,M,,,78
201500046252,15,2,9,1750,2,1,1,1,3,78423,M,,,78
201500046253,15,2,10,1510,1,1,1,1,6,92050,M,,,92
201500046254,15,2,10,1930,3,1,1,1,5,75116,M,,,75
201500046255,15,2,11,631,3,1,1,1,2,78498,M,,,78
201500046256,15,2,11,1142,1,1,1,1,2,92064,M,,,92
201500046257,15,2,12,607,3,1,1,1,2,92025,M,,,92
201500046258,15,2,15,1310,1,1,1,1,2,78402,M,,,78
201500046259,15,2,15,2115,5,1,1,1,1,78672,M,,,78
201500046260,15,2,16,30,3,1,1,1,7,92050,M,,,92
201500046261,15,2,16,830,1,1,1,1,7,78322,M,,,78
201500046262,15,2,17,1905,3,1,1,1,2,78646,M,,,78
201500046263,15,2,19,35,3,1,1,5,6,78029,M,,,78
201500046264,15,2,20,819,1,1,1,2,2,92048,M,,,92
201500046265,15,2,20,952,1,1,1,1,6,92051,M,,,92
201500046266,15,2,20,1259,1,1,1,2,4,92064,M,,,92
201500046267,15,2,20,1528,1,1,1,2,7,92064,M,,,92
201500046268,15,2,20,1730,2,1,1,2,7,78423,M,,,78
201500046269,15,2,21,145,5,1,1,1,7,92064,M,,,92
201500046270,15,2,21,724,1,1,1,1,6,92047,M,,,92
201500046271,15,2,21,1950,3,1,9,8,7,78524,M,,,78
201500046272,15,2,22,130,4,1,1,1,6,78640,M,,,78
201500046273,15,2,22,1131,1,1,1,1,7,92048,M,,,92
201500046274,15,2,23,750,2,1,1,2,7,92050,M,,,92
201500046275,15,2,23,1755,1,1,1,1,2,78423,M,,,78
201500046276,15,2,24,915,1,1,1,1,6,92048,M,,,92
201500046277,15,2,24,916,1,1,1,1,2,78455,M,,,78
201500046278,15,2,24,1015,1,1,1,1,1,78545,M,,,78
201500046279,15,2,24,1824,1,1,1,1,2,92062,M,,,92
201500046280,15,2,26,858,1,1,1,8,4,92036,M,,,92
201500046281,15,2,27,950,1,1,1,1,4,78007,M,,,78
201500046282,15,2,27,1119,1,1,1,1,2,78571,M,,,78
201500046283,15,2,27,1158,1,1,1,1,6,78043,M,,,78
201500046284,15,2,27,1723,1,1,1,1,2,92050,M,,,92
201500046285,15,2,27,1745,1,1,1,1,2,78073,M,,,78
201500046286,15,3,1,732,1,1,1,8,6,92025,M,,,92
201500046287,15,3,2,900,1,1,1,1,2,78043,M,,,78
201500046288,15,3,4,830,1,1,1,1,5,78073,M,,,78
201500046289,15,3,4,1350,1,1,1,1,4,92004,M,,,92
201500046290,15,3,6,905,1,1,1,1,1,78322,M,,,78
201500046291,15,3,6,923,1,1,1,1,2,78043,M,,,78
201500046292,15,3,6,1203,1,1,1,1,6,78466,M,,,78
201500046293,15,3,6,1310,1,1,1,1,3,78043,M,,,78
201500046294,15,3,7,2037,3,1,1,1,4,92012,M,,,92
201500046295,15,3,8,1806,1,1,1,1,2,92025,M,,,92
201500046296,15,3,9,729,1,1,1,8,3,92047,M,,,92
201500046297,15,3,9,1831,1,1,1,1,6,92026,M,,,92
201500046298,15,3,9,2130,3,1,1,1,6,78043,M,,,78
201500046299,15,3,10,1830,1,1,1,1,1,92047,M,,,92
201500046300,15,3,11,733,1,1,1,1,4,78498,M,,,78
201500046301,15,3,12,1518,1,1,1,1,3,78090,M,,,78
201500046302,15,3,13,635,1,1,1,1,3,78466,M,,,78
201500046303,15,3,13,640,3,1,1,1,6,78466,M,,,78
201500046304,15,3,13,750,1,1,1,1,2,92047,M,,,92
201500046305,15,3,16,930,1,1,1,1,6,78423,M,,,78
201500046306,15,3,17,355,3,1,1,1,3,78090,M,,,78
201500046307,15,3,17,850,1,1,1,1,2,92012,M,,,92
201500046308,15,3,18,845,1,1,1,1,3,78043,M,,,78
201500046309,15,3,19,815,1,1,1,1,2,92072,M,,,92
201500046310,15,3,19,1005,1,1,1,1,7,92064,M,,,92
201500046311,15,3,20,755,1,1,1,8,3,92036,M,,,92
201500046312,15,3,23,1330,1,1,1,1,2,92072,M,,,92
201500046313,15,3,24,1857,1,1,1,1,5,92047,M,,,92
201500046314,15,3,25,810,1,1,1,2,2,78423,M,,,78
201500046315,15,3,26,711,1,1,1,1,3,92063,M,,,92
201500046316,15,3,27,1040,1,1,1,1,6,78043,M,,,78
201500046317,15,3,27,1610,1,1,1,1,7,78640,M,,,78
201500046318,15,3,28,1025,1,1,1,2,5,92047,M,,,92
201500046319,15,3,28,1628,1,1,1,1,1,92050,M,,,92
201500046320,15,3,29,1345,1,1,1,2,7,92072,M,,,92
201500046321,15,3,30,917,1,1,1,8,3,78524,M,,,78
201500046322,15,3,31,1220,1,1,1,1,5,92064,M,,,92
201500046323,15,3,31,1230,1,1,1,1,6,78571,M,,,78
201500046324,15,3,31,1850,1,1,1,1,3,92036,M,,,92
201500046325,15,3,31,1950,1,1,1,1,3,78646,M,,,78
201500046326,15,4,1,835,1,1,1,1,3,92047,M,,,92
201500046327,15,4,1,920,1,1,1,1,3,92047,M,,,92
201500046328,15,4,1,1755,1,1,1,1,3,92025,M,,,92
201500046329,15,4,2,910,1,1,1,1,3,92051,M,,,92
201500046330,15,3,24,745,1,1,1,1,2,78646,M,,,78
201500046331,15,4,2,1800,1,1,1,2,7,92048,M,,,92
201500046332,15,4,3,1650,1,1,1,2,2,78640,M,,,78
201500046333,15,4,8,1344,1,1,1,1,4,78073,M,,,78
201500046334,15,4,8,1505,1,1,1,1,5,92050,M,,,92
201500046335,15,4,8,2007,1,1,1,1,2,78238,M,,,78
201500046336,15,4,9,1350,1,1,1,1,4,78043,M,,,78
201500046337,15,4,9,1841,1,1,1,1,5,78640,M,,,78
201500046338,15,4,10,840,1,1,1,1,7,92025,M,,,92
201500046339,15,4,10,947,1,1,1,1,4,92064,M,,,92
201500046340,15,4,10,1634,1,1,1,1,4,78133,M,,,78
201500046341,15,4,11,557,3,1,1,2,2,92047,M,,,92
201500046342,15,4,11,1745,1,1,1,1,6,78291,M,,,78
201500046343,15,4,15,1323,1,1,1,1,3,78043,M,,,78
201500046344,15,4,16,1730,1,1,1,1,3,92012,M,,,92
201500046345,15,4,17,940,1,1,1,1,3,92050,M,,,92
201500046346,15,4,17,1000,1,1,1,1,2,92036,M,,,92
201500046347,15,4,17,1727,1,1,1,1,1,78238,M,,,78
201500046348,15,4,17,1925,1,1,1,1,1,78029,M,,,78
201500046349,15,4,18,505,3,1,1,1,7,78043,M,,,78
201500046350,15,4,19,1317,1,1,1,1,2,92047,M,,,92
201500046351,15,4,20,2120,4,1,1,1,2,78423,M,,,78
201500046352,15,4,21,915,1,1,1,1,1,92036,M,,,92
201500046353,15,4,21,932,1,1,1,1,1,92064,M,,,92
201500046354,15,4,21,1536,1,1,1,1,6,92072,M,,,92
201500046355,15,4,21,1855,1,1,1,1,4,92047,M,,,92
201500046356,15,4,21,2252,3,1,1,1,6,78206,M,,,78
201500046357,15,4,22,142,3,1,1,1,6,92048,M,,,92
201500046358,15,4,22,730,1,1,1,1,3,78043,M,,,78
201500046359,15,4,22,940,1,1,1,1,5,92051,M,,,92
201500046360,15,4,22,1805,1,1,1,1,6,92047,M,,,92
201500046361,15,4,22,1905,1,1,1,1,3,78545,M,,,78
201500046362,15,4,24,1755,1,1,1,1,2,78545,M,,,78
201500046363,15,4,25,228,5,1,1,3,6,78238,M,,,78
201500046364,15,4,25,1032,1,1,1,1,2,78402,M,,,78
201500046365,15,4,25,1225,1,1,1,1,5,78431,M,,,78
201500046366,15,4,28,1440,1,1,1,1,2,78090,M,,,78
201500046367,15,4,28,2150,3,1,1,1,6,78646,M,,,78
201500046368,15,4,29,1835,1,1,1,1,4,92064,M,,,92
201500046369,15,4,30,1700,1,1,1,2,6,78423,M,,,78
201500046370,15,4,30,1758,1,1,1,1,6,78423,M,,,78
201500046371,15,4,30,1845,1,1,1,3,3,92050,M,,,92
201500046372,15,5,1,118,5,1,1,3,6,92072,M,,,92
201500046373,15,5,1,634,3,1,1,2,6,92048,M,,,92
201500046374,15,5,1,1300,1,1,1,2,6,78423,M,,,78
201500046375,15,5,2,1702,1,1,1,2,6,78640,M,,,78
201500046376,15,5,3,612,3,1,1,2,6,78322,M,,,78
201500046377,15,5,3,1115,1,1,1,2,6,92064,M,,,92
201500046378,15,5,3,1200,1,1,1,2,1,92036,M,,,92
201500046379,15,5,3,1552,1,1,1,1,4,92036,M,,,92
201500046380,15,5,3,2259,3,1,1,1,7,78362,M,,,78
201500046381,15,5,4,740,1,1,1,1,5,78640,M,,,78
201500046382,15,5,4,930,1,1,1,1,4,78466,M,,,78
201500046383,15,5,4,930,1,1,1,1,6,92050,M,,,92
201500046384,15,5,5,831,1,1,1,1,7,78490,M,,,78
201500046385,15,5,6,833,1,1,1,1,7,92025,M,,,92
201500046386,15,5,7,1756,1,1,1,1,6,78118,M,,,78
201500046387,15,5,9,149,5,1,1,1,2,92050,M,,,92
201500046388,15,5,9,524,3,1,1,1,1,92047,M,,,92
201500046389,15,5,10,1648,1,1,1,1,2,92062,M,,,92
201500046390,15,5,10,1725,1,1,1,1,6,78640,M,,,78
201500046391,15,2,10,1910,1,1,1,1,5,78640,M,,,78
201500046392,15,5,11,936,1,1,1,1,7,78466,M,,,78
201500046393,15,5,11,1827,1,1,1,1,5,78073,M,,,78
201500046394,15,5,11,2157,3,1,1,1,6,78217,M,,,78
201500046395,15,5,12,1730,1,1,1,1,3,78640,M,,,78
201500046396,15,5,12,1920,1,1,1,1,2,78423,M,,,78
201500046397,15,5,13,1424,1,1,1,1,4,78640,M,,,78
201500046398,15,5,13,1714,1,1,1,1,4,78043,M,,,78
201500046399,15,5,13,1756,1,1,1,1,3,92048,M,,,92
201500046400,15,5,13,2025,1,1,1,1,3,78640,M,,,78
201500046401,15,5,14,13,4,1,1,1,4,78297,M,,,78
201500046402,15,5,14,1520,1,1,1,1,1,92050,M,,,92
201500046403,15,5,15,1150,1,1,1,1,2,78126,M,,,78
201500046404,15,5,16,1126,1,1,1,1,7,78140,M,,,78
201500046405,15,5,17,556,2,1,1,1,6,78140,M,,,78
201500046406,15,5,17,630,2,1,1,1,1,92047,M,,,92
201500046407,15,5,18,250,4,1,1,1,6,78646,M,,,78
201500046408,15,5,18,920,1,1,1,1,3,78322,M,,,78
201500046409,15,5,19,1615,1,1,1,3,6,78090,M,,,78
201500046410,15,5,20,922,1,1,1,1,2,92064,M,,,92
201500046411,15,5,20,1042,1,1,1,1,4,92023,M,,,92
201500046412,15,5,21,1215,1,1,1,1,4,78073,M,,,78
201500046413,15,5,21,1405,1,1,1,1,2,78165,M,,,78
201500046414,15,5,21,1410,1,1,1,1,1,92051,M,,,92
201500046415,15,5,21,1725,1,1,1,1,5,78133,M,,,78
201500046416,15,5,22,2144,1,1,1,1,4,92025,M,,,92
201500046417,15,5,22,2230,3,1,1,1,2,78321,M,,,78
201500046418,15,5,23,2,3,1,1,1,6,78165,M,,,78
201500046419,15,5,23,145,3,1,1,1,6,78043,M,,,78
201500046420,15,5,23,503,3,1,1,1,7,92025,M,,,92
201500046421,15,5,23,616,1,1,1,1,6,92036,M,,,92
201500046422,15,5,23,1310,1,1,1,1,6,78466,M,,,78
201500046423,15,5,26,920,1,1,1,1,2,78466,M,,,78
201500046424,15,5,28,726,1,1,1,1,1,78007,M,,,78
201500046425,15,5,29,1122,1,1,1,1,6,78423,M,,,78
201500046426,15,5,30,1229,1,1,1,1,2,92064,M,,,92
201500046427,15,5,31,654,1,1,1,1,6,78043,M,,,78
201500046428,15,5,31,1435,1,1,1,2,6,78402,M,,,78
201500046429,15,6,1,923,1,1,1,1,1,78322,M,,,78
201500046430,15,6,1,1630,1,1,1,1,6,92050,M,,,92
201500046431,15,6,1,1730,1,1,1,1,2,78362,M,,,78
201500046432,15,6,2,835,1,1,1,1,4,92048,M,,,92
201500046433,15,6,3,830,1,1,1,1,7,78640,M,,,78
201500046434,15,6,4,404,3,1,1,1,6,78117,M,,,78
201500046435,15,6,4,806,1,1,1,1,5,78640,M,,,78
201500046436,15,6,4,904,1,1,1,1,6,92012,M,,,92
201500046437,15,6,4,946,1,1,1,1,5,78423,M,,,78
201500046438,15,6,5,1015,1,1,1,1,6,92062,M,,,92
201500046439,15,6,5,1324,1,1,1,1,7,78490,M,,,78
201500046440,15,6,5,1644,1,1,1,1,2,92064,M,,,92
201500046441,15,6,6,1008,1,1,1,1,6,78431,M,,,78
201500046442,15,6,6,1317,1,1,1,1,4,78140,M,,,78
201500046443,15,6,6,1850,1,1,1,1,7,92072,M,,,92
201500046444,15,6,7,1341,1,1,1,1,6,78402,M,,,78
201500046445,15,6,8,612,1,1,1,1,6,78043,M,,,78
201500046446,15,6,8,1000,1,1,1,1,4,78524,M,,,78
201500046447,15,6,9,755,1,1,1,1,4,78672,M,,,78
201500046448,15,6,9,851,1,1,1,1,2,92050,M,,,92
201500046449,15,6,9,909,1,1,1,1,1,92025,M,,,92
201500046450,15,6,10,910,1,1,1,1,2,78640,M,,,78
201500046451,15,6,11,105,3,1,1,1,3,78322,M,,,78
201500046452,15,6,11,938,1,1,1,1,7,92048,M,,,92
201500046453,15,6,11,1847,1,1,1,1,6,92050,M,,,92
201500046454,15,6,12,803,1,1,1,1,2,78402,M,,,78
201500046455,15,6,12,903,1,1,1,1,2,78217,M,,,78
201500046456,15,6,12,903,1,1,1,1,4,78431,M,,,78
201500046457,15,6,12,1020,1,1,1,1,2,78126,M,,,78
201500046458,15,6,12,1634,1,1,1,1,5,78242,M,,,78
201500046459,15,6,13,800,1,1,1,1,6,92026,M,,,92
201500046460,15,6,13,1053,1,1,1,1,2,92050,M,,,92
201500046461,15,6,14,1355,1,1,1,1,6,92063,M,,,92
201500046462,15,6,15,18,3,1,1,1,2,78291,M,,,78
201500046463,15,6,15,1731,1,1,1,1,4,92050,M,,,92
201500046464,15,6,16,1705,1,1,1,1,3,78640,M,,,78
201500046465,15,6,16,1805,1,1,1,1,7,92062,M,,,92
201500046466,15,6,16,1840,1,1,1,1,6,78402,M,,,78
201500046467,15,6,17,1600,1,1,1,1,6,92036,M,,,92
201500046468,15,6,17,1830,1,1,1,1,1,92036,M,,,92
201500046469,15,6,18,1841,1,1,1,1,7,78073,M,,,78
201500046470,15,6,19,1520,1,1,1,1,2,78043,M,,,78
201500046471,15,6,19,1540,1,1,1,1,7,75116,M,,,75
201500046472,15,6,19,1753,1,1,1,1,5,78073,M,,,78
201500046473,15,6,19,2020,1,1,1,1,4,92064,M,,,92
201500046474,15,6,19,2055,1,1,1,1,2,78646,M,,,78
201500046475,15,6,20,340,5,1,1,1,2,92050,M,,,92
201500046476,15,6,20,558,1,1,1,1,1,78140,M,,,78
201500046477,15,6,21,700,1,1,1,1,1,78043,M,,,78
201500046478,15,6,21,1135,1,1,1,1,2,92036,M,,,92
201500046479,15,6,21,1500,1,1,1,1,6,92072,M,,,92
201500046480,15,6,21,1747,1,1,1,1,2,78043,M,,,78
201500046481,15,6,21,1851,1,1,1,1,3,78238,M,,,78
201500046482,15,6,21,2025,1,1,1,9,2,92062,M,,,92
201500046483,15,6,22,843,1,1,1,1,7,78490,M,,,78
201500046484,15,6,22,1735,1,1,1,3,5,78545,M,,,78
201500046485,15,6,23,1720,1,1,1,1,5,78043,M,,,78
201500046486,15,6,24,844,1,1,1,1,2,78242,M,,,78
201500046487,15,6,24,1732,1,1,1,1,5,92025,M,,,92
201500046488,15,6,25,624,1,1,1,1,3,92050,M,,,92
201500046489,15,6,25,850,1,1,1,1,3,78466,M,,,78
201500046490,15,6,25,1755,1,1,1,1,5,78640,M,,,78
201500046491,15,6,26,746,1,1,1,1,3,92064,M,,,92
201500046492,15,6,26,1317,1,1,1,1,6,92063,M,,,92
201500046493,15,6,26,1630,1,1,1,1,6,92063,M,,,92
201500046494,15,6,27,1055,1,1,1,1,4,92064,M,,,92
201500046495,15,6,27,1940,1,1,1,1,6,92062,M,,,92
201500046496,15,6,28,501,5,1,1,1,2,78126,M,,,78
201500046497,15,6,29,732,1,1,1,1,6,78073,M,,,78
201500046498,15,6,29,2008,1,1,1,1,1,92051,M,,,92
201500046499,15,6,29,2100,1,1,1,1,7,78140,M,,,78
201500046500,15,6,30,1447,1,1,1,1,1,78402,M,,,78
201500046501,15,6,30,1704,1,1,1,1,5,78043,M,,,78
201500046502,15,6,30,1942,1,1,1,1,2,78646,M,,,78
201500046503,15,7,1,829,1,1,1,1,2,92023,M,,,92
201500046504,15,7,1,1715,1,1,1,1,1,78646,M,,,78
201500046505,15,7,2,915,1,1,1,1,1,92048,M,,,92
201500046506,15,7,2,1455,1,1,1,1,2,78490,M,,,78
201500046507,15,7,3,825,1,1,1,1,5,92062,M,,,92
201500046508,15,7,3,854,1,1,1,1,1,92050,M,,,92
201500046509,15,7,3,856,1,1,1,1,4,92064,M,,,92
201500046510,15,7,3,905,1,1,1,1,5,92025,M,,,92
201500046511,15,7,3,1250,1,1,1,1,3,92050,M,,,92
201500046512,15,7,3,1200,1,1,1,1,6,78571,M,,,78
201500046513,15,7,3,1727,1,1,1,1,1,78431,M,,,78
201500046514,15,7,3,1820,1,1,1,1,4,92051,M,,,92
201500046515,15,7,4,18,3,1,1,1,2,78291,M,,,78
201500046516,15,7,5,411,5,1,1,1,6,92050,M,,,92
201500046517,15,7,5,520,2,1,1,1,6,92076,M,,,92
201500046518,15,7,6,852,1,1,1,1,5,78640,M,,,78
201500046519,15,7,6,916,1,1,1,1,5,78524,M,,,78
201500046520,15,7,6,1225,1,1,1,1,4,92062,M,,,92
201500046521,15,7,6,1845,1,1,1,1,2,92064,M,,,92
201500046522,15,7,6,2001,1,1,1,1,5,92025,M,,,92
201500046523,15,7,7,1456,1,1,1,1,2,92064,M,,,92
201500046524,15,7,7,1751,1,1,1,1,2,92050,M,,,92
201500046525,15,7,7,2000,1,1,1,1,1,92047,M,,,92
201500046526,15,7,8,1743,1,1,1,1,6,78217,M,,,78
201500046527,15,7,8,1750,1,1,1,1,4,78133,M,,,78
201500046528,15,7,8,1840,1,1,1,1,2,92036,M,,,92
201500046529,15,7,8,1855,1,1,1,1,1,78126,M,,,78
201500046530,15,7,9,710,1,1,1,1,1,78242,M,,,78
201500046531,15,7,9,808,1,1,1,1,5,78423,M,,,78
201500046532,15,7,9,910,1,1,1,1,5,92064,M,,,92
201500046533,15,7,9,930,1,1,1,1,1,92051,M,,,92
201500046534,15,7,9,1009,1,1,1,1,2,92072,M,,,92
201500046535,15,7,9,1105,1,1,1,1,5,92072,M,,,92
201500046536,15,7,9,2315,3,1,1,1,2,92051,M,,,92
201500046537,15,6,26,1850,1,1,1,1,3,78140,M,,,78
201500046538,15,7,10,1715,1,1,1,1,5,78321,M,,,78
201500046539,15,7,10,1855,1,1,1,1,4,78640,M,,,78
201500046540,15,7,11,446,3,1,1,1,6,92025,M,,,92
201500046541,15,7,11,920,1,1,1,1,6,92023,M,,,92
201500046542,15,7,12,215,3,1,1,1,6,78322,M,,,78
201500046543,15,7,12,1120,1,1,1,1,7,78571,M,,,78
201500046544,15,7,12,2308,3,1,1,1,6,92047,M,,,92
201500046545,15,7,12,2343,4,1,1,1,5,92051,M,,,92