Num_Acc,an,mois,jour,hrmn,lum,agg,int,atm,col,com,gps,lat,long,dep
201500046546,15,7,13,1155,1,1,1,1,6,78297,M,,,78
201500046547,15,7,14,506,3,1,1,1,6,78571,M,,,78
201500046548,15,7,14,1712,1,1,1,1,1,78646,M,,,78
201500046549,15,7,14,1959,1,1,1,1,3,92063,M,,,92
201500046550,15,7,15,34,3,1,1,1,6,78140,M,,,78
201500046551,15,7,15,830,1,1,1,1,4,92025,M,,,92
201500046552,15,7,15,1810,1,1,1,1,4,92036,M,,,92
201500046553,15,7,16,240,3,1,1,1,6,78090,M,,,78
201500046554,15,7,16,1156,1,1,1,1,7,78133,M,,,78
201500046555,15,7,16,2020,1,1,1,1,6,78007,M,,,78
201500046556,15,7,17,1128,1,1,1,1,2,78551,M,,,78
201500046557,15,7,17,1610,1,1,1,1,5,78242,M,,,78
201500046558,15,7,18,1210,1,1,1,1,6,78362,M,,,78
201500046559,15,7,18,1255,1,1,1,1,6,78640,M,,,78
201500046560,15,7,18,1528,1,1,1,1,1,92004,M,,,92
201500046561,15,7,21,1945,1,1,1,1,4,78640,M,,,78
201500046562,15,7,22,840,1,1,1,1,2,78158,M,,,78
201500046563,15,7,22,1728,1,1,1,1,5,92023,M,,,92
201500046564,15,7,23,2130,2,1,1,1,7,78238,M,,,78
201500046565,15,7,24,103,4,1,1,1,6,92036,M,,,92
201500046566,15,7,25,211,4,1,1,1,1,92047,M,,,92
201500046567,15,7,25,1854,1,1,1,1,2,78090,M,,,78
201500046568,15,7,26,530,3,1,1,1,6,78007,M,,,78
201500046569,15,7,28,1805,1,1,1,2,6,78640,M,,,78
201500046570,15,7,29,510,2,1,1,1,7,92072,M,,,92
201500046571,15,7,29,1725,1,1,1,1,5,78455,M,,,78
201500046572,15,7,29,1910,1,1,1,1,3,78423,M,,,78
201500046573,15,7,30,1945,1,1,1,1,5,78043,M,,,78
201500046574,15,7,30,2352,5,1,1,1,4,78640,M,,,78
201500046575,15,8,1,1205,1,1,1,1,2,78646,M,,,78
201500046576,15,8,1,1935,1,1,1,1,7,92050,M,,,92
201500046577,15,7,31,940,1,1,1,1,2,78073,M,,,78
201500046578,15,8,5,1108,1,1,1,1,2,78455,M,,,78
201500046579,15,8,6,843,1,1,1,1,2,92062,M,,,92
201500046580,15,8,6,1805,1,1,1,1,1,78043,M,,,78
201500046581,15,8,7,913,1,1,1,1,6,92050,M,,,92
201500046582,15,8,8,1445,1,1,1,1,7,78043,M,,,78
201500046583,15,8,8,1825,1,1,1,1,6,78321,M,,,78
201500046584,15,8,13,2020,2,1,1,2,6,92063,M,,,92
201500046585,15,8,19,300,3,1,1,1,6,78490,M,,,78
201500046586,15,8,19,827,1,1,1,1,3,92025,M,,,92
201500046587,15,8,19,1540,1,1,1,1,6,92050,M,,,92
201500046588,15,8,20,1440,1,1,1,1,5,78646,M,,,78
201500046589,15,8,20,2140,3,1,1,1,2,78043,M,,,78
201500046590,15,8,22,610,3,1,1,1,6,78291,M,,,78
201500046591,15,8,22,1042,1,1,1,1,5,78043,M,,,78
201500046592,15,8,22,1450,1,1,1,1,5,92050,M,,,92
201500046593,15,8,22,2200,4,1,1,1,3,78158,M,,,78
201500046594,15,8,24,820,1,1,1,3,7,78423,M,,,78
201500046595,15,8,24,1005,1,1,1,2,6,75116,M,,,75
201500046596,15,8,24,1615,1,1,1,3,6,92050,M,,,92
201500046597,15,8,24,1745,1,1,1,3,7,92025,M,,,92
201500046598,15,8,26,2005,1,1,1,1,1,78640,M,,,78
201500046599,15,8,27,805,1,1,1,2,3,92025,M,,,92
201500046600,15,8,27,1730,1,1,1,3,6,92063,M,,,92
201500046601,15,8,28,1348,1,1,1,1,6,78640,M,,,78
201500046602,15,8,28,1355,1,1,1,1,6,92060,M,,,92
201500046603,15,8,31,1230,1,1,1,1,6,78291,M,,,78
201500046604,15,8,31,1838,1,1,1,1,4,92023,M,,,92
201500046605,15,9,1,1123,1,1,1,1,6,92064,M,,,92
201500046606,15,9,2,1444,1,1,1,1,5,78524,M,,,78
201500046607,15,9,3,938,1,1,1,1,4,92047,M,,,92
201500046608,15,9,3,1205,1,1,1,1,2,78423,M,,,78
201500046609,15,9,3,1700,1,1,1,1,6,78238,M,,,78
201500046610,15,9,4,507,3,1,1,1,6,78043,M,,,78
201500046611,15,9,4,1157,1,1,1,1,4,92062,M,,,92
201500046612,15,9,5,1455,1,1,1,1,1,92036,M,,,92
201500046613,15,9,5,2005,1,1,1,2,2,92036,M,,,92
201500046614,15,9,7,837,1,1,1,1,2,78640,M,,,78
201500046615,15,9,7,1915,1,1,1,1,2,92050,M,,,92
201500046616,15,9,8,925,1,1,1,1,2,92062,M,,,92
201500046617,15,9,8,2039,5,1,1,1,5,92012,M,,,92
201500046618,15,9,9,1725,1,1,1,1,2,78043,M,,,78
201500046619,15,9,10,806,1,1,1,1,3,78490,M,,,78
201500046620,15,9,11,1048,1,1,1,1,3,78242,M,,,78
201500046621,15,9,11,1555,1,1,1,1,5,92025,M,,,92
201500046622,15,9,11,1952,1,1,1,1,2,92051,M,,,92
201500046623,15,9,11,2007,3,1,1,2,5,78217,M,,,78
201500046624,15,9,12,1306,1,1,1,3,6,78321,M,,,78
201500046625,15,9,12,1515,1,1,1,1,1,78423,M,,,78
201500046626,15,9,12,1900,1,1,1,1,5,92064,M,,,92
201500046627,15,9,12,1918,1,1,1,1,1,78640,M,,,78
201500046628,15,9,12,2011,1,1,1,2,6,78073,M,,,78
201500046629,15,9,13,550,3,1,1,1,1,78402,M,,,78
201500046630,15,9,13,1445,1,1,1,2,6,78090,M,,,78
201500046631,15,9,13,2025,5,1,1,1,6,78321,M,,,78
201500046632,15,9,14,653,2,1,1,2,7,78640,M,,,78
201500046633,15,9,14,1638,1,1,1,1,2,92072,M,,,92
201500046634,15,9,14,1912,1,1,1,8,7,92064,M,,,92
201500046635,15,9,15,925,1,1,1,1,4,78551,M,,,78
201500046636,15,9,15,1644,1,1,1,1,4,78133,M,,,78
201500046637,15,9,16,1225,1,1,1,3,7,78007,M,,,78
201500046638,15,9,16,1834,1,1,1,1,2,75116,M,,,75
201500046639,15,9,17,901,1,1,1,8,2,78498,M,,,78
201500046640,15,9,19,353,3,1,1,1,6,92063,M,,,92
201500046641,15,9,20,1820,1,1,1,1,2,78640,M,,,78
201500046642,15,9,21,10,3,1,1,1,7,78498,M,,,78
201500046643,15,9,21,815,1,1,1,1,6,92076,M,,,92
201500046644,15,9,21,750,1,1,1,1,4,78640,M,,,78
201500046645,15,9,21,815,1,1,1,1,3,78524,M,,,78
201500046646,15,9,21,1852,1,1,1,1,3,78423,M,,,78
201500046647,15,9,22,552,3,1,1,1,3,78073,M,,,78
201500046648,15,9,22,1740,1,1,1,2,5,78362,M,,,78
201500046649,15,9,23,1449,1,1,1,1,4,78043,M,,,78
201500046650,15,9,23,1709,1,1,1,1,3,92025,M,,,92
201500046651,15,9,23,1915,1,1,1,1,4,92050,M,,,92
201500046652,15,9,23,2316,5,1,1,1,2,92072,M,,,92
201500046653,15,9,24,934,1,1,1,1,4,78073,M,,,78
201500046654,15,9,25,33,3,1,1,1,6,92036,M,,,92
201500046655,15,9,25,650,3,1,1,1,5,92064,M,,,92
201500046656,15,9,25,1025,1,1,1,1,2,92025,M,,,92
201500046657,15,9,26,1055,1,1,1,1,6,78455,M,,,78
201500046658,15,9,26,1913,1,1,1,1,5,92047,M,,,92
201500046659,15,9,27,238,5,1,1,1,1,78362,M,,,78
201500046660,15,9,28,800,1,1,1,1,5,78490,M,,,78
201500046661,15,9,28,915,1,1,1,7,2,78418,M,,,78
201500046662,15,9,29,620,3,1,1,1,2,78007,M,,,78
201500046663,15,9,29,824,1,1,1,1,2,92023,M,,,92
201500046664,15,9,29,853,2,1,1,1,1,78007,M,,,78
201500046665,15,9,29,936,1,1,1,1,2,78640,M,,,78
201500046666,15,9,29,916,1,1,1,1,5,92050,M,,,92
201500046667,15,9,29,1000,1,1,1,1,1,92050,M,,,92
201500046668,15,9,29,1000,1,1,1,1,1,92050,M,,,92
201500046669,15,9,29,1930,1,1,1,1,2,92036,M,,,92
201500046670,15,9,29,2109,4,1,1,1,4,92025,M,,,92
201500046671,15,9,30,1035,1,1,1,1,4,92036,M,,,92
201500046672,15,9,30,1600,1,1,1,1,6,78133,M,,,78
201500046673,15,10,1,855,1,1,1,1,3,78640,M,,,78
201500046674,15,10,1,1000,1,1,1,1,3,92050,M,,,92
201500046675,15,10,1,1840,1,1,1,1,1,75116,M,,,75
201500046676,15,10,2,752,1,1,1,1,5,78073,M,,,78
201500046677,15,10,2,838,1,1,1,1,3,78418,M,,,78
201500046678,15,10,2,945,1,1,1,1,4,78545,M,,,78
201500046679,15,10,2,2055,5,1,1,1,2,92025,M,,,92
201500046680,15,10,3,1552,1,1,1,1,3,92025,M,,,92
201500046681,15,10,3,1728,1,1,1,1,5,78140,M,,,78
201500046682,15,10,3,1802,1,1,1,1,7,78545,M,,,78
201500046683,15,10,3,2100,4,1,1,1,2,92050,M,,,92
201500046684,15,10,5,318,4,1,1,1,7,78646,M,,,78
201500046685,15,10,6,839,1,1,1,3,2,92064,M,,,92
201500046686,15,10,6,1018,1,1,1,1,7,92036,M,,,92
201500046687,15,10,6,1047,1,1,1,2,2,78545,M,,,78
201500046688,15,10,6,1140,1,1,1,1,6,92062,M,,,92
201500046689,15,10,7,735,1,1,1,1,3,78090,M,,,78
201500046690,15,10,7,756,1,1,1,1,2,78423,M,,,78
201500046691,15,10,7,1825,1,1,1,1,2,78431,M,,,78
201500046692,15,10,8,646,3,1,1,1,6,78402,M,,,78
201500046693,15,10,9,1450,1,1,1,1,5,92025,M,,,92
201500046694,15,10,9,1557,1,1,1,1,2,78206,M,,,78
201500046695,15,10,9,1940,2,1,1,1,3,78043,M,,,78
201500046696,15,10,10,1702,1,1,1,1,6,78455,M,,,78
201500046697,15,10,10,2010,5,1,1,1,7,92064,M,,,92
201500046698,15,10,12,753,1,1,1,1,2,78043,M,,,78
201500046699,15,10,12,845,1,1,1,1,1,78466,M,,,78
201500046700,15,10,12,1820,1,1,1,1,6,78133,M,,,78
201500046701,15,10,13,854,1,1,1,1,2,92036,M,,,92
201500046702,15,10,13,958,1,1,1,1,5,92051,M,,,92
201500046703,15,10,13,1040,1,1,1,1,7,78640,M,,,78
201500046704,15,10,13,1820,1,1,1,1,1,78640,M,,,78
201500046705,15,10,14,830,1,1,1,1,3,78431,M,,,78
201500046706,15,10,14,930,1,1,1,1,6,78498,M,,,78
201500046707,15,10,15,640,4,1,1,1,1,92050,M,,,92
201500046708,15,10,15,825,1,1,1,1,4,92026,M,,,92
201500046709,15,10,15,1645,1,1,1,1,3,78455,M,,,78
201500046710,15,10,16,815,2,1,1,2,2,78090,M,,,78
201500046711,15,10,16,900,1,1,1,2,2,92047,M,,,92
201500046712,15,10,16,1805,1,1,1,5,6,78640,M,,,78
201500046713,15,10,17,354,3,1,1,8,6,78571,M,,,78
201500046714,15,10,18,610,3,1,1,1,6,78217,M,,,78
201500046715,15,10,19,1920,3,1,1,1,5,92048,M,,,92
201500046716,15,10,19,2210,3,1,1,1,7,92050,M,,,92
201500046717,15,10,20,825,1,1,1,1,6,78043,M,,,78
201500046718,15,10,20,1647,1,1,1,1,5,92064,M,,,92
201500046719,15,10,20,1847,3,1,1,1,6,92047,M,,,92
201500046720,15,10,21,940,1,1,1,1,7,78646,M,,,78
201500046721,15,10,21,1320,1,1,1,1,2,78640,M,,,78
201500046722,15,10,22,657,4,1,1,8,2,92025,M,,,92
201500046723,15,10,22,847,1,1,9,2,7,78640,M,,,78
201500046724,15,10,22,852,1,1,1,1,5,92036,M,,,92
201500046725,15,10,22,1150,1,1,1,2,7,78490,M,,,78
201500046726,15,10,22,1330,1,1,1,2,3,78498,M,,,78
201500046727,15,10,23,727,5,1,1,1,1,78640,M,,,78
201500046728,15,10,23,1525,1,1,1,1,2,92025,M,,,92
201500046729,15,10,23,1620,1,1,1,1,6,78362,M,,,78
201500046730,15,10,24,1,3,1,1,1,7,92036,M,,,92
201500046731,15,10,24,730,2,1,1,1,6,78291,M,,,78
201500046732,15,10,25,2150,3,1,1,1,2,78321,M,,,78
201500046733,15,10,26,1708,1,1,1,1,2,78640,M,,,78
201500046734,15,10,27,920,1,1,1,1,1,78640,M,,,78
201500046735,15,10,27,2130,5,1,1,2,2,92050,M,,,92
201500046736,15,10,28,538,3,1,1,2,6,92036,M,,,92
201500046737,15,10,28,1513,1,1,1,1,5,92050,M,,,92
201500046738,15,10,28,1740,1,1,1,1,1,78043,M,,,78
201500046739,15,10,30,1625,1,1,1,1,4,78291,M,,,78
201500046740,15,10,30,1800,4,1,1,1,5,78217,M,,,78
201500046741,15,10,31,340,3,1,1,1,7,92036,M,,,92
201500046742,15,11,1,720,1,1,1,5,2,78362,M,,,78
201500046743,15,11,2,750,1,1,1,5,2,78007,M,,,78
201500046744,15,11,2,805,1,1,1,5,3,78524,M,,,78
201500046745,15,11,2,1944,1,1,1,1,2,78646,M,,,78
201500046746,15,11,3,750,2,1,1,2,2,78423,M,,,78
201500046747,15,11,3,735,1,1,1,8,5,92050,M,,,92
201500046748,15,11,3,1805,5,1,1,1,2,78362,M,,,78
201500046749,15,11,4,222,3,1,1,8,6,78322,M,,,78
201500046750,15,11,4,1622,1,1,1,8,5,78117,M,,,78
201500046751,15,11,6,1530,1,1,1,2,4,92036,M,,,92
201500046752,15,11,7,915,1,1,1,1,2,78238,M,,,78
201500046753,15,11,7,1945,3,1,1,1,6,78640,M,,,78
201500046754,15,11,8,155,3,1,1,5,2,78545,M,,,78
201500046755,15,11,8,711,2,1,1,1,6,78646,M,,,78
201500046756,15,11,8,1805,3,1,1,1,1,78133,M,,,78
201500046757,15,11,9,1055,1,1,1,1,2,92060,M,,,92
201500046758,15,11,10,1015,1,1,1,1,6,92064,M,,,92
201500046759,15,11,10,1825,5,1,1,1,6,78466,M,,,78
201500046760,15,11,10,1914,3,1,1,1,4,92050,M,,,92
201500046761,15,11,11,114,5,1,1,1,6,92050,M,,,92
201500046762,15,11,12,809,1,1,1,1,7,92063,M,,,92
201500046763,15,11,12,940,1,1,1,1,1,92026,M,,,92
201500046764,15,11,13,1210,1,1,1,1,2,92062,M,,,92
201500046765,15,11,13,1350,1,1,1,1,1,78551,M,,,78
201500046766,15,11,13,1645,2,1,1,1,4,78640,M,,,78
201500046767,15,11,15,1740,2,1,1,1,4,78640,M,,,78
201500046768,15,11,16,1725,2,1,1,1,1,78362,M,,,78
201500046769,15,11,16,1815,2,1,1,1,4,92050,M,,,92
201500046770,15,11,17,758,1,1,1,1,1,92050,M,,,92
201500046771,15,11,17,808,1,1,1,1,6,92047,M,,,92
201500046772,15,11,17,919,1,1,1,1,1,78208,M,,,78
201500046773,15,11,19,720,2,1,1,1,4,92050,M,,,92
201500046774,15,11,19,1737,3,1,1,2,2,78133,M,,,78
201500046775,15,11,19,1856,1,1,1,1,1,78423,M,,,78
201500046776,15,11,19,1935,5,1,1,3,4,78466,M,,,78
201500046777,15,11,20,850,1,1,1,3,4,92062,M,,,92
201500046778,15,11,20,948,1,1,1,2,1,92036,M,,,92
201500046779,15,11,20,1637,1,1,1,1,2,92047,M,,,92
201500046780,15,11,20,1835,2,1,1,1,4,78402,M,,,78
201500046781,15,11,20,2110,5,1,1,2,7,92012,M,,,92
201500046782,15,11,23,912,1,1,1,1,5,78431,M,,,78
201500046783,15,11,23,1248,1,1,1,1,6,78524,M,,,78
201500046784,15,11,24,739,1,1,1,1,1,78043,M,,,78
201500046785,15,11,24,1537,1,1,1,1,1,92050,M,,,92
201500046786,15,11,24,2310,3,1,1,2,6,78640,M,,,78
201500046787,15,11,25,902,1,1,1,2,1,78073,M,,,78
201500046788,15,11,25,930,1,1,1,2,3,78126,M,,,78
201500046789,15,11,26,1801,5,1,1,1,3,78646,M,,,78
201500046790,15,11,27,1055,1,1,1,1,1,92076,M,,,92
201500046791,15,11,27,1804,3,1,1,1,4,78423,M,,,78
201500046792,15,11,28,956,1,1,1,1,6,78466,M,,,78
201500046793,15,11,28,1715,5,1,1,1,3,78646,M,,,78
201500046794,15,11,30,930,1,1,1,1,6,92047,M,,,92
201500046795,15,11,30,1415,1,1,1,1,6,78423,M,,,78
201500046796,15,12,1,1820,5,1,1,1,3,78640,M,,,78
201500046797,15,12,2,2000,5,1,1,1,7,92050,M,,,92
201500046798,15,12,3,844,2,1,1,1,1,78640,M,,,78
201500046799,15,12,4,1820,5,1,1,1,1,78466,M,,,78
201500046800,15,12,4,1835,5,1,1,1,6,78073,M,,,78
201500046801,15,12,5,323,4,1,1,1,6,78551,M,,,78
201500046802,15,12,5,1835,5,1,1,1,6,78073,M,,,78
201500046803,15,12,6,1700,2,1,1,1,6,78117,M,,,78
201500046804,15,12,6,1840,2,1,1,1,1,92050,M,,,92
201500046805,15,12,7,640,1,1,1,1,2,78524,M,,,78
201500046806,15,12,7,1025,1,1,1,1,7,92023,M,,,92
201500046807,15,12,7,1225,1,1,1,1,1,78646,M,,,78
201500046808,15,12,7,1523,1,1,1,1,4,78206,M,,,78
201500046809,15,12,7,1810,1,1,1,1,2,78029,M,,,78
201500046810,15,12,8,1000,1,1,1,1,2,92051,M,,,92
201500046811,15,12,8,1411,1,1,1,2,2,78362,M,,,78
201500046812,15,12,8,1605,1,1,1,1,1,92048,M,,,92
201500046813,15,12,8,1621,2,1,1,3,1,92050,M,,,92
201500046814,15,12,8,1715,5,1,1,1,4,92050,M,,,92
201500046815,15,12,8,1913,5,1,1,8,3,92048,M,,,92
201500046816,15,12,9,35,3,1,1,8,6,78571,M,,,78
201500046817,15,12,8,1610,1,1,1,2,3,92051,M,,,92
201500046818,15,12,9,906,1,1,1,1,3,92050,M,,,92
201500046819,15,12,10,847,1,1,1,1,3,92036,M,,,92
201500046820,15,12,10,1836,3,1,1,1,2,78073,M,,,78
201500046821,15,12,11,1,5,1,1,1,2,92072,M,,,92
201500046822,15,12,11,1220,1,1,1,1,6,92050,M,,,92
201500046823,15,12,11,1550,1,1,1,1,4,78118,M,,,78
201500046824,15,12,11,1724,2,1,1,1,2,78090,M,,,78
201500046825,15,12,13,717,3,1,1,1,2,78140,M,,,78
201500046826,15,12,14,650,5,1,1,1,5,78206,M,,,78
201500046827,15,12,14,825,1,1,1,1,2,78362,M,,,78
201500046828,15,12,15,203,3,1,1,1,6,92072,M,,,92
201500046829,15,12,15,1301,1,1,1,8,6,92047,M,,,92
201500046830,15,12,15,1720,5,1,1,2,5,78322,M,,,78
201500046831,15,12,15,1928,4,1,1,3,6,78640,M,,,78
201500046832,15,12,16,15,3,1,1,2,6,78206,M,,,78
201500046833,15,12,16,729,5,1,1,2,4,78640,M,,,78
201500046834,15,12,16,820,1,1,1,1,3,92048,M,,,92
201500046835,15,12,17,800,2,1,1,1,4,92036,M,,,92
201500046836,15,12,17,850,1,1,1,1,1,92050,M,,,92
201500046837,15,12,17,1750,3,1,1,1,3,92048,M,,,92
201500046838,15,12,17,2246,5,1,1,2,6,92036,M,,,92
201500046839,15,12,19,435,5,1,1,1,6,92048,M,,,92
201500046840,15,12,19,1733,2,1,1,1,6,78217,M,,,78
201500046841,15,12,19,1736,1,1,1,1,6,78217,M,,,78
201500046842,15,12,20,732,3,1,1,1,6,78126,M,,,78
201500046843,15,12,21,2143,3,1,1,8,3,92036,M,,,92
201500046844,15,12,22,1655,1,1,1,1,1,92025,M,,,92
201500046845,15,12,22,1822,1,1,1,1,5,78073,M,,,78
201500046846,15,12,23,1158,1,1,1,1,2,92064,M,,,92
201500046847,15,12,23,1713,2,1,1,1,1,92036,M,,,92
201500046848,15,12,23,1845,3,1,1,1,3,92072,M,,,92
201500046849,15,12,24,1550,1,1,1,1,3,92050,M,,,92
201500046850,15,12,24,1745,3,1,1,1,2,78455,M,,,78
201500046851,15,12,25,1035,1,1,1,1,6,78640,M,,,78
201500046852,15,12,26,1631,1,1,1,1,6,78242,M,,,78
201500046853,15,12,27,552,5,1,1,1,6,92050,M,,,92
201500046854,15,12,28,1332,1,1,1,1,4,92025,M,,,92
201500046855,15,12,28,1554,1,1,1,1,3,78043,M,,,78
201500046856,15,12,28,1910,3,1,1,1,1,78640,M,,,78
201500046857,15,11,30,835,1,1,1,1,2,78490,M,,,78
201500046858,15,12,30,1824,3,1,1,1,2,78043,M,,,78
201500046859,15,1,2,2000,3,1,1,2,2,91064,M,,,91
201500046860,15,1,3,1710,2,1,1,1,2,94076,M,4879150.0,234460.0,94
201500046861,15,1,3,2215,5,1,1,2,2,91174,M,,,91
201500046862,15,1,5,640,3,1,1,1,3,91216,M,,,91
201500046863,15,1,5,900,1,1,1,5,4,91471,M,,,91
201500046864,15,1,5,1510,1,1,1,1,6,91377,M,,,91
201500046865,15,1,6,1930,3,1,1,1,2,91161,M,,,91
201500046866,15,1,7,1435,1,1,1,1,2,91174,M,,,91
201500046867,15,1,7,1850,3,1,1,1,5,91549,M,,,91
201500046868,15,1,8,638,3,1,1,1,5,91589,M,,,91
201500046869,15,1,8,1455,1,1,1,2,1,91477,M,,,91
201500046870,15,1,8,1642,1,1,1,8,5,91377,M,,,91
201500046871,15,1,9,1220,1,1,1,2,3,91521,M,,,91
201500046872,15,1,9,1300,1,1,1,2,4,91434,M,,,91
201500046873,15,1,9,1405,1,1,1,1,7,91521,M,,,91
201500046874,15,1,9,2050,3,1,1,1,7,91589,M,,,91
201500046875,15,1,9,2350,3,1,1,1,5,94038,M,4878880.0,234413.0,94
201500046876,15,1,10,20,3,1,1,1,2,92019,M,,,92
201500046877,15,1,11,945,1,1,1,1,6,91617,M,,,91
201500046878,15,1,12,830,1,1,1,1,2,94003,M,4880810.0,234045.0,94
201500046879,15,1,16,427,3,1,1,8,6,91286,M,,,91
201500046880,15,1,13,2030,3,1,1,1,2,91064,M,,,91
201500046881,15,1,14,820,2,1,1,1,6,91617,M,,,91
201500046882,15,1,15,945,1,1,1,1,6,91286,M,,,91
201500046883,15,1,15,930,1,1,1,1,6,94021,M,4875960.0,234666.0,94
201500046884,15,1,18,1130,1,1,1,1,6,91617,M,,,91
201500046885,15,1,19,1816,5,1,1,8,4,94034,M,4876060.0,231928.0,94
201500046886,15,1,19,1900,5,1,1,1,5,91174,M,,,91
201500046887,15,1,19,2100,4,1,1,8,2,91161,M,,,91
201500046888,15,1,19,910,1,1,1,2,4,91471,M,,,91
201500046889,15,1,19,1305,1,1,1,2,6,91086,M,,,91
201500046890,15,1,21,1900,3,1,1,1,4,91086,M,,,91
201500046891,15,1,22,1940,3,1,1,1,2,91432,M,,,91
201500046892,15,1,23,2210,3,1,1,1,6,91179,M,,,91
201500046893,15,1,24,2315,3,1,1,1,6,91377,M,,,91
201500046894,15,1,25,1705,1,1,1,1,2,94076,M,4878620.0,234630.0,94
201500046895,15,1,23,1440,1,1,1,1,5,91689,M,,,91
201500046896,15,1,26,735,5,1,1,2,3,91347,M,,,91
201500046897,15,1,24,1439,1,1,1,1,5,91689,M,,,91
201500046898,15,1,24,1515,1,1,1,1,4,91174,M,,,91
201500046899,15,1,27,1425,1,1,1,1,6,91182,M,,,91
201500046900,15,1,25,653,3,1,1,1,6,91689,M,,,91
201500046901,15,1,29,825,1,1,1,2,2,91692,M,,,91
201500046902,15,1,26,1730,2,1,1,2,6,91521,M,,,91
201500046903,15,1,27,825,1,1,1,1,2,91692,M,,,91
201500046904,15,1,27,915,1,1,1,1,7,94021,M,4877070.0,234567.0,94
201500046905,15,1,28,620,3,1,1,1,2,91161,M,,,91
201500046906,15,1,29,1758,5,1,1,2,3,94034,M,4875680.0,233148.0,94
201500046907,15,1,28,1010,1,1,1,1,2,94065,M,4875530.0,234453.0,94
201500046908,15,1,30,830,2,1,1,1,3,91434,M,,,91
201500046909,15,1,31,1610,1,1,1,2,2,94038,M,4877300.0,234581.0,94
201500046910,15,1,31,1750,2,1,1,2,6,91377,M,,,91
201500046911,15,1,31,1010,1,1,1,1,7,91689,M,,,91
201500046912,15,2,1,1735,1,1,1,2,7,94043,M,4881550.0,235611.0,94
201500046913,15,2,1,2030,5,1,1,2,3,94034,M,4875620.0,234072.0,94
201500046914,15,1,30,1411,1,1,1,2,6,91434,M,,,91
201500046915,15,1,30,1440,1,1,1,1,4,91692,M,4867182.0,219381.0,91
201500046916,15,1,30,1450,1,1,1,8,2,91692,M,,,91
201500046917,15,1,30,1549,1,1,1,2,2,91161,M,,,91
201500046918,15,2,2,1100,1,1,1,2,2,94065,M,4875500.0,234448.0,94
201500046919,15,1,31,1145,1,1,1,2,6,91432,M,,,91
201500046920,15,1,31,2135,3,1,1,2,6,91617,M,,,91
201500046921,15,2,1,648,5,1,1,1,6,91345,M,,,91
201500046922,15,2,1,930,1,1,1,1,6,94034,M,4875610.0,234111.0,94
201500046923,15,2,1,2331,3,1,1,1,3,91477,M,,,91
201500046924,15,2,2,500,3,1,1,1,6,91182,M,,,91
201500046925,15,2,3,830,1,1,1,1,2,91692,M,,,91
201500046926,15,2,4,920,1,1,1,1,3,94021,M,4876430.0,234239.0,94
201500046927,15,2,4,1300,1,1,1,1,7,94021,M,4877090.0,234476.0,94
201500046928,15,2,4,1842,3,1,1,1,2,91377,M,,,91
201500046929,15,2,5,1200,1,1,1,1,5,91228,M,,,91
201500046930,15,2,5,1654,1,1,1,1,6,91645,M,,,91
201500046931,15,2,7,1105,1,1,1,1,5,91174,M,,,91
201500046932,15,2,9,900,1,1,1,1,2,91521,M,,,91
201500046933,15,2,9,915,1,1,1,1,2,91161,M,,,91
201500046934,15,2,8,2235,3,1,1,1,7,91471,M,,,91
201500046935,15,2,9,1200,1,1,1,1,2,94076,M,4879340.0,234505.0,94
201500046936,15,2,9,1530,1,1,1,1,2,94034,M,4875830.0,233870.0,94
201500046937,15,2,12,400,3,1,1,1,6,91340,M,,,91
201500046938,15,2,11,1827,3,1,1,1,1,91312,M,,,91
201500046939,15,2,11,1008,1,1,1,1,5,91174,M,,,91
201500046940,15,2,12,1615,1,1,1,1,5,91573,M,,,91
201500046941,15,2,12,1840,3,1,1,1,2,91182,M,,,91
201500046942,15,2,12,624,2,1,1,1,2,94021,M,4876340.0,234227.0,94
201500046943,15,2,12,837,1,1,1,1,5,91645,M,,,91
201500046944,15,2,12,926,1,1,1,1,2,91689,M,,,91
201500046945,15,2,13,435,3,1,1,1,2,91617,M,,,91
201500046946,15,2,14,10,5,1,1,2,6,94043,M,4881330.0,235417.0,94
201500046947,15,2,14,115,3,1,1,2,5,91689,M,,,91
201500046948,15,2,14,700,3,1,1,2,3,91689,M,,,91
201500046949,15,2,14,1100,1,1,1,2,6,91471,M,,,91
201500046950,15,2,15,108,3,1,1,1,2,91377,M,,,91
201500046951,15,2,15,146,5,1,1,1,2,94034,M,4875680.0,233475.0,94
201500046952,15,2,14,1725,1,1,1,2,3,91161,M,,,91
201500046953,15,2,14,1730,1,1,1,2,6,91340,M,,,91
201500046954,15,2,15,2215,3,1,1,1,4,91521,M,,,91
201500046955,15,2,15,1305,1,1,1,1,6,91617,M,,,91
201500046956,15,2,16,830,1,1,1,5,4,91161,M,,,91
201500046957,15,2,16,2130,3,1,1,1,5,94076,M,4879290.0,234429.0,94
201500046958,15,2,17,2120,4,1,1,1,6,91521,M,,,91
201500046959,15,2,17,1935,3,1,1,1,6,77251,M,,,77
201500046960,15,2,19,722,2,1,1,1,6,91521,M,,,91
201500046961,15,2,20,1240,1,1,1,2,5,91235,M,,,91
201500046962,15,2,20,1300,1,1,1,2,2,94034,M,4875040.0,232847.0,94
201500046963,15,2,21,1240,1,1,1,1,6,91161,M,,,91
201500046964,15,2,22,410,3,1,1,1,2,91161,M,,,91
201500046965,15,2,20,2105,3,1,1,3,7,94038,M,4877710.0,234597.0,94
201500046966,15,2,21,1639,1,1,1,9,6,91434,M,,,91
201500046967,15,2,22,2325,3,1,1,1,6,94034,M,4875710.0,233487.0,94
201500046968,15,2,25,1740,1,1,1,2,6,91521,M,,,91
201500046969,15,2,26,1040,1,1,1,2,6,91521,M,,,91
201500046970,15,2,27,1437,1,1,1,1,6,91661,M,,,91