Num_Acc,an,mois,jour,hrmn,lum,agg,int,atm,col,com,gps,lat,long,dep
201500046971,15,3,2,1145,1,1,1,1,2,94038,M,4878790.0,234454.0,94
201500046972,15,2,28,1810,3,1,1,2,6,92002,M,,,92
201500046973,15,3,1,900,1,1,1,1,6,91521,M,,,91
201500046974,15,3,2,907,1,1,1,1,1,91136,M,,,91
201500046975,15,3,1,1030,1,1,1,1,6,91521,M,,,91
201500046976,15,3,1,2152,3,1,1,1,7,91521,M,,,91
201500046977,15,3,2,1610,1,1,1,1,4,91161,M,,,91
201500046978,15,3,2,1550,1,1,1,1,2,91521,M,,,91
201500046979,15,3,3,1930,3,1,1,2,6,91666,M,,,91
201500046980,15,3,5,1040,1,1,1,1,4,94034,M,4876020.0,232048.0,94
201500046981,15,3,5,1230,1,1,1,1,7,94034,M,4875630.0,233940.0,94
201500046982,15,3,5,1700,1,1,1,1,4,91434,M,,,91
201500046983,15,3,9,855,1,1,1,1,3,91179,M,,,91
201500046984,15,3,8,2005,4,1,1,1,2,91521,M,,,91
201500046985,15,3,6,1530,1,1,1,1,2,91174,M,,,91
201500046986,15,3,6,1640,1,1,1,1,5,91689,M,,,91
201500046987,15,3,6,1700,1,1,1,1,3,94038,M,4877480.0,234591.0,94
201500046988,15,3,7,1050,1,1,1,1,5,91161,M,,,91
201500046989,15,3,9,1830,2,1,1,1,2,77251,M,,,77
201500046990,15,3,10,945,1,1,1,1,2,94043,M,4881030.0,234982.0,94
201500046991,15,3,11,800,1,1,1,1,2,94043,M,4881510.0,235583.0,94
201500046992,15,3,10,1750,1,1,1,1,4,91471,M,,,91
201500046993,15,3,11,2240,3,1,1,1,3,94021,M,4876270.0,234075.0,94
201500046994,15,3,11,1830,1,1,1,1,2,91161,M,,,91
201500046995,15,3,11,705,2,1,1,1,5,94034,M,4875370.0,233227.0,94
201500046996,15,3,11,715,2,1,1,1,2,91312,M,,,91
201500046997,15,3,12,340,3,1,1,1,6,91286,M,,,91
201500046998,15,3,12,1440,1,1,1,1,7,91477,M,,,91
201500046999,15,3,14,1500,1,1,1,1,3,91345,M,,,91
201500047000,15,3,14,2250,3,1,1,1,1,91312,M,,,91
201500047001,15,3,17,2240,3,1,1,1,2,91312,M,,,91
201500047002,15,3,17,2232,3,1,1,1,2,91174,M,,,91
201500047003,15,3,17,720,1,1,1,1,2,91037,M,,,91
201500047004,15,3,15,1210,1,1,1,1,2,77251,M,,,77
201500047005,15,3,18,1555,1,1,1,1,3,94076,M,4879520.0,234520.0,94
201500047006,15,3,19,1750,1,1,1,1,5,91477,M,,,91
201500047007,15,3,19,2134,5,1,1,1,3,94038,M,4878830.0,234432.0,94
201500047008,15,3,19,620,2,1,1,1,5,91549,M,,,91
201500047009,15,3,19,915,1,1,1,1,4,91103,M,,,91
201500047010,15,3,19,1501,1,1,1,1,2,94043,M,4881230.0,235244.0,94
201500047011,15,3,19,1750,1,1,1,1,5,91161,M,,,91
201500047012,15,3,24,215,3,1,1,1,2,91521,M,,,91
201500047013,15,3,23,700,2,1,1,1,6,91103,M,,,91
201500047014,15,3,23,1945,3,1,1,1,2,91174,M,,,91
201500047015,15,3,24,830,1,1,1,1,2,94038,M,4877300.0,234581.0,94
201500047016,15,3,25,922,1,1,1,1,2,91179,M,,,91
201500047017,15,3,26,1625,1,1,1,1,7,92002,M,,,92
201500047018,15,4,8,840,1,1,1,1,4,91286,M,,,91
201500047019,15,3,27,125,3,1,1,1,5,91432,M,,,91
201500047020,15,3,26,1015,1,1,1,1,4,91471,M,,,91
201500047021,15,3,27,1722,1,1,1,1,3,91377,M,,,91
201500047022,15,4,8,1006,1,1,1,1,4,91434,M,,,91
201500047023,15,3,28,2330,3,1,1,8,7,91347,M,,,91
201500047024,15,3,29,1245,1,1,1,2,6,94034,M,4875880.0,233629.0,94
201500047025,15,3,29,1905,1,1,1,2,6,91521,M,,,91
201500047026,15,3,29,2015,3,1,1,2,2,91589,M,,,91
201500047027,15,3,29,2245,3,1,1,2,6,91161,M,,,91
201500047028,15,3,26,833,1,1,1,1,2,91136,M,,,91
201500047029,15,3,30,1940,1,1,1,1,5,91340,M,,,91
201500047030,15,3,31,1636,1,1,1,1,2,94003,M,4880730.0,234107.0,94
201500047031,15,4,1,1930,1,1,1,1,5,91661,M,,,91
201500047032,15,4,1,900,1,1,1,2,2,91363,M,,,91
201500047033,15,4,2,915,1,1,1,2,4,91661,M,,,91
201500047034,15,4,4,1150,1,1,1,2,6,91617,M,,,91
201500047035,15,4,5,1548,1,1,1,1,7,91521,M,,,91
201500047036,15,4,3,1800,1,1,1,2,3,91161,M,,,91
201500047037,15,4,3,1815,1,1,1,2,5,91521,M,,,91
201500047038,15,4,3,1850,1,1,1,3,3,91179,M,,,91
201500047039,15,4,3,2115,5,1,1,2,7,94021,M,4876310.0,234108.0,94
201500047040,15,4,3,2230,3,1,1,3,2,91179,M,,,91
201500047041,15,4,5,1846,1,1,1,1,4,94034,M,4875850.0,232527.0,94
201500047042,15,4,5,2015,3,1,1,1,7,91086,M,,,91
201500047043,15,4,6,1505,1,1,1,1,7,94003,M,4881290.0,233613.0,94
201500047044,15,4,7,1630,1,1,1,1,2,91312,M,,,91
201500047045,15,4,7,1815,1,1,1,1,4,91086,M,,,91
201500047046,15,4,7,1050,1,1,1,1,4,92002,M,,,92
201500047047,15,4,7,1206,1,1,1,1,3,91689,M,,,91
201500047048,15,3,31,1717,1,1,1,1,2,91216,M,,,91
201500047049,15,4,9,835,1,1,1,1,2,91086,M,,,91
201500047050,15,4,9,2000,1,1,1,1,6,91161,M,,,91
201500047051,15,4,10,830,1,1,1,1,3,94038,M,4877300.0,234581.0,94
201500047052,15,4,10,1000,1,1,1,1,2,91477,M,,,91
201500047053,15,4,12,1644,1,1,1,1,2,91589,M,,,91
201500047054,15,4,10,2000,1,1,1,1,3,91377,M,,,91
201500047055,15,4,11,1710,1,1,1,2,2,91617,M,,,91
201500047056,15,4,12,159,3,1,1,1,2,91471,M,,,91
201500047057,15,4,13,1830,1,1,1,1,2,91312,M,,,91
201500047058,15,4,13,630,2,1,1,1,5,91286,M,,,91
201500047059,15,4,13,816,1,1,1,1,4,91377,M,,,91
201500047060,15,4,14,1925,2,1,1,1,2,94034,M,4875940.0,232291.0,94
201500047061,15,4,14,1930,1,1,1,1,2,91064,M,,,91
201500047062,15,4,15,1120,1,1,1,1,5,94076,M,4879340.0,234490.0,94
201500047063,15,4,19,1955,1,1,1,1,4,94034,M,4876060.0,231928.0,94
201500047064,15,4,17,1644,1,1,1,1,4,94034,M,4876100.0,231808.0,94
201500047065,15,4,18,1220,1,1,1,1,3,91363,M,,,91
201500047066,15,4,19,1130,1,1,1,1,5,92002,M,,,92
201500047067,15,4,20,811,1,1,1,1,5,94034,M,4875650.0,233303.0,94
201500047068,15,4,20,1855,1,1,1,1,4,91182,M,,,91
201500047069,15,4,21,1005,1,1,1,1,6,91363,M,,,91
201500047070,15,4,22,1800,1,1,1,1,3,91182,M,,,91
201500047071,15,4,23,1500,1,1,1,1,3,91363,M,,,91
201500047072,15,4,23,1735,1,1,1,1,2,91340,M,,,91
201500047073,15,4,23,1850,1,1,1,1,3,91161,M,,,91
201500047074,15,4,23,1807,1,1,1,1,3,91182,M,,,91
201500047075,15,4,25,1435,1,1,1,1,6,91468,M,,,91
201500047076,15,4,25,331,3,1,1,1,3,91689,M,,,91
201500047077,15,4,26,1600,1,1,1,3,3,91216,M,,,91
201500047078,15,4,26,1750,1,1,1,3,6,94034,M,4875770.0,233954.0,94
201500047079,15,4,26,1915,1,1,9,2,6,91521,M,,,91
201500047080,15,4,26,2217,3,1,1,2,6,91521,M,,,91
201500047081,15,4,26,2243,5,1,1,2,5,91521,M,,,91
201500047082,15,4,24,900,1,1,1,1,4,94034,M,4875630.0,233940.0,94
201500047083,15,4,25,1047,1,1,1,1,4,91179,M,,,91
201500047084,15,4,25,903,1,1,1,8,6,91617,M,,,91
201500047085,15,4,27,1710,1,1,1,1,2,91645,M,,,91
201500047086,15,4,29,1230,1,1,1,1,4,91689,M,,,91
201500047087,15,4,29,1831,1,1,1,1,2,91434,M,,,91
201500047088,15,4,29,1915,1,1,1,1,2,91161,M,,,91
201500047089,15,5,1,1400,1,1,1,2,6,91136,M,,,91
201500047090,15,5,1,1700,1,1,1,1,6,91136,M,,,91
201500047091,15,5,1,1420,1,1,1,2,6,91617,M,,,91
201500047092,15,5,1,1500,1,1,1,2,7,91340,M,,,91
201500047093,15,5,1,1600,1,1,1,3,7,91182,M,,,91
201500047094,15,5,1,1630,1,1,1,2,6,94034,M,4875580.0,233918.0,94
201500047095,15,5,1,1800,1,1,1,2,6,94034,M,4875630.0,233940.0,94
201500047096,15,5,1,1735,1,1,1,3,6,91521,M,,,91
201500047097,15,5,2,1800,1,1,1,3,3,91235,M,,,91
201500047098,15,5,2,1930,1,1,1,2,4,92002,M,,,92
201500047099,15,5,4,950,1,1,1,1,4,91161,M,,,91
201500047100,15,4,30,840,1,1,1,2,7,94034,M,4875710.0,233022.0,94
201500047101,15,4,30,1826,1,1,1,3,2,91136,M,,,91
201500047102,15,4,30,1947,1,1,1,2,7,91434,M,,,91
201500047103,15,5,1,843,1,1,1,3,7,91235,M,,,91
201500047104,15,5,1,725,1,1,1,3,6,91645,M,,,91
201500047105,15,5,2,1135,1,1,1,3,7,91477,M,,,91
201500047106,15,5,3,250,3,1,1,3,6,94043,M,4881310.0,235421.0,94
201500047107,15,5,3,1740,1,1,1,2,4,91521,M,,,91
201500047108,15,5,5,50,3,1,1,8,6,91179,M,,,91
201500047109,15,5,5,1,3,1,1,8,4,94034,M,4875870.0,232530.0,94
201500047110,15,5,5,1139,1,1,1,1,4,94076,M,4879250.0,234467.0,94
201500047111,15,5,6,1854,1,1,1,1,5,91161,M,,,91
201500047112,15,5,7,1820,1,1,1,1,6,91521,M,,,91
201500047113,15,5,7,1840,1,1,1,1,5,94076,M,4879610.0,234496.0,94
201500047114,15,5,7,845,1,1,1,1,2,91086,M,,,91
201500047115,15,5,7,847,1,1,1,1,3,77251,M,,,77
201500047116,15,5,8,1214,1,1,1,1,2,91468,M,,,91
201500047117,15,5,10,1930,1,1,1,1,3,91687,M,,,91
201500047118,15,5,11,715,1,1,1,1,7,91553,M,,,91
201500047119,15,5,11,1810,1,1,1,1,2,91687,M,,,91
201500047120,15,5,11,1750,1,1,1,1,3,91471,M,,,91
201500047121,15,5,12,945,1,1,1,1,2,91549,M,,,91
201500047122,15,5,12,1440,1,1,1,1,5,91179,M,,,91
201500047123,15,5,12,1948,1,1,1,1,4,91161,M,,,91
201500047124,15,5,12,1800,1,1,1,1,3,91363,M,,,91
201500047125,15,5,13,1600,1,1,1,1,2,94038,M,4877330.0,234571.0,94
201500047126,15,5,14,1805,1,1,1,8,6,94003,M,4880810.0,234045.0,94
201500047127,15,5,13,1053,1,1,1,1,2,94003,M,4880100.0,234354.0,94
201500047128,15,5,15,1900,1,1,1,1,5,91174,M,,,91
201500047129,15,5,16,1730,1,1,1,1,4,91216,M,,,91
201500047130,15,5,17,2240,3,1,1,1,3,91182,M,,,91
201500047131,15,5,19,150,3,1,1,1,2,91161,M,,,91
201500047132,15,5,19,1520,1,1,1,1,2,94021,M,4876270.0,234099.0,94
201500047133,15,5,19,1815,1,1,1,1,3,94003,M,4880380.0,234200.0,94
201500047134,15,5,19,2000,1,1,1,3,2,94043,M,4881350.0,235468.0,94
201500047135,15,5,20,840,1,1,1,1,5,91471,M,,,91
201500047136,15,5,20,1305,1,1,1,1,3,91432,M,,,91
201500047137,15,5,25,1810,1,1,1,1,1,91661,M,,,91
201500047138,15,5,23,817,1,1,1,1,2,91340,M,,,91
201500047139,15,5,23,2340,3,1,1,1,2,91434,M,,,91
201500047140,15,5,24,2035,1,1,1,1,6,91179,M,,,91
201500047141,15,5,26,1145,1,1,1,1,3,94016,M,4879250.0,234467.0,94
201500047142,15,5,26,1245,1,1,1,1,7,91645,M,,,91
201500047143,15,5,26,1435,1,1,1,1,2,91377,M,,,91
201500047144,15,5,27,820,1,1,1,1,3,92019,M,,,92
201500047145,15,5,27,1200,1,1,1,1,1,91377,M,,,91
201500047146,15,5,27,1830,1,1,1,1,4,94034,M,4876040.0,231988.0,94
201500047147,15,5,28,915,1,1,1,1,4,91553,M,,,91
201500047148,15,5,28,1950,1,1,1,1,7,77251,M,4863220.0,252861.0,77
201500047149,15,5,30,302,3,1,1,2,5,91521,M,,,91
201500047150,15,5,30,1445,1,1,1,2,6,91521,M,,,91
201500047151,15,5,31,1545,1,1,1,2,6,91521,M,,,91
201500047152,15,5,29,850,1,1,1,1,3,91216,M,,,91
201500047153,15,5,30,1627,1,1,1,1,2,91340,M,,,91
201500047154,15,6,1,1500,1,1,1,1,2,91377,M,,,91
201500047155,15,6,1,800,1,1,1,1,2,91570,M,,,91
201500047156,15,6,1,802,1,1,1,1,2,91570,M,,,91
201500047157,15,6,2,830,1,1,1,1,5,91312,M,,,91
201500047158,15,6,2,1200,1,1,1,1,3,91689,M,,,91
201500047159,15,6,2,1010,1,1,1,1,5,91064,M,,,91
201500047160,15,6,2,1710,1,1,1,1,5,91174,M,,,91
201500047161,15,6,2,1825,1,1,1,1,4,91182,M,,,91
201500047162,15,6,2,1745,1,1,1,1,2,94021,M,4875980.0,233844.0,94
201500047163,15,6,3,905,1,1,1,2,5,91687,M,,,91
201500047164,15,6,3,1700,1,1,1,1,2,91363,M,,,91
201500047165,15,6,5,2100,1,1,1,1,3,94021,M,4876290.0,234093.0,94
201500047166,15,6,8,730,1,1,1,1,7,91345,M,,,91
201500047167,15,6,5,1620,1,1,1,1,2,91434,M,,,91
201500047168,15,6,5,1730,1,1,1,1,7,91340,M,,,91
201500047169,15,6,7,2204,3,1,1,1,2,91179,M,,,91
201500047170,15,6,8,920,1,1,1,1,5,91086,M,,,91
201500047171,15,6,8,1300,1,1,1,1,3,91286,M,,,91
201500047172,15,6,8,1900,1,1,1,1,4,91477,M,,,91
201500047173,15,6,8,1800,1,1,1,1,4,94021,M,4876430.0,234220.0,94
201500047174,15,6,9,940,1,1,1,1,3,94003,M,4880080.0,234372.0,94
201500047175,15,6,10,1340,1,1,1,1,3,91161,M,,,91
201500047176,15,6,10,1726,1,1,1,1,7,91286,M,,,91
201500047177,15,6,12,230,3,1,1,2,7,91521,M,,,91
201500047178,15,6,11,1530,1,1,1,1,3,94003,M,4880110.0,234196.0,94
201500047179,15,6,12,2015,1,1,1,1,2,91136,M,,,91
201500047180,15,6,12,2015,1,1,1,1,4,91064,M,,,91
201500047181,15,6,13,1845,1,1,1,1,5,91689,M,,,91
201500047182,15,6,15,950,1,1,1,1,3,91534,M,,,91
201500047183,15,6,15,930,1,1,1,1,2,91432,M,,,91
201500047184,15,6,15,940,1,1,1,1,4,91179,M,,,91
201500047185,15,6,14,1835,1,1,1,1,2,91377,M,,,91
201500047186,15,6,14,35,5,1,1,1,2,91161,M,,,91
201500047187,15,6,13,1253,1,1,1,1,4,91161,M,,,91
201500047188,15,6,15,1755,1,1,1,1,3,94038,M,4877970.0,234643.0,94
201500047189,15,6,13,10,5,1,1,1,6,94003,M,4881290.0,233613.0,94
201500047190,15,6,16,1450,1,1,1,1,3,91235,M,,,91
201500047191,15,6,17,1200,1,1,1,1,3,91235,M,,,91
201500047192,15,6,17,1405,1,1,1,1,4,94038,M,4877750.0,234637.0,94
201500047193,15,6,17,1440,1,1,1,1,3,91689,M,,,91
201500047194,15,6,17,1655,1,1,1,1,3,91570,M,,,91
201500047195,15,6,17,2101,2,1,1,1,7,94034,M,4875740.0,234025.0,94
201500047196,15,6,18,755,2,1,1,1,3,94076,M,4879610.0,234497.0,94
201500047197,15,6,19,1755,1,1,1,1,7,91477,M,,,91
201500047198,15,6,19,1550,1,1,1,1,2,94034,M,4875140.0,233021.0,94
201500047199,15,6,20,35,3,1,1,1,3,91377,M,,,91
201500047200,15,6,21,1330,1,1,1,1,7,91161,M,,,91
201500047201,15,6,22,337,3,1,1,1,7,91689,M,,,91
201500047202,15,6,22,1800,1,1,1,2,7,91589,M,,,91
201500047203,15,6,22,2032,1,1,1,2,5,91340,M,,,91
201500047204,15,6,23,115,3,1,1,2,6,91064,M,,,91
201500047205,15,6,23,739,1,1,1,1,5,91521,M,,,91
201500047206,15,6,24,1400,1,1,1,1,5,92002,M,,,92
201500047207,15,6,24,750,1,1,1,1,2,91689,M,,,91
201500047208,15,6,26,207,5,1,1,1,2,94021,M,4876040.0,233878.0,94
201500047209,15,6,26,930,1,1,1,1,4,91549,M,,,91
201500047210,15,6,26,1015,1,1,1,1,2,91345,M,,,91
201500047211,15,6,26,1000,1,1,1,1,7,91339,M,,,91
201500047212,15,6,27,1635,1,1,1,1,3,91570,M,,,91
201500047213,15,6,26,1750,1,1,1,1,3,91161,M,,,91
201500047214,15,6,28,1706,1,1,1,1,2,91064,M,,,91
201500047215,15,6,28,1940,1,1,1,1,4,91521,M,,,91
201500047216,15,6,29,930,1,1,1,1,2,94038,M,4879010.0,234459.0,94
201500047217,15,6,29,830,1,1,1,1,2,91570,M,,,91
201500047218,15,6,29,1348,1,1,1,1,2,91570,M,,,91
201500047219,15,6,29,1752,1,1,1,1,2,91339,M,,,91
201500047220,15,5,29,1245,1,1,1,1,7,94037,M,4881640.0,233676.0,94
201500047221,15,7,1,1700,1,1,1,1,6,91432,M,,,91
201500047222,15,7,2,920,1,1,1,1,5,91692,M,,,91
201500047223,15,7,3,120,5,1,1,1,2,91174,M,,,91
201500047224,15,7,2,2015,1,1,1,1,3,94034,M,4875550.0,234120.0,94
201500047225,15,7,3,1100,1,1,1,1,2,91363,M,,,91
201500047226,15,7,3,2325,3,1,1,1,5,91182,M,,,91
201500047227,15,7,5,2020,1,1,1,1,2,91286,M,,,91
201500047228,15,7,3,1640,1,1,1,1,7,91689,M,,,91
201500047229,15,7,5,1000,1,1,1,1,7,77495,M,,,77
201500047230,15,7,5,1524,1,1,1,1,4,91345,M,,,91
201500047231,15,7,7,1815,1,1,1,1,2,91161,M,,,91
201500047232,15,7,7,1915,1,1,1,1,7,94034,M,4876020.0,232049.0,94
201500047233,15,7,8,1440,1,1,1,1,3,91086,M,,,91
201500047234,15,7,8,1900,1,1,1,1,2,91521,M,,,91
201500047235,15,7,12,1145,1,1,1,1,6,91161,M,,,91
201500047236,15,7,10,700,1,1,1,1,5,91687,M,,,91
201500047237,15,7,10,715,1,1,1,1,4,91377,M,,,91
201500047238,15,7,11,20,3,1,1,1,2,91174,M,,,91
201500047239,15,7,12,954,1,1,1,1,6,91182,M,,,91
201500047240,15,7,13,1430,1,1,1,1,2,94076,M,4879600.0,234414.0,94
201500047241,15,7,15,105,5,1,1,1,2,91161,M,,,91
201500047242,15,7,15,800,1,1,1,1,7,92002,M,,,92
201500047243,15,7,14,1515,1,1,1,1,6,91161,M,,,91
201500047244,15,7,14,1725,1,1,1,1,7,91377,M,,,91
201500047245,15,7,15,1940,1,1,1,1,2,91286,M,,,91
201500047246,15,7,16,930,1,1,1,1,3,91136,M,,,91
201500047247,15,7,16,1900,1,1,1,1,5,92019,M,,,92
201500047248,15,7,18,1810,1,1,1,1,5,91086,M,,,91
201500047249,15,7,18,2230,1,1,1,1,6,91477,M,,,91
201500047250,15,7,20,59,5,1,1,1,6,94034,M,4876030.0,232009.0,94
201500047251,15,7,17,715,1,1,1,1,7,91692,M,,,91
201500047252,15,7,17,1935,1,1,1,1,2,91136,M,,,91
201500047253,15,7,17,2110,2,1,1,1,4,91136,M,,,91
201500047254,15,7,18,1930,1,1,1,1,2,77251,M,,,77
201500047255,15,7,18,2334,3,1,1,1,2,91174,M,,,91
201500047256,15,7,22,1840,1,1,1,1,3,94038,M,4878880.0,234508.0,94
201500047257,15,7,23,50,3,1,1,1,6,91161,M,,,91
201500047258,15,7,23,900,1,1,1,1,5,91534,M,,,91
201500047259,15,7,23,1000,1,1,1,1,5,92002,M,,,92
201500047260,15,7,23,1305,1,1,1,1,2,91689,M,,,91
201500047261,15,7,23,1427,1,1,1,1,2,94038,M,4878100.0,234670.0,94
201500047262,15,7,23,1617,1,1,1,1,3,94038,M,4879060.0,234389.0,94
201500047263,15,7,24,215,3,1,1,1,5,91161,M,,,91
201500047264,15,7,24,1720,1,1,1,1,7,91661,M,,,91
201500047265,15,7,25,1720,1,1,1,1,3,94043,M,4881360.0,235451.0,94
201500047266,15,7,25,545,3,1,1,1,2,91553,M,,,91
201500047267,15,7,26,430,3,1,1,1,7,91339,M,,,91
201500047268,15,7,26,1710,1,1,1,2,6,91174,M,,,91
201500047269,15,7,27,1300,1,1,1,1,4,91689,M,,,91
201500047270,15,7,28,845,1,1,1,1,6,91553,M,,,91
201500047271,15,7,31,651,1,1,1,1,2,92002,M,,,92
201500047272,15,7,30,1830,1,1,1,1,4,91182,M,,,91
201500047273,15,7,29,1809,1,1,1,1,4,91477,M,,,91
201500047274,15,7,31,1340,1,1,1,1,2,94034,M,4875710.0,233487.0,94
201500047275,15,7,31,1600,1,1,1,1,2,91521,M,,,91
201500047276,15,7,31,2240,3,1,1,1,7,94034,M,4875320.0,233169.0,94
201500047277,15,8,1,52,3,1,1,1,4,91136,M,,,91
201500047278,15,8,1,2035,2,1,1,1,2,77251,M,,,77
201500047279,15,8,2,1816,1,1,1,1,2,91689,M,,,91
201500047280,15,8,3,1100,1,1,1,1,4,91377,M,,,91
201500047281,15,8,3,1230,1,1,1,1,5,94065,M,4875210.0,235412.0,94
201500047282,15,8,3,1706,1,1,1,1,3,94003,M,4880080.0,234372.0,94
201500047283,15,8,5,27,3,1,1,1,5,94034,M,4875870.0,232530.0,94
201500047284,15,8,8,2110,3,1,1,1,6,91064,M,,,91
201500047285,15,8,7,1718,1,1,1,2,2,92002,M,,,92
201500047286,15,8,7,1900,1,1,1,1,7,91377,M,,,91
201500047287,15,8,7,2350,5,1,1,1,7,91161,M,,,91
201500047288,15,8,9,330,5,1,1,1,6,94038,M,4877120.0,234553.0,94
201500047289,15,8,10,509,3,1,1,1,7,94034,M,4875980.0,232170.0,94
201500047290,15,8,10,509,5,1,1,1,7,94034,M,4875980.0,232169.0,94
201500047291,15,8,10,1224,1,1,1,1,5,94043,M,4881260.0,235300.0,94
201500047292,15,8,10,1430,1,1,1,1,4,91235,M,,,91
201500047293,15,8,11,720,1,1,1,1,2,94038,M,4878010.0,234664.0,94
201500047294,15,8,12,1730,1,1,1,8,6,92019,M,,,92
201500047295,15,8,13,1230,1,1,1,1,5,91589,M,,,91
201500047296,15,8,14,150,3,1,1,8,7,91477,M,,,91
201500047297,15,8,14,1315,1,1,1,8,2,91179,M,,,91
201500047298,15,8,14,2110,5,1,1,2,3,94021,M,4876020.0,233884.0,94
201500047299,15,8,15,325,3,1,1,3,6,91136,M,,,91
201500047300,15,8,15,836,1,1,1,8,6,91521,M,,,91
201500047301,15,8,15,918,1,1,1,8,6,91174,M,,,91
201500047302,15,8,16,845,1,1,1,1,7,91037,M,,,91
201500047303,15,8,16,1717,1,1,1,1,2,91689,M,,,91
201500047304,15,8,17,1800,1,1,1,1,2,91086,M,,,91
201500047305,15,8,19,1200,1,1,1,1,5,91434,M,,,91
201500047306,15,8,21,1130,1,1,1,1,4,94003,M,4880060.0,234375.0,94
201500047307,15,8,20,845,1,1,1,2,6,91521,M,,,91
201500047308,15,8,20,800,1,1,1,2,2,92002,M,,,92
201500047309,15,8,20,840,1,1,1,2,2,91286,M,,,91
201500047310,15,8,23,1600,1,1,1,1,5,94038,M,4878880.0,234508.0,94
201500047311,15,8,21,1610,1,1,1,1,2,91179,M,,,91
201500047312,15,8,22,1220,1,1,1,1,4,91689,M,,,91
201500047313,15,8,22,2115,3,1,1,1,6,91689,M,,,91
201500047314,15,8,22,2215,3,1,1,1,5,92019,M,,,92
201500047315,15,8,23,415,3,1,1,1,3,91687,M,,,91
201500047316,15,8,25,740,1,1,1,1,2,91216,M,,,91
201500047317,15,8,25,2120,3,1,1,2,7,91340,M,,,91
201500047318,15,8,26,1045,1,1,1,1,3,94076,M,4879340.0,234505.0,94
201500047319,15,8,26,1200,1,1,1,1,5,94038,M,4877840.0,234647.0,94
201500047320,15,8,26,1330,1,1,1,1,2,91689,M,,,91
201500047321,15,8,27,550,5,1,1,3,2,91377,M,,,91
201500047322,15,8,27,820,1,1,1,3,7,91689,M,,,91
201500047323,15,8,27,1815,1,1,1,3,3,91182,M,,,91
201500047324,15,8,29,1710,1,1,1,1,4,91064,M,,,91
201500047325,15,8,29,1835,1,1,1,1,4,92002,M,,,92
201500047326,15,8,29,2325,3,1,1,1,7,91434,M,,,91
201500047327,15,8,30,710,1,1,1,1,3,91434,M,,,91
201500047328,15,8,31,525,2,1,1,1,6,94037,M,4881380.0,233623.0,94
201500047329,15,8,28,740,2,1,1,1,6,91521,M,,,91
201500047330,15,8,28,1800,1,1,1,1,2,91377,M,,,91
201500047331,15,8,28,1805,1,1,1,1,4,91174,M,,,91
201500047332,15,8,28,908,1,1,1,1,7,94038,M,4878440.0,234610.0,94
201500047333,15,8,28,850,1,1,1,1,4,91363,M,,,91
201500047334,15,8,29,1050,1,1,1,1,2,94034,M,4875970.0,232167.0,94
201500047335,15,8,29,1245,1,1,1,1,4,91161,M,,,91
201500047336,15,8,29,532,3,1,1,1,2,91689,M,,,91
201500047337,15,8,31,1625,1,1,1,1,6,91161,M,,,91
201500047338,15,9,1,745,1,1,1,2,6,91521,M,,,91
201500047339,15,9,1,715,3,1,1,2,7,91377,M,,,91
201500047340,15,9,2,1245,1,1,1,1,2,91553,M,,,91
201500047341,15,9,2,1230,1,1,1,1,4,91521,M,,,91
201500047342,15,9,2,2218,1,1,1,1,2,91363,M,,,91
201500047343,15,9,3,1010,1,1,1,1,1,91534,M,,,91
201500047344,15,9,3,1820,1,1,1,1,2,94003,M,4881040.0,233839.0,94
201500047345,15,9,3,1840,1,1,1,1,2,91179,M,,,91
201500047346,15,9,3,1953,1,1,1,1,3,94038,M,4877800.0,234607.0,94
201500047347,15,9,6,1830,1,1,1,1,4,91179,M,,,91
201500047348,15,9,4,1200,1,1,1,1,5,94021,M,4876170.0,234001.0,94
201500047349,15,9,6,1555,1,1,1,1,4,91689,M,,,91
201500047350,15,9,6,1945,1,1,1,1,2,91182,M,,,91
201500047351,15,9,6,2245,1,1,1,1,6,92002,M,,,92
201500047352,15,9,7,1800,1,1,1,1,2,91064,M,,,91
201500047353,15,9,8,620,3,1,1,1,7,91589,M,,,91
201500047354,15,9,9,530,3,1,1,1,7,91570,M,,,91
201500047355,15,9,9,740,1,1,1,1,6,91521,M,,,91
201500047356,15,9,8,1950,1,1,1,1,2,92002,M,,,92
201500047357,15,9,9,535,3,1,1,1,1,77296,M,,,77
201500047358,15,9,9,1010,1,1,1,1,6,91521,M,,,91
201500047359,15,9,10,2328,5,1,1,1,6,91340,M,,,91
201500047360,15,9,10,738,1,1,1,1,2,91534,M,,,91
201500047361,15,9,12,1905,1,1,1,2,6,94034,M,4875830.0,233722.0,94
201500047362,15,9,12,2020,3,1,1,2,6,91521,M,,,91
201500047363,15,9,13,1055,1,1,1,3,1,91064,M,,,91
201500047364,15,9,13,1500,1,1,1,2,6,91363,M,,,91
201500047365,15,9,13,1440,1,1,1,2,3,91228,M,,,91
201500047366,15,9,13,1525,1,1,1,1,6,91161,M,,,91
201500047367,15,9,13,1455,1,1,1,3,6,94065,M,4875510.0,234576.0,94
201500047368,15,9,12,2220,3,1,1,1,6,91377,M,,,91
201500047369,15,9,13,435,5,1,1,1,6,91377,M,,,91
201500047370,15,8,28,803,1,1,1,1,7,91477,M,,,91
201500047371,15,9,12,2130,1,1,1,2,6,91617,M,,,91
201500047372,15,9,14,1827,1,1,1,2,3,91286,M,,,91
201500047373,15,9,14,1615,1,1,1,2,6,91692,M,,,91
201500047374,15,9,15,830,1,1,1,2,5,91521,M,,,91
201500047375,15,9,15,745,2,1,1,3,5,94034,M,4875220.0,233068.0,94
201500047376,15,9,16,557,3,1,1,2,5,91161,M,,,91
201500047377,15,9,16,1735,1,1,1,2,2,91521,M,,,91
201500047378,15,9,16,1248,1,1,1,2,2,94034,M,4876190.0,231505.0,94