Num_Acc,an,mois,jour,hrmn,lum,agg,int,atm,col,com,gps,lat,long,dep
201500047379,15,9,17,1700,1,1,1,1,5,91689,M,,,91
201500047380,15,9,11,600,3,1,1,1,5,94021,M,4876230.0,234063.0,94
201500047381,15,9,18,2000,3,1,1,3,7,91689,M,,,91
201500047382,15,9,19,1550,1,1,1,1,4,91617,M,,,91
201500047383,15,9,20,1739,1,1,1,1,2,91340,M,,,91
201500047384,15,9,20,2358,3,1,1,1,6,91589,M,,,91
201500047385,15,9,21,1352,1,1,1,1,2,94003,M,4880730.0,234107.0,94
201500047386,15,9,21,1801,1,1,1,1,5,94038,M,4877530.0,234632.0,94
201500047387,15,9,21,900,1,1,1,1,2,91161,M,,,91
201500047388,15,9,27,1704,1,1,1,1,4,91064,M,,,91
201500047389,15,9,22,1430,1,1,1,1,4,91161,M,,,91
201500047390,15,9,23,1510,1,1,1,1,6,94076,M,4879200.0,234469.0,94
201500047391,15,9,23,2100,3,1,1,1,5,91161,M,,,91
201500047392,15,9,24,945,1,1,1,1,2,91136,M,,,91
201500047393,15,9,24,1820,1,1,1,1,3,91534,M,,,91
201500047394,15,9,24,2230,5,1,1,2,7,94043,M,4881290.0,235352.0,94
201500047395,15,9,25,402,3,1,1,8,6,91377,M,,,91
201500047396,15,9,25,800,1,1,1,1,7,91161,M,,,91
201500047397,15,9,25,745,2,1,1,1,4,91471,M,,,91
201500047398,15,9,25,925,1,1,1,1,7,91064,M,,,91
201500047399,15,9,26,1135,1,1,1,1,4,94043,M,4881510.0,235582.0,94
201500047400,15,9,27,335,3,1,1,1,2,91617,M,,,91
201500047401,15,9,27,2116,5,1,1,1,6,91553,M,,,91
201500047402,15,9,27,1803,1,1,1,1,3,94076,M,4878690.0,234604.0,94
201500047403,15,9,27,1920,1,1,1,1,6,91589,M,,,91
201500047404,15,9,28,1810,1,1,1,1,7,91064,M,,,91
201500047405,15,9,29,810,1,1,1,1,3,91687,M,,,91
201500047406,15,9,29,900,1,1,1,1,2,94034,M,4875610.0,233364.0,94
201500047407,15,9,29,1810,1,1,1,1,2,92002,M,,,92
201500047408,15,9,29,1845,2,1,1,1,2,91521,M,,,91
201500047409,15,9,30,730,1,1,1,1,6,91347,M,,,91
201500047410,15,9,30,2245,5,1,1,1,3,94021,M,4876440.0,234249.0,94
201500047411,15,10,1,859,1,1,1,1,3,91689,M,,,91
201500047412,15,10,1,900,1,1,1,1,5,91589,M,,,91
201500047413,15,10,1,1000,1,1,1,1,2,91179,M,,,91
201500047414,15,10,2,1700,1,1,1,1,4,91235,M,,,91
201500047415,15,10,2,1746,1,1,1,1,2,91161,M,,,91
201500047416,15,10,2,1738,1,1,1,1,7,91377,M,,,91
201500047417,15,10,2,1926,3,1,1,1,4,94034,M,4875690.0,233512.0,94
201500047418,15,10,2,1913,2,1,1,1,3,92002,M,,,92
201500047419,15,10,3,248,3,1,1,1,6,91161,M,,,91
201500047420,15,10,3,805,1,1,1,1,3,91161,M,,,91
201500047421,15,10,4,1500,1,1,1,8,4,94034,M,4875810.0,232647.0,94
201500047422,15,10,4,1700,1,1,1,8,2,92002,M,,,92
201500047423,15,10,4,1755,1,1,1,1,2,91468,M,,,91
201500047424,15,10,4,2100,3,1,1,1,2,91689,M,,,91
201500047425,15,10,5,1340,1,1,1,3,6,77251,M,,,77
201500047426,15,10,5,1720,1,1,1,3,6,94043,M,4881290.0,235352.0,94
201500047427,15,10,5,1810,1,1,1,2,2,92019,M,,,92
201500047428,15,10,6,525,3,1,1,2,6,91521,M,,,91
201500047429,15,10,5,2100,3,1,1,2,6,91521,M,,,91
201500047430,15,10,6,730,2,1,1,3,7,94021,M,4876430.0,234239.0,94
201500047431,15,10,6,920,1,1,1,2,3,94021,M,4876430.0,234312.0,94
201500047432,15,10,6,1155,1,1,1,1,2,94037,M,4881470.0,233635.0,94
201500047433,15,10,6,1420,1,1,1,2,2,91432,M,,,91
201500047434,15,10,6,1511,1,1,1,2,6,91377,M,,,91
201500047435,15,10,6,1710,1,1,1,2,4,94043,M,4881510.0,235582.0,94
201500047436,15,10,7,225,3,1,1,2,3,91339,M,,,91
201500047437,15,10,7,800,2,1,1,1,5,91363,M,,,91
201500047438,15,10,7,2350,3,1,1,1,6,91534,M,,,91
201500047439,15,10,8,815,1,1,1,1,3,91363,M,,,91
201500047440,15,10,9,140,3,1,1,1,2,91179,M,,,91
201500047441,15,10,9,840,1,1,1,1,3,91434,M,,,91
201500047442,15,10,9,935,1,1,1,1,4,91687,M,,,91
201500047443,15,10,9,1045,1,1,1,1,2,91521,M,,,91
201500047444,15,10,9,1907,2,1,1,1,2,91136,M,,,91
201500047445,15,10,10,1054,1,1,1,1,4,91161,M,,,91
201500047446,15,10,11,2000,3,1,1,1,5,91286,M,,,91
201500047447,15,10,12,424,3,1,1,1,2,91174,M,,,91
201500047448,15,10,10,1130,1,1,1,1,2,91345,M,,,91
201500047449,15,10,12,945,1,1,1,1,7,94021,M,4876480.0,234207.0,94
201500047450,15,10,12,950,1,1,1,1,4,94043,M,4881570.0,235628.0,94
201500047451,15,10,12,1940,3,1,1,1,3,91086,M,,,91
201500047452,15,10,13,2045,3,1,1,1,2,94065,M,4875520.0,234316.0,94
201500047453,15,10,14,725,2,1,1,1,3,94021,M,4876350.0,234181.0,94
201500047454,15,10,14,1235,1,1,1,1,6,91179,M,,,91
201500047455,15,10,15,745,2,1,1,2,2,91589,M,,,91
201500047456,15,10,15,1725,1,1,1,1,2,91689,M,,,91
201500047457,15,10,16,903,1,1,1,2,7,91136,M,,,91
201500047458,15,10,16,950,1,1,1,2,2,94003,M,4880090.0,234198.0,94
201500047459,15,10,17,2000,3,1,1,2,5,91432,M,,,91
201500047460,15,10,19,1715,1,1,1,1,6,91340,M,,,91
201500047461,15,10,20,810,2,1,1,1,5,91689,M,,,91
201500047462,15,10,20,730,2,1,1,1,2,94038,M,4878890.0,234449.0,94
201500047463,15,10,20,1609,1,1,1,1,4,91136,M,,,91
201500047464,15,10,20,1830,2,1,1,2,3,91377,M,,,91
201500047465,15,10,21,1648,1,1,1,1,6,94021,M,4876910.0,234379.0,94
201500047466,15,10,22,905,1,1,1,2,2,94021,M,4876990.0,234515.0,94
201500047467,15,10,23,1100,1,1,1,1,3,91179,M,,,91
201500047468,15,10,24,1045,1,1,1,1,2,91377,M,,,91
201500047469,15,10,24,1140,1,1,1,1,4,91347,M,,,91
201500047470,15,10,26,830,1,1,1,8,3,91286,M,,,91
201500047471,15,10,26,1035,1,1,1,1,2,91645,M,,,91
201500047472,15,10,26,1220,1,1,1,1,2,94034,M,4875630.0,233940.0,94
201500047473,15,10,25,330,3,1,1,1,7,91521,M,,,91
201500047474,15,10,26,1850,2,1,1,1,2,91136,M,,,91
201500047475,15,10,26,1510,1,1,1,1,2,91521,M,,,91
201500047476,15,10,27,1100,1,1,1,1,6,91521,M,,,91
201500047477,15,10,28,316,3,1,1,3,6,94003,M,4880130.0,234177.0,94
201500047478,15,10,28,938,1,1,1,2,6,91377,M,,,91
201500047479,15,10,28,1930,5,1,1,1,2,94038,M,4878800.0,234554.0,94
201500047480,15,10,29,805,1,1,1,1,3,91161,M,,,91
201500047481,15,10,29,1830,3,1,1,1,4,91174,M,,,91
201500047482,15,10,30,840,2,1,1,1,3,91161,M,,,91
201500047483,15,10,30,1125,1,1,1,1,2,91377,M,0.0,0.0,91
201500047484,15,10,30,1635,1,1,1,1,2,94034,M,4876190.0,231474.0,94
201500047485,15,10,30,2000,3,1,1,1,2,91340,M,,,91
201500047486,15,10,30,2120,3,1,1,1,4,91689,M,,,91
201500047487,15,10,31,1025,1,1,1,1,6,91086,M,,,91
201500047488,15,10,31,1325,1,1,1,1,3,91689,M,,,91
201500047489,15,10,31,1420,1,1,1,1,4,91689,M,,,91
201500047490,15,10,31,1345,1,1,1,1,4,94038,M,4877890.0,234678.0,94
201500047491,15,10,31,1525,1,1,1,1,6,77251,M,4863070.0,253576.0,77
201500047492,15,10,31,1600,1,1,1,1,6,91161,M,,,91
201500047493,15,10,31,1635,1,1,1,1,3,94021,M,4876180.0,234028.0,94
201500047494,15,10,31,1640,1,1,1,1,2,94038,M,4877190.0,234518.0,94
201500047495,15,10,31,1900,4,1,1,1,1,91377,M,,,91
201500047496,15,11,1,1910,2,1,1,1,2,91182,M,,,91
201500047497,15,11,2,845,1,1,1,5,2,91661,M,,,91
201500047498,15,11,2,835,1,1,1,5,2,91182,M,,,91
201500047499,15,11,2,1015,1,1,1,5,4,91064,M,,,91
201500047500,15,11,3,627,3,1,1,2,2,77251,M,4863200.0,253143.0,77
201500047501,15,11,2,1755,1,1,1,1,2,91216,M,,,91
201500047502,15,11,3,1630,1,1,1,1,3,91689,M,,,91
201500047503,15,11,4,628,2,1,1,2,2,91136,M,,,91
201500047504,15,11,4,1335,1,1,1,2,5,94065,M,4875530.0,234454.0,94
201500047505,15,11,4,1830,2,1,1,1,2,91182,M,,,91
201500047506,15,11,5,540,4,1,1,1,3,91689,M,,,91
201500047507,15,11,6,930,1,1,1,1,4,91216,M,,,91
201500047508,15,11,5,2015,5,1,1,1,3,94043,M,4881510.0,235595.0,94
201500047509,15,11,7,1622,1,1,1,1,2,94003,M,4880810.0,234045.0,94
201500047510,15,11,7,1650,1,1,1,1,2,94016,M,4879250.0,234467.0,94
201500047511,15,11,7,1819,4,1,1,1,1,91692,M,,,91
201500047512,15,11,10,1313,1,1,1,1,4,94016,M,4879240.0,234422.0,94
201500047513,15,11,10,1410,1,1,1,1,7,94043,M,4881000.0,234927.0,94
201500047514,15,11,11,1710,1,1,1,1,7,94043,M,4881490.0,235584.0,94
201500047515,15,11,12,720,5,1,1,1,4,91689,M,,,91
201500047516,15,11,12,900,1,1,1,1,3,94038,M,4877390.0,234595.0,94
201500047517,15,11,12,925,1,1,1,5,2,91617,M,,,91
201500047518,15,11,13,530,3,1,1,1,5,77251,M,,,77
201500047519,15,11,13,1955,3,1,1,1,7,91661,M,,,91
201500047520,15,11,16,936,1,1,1,1,4,91345,M,,,91
201500047521,15,11,16,1945,3,1,1,1,3,91174,M,,,91
201500047522,15,11,17,310,3,1,1,2,6,94034,M,4875600.0,233464.0,94
201500047523,15,11,17,605,3,1,1,2,7,91477,M,,,91
201500047524,15,11,17,659,3,1,1,2,6,91661,M,,,91
201500047525,15,11,17,1000,1,1,1,2,6,91228,M,,,91
201500047526,15,11,17,1900,3,1,1,2,2,91377,M,,,91
201500047527,15,11,17,1900,5,1,1,2,4,94038,M,4878650.0,234528.0,94
201500047528,15,11,18,600,3,1,1,1,6,91549,M,,,91
201500047529,15,11,18,730,2,1,1,1,2,91687,M,,,91
201500047530,15,11,19,640,5,1,1,1,5,94034,M,4875370.0,233227.0,94
201500047531,15,11,19,745,2,1,1,1,2,91471,M,,,91
201500047532,15,11,20,720,2,1,1,3,3,91689,M,,,91
201500047533,15,11,20,1005,1,1,1,3,2,91347,M,,,91
201500047534,15,11,20,1920,5,1,1,8,7,94043,M,4880600.0,234550.0,94
201500047535,15,11,21,510,3,1,1,3,2,94034,M,4875390.0,233243.0,94
201500047536,15,11,22,232,3,1,1,1,6,91064,M,,,91
201500047537,15,11,23,930,1,1,1,7,2,91182,M,,,91
201500047538,15,11,23,1355,1,1,1,1,4,91235,M,,,91
201500047539,15,11,24,610,3,1,1,1,2,91434,M,,,91
201500047540,15,11,24,1310,1,1,1,3,3,91377,M,,,91
201500047541,15,11,24,1830,3,1,1,2,7,94003,M,4880800.0,234026.0,94
201500047542,15,11,25,900,1,1,1,2,2,91521,M,,,91
201500047543,15,11,26,241,3,1,1,8,6,91182,M,,,91
201500047544,15,11,25,840,1,1,1,8,7,91161,M,,,91
201500047545,15,11,26,2350,3,1,1,5,5,91347,M,,,91
201500047546,15,11,27,834,2,1,1,5,2,94034,M,4875760.0,233572.0,94
201500047547,15,11,27,928,1,1,1,1,7,94038,M,4877390.0,234595.0,94
201500047548,15,11,27,1455,1,1,1,1,3,91471,M,,,91
201500047549,15,11,27,1655,1,1,1,1,6,91179,M,,,91
201500047550,15,11,27,1920,3,1,1,2,3,91689,M,,,91
201500047551,15,11,28,800,2,1,1,1,3,92002,M,,,92
201500047552,15,11,28,920,1,1,1,1,2,91340,M,,,91
201500047553,15,11,28,1020,1,1,1,1,2,91161,M,,,91
201500047554,15,11,28,1239,1,1,1,1,2,94038,M,4877430.0,234620.0,94
201500047555,15,11,28,1240,1,1,1,1,2,94038,M,4877420.0,234619.0,94
201500047556,15,11,29,245,5,1,1,2,6,94037,M,4881650.0,233682.0,94
201500047557,15,11,29,1020,1,1,1,1,6,91534,M,,,91
201500047558,15,11,29,1420,1,1,1,8,6,91521,M,,,91
201500047559,15,11,30,810,2,1,1,1,4,91340,M,,,91
201500047560,15,12,1,1110,1,1,1,1,7,94038,M,4877510.0,234572.0,94
201500047561,15,12,2,730,3,1,1,1,2,91377,M,4872145.0,229514.0,91
201500047562,15,12,2,910,1,1,1,1,2,91432,M,4868683.0,232624.0,91
201500047563,15,12,2,900,1,1,1,1,7,94038,M,4877350.0,234589.0,94
201500047564,15,12,2,1050,1,1,1,1,2,91182,M,4862287.0,242161.0,91
201500047565,15,12,2,1540,1,1,1,1,2,91521,M,,,91
201500047566,15,12,3,740,5,1,1,8,5,94076,M,4879340.0,234505.0,94
201500047567,15,12,3,932,1,1,1,1,2,91037,M,,,91
201500047568,15,12,3,1001,1,1,1,1,3,94021,M,4876900.0,234539.0,94
201500047569,15,12,4,1100,1,1,1,1,5,91589,M,,,91
201500047570,15,12,4,1410,1,1,1,1,3,94003,M,4881130.0,233733.0,94
201500047571,15,12,6,1200,1,1,1,1,4,91689,M,,,91
201500047572,15,12,7,645,3,1,1,1,5,91182,M,,,91
201500047573,15,12,7,1730,3,1,1,1,3,91377,M,,,91
201500047574,15,12,7,2038,5,1,1,1,6,94043,M,4881030.0,234966.0,94
201500047575,15,12,8,1145,1,1,1,1,2,91377,M,,,91
201500047576,15,12,9,1230,1,1,1,1,2,91553,M,,,91
201500047577,15,12,9,1345,1,1,1,1,6,94034,M,4875370.0,233212.0,94
201500047578,15,12,10,550,3,1,1,5,3,91161,M,,,91
201500047579,15,12,10,730,5,1,1,5,2,94065,M,4875490.0,234694.0,94
201500047580,15,12,10,1405,1,1,1,8,6,91340,M,0.0,0.0,91
201500047581,15,12,10,2255,3,1,1,1,6,91161,M,,,91
201500047582,15,12,11,755,2,1,1,1,3,94038,M,4878190.0,234674.0,94
201500047583,15,12,13,420,3,1,1,1,3,91468,M,,,91
201500047584,15,12,14,755,5,1,1,1,5,94037,M,4881630.0,233687.0,94
201500047585,15,12,14,2001,3,1,1,1,3,91286,M,,,91
201500047586,15,12,15,945,1,1,1,2,2,94038,M,4877300.0,234581.0,94
201500047587,15,12,15,950,1,1,1,2,5,91136,M,,,91
201500047588,15,12,16,645,3,1,1,2,3,91434,M,,,91
201500047589,15,12,16,1000,1,1,1,1,4,94034,M,4875990.0,233845.0,94
201500047590,15,12,16,1549,1,1,1,1,2,91589,M,4867923.0,233412.0,91
201500047591,15,12,17,835,2,1,1,1,4,92019,M,,,92
201500047592,15,12,17,930,1,1,1,1,2,91521,M,4863548.0,240110.0,91
201500047593,15,12,17,1020,1,1,1,1,3,91161,M,4871009.0,230549.0,91
201500047594,15,12,17,1035,1,1,1,1,4,91182,M,4862259.0,242190.0,91
201500047595,15,12,17,1620,2,1,1,1,7,91477,M,4871671.0,225458.0,91
201500047596,15,12,17,1500,1,1,1,1,2,91689,M,4874467.0,232445.0,91
201500047597,15,12,17,1930,3,1,1,1,2,91434,M,4866821.0,235392.0,91
201500047598,15,12,17,1845,5,1,1,1,4,94003,M,4881210.0,233670.0,94
201500047599,15,12,17,2040,3,1,1,1,6,94034,M,4875830.0,233648.0,94
201500047600,15,12,18,815,2,1,1,1,3,94043,M,4880760.0,234708.0,94
201500047601,15,12,18,754,2,1,1,1,5,94034,M,4875330.0,233176.0,94
201500047602,15,12,18,1100,1,1,1,1,2,94038,M,4877200.0,234520.0,94
201500047603,15,12,18,1815,3,1,1,2,2,91661,M,4870401.0,224924.0,91
201500047604,15,12,18,1735,3,1,1,1,4,91174,M,4862435.0,246966.0,91
201500047605,15,12,19,1242,1,1,1,1,5,91689,M,4872982.0,231443.0,91
201500047606,15,12,21,1650,1,1,1,1,6,91534,M,4873890.0,217970.0,91
201500047607,15,12,21,1700,2,1,1,2,5,91182,M,4861244.0,243117.0,91
201500047608,15,12,21,1810,3,1,1,2,2,91235,M,4862551.0,236095.0,91
201500047609,15,12,22,1400,1,1,1,1,2,94043,M,4880940.0,234870.0,94
201500047610,15,12,22,1540,1,1,1,1,2,91521,M,4863468.0,240388.0,91
201500047611,15,12,23,112,3,1,1,1,2,91345,M,4868723.0,232564.0,91
201500047612,15,12,23,435,5,1,1,1,7,94043,M,4880920.0,234852.0,94
201500047613,15,12,24,450,5,1,1,8,6,91286,M,4865245.0,238196.0,91
201500047614,15,12,24,1615,1,1,1,1,4,91471,M,4870989.0,218791.0,91
201500047615,15,12,25,23,3,1,1,2,5,91553,M,4862917.0,248231.0,91
201500047616,15,12,25,2312,3,1,1,1,6,91589,M,4867436.0,234225.0,91
201500047617,15,12,26,1532,1,1,1,1,2,91182,M,4862426.0,241943.0,91
201500047618,15,12,26,1742,2,1,1,1,4,91216,M,4868271.0,232959.0,91
201500047619,15,12,27,850,1,1,1,1,6,91521,M,4863261.0,240615.0,91
201500047620,15,12,27,1400,1,1,1,1,7,91086,M,4862369.0,238501.0,91
201500047621,15,12,27,1930,3,1,1,1,2,91286,M,4864894.0,237852.0,91
201500047622,15,12,27,1940,3,1,1,1,2,91363,M,4865053.0,218444.0,91
201500047623,15,12,27,1938,3,1,1,1,6,91534,M,4873356.0,216901.0,91
201500047624,15,12,28,1249,1,1,1,1,5,91689,M,4874398.0,232319.0,91
201500047625,15,12,29,1100,1,1,1,1,3,91521,M,4863066.0,240020.0,91
201500047626,15,12,29,2335,5,1,1,1,5,94076,M,4879240.0,234422.0,94
201500047627,15,12,30,350,3,1,1,1,2,94043,M,4881170.0,235137.0,94
201500047628,15,12,30,1840,3,1,1,1,4,91136,M,4871391.0,227595.0,91
201500047629,15,12,30,2225,3,1,1,1,3,91286,M,4864521.0,238917.0,91
201500047630,15,12,31,940,1,1,1,1,6,91286,M,4864889.0,238554.0,91
201500047631,15,1,9,1138,1,2,1,1,2,20120,M,0.0,0.0,202
201500047632,15,3,16,1344,1,1,1,3,6,20037,M,4235550.0,924300.0,202
201500047633,15,1,10,525,5,2,1,1,1,20033,M,0.0,0.0,202
201500047634,15,3,19,1710,1,2,1,1,6,20033,M,0.0,0.0,202
201500047635,15,1,10,1430,1,2,1,1,6,20120,M,0.0,0.0,202
201500047636,15,3,20,1340,1,2,1,1,1,20033,M,0.0,0.0,202
201500047637,15,1,10,2340,5,2,1,1,6,20033,M,0.0,0.0,202
201500047638,15,3,20,1652,1,2,2,1,3,20033,M,0.0,0.0,202
201500047639,15,1,13,1835,5,2,1,2,6,20033,M,0.0,0.0,202
201500047640,15,3,18,1105,1,2,1,1,2,20120,M,4238589.0,926259.0,202
201500047641,15,1,14,1550,1,2,1,1,2,20037,M,0.0,0.0,202
201500047642,15,3,26,1600,1,2,1,1,6,20033,M,0.0,0.0,202
201500047643,15,1,20,1459,1,2,1,1,6,20353,M,0.0,0.0,202
201500047644,15,3,29,705,1,2,1,1,6,20033,M,0.0,0.0,202
201500047645,15,1,22,1547,1,2,1,3,3,20120,M,0.0,0.0,202
201500047646,15,3,17,1030,1,1,1,3,7,20037,M,4236583.0,926360.0,202
201500047647,15,1,28,810,1,2,1,1,6,20033,M,0.0,0.0,202
201500047648,15,4,5,2030,3,1,1,1,2,20033,M,0.0,0.0,202
201500047649,15,1,28,1007,1,2,1,1,6,20033,M,0.0,0.0,202
201500047650,15,4,7,910,1,2,1,1,5,20033,M,0.0,0.0,202
201500047651,15,1,30,2050,5,2,1,2,3,20033,M,0.0,0.0,202
201500047652,15,4,7,1835,1,2,1,1,2,20037,M,4261944.0,943694.0,202
201500047653,15,2,5,1442,1,2,1,1,3,20353,M,0.0,0.0,202
201500047654,15,4,8,1405,1,2,1,1,2,20033,M,0.0,0.0,202
201500047655,15,2,6,705,5,2,1,3,6,20033,M,0.0,0.0,202
201500047656,15,4,9,1501,1,2,9,1,2,20033,M,0.0,0.0,202
201500047657,15,2,15,1210,1,1,4,1,3,20037,M,0.0,0.0,202
201500047658,15,4,10,2215,5,2,1,1,3,20033,M,0.0,0.0,202
201500047659,15,2,16,1330,1,1,1,3,6,20037,M,0.0,0.0,202
201500047660,15,4,20,56,5,1,1,1,7,20033,M,0.0,0.0,202
201500047661,15,2,1,1650,1,1,1,6,6,20033,M,0.0,0.0,202
201500047662,15,4,21,1505,1,2,1,1,2,20120,M,4239280.0,926290.0,202
201500047663,15,2,19,1825,5,2,1,1,2,20033,M,0.0,0.0,202
201500047664,15,4,26,412,5,2,1,2,6,20033,M,0.0,0.0,202
201500047665,15,2,18,915,1,1,1,1,2,20033,M,0.0,0.0,202
201500047666,15,4,26,1700,1,2,2,8,3,20033,M,0.0,0.0,202
201500047667,15,2,21,2235,5,1,1,1,1,20037,M,0.0,0.0,202
201500047668,15,4,27,1513,1,2,1,1,6,20033,M,0.0,0.0,202
201500047669,15,2,22,1700,1,2,1,1,1,20120,M,0.0,0.0,202
201500047670,15,4,28,1830,1,1,1,1,7,20037,M,4236362.0,929001.0,202
201500047671,15,2,22,1740,2,2,1,1,1,20353,M,0.0,0.0,202
201500047672,15,4,28,2020,2,2,1,1,6,20037,M,4237427.0,925465.0,202
201500047673,15,2,24,900,1,2,1,2,6,20120,M,0.0,0.0,202
201500047674,15,5,4,1145,1,2,1,1,6,20033,M,0.0,0.0,202
201500047675,15,2,24,1310,1,1,1,2,1,20033,M,0.0,0.0,202
201500047676,15,5,4,1040,1,2,1,1,5,20033,M,0.0,0.0,202
201500047677,15,2,25,1311,1,2,1,1,6,20033,M,0.0,0.0,202
201500047678,15,5,5,1630,1,1,3,1,3,20120,M,4264610.0,943981.0,202
201500047679,15,3,6,1109,1,1,1,1,5,20033,M,0.0,0.0,202
201500047680,15,5,8,1500,1,1,1,1,3,20033,M,0.0,0.0,202
201500047681,15,3,7,1045,1,2,3,1,3,20120,M,0.0,0.0,202
201500047682,15,5,11,1830,1,1,3,1,3,20037,M,4235452.0,926315.0,202
201500047683,15,3,8,53,5,1,1,1,6,20037,M,0.0,0.0,202
201500047684,15,5,12,1940,1,2,6,1,3,20033,M,0.0,0.0,202
201500047685,15,3,10,1650,1,2,3,1,3,20037,M,0.0,0.0,202
201500047686,15,5,12,2130,5,2,1,1,2,20120,M,0.0,0.0,202
201500047687,15,3,13,1144,1,2,1,1,1,20120,M,0.0,0.0,202
201500047688,15,5,15,1645,1,1,1,1,2,20120,M,4240200.0,926340.0,202
201500047689,15,3,13,1300,1,2,1,1,2,20033,M,0.0,0.0,202
201500047690,15,5,19,2240,3,2,1,1,3,20037,M,4237131.0,926120.0,202
201500047691,15,3,14,55,5,2,4,1,1,20033,M,0.0,0.0,202
201500047692,15,5,20,1510,1,2,1,1,6,20033,M,0.0,0.0,202
201500047693,15,3,15,1903,3,1,1,1,6,20033,M,0.0,0.0,202
201500047694,15,5,20,1630,1,2,3,1,3,20120,M,4265499.0,943761.0,202
201500047695,15,5,23,1630,1,2,2,2,3,20033,M,0.0,0.0,202
201500047696,15,5,24,1445,1,2,1,1,1,20033,M,0.0,0.0,202
201500047697,15,5,28,1805,1,1,1,1,2,20037,M,4237559.0,926167.0,202
201500047698,15,5,31,610,2,1,1,1,6,20120,M,4239124.0,926279.0,202
201500047699,15,6,3,1730,1,1,1,1,4,20120,M,4264690.0,944017.0,202
201500047700,15,6,4,30,5,2,6,1,3,20120,M,4239150.0,926290.0,202
201500047701,15,6,5,1620,1,1,1,1,3,20037,M,4237440.0,928016.0,202
201500047702,15,6,6,1745,1,2,1,1,2,20037,M,4237160.0,926130.0,202
201500047703,15,6,7,2108,2,2,1,1,7,20033,M,0.0,0.0,202
201500047704,15,6,8,1720,1,2,6,1,2,20033,M,0.0,0.0,202
201500047705,15,6,10,1935,1,2,1,1,3,20037,M,,,202
201500047706,15,6,12,1955,1,2,3,1,3,20037,M,4237550.0,926080.0,202
201500047707,15,6,15,1845,1,2,9,1,2,20033,M,0.0,0.0,202
201500047708,15,6,16,105,5,2,1,1,6,20033,M,0.0,0.0,202
201500047709,15,6,19,1450,1,2,1,1,2,20033,M,0.0,0.0,202
201500047710,15,6,20,1450,1,1,1,1,3,20120,M,,,202
201500047711,15,6,21,1320,1,1,1,1,3,20033,M,0.0,0.0,202
201500047712,15,6,22,2155,5,2,1,1,6,20120,M,4200000.0,926000.0,202
201500047713,15,6,30,1940,1,2,6,1,6,20033,M,0.0,0.0,202
201500047714,15,7,2,2128,5,2,1,1,3,20033,M,0.0,0.0,202
201500047715,15,7,3,1210,1,2,1,1,1,20120,M,4237256.0,926121.0,202
201500047716,15,7,3,1401,1,2,9,1,6,20033,M,0.0,0.0,202
201500047717,15,7,3,1500,1,2,1,1,3,20033,M,0.0,0.0,202
201500047718,15,7,7,1500,1,2,1,1,6,20033,M,0.0,0.0,202
201500047719,15,7,8,1322,1,2,1,1,1,20033,M,0.0,0.0,202
201500047720,15,7,10,1558,1,2,6,1,3,20120,M,4239156.0,902628.0,202
201500047721,15,7,12,2328,5,2,1,1,3,20033,M,0.0,0.0,202
201500047722,15,7,13,5,5,2,6,1,6,20120,M,4238500.0,925550.0,202
201500047723,15,7,14,1315,1,2,1,1,6,20033,M,0.0,0.0,202
201500047724,15,7,14,1359,1,2,1,1,6,20033,M,0.0,0.0,202
201500047725,15,7,17,1615,1,2,1,1,5,20033,M,0.0,0.0,202
201500047726,15,7,20,1731,1,2,6,1,6,20033,M,0.0,0.0,202
201500047727,15,7,24,1137,1,1,1,1,4,20033,M,0.0,0.0,202
201500047728,15,7,25,2055,2,2,1,1,6,20033,M,0.0,0.0,202
201500047729,15,7,29,1330,1,1,1,1,5,20120,M,,,202
201500047730,15,8,2,2257,5,2,1,1,6,20120,M,4239087.0,926273.0,202
201500047731,15,8,5,1015,1,1,1,1,6,20033,M,0.0,0.0,202
201500047732,15,8,7,12,5,1,1,1,7,20033,M,0.0,0.0,202
201500047733,15,8,7,1559,1,2,1,1,7,20037,M,4235523.0,923419.0,202
201500047734,15,8,9,329,5,1,1,1,2,20120,M,4239000.0,926000.0,202
201500047735,15,8,9,1455,1,2,1,1,2,20033,M,0.0,0.0,202
201500047736,15,8,10,2340,5,1,6,1,3,20120,M,4239148.0,926286.0,202
201500047737,15,8,14,1755,1,1,1,1,3,20037,M,4237462.0,926151.0,202
201500047738,15,8,22,2200,5,2,1,1,6,20033,M,0.0,0.0,202
201500047739,15,8,23,1025,1,1,1,1,2,20033,M,0.0,0.0,202
201500047740,15,8,30,100,5,2,1,1,6,20033,M,0.0,0.0,202
201500047741,15,8,31,1621,1,1,1,1,6,20037,M,4238270.0,926210.0,202
201500047742,15,9,6,108,5,2,1,1,6,20033,M,0.0,0.0,202
201500047743,15,9,6,2109,5,1,1,1,2,20120,M,4238471.0,927153.0,202
201500047744,15,9,7,1132,1,2,1,1,4,20033,M,0.0,0.0,202
201500047745,15,9,7,1230,1,2,1,1,6,20033,M,0.0,0.0,202
201500047746,15,9,9,2040,5,2,1,1,1,20033,M,0.0,0.0,202
201500047747,15,9,15,630,2,1,6,1,3,20120,M,4239149.0,926286.0,202
201500047748,15,9,19,800,1,2,1,1,7,20033,M,0.0,0.0,202
201500047749,15,9,24,1440,1,2,1,1,6,20033,M,0.0,0.0,202