Num_Acc,an,mois,jour,hrmn,lum,agg,int,atm,col,com,gps,lat,long,dep
201500047750,15,9,26,1435,1,1,1,1,3,20037,M,4235293.0,925393.0,202
201500047751,15,9,26,1827,2,2,2,1,1,20033,M,0.0,0.0,202
201500047752,15,9,28,920,1,2,6,1,3,20120,M,4239147.0,926279.0,202
201500047753,15,9,29,1330,1,2,1,1,6,20033,M,0.0,0.0,202
201500047754,15,10,1,1647,1,1,1,3,3,20033,M,0.0,0.0,202
201500047755,15,10,5,2200,5,2,1,8,6,20033,M,4241401.0,926590.0,202
201500047756,15,10,5,746,1,2,6,1,6,20037,M,4262895.0,943754.0,202
201500047757,15,10,7,1700,1,1,6,1,2,20037,M,4235405.0,926191.0,202
201500047758,15,10,8,1405,1,2,1,1,1,20033,M,0.0,0.0,202
201500047759,15,10,9,1350,1,2,1,1,3,20033,M,4267736.0,943397.0,202
201500047760,15,10,9,1423,1,2,6,1,3,20120,M,,,202
201500047761,15,10,10,2245,3,1,1,9,6,20037,M,0.0,0.0,202
201500047762,15,10,13,1207,1,2,1,1,6,20033,M,0.0,0.0,202
201500047763,15,10,14,2115,5,1,9,9,6,20120,M,,,202
201500047764,15,10,15,1350,1,2,1,1,3,20033,M,0.0,0.0,202
201500047765,15,10,15,1635,1,1,1,1,3,20120,M,,,202
201500047766,15,10,18,1819,2,2,2,1,3,20037,M,4235384.0,926139.0,202
201500047767,15,10,19,1736,1,2,2,1,6,20037,M,0.0,0.0,202
201500047768,15,10,22,1045,1,1,1,1,6,20037,M,0.0,0.0,202
201500047769,15,10,29,1845,3,2,1,1,6,20037,M,0.0,0.0,202
201500047770,15,11,3,1920,5,2,1,5,5,20033,M,0.0,0.0,202
201500047771,15,11,6,1401,1,2,1,3,6,20033,M,0.0,0.0,202
201500047772,15,11,14,1741,3,1,1,1,6,20037,M,4260077.0,943839.0,202
201500047773,15,11,19,815,1,2,1,1,2,20033,M,0.0,0.0,202
201500047774,15,11,22,40,5,1,1,6,6,20120,M,4239067.0,926266.0,202
201500047775,15,11,25,1705,5,2,1,1,6,20033,M,0.0,0.0,202
201500047776,15,11,26,1310,1,2,1,1,6,20033,M,0.0,0.0,202
201500047777,15,11,28,1520,1,2,1,1,2,20033,M,0.0,0.0,202
201500047778,15,11,28,1745,5,2,1,1,3,20033,M,0.0,0.0,202
201500047779,15,11,30,1401,1,2,1,1,3,20120,M,4239268.0,926214.0,202
201500047780,15,12,6,240,5,2,1,1,1,20033,M,0.0,0.0,202
201500047781,15,12,8,1536,1,2,6,1,3,20033,M,0.0,0.0,202
201500047782,15,12,13,1730,5,2,1,1,2,20120,M,4239215.0,926580.0,202
201500047783,15,12,13,1830,5,2,4,1,3,20037,M,4237387.0,925425.0,202
201500047784,15,12,14,745,2,2,3,1,3,20033,M,0.0,0.0,202
201500047785,15,12,14,1750,5,2,1,1,2,20033,M,0.0,0.0,202
201500047786,15,12,14,1145,1,2,1,1,3,20033,M,0.0,0.0,202
201500047787,15,12,15,1515,1,2,3,1,5,20037,M,4259580.0,944210.0,202
201500047788,15,12,8,1410,1,2,1,1,6,20033,M,0.0,0.0,202
201500047789,15,12,17,930,1,1,1,1,2,20120,M,4261609.0,947803.0,202
201500047790,15,12,20,320,5,1,6,1,7,20033,M,4239147.0,926278.0,202
201500047791,15,12,21,1719,5,2,1,1,1,20033,M,0.0,0.0,202
201500047792,15,12,22,1045,1,2,1,1,2,20033,M,0.0,0.0,202
201500047793,15,12,27,1610,1,2,3,1,3,20120,M,4265495.0,943741.0,202
201500047794,15,12,31,1520,1,1,1,1,4,20120,M,4239215.0,926289.0,202
201500047795,15,3,16,1350,1,2,1,1,5,69081,M,4577780.0,477883.0,69
201500047796,15,1,29,2029,5,2,2,2,3,69382,M,4574440.0,481984.0,69
201500047797,15,3,17,1330,1,2,1,1,6,69034,M,4580220.0,485131.0,69
201500047798,15,1,31,2000,5,2,2,2,3,69382,M,,,69
201500047799,15,3,17,1755,1,2,1,1,2,69389,M,4577850.0,479798.0,69
201500047800,15,3,18,1315,1,2,2,1,6,69384,M,4577870.0,482406.0,69
201500047801,15,3,4,600,5,2,1,2,2,69382,M,4575200.0,483589.0,69
201500047802,15,2,4,415,5,2,1,1,6,69382,M,,,69
201500047803,15,3,19,115,5,2,1,1,7,69081,M,4577750.0,478975.0,69
201500047804,15,3,20,220,5,2,2,1,3,69034,M,4578120.0,484243.0,69
201500047805,15,2,7,1735,2,2,1,1,6,69382,M,,,69
201500047806,15,2,22,705,2,2,1,1,7,69382,M,,,69
201500047807,15,3,19,1710,1,1,1,1,6,69381,M,4577360.0,483023.0,69
201500047808,15,2,25,1030,1,1,1,1,3,69382,M,,,69
201500047809,15,3,20,1550,1,2,1,1,3,69382,M,4575430.0,483051.0,69
201500047810,15,3,10,1110,1,2,1,1,3,69382,M,,,69
201500047811,15,3,20,1804,1,2,1,1,6,69384,M,4577700.0,482763.0,69
201500047812,15,3,20,2200,5,2,1,1,2,69385,M,4574920.0,479094.0,69
201500047813,15,3,21,400,5,2,1,1,6,69389,M,,,69
201500047814,15,3,21,1750,1,2,1,3,6,69389,M,0.0,0.0,69
201500047815,15,3,21,255,5,2,3,1,6,69202,M,4574940.0,479839.0,69
201500047816,15,3,22,1440,1,2,1,1,3,69142,M,4572760.0,481617.0,69
201500047817,15,3,23,1220,1,2,1,1,2,69385,M,0.0,0.0,69
201500047818,15,3,24,1345,1,1,1,1,6,69385,M,0.0,0.0,69
201500047819,15,3,24,1830,2,2,1,1,6,69382,M,0.0,0.0,69
201500047820,15,3,25,1645,1,2,1,2,6,69034,M,4579410.0,484997.0,69
201500047821,15,3,26,320,5,2,1,1,6,69385,M,4575230.0,479880.0,69
201500047822,15,3,26,930,1,2,1,1,7,69382,M,0.0,0.0,69
201500047823,15,3,27,735,1,2,1,1,1,69034,M,0.0,0.0,69
201500047824,15,3,28,420,5,2,1,1,6,69381,M,4576795.0,483605.0,69
201500047825,15,3,22,1815,1,2,1,1,2,69384,M,,,69
201500047826,15,3,29,1545,1,2,1,1,6,69389,M,,,69
201500047827,15,3,30,625,3,2,1,2,6,69286,M,,,69
201500047828,15,3,30,700,2,1,1,2,3,69389,M,,,69
201500047829,15,3,30,1450,1,1,1,1,6,69385,M,,,69
201500047830,15,3,30,1720,1,2,2,8,3,69382,M,0.0,0.0,69
201500047831,15,3,31,715,1,2,1,8,6,69389,M,,,69
201500047832,15,3,31,1430,1,2,1,1,1,69389,M,0.0,0.0,69
201500047833,15,3,31,1410,1,2,1,1,2,69389,M,0.0,0.0,69
201500047834,15,3,31,1110,1,2,1,1,6,69389,M,,,69
201500047835,15,4,1,1730,1,2,1,1,3,69385,M,0.0,0.0,69
201500047836,15,3,19,1833,2,2,3,1,6,69286,M,4581080.0,488740.0,69
201500047837,15,4,2,1415,1,1,1,8,2,69389,M,4579990.0,483654.0,69
201500047838,15,4,4,1605,1,2,1,8,6,69385,M,0.0,0.0,69
201500047839,15,4,5,940,1,2,1,1,6,69385,M,0.0,0.0,69
201500047840,15,4,4,1800,1,2,5,8,1,69381,M,0.0,0.0,69
201500047841,15,4,6,1805,1,2,1,1,6,69081,M,4577300.0,477947.0,69
201500047842,15,4,7,1130,1,2,1,1,6,69385,M,0.0,0.0,69
201500047843,15,4,8,515,1,2,2,1,3,69382,M,,,69
201500047844,15,4,8,2140,5,2,1,1,3,69382,M,,,69
201500047845,15,4,8,1200,1,2,3,1,3,69382,M,,,69
201500047846,15,4,10,1240,1,2,2,1,6,69149,M,4571690.0,481108.0,69
201500047847,15,4,10,2259,5,2,2,1,3,69382,M,0.0,0.0,69
201500047848,15,4,8,1940,2,2,1,1,2,69382,M,4576330.0,484774.0,69
201500047849,15,4,11,1850,1,2,3,1,6,69384,M,0.0,0.0,69
201500047850,15,4,11,1815,1,2,3,1,6,69286,M,4581220.0,489208.0,69
201500047851,15,4,13,850,1,2,1,1,6,69034,M,4578920.0,484597.0,69
201500047852,15,4,16,1735,1,2,1,1,6,69389,M,0.0,0.0,69
201500047853,15,4,17,2040,2,2,1,2,3,69382,M,,,69
201500047854,15,4,19,955,1,2,1,1,2,69142,M,4574810.0,481547.0,69
201500047855,15,4,18,2020,1,2,1,1,3,69385,M,0.0,0.0,69
201500047856,15,4,17,1115,1,2,1,1,6,69384,M,0.0,0.0,69
201500047857,15,4,21,840,1,2,2,1,3,69382,M,,,69
201500047858,15,4,21,950,1,2,3,1,6,69389,M,4580120.0,483805.0,69
201500047859,15,4,21,1630,1,1,1,1,4,69389,M,4577070.0,479137.0,69
201500047860,15,4,22,1540,1,2,2,1,3,69202,M,4572440.0,477919.0,69
201500047861,15,4,23,800,1,2,2,1,3,69034,M,4580140.0,486292.0,69
201500047862,15,4,22,1430,1,2,3,1,3,69389,M,,,69
201500047863,15,4,23,1540,1,2,1,1,3,69381,M,4566063.0,450161.0,69
201500047864,15,4,23,2115,5,2,1,1,2,69385,M,0.0,0.0,69
201500047865,15,4,24,1736,1,2,1,1,6,69034,M,4579920.0,485281.0,69
201500047866,15,4,24,1950,1,2,1,1,3,69389,M,0.0,0.0,69
201500047867,15,4,24,2010,1,1,1,1,2,69034,M,,,69
201500047868,15,4,27,2130,5,2,2,3,3,69385,M,4575450.0,482577.0,69
201500047869,15,4,28,910,1,2,1,1,6,69385,M,0.0,0.0,69
201500047870,15,4,28,1235,1,2,1,1,6,69389,M,,,69
201500047871,15,4,29,830,1,2,3,1,3,69081,M,4577460.0,477539.0,69
201500047872,15,4,30,1550,1,2,9,1,6,69149,M,4572030.0,480092.0,69
201500047873,15,4,30,1920,1,2,1,1,6,69034,M,4580150.0,485133.0,69
201500047874,15,4,30,1800,1,2,9,6,6,69149,M,4571600.0,481603.0,69
201500047875,15,5,1,1735,1,2,1,2,7,69385,M,0.0,0.0,69
201500047876,15,5,1,1930,1,1,1,2,2,69385,M,4575160.0,482585.0,69
201500047877,15,5,2,1415,1,2,2,1,2,69149,M,4571680.0,480961.0,69
201500047878,15,5,2,2242,3,1,1,2,2,69382,M,,,69
201500047879,15,5,4,1345,1,2,1,1,4,69382,M,,,69
201500047880,15,4,17,1740,1,2,1,1,4,69286,M,0.0,0.0,69
201500047881,15,5,6,850,1,1,1,1,6,69142,M,4572430.0,480833.0,69
201500047882,15,5,6,1010,1,2,3,7,6,69034,M,4579800.0,484492.0,69
201500047883,15,5,7,1515,1,2,4,1,6,69034,M,4579190.0,483600.0,69
201500047884,15,5,7,1940,1,1,1,1,6,69202,M,4574090.0,480358.0,69
201500047885,15,5,9,1600,1,2,3,1,3,69286,M,4581220.0,488978.0,69
201500047886,15,5,11,1210,1,2,1,1,1,69389,M,4579890.0,481928.0,69
201500047887,15,5,11,1615,1,1,1,1,6,69382,M,,,69
201500047888,15,5,11,1705,1,2,1,1,7,69381,M,0.0,0.0,69
201500047889,15,5,13,550,1,2,1,1,3,69382,M,0.0,0.0,69
201500047890,15,5,13,1130,1,2,2,1,3,69389,M,,,69
201500047891,15,5,13,1740,1,2,2,1,3,69384,M,4577830.0,482913.0,69
201500047892,15,5,12,2020,2,2,1,1,3,69385,M,0.0,0.0,69
201500047893,15,5,15,1710,1,2,1,3,6,69385,M,0.0,0.0,69
201500047894,15,5,15,2250,4,2,1,8,6,69385,M,0.0,0.0,69
201500047895,15,5,16,720,1,1,1,1,6,69385,M,,,69
201500047896,15,5,16,1530,1,2,1,1,2,69389,M,,,69
201500047897,15,5,17,55,5,2,1,1,3,69382,M,0.0,0.0,69
201500047898,15,5,16,1950,1,2,2,1,6,69382,M,0.0,0.0,69
201500047899,15,5,17,1320,1,2,1,1,3,69149,M,4571960.0,480142.0,69
201500047900,15,5,19,1630,1,2,1,1,6,69382,M,,,69
201500047901,15,5,19,1823,1,2,2,1,3,69382,M,,,69
201500047902,15,5,20,1325,1,1,1,1,7,69202,M,4574120.0,478842.0,69
201500047903,15,5,20,1940,1,2,1,2,6,69385,M,0.0,0.0,69
201500047904,15,5,20,1215,1,2,1,1,1,69381,M,4577034.0,482995.0,69
201500047905,15,5,21,1000,1,1,1,1,6,69202,M,4572850.0,478533.0,69
201500047906,15,5,21,1610,1,2,1,1,2,69286,M,,,69
201500047907,15,5,22,1120,1,2,1,1,3,69385,M,0.0,0.0,69
201500047908,15,5,19,910,1,2,1,1,6,69142,M,4572870.0,481517.0,69
201500047909,15,5,22,1410,1,2,1,1,6,69382,M,0.0,0.0,69
201500047910,15,5,22,2345,5,1,3,1,3,69382,M,,,69
201500047911,15,5,22,1925,1,2,2,1,3,69389,M,0.0,0.0,69
201500047912,15,5,24,1720,1,2,1,1,1,69149,M,4571970.0,480081.0,69
201500047913,15,5,24,2310,5,2,1,1,6,69382,M,,,69
201500047914,15,5,25,1930,1,2,1,1,1,69385,M,0.0,0.0,69
201500047915,15,5,26,1325,1,2,1,1,3,69149,M,4571320.0,480908.0,69
201500047916,15,5,26,1040,1,2,1,1,2,69382,M,4575540.0,482978.0,69
201500047917,15,5,26,950,1,2,1,1,2,69152,M,4570520.0,483161.0,69
201500047918,15,5,27,1255,1,2,1,1,6,69384,M,0.0,0.0,69
201500047919,15,5,28,845,1,2,1,1,6,69385,M,4575540.0,478448.0,69
201500047920,15,5,27,1720,1,2,1,1,6,69389,M,0.0,0.0,69
201500047921,15,5,28,1215,1,2,1,1,6,69034,M,4578840.0,483983.0,69
201500047922,15,5,28,1830,1,2,1,1,5,69382,M,,,69
201500047923,15,5,29,2155,5,2,1,1,6,69384,M,4578370.0,481629.0,69
201500047924,15,5,30,1345,1,2,1,1,3,69389,M,,,69
201500047925,15,5,30,1530,1,2,1,1,6,69389,M,0.0,0.0,69
201500047926,15,6,1,140,5,2,1,1,6,69034,M,4500000.0,0.0,69
201500047927,15,6,2,950,1,2,1,1,2,69389,M,,,69
201500047928,15,6,2,1420,1,2,1,1,3,69389,M,0.0,0.0,69
201500047929,15,6,2,1500,1,2,2,1,6,69149,M,4571040.0,481719.0,69
201500047930,15,6,2,1710,1,2,3,1,2,69385,M,0.0,0.0,69
201500047931,15,6,2,1340,1,2,2,1,3,69152,M,4570340.0,481924.0,69
201500047932,15,6,3,825,1,2,1,1,6,69385,M,,,69
201500047933,15,5,26,1530,1,2,1,1,6,69382,M,,,69
201500047934,15,6,4,1230,1,2,1,1,6,69034,M,4580090.0,485131.0,69
201500047935,15,6,4,1930,1,2,1,7,6,69389,M,,,69
201500047936,15,6,5,1430,1,2,5,1,6,69034,M,4579570.0,485793.0,69
201500047937,15,6,5,1820,1,2,1,1,5,69382,M,0.0,0.0,69
201500047938,15,6,5,2010,1,2,1,1,6,69286,M,,,69
201500047939,15,6,6,1705,1,2,1,1,3,69034,M,4580320.0,485985.0,69
201500047940,15,6,8,1745,1,2,1,1,7,69389,M,4577880.0,480350.0,69
201500047941,15,6,6,1120,1,2,1,1,6,69384,M,0.0,0.0,69
201500047942,15,5,28,750,1,2,1,1,6,69149,M,4571960.0,480246.0,69
201500047943,15,6,9,1145,1,2,1,1,4,69034,M,4580370.0,485186.0,69
201500047944,15,6,10,900,1,2,7,1,3,69385,M,0.0,0.0,69
201500047945,15,6,10,1845,1,2,1,1,4,69384,M,0.0,0.0,69
201500047946,15,2,16,1500,1,2,1,1,2,69384,M,,,69
201500047947,15,6,11,735,1,2,3,1,3,69389,M,,,69
201500047948,15,6,11,1834,1,2,3,1,3,69286,M,4582030.0,489547.0,69
201500047949,15,6,12,1545,1,2,1,1,3,69385,M,0.0,0.0,69
201500047950,15,6,12,2215,5,2,5,3,3,69081,M,4576670.0,477374.0,69
201500047951,15,6,13,40,3,2,1,1,3,69385,M,0.0,0.0,69
201500047952,15,6,13,1000,1,2,1,1,3,69149,M,4571670.0,479017.0,69
201500047953,15,6,10,730,1,2,1,1,3,69034,M,4578620.0,484894.0,69
201500047954,15,6,10,800,1,2,1,1,3,69381,M,4577290.0,483080.0,69
201500047955,15,6,15,1130,1,2,3,1,3,69081,M,4577830.0,477600.0,69
201500047956,15,6,15,1700,1,2,2,1,3,69389,M,,,69
201500047957,15,6,16,1930,1,2,2,1,3,69034,M,4578600.0,482641.0,69
201500047958,15,6,13,2215,5,2,7,3,6,69381,M,,,69
201500047959,15,6,18,1313,1,2,1,1,3,69034,M,4580450.0,485925.0,69
201500047960,15,6,19,800,1,2,1,1,2,69142,M,4572470.0,481321.0,69
201500047961,15,6,19,1640,1,2,1,1,6,69384,M,4577740.0,483651.0,69
201500047962,15,6,20,900,1,2,2,1,6,69381,M,4577320.0,483535.0,69
201500047963,15,6,20,1915,1,2,1,1,1,69381,M,0.0,0.0,69
201500047964,15,6,21,1250,1,2,2,1,3,69389,M,4576960.0,479941.0,69
201500047965,15,6,22,850,1,2,1,1,6,69389,M,0.0,0.0,69
201500047966,15,6,22,1010,1,2,1,1,6,69385,M,,,69
201500047967,15,6,22,1456,1,2,2,1,3,69149,M,4571480.0,480864.0,69
201500047968,15,6,24,1134,1,2,3,1,1,69389,M,,,69
201500047969,15,6,24,1245,1,2,1,1,4,69286,M,4582240.0,488925.0,69
201500047970,15,6,23,1945,2,2,1,1,1,69384,M,4578340.0,482016.0,69
201500047971,15,6,24,1700,1,2,2,1,6,69034,M,4579700.0,485044.0,69
201500047972,15,6,24,1800,1,2,3,1,6,69034,M,4579290.0,483889.0,69
201500047973,15,6,25,1045,1,2,3,1,6,69081,M,4545558.0,460490.0,69
201500047974,15,6,25,1815,1,2,1,1,3,69382,M,0.0,0.0,69
201500047975,15,6,25,2030,1,2,3,1,3,69034,M,,,69
201500047976,15,6,26,1515,1,2,1,1,6,69385,M,4575840.0,481691.0,69
201500047977,15,6,25,1840,1,2,1,1,6,69202,M,4573210.0,479525.0,69
201500047978,15,6,28,205,5,2,1,1,6,69381,M,4577350.0,482722.0,69
201500047979,15,6,27,1915,1,2,1,1,7,69389,M,0.0,0.0,69
201500047980,15,6,29,1845,1,2,1,1,6,69385,M,0.0,0.0,69
201500047981,15,6,30,2115,5,2,1,1,7,69034,M,,,69
201500047982,15,7,1,1700,1,2,1,1,4,69286,M,,,69
201500047983,15,7,2,856,1,1,1,1,7,69286,M,0.0,0.0,69
201500047984,15,7,2,1345,1,2,1,1,2,69384,M,,,69
201500047985,15,7,2,1745,1,2,1,1,3,69384,M,0.0,0.0,69
201500047986,15,7,3,1920,1,2,3,1,3,69384,M,0.0,0.0,69
201500047987,15,7,5,540,2,2,1,1,6,69382,M,0.0,0.0,69
201500047988,15,7,5,1520,1,2,1,1,6,69385,M,4575460.0,482477.0,69
201500047989,15,7,6,1915,1,2,4,7,3,69081,M,4578260.0,477542.0,69
201500047990,15,7,6,1720,1,2,1,1,6,69149,M,4571480.0,481142.0,69
201500047991,15,7,8,110,5,2,1,1,7,69034,M,4578350.0,484254.0,69
201500047992,15,7,8,1020,1,2,1,1,6,69286,M,4581910.0,489379.0,69
201500047993,15,7,8,1930,1,2,1,1,3,69152,M,4570080.0,482265.0,69
201500047994,15,7,10,100,5,2,2,1,6,69034,M,4578460.0,483223.0,69
201500047995,15,7,10,740,1,2,2,1,3,69389,M,4578810.0,478969.0,69
201500047996,15,7,10,1610,1,2,2,1,3,69149,M,4500000.0,0.0,69
201500047997,15,7,11,2145,2,2,1,1,6,69382,M,,,69
201500047998,15,7,12,810,1,2,1,1,2,69149,M,4571990.0,479844.0,69
201500047999,15,7,13,1915,1,2,1,1,4,69389,M,0.0,0.0,69
201500048000,15,7,15,1800,1,2,1,1,2,69149,M,,,69
201500048001,15,7,17,35,5,2,5,1,3,69034,M,4578380.0,484530.0,69
201500048002,15,7,15,1435,1,2,3,1,3,69389,M,0.0,0.0,69
201500048003,15,7,18,105,5,2,1,1,6,69034,M,4579490.0,485071.0,69
201500048004,15,7,18,2035,1,2,9,1,6,69385,M,0.0,0.0,69
201500048005,15,7,18,1815,1,2,1,2,3,69385,M,4575970.0,482638.0,69
201500048006,15,7,19,2010,1,2,1,1,6,69384,M,4575540.0,483671.0,69
201500048007,15,7,19,2129,2,2,3,1,4,69389,M,0.0,0.0,69
201500048008,15,7,20,915,1,2,1,1,6,69389,M,0.0,0.0,69
201500048009,15,7,17,1710,1,2,1,1,6,69382,M,,,69
201500048010,15,7,19,1913,1,2,1,1,3,69034,M,4581070.0,484528.0,69
201500048011,15,7,21,810,1,2,1,1,3,69152,M,4570590.0,482100.0,69
201500048012,15,7,21,2055,1,2,1,1,6,69081,M,4578970.0,477935.0,69
201500048013,15,7,22,15,5,2,3,1,3,69382,M,4575390.0,482938.0,69
201500048014,15,7,22,645,1,2,1,1,2,69382,M,,,69
201500048015,15,7,22,1909,1,2,1,1,3,69385,M,0.0,0.0,69
201500048016,15,7,21,1938,1,2,1,1,4,69382,M,0.0,0.0,69
201500048017,15,7,23,840,1,2,1,1,3,69149,M,4571810.0,481683.0,69
201500048018,15,7,24,1920,1,2,1,1,2,69286,M,,,69
201500048019,15,7,27,330,5,2,1,1,6,69142,M,4574330.0,481272.0,69
201500048020,15,7,27,420,5,2,1,1,6,69034,M,4578880.0,484490.0,69
201500048021,15,7,27,737,1,2,4,7,3,69286,M,,,69
201500048022,15,7,27,1155,1,2,1,1,7,69385,M,4575850.0,481839.0,69
201500048023,15,7,27,1720,1,2,1,1,6,69149,M,4572560.0,480956.0,69
201500048024,15,7,28,1215,1,1,1,1,3,69286,M,4581360.0,486908.0,69
201500048025,15,7,30,450,5,2,1,1,7,69385,M,0.0,0.0,69
201500048026,15,7,30,1323,1,2,1,1,1,69149,M,4571910.0,478642.0,69
201500048027,15,7,30,1957,1,2,1,1,3,69384,M,,,69
201500048028,15,7,31,800,1,2,6,1,3,69081,M,4578640.0,477253.0,69
201500048029,15,7,28,1205,1,2,2,1,3,69385,M,0.0,0.0,69
201500048030,15,7,31,1850,1,2,1,1,7,69389,M,0.0,0.0,69
201500048031,15,7,30,1940,1,2,3,1,2,69286,M,4581210.0,488972.0,69
201500048032,15,8,4,750,1,2,1,1,3,69389,M,,,69
201500048033,15,8,3,1910,1,2,1,1,6,69286,M,4582220.0,489592.0,69
201500048034,15,8,6,224,5,2,1,1,6,69385,M,4577920.0,479573.0,69
201500048035,15,8,7,920,1,2,2,1,3,69149,M,4571950.0,480419.0,69
201500048036,15,8,8,1515,1,2,2,3,6,69382,M,0.0,0.0,69
201500048037,15,8,10,1250,1,2,2,1,3,69385,M,0.0,0.0,69
201500048038,15,8,10,2030,1,2,2,1,6,69384,M,,,69
201500048039,15,8,10,2014,1,2,1,1,6,69389,M,,,69
201500048040,15,8,11,1620,1,2,1,1,6,69382,M,,,69
201500048041,15,8,8,2245,5,2,1,8,6,69389,M,4579550.0,481644.0,69
201500048042,15,8,7,930,1,2,1,1,3,69382,M,,,69
201500048043,15,8,13,440,5,2,1,1,2,69389,M,0.0,0.0,69
201500048044,15,8,14,805,1,2,1,1,6,69389,M,0.0,0.0,69
201500048045,15,8,15,1240,1,2,3,1,6,69389,M,4578739.0,481438.0,69
201500048046,15,8,16,1830,1,2,4,1,3,69382,M,4575740.0,486962.0,69
201500048047,15,8,17,250,5,2,1,1,6,69382,M,,,69
201500048048,15,8,17,1330,1,2,3,1,3,69382,M,4574020.0,481711.0,69
201500048049,15,8,17,1725,1,2,3,8,3,69149,M,,,69
201500048050,15,8,17,2319,5,2,2,8,3,69286,M,0.0,0.0,69
201500048051,15,8,20,1745,1,2,1,1,6,69081,M,4578000.0,477564.0,69
201500048052,15,8,23,415,5,2,1,1,6,69382,M,,,69
201500048053,15,8,25,730,1,2,1,1,7,69385,M,4576706.0,482144.0,69
201500048054,15,8,25,1420,1,2,1,1,3,69149,M,4571970.0,481049.0,69
201500048055,15,8,24,1210,1,2,1,9,2,69384,M,,,69
201500048056,15,8,26,1605,1,2,1,1,6,69034,M,4579145.0,482303.0,69
201500048057,15,8,27,1615,1,2,1,1,6,69385,M,0.0,0.0,69
201500048058,15,8,28,305,5,2,2,1,3,69385,M,4576520.0,479155.0,69
201500048059,15,8,22,1700,1,1,1,1,6,69382,M,4574937.0,482757.0,69
201500048060,15,8,29,1710,1,2,1,1,3,69389,M,4578130.0,480092.0,69
201500048061,15,8,30,2115,5,2,1,1,3,69384,M,,,69
201500048062,15,8,30,1130,1,2,6,1,3,69202,M,,,69
201500048063,15,9,1,1330,1,2,3,2,6,69381,M,0.0,0.0,69
201500048064,15,9,3,1450,1,2,3,1,3,69034,M,,,69
201500048065,15,9,4,250,5,2,3,1,5,69382,M,,,69
201500048066,15,9,5,1215,1,2,3,1,3,69385,M,4575639.0,479769.0,69
201500048067,15,9,6,1050,1,2,2,1,6,69389,M,0.0,0.0,69
201500048068,15,9,7,1700,1,2,1,1,6,69286,M,4580570.0,488564.0,69
201500048069,15,9,7,1800,1,2,1,1,6,69286,M,,,69
201500048070,15,9,8,1505,1,2,2,1,6,69384,M,0.0,0.0,69
201500048071,15,9,10,1311,1,2,9,1,3,69286,M,4581800.0,487842.0,69
201500048072,15,9,10,2210,5,2,1,1,1,69142,M,,,69
201500048073,15,9,8,1040,1,2,1,1,6,69384,M,4577538.0,483425.0,69
201500048074,15,9,8,805,1,2,1,1,6,69149,M,4571170.0,481117.0,69
201500048075,15,9,11,2100,5,2,2,1,3,69382,M,,,69
201500048076,15,9,13,230,5,2,1,3,1,69202,M,4573500.0,479450.0,69
201500048077,15,9,14,2255,5,2,6,1,3,69286,M,4581330.0,488779.0,69
201500048078,15,9,15,1625,1,2,1,1,6,69385,M,0.0,0.0,69
201500048079,15,9,18,1050,1,1,1,1,2,69389,M,,,69
201500048080,15,9,18,1800,2,2,3,1,1,69286,M,,,69
201500048081,15,9,17,1430,1,2,1,2,2,69149,M,4572310.0,479297.0,69
201500048082,15,9,19,2140,5,2,3,1,3,69034,M,,,69
201500048083,15,9,21,1027,1,2,3,1,6,69389,M,,,69
201500048084,15,9,20,1845,1,2,1,1,1,69149,M,,,69
201500048085,15,9,22,1715,1,2,1,1,6,69149,M,4571631.0,481538.0,69
201500048086,15,9,23,1238,1,2,1,1,6,69384,M,0.0,0.0,69
201500048087,15,9,23,1000,1,2,1,1,6,69385,M,4575803.0,481229.0,69
201500048088,15,9,24,1420,1,2,1,1,6,69382,M,,,69
201500048089,15,9,24,1300,1,2,1,1,3,69034,M,4578410.0,484542.0,69
201500048090,15,9,24,2000,5,2,1,1,3,69149,M,4571560.0,480878.0,69
201500048091,15,9,26,100,5,2,3,1,3,69385,M,4576370.0,478842.0,69
201500048092,15,9,26,2121,5,2,7,1,6,69382,M,,,69
201500048093,15,9,26,2320,5,2,1,1,6,69384,M,,,69
201500048094,15,9,15,1745,1,2,5,1,6,69149,M,4571730.0,480978.0,69
201500048095,15,9,28,820,1,2,3,7,6,69286,M,,,69
201500048096,15,9,28,1645,1,2,1,1,6,69385,M,4575486.0,479635.0,69
201500048097,15,9,28,1745,1,1,1,1,3,69389,M,4579680.0,481748.0,69
201500048098,15,9,29,1300,1,2,1,1,6,69286,M,4581740.0,490108.0,69
201500048099,15,9,30,130,5,1,1,1,7,69381,M,,,69
201500048100,15,9,29,1200,1,2,1,1,6,69389,M,0.0,0.0,69
201500048101,15,9,29,1100,1,2,9,1,5,69286,M,4581570.0,487819.0,69
201500048102,15,9,30,805,1,2,3,1,3,69385,M,,,69
201500048103,15,9,30,1025,1,2,3,1,3,69286,M,4582040.0,488228.0,69
201500048104,15,9,29,1620,1,1,1,1,6,69034,M,4579860.0,484914.0,69
201500048105,15,9,30,2345,5,2,1,1,5,69142,M,,,69
201500048106,15,10,1,655,2,2,3,1,3,69389,M,4577960.0,479894.0,69
201500048107,15,10,1,740,2,2,3,1,3,69081,M,4577610.0,477820.0,69
201500048108,15,9,29,2020,5,2,1,1,6,69382,M,,,69
201500048109,15,10,1,1210,1,2,1,1,6,69385,M,4577570.0,480412.0,69
201500048110,15,9,28,1135,1,2,1,1,6,69385,M,4575740.0,478560.0,69
201500048111,15,10,1,1820,1,2,1,1,6,69389,M,0.0,0.0,69
201500048112,15,10,2,1630,1,2,1,1,3,69034,M,4578010.0,484167.0,69