Num_Acc,an,mois,jour,hrmn,lum,agg,int,atm,col,com,gps,lat,long,dep
201500048113,15,10,1,1940,1,2,2,1,3,69382,M,0.0,0.0,69
201500048114,15,10,3,2115,5,2,1,2,6,69382,M,,,69
201500048115,15,10,4,2345,5,2,1,2,7,69384,M,,,69
201500048116,15,10,5,805,1,2,1,1,3,69389,M,0.0,0.0,69
201500048117,15,9,30,1335,1,2,1,1,2,69384,M,0.0,0.0,69
201500048118,15,10,3,855,1,2,1,1,6,69382,M,,,69
201500048119,15,9,25,1050,1,2,1,1,6,69382,M,,,69
201500048120,15,10,2,1740,1,2,1,1,3,69034,M,4580560.0,485393.0,69
201500048121,15,10,9,1240,1,2,1,1,3,69389,M,0.0,0.0,69
201500048122,15,10,10,1245,1,2,3,1,3,69149,M,4571300.0,481520.0,69
201500048123,15,10,11,500,2,2,2,1,6,69389,M,4578860.0,480227.0,69
201500048124,15,10,12,1200,1,2,3,1,3,69202,M,4574010.0,478944.0,69
201500048125,15,10,13,1210,1,2,1,1,1,69385,M,4575242.0,478647.0,69
201500048126,15,10,10,910,1,2,3,1,3,69384,M,4578100.0,482753.0,69
201500048127,15,10,14,1256,1,2,2,8,6,69382,M,,,69
201500048128,15,10,15,2350,5,2,1,1,6,69381,M,,,69
201500048129,15,10,17,2230,5,2,3,1,6,69382,M,,,69
201500048130,15,10,18,250,5,2,1,1,6,69381,M,,,69
201500048131,15,10,18,1645,1,1,1,1,3,69202,M,4574140.0,479356.0,69
201500048132,15,10,20,1910,2,2,3,1,6,69381,M,0.0,0.0,69
201500048133,15,10,23,625,5,2,6,1,6,69034,M,4579440.0,485916.0,69
201500048134,15,10,23,750,1,2,1,1,3,69286,M,0.0,0.0,69
201500048135,15,10,24,1825,2,2,1,1,3,69389,M,0.0,0.0,69
201500048136,15,10,25,325,5,2,3,1,3,69142,M,4572540.0,481681.0,69
201500048137,15,10,27,1900,5,2,3,3,1,69081,M,4578120.0,476672.0,69
201500048138,15,10,27,2008,5,2,1,2,6,69034,M,,,69
201500048139,15,10,27,1120,1,2,1,1,6,69149,M,4571960.0,480439.0,69
201500048140,15,10,28,850,1,2,1,3,4,69389,M,,,69
201500048141,15,10,29,930,1,2,3,1,6,69382,M,,,69
201500048142,15,10,29,1320,1,2,1,1,3,69389,M,4578030.0,479951.0,69
201500048143,15,10,29,1330,1,2,1,1,3,69081,M,4578360.0,478098.0,69
201500048144,15,10,29,1150,1,2,1,1,6,69382,M,4576274.0,483213.0,69
201500048145,15,10,29,1135,1,2,1,1,3,69382,M,0.0,0.0,69
201500048146,15,10,30,725,1,2,1,1,2,69389,M,4578515.0,480738.0,69
201500048147,15,10,30,1545,1,2,1,1,1,69384,M,0.0,0.0,69
201500048148,15,10,30,1655,2,2,2,1,1,69389,M,0.0,0.0,69
201500048149,15,10,30,2300,5,2,1,1,6,69381,M,,,69
201500048150,15,11,3,910,1,2,2,1,6,69384,M,0.0,0.0,69
201500048151,15,11,1,1740,5,2,1,8,3,69034,M,4578810.0,485240.0,69
201500048152,15,11,3,850,1,2,1,1,3,69142,M,,,69
201500048153,15,11,3,1535,1,2,1,1,4,69034,M,4578910.0,485021.0,69
201500048154,15,11,4,815,2,2,3,1,6,69202,M,4574760.0,479176.0,69
201500048155,15,11,4,1205,1,2,1,2,1,69034,M,4580916.0,486408.0,69
201500048156,15,11,5,845,1,2,1,1,3,69286,M,4582700.0,490535.0,69
201500048157,15,11,5,1010,1,2,1,1,6,69202,M,4573400.0,477966.0,69
201500048158,15,11,5,1851,5,2,2,1,6,69389,M,0.0,0.0,69
201500048159,15,11,6,1500,1,2,1,1,6,69389,M,,,69
201500048160,15,11,5,2125,5,2,2,1,3,69385,M,4545253.0,0.0,69
201500048161,15,11,7,30,5,2,1,1,6,69384,M,,,69
201500048162,15,11,6,2000,5,2,3,1,1,69389,M,,,69
201500048163,15,11,8,1350,1,2,1,1,6,69034,M,4579122.0,484080.0,69
201500048164,15,11,8,1430,1,2,1,1,3,69034,M,4579970.0,485323.0,69
201500048165,15,11,8,1730,5,1,1,1,3,69389,M,4577940.0,479944.0,69
201500048166,15,11,8,721,1,2,1,1,6,69286,M,,,69
201500048167,15,11,9,650,2,2,1,1,6,69286,M,4581308.0,489314.0,69
201500048168,15,11,9,1145,1,2,1,1,6,69034,M,4579430.0,485633.0,69
201500048169,15,11,10,1305,1,1,1,1,3,69381,M,,,69
201500048170,15,11,10,1330,1,2,1,1,6,69034,M,4579397.0,482900.0,69
201500048171,15,11,10,1810,5,2,1,1,6,69149,M,4571705.0,481349.0,69
201500048172,15,11,10,1820,5,2,1,1,6,69389,M,0.0,0.0,69
201500048173,15,11,12,1400,1,2,1,1,2,69382,M,0.0,0.0,69
201500048174,15,11,13,1140,1,2,1,1,6,69202,M,4572800.0,479647.0,69
201500048175,15,11,12,1515,1,2,4,1,7,69034,M,4578583.0,484916.0,69
201500048176,15,11,15,1010,1,2,7,7,6,69034,M,4579102.0,484324.0,69
201500048177,15,10,3,2155,5,2,1,1,7,69385,M,4575210.0,477674.0,69
201500048178,15,11,10,1200,1,2,3,1,6,69381,M,,,69
201500048179,15,11,17,1310,1,2,2,1,3,69081,M,4576627.0,476927.0,69
201500048180,15,11,16,1240,1,2,1,1,6,69384,M,,,69
201500048181,15,11,18,610,5,2,2,1,3,69389,M,0.0,0.0,69
201500048182,15,11,16,1700,1,2,1,1,3,69034,M,4580380.0,486191.0,69
201500048183,15,11,19,45,5,2,1,8,6,69382,M,0.0,0.0,69
201500048184,15,11,19,1200,1,2,1,1,6,69385,M,4575740.0,480095.0,69
201500048185,15,11,19,1550,1,2,1,1,5,69202,M,,,69
201500048186,15,11,19,2030,5,2,1,1,3,69381,M,,,69
201500048187,15,11,22,1010,1,2,1,1,7,69385,M,0.0,0.0,69
201500048188,15,11,22,1830,5,2,2,2,3,69389,M,0.0,0.0,69
201500048189,15,11,22,1625,1,2,3,2,1,69202,M,4573936.0,480630.0,69
201500048190,15,11,22,2040,5,2,1,2,7,69385,M,4576177.0,482865.0,69
201500048191,15,11,22,1050,1,1,1,2,6,69034,M,4578333.0,484999.0,69
201500048192,15,11,23,645,5,2,3,1,6,69389,M,4576500.0,479350.0,69
201500048193,15,11,23,1110,1,1,1,1,1,69389,M,4579830.0,481900.0,69
201500048194,15,11,23,1645,2,2,1,1,6,69385,M,4575740.0,480095.0,69
201500048195,15,11,23,2325,5,2,2,1,3,69389,M,,,69
201500048196,15,11,24,1530,1,2,1,1,2,69389,M,,,69
201500048197,15,11,25,615,5,1,1,2,6,69034,M,4578863.0,486533.0,69
201500048198,15,11,23,1940,5,2,1,1,3,69034,M,4579022.0,484002.0,69
201500048199,15,11,26,840,1,2,3,1,1,69286,M,4580000.0,488000.0,69
201500048200,15,11,26,720,1,2,3,1,3,69081,M,,,69
201500048201,15,11,26,845,1,2,1,1,3,69382,M,0.0,0.0,69
201500048202,15,11,25,1320,1,2,1,2,7,69034,M,4579288.0,483433.0,69
201500048203,15,11,27,1221,1,1,1,1,4,69142,M,4573061.0,481561.0,69
201500048204,15,11,27,1610,1,2,2,1,3,69382,M,0.0,0.0,69
201500048205,15,11,27,1600,1,2,1,1,3,69382,M,,,69
201500048206,15,11,27,1840,5,2,5,1,1,69081,M,4577347.0,478286.0,69
201500048207,15,11,29,1853,5,2,3,1,6,69034,M,4581383.0,484927.0,69
201500048208,15,11,30,830,1,2,1,1,6,69149,M,4571752.0,481274.0,69
201500048209,15,11,30,1550,1,2,3,1,3,69389,M,,,69
201500048210,15,12,1,1604,1,2,1,1,6,69149,M,4571391.0,480491.0,69
201500048211,15,12,2,850,1,1,3,1,3,69081,M,4577070.0,478571.0,69
201500048212,15,12,3,820,1,2,1,1,6,69382,M,0.0,0.0,69
201500048213,15,12,4,1215,1,2,1,1,6,69389,M,4578751.0,479975.0,69
201500048214,15,12,4,1710,2,2,1,1,6,69385,M,0.0,0.0,69
201500048215,15,12,4,1945,5,2,1,1,2,69385,M,0.0,0.0,69
201500048216,15,12,4,1945,5,2,1,1,3,69149,M,4572138.0,479461.0,69
201500048217,15,12,1,1630,1,2,1,1,6,69382,M,,,69
201500048218,15,12,8,1243,1,1,1,1,6,69389,M,4578930.0,481217.0,69
201500048219,15,12,8,1635,2,2,3,1,6,69389,M,0.0,0.0,69
201500048220,15,12,9,5,5,2,1,2,6,69385,M,4575616.0,480536.0,69
201500048221,15,12,10,2350,5,2,1,1,6,69389,M,0.0,0.0,69
201500048222,15,12,11,900,1,2,3,1,3,69389,M,4577400.0,479675.0,69
201500048223,15,12,11,1545,1,2,1,1,2,69389,M,4580080.0,483800.0,69
201500048224,15,12,11,1830,5,2,1,1,3,69149,M,4571244.0,480219.0,69
201500048225,15,12,12,1250,1,2,1,1,3,69385,M,0.0,0.0,69
201500048226,15,12,13,1415,1,2,3,1,1,69381,M,,,69
201500048227,15,12,14,1625,1,2,1,1,6,69286,M,4580740.0,489438.0,69
201500048228,15,12,14,1100,1,2,1,1,6,69149,M,,,69
201500048229,15,12,15,1125,1,2,1,1,2,69081,M,4579265.0,477373.0,69
201500048230,15,12,15,1245,1,2,1,1,2,69152,M,4570108.0,482232.0,69
201500048231,15,12,15,1635,1,2,1,1,6,69149,M,4571251.0,480219.0,69
201500048232,15,12,16,1340,1,2,1,1,5,69389,M,0.0,0.0,69
201500048233,15,12,6,1115,1,2,1,1,6,69382,M,,,69
201500048234,15,12,17,1330,1,2,1,1,2,69389,M,0.0,0.0,69
201500048235,15,12,15,1150,1,1,1,1,2,69382,M,0.0,0.0,69
201500048236,15,12,18,1835,5,2,1,1,6,69149,M,4571836.0,480621.0,69
201500048237,15,12,18,1835,5,2,1,1,6,69286,M,,,69
201500048238,15,12,19,1555,1,2,3,1,6,69382,M,0.0,0.0,69
201500048239,15,12,19,1730,2,2,1,1,6,69034,M,4580322.0,485991.0,69
201500048240,15,12,20,1255,1,2,2,1,3,69389,M,0.0,0.0,69
201500048241,15,12,20,940,1,2,1,1,1,69152,M,4570318.0,482892.0,69
201500048242,15,12,21,1752,5,2,1,1,6,69286,M,4581308.0,489316.0,69
201500048243,15,12,22,1215,1,2,3,1,1,69389,M,0.0,0.0,69
201500048244,15,12,23,1635,1,2,1,1,1,69081,M,4577280.0,478475.0,69
201500048245,15,12,17,1950,5,2,1,1,6,69381,M,,,69
201500048246,15,12,26,50,5,2,1,1,6,69385,M,4576530.0,483035.0,69
201500048247,15,12,27,1750,5,2,1,1,6,69286,M,4580000.0,488333.0,69
201500048248,15,12,28,1345,1,2,1,1,6,69202,M,4573300.0,478089.0,69
201500048249,15,12,29,1510,1,2,1,1,2,69385,M,0.0,0.0,69
201500048250,15,12,31,1010,1,2,1,2,6,69034,M,4580372.0,485916.0,69
201500048251,15,1,2,1430,1,1,1,1,7,59378,M,,,59
201500048252,15,11,2,920,1,1,1,5,5,59449,M,5046770.0,323561.0,59
201500048253,15,1,3,1045,1,1,1,1,1,59435,M,,,59
201500048254,15,11,2,1130,1,1,1,1,2,62637,M,5047000.0,297747.0,62
201500048255,15,1,4,1000,1,1,1,1,7,59350,M,,,59
201500048256,15,11,4,2000,3,1,1,1,2,59262,M,5078677.0,262208.0,59
201500048257,15,1,12,700,3,1,1,1,6,62634,M,5093196.0,201499.0,62
201500048258,15,11,6,2155,3,1,1,1,6,62748,M,5095150.0,211978.0,62
201500048259,15,1,23,145,3,1,1,1,2,62548,M,,,62
201500048260,15,11,12,1800,3,1,1,1,6,59646,M,5067910.0,312392.0,59
201500048261,15,1,24,445,5,1,1,3,7,59328,M,,,59
201500048262,15,11,13,1835,3,1,1,1,5,59234,M,5040240.0,306253.0,59
201500048263,15,1,24,1950,3,1,1,1,3,59009,M,,,59
201500048264,15,11,15,340,3,1,1,6,6,62193,M,5056115.0,151272.0,62
201500048265,15,1,25,530,3,1,1,1,4,59580,M,5082822.0,258235.0,59
201500048266,15,11,17,715,3,1,1,2,7,59009,M,5064740.0,314656.0,59
201500048267,15,1,25,720,5,1,1,1,7,59386,M,,,59
201500048268,15,11,21,1620,1,1,1,2,7,59009,M,5064740.0,314656.0,59
201500048269,15,1,26,1400,1,1,1,2,4,59350,M,,,59
201500048270,15,11,22,1145,1,1,1,8,7,59343,M,5060130.0,312700.0,59
201500048271,15,1,29,1630,1,1,1,1,7,62193,M,,,62
201500048272,15,11,23,100,5,1,1,8,7,59646,M,5068090.0,311959.0,59
201500048273,15,2,1,1430,1,1,1,3,5,62274,M,,,62
201500048274,15,11,23,330,3,1,1,1,7,59378,M,5040284.0,306508.0,59
201500048275,15,2,1,1530,1,1,1,6,5,59662,M,,,59
201500048276,15,11,23,1400,1,1,1,1,6,59343,M,5058980.0,309739.0,59
201500048277,15,2,3,2010,3,1,1,1,7,59234,M,,,59
201500048278,15,11,6,630,3,1,1,8,5,59581,M,5070680.0,278403.0,59
201500048279,15,2,4,1005,1,1,1,4,6,62634,M,,,62
201500048280,15,11,26,1220,1,1,1,2,6,62771,M,5043020.0,285156.0,62
201500048281,15,2,4,920,1,1,1,1,6,59378,M,,,59
201500048282,15,11,27,1830,2,1,1,6,4,59009,M,5060600.0,313000.0,59
201500048283,15,2,4,1450,1,1,1,1,4,59350,M,,,59
201500048284,15,11,28,610,3,1,1,1,6,59586,M,5053960.0,319711.0,59
201500048285,15,2,6,2030,5,1,1,1,4,59609,M,,,59
201500048286,15,11,23,720,5,1,1,2,2,62624,M,5041920.0,298547.0,62
201500048287,15,2,8,720,2,1,1,1,7,62351,M,,,62
201500048288,15,11,23,1020,1,1,1,2,5,59449,M,5047210.0,322561.0,59
201500048289,15,2,7,1115,1,1,1,1,2,59196,M,5064067.0,293618.0,59
201500048290,15,12,25,1310,1,1,1,1,3,59378,M,5068430.0,310958.0,59
201500048291,15,2,9,1130,1,1,9,1,6,59646,M,,,59
201500048292,15,12,12,300,3,1,1,2,2,59378,M,,,59
201500048293,15,12,26,1325,1,1,1,1,6,59262,M,5041042.0,306233.0,59
201500048294,15,2,10,245,3,1,1,1,6,59359,M,,,59
201500048295,15,2,16,810,2,1,1,5,3,59523,M,,,59
201500048296,15,12,12,2300,5,1,1,2,7,59646,M,,,59
201500048297,15,2,21,1215,1,1,1,4,4,59189,M,,,59
201500048298,15,12,21,640,3,1,1,2,7,59475,M,5018197.0,322178.0,59
201500048299,15,2,15,130,3,1,1,1,6,59350,M,,,59
201500048300,15,12,23,2235,3,1,1,1,7,59456,M,5038270.0,321033.0,59
201500048301,15,2,22,1230,1,1,1,1,6,59350,M,,,59
201500048302,15,12,24,1630,1,1,1,1,7,62427,M,0.0,0.0,62
201500048303,15,12,27,2220,3,1,1,1,6,62239,M,0.0,0.0,62
201500048304,15,3,1,5,3,1,1,2,7,59178,M,,,59
201500048305,15,3,14,1515,1,1,1,1,7,62274,M,,,62
201500048306,15,3,2,445,3,1,1,4,6,59378,M,5069418.0,311275.0,59
201500048307,15,3,12,1115,1,1,1,7,6,59350,M,,,59
201500048308,15,3,15,2215,3,1,1,1,5,59560,M,,,59
201500048309,15,12,1,2225,3,1,1,2,4,59588,M,,,59
201500048310,15,12,2,2000,4,1,1,1,2,59043,M,5072180.0,274378.0,59
201500048311,15,3,21,2045,3,1,1,1,6,62907,M,,,62
201500048312,15,12,2,2045,5,1,1,1,7,62193,M,0.0,0.0,62
201500048313,15,3,22,1230,1,1,1,1,3,59183,M,,,59
201500048314,15,3,25,810,1,1,1,3,4,59431,M,,,59
201500048315,15,12,3,1750,3,1,1,1,7,62193,M,,,62
201500048316,15,3,24,1218,1,1,1,1,4,59343,M,,,59
201500048317,15,12,4,2020,3,1,1,1,2,59350,M,,,59
201500048318,15,12,8,815,1,1,1,1,4,62624,M,0.0,0.0,62
201500048319,15,3,26,940,1,1,1,1,3,59195,M,,,59
201500048320,15,3,26,1635,1,1,1,1,6,59646,M,,,59
201500048321,15,4,8,1440,1,1,1,1,3,62624,M,,,62
201500048322,15,12,24,1815,3,1,1,3,6,59532,M,,,59
201500048323,15,4,7,1525,1,1,1,1,3,59554,M,,,59
201500048324,15,4,12,1945,1,1,1,1,7,59606,M,,,59
201500048325,15,4,15,720,1,1,1,1,2,59560,M,,,59
201500048326,15,4,17,1700,1,1,1,1,6,59350,M,,,59
201500048327,15,4,10,635,2,1,1,1,1,59155,M,,,59
201500048328,15,4,18,1815,1,1,1,1,2,59378,M,,,59
201500048329,15,4,21,800,1,1,1,1,6,59090,M,,,59
201500048330,15,4,22,430,3,1,1,1,7,59260,M,,,59
201500048331,15,4,24,1705,1,1,1,1,2,59606,M,,,59
201500048332,15,4,28,900,1,1,1,1,6,59386,M,,,59
201500048333,15,5,1,420,3,1,1,1,7,59410,M,5064222.0,309272.0,59
201500048334,15,5,3,2210,3,1,1,1,6,62624,M,0.0,0.0,62
201500048335,15,5,4,1130,1,1,1,1,6,59009,M,5036142.0,307453.0,59
201500048336,15,5,5,400,3,1,1,2,7,62427,M,0.0,0.0,62
201500048337,15,5,10,945,1,1,1,1,2,59131,M,5098636.0,236894.0,59
201500048338,15,5,11,1440,1,1,1,1,2,59429,M,5028608.0,335258.0,59
201500048339,15,5,13,435,3,1,1,1,7,62548,M,0.0,0.0,62
201500048340,15,5,16,1315,1,1,1,1,7,59646,M,5067988.0,312483.0,59
201500048341,15,5,18,940,1,1,1,1,4,59143,M,5065908.0,289841.0,59
201500048342,15,5,18,1230,1,1,1,1,2,59566,M,5062295.0,296793.0,59
201500048343,15,5,22,930,1,1,1,1,2,59401,M,5074100.0,268194.0,59
201500048344,15,5,22,1950,1,1,1,1,2,59646,M,5067775.0,312269.0,59
201500048345,15,5,24,1945,1,1,1,1,6,59350,M,5062208.0,302608.0,59
201500048346,15,5,27,2000,1,1,1,1,7,59560,M,5052427.0,304138.0,59
201500048347,15,5,30,1810,1,1,1,1,7,59143,M,5067497.0,286344.0,59
201500048348,15,5,31,1745,1,1,1,1,7,59350,M,5061838.0,302997.0,59
201500048349,15,6,1,320,3,1,1,1,7,62193,M,,,62
201500048350,15,6,1,1300,1,1,1,1,2,59234,M,5040694.0,304002.0,59
201500048351,15,6,2,1400,1,1,1,1,1,59262,M,5078730.0,262173.0,59
201500048352,15,6,2,2255,3,1,1,2,2,59202,M,5067894.0,285419.0,59
201500048353,15,6,4,720,1,1,1,1,6,59155,M,5100458.0,221052.0,59
201500048354,15,6,11,800,1,1,1,1,4,59378,M,5068463.0,309569.0,59
201500048355,15,6,12,1500,1,1,1,1,7,59131,M,5098822.0,236019.0,59
201500048356,15,6,14,500,2,1,1,1,2,59360,M,5037167.0,0.0,59
201500048357,15,6,14,1345,1,1,1,8,6,59566,M,5061872.0,297698.0,59
201500048358,15,6,17,2030,2,1,1,1,6,62634,M,5056064.0,158491.0,62
201500048359,15,6,18,455,3,1,1,2,7,59286,M,5061694.0,299505.0,59
201500048360,15,6,18,1730,1,1,1,1,6,62498,M,0.0,0.0,62
201500048361,15,6,21,1630,1,1,1,1,2,59286,M,5061786.0,299866.0,59
201500048362,15,6,6,1325,1,1,1,1,7,59426,M,5076147.0,315000.0,59
201500048363,15,6,22,1230,1,1,1,2,3,59348,M,5026936.0,333369.0,59
201500048364,15,6,24,1420,1,1,1,1,2,59449,M,5046700.0,323758.0,59
201500048365,15,6,25,1700,1,1,1,1,2,59346,M,5035566.0,308286.0,59
201500048366,15,6,30,150,3,1,1,1,7,62193,M,0.0,0.0,62
201500048367,15,6,30,1820,1,1,1,1,7,59636,M,5068088.0,305744.0,59
201500048368,15,7,1,1535,1,1,1,1,7,59262,M,,,59
201500048369,15,7,14,1430,1,1,1,1,6,59646,M,,,59
201500048370,15,7,16,910,1,1,1,1,6,59462,M,,,59
201500048371,15,7,16,1620,1,1,1,1,7,59143,M,,,59
201500048372,15,7,16,2000,1,1,1,1,7,59346,M,,,59
201500048373,15,7,5,420,3,1,1,1,7,59189,M,5080246.0,260460.0,59
201500048374,15,7,5,2045,1,1,1,1,7,59143,M,5065779.0,290051.0,59
201500048375,15,7,8,1235,1,1,1,2,2,59009,M,5065499.0,312901.0,59
201500048376,15,7,9,150,5,1,1,1,3,59646,M,,,59
201500048377,15,7,19,2150,1,1,1,1,7,59195,M,,,59
201500048378,15,7,20,1235,1,1,1,2,7,59606,M,,,59
201500048379,15,7,21,2335,5,1,1,1,2,59278,M,,,59
201500048380,15,7,23,1545,1,1,1,1,6,59566,M,5062191.0,296988.0,59
201500048381,15,7,11,820,1,1,1,1,2,59343,M,5060065.0,312094.0,59
201500048382,15,7,24,530,5,1,1,1,7,62193,M,5094168.0,182024.0,62
201500048383,15,7,27,5,3,1,1,1,2,59456,M,,,59
201500048384,15,7,12,640,1,1,1,1,3,59343,M,,,59
201500048385,15,7,14,830,1,1,1,1,2,59459,M,5037807.0,347044.0,59
201500048386,15,7,8,2120,1,1,1,1,4,59179,M,5031103.0,339294.0,59
201500048387,15,7,11,2015,1,1,1,1,2,59515,M,5032791.0,343680.0,59
201500048388,15,7,26,620,1,1,1,1,6,59560,M,,,59
201500048389,15,8,4,1645,1,1,1,1,7,59613,M,,,59
201500048390,15,8,7,1010,1,1,1,1,4,62907,M,,,62
201500048391,15,8,15,1930,1,1,1,1,7,62628,M,,,62
201500048392,15,8,22,600,3,1,1,1,7,59603,M,5034040.0,347022.0,59
201500048393,15,8,27,1430,1,1,1,3,7,59195,M,,,59
201500048394,15,8,30,615,2,1,1,1,6,59606,M,5033903.0,349996.0,59
201500048395,15,8,22,1000,1,1,1,1,4,59566,M,5061872.0,297698.0,59
201500048396,15,8,24,1430,1,1,1,2,4,59560,M,,,59
201500048397,15,8,22,1035,1,1,1,1,2,59183,M,,,59
201500048398,15,8,25,1735,1,1,1,1,6,59509,M,,,59
201500048399,15,5,28,1930,1,1,1,1,6,59507,M,5061458.0,308516.0,59
201500048400,15,8,31,1840,1,1,1,1,3,62274,M,,,62
201500048401,15,9,2,1730,1,1,1,1,4,59271,M,5099950.0,229108.0,59
201500048402,15,9,11,340,3,1,1,1,2,59609,M,5058005.0,308766.0,59
201500048403,15,9,11,1125,1,1,1,1,7,62907,M,5049255.0,299439.0,62
201500048404,15,9,14,1630,1,1,1,8,7,59646,M,5067986.0,312819.0,59
201500048405,15,9,21,805,1,1,1,1,2,59328,M,5065669.0,301525.0,59
201500048406,15,9,21,845,1,1,1,1,6,59350,M,5063605.0,308836.0,59
201500048407,15,9,25,1810,1,1,1,1,4,59447,M,5020510.0,334282.0,59
201500048408,15,10,3,145,3,1,1,1,6,59447,M,5038708.0,361180.0,59
201500048409,15,10,3,650,3,1,1,1,7,59566,M,5061991.0,297372.0,59
201500048410,15,10,9,1900,2,1,1,1,2,59256,M,5056813.0,315886.0,59
201500048411,15,10,9,2010,3,1,1,1,4,59508,M,5045355.0,309174.0,59
201500048412,15,10,10,1725,1,1,1,1,2,59346,M,5060427.0,312958.0,59
201500048413,15,10,13,2300,3,1,1,2,6,62771,M,0.0,0.0,62
201500048414,15,10,14,2145,3,1,1,8,7,62193,M,5094159.0,182166.0,62
201500048415,15,10,19,805,2,1,1,1,6,59431,M,5068944.0,282336.0,59
201500048416,15,10,7,1130,1,1,1,1,5,59585,M,5055561.0,306347.0,59
201500048417,15,1,6,1305,1,2,1,1,6,69383,M,,,69
201500048418,15,12,30,1825,5,2,1,1,6,69386,M,,,69
201500048419,15,3,12,1345,1,2,1,1,6,69386,M,4577530.0,484898.0,69
201500048420,15,1,6,920,1,2,1,2,6,69383,M,4575440.0,485275.0,69
201500048421,15,1,6,1850,5,2,2,5,3,69386,M,,,69
201500048422,15,1,7,1730,5,2,2,1,3,69386,M,,,69
201500048423,15,12,31,1945,5,1,3,1,3,69276,M,4567200.0,485140.0,69
201500048424,15,1,9,715,2,2,2,1,3,69383,M,4575610.0,486669.0,69
201500048425,15,1,10,1420,1,2,3,1,6,69383,M,,,69
201500048426,15,12,31,1130,1,2,1,1,3,69388,M,0.0,0.0,69
201500048427,15,1,9,1205,1,2,2,1,3,69383,M,4574580.0,488029.0,69
201500048428,15,1,12,1400,1,2,2,1,3,69386,M,4577210.0,484463.0,69
201500048429,15,1,12,1730,5,2,1,1,6,69386,M,4577240.0,485675.0,69
201500048430,15,1,12,2014,5,2,2,1,3,69386,M,4577240.0,485675.0,69
201500048431,15,1,7,1700,5,2,1,1,2,69383,M,,,69
201500048432,15,1,13,1650,1,2,2,1,3,69383,M,4575310.0,487395.0,69
201500048433,15,1,15,855,1,2,1,1,6,69383,M,4575270.0,484262.0,69
201500048434,15,1,18,520,5,2,1,1,5,69383,M,4575270.0,484262.0,69
201500048435,15,1,18,735,4,2,2,1,3,69383,M,4575270.0,484262.0,69
201500048436,15,1,19,745,2,2,2,2,6,69383,M,4575440.0,485275.0,69
201500048437,15,1,16,940,1,2,1,3,6,69383,M,4575440.0,485275.0,69
201500048438,15,1,16,1820,5,2,1,2,6,69388,M,,,69
201500048439,15,1,20,1205,1,2,2,1,3,69383,M,4575270.0,484262.0,69
201500048440,15,1,20,1715,2,2,2,2,6,69386,M,4577210.0,484463.0,69
201500048441,15,1,22,735,5,2,2,2,3,69386,M,4577760.0,484900.0,69
201500048442,15,1,23,1620,1,2,1,1,6,69383,M,4575440.0,485275.0,69
201500048443,15,1,21,1200,1,2,1,1,2,69383,M,4575440.0,485275.0,69
201500048444,15,1,26,730,1,2,1,2,6,69386,M,4577210.0,484463.0,69
201500048445,15,1,26,1745,4,2,1,2,6,69386,M,4577210.0,484463.0,69
201500048446,15,1,27,1530,1,2,2,1,6,69383,M,,,69
201500048447,15,4,1,1255,1,2,1,2,7,69386,M,4576190.0,481755.0,69
201500048448,15,1,26,1842,5,2,1,3,6,69386,M,4577240.0,485675.0,69
201500048449,15,4,2,1045,1,2,1,8,6,69387,M,4575230.0,483626.0,69
201500048450,15,1,26,2000,5,2,1,1,3,69383,M,,,69
201500048451,15,4,2,1355,1,2,3,1,6,69199,M,,,69
201500048452,15,1,16,1820,2,2,2,3,3,69383,M,4575440.0,485275.0,69
201500048453,15,4,2,1355,1,2,1,1,6,69386,M,0.0,0.0,69
201500048454,15,1,22,2135,5,2,2,1,3,69383,M,4575220.0,487465.0,69
201500048455,15,4,2,2200,5,2,1,8,6,69386,M,4577120.0,485167.0,69
201500048456,15,1,27,1415,1,2,1,1,6,69383,M,4575440.0,485275.0,69
201500048457,15,4,3,550,5,2,2,1,3,69388,M,,,69
201500048458,15,2,1,2200,5,2,1,2,2,69383,M,,,69
201500048459,15,4,3,1945,2,2,1,1,3,69276,M,,,69
201500048460,15,2,2,2000,5,2,2,1,6,69386,M,,,69
201500048461,15,4,4,220,5,2,3,2,6,69259,M,4569830.0,489672.0,69
201500048462,15,2,3,2030,5,2,1,1,6,69386,M,,,69
201500048463,15,4,3,1840,1,2,2,1,3,69387,M,,,69
201500048464,15,2,4,2025,5,2,1,1,6,69386,M,,,69
201500048465,15,4,4,1445,1,2,1,1,1,69276,M,,,69
201500048466,15,2,7,1830,5,2,2,1,3,69383,M,,,69
201500048467,15,4,4,1210,1,2,2,1,6,69387,M,0.0,0.0,69
201500048468,15,2,5,815,1,2,1,1,6,69383,M,,,69
201500048469,15,4,7,1130,1,2,1,1,3,69259,M,,,69
201500048470,15,4,7,1950,1,2,1,1,6,69388,M,,,69
201500048471,15,2,11,1910,5,2,2,1,3,69386,M,,,69
201500048472,15,4,7,1950,1,2,6,1,3,69388,M,,,69
201500048473,15,2,12,1115,1,2,2,1,3,69383,M,,,69
201500048474,15,4,8,840,1,2,2,1,6,69386,M,,,69
201500048475,15,2,16,5,5,2,2,2,3,69383,M,,,69