Num_Acc,an,mois,jour,hrmn,lum,agg,int,atm,col,com,gps,lat,long,dep
201500048476,15,4,8,855,1,2,1,1,6,69386,M,,,69
201500048477,15,2,16,1530,1,2,1,1,1,69383,M,,,69
201500048478,15,4,8,2030,2,2,2,1,3,69383,M,0.0,0.0,69
201500048479,15,2,10,2210,5,2,2,1,3,69386,M,,,69
201500048480,15,4,7,735,1,1,1,1,2,69388,M,0.0,0.0,69
201500048481,15,2,19,900,1,2,1,1,6,69386,M,,,69
201500048482,15,4,10,1200,2,2,2,1,3,69383,M,,,69
201500048483,15,2,21,2010,5,2,3,1,3,69386,M,,,69
201500048484,15,4,11,2130,4,2,1,1,3,69388,M,,,69
201500048485,15,2,22,643,2,2,2,1,6,69386,M,,,69
201500048486,15,4,12,1600,1,2,3,1,6,69388,M,,,69
201500048487,15,2,24,815,1,2,1,1,6,69383,M,,,69
201500048488,15,4,11,2040,2,2,1,1,6,69387,M,0.0,0.0,69
201500048489,15,2,24,845,1,2,2,1,6,69386,M,,,69
201500048490,15,4,14,720,1,2,1,1,6,69259,M,4569790.0,488154.0,69
201500048491,15,2,24,1945,5,2,1,1,2,69383,M,,,69
201500048492,15,4,14,1850,1,2,1,1,3,69383,M,4575270.0,484262.0,69
201500048493,15,2,25,1610,1,2,2,1,6,69386,M,,,69
201500048494,15,4,14,2100,2,2,1,1,2,69383,M,,,69
201500048495,15,2,25,1405,1,2,2,1,6,69383,M,,,69
201500048496,15,4,14,1210,1,2,5,1,6,69383,M,,,69
201500048497,15,2,26,1815,5,2,2,2,6,69386,M,,,69
201500048498,15,4,15,1610,1,2,1,1,2,69383,M,0.0,0.0,69
201500048499,15,2,27,1050,1,2,2,2,6,69386,M,,,69
201500048500,15,4,16,1030,1,2,1,1,3,69383,M,,,69
201500048501,15,2,28,1020,1,2,1,1,3,69386,M,,,69
201500048502,15,4,14,1510,1,2,1,7,2,69386,M,,,69
201500048503,15,3,3,1900,5,2,1,1,3,69383,M,,,69
201500048504,15,4,16,1710,1,2,1,1,3,69259,M,,,69
201500048505,15,3,5,1050,1,2,2,1,3,69386,M,,,69
201500048506,15,4,16,2245,5,2,1,2,3,69387,M,0.0,0.0,69
201500048507,15,3,7,810,1,2,2,1,3,69383,M,,,69
201500048508,15,4,16,405,5,2,1,1,6,69383,M,,,69
201500048509,15,3,7,1145,1,2,2,1,6,69386,M,,,69
201500048510,15,4,17,1720,1,2,2,8,5,69259,M,,,69
201500048511,15,3,7,1730,1,2,1,1,3,69386,M,,,69
201500048512,15,4,16,1840,1,2,1,1,6,69387,M,0.0,0.0,69
201500048513,15,3,7,1810,1,2,1,1,6,69386,M,,,69
201500048514,15,4,18,2145,4,2,1,1,6,69259,M,,,69
201500048515,15,3,8,1540,1,2,1,1,3,69386,M,,,69
201500048516,15,4,18,1230,1,2,2,1,6,69383,M,0.0,0.0,69
201500048517,15,3,8,2025,5,2,1,1,6,69383,M,,,69
201500048518,15,4,19,2250,5,2,2,8,3,69387,M,0.0,0.0,69
201500048519,15,3,9,1500,1,2,1,1,6,69386,M,,,69
201500048520,15,4,20,800,1,2,2,1,5,69383,M,,,69
201500048521,15,3,10,545,5,2,3,1,6,69386,M,,,69
201500048522,15,4,21,1710,1,2,1,1,6,69387,M,0.0,0.0,69
201500048523,15,3,12,2040,3,2,1,1,6,69383,M,,,69
201500048524,15,4,22,1540,1,2,3,1,1,69388,M,4573780.0,487195.0,69
201500048525,15,4,22,2215,5,2,3,1,5,69386,M,4575420.0,487188.0,69
201500048526,15,3,24,1200,1,2,1,1,6,69383,M,,,69
201500048527,15,4,22,1220,1,2,2,1,6,69387,M,0.0,0.0,69
201500048528,15,4,22,1150,1,2,2,1,3,69388,M,0.0,0.0,69
201500048529,15,4,23,745,1,2,1,1,2,69383,M,0.0,0.0,69
201500048530,15,4,23,1515,1,2,3,1,3,69383,M,0.0,0.0,69
201500048531,15,4,23,1825,1,2,3,7,3,69383,M,,,69
201500048532,15,3,18,1740,1,2,1,1,3,69259,M,,,69
201500048533,15,4,24,1825,1,2,1,1,4,69386,M,,,69
201500048534,15,4,23,1810,1,2,1,1,6,69383,M,,,69
201500048535,15,4,25,2020,5,2,2,2,3,69259,M,,,69
201500048536,15,4,24,1840,1,2,2,1,5,69276,M,4568140.0,486145.0,69
201500048537,15,4,25,2005,1,2,2,2,3,69386,M,,,69
201500048538,15,4,27,1500,1,2,1,8,6,69383,M,,,69
201500048539,15,4,27,2030,2,2,2,1,3,69383,M,,,69
201500048540,15,4,28,1025,1,2,1,1,2,69387,M,0.0,0.0,69
201500048541,15,4,28,1540,1,2,2,1,3,69387,M,4572850.0,482183.0,69
201500048542,15,3,18,1737,1,1,1,1,6,69259,M,,,69
201500048543,15,4,29,1155,1,2,1,1,6,69388,M,0.0,0.0,69
201500048544,15,4,30,935,1,2,2,1,6,69387,M,4573100.0,482652.0,69
201500048545,15,4,30,745,1,2,1,1,4,69388,M,,,69
201500048546,15,12,17,2000,5,2,1,1,5,69387,M,,,69
201500048547,15,4,30,1200,1,2,1,1,6,69388,M,,,69
201500048548,15,4,30,1330,1,2,1,1,6,69259,M,4569890.0,487028.0,69
201500048549,15,4,30,1620,1,1,3,1,3,69259,M,4571670.0,485528.0,69
201500048550,15,5,1,120,3,2,1,1,6,69388,M,4574528.0,487203.0,69
201500048551,15,5,1,745,1,2,1,2,6,69276,M,4568420.0,486131.0,69
201500048552,15,5,1,1445,1,2,2,2,3,69387,M,,,69
201500048553,15,5,2,2130,5,2,1,2,3,69259,M,,,69
201500048554,15,5,4,930,1,2,1,8,6,69387,M,0.0,0.0,69
201500048555,15,5,4,1400,1,2,1,1,6,69259,M,,,69
201500048556,15,5,4,2305,4,2,1,1,6,69259,M,,,69
201500048557,15,5,5,2020,1,2,2,1,3,69386,M,,,69
201500048558,15,5,6,800,1,2,2,1,5,69199,M,,,69
201500048559,15,5,6,1325,1,2,1,1,6,69387,M,,,69
201500048560,15,5,6,1110,1,2,1,1,6,69383,M,0.0,0.0,69
201500048561,15,5,7,1645,1,1,1,1,6,69388,M,,,69
201500048562,15,5,7,2200,5,2,2,1,3,69387,M,0.0,0.0,69
201500048563,15,5,6,1235,1,2,1,1,1,69387,M,0.0,0.0,69
201500048564,15,5,8,1325,1,2,1,2,2,69388,M,,,69
201500048565,15,5,8,1845,1,2,1,3,6,69388,M,0.0,0.0,69
201500048566,15,5,6,2015,2,2,1,1,2,69259,M,4572260.0,487234.0,69
201500048567,15,5,9,1535,1,2,1,1,6,69259,M,,,69
201500048568,15,5,9,1255,1,2,9,1,3,69383,M,0.0,0.0,69
201500048569,15,5,11,940,1,2,2,1,3,69387,M,0.0,0.0,69
201500048570,15,5,11,1330,1,2,2,1,6,69386,M,,,69
201500048571,15,5,12,735,1,2,1,1,3,69387,M,0.0,0.0,69
201500048572,15,5,12,1730,1,2,1,1,6,69383,M,,,69
201500048573,15,5,12,300,5,2,1,1,6,69387,M,0.0,0.0,69
201500048574,15,5,13,1750,1,2,1,1,6,69383,M,,,69
201500048575,15,5,13,1914,1,2,3,1,6,69259,M,4570780.0,488706.0,69
201500048576,15,5,14,1640,1,2,2,1,3,69387,M,0.0,0.0,69
201500048577,15,5,15,105,5,2,2,2,3,69387,M,4574710.0,483768.0,69
201500048578,15,5,15,720,1,2,1,1,3,69388,M,0.0,0.0,69
201500048579,15,5,15,1435,1,2,2,2,3,69386,M,,,69
201500048580,15,5,15,1750,1,2,3,3,3,69259,M,4569010.0,489979.0,69
201500048581,15,5,16,1430,1,2,2,1,3,69259,M,,,69
201500048582,15,5,16,1540,1,2,1,1,6,69388,M,0.0,0.0,69
201500048583,15,5,16,300,5,2,2,1,3,69387,M,,,69
201500048584,15,5,17,1040,1,2,1,1,6,69386,M,,,69
201500048585,15,5,17,1330,1,2,1,1,1,69388,M,0.0,0.0,69
201500048586,15,5,18,1716,1,2,1,1,3,69388,M,,,69
201500048587,15,5,19,1130,1,2,2,1,3,69387,M,4575340.0,483678.0,69
201500048588,15,5,19,505,5,2,2,1,3,69387,M,0.0,0.0,69
201500048589,15,5,19,900,1,2,3,1,3,69383,M,,,69
201500048590,15,5,19,1410,1,2,1,1,2,69259,M,4571890.0,488725.0,69
201500048591,15,5,20,1310,1,2,2,1,3,69386,M,,,69
201500048592,15,5,20,1655,1,2,2,1,3,69259,M,4571510.0,487880.0,69
201500048593,15,5,20,1725,1,2,3,1,3,69387,M,0.0,0.0,69
201500048594,15,5,21,943,1,2,1,1,2,69383,M,0.0,0.0,69
201500048595,15,5,21,1725,1,2,2,1,3,69387,M,0.0,0.0,69
201500048596,15,5,21,2000,1,2,1,1,3,69386,M,4577320.0,485010.0,69
201500048597,15,5,22,935,1,2,2,1,3,69383,M,0.0,0.0,69
201500048598,15,5,22,1230,1,2,1,1,6,69386,M,4575710.0,484018.0,69
201500048599,15,5,22,1410,1,2,1,1,1,69386,M,0.0,0.0,69
201500048600,15,5,22,1615,1,2,9,1,2,69386,M,,,69
201500048601,15,5,22,1710,1,2,1,1,5,69259,M,,,69
201500048602,15,5,23,1735,1,2,1,1,6,69383,M,,,69
201500048603,15,5,25,1945,1,2,1,1,2,69386,M,0.0,0.0,69
201500048604,15,5,26,1522,1,1,1,1,6,69383,M,,,69
201500048605,15,5,26,1750,1,1,1,1,6,69259,M,,,69
201500048606,15,5,28,1630,1,2,1,1,2,69259,M,,,69
201500048607,15,5,29,1755,1,2,1,1,2,69383,M,,,69
201500048608,15,5,30,345,5,2,1,1,6,69388,M,,,69
201500048609,15,5,30,1650,1,2,1,1,3,69383,M,,,69
201500048610,15,5,31,115,5,2,2,1,3,69388,M,0.0,0.0,69
201500048611,15,5,31,305,5,2,1,1,1,69276,M,,,69
201500048612,15,5,30,1,5,2,1,1,2,69383,M,0.0,0.0,69
201500048613,15,6,1,845,1,2,1,1,6,69383,M,,,69
201500048614,15,6,1,1515,1,2,7,1,3,69388,M,4573390.0,487703.0,69
201500048615,15,6,3,1435,1,2,2,1,6,69386,M,0.0,0.0,69
201500048616,15,6,3,1700,1,2,2,1,6,69388,M,0.0,0.0,69
201500048617,15,6,3,1908,1,2,2,1,1,69383,M,,,69
201500048618,15,6,4,1005,1,2,1,1,6,69387,M,0.0,0.0,69
201500048619,15,6,4,1125,1,2,3,1,3,69386,M,4577330.0,485237.0,69
201500048620,15,6,4,1710,1,2,2,1,6,69383,M,0.0,0.0,69
201500048621,15,6,5,1630,1,2,2,1,3,69387,M,0.0,0.0,69
201500048622,15,6,7,1515,1,2,1,1,3,69388,M,0.0,0.0,69
201500048623,15,6,7,1650,1,1,1,1,1,69276,M,,,69
201500048624,15,6,7,2100,2,2,2,1,1,69387,M,0.0,0.0,69
201500048625,15,6,8,950,1,2,2,1,3,69386,M,,,69
201500048626,15,6,8,1540,1,2,2,1,3,69388,M,,,69
201500048627,15,6,8,1910,1,2,1,1,3,69388,M,0.0,0.0,69
201500048628,15,6,9,1640,1,2,1,1,6,69388,M,4572650.0,487779.0,69
201500048629,15,6,9,1725,1,2,1,1,3,69383,M,,,69
201500048630,15,6,9,1830,1,2,1,1,3,69383,M,4575320.0,484210.0,69
201500048631,15,6,10,825,1,2,2,1,6,69386,M,0.0,0.0,69
201500048632,15,6,10,1550,1,2,2,1,3,69387,M,0.0,0.0,69
201500048633,15,6,11,845,1,2,1,1,4,69387,M,,,69
201500048634,15,6,11,1420,1,2,3,1,3,69383,M,,,69
201500048635,15,6,11,1645,1,2,1,1,3,69383,M,,,69
201500048636,15,6,12,1825,1,2,2,2,3,69386,M,,,69
201500048637,15,6,12,2210,5,2,2,2,3,69386,M,0.0,0.0,69
201500048638,15,6,10,1145,1,2,1,1,2,69383,M,,,69
201500048639,15,6,15,1545,1,2,2,1,3,69386,M,0.0,0.0,69
201500048640,15,6,16,930,1,2,2,1,3,69387,M,4573550.0,482963.0,69
201500048641,15,6,12,835,1,2,2,1,3,69388,M,0.0,0.0,69
201500048642,15,6,15,1650,1,2,2,1,6,69387,M,0.0,0.0,69
201500048643,15,6,17,1645,1,2,1,1,6,69199,M,4570920.0,485525.0,69
201500048644,15,6,18,2130,5,2,1,1,2,69388,M,,,69
201500048645,15,6,19,120,5,2,1,2,3,69387,M,0.0,0.0,69
201500048646,15,6,19,1215,1,2,1,1,3,69386,M,4577930.0,485717.0,69
201500048647,15,6,20,920,1,2,1,1,3,69383,M,,,69
201500048648,15,6,21,1830,1,2,1,1,6,69199,M,,,69
201500048649,15,6,22,1430,1,2,3,1,3,69383,M,,,69
201500048650,15,6,23,1125,1,2,1,1,3,69383,M,4575940.0,485119.0,69
201500048651,15,6,23,1700,1,1,4,1,3,69387,M,4573810.0,483021.0,69
201500048652,15,6,23,1820,1,2,1,1,1,69387,M,,,69
201500048653,15,6,24,1040,1,2,1,1,3,69387,M,4574820.0,484711.0,69
201500048654,15,6,24,1555,1,2,1,1,3,69387,M,,,69
201500048655,15,6,24,1643,1,2,1,1,6,69199,M,4571390.0,485491.0,69
201500048656,15,6,24,2050,2,2,1,1,1,69388,M,0.0,0.0,69
201500048657,15,6,26,715,1,2,1,1,3,69387,M,,,69
201500048658,15,6,26,1430,1,2,2,1,1,69388,M,0.0,0.0,69
201500048659,15,6,26,1906,1,2,2,1,6,69386,M,,,69
201500048660,15,6,26,2140,5,1,2,1,3,69199,M,4570760.0,485631.0,69
201500048661,15,6,27,2158,5,2,3,1,3,69199,M,,,69
201500048662,15,6,27,643,5,2,3,1,1,69386,M,,,69
201500048663,15,6,28,1030,1,2,1,1,3,69386,M,,,69
201500048664,15,6,28,2055,2,2,1,1,2,69388,M,,,69
201500048665,15,6,28,1955,1,2,2,1,6,69383,M,0.0,0.0,69
201500048666,15,6,29,1225,1,2,3,1,3,69388,M,4573950.0,486221.0,69
201500048667,15,6,30,946,1,2,2,1,3,69387,M,0.0,0.0,69
201500048668,15,6,30,1455,1,2,1,1,3,69388,M,,,69
201500048669,15,7,1,1020,1,2,1,1,6,69259,M,4569970.0,488186.0,69
201500048670,15,7,1,2145,2,2,2,1,3,69387,M,0.0,0.0,69
201500048671,15,7,2,855,1,2,1,1,3,69383,M,,,69
201500048672,15,7,2,1050,1,2,1,1,3,69259,M,,,69
201500048673,15,7,1,1530,1,2,1,1,6,69388,M,,,69
201500048674,15,7,2,1130,1,2,1,1,2,69383,M,,,69
201500048675,15,7,2,1600,1,2,2,1,6,69383,M,,,69
201500048676,15,6,30,1110,1,2,3,1,3,69386,M,,,69
201500048677,15,7,3,1210,1,2,1,1,6,69386,M,,,69
201500048678,15,7,3,1830,1,2,3,7,3,69387,M,0.0,0.0,69
201500048679,15,7,4,2040,1,2,3,1,3,69276,M,4567310.0,483809.0,69
201500048680,15,7,4,2135,1,2,1,1,4,69383,M,,,69
201500048681,15,7,4,1900,1,2,2,1,6,69259,M,,,69
201500048682,15,7,5,1045,1,2,2,1,3,69387,M,0.0,0.0,69
201500048683,15,7,6,1000,1,2,1,1,3,69383,M,0.0,0.0,69
201500048684,15,7,6,1625,1,2,1,1,2,69383,M,,,69
201500048685,15,7,6,1940,1,2,2,1,3,69388,M,0.0,0.0,69
201500048686,15,6,26,1420,1,2,2,1,3,69383,M,0.0,0.0,69
201500048687,15,7,7,2050,2,2,1,1,7,69388,M,,,69
201500048688,15,7,8,950,1,2,1,1,1,69386,M,,,69
201500048689,15,7,8,1145,1,2,1,1,6,69259,M,4570900.0,488581.0,69
201500048690,15,7,8,1240,1,2,1,1,2,69383,M,,,69
201500048691,15,7,8,1815,1,1,1,1,1,69383,M,,,69
201500048692,15,7,8,1840,1,2,1,1,3,69388,M,0.0,0.0,69
201500048693,15,7,9,850,1,2,2,1,6,69388,M,4572660.0,487890.0,69
201500048694,15,7,9,1115,1,2,2,1,3,69259,M,,,69
201500048695,15,7,9,1720,1,2,1,1,6,69259,M,,,69
201500048696,15,7,9,1750,1,2,1,1,6,69259,M,,,69
201500048697,15,7,9,2007,1,1,1,1,6,69199,M,,,69
201500048698,15,7,9,2115,2,2,1,1,1,69388,M,,,69
201500048699,15,7,9,1645,1,2,1,1,6,69388,M,4574160.0,484916.0,69
201500048700,15,7,10,1705,1,2,2,1,3,69383,M,0.0,0.0,69
201500048701,15,7,11,750,1,2,2,1,3,69383,M,0.0,0.0,69
201500048702,15,7,12,1530,1,2,1,1,6,69199,M,4571200.0,485482.0,69
201500048703,15,7,15,905,1,2,2,1,3,69383,M,0.0,0.0,69
201500048704,15,7,15,2300,5,2,2,1,3,69388,M,0.0,0.0,69
201500048705,15,7,16,1630,1,2,2,1,3,69383,M,0.0,0.0,69
201500048706,15,7,17,150,5,2,2,1,2,69259,M,4569930.0,486108.0,69
201500048707,15,7,17,1220,1,2,1,1,6,69259,M,,,69
201500048708,15,7,18,1145,1,2,1,1,1,69386,M,0.0,0.0,69
201500048709,15,7,19,310,5,2,2,1,1,69387,M,0.0,0.0,69
201500048710,15,7,18,1935,1,2,1,1,6,69387,M,,,69
201500048711,15,7,20,745,1,2,3,1,3,69383,M,,,69
201500048712,15,7,4,2245,5,2,2,1,3,69386,M,0.0,0.0,69
201500048713,15,7,20,1855,1,2,1,1,6,69199,M,,,69
201500048714,15,7,21,818,1,2,2,1,3,69383,M,,,69
201500048715,15,7,21,2228,5,2,1,1,3,69387,M,0.0,0.0,69
201500048716,15,7,21,1640,1,2,1,1,3,69388,M,4573420.0,487251.0,69
201500048717,15,7,23,2300,5,2,2,1,1,69387,M,0.0,0.0,69
201500048718,15,7,23,1140,1,2,2,1,3,69387,M,0.0,0.0,69
201500048719,15,7,24,1050,1,2,2,1,3,69383,M,0.0,0.0,69
201500048720,15,7,23,1800,1,2,1,1,6,69383,M,,,69
201500048721,15,7,25,1800,1,2,2,1,3,69387,M,,,69
201500048722,15,7,25,2215,3,2,1,1,3,69259,M,,,69
201500048723,15,7,25,1115,1,2,2,1,5,69388,M,0.0,0.0,69
201500048724,15,7,20,2215,5,2,1,1,2,69386,M,,,69
201500048725,15,7,28,1100,1,2,1,1,6,69387,M,0.0,0.0,69
201500048726,15,7,29,550,1,2,1,1,6,69383,M,,,69
201500048727,15,7,31,1710,1,2,2,1,3,69383,M,,,69
201500048728,15,8,2,1220,1,2,2,1,3,69383,M,,,69
201500048729,15,8,3,1820,1,2,2,1,3,69387,M,,,69
201500048730,15,8,4,1630,1,2,1,1,6,69276,M,4566590.0,484914.0,69
201500048731,15,8,5,950,1,2,1,1,1,69259,M,,,69
201500048732,15,8,5,1240,1,2,1,1,6,69383,M,,,69
201500048733,15,8,5,2220,5,2,1,1,6,69387,M,,,69
201500048734,15,8,5,1800,1,2,1,1,3,69387,M,,,69
201500048735,15,8,6,1625,1,2,1,1,6,69259,M,,,69
201500048736,15,8,7,1325,1,2,2,1,3,69387,M,0.0,0.0,69
201500048737,15,8,9,1015,1,2,2,1,6,69388,M,0.0,0.0,69
201500048738,15,8,11,1600,1,2,2,1,3,69383,M,,,69
201500048739,15,8,2,2000,2,2,1,1,7,69383,M,4575390.0,484623.0,69
201500048740,15,8,12,1315,1,2,1,1,1,69259,M,,,69
201500048741,15,8,13,1650,1,2,1,2,3,69259,M,,,69
201500048742,15,8,13,1746,1,1,1,1,3,69386,M,,,69
201500048743,15,8,13,1845,1,2,2,1,3,69388,M,0.0,0.0,69
201500048744,15,8,14,745,1,2,2,1,3,69388,M,4572400.0,488297.0,69
201500048745,15,8,14,1800,1,2,1,1,3,69387,M,,,69
201500048746,15,8,15,2205,5,2,1,1,5,69386,M,4575580.0,486770.0,69
201500048747,15,8,16,430,5,2,2,1,3,69388,M,,,69
201500048748,15,8,16,1045,1,2,3,1,3,69276,M,,,69
201500048749,15,8,17,850,1,2,1,1,7,69388,M,4573650.0,488324.0,69
201500048750,15,8,17,1700,1,2,2,1,3,69388,M,,,69
201500048751,15,8,18,1140,1,2,1,1,6,69199,M,4570980.0,485732.0,69
201500048752,15,8,20,1250,1,2,3,1,6,69386,M,,,69
201500048753,15,8,20,1855,1,2,1,1,6,69386,M,,,69
201500048754,15,8,21,1610,1,2,1,1,1,69383,M,,,69
201500048755,15,8,22,1615,1,2,3,1,3,69388,M,4573260.0,485649.0,69
201500048756,15,8,23,1535,1,2,2,1,3,69388,M,,,69
201500048757,15,8,24,910,1,2,1,1,6,69386,M,,,69
201500048758,15,8,25,1040,1,2,2,1,1,69388,M,,,69
201500048759,15,8,25,1050,1,2,2,1,7,69387,M,4574889.0,484409.0,69
201500048760,15,8,25,1745,1,2,1,1,2,69383,M,,,69
201500048761,15,8,25,1740,1,2,2,1,3,69387,M,4573790.0,486352.0,69
201500048762,15,8,26,1535,1,2,2,1,3,69383,M,,,69
201500048763,15,8,27,1715,1,2,2,1,6,69387,M,,,69
201500048764,15,8,28,800,1,1,1,1,3,69388,M,,,69
201500048765,15,8,29,1130,1,2,1,1,4,69387,M,4574660.0,487090.0,69
201500048766,15,8,31,825,1,2,1,1,6,69388,M,,,69
201500048767,15,8,31,1055,1,2,1,1,6,69383,M,,,69
201500048768,15,8,31,1220,1,2,2,1,3,69386,M,0.0,0.0,69
201500048769,15,8,31,1700,1,2,1,1,4,69388,M,,,69
201500048770,15,9,1,1025,1,2,1,1,6,69386,M,,,69
201500048771,15,9,1,1340,1,2,3,2,3,69387,M,4575090.0,483759.0,69
201500048772,15,9,2,750,1,2,1,1,3,69388,M,0.0,0.0,69
201500048773,15,9,3,1715,1,2,1,1,6,69199,M,,,69
201500048774,15,9,4,1850,1,2,2,1,6,69387,M,0.0,0.0,69
201500048775,15,9,6,1910,1,2,1,1,3,69388,M,0.0,0.0,69
201500048776,15,9,7,135,5,2,1,1,2,69383,M,4575590.0,484285.0,69
201500048777,15,9,7,1220,1,2,1,1,6,69259,M,4570650.0,488722.0,69
201500048778,15,9,8,1414,1,2,2,1,3,69259,M,,,69
201500048779,15,9,8,1705,1,2,1,1,2,69383,M,,,69
201500048780,15,9,9,20,5,2,2,1,5,69387,M,4573100.0,482224.0,69
201500048781,15,9,9,745,2,2,1,1,6,69388,M,4573080.0,486961.0,69
201500048782,15,9,9,1355,1,2,3,1,6,69383,M,4574580.0,484768.0,69
201500048783,15,9,9,1635,1,2,2,1,6,69387,M,0.0,0.0,69
201500048784,15,9,11,1950,5,2,1,1,1,69388,M,0.0,0.0,69
201500048785,15,9,12,1600,1,2,1,2,4,69259,M,,,69
201500048786,15,9,14,1530,1,2,2,1,2,69388,M,4573440.0,486629.0,69
201500048787,15,9,15,1433,1,2,3,8,3,69388,M,,,69
201500048788,15,9,15,1540,1,2,3,1,6,69383,M,,,69
201500048789,15,9,17,820,1,2,1,3,3,69388,M,,,69
201500048790,15,9,16,1210,1,2,2,6,3,69386,M,,,69
201500048791,15,9,3,2105,5,2,1,1,6,69387,M,,,69
201500048792,15,9,18,1800,1,2,2,1,2,69388,M,0.0,0.0,69
201500048793,15,9,19,2230,5,2,1,1,6,69259,M,4569100.0,487775.0,69
201500048794,15,9,20,315,5,2,2,1,7,69386,M,0.0,0.0,69
201500048795,15,9,20,1050,1,2,1,1,3,69383,M,,,69
201500048796,15,9,20,2020,5,2,1,1,3,69259,M,,,69
201500048797,15,9,21,1723,1,2,1,1,6,69388,M,,,69
201500048798,15,9,21,1950,2,2,3,1,1,69259,M,4569678.0,487684.0,69
201500048799,15,9,23,1530,1,2,1,1,3,69199,M,,,69
201500048800,15,9,23,1815,1,2,2,1,6,69259,M,,,69
201500048801,15,9,23,2335,5,2,2,1,3,69259,M,,,69
201500048802,15,9,24,945,1,2,3,1,1,69383,M,,,69
201500048803,15,9,23,1900,1,2,1,8,6,69388,M,0.0,0.0,69
201500048804,15,9,24,1810,1,2,1,1,6,69199,M,,,69
201500048805,15,9,26,2107,5,2,1,1,6,69383,M,0.0,0.0,69
201500048806,15,9,27,2240,5,2,1,1,3,69383,M,,,69
201500048807,15,9,28,1420,1,2,2,1,3,69383,M,,,69
201500048808,15,9,28,1855,1,2,1,7,6,69199,M,4570560.0,485818.0,69
201500048809,15,9,28,1940,3,2,1,1,3,69383,M,,,69
201500048810,15,9,29,1650,1,2,1,1,6,69383,M,,,69
201500048811,15,9,29,2010,4,2,1,1,3,69259,M,,,69
201500048812,15,9,30,1330,1,2,1,1,6,69259,M,,,69
201500048813,15,9,30,1950,5,2,1,1,3,69386,M,,,69
201500048814,15,10,1,1154,1,2,1,1,3,69383,M,0.0,0.0,69
201500048815,15,10,1,1300,1,2,1,1,6,69387,M,4575230.0,483968.0,69
201500048816,15,10,2,1300,1,2,2,1,3,69259,M,,,69
201500048817,15,10,2,2225,5,2,2,1,3,69387,M,0.0,0.0,69
201500048818,15,10,3,10,5,2,2,1,3,69387,M,0.0,0.0,69
201500048819,15,10,3,1245,1,2,1,2,6,69386,M,,,69
201500048820,15,10,3,1830,1,2,3,3,6,69387,M,0.0,0.0,69
201500048821,15,10,5,1400,1,2,2,1,4,69387,M,0.0,0.0,69
201500048822,15,10,6,915,1,2,3,2,3,69199,M,,,69
201500048823,15,10,6,2005,5,2,1,2,2,69259,M,,,69
201500048824,15,10,7,805,1,2,2,1,6,69383,M,,,69
201500048825,15,10,7,745,2,2,2,1,6,69383,M,,,69
201500048826,15,10,7,825,1,2,2,1,3,69388,M,,,69
201500048827,15,10,7,1840,1,2,2,1,3,69387,M,,,69
201500048828,15,10,7,1615,1,2,3,1,3,69387,M,4572784.0,482399.0,69
201500048829,15,10,8,900,1,2,4,1,3,69388,M,,,69
201500048830,15,10,7,2020,5,2,1,1,3,69388,M,4573040.0,485066.0,69
201500048831,15,10,8,1630,1,2,2,1,6,69388,M,4573230.0,487120.0,69
201500048832,15,10,6,1225,1,2,6,8,1,69386,M,,,69
201500048833,15,10,9,1255,1,2,1,1,2,69387,M,0.0,0.0,69
201500048834,15,10,9,1415,1,2,2,1,6,69386,M,,,69
201500048835,15,10,6,1145,1,2,2,3,6,69387,M,0.0,0.0,69
201500048836,15,10,9,1455,1,2,2,1,3,69388,M,,,69
201500048837,15,10,10,905,1,2,1,1,1,69199,M,,,69
201500048838,15,10,11,10,5,2,2,1,6,69199,M,4570590.0,486156.0,69
201500048839,15,10,11,112,5,2,2,1,2,69383,M,,,69
201500048840,15,10,11,1325,1,2,1,1,3,69388,M,0.0,0.0,69
201500048841,15,10,11,1358,1,2,2,1,3,69387,M,4573550.0,484193.0,69
201500048842,15,10,11,30,5,2,1,1,2,69386,M,4577560.0,484910.0,69
201500048843,15,10,11,2230,5,2,3,1,3,69388,M,,,69
201500048844,15,10,12,910,1,2,2,1,3,69383,M,,,69
201500048845,15,10,12,1645,1,2,1,1,3,69386,M,,,69
201500048846,15,10,12,1630,1,2,2,1,3,69388,M,0.0,0.0,69
201500048847,15,10,13,1655,1,2,1,8,5,69259,M,,,69
201500048848,15,10,13,1830,1,2,2,8,6,69383,M,,,69
201500048849,15,10,13,1915,5,2,2,1,3,69387,M,4575381.0,484409.0,69
201500048850,15,10,14,1835,2,2,2,1,3,69383,M,,,69
201500048851,15,10,15,1200,1,2,1,1,6,69383,M,4574790.0,484893.0,69
201500048852,15,10,16,1520,1,2,2,1,3,69259,M,,,69
201500048853,15,10,16,1635,1,2,1,1,6,69383,M,,,69
201500048854,15,10,16,1630,1,2,1,1,1,69388,M,,,69
201500048855,15,10,17,1510,1,2,1,1,1,69388,M,0.0,0.0,69
201500048856,15,10,18,630,5,2,2,1,6,69387,M,4574790.0,483835.0,69
201500048857,15,10,18,1530,1,2,1,1,6,69386,M,,,69
201500048858,15,10,18,1655,1,2,2,1,3,69386,M,,,69
201500048859,15,10,19,1240,1,2,2,1,3,69259,M,,,69
201500048860,15,10,19,1400,1,2,2,1,3,69386,M,,,69
201500048861,15,10,20,1948,2,2,1,1,6,69259,M,,,69
201500048862,15,10,19,1940,2,2,1,1,2,69388,M,4573970.0,486819.0,69
201500048863,15,10,21,845,1,2,3,1,3,69199,M,,,69
201500048864,15,10,22,1640,1,2,2,1,2,69387,M,0.0,0.0,69
201500048865,15,10,23,815,1,2,2,1,3,69259,M,,,69
201500048866,15,10,24,1030,1,2,2,1,3,69388,M,,,69
201500048867,15,10,23,1930,5,2,1,1,4,69387,M,0.0,0.0,69
201500048868,15,10,24,1844,2,2,1,1,3,69199,M,,,69
201500048869,15,10,25,410,5,2,1,1,2,69387,M,0.0,0.0,69
201500048870,15,10,28,1458,1,2,1,3,3,69387,M,0.0,0.0,69
201500048871,15,10,28,1950,2,2,1,2,3,69383,M,,,69
201500048872,15,10,29,1815,2,2,1,1,3,69383,M,,,69
201500048873,15,10,30,1340,1,2,1,1,4,69259,M,4570120.0,488996.0,69