Num_Acc,an,mois,jour,hrmn,lum,agg,int,atm,col,com,gps,lat,long,dep
201500048874,15,10,31,1350,1,2,2,1,3,69383,M,0.0,0.0,69
201500048875,15,11,1,705,1,2,1,5,6,69259,M,,,69
201500048876,15,11,2,803,1,2,1,5,4,69259,M,,,69
201500048877,15,11,2,1200,1,1,1,1,6,69259,M,,,69
201500048878,15,11,2,1345,1,2,1,1,1,69383,M,,,69
201500048879,15,11,2,1425,1,2,2,1,3,69387,M,0.0,0.0,69
201500048880,15,11,2,1615,1,2,2,1,3,69383,M,,,69
201500048881,15,11,3,730,2,2,1,1,1,69383,M,0.0,0.0,69
201500048882,15,11,3,1000,1,2,3,1,1,69388,M,,,69
201500048883,15,11,3,1310,1,2,3,1,3,69259,M,4571945.0,488645.0,69
201500048884,15,11,3,1555,1,2,2,1,6,69387,M,0.0,0.0,69
201500048885,15,11,3,2215,5,2,1,1,6,69387,M,,,69
201500048886,15,11,4,920,1,2,1,1,3,69383,M,,,69
201500048887,15,11,4,1645,1,2,1,8,4,69259,M,4570097.0,488869.0,69
201500048888,15,11,5,1035,1,2,1,1,6,69383,M,,,69
201500048889,15,11,5,1040,1,2,1,1,6,69387,M,0.0,0.0,69
201500048890,15,11,5,1415,1,2,3,1,6,69259,M,,,69
201500048891,15,11,5,1820,5,2,9,1,6,69383,M,,,69
201500048892,15,11,6,1730,2,2,1,1,6,69388,M,,,69
201500048893,15,11,7,521,5,2,2,1,3,69388,M,0.0,0.0,69
201500048894,15,11,6,1650,1,2,1,1,4,69388,M,4573370.0,487852.0,69
201500048895,15,11,7,640,5,2,1,1,6,69387,M,0.0,0.0,69
201500048896,15,11,7,1715,2,2,2,1,6,69388,M,4574760.0,488152.0,69
201500048897,15,11,8,225,5,2,1,1,2,69387,M,4573520.0,482876.0,69
201500048898,15,11,9,1650,1,2,1,1,6,69388,M,,,69
201500048899,15,11,4,1140,1,2,1,2,6,69259,M,4570000.0,488333.0,69
201500048900,15,11,10,1345,1,2,2,1,3,69386,M,,,69
201500048901,15,11,11,115,5,2,2,1,3,69386,M,,,69
201500048902,15,11,11,2110,5,2,1,1,6,69386,M,,,69
201500048903,15,11,12,1330,1,2,1,1,6,69388,M,0.0,0.0,69
201500048904,15,11,13,805,1,2,1,1,6,69383,M,,,69
201500048905,15,11,13,955,1,1,1,1,6,69388,M,0.0,0.0,69
201500048906,15,11,13,2045,5,2,1,1,3,69388,M,,,69
201500048907,15,11,14,1110,1,2,1,1,6,69388,M,4573900.0,486687.0,69
201500048908,15,11,15,710,2,2,2,1,5,69383,M,0.0,0.0,69
201500048909,15,11,15,2200,5,2,2,1,3,69386,M,,,69
201500048910,15,11,16,930,1,2,1,1,3,69383,M,4575740.0,484070.0,69
201500048911,15,11,16,1400,1,2,2,1,2,69388,M,0.0,0.0,69
201500048912,15,11,16,1530,1,2,1,1,3,69259,M,,,69
201500048913,15,11,16,2245,5,2,1,1,2,69387,M,,,69
201500048914,15,10,6,1100,1,2,2,3,6,69386,M,4577150.0,485450.0,69
201500048915,15,11,17,850,1,2,2,1,3,69388,M,,,69
201500048916,15,11,17,845,1,2,1,1,6,69383,M,,,69
201500048917,15,11,18,635,5,2,1,1,6,69383,M,,,69
201500048918,15,11,18,810,1,2,1,1,6,69259,M,4572220.0,487253.0,69
201500048919,15,11,18,930,1,2,1,1,4,69259,M,,,69
201500048920,15,11,20,1830,5,2,1,1,1,69383,M,,,69
201500048921,15,11,21,1725,5,2,1,1,6,69388,M,,,69
201500048922,15,11,21,2047,5,1,1,9,6,69259,M,4572200.0,487420.0,69
201500048923,15,11,23,1930,5,2,1,1,6,69383,M,,,69
201500048924,15,11,24,1910,5,2,1,1,6,69259,M,,,69
201500048925,15,11,25,845,1,2,1,2,3,69383,M,,,69
201500048926,15,11,25,915,1,2,2,2,6,69383,M,,,69
201500048927,15,11,26,1145,1,2,1,1,3,69259,M,,,69
201500048928,15,11,26,1430,1,2,2,8,3,69383,M,,,69
201500048929,15,11,26,1750,5,2,1,2,5,69383,M,,,69
201500048930,15,11,27,853,1,2,2,1,6,69199,M,,,69
201500048931,15,11,28,20,5,2,1,1,7,69387,M,,,69
201500048932,15,11,27,1810,5,2,1,1,6,69386,M,,,69
201500048933,15,11,28,945,1,2,2,2,3,69386,M,,,69
201500048934,15,11,29,1318,1,1,1,8,6,69383,M,,,69
201500048935,15,11,30,700,5,2,1,1,6,69383,M,,,69
201500048936,15,11,27,1540,1,2,3,1,3,69388,M,,,69
201500048937,15,11,30,1310,1,2,1,1,6,69386,M,,,69
201500048938,15,12,1,2300,5,2,2,1,3,69387,M,4573730.0,484434.0,69
201500048939,15,12,2,715,5,2,1,1,6,69386,M,,,69
201500048940,15,12,2,1200,1,2,3,1,3,69387,M,,,69
201500048941,15,11,20,1010,1,2,2,1,3,69259,M,,,69
201500048942,15,12,3,815,1,2,1,1,4,69259,M,,,69
201500048943,15,12,6,205,3,2,1,1,6,69276,M,,,69
201500048944,15,12,6,1820,5,2,1,1,6,69387,M,4572850.0,483225.0,69
201500048945,15,12,7,1300,1,2,1,1,4,69388,M,,,69
201500048946,15,12,8,705,5,2,2,1,6,69383,M,,,69
201500048947,15,12,8,1130,1,2,9,1,6,69259,M,,,69
201500048948,15,12,8,1830,5,2,1,1,3,69383,M,,,69
201500048949,15,12,9,1525,1,2,2,1,6,69388,M,,,69
201500048950,15,12,11,2110,5,2,1,1,3,69387,M,,,69
201500048951,15,12,12,750,1,2,1,1,6,69259,M,,,69
201500048952,15,12,12,930,1,2,2,1,1,69259,M,,,69
201500048953,15,12,12,1905,5,2,1,1,3,69388,M,,,69
201500048954,15,12,12,1115,1,2,1,1,2,69259,M,4572410.0,488859.0,69
201500048955,15,12,13,1500,1,2,3,1,6,69259,M,,,69
201500048956,15,12,13,2345,5,2,1,1,3,69383,M,4576364.0,486217.0,69
201500048957,15,12,9,1120,1,2,2,1,3,69387,M,4574370.0,484094.0,69
201500048958,15,12,14,950,1,2,2,1,3,69276,M,,,69
201500048959,15,12,14,1350,1,2,1,1,6,69383,M,0.0,0.0,69
201500048960,15,12,16,1030,1,2,1,1,3,69383,M,,,69
201500048961,15,12,11,930,1,2,1,1,6,69259,M,,,69
201500048962,15,12,16,1530,1,2,3,1,3,69386,M,,,69
201500048963,15,12,17,1650,2,2,2,1,2,69383,M,,,69
201500048964,15,12,17,2030,5,2,1,1,3,69383,M,4574837.0,487954.0,69
201500048965,15,12,18,150,5,2,2,1,1,69387,M,0.0,0.0,69
201500048966,15,12,11,1800,2,2,1,1,2,69383,M,,,69
201500048967,15,12,20,1500,1,1,2,1,6,69388,M,,,69
201500048968,15,12,13,305,5,2,5,1,3,69386,M,,,69
201500048969,15,12,22,1215,1,2,2,1,3,69387,M,,,69
201500048970,15,12,22,1350,1,2,1,1,6,69383,M,,,69
201500048971,15,12,22,1500,1,2,2,1,4,69388,M,,,69
201500048972,15,12,22,1500,1,2,1,1,4,69388,M,,,69
201500048973,15,12,22,1735,5,2,1,1,1,69387,M,,,69
201500048974,15,12,23,1115,1,2,1,1,6,69383,M,,,69
201500048975,15,12,22,1900,5,2,1,1,6,69259,M,4571569.0,487811.0,69
201500048976,15,12,23,1610,1,2,1,1,6,69388,M,,,69
201500048977,15,12,25,1815,5,2,1,1,3,69388,M,,,69
201500048978,15,12,22,1100,1,2,2,1,3,69388,M,0.0,0.0,69
201500048979,15,12,27,110,5,2,1,1,6,69387,M,4573870.0,484113.0,69
201500048980,15,12,26,1215,1,2,1,1,3,69259,M,,,69
201500048981,15,12,30,1545,1,2,2,1,3,69387,M,,,69
201500048982,15,12,31,1400,1,2,1,1,3,69383,M,,,69
201500048983,15,12,31,1430,1,2,1,1,6,69259,M,4570960.0,488502.0,69
201500048984,15,2,9,1920,5,2,2,1,3,69383,M,,,69
201500048985,15,2,9,1030,1,2,1,1,6,69384,M,,,69
201500048986,15,2,10,1540,1,2,1,1,6,69384,M,,,69
201500048987,15,2,19,1530,1,2,1,1,3,69384,M,,,69
201500048988,15,2,24,2250,5,2,1,9,6,69384,M,,,69
201500048989,15,1,4,1745,1,1,1,1,6,33249,M,4488481.0,-51529.0,33
201500048990,15,1,5,405,3,1,1,1,6,33090,M,4477159.0,-65897.0,33
201500048991,15,1,6,810,2,1,1,1,4,33318,M,4478831.0,-62960.0,33
201500048992,15,1,6,815,3,1,1,1,4,33318,M,4478885.0,-62299.0,33
201500048993,15,1,6,1205,1,1,1,2,6,33167,M,4482423.0,-51092.0,33
201500048994,15,12,22,1835,5,1,1,1,1,33550,M,4477999.0,-57595.0,33
201500048995,15,1,10,610,3,1,1,2,6,33065,M,4481679.0,-52074.0,33
201500048996,15,12,22,1520,1,1,1,1,6,33122,M,4474179.0,-70900.0,33
201500048997,15,1,11,1320,1,1,1,1,6,33318,M,4478967.0,-64578.0,33
201500048998,15,12,26,1858,3,1,1,1,2,33397,M,4491669.0,-47751.0,33
201500048999,15,12,30,1500,1,1,1,1,2,33249,M,4488706.0,-50616.0,33
201500049000,15,12,30,1810,5,1,1,1,7,33249,M,4487127.0,-50605.0,33
201500049001,15,1,15,1920,3,1,1,2,6,33192,M,4478935.0,-61687.0,33
201500049002,15,1,17,1545,1,1,1,2,5,33063,M,4488244.0,-55014.0,33
201500049003,15,1,19,750,4,1,1,2,6,33039,M,4481429.0,-53534.0,33
201500049004,15,1,19,1610,1,1,1,2,6,33249,M,4488481.0,-51525.0,33
201500049005,15,1,19,1645,1,1,1,2,6,33249,M,4488481.0,-51525.0,33
201500049006,15,1,19,2000,3,1,1,2,5,33249,M,4488481.0,-51525.0,33
201500049007,15,1,20,2015,5,1,1,1,6,33039,M,4479590.0,-53896.0,33
201500049008,15,1,21,835,1,1,1,2,6,33162,M,4487448.0,-63678.0,33
201500049009,15,1,22,1635,1,1,1,1,6,33550,M,4475930.0,-54647.0,33
201500049010,15,1,24,1635,1,1,1,2,5,33039,M,4479416.0,-53969.0,33
201500049011,15,1,25,25,1,1,1,1,6,33448,M,4469944.0,-50078.0,33
201500049012,15,1,26,805,2,1,1,1,6,33281,M,4485672.0,-66298.0,33
201500049013,15,1,26,1025,1,1,1,8,6,33366,M,4500068.0,-42680.0,33
201500049014,15,1,28,820,2,1,1,2,3,33162,M,4487189.0,-64132.0,33
201500049015,15,1,29,920,1,1,1,3,4,33090,M,4475986.0,-68027.0,33
201500049016,15,1,30,1810,2,1,1,1,6,33550,M,4476189.0,-54748.0,33
201500049017,15,1,31,1125,1,1,1,1,5,33063,M,4488169.0,-54615.0,33
201500049018,15,2,6,1810,2,1,1,1,6,33550,M,4476189.0,-54748.0,33
201500049019,15,2,7,500,5,1,1,1,6,33119,M,4485165.0,-50470.0,33
201500049020,15,2,10,640,1,1,1,1,7,33143,M,4495773.0,-44842.0,33
201500049021,15,2,11,800,2,1,1,1,5,33550,M,4476189.0,-54748.0,33
201500049022,15,2,12,740,2,1,1,1,1,33063,M,4488267.0,-55132.0,33
201500049023,15,2,12,800,1,1,1,1,6,33063,M,4488130.0,-54380.0,33
201500049024,15,2,17,830,1,1,1,1,1,33366,M,4498586.0,-42746.0,33
201500049025,15,2,19,727,1,1,1,1,6,33192,M,4478936.0,-61675.0,33
201500049026,15,2,18,1525,1,1,1,1,1,33192,M,4477923.0,-64083.0,33
201500049027,15,2,23,1735,1,1,1,1,2,33039,M,4479005.0,-54081.0,33
201500049028,15,2,25,1600,1,1,1,1,5,33249,M,4488319.0,-52090.0,33
201500049029,15,2,26,735,3,1,1,1,2,33039,M,4481159.0,-53328.0,33
201500049030,15,2,26,945,1,1,1,1,6,33023,M,4469393.0,-49637.0,33
201500049031,15,2,27,800,1,1,1,1,6,33039,M,4479590.0,-53896.0,33
201500049032,15,2,27,1535,1,1,1,1,6,33249,M,4488011.0,-53788.0,33
201500049033,15,2,28,1530,1,1,1,1,6,33192,M,4478970.0,-61258.0,33
201500049034,15,3,1,1040,1,1,1,2,6,33063,M,4488601.0,-56544.0,33
201500049035,15,3,6,850,1,1,1,1,6,33192,M,4478946.0,-61561.0,33
201500049036,15,3,6,1035,1,1,1,1,6,33080,M,4472378.0,-52496.0,33
201500049037,15,3,6,1705,1,1,1,1,6,33281,M,4481586.0,-67297.0,33
201500049038,15,3,6,1745,1,1,1,1,6,33249,M,4487918.0,-50970.0,33
201500049039,15,3,7,1350,1,1,1,1,6,33075,M,4489010.0,-61481.0,33
201500049040,15,3,11,1640,1,1,1,1,6,33063,M,4488156.0,-54540.0,33
201500049041,15,3,12,1910,5,1,1,1,6,33065,M,4480686.0,-52799.0,33
201500049042,15,3,13,1550,1,1,1,1,5,33192,M,4478865.0,-60147.0,33
201500049043,15,3,15,1210,1,1,1,1,6,33281,M,4483037.0,-67606.0,33
201500049044,15,3,16,845,1,1,1,8,6,33075,M,4487322.0,-62849.0,33
201500049045,15,3,17,1715,1,1,1,1,1,33065,M,4481641.0,-52075.0,33
201500049046,15,3,17,1450,1,1,1,1,6,33281,M,4485591.0,-66355.0,33
201500049047,15,3,24,1930,4,1,1,2,3,33075,M,4488980.0,-61643.0,33
201500049048,15,3,25,810,1,1,1,1,6,33162,M,4486839.0,-64730.0,33
201500049049,15,3,25,825,1,1,1,1,6,33065,M,4480865.0,-52525.0,33
201500049050,15,3,28,1050,1,1,1,2,6,33063,M,4488207.0,-54813.0,33
201500049051,15,3,28,1000,1,1,1,2,6,33063,M,4488656.0,-56776.0,33
201500049052,15,3,30,2015,1,1,1,2,6,33192,M,4478963.0,-60516.0,33
201500049053,15,4,7,840,1,1,1,1,6,33281,M,4481738.0,-67308.0,33
201500049054,15,4,11,750,1,1,1,2,6,33063,M,4488500.0,-56108.0,33
201500049055,15,4,11,2138,4,1,1,1,6,33162,M,4486303.0,-65614.0,33
201500049056,15,4,13,1405,1,1,1,1,6,33065,M,4481417.0,-52061.0,33
201500049057,15,4,13,1845,1,1,1,1,3,33013,M,4486871.0,-50483.0,33
201500049058,15,4,14,1820,1,1,1,1,6,33075,M,4488960.0,-60338.0,33
201500049059,15,4,15,1425,1,1,1,1,6,33003,M,4492848.0,-47038.0,33
201500049060,15,4,17,1425,1,1,1,1,6,33090,M,4475987.0,-68056.0,33
201500049061,15,4,18,1447,1,1,1,1,6,33143,M,,,33
201500049062,15,4,21,1820,1,1,1,1,6,33122,M,4474672.0,-70063.0,33
201500049063,15,4,23,1030,1,1,1,8,6,33023,M,4469707.0,-49869.0,33
201500049064,15,4,24,1800,1,1,1,1,2,33143,M,4497670.0,-43224.0,33
201500049065,15,4,28,1225,1,1,1,1,2,33192,M,,,33
201500049066,15,5,2,625,2,1,1,8,6,33550,M,4447768.0,-55883.0,33
201500049067,15,5,3,1030,1,1,1,1,1,33281,M,4485430.0,-66467.0,33
201500049068,15,5,5,1410,1,1,1,1,6,33550,M,4478236.0,-58542.0,33
201500049069,15,5,6,1635,1,1,1,1,6,33281,M,4483035.0,-67605.0,33
201500049070,15,5,11,715,1,1,1,8,3,33122,M,,,33
201500049071,15,5,11,1150,1,1,1,1,2,33122,M,,,33
201500049072,15,5,12,1205,1,1,1,1,3,33550,M,,,33
201500049073,15,5,12,1745,1,1,1,1,5,33192,M,4478890.0,-62032.0,33
201500049074,15,5,13,845,1,1,1,1,4,33013,M,4485558.0,-50509.0,33
201500049075,15,5,15,110,5,1,1,3,6,33013,M,4486843.0,-50273.0,33
201500049076,15,5,17,630,1,1,1,1,6,33192,M,4478729.0,-59839.0,33
201500049077,15,5,17,1930,1,1,1,1,6,33249,M,4488183.0,-52285.0,33
201500049078,15,5,19,720,1,1,1,1,6,33039,M,4480119.0,-53469.0,33
201500049079,15,5,26,1905,1,1,1,1,6,33075,M,4488949.0,-61758.0,33
201500049080,15,5,28,720,1,1,1,1,4,33550,M,4477822.0,-55527.0,33
201500049081,15,5,28,900,1,1,1,1,6,33075,M,4488944.0,-60250.0,33
201500049082,15,5,28,1215,1,1,1,1,6,33281,M,4483480.0,-67667.0,33
201500049083,15,5,29,1650,1,1,1,1,6,33162,M,4487600.0,-63413.0,33
201500049084,15,6,2,1530,1,1,1,1,6,33080,M,4475537.0,-54440.0,33
201500049085,15,6,4,610,1,1,1,1,6,33065,M,4481152.0,-52176.0,33
201500049086,15,6,8,1645,1,1,1,1,2,33281,M,4483336.0,-67657.0,33
201500049087,15,6,10,1330,1,1,1,2,5,33075,M,4489018.0,-61403.0,33
201500049088,15,6,11,1335,1,1,1,1,6,33065,M,4480790.0,-52640.0,33
201500049089,15,6,12,1800,1,1,1,1,3,33249,M,4488062.0,-52461.0,33
201500049090,15,6,16,845,1,1,1,1,3,33550,M,4478080.0,-57960.0,33
201500049091,15,6,13,1030,1,1,1,1,6,33122,M,4474425.0,-70463.0,33
201500049092,15,6,16,2000,1,1,1,1,1,33249,M,4487087.0,-50585.0,33
201500049093,15,6,17,1600,1,1,1,1,4,33192,M,4478468.0,-59211.0,33
201500049094,15,6,18,1900,1,1,1,1,6,33281,M,4483480.0,-67667.0,33
201500049095,15,6,18,2300,5,1,1,1,5,33397,M,4491669.0,-47751.0,33
201500049096,15,6,20,945,1,1,1,1,2,33065,M,4480974.0,-52447.0,33
201500049097,15,6,23,840,1,1,1,1,6,33039,M,4480382.0,-53255.0,33
201500049098,15,6,23,1310,1,1,1,1,6,33023,M,4469411.0,-49624.0,33
201500049099,15,6,24,1535,1,1,1,1,6,33162,M,4487791.0,-63050.0,33
201500049100,15,6,24,1740,1,1,1,1,5,33550,M,4477808.0,-55614.0,33
201500049101,15,6,25,810,1,1,1,1,2,33096,M,4489892.0,-49478.0,33
201500049102,15,6,25,840,1,1,1,1,6,33063,M,4488043.0,-53938.0,33
201500049103,15,6,27,835,1,1,1,1,6,33039,M,4479409.0,-53968.0,33
201500049104,15,6,30,1850,1,1,1,1,6,33318,M,4478880.0,-62631.0,33
201500049105,15,7,2,2020,1,1,1,1,6,33122,M,4473332.0,-72206.0,33
201500049106,15,7,4,630,1,1,1,1,6,33281,M,4483213.0,-67650.0,33
201500049107,15,7,4,1100,1,1,1,1,6,33075,M,4488924.0,-60013.0,33
201500049108,15,7,4,1440,1,1,1,1,6,33192,M,4478906.0,-60276.0,33
201500049109,15,7,6,845,1,1,1,1,5,33550,M,4477816.0,-55673.0,33
201500049110,15,7,6,1825,1,1,1,1,6,33039,M,4480319.0,-53297.0,33
201500049111,15,7,7,1015,1,1,1,1,6,33550,M,4478672.0,-54150.0,33
201500049112,15,7,10,1755,1,1,1,1,6,33281,M,4485332.0,-66514.0,33
201500049113,15,7,11,950,1,1,1,1,7,33397,M,4491121.0,-48605.0,33
201500049114,15,7,15,950,1,1,1,1,6,33397,M,4490998.0,-48921.0,33
201500049115,15,7,15,1510,1,1,1,1,6,33039,M,4480319.0,-53297.0,33
201500049116,15,7,18,1105,1,1,1,1,6,33122,M,4475431.0,-68875.0,33
201500049117,15,7,23,1455,1,1,1,1,4,33080,M,4474819.0,-54011.0,33
201500049118,15,7,23,1530,1,1,1,1,5,33039,M,4479150.0,-54046.0,33
201500049119,15,7,25,1015,1,1,1,1,4,33122,M,4475020.0,-69498.0,33
201500049120,15,7,27,1245,1,1,1,1,5,33249,M,4488240.0,-52207.0,33
201500049121,15,7,30,1920,1,1,1,1,6,33063,M,4488156.0,-54540.0,33
201500049122,15,7,31,1325,1,1,1,2,6,33013,M,4486789.0,-50449.0,33
201500049123,15,7,31,1305,1,1,1,1,3,33013,M,4484308.0,-50156.0,33
201500049124,15,8,1,1146,1,1,1,1,4,33318,M,4478781.0,-63586.0,33
201500049125,15,8,4,940,1,1,1,2,6,33318,M,4478718.0,-62494.0,33
201500049126,15,8,4,1740,1,1,1,1,4,33096,M,4488706.0,-50616.0,33
201500049127,15,8,5,1725,1,1,1,1,5,33063,M,4488034.0,-54154.0,33
201500049128,15,8,6,1515,1,1,1,1,4,33397,M,4491132.0,-48584.0,33
201500049129,15,8,7,1315,1,1,1,1,5,33065,M,4480883.0,-52497.0,33
201500049130,15,8,7,1452,1,1,1,1,3,33162,M,4486279.0,-65655.0,33
201500049131,15,8,9,1405,1,1,1,2,5,33366,M,4498542.0,-42758.0,33
201500049132,15,8,10,135,3,1,1,1,6,33075,M,4488963.0,60515.0,33
201500049133,15,8,11,1600,1,1,1,7,1,33397,M,4491917.0,-47609.0,33
201500049134,15,8,14,915,1,1,1,2,5,33167,M,4482946.0,-50212.0,33
201500049135,15,8,20,1237,1,1,1,1,7,33122,M,4472779.0,-72971.0,33
201500049136,15,8,23,20,5,1,1,1,6,33550,M,4478262.0,-58616.0,33
201500049137,15,8,23,1000,1,1,1,1,3,33550,M,4477921.0,-55037.0,33
201500049138,15,8,25,1455,1,1,1,1,2,33063,M,4488607.0,-56568.0,33
201500049139,15,8,26,1715,1,1,1,1,3,33397,M,4492002.0,-47567.0,33
201500049140,15,8,27,1320,1,1,1,1,3,33039,M,4480153.0,-53445.0,33
201500049141,15,8,27,1815,1,1,1,1,7,33063,M,4488192.0,-54733.0,33
201500049142,15,9,9,1120,1,1,1,1,2,33550,M,4478365.0,-58928.0,33
201500049143,15,9,11,1030,1,1,1,1,7,33013,M,4484418.0,-50165.0,33
201500049144,15,9,11,1200,1,1,1,1,6,33119,M,4485174.0,-50473.0,33
201500049145,15,9,12,420,5,1,1,3,6,33119,M,4486580.0,-50404.0,33
201500049146,15,9,12,2310,3,1,1,1,7,33063,M,4488293.0,-55267.0,33
201500049147,15,9,14,750,1,1,1,2,3,33550,M,4477127.0,-55527.0,33
201500049148,15,9,14,930,1,1,1,2,6,33318,M,4478718.0,-62494.0,33
201500049149,15,9,14,900,1,1,1,8,6,33192,M,4477966.0,-63982.0,33
201500049150,15,9,14,1650,1,1,1,2,6,33249,M,4488481.0,-51526.0,33
201500049151,15,9,15,1140,1,1,1,3,2,33090,M,4476830.0,-66643.0,33
201500049152,15,9,16,1420,1,1,1,8,1,33281,M,4481511.0,-67283.0,33
201500049153,15,9,17,255,5,1,1,1,2,33487,M,4493858.0,-46668.0,33
201500049154,15,9,17,825,1,1,1,2,4,33063,M,4488601.0,-56544.0,33
201500049155,15,9,17,855,1,1,1,2,1,33162,M,4487121.0,-64249.0,33
201500049156,15,9,17,2220,3,1,1,1,4,33318,M,4480204.0,-65869.0,33
201500049157,15,9,19,525,3,1,1,2,6,33550,M,4477805.0,-55634.0,33
201500049158,15,9,19,643,5,1,1,2,6,33192,M,4478969.0,-60560.0,33
201500049159,15,9,22,700,2,1,1,2,3,33192,M,4478155.0,-63529.0,33
201500049160,15,9,23,2055,5,1,1,1,5,33065,M,4481450.0,-52076.0,33
201500049161,15,9,25,1645,1,1,1,1,3,33013,M,4484785.0,-50300.0,33
201500049162,15,9,27,1625,1,1,1,1,6,33192,M,4478963.0,-60516.0,33
201500049163,15,9,29,915,1,1,1,1,2,33162,M,4487791.0,-63050.0,33
201500049164,15,9,29,1100,1,1,1,1,5,33318,M,4478810.0,-63260.0,33
201500049165,15,9,29,1750,1,1,1,1,2,33119,M,4486547.0,-50383.0,33
201500049166,15,9,30,735,2,1,1,1,4,33039,M,4480323.0,-53320.0,33
201500049167,15,9,30,935,1,1,1,1,2,33065,M,4481464.0,-52075.0,33
201500049168,15,10,1,850,1,1,1,1,6,33550,M,4478098.0,-58028.0,33
201500049169,15,10,1,1000,1,1,1,1,2,33090,M,4477213.0,-65770.0,33
201500049170,15,10,2,940,1,1,1,1,2,33318,M,4480655.0,-66599.0,33
201500049171,15,10,3,600,5,1,1,3,6,33487,M,4495270.0,-45870.0,33
201500049172,15,10,5,730,5,1,1,2,6,33090,M,4477247.0,-65671.0,33
201500049173,15,10,6,425,5,1,1,1,6,33366,M,4498612.0,-42741.0,33
201500049174,15,10,6,1650,1,1,1,1,5,33192,M,4478945.0,-61681.0,33
201500049175,15,10,7,904,1,1,1,2,4,33063,M,4488225.0,-54895.0,33
201500049176,15,10,9,1310,1,1,1,1,7,33249,M,4488043.0,-51027.0,33
201500049177,15,10,8,1935,2,1,1,1,3,33192,M,4478935.0,-61687.0,33
201500049178,15,10,9,2140,3,1,1,1,6,33119,M,4485056.0,-50422.0,33
201500049179,15,10,12,935,1,1,1,1,4,33318,M,4480562.0,-66447.0,33
201500049180,15,10,13,955,1,1,1,1,7,33065,M,4480974.0,-52447.0,33
201500049181,15,10,14,750,2,1,1,1,5,33065,M,4480775.0,-52662.0,33
201500049182,15,10,15,847,1,1,1,1,6,33075,M,4488999.0,-61549.0,33
201500049183,15,10,16,1740,1,1,1,1,4,33167,M,4483396.0,-50019.0,33
201500049184,15,10,16,1915,1,1,1,1,3,33281,M,4482750.0,-67520.0,33
201500049185,15,10,19,305,3,1,1,1,2,33366,M,4499060.0,-42721.0,33
201500049186,15,10,20,820,1,1,1,1,3,33075,M,4488905.0,-61862.0,33
201500049187,15,10,20,1720,1,1,1,1,1,33063,M,4488192.0,-54733.0,33
201500049188,15,10,22,920,1,1,1,2,6,33065,M,4480752.0,-52698.0,33
201500049189,15,10,22,1737,1,1,1,1,2,33080,M,4474624.0,-53915.0,33
201500049190,15,10,23,1545,1,1,1,1,4,33281,M,4484083.0,-67417.0,33
201500049191,15,10,26,1440,1,1,1,1,3,33039,M,4479632.0,-53869.0,33
201500049192,15,10,26,1600,1,1,1,1,4,33318,M,4478822.0,-63073.0,33
201500049193,15,10,26,1750,2,1,1,1,4,33075,M,4488881.0,-59335.0,33
201500049194,15,10,27,810,1,1,1,1,6,33318,M,4480167.0,-65809.0,33
201500049195,15,10,27,815,1,1,1,1,2,33090,M,4476311.0,-67519.0,33
201500049196,15,10,27,1125,1,1,1,2,4,33550,M,4477749.0,-56199.0,33
201500049197,15,10,28,1803,5,1,1,1,7,33318,M,4478718.0,-62494.0,33
201500049198,15,10,28,2315,5,1,1,1,6,33063,M,4488203.0,-54792.0,33
201500049199,15,10,31,2315,3,1,1,1,2,33075,M,4488823.0,-58515.0,33
201500049200,15,10,31,2330,5,1,1,1,6,33318,M,4479557.0,-65138.0,33
201500049201,15,11,1,1935,5,1,1,1,6,33063,M,4488170.0,-54615.0,33
201500049202,15,11,2,455,3,1,1,1,6,33122,M,4474588.0,-70181.0,33
201500049203,15,11,2,700,1,1,1,1,4,33487,M,4495117.0,-46124.0,33
201500049204,15,11,2,750,1,1,1,1,5,33162,M,4486784.0,-64825.0,33
201500049205,15,11,4,2030,3,1,1,1,6,33090,M,4476159.0,-67761.0,33
201500049206,15,11,6,2000,3,1,1,1,2,33249,M,4489100.0,-51014.0,33
201500049207,15,11,8,1816,2,1,1,1,4,33039,M,4480733.0,-53201.0,33
201500049208,15,11,9,245,5,1,1,1,6,33119,M,4486692.0,-50421.0,33
201500049209,15,11,8,2025,5,1,1,1,3,33487,M,4494828.0,-46422.0,33
201500049210,15,11,11,1830,3,1,1,1,2,33162,M,4487115.0,-64258.0,33
201500049211,15,11,12,1400,1,1,1,1,5,33550,M,4477974.0,-57471.0,33
201500049212,15,11,13,1645,1,1,1,2,6,33162,M,4487458.0,-63662.0,33
201500049213,15,11,13,1630,1,1,1,2,6,33281,M,4485213.0,-66619.0,33
201500049214,15,11,13,1840,5,1,1,2,3,33550,M,4478191.0,-58381.0,33
201500049215,15,11,13,2125,5,1,1,2,2,33122,M,4474676.0,-70034.0,33
201500049216,15,11,14,1645,1,1,1,1,7,33039,M,4480613.0,-53192.0,33
201500049217,15,11,16,530,3,1,1,1,6,33090,M,4476395.0,-67400.0,33
201500049218,15,11,16,715,3,1,1,1,7,33448,M,4471327.0,-51649.0,33
201500049219,15,11,18,1745,2,1,1,2,3,33075,M,4488094.0,-62554.0,33