Num_Acc,an,mois,jour,hrmn,lum,agg,int,atm,col,com,gps,lat,long,dep
201500049220,15,11,19,800,2,1,1,2,3,33535,M,4483177.0,-50076.0,33
201500049221,15,11,19,825,1,1,1,2,7,33550,M,4477853.0,-55374.0,33
201500049222,15,11,20,1530,1,1,1,8,3,33167,M,4483537.0,-49985.0,33
201500049223,15,11,21,1025,1,1,1,2,6,33063,M,4488340.0,-55506.0,33
201500049224,15,11,25,2115,5,1,1,2,6,33039,M,4479673.0,-53841.0,33
201500049225,15,11,26,500,5,1,1,2,6,33249,M,4486960.0,-50520.0,33
201500049226,15,11,26,1000,1,1,1,8,1,33167,M,4482152.0,-51605.0,33
201500049227,15,11,26,1715,4,1,1,1,5,33167,M,4484399.0,-50161.0,33
201500049228,15,11,29,805,2,1,1,1,6,33119,M,4486438.0,-50394.0,33
201500049229,15,11,29,1940,5,1,1,2,6,33003,M,4492741.0,-47108.0,33
201500049230,15,11,30,1215,1,1,1,1,3,33318,M,4448718.0,-62494.0,33
201500049231,15,11,30,1250,1,1,1,1,3,33039,M,4447573.0,-53841.0,33
201500049232,15,12,1,728,3,1,1,5,2,33075,M,4489004.0,-61124.0,33
201500049233,15,12,1,910,1,1,1,5,5,33487,M,4494744.0,-46467.0,33
201500049234,15,12,3,840,1,1,1,5,1,33075,M,4488623.0,-62141.0,33
201500049235,15,12,5,1505,1,1,1,1,5,33397,M,4491669.0,-47751.0,33
201500049236,15,12,7,725,5,1,1,1,5,33487,M,4495053.0,-46212.0,33
201500049237,15,12,7,815,2,1,1,1,3,33249,M,4487988.0,-53672.0,33
201500049238,15,12,7,1355,1,1,1,1,6,33162,M,4487326.0,-63892.0,33
201500049239,15,12,8,1810,3,1,1,1,6,33162,M,4487231.0,-64059.0,33
201500049240,15,12,10,845,1,1,1,1,3,33281,M,4485752.0,-66241.0,33
201500049241,15,12,10,950,1,1,1,1,4,33063,M,4488245.0,-55014.0,33
201500049242,15,12,10,1815,3,1,1,1,1,33318,M,4479096.0,-64747.0,33
201500049243,15,12,10,1820,5,1,1,1,3,33397,M,4490412.0,-49280.0,33
201500049244,15,12,10,2120,3,1,1,1,7,33143,M,4496422.0,-44406.0,33
201500049245,15,12,11,2030,5,1,1,1,3,33065,M,4481106.0,-52215.0,33
201500049246,15,12,12,1350,1,1,1,1,4,33063,M,4488214.0,-54848.0,33
201500049247,15,12,12,1735,2,1,1,1,6,33397,M,4490939.0,-48920.0,33
201500049248,15,12,13,1140,1,1,1,1,6,33063,M,4488318.0,-55393.0,33
201500049249,15,12,14,830,1,1,1,1,2,33550,M,4477759.0,-55969.0,33
201500049250,15,12,16,855,1,1,1,1,2,33162,M,4488004.0,-62704.0,33
201500049251,15,12,17,650,5,1,1,1,4,33003,M,4492332.0,-47369.0,33
201500049252,15,12,17,1035,1,1,1,1,2,33063,M,4488081.0,-54142.0,33
201500049253,15,12,17,1600,1,1,1,1,4,33065,M,4480917.0,-52445.0,33
201500049254,15,12,17,1934,4,1,1,1,2,33039,M,4479409.0,-53968.0,33
201500049255,15,12,10,1915,3,1,1,1,4,33039,M,4480382.0,-53255.0,33
201500049256,15,12,18,1600,1,1,1,1,3,33192,M,4478553.0,-62814.0,33
201500049257,15,12,18,1930,5,1,1,1,2,33039,M,4479834.0,-53726.0,33
201500049258,15,12,19,1120,1,1,1,1,6,33065,M,4481003.0,-52320.0,33
201500049259,15,12,20,2055,3,1,1,2,6,33075,M,4488954.0,-60395.0,33
201500049260,15,1,1,730,2,2,1,1,6,69123,M,4575640.0,479242.0,69
201500049261,15,1,11,1830,5,2,1,1,1,69385,M,,,69
201500049262,15,1,13,1325,1,2,1,1,3,69385,M,4576530.0,483035.0,69
201500049263,15,1,16,1815,5,2,1,3,6,69385,M,4575300.0,479692.0,69
201500049264,15,1,19,2220,5,2,1,2,3,69385,M,4577130.0,480198.0,69
201500049265,15,1,22,1643,1,2,1,1,6,69385,M,4576350.0,478872.0,69
201500049266,15,1,27,640,5,2,1,2,2,69385,M,4575260.0,481136.0,69
201500049267,15,1,28,1800,5,1,1,2,7,69385,M,4575300.0,479692.0,69
201500049268,15,2,2,1920,5,2,9,1,7,69385,M,,,69
201500049269,15,2,4,825,1,2,1,1,3,69385,M,,,69
201500049270,15,2,5,1331,1,2,1,4,3,69385,M,,,69
201500049271,15,2,13,1635,1,2,1,1,1,69385,M,,,69
201500049272,15,3,2,725,1,2,1,2,6,69385,M,,,69
201500049273,15,3,6,1500,1,2,1,1,6,69385,M,,,69
201500049274,15,3,8,840,1,2,2,1,3,69385,M,,,69
201500049275,15,3,12,1345,1,2,2,1,3,69385,M,,,69
201500049276,15,1,1,415,3,1,1,1,3,67124,M,,,67
201500049277,15,12,31,1200,1,1,1,8,3,67152,M,,,67
201500049278,15,1,7,1305,1,1,1,1,2,67482,M,,,67
201500049279,15,12,31,1840,3,1,1,1,4,67482,M,,,67
201500049280,15,1,12,1340,1,1,1,1,5,67389,M,,,67
201500049281,15,12,16,1805,3,1,1,2,4,67309,M,4864396.0,773199.0,67
201500049282,15,1,15,900,1,1,1,1,3,67482,M,,,67
201500049283,15,3,10,1930,3,1,1,2,4,67482,M,,,67
201500049284,15,3,15,1045,1,1,1,1,4,67043,M,,,67
201500049285,15,3,26,2050,4,1,1,8,2,67482,M,,,67
201500049286,15,4,8,148,3,1,1,1,6,67218,M,,,67
201500049287,15,5,21,920,1,1,1,1,4,67152,M,,,67
201500049288,15,5,28,820,1,1,1,1,4,67152,M,,,67
201500049289,15,6,4,1705,1,1,1,1,2,67482,M,,,67
201500049290,15,5,12,1710,1,1,1,1,3,67482,M,4857580.0,772794.0,67
201500049291,15,6,1,746,1,1,1,1,5,67389,M,4864880.0,773408.0,67
201500049292,15,6,11,1540,1,1,1,1,2,67482,M,4859260.0,773833.0,67
201500049293,15,6,18,1310,1,1,1,2,6,67482,M,4857060.0,773000.0,67
201500049294,15,6,22,1420,1,1,1,1,3,67482,M,4857970.0,772453.0,67
201500049295,15,7,1,830,1,1,1,1,4,67218,M,4854840.0,772992.0,67
201500049296,15,7,8,1655,1,1,1,1,4,67218,M,,,67
201500049297,15,7,8,1925,1,1,1,1,3,67447,M,,,67
201500049298,15,7,19,830,1,1,1,1,6,67365,M,,,67
201500049299,15,8,13,1130,1,1,1,1,2,67482,M,4856540.0,773292.0,67
201500049300,15,8,16,1615,1,1,1,1,4,67482,M,,,67
201500049301,15,8,18,1500,1,1,1,1,4,67482,M,4858050.0,772427.0,67
201500049302,15,9,1,1535,1,1,1,2,3,67482,M,,,67
201500049303,15,9,3,1800,1,1,1,1,2,67482,M,,,67
201500049304,15,9,8,1325,1,1,1,1,5,67482,M,,,67
201500049305,15,8,27,1800,1,1,1,1,2,67152,M,,,67
201500049306,15,9,17,1235,1,1,1,3,7,67482,M,,,67
201500049307,15,10,1,1425,1,1,1,1,3,67482,M,,,67
201500049308,15,10,2,1010,1,1,1,1,2,67482,M,,,67
201500049309,15,10,7,1750,1,1,1,1,4,67482,M,,,67
201500049310,15,10,6,1800,2,1,1,1,2,67482,M,,,67
201500049311,15,10,9,1655,1,1,1,1,6,67137,M,,,67
201500049312,15,9,24,2115,3,1,1,1,3,67482,M,,,67
201500049313,15,10,13,1740,1,1,1,1,2,67152,M,,,67
201500049314,15,10,19,1830,2,1,1,1,4,67482,M,,,67
201500049315,15,10,22,655,3,1,1,1,3,67482,M,,,67
201500049316,15,10,26,1235,1,1,1,1,4,67152,M,,,67
201500049317,15,10,29,910,1,1,1,8,6,67482,M,4857060.0,772972.0,67
201500049318,15,11,4,1530,1,1,1,1,2,67482,M,,,67
201500049319,15,11,3,1240,1,1,1,1,3,67365,M,,,67
201500049320,15,11,19,820,1,1,1,1,2,67118,M,,,67
201500049321,15,11,24,1800,3,1,1,8,4,67482,M,,,67
201500049322,15,12,3,1428,1,1,1,1,3,67447,M,,,67
201500049323,15,12,8,1055,1,1,1,1,3,67482,M,,,67
201500049324,15,12,14,1750,2,1,1,1,2,67482,M,,,67
201500049325,15,12,12,835,1,1,1,1,6,67482,M,4858530.0,772364.0,67
201500049326,15,12,5,1745,3,1,1,1,4,67482,M,,,67
201500049327,15,12,16,1923,4,1,1,1,4,67152,M,,,67
201500049328,15,11,7,1605,1,1,1,1,2,67389,M,,,67
201500049329,15,1,8,1815,5,1,1,1,6,54547,M,4865902.0,618636.0,54
201500049330,15,1,16,1725,2,1,1,1,4,54578,M,4865945.0,612571.0,54
201500049331,15,2,24,828,1,1,1,1,4,54304,M,4867503.0,612087.0,54
201500049332,15,3,7,1620,1,1,1,1,2,54123,M,4864677.0,614225.0,54
201500049333,15,4,16,655,2,1,1,1,6,54123,M,4864633.0,614246.0,54
201500049334,15,4,10,2110,3,1,1,1,2,54232,M,4868779.0,596426.0,54
201500049335,15,4,20,1800,1,1,1,1,3,54232,M,4868922.0,598157.0,54
201500049336,15,4,14,2250,3,1,1,1,6,54320,M,4885754.0,609012.0,54
201500049337,15,5,7,1820,1,1,1,1,2,54547,M,4865672.0,618483.0,54
201500049338,15,5,14,1256,1,1,1,2,2,54304,M,4869434.0,611718.0,54
201500049339,15,5,10,2250,3,1,1,1,5,54115,M,4872988.0,616149.0,54
201500049340,15,6,4,2353,3,1,1,1,7,54547,M,4864671.0,613978.0,54
201500049341,15,5,15,1820,1,1,1,1,5,54157,M,4885529.0,608529.0,54
201500049342,15,6,26,2235,3,1,1,1,7,54483,M,4861697.0,628524.0,54
201500049343,15,7,1,1203,1,1,1,1,3,54528,M,4865564.0,589043.0,54
201500049344,15,7,5,545,2,1,1,1,2,54232,M,4868861.0,601125.0,54
201500049345,15,7,15,1215,1,1,1,1,2,54232,M,4868089.0,594075.0,54
201500049346,15,7,30,1510,1,1,1,1,7,54345,M,4861735.0,627895.0,54
201500049347,15,7,31,145,3,1,1,1,7,54060,M,4882233.0,610366.0,54
201500049348,15,8,30,607,2,1,1,1,2,54027,M,4892101.0,610972.0,54
201500049349,15,8,26,1430,1,1,9,1,6,54167,M,4866175.0,591114.0,54
201500049350,15,9,16,2220,3,1,1,3,6,54459,M,,,54
201500049351,15,9,7,930,1,1,1,1,3,54122,M,4865920.0,590814.0,54
201500049352,15,9,24,905,1,1,1,1,2,54547,M,4864830.0,613528.0,54
201500049353,15,9,21,815,1,1,1,1,6,54328,M,4861722.0,617978.0,54
201500049354,15,9,14,825,1,1,1,7,2,54115,M,4869415.0,609809.0,54
201500049355,15,9,29,850,1,1,1,1,4,54265,M,4863560.0,617256.0,54
201500049356,15,10,20,555,4,1,1,1,6,54357,M,,,54
201500049357,15,10,22,1730,1,1,1,2,2,54357,M,,,54
201500049358,15,11,23,900,1,1,1,3,4,54150,M,4878220.0,614419.0,54
201500049359,15,11,23,1751,5,1,1,1,2,54090,M,4874824.0,615592.0,54
201500049360,15,12,4,1800,1,1,1,1,4,54115,M,,,54
201500049361,15,11,13,1830,3,1,1,1,4,54304,M,4864863.0,613536.0,54
201500049362,15,12,4,1900,3,1,1,1,4,54462,M,,,54
201500049363,15,1,2,2050,4,1,1,2,7,57463,M,0.0,0.0,57
201500049364,15,12,22,1035,1,1,1,1,2,57672,M,0.0,0.0,57
201500049365,15,1,13,715,3,1,1,1,3,57356,M,0.0,0.0,57
201500049366,15,1,20,1730,2,1,1,1,4,57343,M,0.0,0.0,57
201500049367,15,2,5,335,3,1,1,1,7,57146,M,,,57
201500049368,15,2,15,520,3,1,1,1,1,57137,M,0.0,0.0,57
201500049369,15,2,21,1145,1,1,1,1,1,57356,M,,,57
201500049370,15,3,12,750,2,1,1,1,4,57463,M,0.0,0.0,57
201500049371,15,3,27,2100,3,1,1,1,2,57751,M,,,57
201500049372,15,4,1,805,1,1,1,1,4,57303,M,0.0,0.0,57
201500049373,15,3,19,1030,1,1,1,1,3,57463,M,0.0,0.0,57
201500049374,15,4,25,210,3,1,1,1,2,57452,M,,,57
201500049375,15,5,3,705,1,1,1,2,2,57672,M,0.0,0.0,57
201500049376,15,5,5,1540,1,1,1,1,5,57663,M,4923797.0,618080.0,57
201500049377,15,5,8,1422,1,1,1,1,7,57206,M,0.0,0.0,57
201500049378,15,5,7,1740,1,1,1,1,2,57663,M,4923355.0,617933.0,57
201500049379,15,5,13,1544,1,1,1,1,3,57452,M,0.0,0.0,57
201500049380,15,5,19,1732,1,1,1,1,4,57672,M,4935008.0,614863.0,57
201500049381,15,6,17,1700,1,1,1,1,2,57096,M,4940039.0,593991.0,57
201500049382,15,6,19,1850,1,1,1,1,3,57303,M,4920444.0,617480.0,57
201500049383,15,6,24,745,1,1,1,1,4,57757,M,,,57
201500049384,15,6,28,2345,3,1,1,1,2,57452,M,4929080.0,630150.0,57
201500049385,15,7,2,423,3,1,1,1,2,57663,M,4922765.0,717870.0,57
201500049386,15,7,5,105,3,1,1,1,2,57487,M,4908284.0,610607.0,57
201500049387,15,7,13,1335,1,1,1,1,2,57487,M,4909930.0,612669.0,57
201500049388,15,7,11,1615,1,1,1,1,7,57672,M,4939214.0,610986.0,57
201500049389,15,7,28,1102,1,1,1,1,6,57764,M,4947198.0,612140.0,57
201500049390,15,7,31,1625,1,1,1,1,2,57487,M,4909561.0,611741.0,57
201500049391,15,9,15,320,3,1,1,1,7,57416,M,4898540.0,610541.0,57
201500049392,15,9,22,1130,1,1,1,2,7,57445,M,4899663.0,610492.0,57
201500049393,15,10,4,400,3,1,1,1,5,57663,M,0.0,0.0,57
201500049394,15,10,5,30,3,1,1,1,7,57582,M,4928764.0,617208.0,57
201500049395,15,10,26,1705,1,1,1,1,3,57672,M,4936575.0,610669.0,57
201500049396,15,10,28,1900,2,1,1,3,2,57303,M,4920013.0,617025.0,57
201500049397,15,11,2,2150,3,1,1,1,1,57480,M,0.0,0.0,57
201500049398,15,11,4,330,3,1,1,5,3,57303,M,0.0,0.0,57
201500049399,15,11,12,905,1,1,1,1,2,57764,M,4947208.0,612163.0,57
201500049400,15,11,17,750,3,1,1,3,2,57067,M,4931435.0,618265.0,57
201500049401,15,11,28,1520,1,1,1,1,4,57480,M,4910942.0,615340.0,57
201500049402,15,12,8,1245,1,1,1,1,4,57672,M,4938563.0,610785.0,57
201500049403,15,12,8,945,1,1,1,5,5,57672,M,4939131.0,610963.0,57
201500049404,15,12,12,600,3,1,1,2,3,57343,M,0.0,0.0,57
201500049405,15,12,13,1505,1,1,1,1,6,57206,M,0.0,0.0,57
201500049406,15,12,29,2200,3,1,1,1,6,57447,M,4905171.0,615126.0,57
201500049407,15,1,9,1015,1,2,1,1,6,69387,M,4572590.0,484868.0,69
201500049408,15,1,14,1825,5,2,2,1,3,69387,M,4573870.0,484113.0,69
201500049409,15,1,21,1428,1,2,1,2,7,69387,M,4573870.0,484113.0,69
201500049410,15,1,24,2010,5,2,1,8,3,69387,M,4573440.0,482732.0,69
201500049411,15,1,24,1255,1,2,1,4,2,69387,M,4572590.0,484868.0,69
201500049412,15,1,27,2100,5,2,2,1,3,69387,M,4573870.0,484113.0,69
201500049413,15,1,27,1925,5,2,2,1,3,69387,M,4573870.0,484113.0,69
201500049414,15,1,31,30,5,2,2,1,3,69387,M,,,69
201500049415,15,2,5,736,1,2,1,1,3,69387,M,,,69
201500049416,15,2,2,1415,1,2,1,1,6,69387,M,,,69
201500049417,15,2,4,1050,1,2,2,8,3,69387,M,,,69
201500049418,15,2,6,1235,1,2,1,1,3,69387,M,,,69
201500049419,15,2,11,1705,1,2,1,1,6,69387,M,,,69
201500049420,15,2,18,415,5,2,1,1,6,69387,M,,,69
201500049421,15,2,17,1545,1,2,1,1,2,69387,M,,,69
201500049422,15,2,17,1940,5,2,2,1,6,69387,M,,,69
201500049423,15,2,17,1125,1,2,2,1,3,69387,M,,,69
201500049424,15,2,21,2100,5,2,2,1,3,69387,M,,,69
201500049425,15,2,20,1435,1,2,1,1,3,69387,M,,,69
201500049426,15,2,25,1120,1,2,4,1,3,69387,M,,,69
201500049427,15,3,1,1845,5,2,1,2,4,69387,M,,,69
201500049428,15,3,2,1310,1,2,1,1,3,69387,M,,,69
201500049429,15,3,4,1820,2,2,1,1,7,69387,M,,,69
201500049430,15,3,6,1140,1,2,2,1,3,69387,M,,,69
201500049431,15,3,12,845,1,2,1,1,6,69387,M,,,69
201500049432,15,3,2,945,1,2,1,1,2,69387,M,,,69
201500049433,15,3,6,1830,5,2,2,1,6,69387,M,,,69
201500049434,15,3,13,1200,1,2,3,1,3,69387,M,,,69
201500049435,15,3,14,1205,1,2,3,1,3,69387,M,,,69
201500049436,15,1,6,1024,1,2,1,1,2,69388,M,4572860.0,486769.0,69
201500049437,15,1,7,1905,5,2,1,1,6,69387,M,4572840.0,485090.0,69
201500049438,15,1,10,1435,1,2,1,1,6,69388,M,,,69
201500049439,15,1,16,2155,5,2,2,2,3,69388,M,4572840.0,485090.0,69
201500049440,15,1,18,20,5,2,1,2,2,69388,M,4572840.0,485090.0,69
201500049441,15,1,16,2020,5,2,1,3,6,69388,M,4572860.0,486769.0,69
201500049442,15,1,19,750,1,2,3,2,6,69388,M,4573450.0,486005.0,69
201500049443,15,1,22,2135,5,2,2,2,3,69388,M,4574020.0,487747.0,69
201500049444,15,1,21,2210,5,2,1,2,3,69388,M,4572860.0,486769.0,69
201500049445,15,1,23,1425,1,2,1,1,6,69388,M,4573150.0,486992.0,69
201500049446,15,1,30,1825,5,2,1,1,3,69388,M,4572860.0,486769.0,69
201500049447,15,2,1,150,5,2,1,2,4,69388,M,,,69
201500049448,15,2,5,750,1,2,1,1,6,69388,M,,,69
201500049449,15,1,28,1745,5,2,2,2,3,69388,M,,,69
201500049450,15,2,3,1725,1,2,1,1,6,69388,M,,,69
201500049451,15,2,5,1320,1,2,1,1,2,69388,M,,,69
201500049452,15,2,10,740,2,2,1,1,2,69388,M,,,69
201500049453,15,2,11,620,5,2,1,1,6,69388,M,,,69
201500049454,15,2,15,440,5,2,1,1,6,69388,M,,,69
201500049455,15,2,20,1500,1,2,2,1,3,69388,M,,,69
201500049456,15,2,20,1650,1,2,1,1,6,69388,M,,,69
201500049457,15,2,23,1500,1,2,2,1,3,69388,M,,,69
201500049458,15,2,21,715,2,2,1,2,4,69388,M,,,69
201500049459,15,2,24,1200,1,2,1,1,2,69388,M,,,69
201500049460,15,2,26,1110,1,2,1,1,3,69388,M,,,69
201500049461,15,2,28,1936,5,2,1,1,2,69388,M,,,69
201500049462,15,3,4,1915,5,2,2,1,3,69388,M,,,69
201500049463,15,3,5,1145,1,2,1,1,6,69388,M,,,69
201500049464,15,3,13,945,1,2,1,1,6,69388,M,,,69
201500049465,15,3,13,1335,1,2,2,1,6,69388,M,,,69
201500049466,15,12,26,1735,2,1,1,1,4,42218,M,4545098.0,441896.0,42
201500049467,15,1,19,1145,1,1,1,3,4,42186,M,4553070.0,461526.0,42
201500049468,15,1,19,1535,1,1,1,2,1,42218,M,4545803.0,440770.0,42
201500049469,15,1,31,1500,1,1,1,8,2,42218,M,4542220.0,441274.0,42
201500049470,15,2,12,1545,1,1,1,1,6,42110,M,4549401.0,455332.0,42
201500049471,15,2,15,1715,1,1,9,4,6,42044,M,4539289.0,432296.0,42
201500049472,15,2,20,2037,3,1,1,1,2,42218,M,4545341.0,441507.0,42
201500049473,15,3,5,2015,3,1,1,1,2,42207,M,4546464.0,449520.0,42
201500049474,15,3,6,2120,3,1,1,1,3,42330,M,4547499.0,435998.0,42
201500049475,15,4,6,1840,1,1,1,1,2,42218,M,4545114.0,441871.0,42
201500049476,15,4,10,1730,1,1,1,1,4,42218,M,4541616.0,440544.0,42
201500049477,15,4,18,315,3,1,1,1,2,42218,M,4541101.0,439815.0,42
201500049478,15,4,27,1700,1,1,1,2,2,42095,M,4539112.0,428582.0,42
201500049479,15,5,2,1620,1,1,1,1,4,42307,M,4554916.0,467623.0,42
201500049480,15,5,9,745,1,1,1,1,3,69091,M,,,69
201500049481,15,5,12,840,1,1,1,1,2,42218,M,,,42
201500049482,15,5,14,835,1,1,1,1,6,42044,M,4539517.0,433619.0,42
201500049483,15,5,14,2049,2,1,1,3,4,42044,M,4539363.0,432588.0,42
201500049484,15,5,28,930,1,1,1,1,2,42044,M,4539339.0,432476.0,42
201500049485,15,6,8,435,3,1,1,1,6,42095,M,4539224.0,429537.0,42
201500049486,15,6,5,1739,1,1,1,1,4,42183,M,4540229.0,437128.0,42
201500049487,15,6,10,2110,2,1,1,1,5,69252,M,4554365.0,466331.0,69
201500049488,15,6,13,615,2,1,1,1,6,42218,M,4546392.0,438238.0,42
201500049489,15,7,18,620,2,1,1,2,6,42207,M,4546358.0,449405.0,42
201500049490,15,7,25,740,1,1,1,1,2,42183,M,4539787.0,435713.0,42
201500049491,15,8,4,950,1,1,1,1,6,42097,M,4550706.0,430292.0,42
201500049492,15,8,22,900,1,1,1,1,6,42044,M,4539664.0,434994.0,42
201500049493,15,9,2,1530,1,1,1,1,2,42097,M,4548318.0,433712.0,42
201500049494,15,9,1,1645,1,1,1,1,2,42218,M,4543687.0,443786.0,42
201500049495,15,9,6,230,3,1,1,1,6,42005,M,4552742.0,428582.0,42
201500049496,15,9,9,2150,3,1,1,1,3,69091,M,4558937.0,476353.0,69
201500049497,15,10,21,1800,1,1,1,1,2,42218,M,4546522.0,437963.0,42
201500049498,15,10,30,2130,3,1,1,1,2,69091,M,4558385.0,474792.0,69
201500049499,15,11,3,2245,5,1,1,1,2,42218,M,4543341.0,442344.0,42
201500049500,15,11,4,840,1,1,1,1,2,42218,M,4542007.0,441002.0,42
201500049501,15,11,7,1445,1,1,1,1,4,42218,M,4541552.0,440461.0,42
201500049502,15,11,19,1305,1,1,1,1,2,42330,M,4547578.0,435862.0,42
201500049503,15,11,25,40,3,1,1,2,6,42237,M,4544200.0,446204.0,42
201500049504,15,12,14,1505,1,1,1,1,3,42207,M,4546352.0,449386.0,42
201500049505,15,11,25,2200,3,1,1,2,5,42237,M,4544713.0,446853.0,42
201500049506,15,12,18,1645,1,1,1,1,6,42218,M,4543659.0,444083.0,42
201500049507,15,12,27,150,3,1,1,1,1,69091,M,4558982.0,477556.0,69
201500049508,15,12,16,1320,1,1,1,1,2,42207,M,4545972.0,448662.0,42
201500049509,15,12,27,1945,3,1,1,1,3,42207,M,4547956.0,450075.0,42
201500049510,15,12,29,1330,1,1,1,1,6,42110,M,4549432.0,454566.0,42
201500049511,15,12,21,1455,1,1,1,2,6,69029,M,,,69
201500049512,15,11,22,1800,5,1,1,3,5,69266,M,,,69
201500049513,15,1,4,230,3,1,1,2,7,38544,M,4554083.0,485522.0,38
201500049514,15,1,4,1800,5,1,1,1,6,01248,M,,,01
201500049515,15,1,5,510,3,1,1,1,2,69297,M,4562590.0,481579.0,69
201500049516,15,1,7,2240,3,1,1,1,6,69275,M,4576380.0,498503.0,69
201500049517,15,1,7,1630,1,1,1,1,2,69072,M,4580760.0,476917.0,69
201500049518,15,1,8,930,1,1,1,1,2,69290,M,4569760.0,497734.0,69
201500049519,15,1,11,845,1,1,1,8,3,69235,M,4553980.0,485575.0,69
201500049520,15,1,13,1215,1,1,1,1,5,69029,M,4572780.0,490718.0,69
201500049521,15,1,14,1500,1,1,1,1,6,69290,M,4572270.0,493055.0,69
201500049522,15,1,16,1400,1,1,1,3,3,69297,M,4560550.0,480014.0,69
201500049523,15,1,14,1319,1,1,1,1,6,69152,M,4571160.0,482451.0,69
201500049524,15,1,14,1527,1,1,1,1,6,69296,M,4565390.0,483847.0,69
201500049525,15,1,19,1400,1,1,1,2,7,69029,M,4573460.0,490151.0,69
201500049526,15,1,19,2050,3,1,1,3,7,69266,M,4575870.0,490901.0,69
201500049527,15,1,19,1850,5,1,1,2,4,69276,M,4568390.0,485463.0,69
201500049528,15,1,16,1730,1,1,1,2,2,69081,M,4564680.0,440285.0,69
201500049529,15,1,22,700,5,1,1,2,7,69276,M,4568230.0,484722.0,69
201500049530,15,1,22,1310,1,1,1,1,3,69259,M,4572290.0,488913.0,69
201500049531,15,1,22,1430,1,1,1,1,6,01275,M,,,01
201500049532,15,1,21,1110,1,1,1,2,7,69040,M,4580190.0,477240.0,69
201500049533,15,1,24,1700,2,1,1,1,4,69029,M,4572780.0,490718.0,69
201500049534,15,1,25,820,1,1,1,1,6,69282,M,4575280.0,501507.0,69
201500049535,15,1,20,1845,4,1,1,1,5,69290,M,4570560.0,496013.0,69
201500049536,15,1,27,900,1,1,1,2,7,69282,M,4576090.0,503151.0,69
201500049537,15,1,27,1025,1,1,1,1,7,69256,M,4580570.0,492490.0,69
201500049538,15,1,29,1445,1,1,1,2,7,69256,M,4580570.0,492490.0,69
201500049539,15,1,29,1340,1,1,1,3,7,69244,M,4577150.0,479016.0,69
201500049540,15,1,31,1630,1,1,1,2,7,69256,M,4580570.0,492490.0,69
201500049541,15,2,2,525,3,1,1,2,6,38184,M,4565748.0,508178.0,38
201500049542,15,1,30,800,1,1,1,1,4,69276,M,4568430.0,485554.0,69
201500049543,15,2,3,910,1,1,1,1,2,69382,M,,,69
201500049544,15,2,6,1820,3,1,1,1,4,69272,M,,,69
201500049545,15,2,8,1815,5,1,1,1,6,69142,M,,,69
201500049546,15,2,9,1725,1,1,1,1,7,69152,M,,,69
201500049547,15,2,7,650,3,1,1,1,2,69204,M,,,69
201500049548,15,2,10,2100,3,1,1,1,7,69296,M,,,69
201500049549,15,2,11,45,4,1,1,1,2,69152,M,,,69
201500049550,15,2,7,1510,1,1,1,1,2,69029,M,,,69
201500049551,15,2,8,530,5,1,1,1,2,69286,M,,,69
201500049552,15,2,5,750,1,1,1,1,4,69100,M,,,69
201500049553,15,2,17,735,1,1,1,1,4,69199,M,,,69
201500049554,15,2,18,2140,3,1,1,1,2,69294,M,,,69
201500049555,15,2,22,2015,3,1,1,1,5,38184,M,4565617.0,508633.0,38
201500049556,15,2,20,2240,3,1,1,1,2,01275,M,,,01
201500049557,15,2,23,1400,1,1,1,1,2,69385,M,,,69
201500049558,15,2,21,950,1,1,1,3,6,69235,M,,,69
201500049559,15,2,24,1810,2,1,1,1,2,69297,M,,,69
201500049560,15,2,23,1350,1,1,1,1,6,69256,M,,,69
201500049561,15,2,27,1050,1,1,1,2,7,69029,M,,,69
201500049562,15,2,20,1830,2,1,1,1,4,38449,M,4565244.0,510494.0,38
201500049563,15,3,1,1430,1,1,1,1,7,69256,M,,,69
201500049564,15,3,1,1045,1,1,1,2,6,69256,M,,,69
201500049565,15,2,27,1245,1,1,1,2,3,69029,M,,,69
201500049566,15,3,2,1530,1,1,1,1,3,69297,M,,,69
201500049567,15,3,2,2000,3,1,1,1,2,69273,M,,,69
201500049568,15,3,2,1735,1,1,1,1,2,69034,M,,,69
201500049569,15,3,3,1705,1,1,1,1,4,69388,M,,,69
201500049570,15,3,6,800,1,1,1,1,5,69385,M,,,69
201500049571,15,3,6,1415,1,1,1,1,2,69297,M,,,69
201500049572,15,3,7,1415,1,1,1,1,3,69259,M,,,69
201500049573,15,3,7,1930,3,1,1,1,5,69072,M,,,69
201500049574,15,3,7,2300,3,1,1,1,6,01376,M,,,01
201500049575,15,3,8,2040,5,1,1,1,7,69271,M,,,69
201500049576,15,3,11,850,1,1,1,8,2,69290,M,,,69
201500049577,15,3,12,1655,1,1,1,1,7,69199,M,,,69
201500049578,15,3,14,1510,1,1,1,1,5,69072,M,,,69
201500049579,15,3,14,1510,1,1,1,1,7,69297,M,,,69
201500049580,15,3,13,1950,5,1,1,1,2,69382,M,,,69
201500049581,15,3,18,1240,1,1,1,1,6,69259,M,,,69
201500049582,15,3,18,830,1,1,1,1,6,69204,M,,,69
201500049583,15,3,10,2350,3,1,1,1,2,69276,M,,,69