Num_Acc,an,mois,jour,hrmn,lum,agg,int,atm,col,com,gps,lat,long,dep
201500049584,15,3,15,545,3,1,1,1,6,69297,M,,,69
201500049585,15,3,20,1405,1,1,1,1,3,69297,M,,,69
201500049586,15,3,21,1830,5,1,1,2,7,69029,M,,,69
201500049587,15,3,21,2200,3,1,1,1,5,69199,M,,,69
201500049588,15,3,22,930,1,1,1,2,7,01424,M,,,01
201500049589,15,3,23,2000,5,1,1,1,4,69266,M,,,69
201500049590,15,3,29,2220,3,1,1,2,4,69081,M,,,69
201500049591,15,3,20,1850,2,1,1,1,2,69256,M,,,69
201500049592,15,3,27,750,2,1,1,8,7,69034,M,,,69
201500049593,15,3,30,1630,1,1,1,1,5,69029,M,,,69
201500049594,15,3,30,1233,1,1,1,1,6,69029,M,,,69
201500049595,15,3,30,1120,1,1,1,2,6,69005,M,,,69
201500049596,15,3,29,1900,1,1,4,2,5,69288,M,,,69
201500049597,15,3,18,715,1,1,1,1,6,69199,M,,,69
201500049598,15,4,3,1620,1,1,1,1,2,69296,M,,,69
201500049599,15,4,4,530,3,1,1,2,7,69005,M,,,69
201500049600,15,4,6,1210,1,1,1,1,4,69385,M,,,69
201500049601,15,4,7,1620,1,1,1,1,2,69256,M,,,69
201500049602,15,4,7,1630,1,1,1,1,2,69072,M,,,69
201500049603,15,4,7,1820,1,1,1,1,4,69199,M,,,69
201500049604,15,4,8,1600,1,1,1,1,2,69072,M,,,69
201500049605,15,4,10,830,1,1,1,1,2,69266,M,,,69
201500049606,15,4,10,1845,1,1,1,1,2,69081,M,,,69
201500049607,15,4,15,730,1,1,1,1,2,69199,M,,,69
201500049608,15,4,17,2030,5,1,1,2,6,38449,M,4565445.0,509567.0,38
201500049609,15,4,18,645,2,1,1,8,4,69009,M,,,69
201500049610,15,4,19,1039,1,1,1,1,5,69199,M,,,69
201500049611,15,4,19,15,3,1,1,1,6,69125,M,,,69
201500049612,15,4,20,640,2,1,1,1,6,01275,M,,,01
201500049613,15,4,20,2250,3,1,1,1,3,69287,M,,,69
201500049614,15,4,21,705,1,1,1,1,4,69152,M,,,69
201500049615,15,4,21,1045,1,1,1,1,4,69382,M,,,69
201500049616,15,4,21,1050,1,1,1,1,3,69297,M,,,69
201500049617,15,4,23,1630,1,1,1,1,5,69266,M,,,69
201500049618,15,4,20,1735,1,1,1,1,6,69296,M,,,69
201500049619,15,4,20,1920,1,1,1,1,2,69029,M,,,69
201500049620,15,4,25,835,1,1,1,1,6,01275,M,,,01
201500049621,15,4,22,1830,1,1,1,1,1,69007,M,,,69
201500049622,15,4,25,2330,3,1,1,2,6,69256,M,,,69
201500049623,15,4,25,1800,1,1,1,2,2,69029,M,,,69
201500049624,15,4,25,1830,1,1,1,2,7,69266,M,,,69
201500049625,15,4,16,2040,3,1,1,1,3,69297,M,,,69
201500049626,15,4,27,2000,2,1,1,8,3,69029,M,,,69
201500049627,15,4,17,1311,1,1,1,1,4,38449,M,,,38
201500049628,15,4,27,945,1,1,1,1,2,69116,M,,,69
201500049629,15,4,27,1715,1,1,1,1,6,01049,M,,,01
201500049630,15,4,9,1815,1,1,1,1,6,69142,M,,,69
201500049631,15,5,2,1035,1,1,1,1,3,69256,M,,,69
201500049632,15,5,1,1749,1,1,1,3,6,01424,M,,,01
201500049633,15,5,2,1910,1,1,1,2,7,69266,M,,,69
201500049634,15,5,3,550,4,1,1,2,2,69081,M,,,69
201500049635,15,4,29,1740,1,1,1,1,3,01238,M,,,01
201500049636,15,4,30,940,1,1,1,1,3,69259,M,,,69
201500049637,15,5,4,1130,1,1,1,1,2,69382,M,,,69
201500049638,15,5,8,320,1,1,1,1,1,38087,M,,,38
201500049639,15,5,8,1940,1,1,1,2,6,69256,M,,,69
201500049640,15,5,12,840,1,1,1,1,7,69276,M,,,69
201500049641,15,5,12,2120,5,1,1,1,2,69382,M,,,69
201500049642,15,5,4,1830,1,1,1,1,3,69081,M,,,69
201500049643,15,5,13,1940,1,1,1,1,4,69256,M,,,69
201500049644,15,5,14,2005,2,1,1,3,6,01249,M,,,01
201500049645,15,5,14,1150,1,1,1,1,4,69072,M,,,69
201500049646,15,5,12,1750,1,1,1,1,3,69286,M,,,69
201500049647,15,5,15,1920,1,1,1,2,6,69256,M,,,69
201500049648,15,4,30,1430,1,1,1,1,7,69204,M,,,69
201500049649,15,5,18,10,3,1,1,1,7,01275,M,,,01
201500049650,15,5,18,1600,1,1,1,1,4,38087,M,,,38
201500049651,15,5,20,1525,1,1,1,1,3,69297,M,,,69
201500049652,15,5,21,2310,5,1,1,1,6,69256,M,,,69
201500049653,15,5,16,1840,1,1,1,1,7,69029,M,,,69
201500049654,15,5,23,2220,5,1,1,1,7,69142,M,,,69
201500049655,15,5,20,1920,1,1,1,2,2,69389,M,,,69
201500049656,15,5,27,900,1,1,1,1,2,69382,M,,,69
201500049657,15,5,29,1820,1,1,1,1,7,69259,M,,,69
201500049658,15,5,29,1700,1,1,1,1,2,69297,M,,,69
201500049659,15,5,31,2005,1,1,1,1,5,01249,M,,,01
201500049660,15,6,2,830,1,1,1,1,2,69275,M,,,69
201500049661,15,5,31,1215,1,1,1,1,3,69272,M,,,69
201500049662,15,6,1,1440,1,1,1,1,6,69115,M,,,69
201500049663,15,6,5,1,5,1,1,1,6,69005,M,,,69
201500049664,15,6,4,1040,1,1,1,1,2,69081,M,,,69
201500049665,15,6,4,1730,1,1,1,1,3,69152,M,,,69
201500049666,15,6,4,1750,1,1,9,1,3,69152,M,,,69
201500049667,15,6,3,900,1,1,1,1,4,69276,M,,,69
201500049668,15,6,6,1920,1,1,1,1,6,69005,M,,,69
201500049669,15,6,7,2100,1,1,1,1,2,69256,M,,,69
201500049670,15,6,7,210,3,1,1,2,6,69287,M,,,69
201500049671,15,6,26,1245,1,1,1,1,7,69081,M,,,69
201500049672,15,6,7,615,1,1,1,1,7,69266,M,,,69
201500049673,15,6,5,1630,1,1,1,1,4,69272,M,,,69
201500049674,15,6,4,1800,1,1,1,1,3,69256,M,,,69
201500049675,15,6,8,850,1,1,1,1,3,69142,M,,,69
201500049676,15,6,11,900,1,1,1,1,2,69194,M,,,69
201500049677,15,4,25,910,1,1,9,1,6,69290,M,,,69
201500049678,15,6,13,100,5,1,1,2,2,69266,M,,,69
201500049679,15,4,7,1930,1,1,1,1,2,69266,M,,,69
201500049680,15,6,13,1520,1,1,1,1,5,69271,M,,,69
201500049681,15,6,14,510,2,1,1,2,7,69286,M,,,69
201500049682,15,6,3,1935,1,1,1,1,3,69256,M,,,69
201500049683,15,6,15,730,1,1,1,8,3,69297,M,,,69
201500049684,15,6,11,1715,1,1,1,1,4,69199,M,,,69
201500049685,15,6,13,1230,1,1,1,1,7,69281,M,,,69
201500049686,15,6,16,2000,1,1,1,2,6,69256,M,,,69
201500049687,15,6,15,1750,1,1,1,1,4,69199,M,,,69
201500049688,15,6,19,1715,1,1,1,1,7,69029,M,,,69
201500049689,15,6,20,1430,1,1,1,1,4,69072,M,,,69
201500049690,15,6,21,2230,5,1,1,1,3,69029,M,,,69
201500049691,15,6,22,1637,1,1,1,1,6,69034,M,,,69
201500049692,15,6,19,1310,1,1,1,1,2,69382,M,,,69
201500049693,15,7,22,2105,1,1,1,2,3,69034,M,,,69
201500049694,15,6,25,1850,1,1,1,1,6,69290,M,,,69
201500049695,15,6,24,915,1,1,1,1,2,69275,M,,,69
201500049696,15,6,25,1005,1,1,1,1,2,69275,M,,,69
201500049697,15,6,26,810,1,1,1,1,5,69271,M,,,69
201500049698,15,6,26,845,1,1,1,1,4,01275,M,,,01
201500049699,15,6,30,300,3,1,1,1,7,69007,M,,,69
201500049700,15,6,26,1845,1,1,1,1,6,01249,M,,,01
201500049701,15,7,3,2140,3,1,1,1,7,69199,M,,,69
201500049702,15,7,1,1310,1,1,1,1,3,69029,M,,,69
201500049703,15,7,6,1720,1,1,1,1,4,69029,M,,,69
201500049704,15,7,6,1715,1,1,1,1,2,69297,M,,,69
201500049705,15,7,3,1905,1,1,1,1,4,69297,M,,,69
201500049706,15,7,6,1700,1,1,1,1,6,38087,M,,,38
201500049707,15,7,4,920,1,1,1,1,6,69290,M,,,69
201500049708,15,6,30,1950,1,1,4,1,5,69282,M,,,69
201500049709,15,7,7,1800,1,1,1,1,4,69290,M,,,69
201500049710,15,6,19,1550,1,1,1,1,2,69275,M,,,69
201500049711,15,7,15,1215,1,1,1,1,2,69072,M,,,69
201500049712,15,7,12,1800,1,1,1,1,7,69005,M,,,69
201500049713,15,7,18,1805,1,1,1,3,6,69297,M,,,69
201500049714,15,7,19,1715,1,1,1,1,6,69272,M,,,69
201500049715,15,7,22,830,1,1,9,1,2,69199,M,,,69
201500049716,15,7,23,1227,1,1,1,1,3,69385,M,,,69
201500049717,15,7,21,1815,1,1,1,1,5,01376,M,,,01
201500049718,15,7,21,700,1,1,1,1,2,69277,M,,,69
201500049719,15,7,23,1530,1,1,1,1,3,69029,M,,,69
201500049720,15,7,30,1500,1,1,1,1,4,69290,M,,,69
201500049721,15,7,24,1900,1,1,1,3,2,01249,M,,,01
201500049722,15,7,31,1305,1,1,1,1,6,69199,M,,,69
201500049723,15,7,22,2230,4,1,1,1,3,69256,M,,,69
201500049724,15,8,8,1030,1,1,1,1,3,69297,M,,,69
201500049725,15,8,12,2030,1,1,1,1,3,69244,M,,,69
201500049726,15,8,13,1115,1,1,1,1,6,38487,M,,,38
201500049727,15,8,13,1645,1,1,1,2,4,69382,M,,,69
201500049728,15,8,9,100,3,1,1,2,6,01275,M,,,01
201500049729,15,7,18,1900,1,1,1,2,7,69290,M,,,69
201500049730,15,8,17,1150,1,1,1,1,5,69009,M,,,69
201500049731,15,7,10,2230,5,1,1,1,2,38544,M,,,38
201500049732,15,8,6,1400,1,1,1,1,2,69029,M,,,69
201500049733,15,8,19,930,1,1,1,1,7,69029,M,,,69
201500049734,15,8,20,305,3,1,1,1,4,69278,M,,,69
201500049735,15,8,22,1400,1,1,1,1,3,69266,M,,,69
201500049736,15,8,23,1605,1,1,1,2,7,69266,M,,,69
201500049737,15,8,24,1300,1,1,1,1,7,69266,M,,,69
201500049738,15,8,23,1600,1,1,1,1,6,69142,M,,,69
201500049739,15,8,24,2330,3,1,1,1,7,69294,M,,,69
201500049740,15,8,25,1125,1,1,1,1,3,69027,M,,,69
201500049741,15,7,22,1800,1,1,1,1,1,69029,M,,,69
201500049742,15,8,28,630,1,1,1,1,5,69271,M,,,69
201500049743,15,8,29,140,5,1,1,1,1,69029,M,,,69
201500049744,15,8,27,2300,5,1,1,1,2,69029,M,,,69
201500049745,15,8,30,400,5,1,1,1,7,69256,M,,,69
201500049746,15,8,28,1055,1,1,1,1,3,69199,M,,,69
201500049747,15,8,14,650,1,1,1,2,2,69266,M,,,69
201500049748,15,8,27,1700,1,1,1,1,2,69272,M,,,69
201500049749,15,8,28,1628,1,1,1,1,2,69281,M,,,69
201500049750,15,8,31,500,3,1,1,1,6,69034,M,,,69
201500049751,15,9,1,430,4,1,1,1,6,01275,M,,,01
201500049752,15,9,5,315,4,1,1,1,2,69275,M,,,69
201500049753,15,9,6,2025,4,1,1,1,2,69199,M,,,69
201500049754,15,7,23,1910,1,1,1,1,2,69290,M,,,69
201500049755,15,9,4,1550,1,1,1,1,1,69072,M,,,69
201500049756,15,9,11,1635,1,1,1,1,7,69259,M,,,69
201500049757,15,9,12,2100,3,1,9,3,3,69277,M,,,69
201500049758,15,9,12,2110,4,1,1,3,7,69266,M,,,69
201500049759,15,9,14,5,3,1,1,3,3,69297,M,,,69
201500049760,15,9,14,30,3,1,1,3,2,69389,M,,,69
201500049761,15,9,14,600,5,1,1,2,6,69199,M,,,69
201500049762,15,10,5,1300,1,1,1,2,7,69029,M,,,69
201500049763,15,9,16,2045,3,1,1,6,5,69163,M,,,69
201500049764,15,9,18,415,3,1,1,2,2,01238,M,,,01
201500049765,15,9,18,930,1,1,1,9,2,69034,M,,,69
201500049766,15,9,15,1815,1,1,1,1,3,69266,M,,,69
201500049767,15,9,19,225,5,1,1,1,1,69034,M,,,69
201500049768,15,9,17,1420,1,1,1,2,6,69199,M,,,69
201500049769,15,9,20,1700,1,1,1,1,3,38487,M,,,38
201500049770,15,9,4,1625,1,1,1,1,5,69259,M,,,69
201500049771,15,9,18,1529,1,1,1,1,2,69297,M,,,69
201500049772,15,7,7,1325,1,1,1,1,2,69266,M,,,69
201500049773,15,9,17,1615,1,1,1,1,2,69266,M,,,69
201500049774,15,10,4,140,4,1,1,8,6,69297,M,,,69
201500049775,15,9,25,800,1,1,1,1,7,38184,M,4565656.0,508485.0,38
201500049776,15,9,26,1220,1,1,1,1,3,69388,M,,,69
201500049777,15,9,27,615,5,1,1,1,7,69259,M,,,69
201500049778,15,9,18,1710,1,1,1,1,2,69259,M,,,69
201500049779,15,9,28,2000,2,1,1,1,7,69152,M,,,69
201500049780,15,10,1,800,1,1,1,1,4,69266,M,,,69
201500049781,15,9,29,1729,1,1,1,1,5,69149,M,,,69
201500049782,15,9,23,1800,1,1,1,1,4,69034,M,,,69
201500049783,15,10,3,1940,5,1,1,3,4,69276,M,,,69
201500049784,15,10,8,845,1,1,1,1,4,69275,M,,,69
201500049785,15,10,9,2000,4,1,1,1,4,69297,M,,,69
201500049786,15,10,11,530,5,1,1,1,6,69266,M,,,69
201500049787,15,10,12,1635,1,1,1,1,5,69266,M,,,69
201500049788,15,9,29,850,1,1,1,1,4,69283,M,,,69
201500049789,15,10,10,1000,1,1,1,1,7,69276,M,,,69
201500049790,15,10,16,1945,2,1,1,1,4,69266,M,,,69
201500049791,15,10,24,1445,1,1,1,1,1,69027,M,,,69
201500049792,15,10,8,540,3,1,1,1,4,69275,M,,,69
201500049793,15,10,23,1240,1,1,1,1,5,69266,M,,,69
201500049794,15,10,26,1820,5,1,1,1,4,69290,M,,,69
201500049795,15,10,26,1915,3,1,1,1,3,01249,M,,,01
201500049796,15,10,23,1620,1,1,1,1,5,69266,M,,,69
201500049797,15,10,23,1415,1,1,1,1,5,69275,M,,,69
201500049798,15,10,29,135,5,1,1,1,6,69266,M,,,69
201500049799,15,10,28,1740,1,1,1,1,7,69256,M,,,69
201500049800,15,10,12,1815,1,1,1,1,3,69273,M,,,69
201500049801,15,10,31,1550,1,1,1,1,2,69029,M,,,69
201500049802,15,11,2,1750,5,1,1,1,4,69259,M,,,69
201500049803,15,11,4,2045,3,1,1,1,2,69204,M,,,69
201500049804,15,11,6,1900,3,1,1,1,4,69296,M,,,69
201500049805,15,11,13,1600,1,1,1,1,3,69152,M,,,69
201500049806,15,11,5,710,5,1,1,5,4,69286,M,,,69
201500049807,15,11,13,1830,3,1,1,1,4,69029,M,,,69
201500049808,15,11,15,520,5,1,1,1,2,69382,M,,,69
201500049809,15,10,7,1540,1,1,1,1,6,69256,M,,,69
201500049810,15,11,21,220,3,1,1,3,2,69256,M,,,69
201500049811,15,11,21,1250,1,1,1,2,7,69029,M,,,69
201500049812,15,11,22,935,1,1,9,8,1,01376,M,,,01
201500049813,15,11,23,745,2,1,1,1,6,38336,M,4548562.0,483458.0,38
201500049814,15,11,16,705,3,1,1,1,7,69204,M,,,69
201500049815,15,11,22,1830,3,1,1,2,4,69266,M,,,69
201500049816,15,11,25,920,1,1,1,1,7,01275,M,,,01
201500049817,15,11,25,1430,1,1,1,2,6,01275,M,,,01
201500049818,15,11,26,120,3,1,1,1,3,69152,M,,,69
201500049819,15,12,5,1510,1,1,1,1,4,69290,M,,,69
201500049820,15,12,6,603,5,1,1,1,2,69382,M,,,69
201500049821,15,12,8,920,1,1,1,1,3,69294,M,,,69
201500049822,15,12,11,240,4,1,9,1,7,69276,M,,,69
201500049823,15,12,13,1800,3,1,1,1,4,69072,M,,,69
201500049824,15,12,13,1930,4,1,1,1,3,69286,M,,,69
201500049825,15,12,7,1655,1,1,1,1,7,69152,M,,,69
201500049826,15,12,15,1345,1,1,1,1,7,69385,M,,,69
201500049827,15,12,16,520,3,1,1,1,6,01275,M,,,01
201500049828,15,12,12,1930,3,1,1,1,7,69009,M,,,69
201500049829,15,12,17,1759,5,1,1,1,4,69029,M,,,69
201500049830,15,12,18,1440,1,1,1,1,2,69297,M,,,69
201500049831,15,12,16,810,1,1,1,1,1,69270,M,,,69
201500049832,15,12,23,2300,5,1,1,1,2,69152,M,,,69
201500049833,15,12,27,1045,1,1,1,1,4,69286,M,,,69
201500049834,15,1,5,1830,5,2,1,1,6,69389,M,4578070.0,479380.0,69
201500049835,15,1,6,1210,1,2,1,1,3,69081,M,,,69
201500049836,15,1,9,1250,1,2,2,1,3,69389,M,,,69
201500049837,15,1,13,1650,1,2,1,1,6,69389,M,4578610.0,479436.0,69
201500049838,15,1,28,1700,1,2,1,1,3,69081,M,,,69
201500049839,15,1,29,800,1,2,1,3,6,69389,M,,,69
201500049840,15,2,4,1010,1,2,1,1,6,69389,M,,,69
201500049841,15,2,10,1845,5,2,1,1,6,69389,M,,,69
201500049842,15,2,19,1030,1,2,1,1,3,69389,M,,,69
201500049843,15,2,26,1555,1,2,1,1,6,69389,M,,,69
201500049844,15,2,28,1155,1,2,1,1,2,69389,M,,,69
201500049845,15,3,10,900,1,2,1,1,3,69389,M,,,69
201500049846,15,3,11,1205,1,2,2,1,3,69081,M,,,69
201500049847,15,3,11,1545,1,2,1,1,3,69389,M,,,69
201500049848,15,3,14,1500,1,2,1,8,6,69389,M,,,69
201500049849,15,1,2,1355,1,1,1,1,5,83137,M,4312447.0,596683.0,83
201500049850,15,1,7,1540,1,1,1,1,4,83137,M,4313250.0,598194.0,83
201500049851,15,1,13,345,3,1,1,1,7,83047,M,4313319.0,605458.0,83
201500049852,15,1,17,2300,3,1,1,1,2,83137,M,4312419.0,596228.0,83
201500049853,15,1,20,800,1,1,1,2,7,83137,M,4312527.0,590789.0,83
201500049854,15,1,20,1730,1,1,1,2,4,83144,M,4313366.0,598525.0,83
201500049855,15,1,22,900,1,1,1,1,4,83129,M,4312019.0,584617.0,83
201500049856,15,1,24,1242,1,1,1,1,3,83144,M,4313416.0,598739.0,83
201500049857,15,1,31,2020,3,1,1,1,6,83035,M,4318472.0,576911.0,83
201500049858,15,2,8,545,5,1,1,1,3,83144,M,4313525.0,599086.0,83
201500049859,15,2,9,1420,1,1,1,1,6,83112,M,4319611.0,570253.0,83
201500049860,15,2,13,1630,1,1,1,1,2,83123,M,4314508.0,578497.0,83
201500049861,15,2,15,145,3,1,1,1,2,83047,M,4313169.0,606428.0,83
201500049862,15,2,16,745,1,1,1,2,7,83144,M,4314316.0,601081.0,83
201500049863,15,2,17,1845,2,1,1,1,2,83027,M,0.0,0.0,83
201500049864,15,2,19,915,1,1,1,1,4,83144,M,4314263.0,600847.0,83
201500049865,15,2,26,845,1,1,1,1,2,83137,M,4312219.0,595572.0,83
201500049866,15,2,27,1000,1,1,1,2,6,83047,M,4313169.0,606428.0,83
201500049867,15,3,1,2010,5,1,2,1,3,83137,M,4313230.0,598125.0,83
201500049868,15,3,7,545,3,1,1,1,2,83062,M,4314586.0,603131.0,83
201500049869,15,4,2,1659,1,1,1,1,2,83137,M,0.0,0.0,83
201500049870,15,4,4,1720,1,1,1,1,7,83069,M,4311563.0,611183.0,83
201500049871,15,4,8,1515,1,1,1,1,6,13028,M,,,13
201500049872,15,4,10,845,1,1,1,1,3,83090,M,4312235.0,583002.0,83
201500049873,15,4,15,1250,1,1,1,1,6,83035,M,4319632.0,576196.0,83
201500049874,15,4,18,1656,1,1,1,1,2,83137,M,4312261.0,595772.0,83
201500049875,15,4,25,1150,1,1,1,2,2,83144,M,4313355.0,598531.0,83
201500049876,15,4,25,1250,1,1,1,1,2,83027,M,4319300.0,568278.0,83
201500049877,15,4,25,2205,3,1,1,1,6,83069,M,0.0,0.0,83
201500049878,15,5,7,1354,1,1,1,1,2,83137,M,,,83
201500049879,15,5,9,257,3,1,1,1,6,83144,M,4314050.0,600033.0,83
201500049880,15,5,10,550,3,1,1,1,7,13028,M,,,13
201500049881,15,5,10,555,3,1,1,1,2,13028,M,,,13
201500049882,15,5,15,725,1,1,1,1,6,83137,M,4307360.0,553392.0,83
201500049883,15,5,21,920,1,1,1,1,5,83129,M,4312039.0,584336.0,83
201500049884,15,6,4,730,1,1,1,1,2,83144,M,4314113.0,600261.0,83
201500049885,15,6,5,1910,1,1,1,1,4,83144,M,4314032.0,599935.0,83
201500049886,15,6,9,1810,1,1,1,1,3,83144,M,0.0,0.0,83
201500049887,15,6,15,1351,1,1,1,1,2,83137,M,4313383.0,598059.0,83
201500049888,15,6,17,1210,1,1,9,1,2,83137,M,,,83
201500049889,15,6,18,810,1,1,1,1,7,83137,M,4312477.0,596727.0,83
201500049890,15,6,25,810,1,1,1,1,7,83144,M,4314194.0,600576.0,83
201500049891,15,6,27,1332,1,1,1,1,2,83123,M,4314645.0,577196.0,83
201500049892,15,7,6,1632,1,1,1,1,2,83137,M,,,83
201500049893,15,7,18,406,5,1,1,1,2,83137,M,4313027.0,597900.0,83
201500049894,15,7,20,1140,1,1,1,1,2,83069,M,,,83
201500049895,15,8,1,1957,1,1,1,1,2,83069,M,4311427.0,611683.0,83
201500049896,15,8,4,1742,1,1,1,1,2,83027,M,,,83
201500049897,15,8,16,602,5,1,1,1,2,83137,M,,,83
201500049898,15,8,26,1355,1,1,1,1,4,83137,M,,,83
201500049899,15,8,28,1605,1,1,1,1,7,83137,M,4312582.0,589790.0,83
201500049900,15,9,4,1640,1,1,1,1,5,83137,M,4312725.0,597474.0,83
201500049901,15,9,17,845,1,1,1,1,4,83137,M,4312219.0,595573.0,83
201500049902,15,9,29,1700,1,1,1,1,6,83090,M,4312354.0,582815.0,83
201500049903,15,9,30,830,1,1,1,1,7,83062,M,4314426.0,602727.0,83
201500049904,15,10,3,1150,1,1,1,2,7,83137,M,4312007.0,594906.0,83
201500049905,15,10,7,1840,2,1,1,1,4,83062,M,4314376.0,602058.0,83
201500049906,15,10,7,1942,5,1,1,1,3,83137,M,,,83
201500049907,15,10,10,305,3,1,1,1,6,13028,M,,,13
201500049908,15,10,10,720,2,1,1,1,3,83090,M,,,83
201500049909,15,10,19,1540,1,1,1,1,4,83137,M,4313294.0,598381.0,83
201500049910,15,10,19,2150,3,1,1,1,2,83144,M,4313739.0,599447.0,83
201500049911,15,10,23,1615,1,1,1,1,6,13028,M,,,13
201500049912,15,10,24,1930,4,1,1,1,5,83144,M,4314264.0,600846.0,83
201500049913,15,10,26,1400,1,1,1,1,3,83137,M,4312217.0,595574.0,83
201500049914,15,11,1,210,3,1,1,1,6,83137,M,4312667.0,589210.0,83
201500049915,15,11,6,2230,3,1,1,1,5,83144,M,4314252.0,600855.0,83
201500049916,15,11,9,1825,1,1,1,1,2,83144,M,4314261.0,600850.0,83
201500049917,15,11,17,740,2,1,1,1,3,83144,M,4313853.0,599657.0,83
201500049918,15,11,24,747,2,1,1,1,7,83123,M,4312222.0,595571.0,83
201500049919,15,11,27,825,1,1,1,1,4,83123,M,,,83
201500049920,15,12,1,830,1,1,1,1,2,83123,M,,,83
201500049921,15,12,2,830,1,1,1,1,5,83123,M,,,83
201500049922,15,12,2,834,1,1,1,1,2,83123,M,,,83
201500049923,15,12,2,1515,1,1,1,1,2,83144,M,4313690.0,598073.0,83
201500049924,15,12,7,750,2,1,1,1,3,83137,M,,,83
201500049925,15,12,7,1820,3,1,1,2,2,83062,M,,,83
201500049926,15,12,8,1745,2,1,1,1,4,83144,M,,,83
201500049927,15,12,10,1530,1,1,1,1,2,83137,M,,,83
201500049928,15,12,11,1206,1,1,1,1,5,13055,M,,,13
201500049929,15,12,16,755,1,1,1,1,3,83062,M,,,83
201500049930,15,3,7,1300,1,1,1,1,6,83137,M,0.0,0.0,83
201500049931,15,12,19,220,5,1,1,1,3,13055,M,,,13
201500049932,15,1,2,1415,1,1,1,1,3,13071,M,,,13
201500049933,15,1,3,520,3,1,1,1,6,13055,M,,,13
201500049934,15,1,3,2200,3,1,1,1,6,13056,M,,,13
201500049935,15,1,4,105,3,1,1,1,6,13106,M,,,13
201500049936,15,1,7,1215,1,1,1,1,6,13071,M,,,13
201500049937,15,1,6,930,1,1,1,1,6,13055,M,,,13
201500049938,15,1,7,1345,1,1,1,1,2,13070,M,,,13
201500049939,15,1,12,740,2,1,1,1,2,13055,M,,,13
201500049940,15,1,13,745,5,1,1,1,3,13055,M,,,13
201500049941,15,1,13,850,1,1,1,1,3,13055,M,,,13
201500049942,15,1,12,1645,1,1,1,1,2,13055,M,,,13
201500049943,15,1,15,1933,3,1,1,1,4,13055,M,,,13
201500049944,15,1,16,2050,3,1,1,2,1,13055,M,,,13
201500049945,15,1,11,910,1,1,1,1,6,13028,M,,,13
201500049946,15,1,17,1455,1,1,1,1,2,13015,M,,,13
201500049947,15,1,17,700,2,1,1,1,6,13026,M,,,13
201500049948,15,1,18,50,5,1,1,1,2,13055,M,,,13
201500049949,15,1,17,35,3,1,1,8,3,13022,M,,,13
201500049950,15,1,15,1600,1,1,1,1,2,13055,M,,,13
201500049951,15,1,19,1740,3,1,1,1,6,13055,M,,,13
201500049952,15,1,18,1930,3,1,1,1,2,13055,M,,,13
201500049953,15,1,19,2045,3,1,1,2,3,13055,M,,,13
201500049954,15,1,15,1933,1,1,1,1,3,13106,M,,,13
201500049955,15,1,20,1100,1,1,1,2,2,13033,M,,,13
201500049956,15,1,20,735,2,1,1,2,4,13055,M,,,13
201500049957,15,1,21,5,3,1,1,1,6,13085,M,,,13
201500049958,15,1,21,1245,1,1,1,3,6,13055,M,,,13
201500049959,15,1,19,1355,1,1,1,2,7,13019,M,,,13
201500049960,15,1,25,1645,1,1,1,1,6,13019,M,,,13
201500049961,15,1,7,1800,2,1,1,1,3,13055,M,,,13
201500049962,15,1,24,2005,3,1,1,1,4,13055,M,,,13
201500049963,15,1,25,1240,1,1,1,1,7,13056,M,,,13
201500049964,15,1,26,825,1,1,1,1,4,13117,M,,,13
201500049965,15,1,28,250,3,1,1,1,7,13001,M,,,13
201500049966,15,1,28,700,3,1,1,1,3,13001,M,,,13
201500049967,15,1,10,1745,4,1,1,1,4,13055,M,,,13
201500049968,15,1,25,1850,3,1,1,1,4,13071,M,,,13
201500049969,15,1,28,655,3,1,1,1,5,13001,M,,,13
201500049970,15,1,30,1430,1,1,1,1,4,13071,M,,,13
201500049971,15,1,16,2210,3,1,1,2,3,13106,M,,,13
201500049972,15,12,18,450,3,1,1,1,6,13055,M,,,13
201500049973,15,1,30,1207,1,1,1,1,5,13071,M,,,13
201500049974,15,12,23,900,1,1,1,2,6,13033,M,,,13
201500049975,15,1,18,15,3,1,1,1,5,13019,M,,,13
201500049976,15,2,2,735,1,1,1,1,4,13055,M,,,13
201500049977,15,1,30,1300,1,1,1,1,2,13055,M,,,13
201500049978,15,12,26,1615,1,1,1,1,2,13106,M,,,13
201500049979,15,2,4,2140,3,1,1,2,6,13055,M,,,13
201500049980,15,2,6,1152,1,1,1,1,6,13071,M,,,13
201500049981,15,2,6,619,3,1,1,1,6,13056,M,,,13
201500049982,15,2,8,500,3,1,1,1,6,13055,M,,,13
201500049983,15,2,8,450,3,1,1,1,6,13019,M,,,13
201500049984,15,2,8,2200,3,1,1,1,6,13055,M,,,13
201500049985,15,2,10,615,3,1,1,1,3,13106,M,,,13
201500049986,15,2,5,920,1,1,1,2,7,13055,M,,,13
201500049987,15,2,11,1145,1,1,1,1,2,13015,M,,,13
201500049988,15,2,11,1230,1,1,1,1,2,13005,M,,,13
201500049989,15,12,19,500,4,1,1,1,2,13015,M,,,13
201500049990,15,2,12,2015,3,1,1,1,3,13055,M,,,13
201500049991,15,2,13,2030,3,1,1,2,6,13055,M,,,13
201500049992,15,2,9,950,1,1,1,1,2,13071,M,,,13
201500049993,15,2,14,1035,1,1,1,4,4,13026,M,,,13
201500049994,15,2,14,1530,1,1,1,2,7,13055,M,,,13
201500049995,15,2,13,1355,1,1,1,1,2,13005,M,,,13
201500049996,15,2,15,1545,1,1,1,2,3,13055,M,,,13
201500049997,15,2,16,1940,5,1,1,1,4,13028,M,,,13
201500049998,15,2,17,930,1,1,1,2,2,13055,M,,,13