Num_Acc,an,mois,jour,hrmn,lum,agg,int,atm,col,com,gps,lat,long,dep
201500050416,15,11,24,2130,5,1,1,1,7,13055,M,0.0,0.0,13
201500050417,15,11,26,730,1,1,1,1,6,13015,M,,,13
201500050418,15,10,26,2125,3,1,1,1,2,13055,M,,,13
201500050419,15,11,27,1420,1,1,1,1,4,13055,M,0.0,0.0,13
201500050420,15,11,26,1945,5,1,1,1,6,13005,M,,,13
201500050421,15,11,27,1930,5,1,1,1,4,13055,M,,,13
201500050422,15,11,23,1515,1,1,1,1,7,13055,M,,,13
201500050423,15,11,28,1650,1,1,1,1,4,13106,M,,,13
201500050424,15,12,1,1335,1,1,1,1,2,13055,M,0.0,0.0,13
201500050425,15,11,30,2015,3,1,1,1,2,13055,M,0.0,0.0,13
201500050426,15,11,20,540,3,1,1,1,6,13022,M,,,13
201500050427,15,9,4,1215,1,1,1,1,7,13001,M,,,13
201500050428,15,11,15,1815,2,1,1,1,2,13055,M,,,13
201500050429,15,10,3,1915,2,1,1,2,6,13055,M,,,13
201500050430,15,12,3,1615,1,1,1,1,2,13055,M,,,13
201500050431,15,12,1,1810,2,1,1,1,4,13005,M,,,13
201500050432,15,12,4,1940,3,1,1,1,4,13071,M,0.0,0.0,13
201500050433,15,12,4,1830,3,1,1,1,2,13071,M,0.0,0.0,13
201500050434,15,12,6,530,3,1,1,2,5,13055,M,0.0,0.0,13
201500050435,15,12,6,1557,1,1,1,2,4,13055,M,0.0,0.0,13
201500050436,15,12,6,1650,2,1,1,2,7,13055,M,0.0,0.0,13
201500050437,15,12,6,1640,2,1,1,2,6,13071,M,0.0,0.0,13
201500050438,15,12,6,1825,2,1,1,2,4,13055,M,0.0,0.0,13
201500050439,15,12,7,1130,1,1,1,1,6,13055,M,,,13
201500050440,15,9,22,1735,1,1,1,1,6,13106,M,,,13
201500050441,15,10,30,1815,3,1,1,1,4,13106,M,,,13
201500050442,15,12,9,615,4,1,1,1,6,13055,M,,,13
201500050443,15,12,8,1450,1,1,1,2,3,13071,M,,,13
201500050444,15,12,10,911,1,1,1,1,2,13055,M,,,13
201500050445,15,12,10,905,1,1,9,1,4,13055,M,0.0,0.0,13
201500050446,15,12,9,1936,3,1,1,1,5,13001,M,,,13
201500050447,15,12,8,1300,1,1,1,1,3,13001,M,0.0,0.0,13
201500050448,15,12,13,2250,3,1,1,1,2,13071,M,,,13
201500050449,15,12,14,2135,3,1,1,1,2,13106,M,0.0,0.0,13
201500050450,15,12,14,1400,1,1,1,1,4,13071,M,,,13
201500050451,15,12,16,800,1,1,1,1,4,13055,M,0.0,0.0,13
201500050452,15,12,17,750,1,1,1,1,2,13056,M,0.0,0.0,13
201500050453,15,12,16,2100,3,1,1,1,1,13055,M,0.0,0.0,13
201500050454,15,12,19,445,3,1,1,1,6,13015,M,0.0,0.0,13
201500050455,15,12,18,1726,3,1,1,1,2,13071,M,0.0,0.0,13
201500050456,15,12,18,1828,3,1,1,1,4,13055,M,0.0,0.0,13
201500050457,15,12,19,435,3,1,1,1,7,13022,M,,,13
201500050458,15,12,11,1800,5,1,1,1,4,13028,M,,,13
201500050459,15,12,17,1530,1,1,1,1,2,13071,M,0.0,0.0,13
201500050460,15,12,18,1150,1,1,1,1,2,13070,M,,,13
201500050461,15,12,22,510,3,1,1,1,6,13015,M,0.0,0.0,13
201500050462,15,12,22,1532,1,1,1,1,2,13055,M,,,13
201500050463,15,12,23,825,1,1,1,8,6,13055,M,0.0,0.0,13
201500050464,15,12,23,745,2,1,1,2,7,13071,M,0.0,0.0,13
201500050465,15,12,23,1305,1,1,1,1,6,13055,M,0.0,0.0,13
201500050466,15,12,23,1740,2,1,1,2,7,13022,M,,,13
201500050467,15,12,23,250,3,1,1,1,6,13001,M,0.0,0.0,13
201500050468,15,12,23,1235,1,1,1,2,6,13085,M,,,13
201500050469,15,12,23,1240,1,1,1,2,2,13055,M,0.0,0.0,13
201500050470,15,12,25,1220,1,1,1,1,4,13055,M,0.0,0.0,13
201500050471,15,12,27,2110,3,1,1,1,2,13071,M,,,13
201500050472,15,12,27,2135,3,1,1,1,6,13071,M,,,13
201500050473,15,12,27,340,3,1,1,5,7,13085,M,,,13
201500050474,15,12,29,330,5,1,1,1,7,13055,M,0.0,0.0,13
201500050475,15,12,29,1938,3,1,1,1,2,13055,M,0.0,0.0,13
201500050476,15,12,30,840,1,1,1,1,2,13070,M,,,13
201500050477,15,12,30,1120,1,1,1,1,4,13055,M,,,13
201500050478,15,1,3,1420,1,2,7,2,7,75101,M,,,75
201500050479,15,1,5,1830,5,2,3,8,3,75101,M,,,75
201500050480,15,1,26,930,1,2,3,2,3,75101,M,,,75
201500050481,15,1,26,928,1,2,1,8,2,75101,M,,,75
201500050482,15,1,27,1915,5,2,1,1,3,75101,M,,,75
201500050483,15,1,23,1700,1,2,1,1,2,75101,M,,,75
201500050484,15,1,24,2140,5,2,3,1,3,75101,M,,,75
201500050485,15,2,2,945,1,2,5,2,6,75101,M,,,75
201500050486,15,2,2,1845,3,2,1,1,3,75101,M,,,75
201500050487,15,2,5,900,1,2,2,1,3,75101,M,,,75
201500050488,15,2,6,1458,1,2,2,1,3,75101,M,,,75
201500050489,15,2,13,1545,1,2,1,1,7,75101,M,,,75
201500050490,15,2,14,45,5,2,3,3,2,75101,M,,,75
201500050491,15,2,15,515,5,2,5,1,2,75101,M,,,75
201500050492,15,2,20,2235,5,2,1,2,4,75101,M,,,75
201500050493,15,2,23,1355,1,2,3,1,3,75101,M,,,75
201500050494,15,2,23,2050,5,2,3,8,6,75101,M,,,75
201500050495,15,2,26,2320,5,2,7,2,6,75101,M,,,75
201500050496,15,2,24,1330,1,2,1,1,6,75101,M,,,75
201500050497,15,3,5,1110,1,2,2,1,3,75101,M,,,75
201500050498,15,3,5,1515,1,2,5,1,3,75101,M,,,75
201500050499,15,3,6,920,1,2,1,1,2,75101,M,,,75
201500050500,15,3,7,740,1,2,2,1,2,75102,M,,,75
201500050501,15,3,12,103,5,2,3,1,6,75101,M,,,75
201500050502,15,3,24,1018,1,2,3,1,7,75101,M,,,75
201500050503,15,3,26,930,1,2,1,1,7,75101,M,,,75
201500050504,15,3,28,330,5,2,1,2,6,75101,M,,,75
201500050505,15,3,30,1010,1,2,4,1,3,75101,M,,,75
201500050506,15,3,30,1040,1,2,7,1,6,75101,M,,,75
201500050507,15,4,3,1225,1,2,3,8,6,75101,M,,,75
201500050508,15,4,3,1930,2,2,1,3,7,75101,M,,,75
201500050509,15,4,5,1525,1,2,1,1,3,75101,M,,,75
201500050510,15,4,9,1409,1,2,5,1,3,75101,M,,,75
201500050511,15,4,11,1520,1,2,7,1,3,75101,M,,,75
201500050512,15,4,12,1020,1,2,2,1,1,75101,M,,,75
201500050513,15,4,14,640,2,2,3,1,2,75101,M,,,75
201500050514,15,4,14,940,1,2,1,1,4,75101,M,,,75
201500050515,15,4,16,1300,1,2,2,1,3,75108,M,,,75
201500050516,15,4,20,1750,1,2,1,7,6,75109,M,,,75
201500050517,15,4,21,2145,5,2,4,1,7,75101,M,,,75
201500050518,15,4,25,1455,1,2,1,1,3,75101,M,,,75
201500050519,15,4,25,1655,1,2,2,2,3,75101,M,,,75
201500050520,15,4,27,1210,1,2,2,1,6,75101,M,,,75
201500050521,15,4,27,2130,5,2,2,1,6,75101,M,,,75
201500050522,15,4,30,1755,1,2,1,2,6,75101,M,,,75
201500050523,15,4,30,1745,1,2,7,2,7,75101,M,,,75
201500050524,15,5,1,600,5,2,2,2,2,75101,M,,,75
201500050525,15,5,2,1705,1,2,2,2,2,75101,M,,,75
201500050526,15,5,4,1825,1,2,1,2,2,75101,M,,,75
201500050527,15,5,5,900,1,2,1,2,7,75101,M,,,75
201500050528,15,5,6,1745,1,2,2,3,6,75101,M,,,75
201500050529,15,5,8,535,2,2,2,1,3,75101,M,,,75
201500050530,15,5,18,1120,1,2,3,1,6,75101,M,,,75
201500050531,15,5,18,1435,1,2,1,1,6,75101,M,,,75
201500050532,15,5,19,1225,1,2,2,1,7,75101,M,,,75
201500050533,15,5,19,2153,5,2,1,1,7,75101,M,,,75
201500050534,15,5,23,2025,1,2,2,1,2,75101,M,,,75
201500050535,15,5,31,1230,1,2,2,2,7,75101,M,,,75
201500050536,15,1,30,1300,1,2,3,1,7,75101,M,,,75
201500050537,15,2,11,900,1,2,3,1,7,75101,M,,,75
201500050538,15,6,4,1840,1,2,7,1,3,75101,M,,,75
201500050539,15,6,5,1230,1,2,2,1,6,75101,M,,,75
201500050540,15,6,12,1450,1,2,3,1,3,75101,M,,,75
201500050541,15,6,16,900,1,2,5,1,1,75101,M,,,75
201500050542,15,6,18,1005,1,2,2,1,6,75101,M,,,75
201500050543,15,6,22,1215,1,2,3,1,7,75101,M,,,75
201500050544,15,6,27,1810,1,2,1,1,6,75101,M,,,75
201500050545,15,6,29,1715,1,2,2,1,6,75101,M,,,75
201500050546,15,6,29,1815,1,2,1,1,2,75101,M,,,75
201500050547,15,6,30,1900,1,2,2,1,3,75101,M,,,75
201500050548,15,7,1,1010,1,2,5,1,6,75102,M,,,75
201500050549,15,7,1,2040,1,2,3,1,3,75101,M,,,75
201500050550,15,7,3,835,1,2,1,1,7,75101,M,,,75
201500050551,15,7,3,835,1,2,1,1,7,75101,M,,,75
201500050552,15,7,13,1510,1,2,1,1,6,75101,M,,,75
201500050553,15,7,14,50,5,2,5,1,3,75101,M,,,75
201500050554,15,7,15,1000,1,2,3,1,3,75101,M,,,75
201500050555,15,7,15,1030,1,2,7,1,2,75101,M,,,75
201500050556,15,7,15,2235,2,2,3,1,3,75101,M,,,75
201500050557,15,7,21,825,1,2,3,1,2,75101,M,,,75
201500050558,15,7,21,1240,1,2,2,1,3,75101,M,,,75
201500050559,15,7,28,2110,2,2,2,8,2,75101,M,,,75
201500050560,15,7,30,1250,1,2,1,1,6,75101,M,,,75
201500050561,15,8,2,1555,1,2,1,1,6,75101,M,,,75
201500050562,15,8,3,1425,1,2,2,1,3,75101,M,,,75
201500050563,15,8,7,1700,1,2,7,2,7,75101,M,,,75
201500050564,15,8,10,110,5,2,2,1,6,75101,M,,,75
201500050565,15,8,17,1607,1,2,7,1,6,75101,M,,,75
201500050566,15,8,22,250,5,2,2,1,2,75101,M,,,75
201500050567,15,8,28,930,1,2,2,1,4,75101,M,,,75
201500050568,15,8,29,1120,1,2,7,1,3,75104,M,,,75
201500050569,15,9,3,1420,1,2,7,1,6,75101,M,,,75
201500050570,15,9,4,2010,5,2,3,1,7,75101,M,,,75
201500050571,15,9,8,2000,2,2,1,1,6,75104,M,,,75
201500050572,15,9,9,640,1,2,4,1,6,75101,M,,,75
201500050573,15,9,9,1735,1,2,1,1,3,75101,M,,,75
201500050574,15,9,10,1345,1,2,2,1,3,75101,M,,,75
201500050575,15,9,14,1130,1,2,3,1,7,75103,M,,,75
201500050576,15,9,17,1530,1,2,4,1,3,75101,M,,,75
201500050577,15,9,22,2240,5,2,3,2,6,75101,M,,,75
201500050578,15,9,24,2310,5,2,1,2,2,75104,M,,,75
201500050579,15,9,27,30,5,2,2,1,6,75101,M,,,75
201500050580,15,10,9,1320,1,2,7,1,3,75101,M,,,75
201500050581,15,10,24,20,5,2,1,1,4,75101,M,,,75
201500050582,15,10,28,1015,1,2,3,8,7,75101,M,,,75
201500050583,15,10,29,1950,5,2,1,1,6,75101,M,,,75
201500050584,15,10,29,2350,5,2,1,1,6,75104,M,,,75
201500050585,15,11,1,1120,1,2,2,1,3,75101,M,,,75
201500050586,15,11,3,1810,5,2,1,1,6,75101,M,,,75
201500050587,15,11,5,1915,5,2,3,2,6,75101,M,,,75
201500050588,15,11,11,1347,1,2,2,1,3,75101,M,,,75
201500050589,15,11,15,1540,1,2,2,1,2,75101,M,,,75
201500050590,15,11,16,1645,1,2,4,1,6,75101,M,,,75
201500050591,15,11,18,1710,2,2,3,1,3,75101,M,,,75
201500050592,15,11,19,1730,5,2,2,1,3,75101,M,,,75
201500050593,15,11,20,1720,5,2,1,2,3,75101,M,,,75
201500050594,15,11,21,2300,5,2,2,1,3,75104,M,,,75
201500050595,15,11,25,950,1,2,1,2,7,75101,M,,,75
201500050596,15,11,25,1050,1,2,3,2,7,75101,M,,,75
201500050597,15,11,29,913,1,2,3,2,7,75102,M,,,75
201500050598,15,12,5,1735,5,2,1,1,3,75101,M,,,75
201500050599,15,12,7,25,5,2,1,1,6,75101,M,,,75
201500050600,15,12,15,1700,2,2,1,2,6,75101,M,,,75
201500050601,15,12,15,1800,5,2,2,3,3,75101,M,,,75
201500050602,15,12,17,930,1,2,3,1,3,75101,M,,,75
201500050603,15,12,17,1700,2,2,3,1,6,75101,M,,,75
201500050604,15,12,19,1655,5,2,2,1,6,75101,M,,,75
201500050605,15,12,19,1740,1,2,2,1,6,75101,M,,,75
201500050606,15,12,21,1615,1,2,2,1,3,75101,M,,,75
201500050607,15,12,28,1845,5,2,1,1,2,75101,M,,,75
201500050608,15,1,1,640,5,2,3,1,6,75102,M,,,75
201500050609,15,1,2,930,1,2,5,8,3,75102,M,,,75
201500050610,15,1,6,510,5,2,2,1,6,75102,M,,,75
201500050611,15,1,9,1510,1,2,3,1,4,75102,M,,,75
201500050612,15,1,17,2100,5,2,1,1,2,75102,M,,,75
201500050613,15,1,19,1130,1,2,2,1,3,75102,M,,,75
201500050614,15,2,3,1845,2,2,2,1,2,75109,M,,,75
201500050615,15,2,4,1002,1,2,2,1,3,75102,M,,,75
201500050616,15,2,5,1125,1,2,1,1,6,75102,M,,,75
201500050617,15,2,6,930,1,2,2,1,6,75109,M,,,75
201500050618,15,2,9,950,1,2,1,1,6,75102,M,,,75
201500050619,15,2,17,620,5,2,5,1,3,75102,M,,,75
201500050620,15,2,20,920,1,2,1,2,2,75102,M,,,75
201500050621,15,2,20,2245,4,2,1,2,7,75102,M,,,75
201500050622,15,2,22,240,4,2,5,1,6,75101,M,,,75
201500050623,15,2,23,1900,5,2,1,1,6,75109,M,,,75
201500050624,15,2,26,1850,5,2,1,3,7,75102,M,,,75
201500050625,15,2,28,2340,5,2,2,2,6,75102,M,,,75
201500050626,15,3,2,2323,5,2,2,1,7,75102,M,,,75
201500050627,15,3,4,1820,1,2,1,1,3,75102,M,,,75
201500050628,15,3,12,220,5,2,2,1,3,75102,M,,,75
201500050629,15,3,18,1445,1,2,2,1,3,75102,M,,,75
201500050630,15,3,18,1230,1,2,2,1,6,75102,M,,,75
201500050631,15,3,20,1310,1,2,2,1,6,75102,M,,,75
201500050632,15,3,25,1950,5,2,2,2,3,75102,M,,,75
201500050633,15,3,27,810,1,2,2,1,3,75102,M,,,75
201500050634,15,4,10,1955,5,2,1,1,6,75102,M,,,75
201500050635,15,4,10,2230,5,2,5,1,6,75110,M,,,75
201500050636,15,4,17,2325,5,2,2,1,3,75102,M,,,75
201500050637,15,4,23,1550,1,2,2,7,6,75102,M,,,75
201500050638,15,4,24,1900,1,2,1,1,6,75104,M,,,75
201500050639,15,5,1,1815,1,2,3,2,2,75102,M,,,75
201500050640,15,5,8,105,5,2,2,1,6,75102,M,,,75
201500050641,15,5,8,1455,1,2,5,1,6,75102,M,,,75
201500050642,15,5,9,1550,1,2,2,1,3,75102,M,,,75
201500050643,15,5,10,2110,2,2,5,1,3,75102,M,,,75
201500050644,15,5,15,1935,1,2,2,1,6,75102,M,,,75
201500050645,15,5,18,2125,5,2,7,2,3,75102,M,,,75
201500050646,15,5,27,1230,1,2,1,1,6,75102,M,,,75
201500050647,15,5,28,1220,1,2,7,1,4,75102,M,,,75
201500050648,15,5,31,1015,1,2,1,8,6,75102,M,,,75
201500050649,15,6,4,1323,1,2,5,1,3,75102,M,,,75
201500050650,15,6,7,1210,1,2,2,1,6,75102,M,,,75
201500050651,15,6,8,820,1,2,2,1,3,75102,M,,,75
201500050652,15,6,8,1825,1,2,2,1,1,75110,M,,,75
201500050653,15,6,9,1955,1,2,1,1,6,75101,M,,,75
201500050654,15,7,9,910,1,2,1,1,3,75102,M,,,75
201500050655,15,9,18,1630,1,2,2,3,3,75102,M,,,75
201500050656,15,6,5,1730,1,2,1,1,3,75102,M,,,75
201500050657,15,6,15,1750,1,2,3,1,6,75102,M,,,75
201500050658,15,6,16,1225,1,2,1,1,6,75103,M,,,75
201500050659,15,6,22,900,1,2,2,1,7,75103,M,,,75
201500050660,15,6,25,1730,1,2,1,1,6,75102,M,,,75
201500050661,15,6,26,1955,1,2,2,1,3,75102,M,,,75
201500050662,15,6,29,905,1,2,2,1,7,75102,M,,,75
201500050663,15,6,29,2110,2,2,2,1,7,75102,M,,,75
201500050664,15,7,1,925,1,2,3,1,6,75102,M,,,75
201500050665,15,7,4,2030,1,2,1,1,6,75102,M,,,75
201500050666,15,7,8,910,1,2,7,1,3,75102,M,,,75
201500050667,15,7,8,1605,1,2,2,1,6,75109,M,,,75
201500050668,15,7,10,900,1,2,2,1,3,75102,M,,,75
201500050669,15,7,29,950,1,2,5,1,6,75102,M,,,75
201500050670,15,7,29,1600,1,2,2,1,3,75102,M,,,75
201500050671,15,8,4,1945,1,2,7,1,2,75102,M,,,75
201500050672,15,8,6,1205,1,2,1,1,3,75102,M,,,75
201500050673,15,8,10,1235,1,2,2,1,7,75102,M,,,75
201500050674,15,8,12,1533,1,2,5,1,6,75102,M,,,75
201500050675,15,8,14,1740,1,2,1,7,7,75102,M,,,75
201500050676,15,8,11,1335,1,2,2,1,3,75103,M,,,75
201500050677,15,8,19,55,5,2,3,1,7,75102,M,,,75
201500050678,15,9,3,200,5,2,2,1,6,75103,M,,,75
201500050679,15,9,8,905,1,2,5,1,3,75102,M,,,75
201500050680,15,9,12,1140,1,2,3,8,2,75102,M,,,75
201500050681,15,9,13,2330,5,2,1,1,3,75104,M,,,75
201500050682,15,9,14,1655,1,2,1,1,6,75102,M,,,75
201500050683,15,9,15,1120,1,2,2,1,3,75102,M,,,75
201500050684,15,9,15,1715,1,2,1,1,6,75109,M,,,75
201500050685,15,9,16,1750,1,2,1,2,2,75102,M,,,75
201500050686,15,9,17,835,1,2,2,8,7,75102,M,,,75
201500050687,15,9,22,2005,5,2,2,2,7,75102,M,,,75
201500050688,15,9,23,1245,1,2,1,1,6,75102,M,,,75
201500050689,15,9,23,2015,5,2,1,1,2,75102,M,,,75
201500050690,15,9,24,1515,1,2,2,1,2,75102,M,,,75
201500050691,15,9,25,1630,1,2,2,1,3,75102,M,,,75
201500050692,15,9,28,1940,5,2,1,1,7,75102,M,,,75
201500050693,15,9,29,930,1,2,2,1,3,75102,M,,,75
201500050694,15,9,29,1155,1,2,4,1,3,75102,M,,,75
201500050695,15,9,30,2050,5,2,1,1,6,75104,M,,,75
201500050696,15,10,2,50,5,2,5,1,6,75102,M,,,75
201500050697,15,10,5,1050,1,2,7,1,6,75102,M,,,75
201500050698,15,10,7,1920,5,2,1,1,6,75102,M,,,75
201500050699,15,10,8,945,1,2,1,1,3,75102,M,,,75
201500050700,15,10,8,1230,1,2,1,1,6,75102,M,,,75
201500050701,15,10,15,2350,5,2,2,1,6,75102,M,,,75
201500050702,15,10,16,720,5,2,3,2,6,75109,M,,,75
201500050703,15,10,16,1330,1,2,7,2,6,75102,M,,,75
201500050704,15,10,17,1930,5,2,2,1,2,75109,M,,,75
201500050705,15,10,18,754,2,2,2,1,3,75102,M,,,75
201500050706,15,10,21,2110,5,2,1,2,7,75102,M,,,75
201500050707,15,10,21,2255,4,2,2,2,6,75102,M,,,75
201500050708,15,10,23,540,5,2,2,1,3,75110,M,,,75
201500050709,15,10,26,1830,2,2,2,1,7,75102,M,,,75
201500050710,15,10,31,20,5,2,2,1,5,75102,M,,,75
201500050711,15,11,1,540,5,2,2,1,6,75102,M,,,75
201500050712,15,10,31,2015,5,2,4,1,3,75102,M,,,75
201500050713,15,11,1,1745,5,2,1,1,6,75101,M,,,75
201500050714,15,11,3,910,1,2,3,2,7,75102,M,,,75
201500050715,15,11,4,1805,5,2,1,1,3,75102,M,,,75
201500050716,15,11,5,1730,2,2,1,1,3,75109,M,,,75
201500050717,15,11,5,2050,5,2,7,1,2,75101,M,,,75
201500050718,15,11,6,945,1,2,2,1,6,75102,M,,,75
201500050719,15,11,6,1610,1,2,7,2,6,75102,M,,,75
201500050720,15,11,10,1435,1,2,1,1,4,75101,M,,,75
201500050721,15,11,12,1030,1,2,2,1,3,75109,M,,,75
201500050722,15,11,16,1448,1,2,2,2,3,75102,M,,,75
201500050723,15,11,19,955,1,2,7,1,3,75102,M,,,75
201500050724,15,11,24,1705,2,2,2,2,3,75102,M,,,75
201500050725,15,11,24,2335,5,2,2,2,3,75102,M,,,75
201500050726,15,11,28,2140,5,2,2,1,6,75102,M,,,75
201500050727,15,12,3,1300,1,2,1,1,2,75102,M,,,75
201500050728,15,12,4,845,1,2,1,1,6,75101,M,,,75
201500050729,15,12,7,745,5,2,1,1,3,75109,M,,,75
201500050730,15,12,9,2100,5,2,7,1,3,75102,M,,,75
201500050731,15,12,13,20,5,2,2,1,3,75102,M,,,75
201500050732,15,12,13,1900,2,2,2,1,7,75101,M,,,75
201500050733,15,1,1,1530,1,2,2,1,6,75103,M,,,75
201500050734,15,1,13,22,5,2,5,1,6,75109,M,,,75
201500050735,15,1,15,115,5,2,3,2,6,75103,M,,,75
201500050736,15,1,18,615,5,2,2,1,6,75103,M,,,75
201500050737,15,1,20,1155,1,2,1,1,2,75103,M,,,75
201500050738,15,1,21,1340,1,2,2,1,7,75103,M,,,75
201500050739,15,1,21,1406,1,2,1,1,6,75103,M,,,75
201500050740,15,1,23,1510,1,2,1,1,7,75103,M,,,75
201500050741,15,1,24,240,5,2,3,1,6,75103,M,,,75
201500050742,15,1,24,1350,1,2,2,1,6,75103,M,,,75
201500050743,15,1,24,1850,5,2,3,1,6,75103,M,,,75
201500050744,15,1,29,1,5,2,3,1,3,75102,M,,,75
201500050745,15,1,29,1050,1,2,4,1,3,75103,M,,,75
201500050746,15,1,29,1810,5,2,5,1,6,75104,M,,,75
201500050747,15,2,3,30,5,2,7,1,6,75103,M,,,75
201500050748,15,2,7,2145,5,2,4,1,3,75103,M,,,75
201500050749,15,2,15,45,5,2,2,1,6,75103,M,,,75
201500050750,15,2,17,1915,5,2,1,1,6,75103,M,,,75
201500050751,15,2,18,1355,1,2,5,1,3,75103,M,,,75
201500050752,15,2,19,730,1,2,2,1,6,75103,M,,,75
201500050753,15,2,22,1410,1,2,2,1,6,75103,M,,,75
201500050754,15,2,23,930,1,2,3,1,3,75103,M,,,75
201500050755,15,2,25,1815,5,2,2,2,6,75103,M,,,75
201500050756,15,2,28,1345,1,2,2,1,6,75103,M,,,75
201500050757,15,3,2,1455,1,2,3,1,6,75103,M,,,75
201500050758,15,3,3,1525,1,2,1,1,6,75103,M,,,75
201500050759,15,3,4,1055,1,2,2,1,6,75103,M,,,75
201500050760,15,3,6,1400,1,2,3,1,6,75104,M,,,75
201500050761,15,3,9,1000,1,2,2,1,3,75103,M,,,75
201500050762,15,3,12,1245,1,2,2,1,3,75103,M,,,75
201500050763,15,3,23,1040,1,2,1,1,6,75103,M,,,75
201500050764,15,3,26,2335,5,2,3,1,2,75103,M,,,75
201500050765,15,3,28,1915,5,2,5,1,7,75103,M,,,75
201500050766,15,3,30,800,1,2,2,1,3,75103,M,,,75
201500050767,15,3,30,1420,1,2,2,1,6,75103,M,,,75
201500050768,15,4,7,1235,1,2,2,1,6,75103,M,,,75
201500050769,15,4,8,850,1,2,2,1,2,75103,M,,,75
201500050770,15,4,8,1745,1,2,1,1,6,75102,M,,,75
201500050771,15,4,13,1215,1,2,1,1,2,75103,M,,,75
201500050772,15,4,16,140,5,2,1,1,7,75103,M,,,75
201500050773,15,4,17,910,1,2,1,1,6,75103,M,,,75
201500050774,15,4,21,1220,1,2,2,1,4,75103,M,,,75
201500050775,15,4,22,945,1,2,1,1,6,75103,M,,,75
201500050776,15,4,30,620,2,2,2,2,6,75103,M,,,75
201500050777,15,5,1,40,5,2,2,2,2,75103,M,,,75
201500050778,15,5,6,1120,1,2,7,1,1,75103,M,,,75
201500050779,15,5,7,955,1,2,7,1,3,75103,M,,,75
201500050780,15,5,14,1505,1,2,1,3,7,75102,M,,,75
201500050781,15,5,24,2215,5,2,2,1,3,75103,M,,,75
201500050782,15,5,21,2145,4,2,1,1,6,75103,M,,,75
201500050783,15,5,25,1650,1,2,1,1,3,75103,M,,,75
201500050784,15,5,26,1150,1,2,1,1,3,75103,M,,,75
201500050785,15,5,27,1020,1,2,1,1,2,75103,M,,,75
201500050786,15,5,28,1600,1,2,4,1,6,75103,M,,,75
201500050787,15,5,31,1240,1,2,3,2,7,75103,M,4851407.0,221130.0,75
201500050788,15,6,3,1900,1,2,2,1,6,75101,M,,,75
201500050789,15,6,5,1920,1,2,5,1,3,75103,M,4851561.0,221246.0,75
201500050790,15,6,8,1545,1,2,1,1,7,75103,M,,,75
201500050791,15,6,10,1750,1,2,1,1,2,75103,M,4851556.0,221201.0,75
201500050792,15,6,11,1505,1,2,3,1,6,75103,M,,,75
201500050793,15,6,13,1725,1,2,1,1,6,75103,M,,,75
201500050794,15,6,16,1650,1,2,5,1,6,75109,M,,,75
201500050795,15,6,18,2140,2,2,2,1,6,75103,M,,,75
201500050796,15,6,22,1445,1,2,2,8,6,75103,M,4851277.0,222037.0,75
201500050797,15,6,23,1830,1,2,1,1,6,75103,M,4852011.0,221485.0,75
201500050798,15,6,28,430,5,2,2,1,3,75103,M,,,75
201500050799,15,6,30,1800,1,2,2,1,3,75103,M,4851460.0,221155.0,75
201500050800,15,7,10,1120,1,2,4,1,3,75109,M,,,75
201500050801,15,7,16,845,1,2,2,1,3,75103,M,,,75
201500050802,15,7,18,110,5,2,3,1,3,75103,M,,,75
201500050803,15,7,19,1150,1,2,1,1,6,75103,M,,,75
201500050804,15,7,21,1745,1,2,1,1,7,75103,M,,,75
201500050805,15,7,23,1000,1,2,2,1,2,75103,M,,,75
201500050806,15,7,24,1405,1,2,4,1,7,75103,M,,,75
201500050807,15,7,29,1000,1,2,1,1,2,75103,M,,,75
201500050808,15,7,31,1150,1,2,5,1,6,75103,M,,,75
201500050809,15,7,31,1435,1,2,1,1,6,75109,M,,,75
201500050810,15,8,3,1450,1,2,2,1,6,75103,M,,,75
201500050811,15,8,12,925,1,2,2,1,6,75103,M,,,75
201500050812,15,8,15,1130,1,2,2,8,6,75103,M,,,75
201500050813,15,8,24,1350,1,2,5,2,7,75103,M,,,75
201500050814,15,8,29,1530,1,2,3,1,2,75103,M,,,75
201500050815,15,8,31,1210,1,2,2,1,3,75103,M,,,75
201500050816,15,8,31,1745,1,2,2,1,6,75103,M,,,75
201500050817,15,9,3,125,5,2,1,1,6,75103,M,,,75
201500050818,15,9,4,1715,1,2,1,1,3,75103,M,,,75
201500050819,15,9,8,1530,1,2,3,1,3,75103,M,,,75
201500050820,15,9,10,1635,1,2,2,1,6,75103,M,,,75
201500050821,15,9,10,1800,1,2,5,1,2,75103,M,,,75
201500050822,15,9,17,1745,1,2,3,1,6,75103,M,,,75
201500050823,15,9,18,2220,5,2,3,2,6,75103,M,,,75
201500050824,15,9,22,1610,1,2,3,2,7,75103,M,,,75
201500050825,15,9,23,1730,1,2,3,1,2,75110,M,,,75
201500050826,15,9,29,930,1,2,2,1,2,75103,M,,,75
201500050827,15,10,1,2312,5,2,4,1,3,75103,M,,,75
201500050828,15,10,2,930,1,2,7,1,3,75103,M,,,75
201500050829,15,10,3,220,5,2,3,1,2,75103,M,,,75
201500050830,15,10,1,1935,2,2,2,1,3,75103,M,,,75
201500050831,15,10,5,1555,1,2,7,3,6,75103,M,,,75
201500050832,15,10,5,1820,2,2,1,3,3,75103,M,,,75
201500050833,15,10,6,800,1,2,2,3,6,75103,M,,,75
201500050834,15,10,9,925,1,2,5,7,2,75103,M,,,75
201500050835,15,10,9,1100,1,2,1,1,3,75103,M,,,75
201500050836,15,10,10,1330,1,2,3,1,6,75103,M,,,75
201500050837,15,10,14,1440,1,2,2,1,3,75103,M,,,75
201500050838,15,10,23,1140,1,2,2,1,2,75103,M,,,75
201500050839,15,10,26,828,1,2,1,1,6,75103,M,,,75
201500050840,15,10,28,913,1,2,1,1,7,75103,M,,,75
201500050841,15,10,31,1825,3,2,3,1,6,75103,M,,,75
201500050842,15,11,8,2340,5,2,1,1,6,75103,M,,,75
201500050843,15,11,12,1020,1,2,1,1,6,75103,M,,,75
201500050844,15,11,13,1250,1,2,4,1,3,75103,M,,,75