Num_Acc,an,mois,jour,hrmn,lum,agg,int,atm,col,com,gps,lat,long,dep
201500051280,15,8,1,1540,1,2,2,1,3,75106,M,,,75
201500051281,15,8,2,145,5,2,7,1,6,75106,M,,,75
201500051282,15,8,3,450,5,2,7,1,6,75106,M,,,75
201500051283,15,8,7,101,5,2,5,1,6,75106,M,,,75
201500051284,15,8,17,920,1,2,5,1,3,75106,M,,,75
201500051285,15,8,20,1154,1,2,2,2,6,75106,M,,,75
201500051286,15,8,24,900,1,2,2,2,2,75106,M,,,75
201500051287,15,8,24,1645,1,2,3,2,6,75106,M,,,75
201500051288,15,8,27,1445,1,2,7,3,7,75106,M,,,75
201500051289,15,8,30,1725,1,2,3,1,4,75106,M,,,75
201500051290,15,8,31,1905,1,2,4,1,6,75106,M,,,75
201500051291,15,9,1,1645,1,2,2,1,6,75106,M,,,75
201500051292,15,9,4,1530,1,2,3,1,6,75106,M,,,75
201500051293,15,9,9,1,5,2,7,1,3,75106,M,,,75
201500051294,15,9,9,1630,1,2,1,1,6,75106,M,,,75
201500051295,15,9,10,1330,1,2,3,1,6,75106,M,,,75
201500051296,15,9,10,2040,5,2,2,1,3,75106,M,,,75
201500051297,15,9,12,1045,1,2,1,8,6,75106,M,,,75
201500051298,15,9,15,1100,1,2,3,1,3,75106,M,,,75
201500051299,15,9,18,920,1,2,2,1,2,75106,M,,,75
201500051300,15,9,23,1330,1,2,1,1,2,75106,M,,,75
201500051301,15,9,23,1645,1,2,1,1,6,75106,M,,,75
201500051302,15,9,24,745,1,2,2,1,3,75106,M,,,75
201500051303,15,9,25,1705,1,2,2,1,3,75106,M,,,75
201500051304,15,9,30,1110,1,2,1,1,6,75106,M,,,75
201500051305,15,10,1,740,1,2,1,1,7,75105,M,,,75
201500051306,15,10,2,1725,1,2,5,1,6,75106,M,,,75
201500051307,15,10,8,1745,1,2,1,1,6,75106,M,,,75
201500051308,15,10,9,2050,5,2,1,1,6,75106,M,,,75
201500051309,15,10,9,1320,1,2,7,1,2,75106,M,,,75
201500051310,15,10,13,1620,1,2,2,1,3,75106,M,,,75
201500051311,15,10,14,1036,1,2,2,1,6,75106,M,,,75
201500051312,15,10,16,1300,1,2,1,2,4,75106,M,,,75
201500051313,15,10,16,1340,1,2,1,2,6,75105,M,,,75
201500051314,15,10,16,1650,1,2,2,2,4,75106,M,,,75
201500051315,15,10,18,1135,1,2,2,1,6,75106,M,,,75
201500051316,15,10,19,1610,1,2,2,1,6,75106,M,,,75
201500051317,15,10,21,1950,5,2,3,1,2,75106,M,,,75
201500051318,15,10,24,1735,1,2,2,1,3,75106,M,,,75
201500051319,15,10,26,847,1,2,3,1,6,75106,M,,,75
201500051320,15,10,28,925,1,2,5,8,7,75106,M,,,75
201500051321,15,10,30,1015,1,2,3,1,3,75105,M,,,75
201500051322,15,10,31,1730,5,2,2,1,6,75106,M,,,75
201500051323,15,11,1,1630,1,2,7,1,6,75106,M,,,75
201500051324,15,11,4,1505,1,2,7,1,6,75106,M,,,75
201500051325,15,11,6,1700,1,2,1,8,6,75106,M,,,75
201500051326,15,11,10,2045,5,2,2,1,6,75106,M,,,75
201500051327,15,11,11,1950,5,2,3,1,6,75106,M,,,75
201500051328,15,11,12,1110,1,2,5,1,3,75106,M,,,75
201500051329,15,11,13,1015,1,2,4,1,6,75106,M,,,75
201500051330,15,11,15,1510,1,2,7,1,6,75106,M,,,75
201500051331,15,11,17,2345,5,2,5,1,2,75106,M,,,75
201500051332,15,11,19,1825,5,2,2,2,3,75105,M,,,75
201500051333,15,11,23,830,2,2,1,1,2,75106,M,,,75
201500051334,15,11,25,1751,5,2,5,2,6,75106,M,,,75
201500051335,15,11,29,410,5,2,2,2,3,75106,M,,,75
201500051336,15,12,2,1325,1,2,1,1,6,75106,M,,,75
201500051337,15,12,3,1300,1,2,2,1,7,75106,M,,,75
201500051338,15,12,4,1130,1,2,2,7,6,75106,M,,,75
201500051339,15,12,5,210,5,2,5,1,1,75106,M,,,75
201500051340,15,12,7,1000,1,2,1,1,3,75106,M,,,75
201500051341,15,12,8,920,1,2,2,1,6,75106,M,,,75
201500051342,15,12,11,2000,5,2,1,8,6,75106,M,,,75
201500051343,15,12,12,1010,1,2,1,1,3,75106,M,,,75
201500051344,15,12,11,2100,5,2,5,1,3,75106,M,,,75
201500051345,15,12,14,1740,5,2,5,1,3,75106,M,,,75
201500051346,15,12,14,2015,5,2,1,1,6,75106,M,,,75
201500051347,15,12,16,2010,5,2,2,8,3,75106,M,,,75
201500051348,15,12,19,201,5,2,2,1,6,75106,M,,,75
201500051349,15,12,19,1530,1,2,5,1,4,75106,M,,,75
201500051350,15,12,21,1730,5,2,2,2,6,75106,M,,,75
201500051351,15,12,23,1900,5,2,2,1,6,75106,M,,,75
201500051352,15,12,31,1350,1,2,3,1,6,75106,M,,,75
201500051353,15,1,4,1740,5,2,7,1,6,75107,M,,,75
201500051354,15,1,14,915,1,2,3,1,3,75107,M,,,75
201500051355,15,1,15,2325,5,2,1,1,6,75107,M,,,75
201500051356,15,1,18,718,2,2,2,1,3,75107,M,,,75
201500051357,15,1,19,1710,2,2,7,1,6,75107,M,,,75
201500051358,15,1,22,1037,1,2,1,1,1,75107,M,,,75
201500051359,15,1,23,1230,1,2,2,1,6,75107,M,,,75
201500051360,15,1,25,630,2,2,3,1,1,75107,M,,,75
201500051361,15,1,25,1955,5,2,1,1,1,75107,M,,,75
201500051362,15,1,29,2115,5,2,4,2,3,75107,M,,,75
201500051363,15,1,30,1430,1,2,1,1,4,75107,M,,,75
201500051364,15,1,31,535,5,2,3,2,6,75107,M,,,75
201500051365,15,2,6,1555,1,2,5,1,6,75107,M,,,75
201500051366,15,2,7,1110,1,2,1,1,6,75115,M,,,75
201500051367,15,2,9,845,2,2,1,1,6,75107,M,,,75
201500051368,15,2,9,925,1,2,7,1,7,75107,M,,,75
201500051369,15,2,13,1930,5,2,2,2,7,75107,M,,,75
201500051370,15,2,15,415,5,2,3,1,6,75107,M,,,75
201500051371,15,2,19,610,5,2,1,1,3,75115,M,,,75
201500051372,15,2,20,1715,1,2,3,2,6,75107,M,,,75
201500051373,15,2,22,1615,1,2,5,1,3,75107,M,,,75
201500051374,15,2,24,930,1,2,7,1,3,75107,M,,,75
201500051375,15,2,25,1215,1,2,1,8,6,75107,M,,,75
201500051376,15,2,25,1900,5,2,7,2,3,75107,M,,,75
201500051377,15,3,4,330,5,2,1,1,6,75107,M,,,75
201500051378,15,3,4,1335,1,2,3,1,2,75107,M,,,75
201500051379,15,3,6,220,5,2,7,1,6,75107,M,,,75
201500051380,15,3,7,1745,1,2,1,1,6,75107,M,,,75
201500051381,15,3,8,2345,5,2,2,1,6,75107,M,,,75
201500051382,15,3,9,1650,1,2,1,2,3,75107,M,,,75
201500051383,15,3,11,1210,1,2,1,1,6,75107,M,,,75
201500051384,15,3,17,1310,1,2,2,1,6,75107,M,,,75
201500051385,15,3,18,2150,3,2,1,1,7,75107,M,,,75
201500051386,15,3,20,1315,1,2,2,1,3,75107,M,,,75
201500051387,15,3,24,1847,5,2,3,2,7,75107,M,,,75
201500051388,15,3,25,1945,5,2,1,1,6,75107,M,,,75
201500051389,15,3,29,1255,1,2,2,1,3,75107,M,,,75
201500051390,15,4,3,2110,5,2,5,2,6,75107,M,,,75
201500051391,15,4,4,2225,5,2,2,2,3,75107,M,,,75
201500051392,15,4,7,1230,1,2,5,1,7,75107,M,,,75
201500051393,15,4,8,810,1,2,1,1,6,75107,M,,,75
201500051394,15,4,10,900,1,2,2,1,3,75114,M,,,75
201500051395,15,4,13,1505,1,2,1,1,3,75107,M,,,75
201500051396,15,4,15,1345,1,2,2,1,2,75107,M,,,75
201500051397,15,4,16,2139,5,2,1,1,2,75107,M,,,75
201500051398,15,4,18,605,5,2,1,1,6,75107,M,,,75
201500051399,15,4,19,1510,1,2,6,3,4,75107,M,,,75
201500051400,15,4,20,915,1,2,2,1,6,75113,M,,,75
201500051401,15,4,23,2100,1,2,1,1,3,75107,M,,,75
201500051402,15,4,25,320,5,2,1,2,6,75107,M,,,75
201500051403,15,4,25,1005,1,2,2,1,6,75107,M,,,75
201500051404,15,4,28,1750,1,2,7,1,3,75107,M,,,75
201500051405,15,4,28,1840,1,2,3,1,3,75107,M,,,75
201500051406,15,5,1,1915,1,2,1,1,7,75107,M,,,75
201500051407,15,5,4,1035,1,2,3,1,6,75107,M,,,75
201500051408,15,5,6,805,1,2,2,1,5,75107,M,,,75
201500051409,15,5,7,2010,5,2,7,1,3,75107,M,,,75
201500051410,15,5,8,540,2,2,7,1,6,75107,M,,,75
201500051411,15,5,10,130,5,2,1,1,6,75107,M,,,75
201500051412,15,5,13,1155,1,2,3,1,3,75107,M,,,75
201500051413,15,5,16,1935,1,2,2,1,6,75107,M,,,75
201500051414,15,5,20,1412,1,2,2,1,6,75107,M,,,75
201500051415,15,5,20,1745,1,2,3,1,6,75107,M,,,75
201500051416,15,5,22,1240,1,2,2,1,6,75107,M,,,75
201500051417,15,5,25,1040,1,2,3,2,6,75107,M,,,75
201500051418,15,5,26,1000,1,2,1,1,3,75107,M,,,75
201500051419,15,5,26,1055,1,2,3,1,2,75107,M,,,75
201500051420,15,5,31,245,5,2,1,1,6,75115,M,,,75
201500051421,15,6,2,1420,1,2,2,1,6,75107,M,,,75
201500051422,15,6,2,1550,1,2,2,1,3,75107,M,,,75
201500051423,15,6,2,1220,1,2,1,1,3,75107,M,,,75
201500051424,15,6,5,830,1,2,2,1,6,75107,M,,,75
201500051425,15,6,4,2127,2,2,5,1,7,75107,M,,,75
201500051426,15,6,6,1720,1,2,2,1,3,75107,M,,,75
201500051427,15,6,8,1415,1,2,1,2,6,75107,M,,,75
201500051428,15,6,8,1510,1,2,4,1,7,75107,M,,,75
201500051429,15,6,8,2040,1,2,2,1,3,75107,M,,,75
201500051430,15,6,9,1130,1,2,7,1,2,75107,M,,,75
201500051431,15,6,9,1730,1,2,3,1,2,75107,M,,,75
201500051432,15,6,11,852,1,2,3,1,1,75107,M,,,75
201500051433,15,6,12,755,1,2,1,1,2,75107,M,,,75
201500051434,15,6,12,1540,1,2,3,1,1,75107,M,,,75
201500051435,15,6,12,1805,1,2,2,1,6,75107,M,,,75
201500051436,15,6,17,1145,1,2,2,1,3,75107,M,,,75
201500051437,15,6,17,1746,1,2,1,1,6,75107,M,,,75
201500051438,15,6,18,1020,1,2,2,1,6,75107,M,,,75
201500051439,15,6,21,2055,2,2,1,1,3,75107,M,,,75
201500051440,15,6,25,1100,1,2,3,1,3,75107,M,,,75
201500051441,15,6,25,1429,1,2,7,1,2,75115,M,,,75
201500051442,15,6,27,1445,1,2,2,1,6,75107,M,,,75
201500051443,15,6,30,1700,1,2,1,1,3,75107,M,,,75
201500051444,15,7,2,205,5,2,1,1,6,75107,M,,,75
201500051445,15,7,2,1155,1,2,3,1,6,75107,M,,,75
201500051446,15,7,6,745,1,2,5,1,6,75107,M,,,75
201500051447,15,7,6,1520,1,2,1,1,2,75107,M,,,75
201500051448,15,7,7,1725,1,2,5,1,3,75107,M,,,75
201500051449,15,7,8,1255,1,2,2,1,3,75107,M,,,75
201500051450,15,7,8,2205,5,2,7,1,3,75107,M,,,75
201500051451,15,7,13,855,1,2,1,1,3,75107,M,,,75
201500051452,15,7,15,830,1,2,2,1,6,75107,M,,,75
201500051453,15,7,16,1425,1,2,1,1,6,75107,M,,,75
201500051454,15,7,17,750,1,2,7,1,7,75107,M,,,75
201500051455,15,7,25,1350,1,2,1,1,6,75107,M,,,75
201500051456,15,7,26,1835,1,2,3,2,7,75107,M,,,75
201500051457,15,7,28,140,5,2,3,1,7,75107,M,,,75
201500051458,15,8,2,1850,1,2,1,1,6,75107,M,,,75
201500051459,15,8,3,1545,1,2,7,1,3,75107,M,,,75
201500051460,15,8,4,2255,5,2,2,1,6,75107,M,,,75
201500051461,15,8,7,1227,1,2,5,1,6,75107,M,,,75
201500051462,15,8,9,2225,5,2,3,1,3,75107,M,,,75
201500051463,15,8,11,2255,5,2,7,1,6,75107,M,,,75
201500051464,15,8,13,2040,2,2,3,2,3,75115,M,,,75
201500051465,15,8,16,227,5,2,7,1,6,75107,M,,,75
201500051466,15,8,21,950,1,2,3,1,6,75107,M,,,75
201500051467,15,8,26,845,1,2,2,1,2,75107,M,,,75
201500051468,15,8,29,1232,1,2,2,1,3,75107,M,,,75
201500051469,15,8,31,2315,5,2,1,1,2,75107,M,,,75
201500051470,15,9,2,1430,1,2,2,1,2,75107,M,,,75
201500051471,15,9,4,1945,1,2,2,8,3,75107,M,,,75
201500051472,15,9,5,1035,1,2,5,1,6,75107,M,,,75
201500051473,15,9,5,1135,1,2,1,1,6,75115,M,,,75
201500051474,15,9,7,1340,1,2,2,1,6,75107,M,,,75
201500051475,15,9,9,901,1,2,7,1,3,75107,M,,,75
201500051476,15,9,9,2230,5,2,1,1,7,75107,M,,,75
201500051477,15,9,10,2210,5,2,3,1,6,75107,M,,,75
201500051478,15,9,11,1130,1,2,3,1,2,75107,M,,,75
201500051479,15,9,15,1542,1,2,1,1,6,75107,M,,,75
201500051480,15,9,16,1022,1,2,7,3,7,75107,M,,,75
201500051481,15,9,19,1707,1,2,1,1,6,75107,M,,,75
201500051482,15,9,20,925,1,2,5,1,6,75107,M,,,75
201500051483,15,9,20,1840,1,2,2,1,6,75107,M,,,75
201500051484,15,9,21,1800,1,2,5,1,7,75107,M,,,75
201500051485,15,9,29,1620,1,2,1,1,3,75107,M,,,75
201500051486,15,10,1,1115,1,2,1,1,6,75107,M,,,75
201500051487,15,10,6,1035,1,2,1,2,2,75115,M,,,75
201500051488,15,10,10,1700,1,2,1,1,3,75107,M,,,75
201500051489,15,10,13,1830,2,2,5,1,3,75107,M,,,75
201500051490,15,10,14,915,1,2,1,1,7,75107,M,,,75
201500051491,15,10,15,1855,2,2,7,1,3,75107,M,,,75
201500051492,15,10,16,2300,5,2,1,2,2,75107,M,,,75
201500051493,15,10,17,1713,1,2,1,2,4,75107,M,,,75
201500051494,15,10,20,1515,1,2,3,1,4,75107,M,,,75
201500051495,15,10,22,830,1,2,1,8,3,75107,M,,,75
201500051496,15,10,23,1025,1,2,3,1,3,75107,M,,,75
201500051497,15,10,23,1910,5,2,1,1,2,75107,M,,,75
201500051498,15,10,24,1540,1,2,5,1,3,75107,M,,,75
201500051499,15,11,1,1635,1,2,2,1,6,75107,M,,,75
201500051500,15,11,2,1645,1,2,3,1,6,75107,M,,,75
201500051501,15,11,3,2335,5,2,2,2,3,75107,M,,,75
201500051502,15,11,4,1245,1,2,5,1,3,75107,M,,,75
201500051503,15,11,4,1420,1,2,7,1,3,75107,M,,,75
201500051504,15,11,6,1808,5,2,7,8,6,75107,M,,,75
201500051505,15,11,8,2300,5,2,2,1,3,75107,M,,,75
201500051506,15,11,10,2235,5,2,3,1,7,75107,M,,,75
201500051507,15,11,12,1355,1,2,1,8,7,75107,M,,,75
201500051508,15,11,12,1520,1,2,5,8,7,75107,M,,,75
201500051509,15,11,17,2320,5,2,2,2,3,75107,M,,,75
201500051510,15,11,17,52,5,2,7,2,3,75107,M,,,75
201500051511,15,11,17,630,5,2,2,2,3,75107,M,,,75
201500051512,15,11,19,1200,1,2,2,2,2,75107,M,,,75
201500051513,15,11,21,1905,5,2,2,2,6,75107,M,,,75
201500051514,15,11,24,1125,1,2,3,3,2,75107,M,,,75
201500051515,15,11,24,1043,1,2,1,1,7,75107,M,,,75
201500051516,15,11,24,1800,5,2,7,2,6,75107,M,,,75
201500051517,15,11,30,1150,1,2,4,1,6,75107,M,,,75
201500051518,15,12,2,1555,1,2,7,1,3,75107,M,,,75
201500051519,15,12,5,1250,1,2,2,1,3,75107,M,,,75
201500051520,15,12,5,1450,1,2,4,1,6,75107,M,,,75
201500051521,15,12,12,1635,1,2,7,1,7,75107,M,,,75
201500051522,15,12,21,1855,5,2,5,2,3,75107,M,,,75
201500051523,15,12,23,1535,1,2,2,1,2,75107,M,,,75
201500051524,15,12,29,945,1,2,5,2,7,75107,M,,,75
201500051525,15,1,5,2015,5,2,7,1,3,75108,M,,,75
201500051526,15,1,6,710,2,2,1,8,6,75108,M,,,75
201500051527,15,1,7,2010,5,2,3,1,3,75108,M,,,75
201500051528,15,1,8,1035,1,2,3,1,2,75108,M,,,75
201500051529,15,1,9,745,1,2,1,2,6,75116,M,,,75
201500051530,15,1,11,915,1,2,2,1,6,75108,M,,,75
201500051531,15,1,14,1950,5,2,7,1,6,75108,M,,,75
201500051532,15,1,15,1315,1,2,3,2,6,75108,M,,,75
201500051533,15,1,15,1750,5,2,2,2,7,75108,M,,,75
201500051534,15,1,15,1940,5,2,2,1,3,75108,M,,,75
201500051535,15,1,16,1915,5,2,3,2,4,75108,M,,,75
201500051536,15,1,17,215,5,2,1,1,2,75108,M,,,75
201500051537,15,1,17,1210,1,2,2,1,3,75108,M,,,75
201500051538,15,1,17,545,5,2,1,1,2,75108,M,,,75
201500051539,15,1,18,500,5,2,3,1,3,75108,M,,,75
201500051540,15,1,19,1845,5,2,1,1,6,75108,M,,,75
201500051541,15,1,19,2110,5,2,7,1,3,75108,M,,,75
201500051542,15,1,20,820,1,2,5,1,7,75108,M,,,75
201500051543,15,1,20,1800,5,2,7,1,6,75108,M,,,75
201500051544,15,1,20,1905,5,2,2,1,3,75108,M,,,75
201500051545,15,1,21,1230,1,2,3,1,6,75108,M,,,75
201500051546,15,1,22,2340,5,2,3,1,6,75108,M,,,75
201500051547,15,1,23,300,5,2,1,1,7,75108,M,,,75
201500051548,15,1,23,1250,1,2,1,1,6,75108,M,,,75
201500051549,15,1,26,2338,5,2,7,1,3,75108,M,,,75
201500051550,15,1,27,920,1,2,7,1,3,75108,M,,,75
201500051551,15,1,27,1035,1,2,7,1,2,75108,M,,,75
201500051552,15,1,29,2100,5,2,7,1,6,75108,M,,,75
201500051553,15,1,30,1430,1,2,2,2,6,75108,M,,,75
201500051554,15,1,31,55,5,2,1,2,6,75108,M,,,75
201500051555,15,2,3,1925,5,2,4,1,6,75109,M,,,75
201500051556,15,2,4,1530,1,2,3,1,2,75108,M,,,75
201500051557,15,2,5,900,1,2,2,1,3,75108,M,,,75
201500051558,15,2,5,1240,1,2,1,1,6,75108,M,,,75
201500051559,15,2,5,2000,5,2,5,1,3,75108,M,,,75
201500051560,15,2,6,1,5,2,3,1,7,75108,M,,,75
201500051561,15,2,6,1030,1,2,1,1,6,75108,M,,,75
201500051562,15,2,6,1055,1,2,2,1,7,75108,M,,,75
201500051563,15,2,7,1655,1,2,2,1,7,75108,M,,,75
201500051564,15,2,8,241,5,2,1,2,6,75108,M,,,75
201500051565,15,2,9,820,1,2,3,1,7,75108,M,,,75
201500051566,15,2,9,1720,1,2,3,1,6,75108,M,,,75
201500051567,15,2,10,2130,5,2,7,1,6,75108,M,,,75
201500051568,15,2,12,2045,3,2,1,1,6,75108,M,,,75
201500051569,15,2,13,1956,5,2,7,2,6,75108,M,,,75
201500051570,15,2,14,320,5,2,7,2,6,75108,M,,,75
201500051571,15,2,14,2010,5,2,1,2,3,75108,M,,,75
201500051572,15,2,19,1100,1,2,3,1,6,75108,M,,,75
201500051573,15,2,19,1300,1,2,3,1,6,75117,M,,,75
201500051574,15,2,20,750,1,2,1,2,3,75108,M,,,75
201500051575,15,2,20,2324,5,2,3,2,3,75117,M,,,75
201500051576,15,2,22,940,1,2,2,1,3,75108,M,,,75
201500051577,15,2,24,950,1,2,1,8,2,75108,M,,,75
201500051578,15,2,26,1625,1,2,2,2,7,75108,M,,,75
201500051579,15,2,27,1230,1,2,4,1,6,75108,M,,,75
201500051580,15,3,2,1430,1,2,1,2,7,75108,M,,,75
201500051581,15,3,3,2030,5,2,2,1,6,75108,M,,,75
201500051582,15,3,5,930,1,2,1,1,7,75116,M,,,75
201500051583,15,3,7,2130,5,2,1,1,6,75108,M,,,75
201500051584,15,3,9,225,5,2,2,1,6,75108,M,,,75
201500051585,15,3,9,2117,5,2,4,1,6,75117,M,,,75
201500051586,15,3,10,145,5,2,2,1,3,75108,M,,,75
201500051587,15,3,10,750,2,2,1,1,6,75108,M,,,75
201500051588,15,3,11,1005,1,2,2,1,6,75108,M,,,75
201500051589,15,3,12,45,5,2,1,1,6,75108,M,,,75
201500051590,15,3,12,2245,5,2,3,1,2,75108,M,,,75
201500051591,15,3,16,1005,1,2,1,1,3,75108,M,,,75
201500051592,15,3,16,1400,1,2,7,1,2,75108,M,,,75
201500051593,15,3,19,1950,5,2,1,1,7,75108,M,,,75
201500051594,15,3,21,330,5,2,7,1,2,75108,M,,,75
201500051595,15,3,22,50,5,2,1,1,6,75108,M,,,75
201500051596,15,3,23,955,1,2,3,1,2,75108,M,,,75
201500051597,15,3,24,1850,1,2,7,3,2,75108,M,,,75
201500051598,15,3,25,18,5,2,1,3,6,75108,M,,,75
201500051599,15,3,25,1720,1,2,1,1,3,75108,M,,,75
201500051600,15,3,26,1600,1,2,2,8,7,75108,M,,,75
201500051601,15,3,26,1140,1,2,5,8,7,75108,M,,,75
201500051602,15,3,27,2100,5,2,1,1,4,75108,M,,,75
201500051603,15,3,27,2330,5,2,4,1,6,75108,M,,,75
201500051604,15,3,27,2335,5,2,1,1,6,75108,M,,,75
201500051605,15,3,29,643,5,2,7,2,6,75108,M,,,75
201500051606,15,3,29,505,5,2,2,2,6,75108,M,,,75
201500051607,15,3,31,1105,1,2,3,1,6,75108,M,,,75
201500051608,15,4,1,1710,1,2,2,1,3,75108,M,,,75
201500051609,15,4,2,1400,1,2,2,2,6,75108,M,,,75
201500051610,15,4,3,2107,3,2,1,2,7,75108,M,,,75
201500051611,15,4,4,1745,1,2,1,1,6,75108,M,,,75
201500051612,15,4,8,1845,1,2,7,1,3,75108,M,,,75
201500051613,15,4,12,30,5,2,3,1,6,75108,M,,,75
201500051614,15,4,12,230,5,2,2,1,2,75108,M,,,75
201500051615,15,4,14,950,1,2,4,1,6,75108,M,,,75
201500051616,15,4,14,855,1,2,1,1,3,75108,M,,,75
201500051617,15,4,14,1415,1,2,5,7,3,75116,M,,,75
201500051618,15,4,17,1400,1,2,3,1,6,75108,M,,,75
201500051619,15,4,18,1405,1,2,7,1,2,75108,M,,,75
201500051620,15,4,18,1600,1,2,7,1,3,75108,M,,,75
201500051621,15,4,18,1530,1,2,3,1,6,75108,M,,,75
201500051622,15,4,20,1230,1,2,3,7,6,75108,M,,,75
201500051623,15,4,22,1715,1,2,2,1,6,75108,M,,,75
201500051624,15,4,23,850,1,2,2,1,3,75108,M,,,75
201500051625,15,4,23,1125,1,2,2,1,6,75108,M,,,75
201500051626,15,4,23,1234,1,2,7,1,3,75108,M,,,75
201500051627,15,4,23,1715,1,2,7,1,3,75108,M,,,75
201500051628,15,4,25,40,5,2,2,1,6,75108,M,,,75
201500051629,15,4,25,1522,1,2,2,1,3,75108,M,,,75
201500051630,15,4,27,1730,1,2,1,1,6,75116,M,,,75
201500051631,15,4,28,1930,1,2,1,1,3,75108,M,,,75
201500051632,15,4,29,940,1,2,7,1,3,75108,M,,,75
201500051633,15,4,29,2000,1,2,3,1,2,75117,M,,,75
201500051634,15,4,30,810,1,2,7,3,3,75108,M,,,75
201500051635,15,4,30,2200,5,2,1,2,2,75108,M,,,75
201500051636,15,5,3,620,2,2,7,8,6,75108,M,,,75
201500051637,15,5,3,650,1,2,7,2,1,75108,M,,,75
201500051638,15,5,4,1640,1,2,2,2,2,75108,M,,,75
201500051639,15,5,5,1410,1,2,4,1,3,75108,M,,,75
201500051640,15,5,5,1630,1,2,2,1,2,75108,M,,,75
201500051641,15,5,7,1830,1,2,2,1,6,75108,M,,,75
201500051642,15,5,9,430,5,2,1,1,3,75108,M,,,75
201500051643,15,5,7,1215,1,2,1,1,5,75108,M,,,75
201500051644,15,5,11,950,1,2,4,1,3,75108,M,,,75
201500051645,15,5,12,1830,1,2,3,1,2,75117,M,,,75
201500051646,15,5,19,830,1,2,3,1,7,75108,M,,,75
201500051647,15,5,19,1515,1,2,4,2,4,75108,M,,,75
201500051648,15,5,20,1325,1,2,7,1,3,75108,M,,,75
201500051649,15,5,21,950,1,2,2,1,6,75108,M,,,75
201500051650,15,5,23,2345,5,2,3,1,6,75108,M,,,75
201500051651,15,5,24,220,5,2,7,1,6,75108,M,,,75
201500051652,15,5,24,354,5,2,1,1,6,75108,M,,,75
201500051653,15,5,24,1930,1,2,1,1,7,75108,M,,,75
201500051654,15,5,26,1220,1,2,7,1,3,75108,M,,,75
201500051655,15,5,27,820,1,2,1,1,2,75108,M,,,75
201500051656,15,5,27,1440,1,2,7,1,6,75108,M,,,75
201500051657,15,5,28,930,1,2,7,1,2,75108,M,,,75
201500051658,15,5,28,1935,1,2,4,1,7,75108,M,,,75
201500051659,15,5,29,340,5,2,7,1,2,75108,M,,,75
201500051660,15,5,29,1200,1,2,2,1,3,75108,M,,,75
201500051661,15,5,30,35,5,2,2,2,6,75108,M,,,75
201500051662,15,5,31,5,5,2,2,1,2,75108,M,,,75
201500051663,15,5,31,1330,1,2,2,2,1,75108,M,,,75
201500051664,15,5,31,2340,5,2,7,2,3,75108,M,,,75
201500051665,15,6,2,710,1,2,7,1,6,75117,M,,,75
201500051666,15,6,5,1720,1,2,2,1,6,75108,M,,,75
201500051667,15,6,26,1300,1,2,3,1,3,75108,M,,,75
201500051668,15,5,31,1540,1,2,7,1,6,75108,M,,,75
201500051669,15,6,1,1910,1,2,1,1,2,75108,M,,,75
201500051670,15,6,2,1535,1,2,2,1,3,75108,M,,,75
201500051671,15,6,2,1900,1,2,7,1,3,75108,M,,,75
201500051672,15,6,3,235,5,2,2,1,5,75108,M,,,75
201500051673,15,6,5,800,1,2,1,1,6,75108,M,,,75
201500051674,15,6,5,915,1,2,2,1,3,75108,M,,,75
201500051675,15,6,5,1300,1,2,7,1,6,75116,M,,,75
201500051676,15,7,9,1710,1,2,7,1,6,75108,M,,,75
201500051677,15,6,5,1650,1,2,4,1,6,75108,M,,,75
201500051678,15,6,8,1930,1,2,2,1,3,75108,M,,,75
201500051679,15,6,8,1940,1,2,3,1,4,75108,M,,,75
201500051680,15,6,9,900,1,2,3,1,7,75108,M,,,75
201500051681,15,6,10,1945,1,2,2,1,6,75108,M,,,75
201500051682,15,6,11,45,5,2,1,1,3,75108,M,,,75
201500051683,15,6,12,910,1,2,3,1,6,75108,M,,,75
201500051684,15,6,12,930,1,2,1,1,3,75108,M,,,75
201500051685,15,6,13,2000,1,2,4,1,6,75108,M,,,75
201500051686,15,6,15,1745,1,2,3,1,2,75108,M,,,75
201500051687,15,6,16,2100,1,2,2,1,7,75108,M,0.0,0.0,75
201500051688,15,6,17,1440,1,2,2,7,6,75108,M,,,75
201500051689,15,6,17,2110,1,2,7,1,3,75108,M,,,75
201500051690,15,6,19,1100,1,2,7,1,2,75108,M,,,75
201500051691,15,6,23,810,1,2,2,1,3,75108,M,,,75
201500051692,15,6,24,1755,1,2,1,1,3,75108,M,,,75
201500051693,15,6,25,40,5,2,1,1,2,75108,M,,,75
201500051694,15,6,25,950,1,2,1,1,6,75108,M,4852594.0,219375.0,75
201500051695,15,6,26,605,1,2,1,1,2,75108,M,,,75
201500051696,15,6,26,1855,1,2,1,1,6,75108,M,,,75
201500051697,15,5,26,2000,1,2,7,1,2,75108,M,,,75
201500051698,15,6,27,1615,1,2,7,1,3,75108,M,,,75
201500051699,15,6,27,1721,1,2,7,1,7,75108,M,,,75
201500051700,15,6,29,1345,1,2,7,1,2,75116,M,,,75
201500051701,15,6,29,1735,1,2,1,1,6,75108,M,,,75
201500051702,15,6,30,900,1,2,2,1,3,75108,M,,,75
201500051703,15,6,30,1000,1,2,1,1,6,75108,M,,,75
201500051704,15,6,30,1605,1,2,1,1,3,75108,M,,,75
201500051705,15,7,2,1205,1,2,1,1,3,75108,M,,,75
201500051706,15,7,2,1550,1,2,3,1,6,75108,M,,,75
201500051707,15,7,2,1930,1,2,1,1,3,75108,M,,,75
201500051708,15,7,3,920,1,2,2,1,3,75108,M,,,75
201500051709,15,7,4,1220,1,2,3,1,6,75108,M,,,75
201500051710,15,7,6,1230,1,2,3,1,3,75108,M,,,75
201500051711,15,7,7,900,1,2,7,1,6,75108,M,,,75
201500051712,15,7,10,930,1,2,3,1,3,75108,M,,,75
201500051713,15,7,10,910,1,2,7,1,2,75108,M,,,75
201500051714,15,7,11,130,5,2,3,1,3,75101,M,,,75
201500051715,15,7,12,225,5,2,7,1,6,75108,M,,,75