Num_Acc,an,mois,jour,hrmn,lum,agg,int,atm,col,com,gps,lat,long,dep
201500051716,15,7,13,940,1,2,2,1,6,75108,M,,,75
201500051717,15,7,13,1555,1,2,5,1,3,75108,M,,,75
201500051718,15,7,13,1930,1,2,7,1,3,75108,M,,,75
201500051719,15,7,15,340,5,2,5,1,3,75116,M,,,75
201500051720,15,7,15,1310,1,2,7,1,6,75108,M,,,75
201500051721,15,7,15,1545,1,2,2,1,3,75108,M,,,75
201500051722,15,7,16,1100,1,2,7,1,3,75108,M,,,75
201500051723,15,7,17,838,1,2,2,1,7,75108,M,,,75
201500051724,15,7,17,1630,1,2,1,1,6,75108,M,,,75
201500051725,15,7,17,1820,1,2,2,1,3,75116,M,,,75
201500051726,15,7,19,1520,1,2,1,1,2,75108,M,,,75
201500051727,15,7,20,1100,1,2,7,1,3,75108,M,,,75
201500051728,15,7,20,1540,1,2,1,1,2,75108,M,,,75
201500051729,15,7,21,1555,1,2,1,1,3,75108,M,,,75
201500051730,15,7,21,1825,1,2,1,1,2,75108,M,,,75
201500051731,15,7,22,1443,1,2,7,1,3,75108,M,,,75
201500051732,15,7,24,1000,1,2,1,1,2,75108,M,,,75
201500051733,15,7,25,1120,1,2,3,1,2,75108,M,,,75
201500051734,15,7,27,1930,1,2,7,1,6,75108,M,,,75
201500051735,15,7,28,845,1,2,7,8,3,75108,M,,,75
201500051736,15,7,28,950,1,2,1,1,3,75108,M,,,75
201500051737,15,7,29,935,1,2,2,1,3,75108,M,,,75
201500051738,15,7,29,1850,1,2,2,1,3,75108,M,,,75
201500051739,15,8,1,1330,1,2,5,1,3,75108,M,,,75
201500051740,15,8,2,1445,1,2,2,7,2,75108,M,,,75
201500051741,15,8,3,1200,1,2,1,1,3,75108,M,,,75
201500051742,15,8,4,1635,1,2,2,1,6,75108,M,,,75
201500051743,15,8,5,740,1,2,7,1,3,75108,M,,,75
201500051744,15,8,5,930,1,2,7,1,7,75108,M,,,75
201500051745,15,8,11,2332,5,2,2,1,3,75108,M,,,75
201500051746,15,8,13,1952,1,2,2,1,3,75108,M,,,75
201500051747,15,8,16,253,5,2,7,1,3,75108,M,,,75
201500051748,15,8,17,1000,1,2,5,1,3,75108,M,,,75
201500051749,15,8,17,930,1,2,1,1,6,75108,M,,,75
201500051750,15,8,20,955,1,2,1,3,2,75108,M,,,75
201500051751,15,8,23,1600,1,2,7,1,3,75116,M,,,75
201500051752,15,8,24,2200,5,2,2,2,6,75108,M,,,75
201500051753,15,8,27,1920,2,2,3,2,6,75116,M,,,75
201500051754,15,8,28,945,1,2,1,1,3,75108,M,,,75
201500051755,15,8,29,820,1,2,7,1,3,75109,M,,,75
201500051756,15,8,29,1100,1,2,1,1,7,75108,M,,,75
201500051757,15,8,30,1215,1,2,5,1,6,75108,M,,,75
201500051758,15,9,1,1147,1,2,7,1,3,75108,M,,,75
201500051759,15,9,1,1520,1,2,2,1,6,75108,M,,,75
201500051760,15,9,4,320,5,2,1,1,6,75108,M,,,75
201500051761,15,9,5,1910,1,2,7,1,3,75108,M,,,75
201500051762,15,9,6,1350,1,2,2,1,3,75108,M,,,75
201500051763,15,9,7,945,1,2,7,1,6,75108,M,,,75
201500051764,15,9,8,2015,5,2,2,1,3,75108,M,,,75
201500051765,15,9,9,1500,1,2,2,1,3,75108,M,,,75
201500051766,15,9,9,1615,1,2,3,1,3,75108,M,,,75
201500051767,15,9,10,2250,5,2,7,1,3,75108,M,,,75
201500051768,15,9,11,1445,1,2,2,1,3,75108,M,,,75
201500051769,15,9,13,235,5,2,2,1,5,75108,M,,,75
201500051770,15,9,13,1115,1,2,1,3,7,75108,M,,,75
201500051771,15,9,14,900,1,2,3,2,7,75116,M,,,75
201500051772,15,9,14,1230,1,2,1,1,3,75108,M,,,75
201500051773,15,9,15,1450,1,2,2,1,2,75108,M,,,75
201500051774,15,9,14,1300,1,2,1,1,3,75108,M,,,75
201500051775,15,9,16,1655,1,2,1,2,2,75108,M,,,75
201500051776,15,9,17,1800,1,2,1,1,3,75108,M,,,75
201500051777,15,9,19,200,5,2,5,1,3,75108,M,,,75
201500051778,15,9,19,1700,1,2,7,1,3,75108,M,,,75
201500051779,15,9,22,1620,1,2,3,1,6,75108,M,,,75
201500051780,15,9,24,1000,1,2,1,1,3,75108,M,,,75
201500051781,15,9,24,1610,1,2,3,1,2,75117,M,,,75
201500051782,15,9,26,55,5,2,3,1,6,75108,M,,,75
201500051783,15,9,26,1040,1,2,3,1,2,75108,M,,,75
201500051784,15,9,28,1800,1,2,1,1,2,75108,M,,,75
201500051785,15,9,29,1000,1,2,5,1,1,75108,M,,,75
201500051786,15,9,29,1300,1,2,2,1,6,75108,M,,,75
201500051787,15,9,30,1305,1,2,1,1,3,75108,M,,,75
201500051788,15,10,1,835,1,2,2,1,3,75108,M,,,75
201500051789,15,10,1,1010,1,2,1,1,6,75108,M,,,75
201500051790,15,10,1,1450,1,2,7,1,2,75108,M,,,75
201500051791,15,10,1,1710,1,2,5,1,3,75108,M,,,75
201500051792,15,10,1,1725,1,2,1,1,6,75108,M,,,75
201500051793,15,10,1,1055,1,2,7,1,4,75108,M,,,75
201500051794,15,10,2,930,1,2,7,1,6,75108,M,,,75
201500051795,15,10,2,1431,1,2,5,1,6,75108,M,,,75
201500051796,15,10,2,1900,1,2,5,1,6,75108,M,,,75
201500051797,15,10,3,110,5,2,2,1,2,75108,M,,,75
201500051798,15,10,5,900,1,2,2,1,3,75117,M,,,75
201500051799,15,10,6,830,1,2,1,1,7,75116,M,,,75
201500051800,15,10,7,1026,1,2,1,1,6,75108,M,,,75
201500051801,15,10,5,1950,2,2,7,1,6,75108,M,,,75
201500051802,15,10,7,1240,1,2,1,1,2,75108,M,,,75
201500051803,15,10,8,1310,1,2,7,1,3,75108,M,,,75
201500051804,15,10,9,1645,1,2,4,1,3,75108,M,,,75
201500051805,15,10,10,1008,1,2,2,1,3,75108,M,,,75
201500051806,15,10,10,1049,1,2,3,1,2,75116,M,,,75
201500051807,15,10,11,1230,1,2,7,1,3,75108,M,,,75
201500051808,15,10,11,1446,1,2,4,1,6,75108,M,,,75
201500051809,15,10,11,1730,1,2,1,1,6,75108,M,,,75
201500051810,15,10,12,1040,1,2,4,1,3,75108,M,,,75
201500051811,15,10,12,1100,1,2,4,1,3,75108,M,,,75
201500051812,15,10,13,1100,1,2,3,1,6,75108,M,,,75
201500051813,15,10,15,1120,1,2,2,1,6,75116,M,,,75
201500051814,15,10,16,25,5,2,1,1,6,75108,M,,,75
201500051815,15,10,16,830,1,2,2,2,3,75108,M,,,75
201500051816,15,10,16,930,1,2,2,3,3,75108,M,,,75
201500051817,15,10,16,1430,1,2,2,2,2,75108,M,,,75
201500051818,15,10,16,1740,1,2,7,2,6,75108,M,,,75
201500051819,15,10,17,100,4,2,7,1,7,75108,M,,,75
201500051820,15,10,20,2100,5,2,7,1,2,75108,M,,,75
201500051821,15,10,21,930,1,2,1,1,3,75108,M,,,75
201500051822,15,10,21,1420,1,2,2,1,3,75108,M,,,75
201500051823,15,10,21,2115,5,2,2,2,2,75117,M,,,75
201500051824,15,10,23,910,1,2,3,1,6,75108,M,,,75
201500051825,15,10,23,950,1,2,3,1,7,75116,M,,,75
201500051826,15,10,24,1800,1,2,2,1,3,75108,M,,,75
201500051827,15,10,25,1420,1,2,7,1,2,75108,M,,,75
201500051828,15,10,25,2130,5,2,7,1,3,75108,M,,,75
201500051829,15,10,26,2115,5,2,2,1,2,75108,M,,,75
201500051830,15,10,27,1730,2,2,7,1,6,75108,M,,,75
201500051831,15,10,28,915,1,2,3,1,7,75108,M,,,75
201500051832,15,10,28,1020,1,2,1,8,7,75108,M,,,75
201500051833,15,10,28,1530,1,2,3,1,6,75117,M,,,75
201500051834,15,10,29,830,1,2,1,1,6,75108,M,,,75
201500051835,15,10,30,1330,1,2,7,1,3,75108,M,,,75
201500051836,15,10,30,1525,1,2,1,1,6,75108,M,,,75
201500051837,15,10,30,1500,1,2,1,1,7,75108,M,,,75
201500051838,15,10,31,355,5,2,7,1,6,75108,M,,,75
201500051839,15,11,1,105,5,2,2,1,6,75116,M,,,75
201500051840,15,11,1,30,5,2,7,1,2,75108,M,,,75
201500051841,15,11,1,1140,1,2,2,1,3,75108,M,,,75
201500051842,15,11,2,2130,5,2,7,1,7,75108,M,,,75
201500051843,15,11,5,1250,1,2,7,1,2,75108,M,,,75
201500051844,15,11,5,1421,1,2,7,1,3,75108,M,,,75
201500051845,15,11,6,1430,1,2,2,2,7,75108,M,,,75
201500051846,15,11,6,1945,5,2,1,1,3,75108,M,,,75
201500051847,15,11,6,1915,5,2,3,2,3,75108,M,,,75
201500051848,15,11,8,1125,1,2,1,1,3,75108,M,,,75
201500051849,15,11,8,1545,1,2,2,1,3,75108,M,,,75
201500051850,15,11,8,1730,2,2,2,1,3,75108,M,,,75
201500051851,15,11,10,2030,5,2,3,1,6,75108,M,,,75
201500051852,15,11,10,2045,5,2,7,1,4,75108,M,,,75
201500051853,15,11,11,1030,1,2,2,1,6,75108,M,,,75
201500051854,15,11,12,830,1,2,1,1,3,75108,M,,,75
201500051855,15,11,13,1535,1,2,4,1,6,75108,M,,,75
201500051856,15,11,16,850,1,2,2,1,4,75108,M,,,75
201500051857,15,11,16,2131,5,2,2,2,3,75108,M,,,75
201500051858,15,11,17,1830,5,2,1,2,6,75108,M,,,75
201500051859,15,11,18,1300,1,2,2,1,4,75108,M,,,75
201500051860,15,11,18,1850,5,2,2,1,5,75108,M,,,75
201500051861,15,11,19,1330,1,2,4,2,6,75108,M,,,75
201500051862,15,11,19,1750,5,2,7,1,6,75108,M,,,75
201500051863,15,11,20,1005,1,2,2,2,7,75108,M,,,75
201500051864,15,11,20,1130,1,2,1,3,2,75108,M,,,75
201500051865,15,11,20,2000,5,2,7,8,3,75108,M,,,75
201500051866,15,11,21,55,5,2,7,1,7,75108,M,,,75
201500051867,15,11,20,2130,5,2,1,2,2,75108,M,,,75
201500051868,15,11,22,845,1,2,2,1,6,75108,M,,,75
201500051869,15,11,23,1000,1,2,2,1,6,75108,M,,,75
201500051870,15,11,25,1630,1,2,5,2,3,75108,M,,,75
201500051871,15,11,26,830,1,2,3,1,6,75108,M,,,75
201500051872,15,11,27,919,1,2,1,1,3,75108,M,,,75
201500051873,15,12,2,2010,5,2,4,1,3,75116,M,,,75
201500051874,15,12,3,1845,5,2,5,1,3,75108,M,,,75
201500051875,15,12,3,1900,5,2,1,1,3,75108,M,,,75
201500051876,15,12,3,2215,5,2,1,1,6,75108,M,,,75
201500051877,15,12,5,1545,1,2,5,1,6,75108,M,,,75
201500051878,15,12,5,1750,5,2,5,1,3,75108,M,,,75
201500051879,15,12,7,650,5,2,1,1,6,75108,M,,,75
201500051880,15,12,7,1010,1,2,2,1,6,75108,M,,,75
201500051881,15,12,10,1025,1,2,7,1,3,75108,M,,,75
201500051882,15,12,11,630,5,2,5,1,3,75108,M,,,75
201500051883,15,12,12,135,5,2,1,1,6,75117,M,,,75
201500051884,15,12,12,1020,1,2,2,2,7,75108,M,,,75
201500051885,15,12,12,1430,1,2,1,1,3,75108,M,,,75
201500051886,15,12,14,1800,5,2,7,1,3,75108,M,,,75
201500051887,15,12,15,2000,5,2,1,2,7,75108,M,,,75
201500051888,15,12,17,1245,1,2,1,1,6,75108,M,,,75
201500051889,15,12,18,2035,5,2,7,1,3,75117,M,,,75
201500051890,15,12,19,620,5,2,7,1,6,75108,M,,,75
201500051891,15,12,20,210,5,2,1,1,6,75108,M,,,75
201500051892,15,12,21,740,3,2,2,1,2,75108,M,,,75
201500051893,15,12,21,930,1,2,2,1,2,75108,M,,,75
201500051894,15,12,21,520,5,2,3,1,6,75108,M,,,75
201500051895,15,12,22,1910,5,2,1,1,1,75108,M,,,75
201500051896,15,12,23,1935,5,2,6,1,2,75108,M,,,75
201500051897,15,12,25,420,5,2,7,3,6,75108,M,,,75
201500051898,15,12,25,415,5,2,7,3,3,75108,M,,,75
201500051899,15,12,27,1500,1,2,5,1,6,75108,M,,,75
201500051900,15,12,29,1505,1,2,2,1,3,75108,M,,,75
201500051901,15,12,31,430,5,2,5,2,6,75108,M,,,75
201500051902,15,12,31,1150,1,2,7,1,6,75108,M,,,75
201500051903,15,12,31,1325,1,2,1,1,2,75108,M,,,75
201500051904,15,1,2,1424,1,2,2,1,6,75109,M,,,75
201500051905,15,1,6,1825,5,2,5,1,3,75109,M,,,75
201500051906,15,1,7,1143,1,2,7,1,6,75110,M,,,75
201500051907,15,1,7,1759,5,2,2,1,3,75109,M,,,75
201500051908,15,1,8,1400,1,2,1,2,6,75109,M,,,75
201500051909,15,1,27,1500,1,2,1,1,6,75109,M,,,75
201500051910,15,1,27,1910,5,2,2,1,2,75102,M,,,75
201500051911,15,1,28,900,1,2,5,1,3,75109,M,,,75
201500051912,15,1,29,1520,1,2,1,2,6,75109,M,,,75
201500051913,15,2,4,924,1,2,2,1,3,75109,M,,,75
201500051914,15,2,4,1115,1,2,3,1,3,75109,M,,,75
201500051915,15,2,4,1835,5,2,5,1,6,75109,M,,,75
201500051916,15,2,4,1300,1,2,2,1,6,75109,M,,,75
201500051917,15,2,15,1635,1,2,7,8,3,75102,M,,,75
201500051918,15,2,16,725,2,2,4,1,3,75109,M,,,75
201500051919,15,2,21,2150,5,2,1,1,6,75109,M,,,75
201500051920,15,2,23,1000,1,2,1,8,6,75109,M,,,75
201500051921,15,2,24,1000,1,2,5,2,3,75109,M,,,75
201500051922,15,2,24,1619,1,2,1,1,3,75109,M,,,75
201500051923,15,2,25,1630,1,2,1,1,6,75109,M,,,75
201500051924,15,3,1,15,5,2,5,3,3,75109,M,,,75
201500051925,15,3,5,1830,5,2,2,1,2,75109,M,,,75
201500051926,15,3,6,1915,1,2,1,1,3,75109,M,,,75
201500051927,15,3,9,1755,1,2,3,1,3,75109,M,,,75
201500051928,15,3,11,2330,5,2,7,1,6,75109,M,,,75
201500051929,15,3,13,1630,1,2,7,1,3,75109,M,,,75
201500051930,15,3,14,1535,1,2,3,1,3,75109,M,,,75
201500051931,15,3,22,1045,1,2,1,1,3,75109,M,,,75
201500051932,15,3,24,1600,1,2,1,2,6,75109,M,,,75
201500051933,15,3,24,1940,5,2,1,2,6,75109,M,,,75
201500051934,15,3,25,800,1,2,2,2,6,75109,M,,,75
201500051935,15,3,29,1000,1,2,1,2,7,75109,M,,,75
201500051936,15,3,30,1240,1,2,1,1,2,75109,M,,,75
201500051937,15,3,31,920,1,2,1,8,2,75109,M,,,75
201500051938,15,3,31,1830,1,2,1,1,2,75109,M,,,75
201500051939,15,4,2,2325,5,2,1,1,6,75109,M,,,75
201500051940,15,4,3,1405,1,2,1,3,6,75109,M,,,75
201500051941,15,4,5,1545,1,2,2,1,3,75109,M,,,75
201500051942,15,4,6,2145,5,2,3,1,3,75109,M,,,75
201500051943,15,4,7,1500,1,2,7,1,6,75109,M,,,75
201500051944,15,4,8,1605,1,2,1,1,4,75109,M,,,75
201500051945,15,4,12,330,5,2,3,1,3,75109,M,,,75
201500051946,15,4,13,1435,1,2,2,1,6,75109,M,,,75
201500051947,15,4,14,1750,1,2,1,1,6,75109,M,,,75
201500051948,15,4,16,1925,1,2,1,1,6,75109,M,,,75
201500051949,15,4,21,800,1,2,1,1,6,75109,M,,,75
201500051950,15,4,21,1035,1,2,7,1,6,75109,M,,,75
201500051951,15,4,21,1235,1,2,5,1,2,75109,M,,,75
201500051952,15,4,21,1815,1,2,1,1,2,75109,M,,,75
201500051953,15,4,24,1735,1,2,5,1,6,75109,M,,,75
201500051954,15,4,25,1316,1,2,3,1,6,75109,M,,,75
201500051955,15,5,6,950,1,2,5,1,6,75109,M,,,75
201500051956,15,5,7,2225,5,2,5,1,6,75109,M,,,75
201500051957,15,5,8,1445,1,2,1,1,6,75109,M,,,75
201500051958,15,5,10,1230,1,2,3,1,2,75104,M,,,75
201500051959,15,5,12,1726,1,2,2,1,6,75109,M,,,75
201500051960,15,5,15,2100,2,2,2,1,6,75109,M,,,75
201500051961,15,5,16,815,1,2,7,1,3,75109,M,,,75
201500051962,15,5,18,912,1,2,3,7,3,75109,M,,,75
201500051963,15,5,18,2230,5,2,5,2,6,75109,M,,,75
201500051964,15,5,20,700,1,2,2,1,6,75109,M,,,75
201500051965,15,5,20,1100,1,2,5,2,6,75109,M,,,75
201500051966,15,5,21,1030,1,2,2,1,3,75109,M,,,75
201500051967,15,5,21,1240,1,2,1,1,6,75109,M,,,75
201500051968,15,5,22,945,1,2,7,1,3,75109,M,4887063.0,233244.0,75
201500051969,15,5,26,300,5,2,5,1,3,75109,M,,,75
201500051970,15,5,27,1225,1,2,1,1,7,75109,M,,,75
201500051971,15,5,27,1945,1,2,1,1,3,75109,M,,,75
201500051972,15,5,28,2330,5,2,2,1,3,75109,M,,,75
201500051973,15,5,29,1745,1,2,5,1,6,75109,M,,,75
201500051974,15,5,31,106,5,2,7,1,3,75109,M,,,75
201500051975,15,6,1,905,1,2,2,1,6,75109,M,,,75
201500051976,15,6,1,1750,1,2,3,1,3,75109,M,,,75
201500051977,15,6,13,1430,1,2,1,1,6,75109,M,,,75
201500051978,15,6,25,900,1,2,2,1,4,75109,M,,,75
201500051979,15,6,4,1010,1,2,2,1,3,75109,M,,,75
201500051980,15,6,5,2140,1,2,5,1,6,75109,M,4852117.0,219405.0,75
201500051981,15,6,6,1300,1,2,3,1,3,75109,M,,,75
201500051982,15,6,8,1410,1,2,3,1,6,75102,M,,,75
201500051983,15,6,12,945,1,2,1,1,2,75109,M,,,75
201500051984,15,6,12,1400,1,2,1,1,6,75109,M,,,75
201500051985,15,6,17,10,5,2,1,1,6,75109,M,,,75
201500051986,15,6,17,1435,1,2,2,1,3,75103,M,,,75
201500051987,15,6,17,1550,1,2,3,1,6,75109,M,,,75
201500051988,15,6,20,2055,1,2,1,1,7,75109,M,,,75
201500051989,15,6,21,2025,1,2,1,1,3,75109,M,,,75
201500051990,15,6,24,1200,1,2,1,1,3,75109,M,,,75
201500051991,15,6,26,845,1,2,5,1,3,75109,M,,,75
201500051992,15,6,29,920,1,2,2,1,6,75109,M,,,75
201500051993,15,6,29,2030,1,2,2,1,3,75109,M,,,75
201500051994,15,6,30,650,1,2,2,1,3,75101,M,,,75
201500051995,15,7,1,2030,1,2,5,1,3,75109,M,,,75
201500051996,15,7,4,1130,1,2,3,8,6,75109,M,,,75
201500051997,15,7,6,1820,1,2,3,1,3,75109,M,,,75
201500051998,15,7,8,1425,1,2,5,1,3,75109,M,,,75
201500051999,15,7,10,1950,2,2,4,1,7,75109,M,,,75
201500052000,15,7,14,1230,1,2,3,1,3,75109,M,,,75
201500052001,15,7,17,1710,1,2,1,1,3,75109,M,,,75
201500052002,15,7,21,1710,1,2,2,1,3,75109,M,,,75
201500052003,15,7,23,1930,1,2,1,1,3,75109,M,,,75
201500052004,15,7,27,35,5,2,1,8,7,75109,M,,,75
201500052005,15,7,28,1700,1,2,1,1,6,75109,M,,,75
201500052006,15,8,8,340,5,2,5,1,2,75101,M,,,75
201500052007,15,8,18,1725,1,2,3,1,6,75109,M,,,75
201500052008,15,8,24,615,5,2,1,2,6,75102,M,,,75
201500052009,15,8,28,1755,1,2,3,1,3,75109,M,,,75
201500052010,15,8,29,1400,1,2,5,1,6,75109,M,,,75
201500052011,15,9,1,1815,1,2,2,1,6,75109,M,,,75
201500052012,15,9,3,745,2,2,2,1,6,75109,M,,,75
201500052013,15,9,3,1800,1,2,7,1,2,75109,M,,,75
201500052014,15,9,8,1244,1,2,1,1,6,75109,M,,,75
201500052015,15,9,8,1635,1,2,1,8,3,75109,M,,,75
201500052016,15,9,9,840,1,2,2,1,6,75109,M,,,75
201500052017,15,9,9,2245,5,2,2,1,3,75109,M,,,75
201500052018,15,9,10,1733,1,2,5,1,3,75109,M,,,75
201500052019,15,9,12,1130,1,2,7,2,7,75109,M,,,75
201500052020,15,9,14,1115,1,2,3,1,7,75109,M,,,75
201500052021,15,9,15,2340,5,2,3,1,6,75109,M,,,75
201500052022,15,9,16,1400,1,2,1,3,6,75109,M,,,75
201500052023,15,9,16,1708,1,2,3,8,6,75109,M,,,75
201500052024,15,9,23,545,5,2,3,1,2,75109,M,,,75
201500052025,15,9,23,1600,1,2,2,1,3,75109,M,,,75
201500052026,15,9,25,145,5,2,3,1,6,75109,M,,,75
201500052027,15,9,25,1948,5,2,1,1,6,75104,M,,,75
201500052028,15,9,29,1250,1,2,2,1,6,75109,M,,,75
201500052029,15,9,29,1535,1,2,2,1,6,75109,M,,,75
201500052030,15,10,2,2215,5,2,2,1,6,75109,M,,,75
201500052031,15,10,3,1837,2,2,2,1,3,75109,M,,,75
201500052032,15,10,4,55,5,2,2,1,3,75104,M,,,75
201500052033,15,10,2,1000,1,2,2,1,6,75109,M,,,75
201500052034,15,10,8,1345,1,2,1,1,6,75109,M,,,75
201500052035,15,10,9,1227,1,2,5,1,6,75109,M,,,75
201500052036,15,9,30,1450,1,2,7,1,3,75109,M,,,75
201500052037,15,10,12,730,1,2,1,1,2,75109,M,,,75
201500052038,15,10,13,1840,2,2,5,1,6,75109,M,,,75
201500052039,15,10,14,1945,2,2,7,3,7,75109,M,,,75
201500052040,15,10,16,1830,2,2,7,1,3,75109,M,,,75
201500052041,15,10,16,2145,5,2,1,2,2,75109,M,,,75
201500052042,15,10,17,715,5,2,5,2,3,75109,M,,,75
201500052043,15,10,17,1715,1,2,2,2,6,75109,M,,,75
201500052044,15,10,20,725,5,2,3,8,3,75109,M,,,75
201500052045,15,10,26,2020,5,2,4,1,6,75109,M,,,75
201500052046,15,10,30,1720,1,2,2,1,2,75109,M,,,75
201500052047,15,11,3,1611,1,2,4,1,6,75109,M,,,75
201500052048,15,11,3,2230,5,2,3,2,7,75109,M,,,75
201500052049,15,11,6,2035,5,2,1,2,2,75109,M,,,75
201500052050,15,11,9,950,1,2,1,1,6,75109,M,,,75
201500052051,15,11,9,1710,2,2,3,1,6,75109,M,,,75
201500052052,15,11,9,1950,5,2,7,1,2,75109,M,,,75
201500052053,15,11,12,945,1,2,2,1,3,75109,M,,,75
201500052054,15,11,17,1415,1,2,3,1,6,75109,M,,,75
201500052055,15,11,17,1700,2,2,1,2,3,75102,M,,,75
201500052056,15,11,18,905,1,2,3,1,3,75109,M,,,75
201500052057,15,11,20,1430,1,2,4,3,6,75109,M,,,75
201500052058,15,11,22,1830,5,2,3,1,2,75109,M,,,75
201500052059,15,11,24,1850,5,2,7,2,6,75109,M,,,75
201500052060,15,11,26,849,1,2,2,1,3,75103,M,,,75
201500052061,15,11,27,20,5,2,1,1,6,75109,M,,,75
201500052062,15,11,27,915,1,2,3,1,6,75109,M,,,75
201500052063,15,11,27,1555,1,2,5,1,3,75109,M,,,75
201500052064,15,11,30,830,1,2,2,1,6,75109,M,,,75
201500052065,15,12,1,1420,1,2,3,1,6,75109,M,,,75
201500052066,15,12,1,1615,1,2,3,1,3,75109,M,,,75
201500052067,15,12,1,1805,5,2,2,1,3,75109,M,,,75
201500052068,15,12,1,2240,5,2,1,1,6,75109,M,,,75
201500052069,15,12,3,1215,1,2,2,1,3,75109,M,,,75
201500052070,15,12,3,2245,5,2,2,1,3,75109,M,,,75
201500052071,15,12,8,2350,5,2,7,8,3,75109,M,,,75
201500052072,15,12,9,900,1,2,5,1,2,75109,M,,,75
201500052073,15,12,11,150,5,2,1,8,6,75109,M,,,75
201500052074,15,12,14,1505,1,2,2,1,3,75109,M,,,75
201500052075,15,12,15,1155,1,2,2,2,2,75109,M,,,75
201500052076,15,12,16,900,1,2,1,1,7,75108,M,,,75
201500052077,15,12,19,1109,1,2,3,1,6,75109,M,,,75
201500052078,15,12,23,1154,1,2,2,1,3,75109,M,,,75
201500052079,15,12,26,1820,5,2,1,1,3,75102,M,,,75
201500052080,15,12,30,1835,5,2,3,1,6,75102,M,,,75
201500052081,15,1,3,1400,1,2,2,2,3,75110,M,,,75
201500052082,15,1,4,525,5,2,7,1,6,75110,M,,,75
201500052083,15,1,7,1500,1,2,1,1,7,75110,M,,,75
201500052084,15,1,8,1540,1,2,1,1,7,75110,M,,,75
201500052085,15,1,12,1630,1,2,1,8,6,75110,M,,,75
201500052086,15,1,15,1605,1,2,1,1,6,75110,M,,,75
201500052087,15,1,16,1950,5,2,1,2,7,75110,M,,,75
201500052088,15,1,18,2140,5,2,1,1,3,75110,M,,,75
201500052089,15,1,17,1350,1,2,2,8,7,75110,M,,,75
201500052090,15,1,19,1820,5,2,1,1,7,75110,M,,,75
201500052091,15,1,20,1645,2,2,1,8,6,75110,M,,,75
201500052092,15,1,23,1615,1,2,5,1,1,75110,M,,,75
201500052093,15,1,24,1450,1,2,3,1,6,75110,M,,,75
201500052094,15,1,26,30,5,2,1,1,3,75110,M,,,75
201500052095,15,1,27,1015,1,2,1,1,6,75110,M,,,75
201500052096,15,1,27,1200,1,2,1,1,6,75110,M,,,75
201500052097,15,1,30,710,1,2,2,2,1,75110,M,,,75
201500052098,15,2,3,2150,5,2,5,1,6,75110,M,,,75
201500052099,15,2,4,1630,1,2,1,1,4,75110,M,,,75
201500052100,15,2,5,935,1,2,1,1,6,75110,M,,,75
201500052101,15,2,6,1800,5,2,1,1,3,75110,M,,,75
201500052102,15,2,7,240,5,2,2,1,3,75110,M,,,75
201500052103,15,2,9,2245,5,2,2,1,3,75110,M,,,75
201500052104,15,2,11,20,5,2,1,1,3,75110,M,,,75
201500052105,15,2,11,1645,1,2,2,1,6,75110,M,,,75
201500052106,15,2,13,1430,1,2,3,1,2,75110,M,,,75
201500052107,15,2,13,2100,5,2,5,2,6,75110,M,,,75
201500052108,15,2,17,1550,1,2,2,1,6,75110,M,,,75
201500052109,15,2,18,1420,1,2,1,1,6,75110,M,,,75
201500052110,15,2,19,1750,5,2,2,1,3,75110,M,,,75
201500052111,15,2,23,830,1,2,5,2,6,75110,M,,,75
201500052112,15,2,23,1655,1,2,1,8,7,75110,M,,,75
201500052113,15,2,23,2315,5,2,1,1,6,75110,M,,,75
201500052114,15,2,25,1350,1,2,2,8,3,75110,M,,,75
201500052115,15,2,26,900,1,2,1,2,6,75110,M,,,75
201500052116,15,2,26,2225,5,2,1,2,6,75110,M,,,75
201500052117,15,2,27,830,1,2,1,1,6,75110,M,,,75
201500052118,15,3,4,1130,1,2,1,1,6,75110,M,,,75
201500052119,15,3,6,140,5,2,2,1,6,75110,M,,,75
201500052120,15,3,4,2158,5,2,3,1,6,75110,M,,,75
201500052121,15,3,6,1905,5,2,1,2,6,75110,M,,,75
201500052122,15,3,7,2010,5,2,1,1,3,75110,M,,,75
201500052123,15,3,8,345,5,2,2,1,6,75110,M,,,75
201500052124,15,3,8,1740,1,2,1,1,6,75110,M,,,75
201500052125,15,3,11,1800,1,2,7,1,2,75110,M,,,75
201500052126,15,3,12,1815,2,2,1,1,6,75110,M,,,75
201500052127,15,3,13,252,5,2,1,1,3,75110,M,,,75
201500052128,15,3,14,1247,1,2,2,1,2,75110,M,,,75
201500052129,15,3,20,1310,1,2,1,1,5,75110,M,,,75
201500052130,15,3,25,225,5,2,2,2,6,75110,M,,,75
201500052131,15,3,26,2230,5,2,1,1,2,75110,M,,,75
201500052132,15,3,27,2135,5,2,1,1,6,75110,M,,,75
201500052133,15,4,1,1715,1,2,4,1,6,75110,M,,,75
201500052134,15,4,3,5,5,2,1,2,6,75110,M,,,75
201500052135,15,4,3,2040,5,2,1,2,6,75110,M,,,75
201500052136,15,4,5,520,5,2,1,1,6,75110,M,,,75
201500052137,15,4,9,40,5,2,2,1,3,75110,M,,,75
201500052138,15,4,9,1345,1,2,5,1,3,75110,M,,,75
201500052139,15,4,10,1845,1,2,2,1,6,75110,M,,,75
201500052140,15,4,10,1925,1,2,5,1,3,75110,M,,,75
201500052141,15,4,11,2212,5,2,7,1,6,75110,M,,,75
201500052142,15,4,12,145,5,2,1,1,2,75110,M,,,75
201500052143,15,4,13,2340,5,2,2,1,3,75110,M,,,75
201500052144,15,4,14,1420,1,2,7,1,3,75110,M,,,75
201500052145,15,4,15,1325,1,2,3,1,2,75110,M,,,75
201500052146,15,4,17,618,2,2,7,1,6,75110,M,,,75
201500052147,15,4,21,1400,1,2,2,1,3,75110,M,,,75
201500052148,15,4,22,1625,1,2,1,1,6,75110,M,,,75
201500052149,15,4,23,5,5,2,2,1,3,75110,M,,,75