Num_Acc,an,mois,jour,hrmn,lum,agg,int,atm,col,com,gps,lat,long,dep
201500052150,15,4,23,840,1,2,5,1,6,75110,M,,,75
201500052151,15,4,23,1000,1,2,1,1,3,75110,M,,,75
201500052152,15,4,24,820,1,2,2,1,2,75110,M,,,75
201500052153,15,4,25,1230,1,2,2,1,6,75110,M,,,75
201500052154,15,4,27,1920,1,2,1,1,6,75110,M,,,75
201500052155,15,4,28,2210,5,2,7,1,3,75110,M,,,75
201500052156,15,5,2,1340,1,2,1,1,6,75110,M,,,75
201500052157,15,5,6,1455,1,2,1,1,4,75110,M,,,75
201500052158,15,5,6,1820,1,2,1,1,6,75110,M,,,75
201500052159,15,5,6,1755,1,2,1,1,3,75110,M,,,75
201500052160,15,5,18,1800,1,2,5,1,7,75118,M,,,75
201500052161,15,5,18,2330,5,2,4,2,3,75110,M,,,75
201500052162,15,5,20,810,1,2,3,1,3,75110,M,,,75
201500052163,15,5,20,1040,1,2,3,1,3,75110,M,,,75
201500052164,15,5,21,926,1,2,1,1,3,75110,M,,,75
201500052165,15,5,22,1710,1,2,5,1,6,75110,M,,,75
201500052166,15,5,22,1850,1,2,1,1,6,75110,M,,,75
201500052167,15,5,26,1750,1,2,1,1,4,75110,M,,,75
201500052168,15,5,30,1000,1,2,5,1,3,75110,M,,,75
201500052169,15,5,30,1510,1,2,2,1,6,75110,M,,,75
201500052170,15,5,30,1915,1,2,1,1,2,75110,M,,,75
201500052171,15,6,3,950,1,2,3,1,3,75110,M,,,75
201500052172,15,6,6,1915,1,2,1,1,6,75110,M,,,75
201500052173,15,6,6,2040,1,2,1,1,6,75110,M,,,75
201500052174,15,6,7,1740,1,2,2,1,6,75110,M,,,75
201500052175,15,6,8,815,1,2,1,1,6,75110,M,,,75
201500052176,15,6,8,1450,1,2,7,1,3,75110,M,,,75
201500052177,15,6,9,945,1,2,3,1,4,75110,M,,,75
201500052178,15,6,10,915,1,2,2,1,6,75110,M,,,75
201500052179,15,6,11,1415,1,2,3,1,3,75110,M,,,75
201500052180,15,6,16,2045,1,2,2,1,1,75110,M,,,75
201500052181,15,7,3,1015,1,2,2,1,6,75110,M,,,75
201500052182,15,7,7,2320,5,2,2,1,3,75110,M,,,75
201500052183,15,10,2,1235,1,2,1,1,6,75110,M,,,75
201500052184,15,6,9,2230,5,2,1,1,6,75110,M,,,75
201500052185,15,6,10,1615,1,2,2,1,6,75110,M,,,75
201500052186,15,6,11,440,5,2,2,1,7,75110,M,,,75
201500052187,15,6,12,1717,1,2,1,1,2,75110,M,,,75
201500052188,15,6,20,700,1,2,1,1,6,75110,M,,,75
201500052189,15,6,20,2000,1,2,2,1,3,75110,M,,,75
201500052190,15,6,22,340,5,2,5,1,3,75110,M,,,75
201500052191,15,6,23,950,1,2,3,1,2,75110,M,,,75
201500052192,15,6,24,600,1,2,2,1,6,75110,M,,,75
201500052193,15,6,26,1420,1,2,1,1,6,75110,M,,,75
201500052194,15,6,29,1830,1,2,1,1,6,75110,M,,,75
201500052195,15,7,1,830,1,2,1,1,3,75110,M,,,75
201500052196,15,7,2,1140,1,2,1,1,6,75110,M,,,75
201500052197,15,7,7,735,1,2,2,1,3,75110,M,,,75
201500052198,15,7,7,1300,1,2,1,1,3,75110,M,,,75
201500052199,15,7,8,820,1,2,2,1,3,75110,M,,,75
201500052200,15,7,8,1250,1,2,1,1,2,75110,M,,,75
201500052201,15,7,10,1006,1,2,7,1,6,75110,M,,,75
201500052202,15,7,11,1315,1,2,1,1,6,75110,M,,,75
201500052203,15,7,16,1000,1,2,5,1,6,75109,M,,,75
201500052204,15,7,22,1245,1,2,2,1,4,75110,M,,,75
201500052205,15,7,22,2340,5,2,1,1,6,75110,M,,,75
201500052206,15,7,23,1730,1,2,1,1,7,75110,M,,,75
201500052207,15,7,24,745,1,2,7,1,6,75109,M,,,75
201500052208,15,7,25,600,2,2,2,8,3,75110,M,4852534.0,221559.0,75
201500052209,15,7,27,1220,1,2,5,2,6,75110,M,,,75
201500052210,15,7,28,1530,1,2,2,8,3,75110,M,,,75
201500052211,15,8,2,640,5,2,1,1,5,75110,M,,,75
201500052212,15,8,2,2230,5,2,3,1,6,75110,M,,,75
201500052213,15,8,3,2000,1,2,1,1,6,75110,M,,,75
201500052214,15,8,7,2245,5,2,1,1,6,75110,M,,,75
201500052215,15,8,13,2030,1,2,5,1,3,75110,M,4852501.0,221432.0,75
201500052216,15,8,14,2310,5,2,3,2,6,75110,M,,,75
201500052217,15,8,15,130,5,2,3,2,3,75110,M,,,75
201500052218,15,8,17,2230,3,2,2,1,3,75110,M,,,75
201500052219,15,8,20,50,5,2,5,2,6,75110,M,,,75
201500052220,15,8,22,2310,5,2,2,1,3,75110,M,,,75
201500052221,15,8,24,1715,1,2,2,2,2,75110,M,,,75
201500052222,15,8,27,2350,5,2,2,2,3,75110,M,,,75
201500052223,15,8,31,1515,1,2,1,1,3,75110,M,,,75
201500052224,15,9,2,1700,1,2,2,1,4,75110,M,,,75
201500052225,15,9,4,1935,1,2,2,1,6,75110,M,,,75
201500052226,15,9,6,1012,1,2,2,1,3,75110,M,,,75
201500052227,15,9,10,1930,2,2,4,1,6,75110,M,,,75
201500052228,15,9,15,1445,1,2,4,1,3,75110,M,4852469.0,221313.0,75
201500052229,15,9,18,2240,5,2,2,2,6,75110,M,,,75
201500052230,15,9,21,1545,1,2,1,1,3,75110,M,,,75
201500052231,15,9,24,140,5,2,5,1,3,75110,M,,,75
201500052232,15,9,24,2230,5,2,2,2,6,75110,M,,,75
201500052233,15,9,25,2110,5,2,1,1,3,75110,M,,,75
201500052234,15,9,26,2045,5,2,1,1,2,75110,M,,,75
201500052235,15,9,28,150,5,2,1,1,6,75110,M,,,75
201500052236,15,9,28,910,1,2,1,1,6,75110,M,,,75
201500052237,15,9,29,1750,1,2,2,1,3,75119,M,4852257.0,222302.0,75
201500052238,15,9,29,2210,5,2,5,1,3,75110,M,,,75
201500052239,15,10,3,545,5,2,4,1,6,75110,M,,,75
201500052240,15,10,3,1630,1,2,4,1,6,75110,M,,,75
201500052241,15,10,6,1120,1,2,1,2,2,75110,M,,,75
201500052242,15,10,6,1655,1,2,1,2,6,75110,M,,,75
201500052243,15,10,9,1530,1,2,7,1,3,75110,M,,,75
201500052244,15,10,9,1845,2,2,4,1,3,75110,M,,,75
201500052245,15,10,11,1920,1,2,2,1,3,75110,M,,,75
201500052246,15,10,20,2130,5,2,5,1,3,75110,M,,,75
201500052247,15,10,21,1545,1,2,1,1,6,75110,M,,,75
201500052248,15,10,21,1400,1,2,2,1,3,75110,M,,,75
201500052249,15,10,23,1830,2,2,1,1,6,75110,M,,,75
201500052250,15,10,25,1545,1,2,5,1,2,75110,M,,,75
201500052251,15,10,27,2000,5,2,2,1,6,75110,M,,,75
201500052252,15,10,28,220,5,2,1,3,6,75110,M,,,75
201500052253,15,10,31,605,5,2,2,1,6,75110,M,,,75
201500052254,15,10,31,1310,1,2,1,1,3,75110,M,,,75
201500052255,15,10,31,1900,5,2,1,1,6,75110,M,,,75
201500052256,15,11,2,1900,5,2,3,1,6,75110,M,,,75
201500052257,15,11,3,710,2,2,1,2,7,75110,M,,,75
201500052258,15,11,6,1100,1,2,1,1,3,75110,M,,,75
201500052259,15,11,7,1755,5,2,2,1,6,75110,M,,,75
201500052260,15,11,12,140,5,2,1,1,6,75110,M,,,75
201500052261,15,11,13,1515,1,2,2,1,7,75110,M,,,75
201500052262,15,11,16,2200,5,2,1,2,6,75110,M,,,75
201500052263,15,11,19,500,5,2,4,1,6,75110,M,,,75
201500052264,15,11,21,600,5,2,3,2,6,75110,M,,,75
201500052265,15,11,23,730,1,2,1,1,6,75110,M,,,75
201500052266,15,11,24,1730,1,2,1,2,1,75110,M,,,75
201500052267,15,11,24,1800,2,2,1,1,2,75110,M,,,75
201500052268,15,11,27,540,1,2,2,1,6,75110,M,,,75
201500052269,15,11,27,815,1,2,2,1,3,75110,M,,,75
201500052270,15,11,27,2100,5,2,5,1,3,75110,M,,,75
201500052271,15,11,29,410,5,2,2,2,3,75110,M,,,75
201500052272,15,12,1,900,1,2,1,1,3,75110,M,,,75
201500052273,15,12,1,2015,5,2,1,1,3,75110,M,,,75
201500052274,15,12,3,1315,1,2,4,1,3,75110,M,,,75
201500052275,15,12,4,218,5,2,2,2,6,75110,M,,,75
201500052276,15,12,4,1350,1,2,1,1,3,75110,M,,,75
201500052277,15,12,10,209,5,2,2,1,3,75110,M,,,75
201500052278,15,12,12,830,1,2,1,8,6,75110,M,,,75
201500052279,15,12,12,1640,5,2,2,1,3,75110,M,,,75
201500052280,15,12,13,2030,5,2,1,1,2,75110,M,,,75
201500052281,15,12,16,1700,4,2,1,1,6,75110,M,,,75
201500052282,15,12,17,1815,5,2,2,1,6,75110,M,,,75
201500052283,15,12,17,1800,5,2,2,1,3,75110,M,,,75
201500052284,15,12,18,2050,5,2,1,1,2,75110,M,,,75
201500052285,15,12,19,1715,5,2,1,1,6,75110,M,,,75
201500052286,15,12,21,1615,1,2,1,1,2,75110,M,,,75
201500052287,15,12,28,2045,5,2,5,1,1,75110,M,,,75
201500052288,15,1,1,138,5,2,2,1,3,75111,M,,,75
201500052289,15,1,3,1735,5,2,2,2,6,75111,M,,,75
201500052290,15,1,5,1850,3,2,2,1,3,75111,M,,,75
201500052291,15,1,5,530,5,2,2,1,6,75111,M,,,75
201500052292,15,1,9,955,1,2,1,1,6,75111,M,,,75
201500052293,15,1,14,830,1,2,2,1,7,75111,M,,,75
201500052294,15,1,15,1125,1,2,3,2,3,75111,M,,,75
201500052295,15,1,15,1820,5,2,7,2,6,75111,M,,,75
201500052296,15,1,16,230,5,2,5,1,6,75111,M,,,75
201500052297,15,1,20,1250,1,2,1,1,3,75111,M,,,75
201500052298,15,1,21,920,1,2,2,1,3,75111,M,,,75
201500052299,15,1,23,2320,5,2,3,1,3,75111,M,,,75
201500052300,15,1,26,450,5,2,1,2,6,75111,M,,,75
201500052301,15,1,31,210,5,2,2,3,6,75111,M,,,75
201500052302,15,2,2,2100,5,2,7,1,6,75111,M,,,75
201500052303,15,2,4,2145,5,2,1,1,6,75111,M,,,75
201500052304,15,2,6,338,5,2,2,1,6,75111,M,,,75
201500052305,15,2,6,2025,5,2,2,1,6,75111,M,,,75
201500052306,15,2,7,1125,1,2,2,1,6,75111,M,,,75
201500052307,15,2,9,1615,1,2,3,1,6,75111,M,,,75
201500052308,15,2,10,2010,5,2,7,1,7,75111,M,,,75
201500052309,15,2,13,1930,5,2,2,2,3,75111,M,,,75
201500052310,15,2,15,1520,1,2,3,1,3,75111,M,,,75
201500052311,15,2,15,2055,5,2,2,1,3,75111,M,,,75
201500052312,15,2,18,2315,5,2,2,1,6,75111,M,,,75
201500052313,15,2,19,930,1,2,2,1,3,75111,M,,,75
201500052314,15,2,19,1645,1,2,2,1,3,75111,M,,,75
201500052315,15,2,20,700,1,2,7,2,2,75111,M,,,75
201500052316,15,2,20,1740,1,2,2,2,6,75111,M,,,75
201500052317,15,2,21,5,5,2,1,3,6,75111,M,,,75
201500052318,15,2,22,1840,5,2,3,1,6,75111,M,,,75
201500052319,15,2,23,1600,1,2,7,8,3,75111,M,,,75
201500052320,15,2,25,2220,5,2,5,2,7,75111,M,,,75
201500052321,15,2,26,1030,1,2,2,2,7,75111,M,,,75
201500052322,15,2,27,107,5,2,1,2,6,75111,M,,,75
201500052323,15,2,27,2025,5,2,1,1,6,75111,M,,,75
201500052324,15,2,28,226,5,2,2,1,6,75111,M,,,75
201500052325,15,2,28,305,5,2,2,1,3,75111,M,,,75
201500052326,15,3,2,1615,1,2,3,1,3,75111,M,,,75
201500052327,15,3,4,1300,1,2,2,8,6,75111,M,,,75
201500052328,15,3,5,2045,5,2,1,1,3,75111,M,,,75
201500052329,15,3,11,820,1,2,1,1,6,75111,M,,,75
201500052330,15,3,12,5,5,2,2,1,3,75111,M,,,75
201500052331,15,3,12,1505,1,2,1,1,1,75111,M,,,75
201500052332,15,3,13,755,1,2,3,1,6,75111,M,,,75
201500052333,15,3,13,2230,5,2,5,1,3,75111,M,,,75
201500052334,15,3,17,1625,1,2,2,1,6,75111,M,,,75
201500052335,15,3,28,330,5,2,1,2,6,75111,M,,,75
201500052336,15,3,29,420,5,2,2,1,6,75111,M,,,75
201500052337,15,3,29,2230,5,2,2,2,2,75111,M,,,75
201500052338,15,3,30,1145,1,2,3,1,7,75111,M,,,75
201500052339,15,4,1,830,1,2,3,1,7,75111,M,,,75
201500052340,15,4,1,1215,1,2,1,1,2,75112,M,,,75
201500052341,15,4,3,1940,2,2,1,2,3,75111,M,,,75
201500052342,15,4,4,750,1,2,2,9,6,75111,M,,,75
201500052343,15,4,6,1810,1,2,2,1,3,75111,M,,,75
201500052344,15,4,7,1845,1,2,2,1,6,75111,M,,,75
201500052345,15,4,9,930,1,2,3,1,2,75111,M,,,75
201500052346,15,4,9,1830,1,2,1,1,3,75111,M,,,75
201500052347,15,4,9,2015,2,2,1,1,3,75111,M,,,75
201500052348,15,4,10,1920,1,2,3,1,3,75111,M,,,75
201500052349,15,4,11,722,1,2,3,2,6,75111,M,,,75
201500052350,15,4,11,1910,1,2,2,1,3,75111,M,,,75
201500052351,15,4,13,1840,1,2,3,1,6,75111,M,,,75
201500052352,15,4,14,1635,1,2,7,1,3,75111,M,,,75
201500052353,15,4,14,1730,1,2,7,1,3,75111,M,,,75
201500052354,15,4,16,1655,1,2,1,1,6,75111,M,,,75
201500052355,15,4,17,1310,1,2,1,1,6,75111,M,,,75
201500052356,15,4,18,415,5,2,3,1,3,75111,M,,,75
201500052357,15,4,18,1340,1,2,2,1,3,75111,M,,,75
201500052358,15,4,20,920,1,2,2,1,6,75111,M,,,75
201500052359,15,4,21,915,1,2,2,1,1,75111,M,,,75
201500052360,15,4,21,1520,1,2,2,1,1,75111,M,,,75
201500052361,15,4,21,1525,1,2,1,1,7,75111,M,,,75
201500052362,15,4,22,1555,1,2,2,1,3,75111,M,,,75
201500052363,15,4,23,1050,1,2,2,1,2,75111,M,,,75
201500052364,15,4,23,2345,5,2,2,1,3,75110,M,,,75
201500052365,15,4,24,1105,1,2,3,1,6,75111,M,,,75
201500052366,15,4,24,1840,1,2,1,2,6,75111,M,,,75
201500052367,15,4,24,2325,5,2,2,1,7,75120,M,,,75
201500052368,15,4,25,1300,1,2,2,1,2,75111,M,,,75
201500052369,15,4,27,1834,1,2,1,1,3,75111,M,,,75
201500052370,15,4,30,1755,1,2,1,2,3,75111,M,,,75
201500052371,15,5,3,1550,1,2,7,8,3,75111,M,,,75
201500052372,15,5,7,1820,1,2,7,1,3,75111,M,,,75
201500052373,15,5,7,1850,1,2,1,1,6,75111,M,,,75
201500052374,15,5,8,2145,5,2,3,1,6,75111,M,,,75
201500052375,15,5,11,1300,1,2,2,1,6,75111,M,,,75
201500052376,15,5,13,920,1,2,1,1,6,75111,M,,,75
201500052377,15,5,14,1810,1,2,7,1,3,75111,M,,,75
201500052378,15,5,15,1850,1,2,1,1,6,75111,M,,,75
201500052379,15,5,16,1105,1,2,7,1,3,75111,M,,,75
201500052380,15,5,17,1110,1,2,7,1,2,75111,M,,,75
201500052381,15,5,16,2045,2,2,3,1,2,75111,M,,,75
201500052382,15,5,18,1600,1,2,2,1,6,75111,M,,,75
201500052383,15,5,18,1745,1,2,1,1,6,75111,M,,,75
201500052384,15,5,20,1310,1,2,5,1,6,75111,M,,,75
201500052385,15,5,20,1335,1,2,2,1,6,75111,M,,,75
201500052386,15,5,20,1940,1,2,7,1,3,75111,M,,,75
201500052387,15,5,21,1020,1,2,1,1,2,75111,M,,,75
201500052388,15,5,23,145,5,2,2,1,2,75111,M,,,75
201500052389,15,5,23,320,5,2,2,1,1,75111,M,,,75
201500052390,15,5,23,540,2,2,2,1,6,75111,M,,,75
201500052391,15,5,24,1400,1,2,7,1,2,75111,M,,,75
201500052392,15,5,25,1735,1,2,2,1,6,75111,M,,,75
201500052393,15,5,25,1945,1,2,1,1,2,75111,M,,,75
201500052394,15,5,26,1545,1,2,7,1,3,75111,M,,,75
201500052395,15,5,29,1445,1,2,4,1,6,75111,M,,,75
201500052396,15,5,29,2010,2,2,2,1,3,75111,M,,,75
201500052397,15,5,31,35,5,2,3,1,7,75111,M,,,75
201500052398,15,5,31,1620,1,2,2,1,1,75111,M,,,75
201500052399,15,6,2,825,1,2,1,1,6,75111,M,,,75
201500052400,15,6,3,915,1,2,5,1,7,75111,M,,,75
201500052401,15,6,5,54,5,2,2,1,6,75111,M,,,75
201500052402,15,6,5,955,1,2,3,1,6,75111,M,,,75
201500052403,15,6,12,1120,1,2,2,1,3,75111,M,,,75
201500052404,15,6,12,1740,1,2,3,1,6,75111,M,,,75
201500052405,15,6,13,125,5,2,2,1,6,75111,M,,,75
201500052406,15,6,13,1505,1,2,3,1,3,75111,M,,,75
201500052407,15,6,14,140,5,2,1,1,6,75111,M,,,75
201500052408,15,6,15,1720,1,2,2,1,1,75111,M,,,75
201500052409,15,6,19,1110,1,2,4,1,3,75111,M,,,75
201500052410,15,6,20,20,5,2,3,1,6,75111,M,,,75
201500052411,15,6,20,140,5,2,2,1,3,75111,M,,,75
201500052412,15,6,21,120,5,2,3,1,2,75111,M,,,75
201500052413,15,6,24,1700,1,2,3,1,2,75103,M,,,75
201500052414,15,6,24,2155,2,2,1,1,6,75111,M,,,75
201500052415,15,6,26,1620,1,2,1,1,6,75111,M,,,75
201500052416,15,6,27,235,5,2,2,1,2,75111,M,,,75
201500052417,15,7,2,2300,5,2,2,1,4,75111,M,,,75
201500052418,15,7,6,1925,1,2,2,1,3,75111,M,,,75
201500052419,15,7,7,1610,1,2,7,1,3,75111,M,,,75
201500052420,15,7,7,1850,1,2,5,1,6,75111,M,,,75
201500052421,15,7,14,1300,1,2,5,1,3,75111,M,,,75
201500052422,15,7,24,1330,1,2,1,8,6,75111,M,,,75
201500052423,15,7,31,1446,1,2,2,1,6,75111,M,,,75
201500052424,15,6,3,1540,1,2,1,1,3,75111,M,,,75
201500052425,15,6,8,1625,1,2,2,7,6,75111,M,,,75
201500052426,15,6,8,2025,2,2,1,7,7,75119,M,,,75
201500052427,15,6,9,915,1,2,3,1,3,75111,M,,,75
201500052428,15,6,9,2025,2,2,2,1,3,75111,M,,,75
201500052429,15,6,12,1055,1,2,1,1,6,75111,M,,,75
201500052430,15,6,14,700,2,2,1,1,6,75111,M,,,75
201500052431,15,6,18,2040,1,2,1,1,6,75111,M,,,75
201500052432,15,6,19,1740,1,2,1,1,4,75111,M,,,75
201500052433,15,6,29,40,5,2,2,1,3,75111,M,,,75
201500052434,15,7,1,45,5,2,2,1,6,75111,M,,,75
201500052435,15,7,2,1940,1,2,5,1,3,75111,M,,,75
201500052436,15,7,3,900,1,2,3,1,3,75111,M,,,75
201500052437,15,7,3,2050,1,2,1,1,3,75111,M,,,75
201500052438,15,7,7,935,1,2,1,1,4,75111,M,,,75
201500052439,15,7,7,2325,5,2,2,1,3,75111,M,,,75
201500052440,15,7,9,1525,1,2,1,1,3,75111,M,,,75
201500052441,15,7,9,1900,1,2,3,1,7,75111,M,,,75
201500052442,15,7,11,1140,1,2,2,1,6,75111,M,,,75
201500052443,15,7,12,550,2,2,2,1,3,75111,M,,,75
201500052444,15,7,13,100,5,2,2,1,6,75111,M,,,75
201500052445,15,7,13,1635,1,2,1,8,3,75111,M,,,75
201500052446,15,7,13,1835,1,2,7,1,2,75111,M,,,75
201500052447,15,7,14,355,5,2,2,1,3,75111,M,,,75
201500052448,15,7,15,1715,1,2,4,1,6,75111,M,,,75
201500052449,15,7,17,1225,1,2,1,1,2,75111,M,,,75
201500052450,15,7,20,145,5,2,2,9,3,75111,M,,,75
201500052451,15,7,20,1115,1,2,1,1,2,75111,M,,,75
201500052452,15,7,22,1629,1,2,7,1,3,75111,M,,,75
201500052453,15,7,24,1525,1,2,3,1,3,75111,M,,,75
201500052454,15,7,27,1000,1,2,2,1,2,75111,M,,,75
201500052455,15,7,29,1645,1,2,7,1,6,75110,M,,,75
201500052456,15,7,30,835,1,2,1,1,3,75111,M,,,75
201500052457,15,8,4,750,1,2,2,1,3,75111,M,,,75
201500052458,15,8,9,1010,1,2,2,2,3,75112,M,,,75
201500052459,15,8,10,1320,1,2,2,1,7,75111,M,,,75
201500052460,15,8,12,1045,1,2,1,1,3,75111,M,,,75
201500052461,15,8,13,1510,1,2,3,1,3,75111,M,,,75
201500052462,15,8,13,1625,1,2,7,1,3,75111,M,,,75
201500052463,15,8,13,1845,1,2,2,7,7,75111,M,,,75
201500052464,15,8,16,450,5,2,3,1,6,75110,M,,,75
201500052465,15,8,19,820,1,2,1,1,3,75111,M,,,75
201500052466,15,8,21,1440,1,2,5,1,6,75111,M,,,75
201500052467,15,8,24,1135,1,2,7,2,6,75111,M,,,75
201500052468,15,8,24,1935,2,2,3,2,3,75111,M,,,75
201500052469,15,8,25,1050,1,2,3,1,3,75111,M,,,75
201500052470,15,8,25,2155,5,2,1,9,3,75111,M,,,75
201500052471,15,8,26,1040,1,2,2,1,6,75111,M,,,75
201500052472,15,8,26,1835,1,2,1,1,3,75111,M,,,75
201500052473,15,8,27,503,5,2,1,2,6,75111,M,,,75
201500052474,15,8,28,1633,1,2,3,1,3,75111,M,,,75
201500052475,15,8,28,1826,1,2,7,1,6,75111,M,,,75
201500052476,15,9,1,940,1,2,7,1,3,75111,M,,,75
201500052477,15,9,3,127,5,2,2,1,6,75111,M,,,75
201500052478,15,9,3,1915,1,2,3,1,3,75111,M,,,75
201500052479,15,9,4,1130,1,2,7,1,2,75111,M,,,75
201500052480,15,9,5,630,2,2,2,1,6,75111,M,,,75
201500052481,15,9,5,1940,2,2,3,2,3,75111,M,,,75
201500052482,15,9,5,1945,5,2,5,2,2,75111,M,,,75
201500052483,15,9,6,2115,5,2,2,1,6,75111,M,,,75
201500052484,15,9,8,230,5,2,7,1,3,75111,M,,,75
201500052485,15,9,9,920,1,2,1,1,6,75111,M,,,75
201500052486,15,9,9,1700,1,2,2,1,3,75111,M,,,75
201500052487,15,9,10,1050,1,2,2,1,6,75111,M,,,75
201500052488,15,9,11,1712,1,2,3,1,3,75111,M,,,75
201500052489,15,9,11,1820,1,2,3,1,6,75120,M,,,75
201500052490,15,9,12,1845,1,2,1,8,3,75111,M,,,75
201500052491,15,9,15,1810,1,2,7,1,3,75111,M,,,75
201500052492,15,9,17,1550,1,2,1,8,3,75111,M,,,75
201500052493,15,9,18,1220,1,2,5,1,6,75111,M,,,75
201500052494,15,9,18,1545,1,2,3,3,2,75111,M,,,75
201500052495,15,9,19,1250,1,2,7,1,3,75111,M,,,75
201500052496,15,9,19,1740,1,2,1,1,3,75111,M,,,75
201500052497,15,9,19,1545,1,2,3,1,7,75111,M,,,75
201500052498,15,9,20,1545,1,2,2,1,6,75111,M,,,75
201500052499,15,9,19,445,5,2,7,1,6,75111,M,,,75
201500052500,15,9,21,940,1,2,3,1,6,75111,M,,,75
201500052501,15,9,22,20,5,2,1,2,2,75111,M,,,75
201500052502,15,9,23,1920,5,2,1,1,3,75111,M,,,75
201500052503,15,9,23,2240,5,2,2,1,3,75111,M,,,75
201500052504,15,9,25,1540,1,2,2,1,6,75111,M,,,75
201500052505,15,9,25,2225,5,2,2,1,3,75111,M,,,75
201500052506,15,9,28,750,1,2,2,1,3,75111,M,,,75
201500052507,15,9,29,1150,1,2,2,1,6,75111,M,,,75
201500052508,15,9,29,1820,1,2,3,1,2,75111,M,,,75
201500052509,15,9,29,1240,1,2,1,1,2,75111,M,,,75
201500052510,15,9,30,1620,1,2,5,1,2,75111,M,,,75
201500052511,15,10,1,835,2,2,1,1,6,75111,M,,,75
201500052512,15,10,2,855,1,2,4,7,6,75111,M,,,75
201500052513,15,10,2,1700,1,2,3,1,6,75111,M,,,75
201500052514,15,10,3,1950,2,2,3,1,3,75111,M,,,75
201500052515,15,10,7,1155,1,2,3,1,2,75111,M,,,75
201500052516,15,10,7,1945,4,2,1,1,3,75111,M,,,75
201500052517,15,10,9,1000,1,2,5,1,6,75111,M,,,75
201500052518,15,10,6,915,1,2,3,2,7,75111,M,,,75
201500052519,15,10,10,1650,1,2,1,1,6,75111,M,,,75
201500052520,15,10,10,2245,5,2,1,1,3,75111,M,,,75
201500052521,15,10,11,1150,1,2,2,1,3,75111,M,,,75
201500052522,15,10,12,1605,1,2,7,1,2,75111,M,,,75
201500052523,15,10,13,1650,1,2,2,1,6,75111,M,,,75
201500052524,15,10,13,1750,1,2,4,1,6,75111,M,,,75
201500052525,15,10,14,1745,1,2,1,1,3,75111,M,,,75
201500052526,15,10,15,1530,1,2,2,1,3,75111,M,,,75
201500052527,15,10,15,1900,5,2,2,1,6,75111,M,,,75
201500052528,15,10,20,1500,1,2,1,1,3,75111,M,,,75
201500052529,15,10,22,1225,1,2,2,2,6,75111,M,,,75
201500052530,15,10,22,1600,1,2,1,1,4,75111,M,,,75
201500052531,15,10,22,2045,5,2,7,2,7,75111,M,,,75
201500052532,15,10,23,1225,1,2,2,1,2,75111,M,,,75
201500052533,15,10,23,1600,1,2,2,1,2,75111,M,,,75
201500052534,15,10,24,2115,5,2,7,1,3,75112,M,,,75
201500052535,15,10,27,1900,4,2,7,2,3,75111,M,,,75
201500052536,15,10,29,700,4,2,1,1,6,75111,M,,,75
201500052537,15,10,30,758,1,2,2,1,2,75111,M,,,75
201500052538,15,11,2,825,1,2,3,1,3,75111,M,,,75
201500052539,15,11,2,855,1,2,1,1,3,75111,M,,,75
201500052540,15,11,2,920,1,2,5,1,3,75111,M,,,75
201500052541,15,11,2,1728,5,2,2,1,3,75111,M,,,75
201500052542,15,11,5,100,5,2,7,1,2,75111,M,,,75
201500052543,15,11,7,845,1,2,3,1,3,75111,M,,,75
201500052544,15,11,7,1825,5,2,1,1,3,75111,M,,,75
201500052545,15,11,8,1625,1,2,2,1,3,75111,M,,,75
201500052546,15,11,11,2050,5,2,2,1,3,75111,M,,,75
201500052547,15,11,11,2154,5,2,3,2,3,75111,M,,,75
201500052548,15,11,12,1415,1,2,5,8,3,75111,M,,,75
201500052549,15,11,12,1510,1,2,5,1,3,75111,M,,,75
201500052550,15,11,13,1950,5,2,5,1,7,75111,M,,,75
201500052551,15,11,16,200,5,2,3,1,6,75111,M,,,75
201500052552,15,11,13,2100,5,2,2,1,3,75111,M,,,75
201500052553,15,11,16,1900,5,2,1,1,6,75111,M,,,75
201500052554,15,11,18,1540,1,2,3,1,6,75111,M,,,75
201500052555,15,11,18,1930,4,2,3,1,6,75111,M,,,75
201500052556,15,11,18,1215,1,2,3,1,2,75111,M,,,75
201500052557,15,11,20,925,1,2,2,3,7,75111,M,,,75
201500052558,15,11,20,1500,1,2,3,2,6,75111,M,,,75
201500052559,15,11,21,610,5,2,1,1,6,75111,M,,,75
201500052560,15,11,21,1250,1,2,2,8,3,75111,M,,,75
201500052561,15,11,21,2010,5,2,2,1,3,75111,M,,,75
201500052562,15,11,22,1645,1,2,2,1,3,75111,M,,,75
201500052563,15,11,23,1750,5,2,7,1,3,75111,M,,,75
201500052564,15,11,23,2230,5,2,1,1,6,75111,M,,,75
201500052565,15,11,24,935,1,2,2,1,3,75111,M,,,75
201500052566,15,11,24,1655,5,2,3,2,6,75111,M,,,75
201500052567,15,11,24,1900,5,2,3,2,3,75111,M,,,75
201500052568,15,11,25,1110,1,2,2,2,2,75111,M,,,75
201500052569,15,11,26,950,1,2,2,1,6,75111,M,,,75
201500052570,15,11,26,2325,5,2,2,1,3,75111,M,,,75
201500052571,15,11,27,810,1,2,3,1,6,75111,M,,,75
201500052572,15,11,27,1955,5,2,2,2,6,75111,M,,,75
201500052573,15,11,28,945,1,2,2,1,3,75111,M,,,75
201500052574,15,11,28,1220,1,2,1,1,2,75111,M,,,75
201500052575,15,11,28,1450,1,2,1,1,2,75111,M,,,75
201500052576,15,11,29,1510,1,2,2,1,6,75111,M,,,75
201500052577,15,12,1,1330,1,2,2,8,6,75111,M,,,75
201500052578,15,12,3,1940,5,2,5,1,3,75111,M,,,75
201500052579,15,12,4,1815,5,2,2,1,6,75112,M,,,75
201500052580,15,12,5,520,5,2,4,1,6,75111,M,,,75
201500052581,15,12,6,2045,5,2,1,1,6,75111,M,,,75
201500052582,15,12,7,950,1,2,1,1,3,75111,M,,,75