Num_Acc,an,mois,jour,hrmn,lum,agg,int,atm,col,com,gps,lat,long,dep
201500052583,15,12,8,835,1,2,2,1,2,75111,M,,,75
201500052584,15,12,8,1435,1,2,1,3,6,75111,M,,,75
201500052585,15,12,8,1640,2,2,4,2,6,75111,M,,,75
201500052586,15,12,9,1155,1,2,1,1,2,75111,M,,,75
201500052587,15,12,10,2200,5,2,7,1,6,75111,M,,,75
201500052588,15,12,11,1755,5,2,3,2,3,75111,M,,,75
201500052589,15,12,14,1725,5,2,2,1,6,75111,M,,,75
201500052590,15,12,15,1125,1,2,1,2,7,75111,M,,,75
201500052591,15,12,16,1000,1,2,1,9,1,75111,M,,,75
201500052592,15,12,17,350,5,2,3,1,3,75111,M,,,75
201500052593,15,12,18,1010,1,2,2,1,7,75111,M,,,75
201500052594,15,12,19,1215,1,2,3,1,6,75111,M,,,75
201500052595,15,12,23,655,2,2,2,2,3,75111,M,,,75
201500052596,15,12,23,1000,1,2,3,1,7,75111,M,,,75
201500052597,15,12,23,1435,1,2,1,1,6,75111,M,,,75
201500052598,15,12,23,1520,1,2,2,1,3,75111,M,,,75
201500052599,15,12,26,1500,1,2,3,1,6,75111,M,,,75
201500052600,15,12,27,615,5,2,3,1,2,75111,M,,,75
201500052601,15,12,27,1220,1,2,2,1,3,75111,M,,,75
201500052602,15,12,29,1535,1,2,1,1,6,75111,M,,,75
201500052603,15,1,1,1500,1,2,2,1,3,75112,M,,,75
201500052604,15,1,2,1235,1,2,2,2,3,75112,M,,,75
201500052605,15,1,3,1030,1,2,5,2,3,75112,M,,,75
201500052606,15,1,4,1648,2,2,1,1,6,75112,M,,,75
201500052607,15,1,5,1710,1,2,1,1,6,75112,M,,,75
201500052608,15,1,8,1340,1,2,3,2,6,75112,M,,,75
201500052609,15,1,9,1100,1,2,1,2,3,75112,M,,,75
201500052610,15,1,11,140,5,2,2,8,1,75112,M,,,75
201500052611,15,1,10,1930,5,2,1,1,6,75112,M,,,75
201500052612,15,1,11,1940,5,2,1,1,6,75112,M,,,75
201500052613,15,1,12,1010,1,2,2,1,3,75112,M,,,75
201500052614,15,1,13,1350,1,2,3,8,3,75112,M,,,75
201500052615,15,1,13,925,1,2,3,1,6,75111,M,,,75
201500052616,15,1,14,1330,1,2,1,1,3,75112,M,,,75
201500052617,15,1,17,1600,1,2,2,1,6,75112,M,,,75
201500052618,15,1,22,815,1,2,5,1,3,75112,M,,,75
201500052619,15,1,23,1520,1,2,7,1,6,75112,M,,,75
201500052620,15,1,21,1350,1,2,7,2,2,75112,M,,,75
201500052621,15,1,26,1625,1,2,2,2,2,75112,M,,,75
201500052622,15,1,28,2030,5,2,2,1,6,75111,M,,,75
201500052623,15,1,29,1230,1,2,1,2,3,75112,M,,,75
201500052624,15,1,29,1755,5,2,1,2,6,75112,M,,,75
201500052625,15,1,30,730,5,2,1,2,4,75112,M,,,75
201500052626,15,1,31,20,5,2,2,2,5,75112,M,,,75
201500052627,15,2,1,155,5,2,3,2,3,75112,M,,,75
201500052628,15,2,2,730,2,2,2,4,6,75112,M,,,75
201500052629,15,2,4,1815,5,2,1,1,3,75112,M,,,75
201500052630,15,2,4,2300,5,2,2,1,3,75112,M,,,75
201500052631,15,2,6,1415,1,2,3,1,3,75112,M,,,75
201500052632,15,2,6,1930,3,2,1,1,6,75112,M,,,75
201500052633,15,2,7,905,1,2,4,1,6,75112,M,,,75
201500052634,15,2,8,35,5,2,2,1,3,75112,M,,,75
201500052635,15,2,12,1715,1,2,3,1,6,75112,M,,,75
201500052636,15,2,13,1550,1,2,3,1,2,75112,M,,,75
201500052637,15,2,14,1302,1,2,3,2,2,75112,M,,,75
201500052638,15,2,15,1335,1,2,7,1,2,75112,M,,,75
201500052639,15,2,17,745,1,2,7,2,6,75112,M,,,75
201500052640,15,2,17,1835,5,2,1,1,3,75112,M,,,75
201500052641,15,2,17,2015,5,2,2,1,6,75112,M,,,75
201500052642,15,2,18,925,1,2,2,1,6,75112,M,,,75
201500052643,15,2,20,1250,1,2,1,2,3,75112,M,,,75
201500052644,15,2,24,1450,1,2,1,7,2,75112,M,,,75
201500052645,15,2,25,900,1,2,1,2,6,75112,M,,,75
201500052646,15,2,25,1845,5,2,3,2,3,75112,M,,,75
201500052647,15,2,26,1715,1,2,2,2,3,75112,M,,,75
201500052648,15,2,26,2240,5,2,2,1,6,75112,M,,,75
201500052649,15,2,27,1520,1,2,2,1,3,75112,M,,,75
201500052650,15,3,1,1800,1,2,1,1,4,75112,M,,,75
201500052651,15,3,2,615,5,2,1,9,2,75112,M,,,75
201500052652,15,3,3,40,5,2,7,1,7,75112,M,,,75
201500052653,15,3,4,1610,1,2,2,1,4,75112,M,,,75
201500052654,15,3,5,105,5,2,3,1,3,75112,M,,,75
201500052655,15,3,5,1025,1,2,1,1,6,75112,M,,,75
201500052656,15,3,5,1200,1,2,1,1,2,75112,M,,,75
201500052657,15,3,6,1430,1,2,1,1,6,75112,M,,,75
201500052658,15,3,6,1730,1,2,3,1,6,75112,M,,,75
201500052659,15,3,7,450,5,2,1,1,6,75112,M,,,75
201500052660,15,3,8,1940,5,2,2,1,3,75112,M,,,75
201500052661,15,3,9,1810,1,2,2,1,3,75112,M,,,75
201500052662,15,3,9,1350,1,2,3,1,3,75111,M,,,75
201500052663,15,3,10,930,1,2,1,1,6,75112,M,,,75
201500052664,15,3,10,1040,1,2,1,1,4,75112,M,,,75
201500052665,15,3,10,1725,1,2,4,1,4,75112,M,,,75
201500052666,15,3,10,1900,5,2,4,1,3,75112,M,,,75
201500052667,15,3,11,740,1,2,4,1,3,75112,M,,,75
201500052668,15,3,11,1200,1,2,2,1,6,75112,M,,,75
201500052669,15,3,12,910,1,2,1,1,3,75112,M,,,75
201500052670,15,3,12,1850,5,2,2,1,4,75112,M,,,75
201500052671,15,3,12,2000,5,2,1,1,5,75112,M,,,75
201500052672,15,3,12,2030,5,2,1,1,6,75112,M,,,75
201500052673,15,3,13,2000,5,2,3,1,3,75112,M,,,75
201500052674,15,3,14,1600,1,2,1,1,6,75118,M,,,75
201500052675,15,3,14,2205,5,2,4,1,3,75112,M,,,75
201500052676,15,3,17,910,1,2,2,1,3,75112,M,,,75
201500052677,15,3,17,1210,1,2,1,1,6,75112,M,,,75
201500052678,15,3,17,1320,1,2,1,1,3,75112,M,,,75
201500052679,15,3,18,45,5,2,1,1,6,75112,M,,,75
201500052680,15,3,18,1245,1,2,2,1,6,75112,M,,,75
201500052681,15,3,20,1510,1,2,1,1,6,75112,M,,,75
201500052682,15,3,20,1620,1,2,2,1,3,75112,M,,,75
201500052683,15,3,22,1540,1,2,1,1,3,75112,M,,,75
201500052684,15,3,24,1105,1,2,3,1,6,75112,M,,,75
201500052685,15,3,24,2010,5,2,2,2,6,75112,M,,,75
201500052686,15,3,26,1105,1,2,3,2,6,75112,M,,,75
201500052687,15,3,27,900,1,2,1,1,7,75112,M,,,75
201500052688,15,3,27,1135,1,2,1,1,6,75112,M,,,75
201500052689,15,3,27,2145,5,2,7,1,6,75112,M,,,75
201500052690,15,3,28,1035,1,2,3,2,2,75112,M,,,75
201500052691,15,3,29,1100,1,2,5,2,6,75112,M,,,75
201500052692,15,3,30,2230,5,2,2,1,3,75112,M,,,75
201500052693,15,4,1,1600,1,2,4,1,2,75112,M,,,75
201500052694,15,4,3,125,5,2,2,1,3,75112,M,,,75
201500052695,15,4,3,2045,5,2,5,2,6,75112,M,,,75
201500052696,15,4,4,150,5,2,5,2,3,75112,M,,,75
201500052697,15,4,4,2302,5,2,7,1,3,75112,M,,,75
201500052698,15,4,6,1330,1,2,5,1,6,75112,M,,,75
201500052699,15,4,6,1730,1,2,2,1,3,75112,M,,,75
201500052700,15,4,8,900,1,2,2,1,3,75112,M,,,75
201500052701,15,4,8,1750,1,2,1,1,3,75112,M,,,75
201500052702,15,4,10,1825,1,2,2,1,3,75112,M,,,75
201500052703,15,4,11,1755,1,2,5,2,7,75112,M,,,75
201500052704,15,4,13,825,1,2,5,1,2,75112,M,,,75
201500052705,15,4,13,930,1,2,1,1,3,75112,M,,,75
201500052706,15,4,13,1745,1,2,2,1,6,75112,M,,,75
201500052707,15,4,13,1840,2,2,1,1,3,75112,M,,,75
201500052708,15,4,14,910,1,2,1,1,3,75112,M,,,75
201500052709,15,4,15,1615,1,2,1,1,7,75112,M,,,75
201500052710,15,4,15,1330,1,2,2,1,3,75112,M,,,75
201500052711,15,4,16,1750,1,2,1,1,6,75112,M,,,75
201500052712,15,4,17,1115,1,2,2,1,3,75112,M,,,75
201500052713,15,4,17,1720,1,2,5,1,3,75112,M,,,75
201500052714,15,4,18,1610,1,2,3,1,7,75112,M,,,75
201500052715,15,4,19,1440,1,2,2,1,7,75112,M,,,75
201500052716,15,4,20,1830,1,2,7,1,2,75112,M,,,75
201500052717,15,4,22,2130,5,2,1,1,6,75112,M,,,75
201500052718,15,4,26,1130,1,2,2,2,3,75112,M,,,75
201500052719,15,4,27,830,1,2,1,1,6,75112,M,,,75
201500052720,15,4,27,915,1,2,1,1,2,75112,M,,,75
201500052721,15,4,28,1235,1,2,1,1,7,75111,M,,,75
201500052722,15,4,29,1705,1,2,2,1,3,75112,M,,,75
201500052723,15,4,29,1940,1,2,1,8,4,75112,M,,,75
201500052724,15,4,30,830,1,2,1,3,2,75112,M,,,75
201500052725,15,4,30,950,1,2,7,2,6,75112,M,,,75
201500052726,15,4,30,1200,1,2,3,2,6,75112,M,,,75
201500052727,15,4,30,1415,1,2,1,2,2,75112,M,,,75
201500052728,15,4,30,1710,1,2,1,2,3,75112,M,,,75
201500052729,15,4,30,2030,4,2,2,3,6,75112,M,,,75
201500052730,15,4,30,2205,5,2,2,3,3,75112,M,,,75
201500052731,15,5,1,415,5,2,1,3,6,75112,M,,,75
201500052732,15,5,1,1505,1,2,1,3,7,75112,M,,,75
201500052733,15,5,1,2150,5,2,2,2,6,75112,M,,,75
201500052734,15,5,2,1735,1,2,7,2,3,75112,M,,,75
201500052735,15,5,3,1340,1,2,1,2,6,75112,M,,,75
201500052736,15,5,6,735,1,2,1,1,2,75112,M,,,75
201500052737,15,5,1,1535,1,2,3,1,2,75112,M,,,75
201500052738,15,5,7,1130,1,2,1,1,3,75112,M,,,75
201500052739,15,5,9,1630,1,2,7,1,3,75112,M,,,75
201500052740,15,5,9,2205,5,2,1,1,1,75112,M,,,75
201500052741,15,5,12,1500,1,2,1,1,3,75112,M,,,75
201500052742,15,5,13,1135,1,2,7,1,6,75112,M,,,75
201500052743,15,5,13,1345,1,2,1,1,6,75112,M,,,75
201500052744,15,5,13,1730,1,2,1,1,3,75112,M,,,75
201500052745,15,5,13,1844,1,2,5,1,6,75112,M,,,75
201500052746,15,5,14,55,5,2,3,1,6,75112,M,,,75
201500052747,15,5,15,915,1,2,2,1,6,75112,M,,,75
201500052748,15,5,15,1330,1,2,1,1,6,75112,M,,,75
201500052749,15,5,16,15,5,2,3,1,1,75112,M,,,75
201500052750,15,5,16,755,1,2,3,1,6,75112,M,,,75
201500052751,15,5,18,900,1,2,3,1,3,75112,M,,,75
201500052752,15,5,20,755,1,2,2,1,2,75112,M,,,75
201500052753,15,5,20,1730,1,2,3,1,6,75112,M,,,75
201500052754,15,5,22,1600,1,2,3,1,2,75112,M,,,75
201500052755,15,5,26,1053,1,2,1,1,4,75112,M,,,75
201500052756,15,5,28,1320,1,2,1,1,6,75112,M,,,75
201500052757,15,5,28,1630,1,2,1,1,6,75112,M,,,75
201500052758,15,5,29,1020,1,2,1,1,6,75112,M,,,75
201500052759,15,5,30,2320,5,2,2,1,2,75112,M,,,75
201500052760,15,6,1,2145,5,2,1,1,6,75112,M,,,75
201500052761,15,6,2,1640,1,2,1,1,4,75112,M,,,75
201500052762,15,6,3,840,1,2,2,1,6,75112,M,,,75
201500052763,15,6,3,1210,1,2,3,1,2,75112,M,,,75
201500052764,15,6,4,840,1,2,5,1,3,75112,M,,,75
201500052765,15,6,6,110,5,2,1,1,2,75112,M,,,75
201500052766,15,6,6,1310,1,2,1,1,1,75112,M,,,75
201500052767,15,6,8,1725,1,2,3,1,6,75112,M,,,75
201500052768,15,6,8,1740,1,2,1,1,6,75112,M,,,75
201500052769,15,6,8,2240,5,2,5,1,1,75112,M,,,75
201500052770,15,6,9,1040,1,2,2,1,6,75112,M,,,75
201500052771,15,6,11,1300,1,2,4,1,6,75112,M,,,75
201500052772,15,6,12,855,1,2,1,1,6,75112,M,,,75
201500052773,15,6,12,915,1,2,2,1,6,75112,M,,,75
201500052774,15,6,13,225,5,2,4,1,3,75112,M,,,75
201500052775,15,6,13,1400,1,2,1,1,6,75112,M,,,75
201500052776,15,6,14,325,5,2,1,1,6,75112,M,,,75
201500052777,15,6,14,1030,1,2,2,1,7,75112,M,,,75
201500052778,15,6,15,1955,1,2,2,1,3,75112,M,,,75
201500052779,15,6,16,1445,1,2,2,1,6,75112,M,,,75
201500052780,15,6,17,1500,1,2,3,1,3,75112,M,,,75
201500052781,15,6,18,745,1,2,1,8,6,75112,M,,,75
201500052782,15,6,23,2025,1,2,2,1,6,75112,M,,,75
201500052783,15,6,24,2125,1,2,1,1,2,75112,M,,,75
201500052784,15,6,26,1338,1,2,1,1,6,75112,M,,,75
201500052785,15,6,26,1755,1,2,2,1,3,75112,M,,,75
201500052786,15,6,27,1710,1,2,4,1,4,75112,M,,,75
201500052787,15,6,28,2150,5,2,1,1,1,75112,M,,,75
201500052788,15,6,30,930,1,2,1,1,6,75112,M,,,75
201500052789,15,6,30,1726,1,2,3,1,6,75112,M,,,75
201500052790,15,6,30,2100,1,2,1,1,6,75112,M,,,75
201500052791,15,6,30,2250,5,2,1,1,6,75112,M,,,75
201500052792,15,7,1,305,5,2,5,1,3,75112,M,,,75
201500052793,15,7,1,1530,1,2,4,1,6,75112,M,,,75
201500052794,15,7,1,1930,1,2,1,1,3,75112,M,,,75
201500052795,15,7,2,2230,5,2,2,1,3,75112,M,,,75
201500052796,15,7,3,1305,1,2,7,1,2,75112,M,,,75
201500052797,15,7,3,1830,1,2,1,1,3,75112,M,,,75
201500052798,15,7,4,1630,1,2,3,1,3,75112,M,,,75
201500052799,15,7,5,40,5,2,1,1,6,75112,M,,,75
201500052800,15,7,6,1540,1,2,3,1,6,75112,M,,,75
201500052801,15,7,6,1830,1,2,5,1,3,75112,M,,,75
201500052802,15,7,6,2050,1,2,5,1,3,75112,M,,,75
201500052803,15,7,7,1130,1,2,1,1,3,75111,M,,,75
201500052804,15,7,7,1600,1,2,1,1,6,75112,M,,,75
201500052805,15,7,9,1800,1,2,4,1,3,75112,M,,,75
201500052806,15,7,12,1715,1,2,5,1,3,75112,M,,,75
201500052807,15,7,14,1410,1,2,1,1,6,75112,M,,,75
201500052808,15,7,14,2310,5,2,3,1,3,75112,M,,,75
201500052809,15,7,15,1735,1,2,7,1,3,75112,M,,,75
201500052810,15,7,16,1520,1,2,1,1,3,75112,M,,,75
201500052811,15,7,16,1340,1,2,2,1,6,75112,M,,,75
201500052812,15,7,17,1820,1,2,2,1,2,75112,M,,,75
201500052813,15,7,19,1705,1,2,2,1,3,75112,M,,,75
201500052814,15,7,20,1640,1,2,2,1,3,75112,M,,,75
201500052815,15,7,21,900,1,2,2,1,3,75112,M,,,75
201500052816,15,7,23,230,5,2,5,1,2,75112,M,,,75
201500052817,15,7,23,450,5,2,5,1,6,75112,M,,,75
201500052818,15,7,25,605,1,2,1,1,6,75112,M,,,75
201500052819,15,7,25,1845,1,2,1,1,6,75112,M,,,75
201500052820,15,7,26,1410,1,2,1,2,6,75111,M,,,75
201500052821,15,7,28,745,1,2,2,8,3,75112,M,,,75
201500052822,15,7,28,906,1,2,5,8,3,75112,M,,,75
201500052823,15,7,28,2100,2,2,7,2,6,75112,M,,,75
201500052824,15,7,29,950,1,2,7,1,7,75112,M,,,75
201500052825,15,7,31,910,1,2,3,1,3,75112,M,,,75
201500052826,15,8,4,550,5,2,1,3,7,75112,M,,,75
201500052827,15,8,4,945,1,2,2,1,3,75112,M,,,75
201500052828,15,8,4,1140,1,2,5,1,3,75112,M,,,75
201500052829,15,8,4,1730,1,2,7,1,6,75112,M,,,75
201500052830,15,8,5,820,1,2,5,1,6,75112,M,,,75
201500052831,15,8,6,825,1,2,3,1,3,75112,M,,,75
201500052832,15,8,8,1445,1,2,1,1,3,75112,M,,,75
201500052833,15,8,11,1435,1,2,3,1,6,75112,M,,,75
201500052834,15,8,13,1315,1,2,1,1,6,75112,M,,,75
201500052835,15,8,17,2020,2,2,4,1,3,75112,M,,,75
201500052836,15,8,18,930,1,2,2,8,3,75112,M,,,75
201500052837,15,8,21,1400,1,2,3,1,6,75112,M,,,75
201500052838,15,8,22,1840,1,2,1,1,3,75112,M,,,75
201500052839,15,8,22,1520,1,2,2,1,3,75112,M,,,75
201500052840,15,8,25,1830,1,2,1,8,6,75112,M,,,75
201500052841,15,8,28,452,1,2,2,1,3,75112,M,,,75
201500052842,15,8,28,1520,1,2,1,1,3,75112,M,,,75
201500052843,15,8,28,1930,1,2,1,1,2,75112,M,,,75
201500052844,15,8,29,430,5,2,1,1,6,75112,M,,,75
201500052845,15,8,30,310,5,2,1,1,6,75112,M,,,75
201500052846,15,8,30,1050,1,2,3,1,6,75112,M,,,75
201500052847,15,8,30,1245,1,2,1,1,3,75112,M,,,75
201500052848,15,8,31,1635,1,2,3,1,3,75112,M,,,75
201500052849,15,8,31,1620,1,2,4,1,6,75112,M,,,75
201500052850,15,8,31,1745,1,2,7,1,3,75112,M,,,75
201500052851,15,9,1,2000,2,2,1,1,7,75112,M,,,75
201500052852,15,9,2,1325,1,2,6,1,6,75112,M,,,75
201500052853,15,9,2,1910,2,2,7,1,6,75112,M,,,75
201500052854,15,9,3,1111,1,2,5,1,2,75112,M,,,75
201500052855,15,9,3,1345,1,2,1,1,6,75112,M,,,75
201500052856,15,9,3,1730,1,2,2,1,6,75112,M,,,75
201500052857,15,9,4,120,5,2,2,1,5,75112,M,,,75
201500052858,15,9,4,1100,1,2,1,1,3,75112,M,,,75
201500052859,15,9,5,1315,1,2,5,1,3,75112,M,,,75
201500052860,15,9,6,340,5,2,2,1,3,75112,M,,,75
201500052861,15,9,6,1820,1,2,2,1,3,75112,M,,,75
201500052862,15,9,7,2235,5,2,7,1,6,75112,M,,,75
201500052863,15,9,8,910,1,2,2,1,6,75112,M,,,75
201500052864,15,9,9,1850,1,2,7,1,2,75112,M,,,75
201500052865,15,9,12,1125,1,2,7,2,7,75112,M,,,75
201500052866,15,9,12,2145,5,2,1,1,7,75112,M,,,75
201500052867,15,9,14,1135,1,2,3,1,6,75112,M,,,75
201500052868,15,9,14,1545,1,2,7,1,6,75112,M,,,75
201500052869,15,9,15,1645,1,2,1,1,2,75112,M,,,75
201500052870,15,9,16,320,5,2,5,3,3,75112,M,,,75
201500052871,15,9,16,640,5,2,4,1,6,75112,M,,,75
201500052872,15,9,16,1900,1,2,1,8,6,75112,M,,,75
201500052873,15,9,17,545,5,2,5,2,6,75112,M,,,75
201500052874,15,9,18,845,1,2,7,1,3,75112,M,,,75
201500052875,15,9,18,1650,1,2,1,2,7,75112,M,,,75
201500052876,15,9,18,1830,1,2,7,2,3,75112,M,,,75
201500052877,15,9,19,150,5,2,2,1,1,75112,M,,,75
201500052878,15,9,19,1800,1,2,2,1,6,75112,M,,,75
201500052879,15,9,22,1200,1,2,1,2,3,75112,M,,,75
201500052880,15,9,24,1125,1,2,3,1,2,75112,M,,,75
201500052881,15,9,25,210,5,2,3,1,6,75112,M,,,75
201500052882,15,9,25,525,5,2,1,1,3,75112,M,,,75
201500052883,15,9,26,1320,1,2,3,1,6,75112,M,,,75
201500052884,15,9,26,1520,1,2,2,1,3,75112,M,,,75
201500052885,15,9,26,1400,1,2,1,1,6,75112,M,,,75
201500052886,15,9,27,855,1,2,3,1,6,75112,M,,,75
201500052887,15,9,24,1020,1,2,3,1,6,75112,M,,,75
201500052888,15,9,28,825,1,2,3,1,2,75112,M,,,75
201500052889,15,9,28,1915,2,2,3,1,2,75112,M,,,75
201500052890,15,9,29,20,5,2,4,1,6,75112,M,,,75
201500052891,15,9,29,859,1,2,7,1,3,75112,M,,,75
201500052892,15,9,29,905,1,2,2,1,3,75112,M,,,75
201500052893,15,9,29,1800,1,2,7,1,6,75112,M,,,75
201500052894,15,9,29,2000,5,2,1,1,3,75112,M,,,75
201500052895,15,9,30,1700,1,2,4,1,6,75112,M,,,75
201500052896,15,9,30,1810,2,2,1,1,3,75111,M,,,75
201500052897,15,10,1,1510,1,2,1,1,2,75112,M,,,75
201500052898,15,10,2,952,1,2,1,1,6,75112,M,,,75
201500052899,15,10,2,915,1,2,2,1,3,75112,M,,,75
201500052900,15,10,2,1750,1,2,1,1,3,75112,M,,,75
201500052901,15,10,3,805,1,2,2,1,3,75112,M,,,75
201500052902,15,10,3,1430,1,2,2,1,3,75112,M,,,75
201500052903,15,10,5,945,1,2,1,1,3,75112,M,,,75
201500052904,15,10,6,805,5,2,4,3,6,75112,M,,,75
201500052905,15,10,6,830,1,2,1,3,3,75112,M,,,75
201500052906,15,10,6,840,1,2,4,3,5,75112,M,,,75
201500052907,15,10,9,900,1,2,1,1,3,75112,M,,,75
201500052908,15,10,9,1455,1,2,1,1,6,75112,M,,,75
201500052909,15,10,10,1715,1,2,5,1,6,75112,M,,,75
201500052910,15,10,10,2118,5,2,3,1,3,75112,M,,,75
201500052911,15,10,10,2325,5,2,1,1,6,75112,M,,,75
201500052912,15,10,11,1645,1,2,1,1,2,75112,M,,,75
201500052913,15,10,12,1415,1,2,2,1,3,75112,M,,,75
201500052914,15,10,14,1355,1,2,1,1,3,75112,M,,,75
201500052915,15,10,16,900,1,2,2,2,6,75112,M,,,75
201500052916,15,10,16,1830,2,2,1,1,3,75112,M,,,75
201500052917,15,10,16,1930,5,2,7,1,6,75112,M,,,75
201500052918,15,10,17,1400,1,2,5,8,2,75112,M,,,75
201500052919,15,10,17,2222,5,2,2,1,3,75112,M,,,75
201500052920,15,10,19,633,5,2,1,1,3,75112,M,,,75
201500052921,15,10,19,1045,1,2,2,1,2,75112,M,,,75
201500052922,15,10,19,1100,1,2,2,1,2,75112,M,,,75
201500052923,15,10,20,1735,2,2,4,2,3,75112,M,,,75
201500052924,15,10,20,2005,5,2,5,1,3,75112,M,,,75
201500052925,15,10,22,1710,1,2,1,1,6,75112,M,,,75
201500052926,15,10,22,1941,5,2,2,2,4,75112,M,,,75
201500052927,15,10,24,1115,1,2,2,1,2,75112,M,,,75
201500052928,15,10,25,1345,1,2,2,1,3,75112,M,,,75
201500052929,15,10,26,1220,1,2,1,1,3,75112,M,,,75
201500052930,15,10,26,1315,1,2,7,1,3,75112,M,,,75
201500052931,15,10,26,1700,2,2,1,1,6,75112,M,,,75
201500052932,15,10,26,1945,5,2,5,1,6,75112,M,,,75
201500052933,15,10,27,430,5,2,3,1,6,75112,M,,,75
201500052934,15,10,27,1100,1,2,1,1,3,75112,M,,,75
201500052935,15,10,27,1350,1,2,2,1,6,75112,M,,,75
201500052936,15,10,28,840,1,2,2,2,6,75112,M,,,75
201500052937,15,10,29,340,5,2,3,1,2,75112,M,,,75
201500052938,15,10,29,920,1,2,1,1,6,75112,M,,,75
201500052939,15,10,30,1020,1,2,1,1,3,75112,M,,,75
201500052940,15,10,30,1235,1,2,1,1,2,75112,M,,,75
201500052941,15,10,30,1820,5,2,3,1,6,75112,M,,,75
201500052942,15,10,31,1620,1,2,2,1,6,75112,M,,,75
201500052943,15,11,2,910,1,2,7,8,2,75112,M,,,75
201500052944,15,11,2,2225,5,2,2,1,3,75112,M,,,75
201500052945,15,11,4,900,1,2,1,2,6,75112,M,,,75
201500052946,15,11,4,1345,1,2,4,1,3,75112,M,,,75
201500052947,15,11,4,1400,1,2,4,1,6,75112,M,,,75
201500052948,15,11,4,2315,5,2,7,1,6,75112,M,,,75
201500052949,15,11,4,1340,1,2,1,1,6,75112,M,,,75
201500052950,15,11,5,1545,1,2,4,1,6,75112,M,,,75
201500052951,15,11,5,1840,5,2,1,2,6,75112,M,,,75
201500052952,15,11,7,1020,1,2,2,1,3,75112,M,,,75
201500052953,15,11,8,1150,1,2,1,1,2,75112,M,,,75
201500052954,15,11,9,10,5,2,1,1,6,75112,M,,,75
201500052955,15,11,10,1330,1,2,2,1,3,75112,M,,,75
201500052956,15,11,10,1935,5,2,5,1,6,75112,M,,,75
201500052957,15,11,11,2030,5,2,1,1,6,75112,M,,,75
201500052958,15,11,12,1,5,2,1,1,4,75112,M,,,75
201500052959,15,11,16,1130,1,2,2,1,6,75112,M,,,75
201500052960,15,11,16,2250,5,2,1,2,3,75112,M,,,75
201500052961,15,11,17,1743,5,2,1,2,3,75112,M,,,75
201500052962,15,11,18,1645,2,2,1,1,6,75112,M,,,75
201500052963,15,11,19,800,1,2,2,1,2,75112,M,,,75
201500052964,15,11,19,2000,5,2,1,2,3,75112,M,,,75
201500052965,15,11,20,550,3,2,3,3,6,75112,M,,,75
201500052966,15,11,20,2330,5,2,2,1,7,75112,M,,,75
201500052967,15,11,22,150,5,2,2,1,3,75112,M,,,75
201500052968,15,11,25,245,5,2,1,2,7,75112,M,,,75
201500052969,15,11,25,1805,5,2,7,2,3,75111,M,,,75
201500052970,15,11,26,735,1,2,1,1,2,75112,M,,,75
201500052971,15,11,26,1530,1,2,2,1,3,75112,M,,,75
201500052972,15,11,27,1305,1,2,1,1,3,75112,M,,,75
201500052973,15,11,27,1605,1,2,3,1,1,75112,M,,,75
201500052974,15,11,27,1700,5,2,2,1,6,75112,M,,,75
201500052975,15,11,23,1350,1,2,4,1,6,75112,M,,,75
201500052976,15,11,29,400,5,2,3,2,4,75112,M,,,75
201500052977,15,11,29,1825,5,2,3,1,3,75112,M,,,75
201500052978,15,11,30,700,5,2,1,1,3,75112,M,,,75
201500052979,15,11,30,905,1,2,1,8,3,75112,M,,,75
201500052980,15,12,6,1850,5,2,1,1,2,75112,M,,,75
201500052981,15,12,7,730,5,2,1,1,3,75112,M,,,75
201500052982,15,12,7,1130,1,2,3,1,6,75112,M,,,75
201500052983,15,12,7,1445,1,2,1,1,7,75112,M,,,75
201500052984,15,12,9,730,5,2,3,1,3,75112,M,,,75
201500052985,15,12,10,750,1,2,2,1,3,75112,M,,,75
201500052986,15,12,10,1800,5,2,1,1,4,75112,M,,,75
201500052987,15,12,10,1700,5,2,1,1,6,75112,M,,,75
201500052988,15,12,12,1120,1,2,7,1,6,75112,M,,,75
201500052989,15,12,13,810,2,2,1,1,6,75112,M,,,75
201500052990,15,12,14,715,2,2,1,1,6,75112,M,,,75
201500052991,15,12,15,25,5,2,1,1,6,75112,M,,,75
201500052992,15,12,15,1245,1,2,1,8,6,75112,M,,,75
201500052993,15,12,17,1200,1,2,5,1,6,75112,M,,,75
201500052994,15,12,17,1600,1,2,7,1,3,75112,M,,,75
201500052995,15,12,18,1715,1,2,5,1,3,75112,M,,,75
201500052996,15,12,20,335,5,2,4,1,3,75112,M,,,75
201500052997,15,12,21,1515,1,2,2,1,6,75112,M,,,75
201500052998,15,12,21,1805,5,2,2,2,2,75112,M,,,75
201500052999,15,12,23,1730,5,2,2,1,3,75112,M,,,75
201500053000,15,12,23,1900,5,2,1,1,3,75112,M,,,75
201500053001,15,12,24,945,1,2,1,1,3,75112,M,,,75
201500053002,15,12,28,1610,2,2,1,1,6,75112,M,,,75
201500053003,15,12,31,105,5,2,4,2,6,75112,M,,,75
201500053004,15,1,1,1245,1,2,1,1,6,75113,M,,,75
201500053005,15,1,3,1530,1,2,3,2,3,75113,M,,,75
201500053006,15,1,6,2350,5,2,5,1,6,75113,M,,,75
201500053007,15,1,8,750,5,2,7,2,6,75113,M,,,75
201500053008,15,1,8,815,1,2,5,8,6,75113,M,,,75
201500053009,15,1,8,1955,5,2,3,1,3,75113,M,,,75
201500053010,15,1,9,845,1,2,1,1,2,75113,M,,,75
201500053011,15,1,9,1720,5,2,5,1,6,75113,M,,,75
201500053012,15,1,10,745,2,2,3,8,6,75113,M,,,75
201500053013,15,1,11,630,5,2,2,1,6,75113,M,,,75
201500053014,15,1,11,1425,1,2,3,1,3,75113,M,,,75
201500053015,15,1,12,1245,1,2,2,1,2,75113,M,,,75
201500053016,15,1,12,1210,1,2,1,1,6,75113,M,,,75
201500053017,15,1,12,1420,1,2,1,1,2,75113,M,,,75
201500053018,15,1,13,1330,1,2,2,1,6,75113,M,,,75