Num_Acc,an,mois,jour,hrmn,lum,agg,int,atm,col,com,gps,lat,long,dep
201500053019,15,1,14,1725,5,2,5,1,6,75113,M,,,75
201500053020,15,1,15,1135,1,2,2,2,6,75113,M,,,75
201500053021,15,1,16,1700,2,2,2,1,2,75113,M,,,75
201500053022,15,1,17,2030,5,2,1,1,3,75113,M,,,75
201500053023,15,1,19,900,1,2,3,2,6,75113,M,,,75
201500053024,15,1,19,1015,1,2,5,1,6,75113,M,,,75
201500053025,15,1,19,1100,1,2,2,1,3,75113,M,,,75
201500053026,15,1,19,1715,5,2,2,1,6,75113,M,,,75
201500053027,15,1,21,642,5,2,3,1,3,75113,M,,,75
201500053028,15,1,21,1730,5,2,2,1,6,75113,M,,,75
201500053029,15,1,22,1130,1,2,1,1,3,75113,M,,,75
201500053030,15,1,25,1140,1,2,1,1,2,75113,M,,,75
201500053031,15,1,26,915,1,2,1,2,3,75113,M,,,75
201500053032,15,1,28,1935,5,2,2,1,3,75113,M,,,75
201500053033,15,1,30,2147,5,2,2,1,3,75113,M,,,75
201500053034,15,2,2,1825,5,2,3,1,6,75113,M,,,75
201500053035,15,2,3,1055,1,2,2,1,5,75113,M,,,75
201500053036,15,2,9,2050,5,2,1,1,6,75113,M,,,75
201500053037,15,2,10,1900,5,2,3,1,6,75113,M,,,75
201500053038,15,2,11,1645,1,2,2,1,6,75113,M,,,75
201500053039,15,2,15,330,5,2,5,8,3,75113,M,,,75
201500053040,15,2,14,2030,5,2,1,2,3,75113,M,,,75
201500053041,15,2,17,1115,1,2,3,2,6,75113,M,,,75
201500053042,15,2,17,1800,1,2,2,1,6,75113,M,,,75
201500053043,15,2,20,900,1,2,3,2,2,75113,M,,,75
201500053044,15,2,20,1915,5,2,2,3,6,75113,M,,,75
201500053045,15,2,21,615,5,2,1,1,6,75113,M,,,75
201500053046,15,2,22,225,5,2,3,1,3,75113,M,,,75
201500053047,15,2,23,1250,1,2,3,1,3,75113,M,,,75
201500053048,15,2,24,1750,1,2,1,1,3,75113,M,,,75
201500053049,15,2,25,705,5,2,2,1,3,75113,M,,,75
201500053050,15,2,27,125,5,2,1,2,3,75113,M,,,75
201500053051,15,2,28,1830,5,2,1,2,7,75113,M,,,75
201500053052,15,3,1,805,1,2,1,1,6,75113,M,,,75
201500053053,15,3,3,815,1,2,2,1,6,75113,M,,,75
201500053054,15,3,5,1800,1,2,2,1,6,75113,M,,,75
201500053055,15,3,7,1610,1,2,2,1,3,75113,M,,,75
201500053056,15,3,10,2300,5,2,1,1,3,75113,M,,,75
201500053057,15,3,11,805,1,2,3,1,3,75113,M,,,75
201500053058,15,3,11,1125,1,2,4,1,6,75113,M,,,75
201500053059,15,3,11,1840,2,2,1,1,6,75113,M,,,75
201500053060,15,3,11,1835,2,2,2,1,6,75113,M,,,75
201500053061,15,3,11,1935,5,2,4,1,3,75113,M,,,75
201500053062,15,3,12,1650,1,2,5,1,3,75113,M,,,75
201500053063,15,3,12,2100,3,2,1,1,2,75113,M,,,75
201500053064,15,3,13,915,1,2,1,1,6,75113,M,,,75
201500053065,15,3,13,1030,1,2,1,1,6,75113,M,,,75
201500053066,15,3,13,1350,1,2,2,1,6,75113,M,,,75
201500053067,15,3,14,2050,5,2,4,1,3,75113,M,,,75
201500053068,15,3,16,1355,1,2,2,1,6,75113,M,,,75
201500053069,15,3,19,2015,5,2,4,1,3,75113,M,,,75
201500053070,15,3,21,2215,5,2,2,2,2,75113,M,,,75
201500053071,15,3,22,1730,1,2,2,1,1,75113,M,,,75
201500053072,15,3,24,803,1,2,2,2,2,75113,M,,,75
201500053073,15,3,24,1910,5,2,1,2,6,75113,M,,,75
201500053074,15,3,25,145,5,2,1,2,6,75113,M,,,75
201500053075,15,3,25,1025,1,2,5,8,3,75113,M,,,75
201500053076,15,3,30,1129,1,2,1,1,6,75113,M,,,75
201500053077,15,3,30,1525,1,2,1,1,7,75113,M,,,75
201500053078,15,3,31,225,5,2,2,1,1,75113,M,,,75
201500053079,15,4,1,732,1,2,5,1,6,75113,M,,,75
201500053080,15,4,1,935,1,2,7,1,3,75113,M,,,75
201500053081,15,3,31,1645,1,2,2,1,6,75113,M,,,75
201500053082,15,4,1,1955,2,2,1,1,4,75105,M,,,75
201500053083,15,3,31,2030,2,2,1,1,2,75113,M,,,75
201500053084,15,4,3,1135,1,2,1,8,6,75113,M,,,75
201500053085,15,4,3,2000,5,2,5,2,3,75106,M,,,75
201500053086,15,4,10,1110,1,2,3,1,3,75113,M,,,75
201500053087,15,4,11,1310,1,2,3,1,3,75113,M,,,75
201500053088,15,4,11,1800,1,2,2,2,6,75113,M,,,75
201500053089,15,4,11,2115,5,2,3,1,7,75113,M,,,75
201500053090,15,4,12,1445,1,2,2,1,6,75113,M,,,75
201500053091,15,4,14,1520,1,2,2,1,6,75113,M,,,75
201500053092,15,4,14,1725,1,2,2,1,3,75113,M,,,75
201500053093,15,4,14,1830,1,2,2,1,3,75113,M,,,75
201500053094,15,4,16,820,1,2,5,1,6,75113,M,,,75
201500053095,15,4,18,635,2,2,3,1,2,75113,M,,,75
201500053096,15,4,18,1420,1,2,5,1,6,75113,M,,,75
201500053097,15,4,20,1700,1,2,1,1,6,75113,M,,,75
201500053098,15,4,21,2150,5,2,2,1,1,75105,M,,,75
201500053099,15,4,22,1825,1,2,2,1,7,75113,M,,,75
201500053100,15,4,22,2244,5,2,1,1,1,75113,M,,,75
201500053101,15,4,24,40,5,2,2,1,6,75113,M,,,75
201500053102,15,4,24,1030,1,2,2,1,6,75113,M,,,75
201500053103,15,4,24,1130,1,2,4,1,3,75113,M,,,75
201500053104,15,4,26,210,5,2,2,1,6,75113,M,,,75
201500053105,15,4,27,545,5,2,3,2,6,75113,M,,,75
201500053106,15,4,27,830,1,2,1,1,6,75113,M,,,75
201500053107,15,4,28,1625,1,2,2,1,2,75113,M,,,75
201500053108,15,5,2,2210,5,2,1,2,7,75113,M,,,75
201500053109,15,5,3,2105,5,2,1,1,2,75113,M,,,75
201500053110,15,5,4,1655,1,2,7,2,3,75113,M,,,75
201500053111,15,5,4,1640,1,2,5,3,3,75113,M,,,75
201500053112,15,5,6,2045,1,2,3,2,3,75113,M,,,75
201500053113,15,5,7,2150,5,2,3,1,3,75113,M,,,75
201500053114,15,5,9,410,5,2,1,1,5,75113,M,,,75
201500053115,15,5,10,140,5,2,5,1,3,75113,M,,,75
201500053116,15,5,10,1725,1,2,4,1,3,75113,M,,,75
201500053117,15,5,11,929,2,2,3,1,6,75113,M,,,75
201500053118,15,5,11,1043,1,2,1,1,6,75113,M,,,75
201500053119,15,5,11,1040,1,2,3,1,6,75113,M,,,75
201500053120,15,5,11,1825,1,2,1,1,2,75113,M,,,75
201500053121,15,5,12,900,1,2,1,1,6,75113,M,,,75
201500053122,15,5,12,800,1,2,1,1,3,75113,M,,,75
201500053123,15,5,12,2345,5,2,1,1,7,75113,M,,,75
201500053124,15,5,13,850,1,2,1,1,6,75113,M,,,75
201500053125,15,5,15,1100,1,2,3,1,6,75113,M,,,75
201500053126,15,5,16,1700,1,2,3,1,6,75113,M,,,75
201500053127,15,5,17,1525,1,2,5,1,3,75113,M,,,75
201500053128,15,5,18,15,5,2,4,1,6,75113,M,,,75
201500053129,15,5,20,1800,1,2,2,1,3,75113,M,,,75
201500053130,15,5,20,1700,1,2,1,8,6,75113,M,,,75
201500053131,15,5,24,1419,1,2,3,1,3,75113,M,,,75
201500053132,15,5,25,1005,1,2,1,1,2,75113,M,,,75
201500053133,15,5,25,1330,1,2,3,2,6,75113,M,,,75
201500053134,15,5,25,550,2,2,1,2,6,75113,M,,,75
201500053135,15,5,27,930,1,2,1,1,3,75113,M,,,75
201500053136,15,5,27,1000,1,2,3,1,3,75113,M,,,75
201500053137,15,5,27,1930,1,2,1,1,5,75113,M,,,75
201500053138,15,5,28,1120,1,2,7,1,6,75113,M,,,75
201500053139,15,5,29,2000,1,2,1,1,2,75113,M,,,75
201500053140,15,5,30,2330,5,2,1,1,3,75113,M,,,75
201500053141,15,5,31,1200,1,2,2,3,6,75113,M,,,75
201500053142,15,6,2,841,1,2,1,1,6,75105,M,,,75
201500053143,15,6,2,1345,1,2,1,1,6,75113,M,,,75
201500053144,15,6,2,1520,1,2,3,1,6,75113,M,,,75
201500053145,15,6,5,1120,1,2,3,1,3,75113,M,,,75
201500053146,15,6,6,5,5,2,5,1,3,75113,M,,,75
201500053147,15,6,6,1405,1,2,1,1,6,75113,M,,,75
201500053148,15,6,6,1505,1,2,1,1,3,75113,M,,,75
201500053149,15,6,8,830,1,2,7,1,3,75113,M,,,75
201500053150,15,6,8,2020,2,2,2,1,6,75113,M,,,75
201500053151,15,6,9,855,1,2,1,1,3,75113,M,,,75
201500053152,15,6,11,2045,1,2,3,1,3,75113,M,,,75
201500053153,15,6,12,1335,1,2,2,1,6,75113,M,,,75
201500053154,15,6,12,2005,1,2,3,1,3,75113,M,,,75
201500053155,15,6,13,5,5,2,3,1,6,75113,M,,,75
201500053156,15,6,14,145,5,2,1,1,6,75113,M,,,75
201500053157,15,6,16,1725,1,2,2,1,6,75113,M,,,75
201500053158,15,6,17,635,1,2,3,1,3,75113,M,,,75
201500053159,15,6,18,1645,1,2,3,1,6,75113,M,,,75
201500053160,15,6,18,1650,1,2,3,1,3,75113,M,,,75
201500053161,15,6,19,1915,1,2,1,1,2,75107,M,,,75
201500053162,15,6,20,1105,1,2,3,1,2,75113,M,,,75
201500053163,15,6,23,240,5,2,2,1,2,75113,M,,,75
201500053164,15,6,25,315,5,2,2,1,7,75113,M,,,75
201500053165,15,6,26,30,5,2,1,1,3,75113,M,,,75
201500053166,15,6,26,1850,1,2,1,1,6,75113,M,,,75
201500053167,15,6,27,225,4,2,1,1,3,75105,M,,,75
201500053168,15,6,27,1920,1,2,2,1,3,75113,M,,,75
201500053169,15,6,29,925,1,2,1,1,6,75113,M,,,75
201500053170,15,7,1,825,1,2,1,1,6,75113,M,,,75
201500053171,15,7,1,1115,1,2,7,1,6,75113,M,,,75
201500053172,15,7,1,1500,1,2,1,1,3,75113,M,,,75
201500053173,15,7,3,1530,1,2,7,1,3,75113,M,,,75
201500053174,15,7,4,2345,5,2,2,1,6,75113,M,,,75
201500053175,15,7,5,2230,5,2,2,1,3,75113,M,,,75
201500053176,15,7,6,1910,1,2,1,1,2,75113,M,,,75
201500053177,15,7,8,1255,1,2,5,1,3,75113,M,,,75
201500053178,15,7,10,750,1,2,4,1,2,75113,M,,,75
201500053179,15,7,11,1530,1,2,1,1,2,75113,M,,,75
201500053180,15,7,12,210,5,2,7,1,2,75113,M,,,75
201500053181,15,7,12,2020,1,2,2,1,6,75113,M,,,75
201500053182,15,7,15,1200,1,2,1,1,2,75113,M,,,75
201500053183,15,7,15,2110,1,2,4,1,6,75113,M,,,75
201500053184,15,7,17,900,1,2,2,1,3,75113,M,,,75
201500053185,15,7,20,853,1,2,5,1,3,75113,M,,,75
201500053186,15,7,20,1840,1,2,3,1,3,75113,M,,,75
201500053187,15,7,21,1806,1,2,3,1,6,75113,M,,,75
201500053188,15,7,23,355,5,2,3,1,6,75113,M,,,75
201500053189,15,7,23,1900,1,2,3,1,3,75113,M,,,75
201500053190,15,7,24,1610,1,2,3,2,6,75113,M,,,75
201500053191,15,7,26,1615,1,2,3,2,3,75113,M,,,75
201500053192,15,7,26,1820,1,2,3,8,6,75113,M,,,75
201500053193,15,7,28,1530,1,2,1,1,6,75113,M,,,75
201500053194,15,7,28,1720,1,2,4,1,6,75113,M,,,75
201500053195,15,7,29,850,1,2,2,1,3,75113,M,,,75
201500053196,15,7,30,1620,1,2,3,1,3,75113,M,,,75
201500053197,15,7,31,1400,1,2,4,1,2,75113,M,,,75
201500053198,15,8,1,245,5,2,1,1,6,75113,M,,,75
201500053199,15,8,2,50,5,2,2,1,6,75113,M,,,75
201500053200,15,8,2,1450,1,2,1,1,6,75113,M,,,75
201500053201,15,8,2,1635,1,2,1,1,4,75113,M,,,75
201500053202,15,8,3,1745,1,2,2,1,3,75113,M,,,75
201500053203,15,8,3,1950,1,2,1,1,2,75113,M,,,75
201500053204,15,8,5,1523,1,2,3,1,6,75113,M,,,75
201500053205,15,8,6,936,1,2,4,1,3,75113,M,,,75
201500053206,15,8,6,2135,2,2,1,1,6,75113,M,,,75
201500053207,15,8,7,1920,1,2,3,1,6,75113,M,,,75
201500053208,15,8,7,2300,5,2,5,1,6,75113,M,,,75
201500053209,15,8,8,1916,1,2,3,1,3,75113,M,,,75
201500053210,15,8,8,2215,5,2,1,1,4,75113,M,,,75
201500053211,15,8,11,1630,1,2,1,1,6,75113,M,,,75
201500053212,15,8,11,1845,1,2,1,1,2,75113,M,,,75
201500053213,15,8,12,730,1,2,2,1,3,75113,M,,,75
201500053214,15,8,12,1515,1,2,2,1,3,75113,M,,,75
201500053215,15,8,13,840,1,2,4,1,3,75113,M,,,75
201500053216,15,8,14,1530,1,2,4,1,2,75113,M,,,75
201500053217,15,8,15,240,5,2,3,2,3,75113,M,,,75
201500053218,15,8,15,1615,1,2,3,1,6,75113,M,,,75
201500053219,15,8,17,1750,1,2,2,1,3,75113,M,,,75
201500053220,15,8,18,105,5,2,4,1,6,75113,M,,,75
201500053221,15,8,20,1030,1,2,2,3,2,75114,M,,,75
201500053222,15,8,22,1220,1,2,3,1,3,75113,M,,,75
201500053223,15,8,22,2030,2,2,2,1,2,75113,M,,,75
201500053224,15,8,23,1825,1,2,3,1,3,75113,M,,,75
201500053225,15,8,25,1620,1,2,3,2,3,75113,M,,,75
201500053226,15,8,26,945,1,2,5,1,3,75113,M,,,75
201500053227,15,8,26,1650,1,2,7,1,6,75113,M,,,75
201500053228,15,8,27,1505,1,2,1,3,3,75113,M,,,75
201500053229,15,8,27,2035,5,2,7,3,5,75113,M,,,75
201500053230,15,8,28,1214,1,2,5,1,6,75113,M,,,75
201500053231,15,8,28,1945,1,2,1,1,6,75113,M,,,75
201500053232,15,8,29,1240,1,2,2,1,6,75113,M,,,75
201500053233,15,8,30,1620,1,2,1,1,2,75113,M,,,75
201500053234,15,8,31,1842,1,2,1,1,3,75113,M,,,75
201500053235,15,9,1,550,2,2,3,2,2,75113,M,,,75
201500053236,15,9,2,5,5,2,1,1,6,75113,M,,,75
201500053237,15,9,6,1655,1,2,4,1,3,75113,M,,,75
201500053238,15,9,7,1110,1,2,5,1,7,75113,M,,,75
201500053239,15,9,8,900,1,2,7,8,6,75113,M,,,75
201500053240,15,9,9,740,1,2,5,1,3,75113,M,,,75
201500053241,15,9,9,1345,1,2,2,1,6,75113,M,,,75
201500053242,15,9,9,1620,1,2,2,1,7,75113,M,,,75
201500053243,15,9,9,1630,1,2,2,1,3,75113,M,,,75
201500053244,15,9,9,1900,1,2,1,1,6,75113,M,,,75
201500053245,15,9,9,1830,1,2,5,7,6,75113,M,,,75
201500053246,15,9,10,855,1,2,5,7,6,75113,M,,,75
201500053247,15,9,10,1135,1,2,5,1,4,75113,M,,,75
201500053248,15,9,11,1700,1,2,7,1,3,75113,M,,,75
201500053249,15,9,12,105,5,2,7,1,3,75113,M,,,75
201500053250,15,9,15,1300,1,2,2,1,6,75113,M,,,75
201500053251,15,9,15,1921,1,2,2,1,6,75113,M,,,75
201500053252,15,9,16,130,5,2,1,3,6,75113,M,,,75
201500053253,15,9,16,845,1,2,1,3,7,75113,M,,,75
201500053254,15,9,16,1835,1,2,3,1,7,75113,M,,,75
201500053255,15,9,17,1825,1,2,2,1,3,75113,M,,,75
201500053256,15,9,18,1105,1,2,1,1,6,75113,M,,,75
201500053257,15,9,20,455,5,2,3,1,6,75113,M,,,75
201500053258,15,9,21,840,1,2,2,1,6,75113,M,,,75
201500053259,15,9,27,655,2,2,7,1,2,75113,M,,,75
201500053260,15,9,27,940,1,2,4,1,2,75113,M,,,75
201500053261,15,9,27,1650,1,2,3,1,6,75113,M,,,75
201500053262,15,9,28,1920,5,2,3,1,3,75113,M,,,75
201500053263,15,9,28,2050,5,2,3,1,3,75113,M,,,75
201500053264,15,9,30,1140,1,2,1,1,6,75113,M,,,75
201500053265,15,10,2,1840,1,2,3,1,6,75113,M,,,75
201500053266,15,10,3,450,3,2,1,1,6,75113,M,,,75
201500053267,15,9,30,1940,5,2,1,1,6,75113,M,,,75
201500053268,15,10,4,650,5,2,1,1,4,75113,M,,,75
201500053269,15,10,4,1850,1,2,1,1,6,75113,M,,,75
201500053270,15,10,4,2215,5,2,2,1,3,75113,M,,,75
201500053271,15,10,5,1525,1,2,1,3,6,75105,M,,,75
201500053272,15,10,5,2020,5,2,4,8,3,75113,M,,,75
201500053273,15,10,7,1820,1,2,2,1,6,75113,M,,,75
201500053274,15,10,9,1335,1,2,5,1,7,75113,M,,,75
201500053275,15,10,9,1815,1,2,1,1,1,75113,M,,,75
201500053276,15,10,9,1955,5,2,1,1,6,75113,M,,,75
201500053277,15,10,10,130,5,2,1,1,2,75113,M,,,75
201500053278,15,10,10,130,5,2,5,1,6,75113,M,,,75
201500053279,15,10,11,330,5,2,2,1,6,75113,M,,,75
201500053280,15,10,11,2100,5,2,1,1,7,75113,M,,,75
201500053281,15,10,14,40,5,2,2,1,6,75113,M,,,75
201500053282,15,10,14,1205,1,2,7,1,1,75113,M,,,75
201500053283,15,10,14,2020,5,2,1,2,6,75113,M,,,75
201500053284,15,10,15,650,5,2,2,1,6,75113,M,,,75
201500053285,15,10,16,1530,1,2,1,8,3,75113,M,,,75
201500053286,15,10,17,545,5,2,2,2,3,75113,M,,,75
201500053287,15,10,17,1700,1,2,3,2,3,75113,M,,,75
201500053288,15,10,18,1620,1,2,3,1,6,75113,M,,,75
201500053289,15,10,19,1037,1,2,1,1,6,75113,M,,,75
201500053290,15,10,20,1915,5,2,2,1,6,75113,M,,,75
201500053291,15,10,21,2015,5,2,3,1,6,75113,M,,,75
201500053292,15,10,22,100,5,2,2,2,7,75113,M,,,75
201500053293,15,10,22,1105,1,2,2,2,7,75113,M,,,75
201500053294,15,10,22,1230,1,2,1,1,6,75113,M,,,75
201500053295,15,10,22,1645,1,2,5,1,3,75113,M,,,75
201500053296,15,10,22,1930,5,2,3,2,6,75113,M,,,75
201500053297,15,10,23,1339,1,2,2,1,6,75113,M,,,75
201500053298,15,10,24,720,5,2,3,1,6,75113,M,,,75
201500053299,15,10,27,1600,1,2,3,1,7,75113,M,,,75
201500053300,15,10,28,730,1,2,3,2,2,75113,M,,,75
201500053301,15,10,28,1535,1,2,4,1,3,75113,M,,,75
201500053302,15,10,29,715,2,2,1,1,6,75113,M,,,75
201500053303,15,10,30,1020,1,2,1,1,6,75113,M,,,75
201500053304,15,10,30,1430,1,2,3,1,2,75113,M,,,75
201500053305,15,10,30,1645,1,2,1,1,6,75105,M,,,75
201500053306,15,10,30,1855,5,2,2,1,6,75113,M,,,75
201500053307,15,11,2,1545,1,2,5,1,6,75113,M,,,75
201500053308,15,11,2,1720,1,2,1,1,6,75113,M,,,75
201500053309,15,11,2,1905,5,2,5,1,3,75113,M,,,75
201500053310,15,11,3,930,1,2,1,2,4,75113,M,,,75
201500053311,15,11,3,1450,1,2,2,1,6,75113,M,,,75
201500053312,15,11,4,115,5,2,4,2,6,75113,M,,,75
201500053313,15,11,4,920,1,2,7,2,7,75113,M,,,75
201500053314,15,11,4,1950,5,2,2,1,3,75113,M,,,75
201500053315,15,11,5,1230,1,2,2,1,6,75113,M,,,75
201500053316,15,11,6,1130,1,2,5,1,2,75113,M,,,75
201500053317,15,11,6,1530,1,2,5,2,6,75113,M,,,75
201500053318,15,11,9,947,1,2,1,1,6,75113,M,,,75
201500053319,15,11,12,1325,1,2,4,1,3,75113,M,,,75
201500053320,15,11,13,1415,1,2,2,1,6,75113,M,,,75
201500053321,15,11,14,1130,1,2,2,1,3,75113,M,,,75
201500053322,15,11,16,2040,5,2,1,2,7,75113,M,,,75
201500053323,15,11,17,1900,5,2,1,2,7,75113,M,,,75
201500053324,15,11,18,925,1,2,2,1,6,75113,M,,,75
201500053325,15,11,18,1820,5,2,3,1,6,75113,M,,,75
201500053326,15,11,19,1905,5,2,2,2,6,75113,M,,,75
201500053327,15,11,20,510,5,2,2,3,3,75113,M,,,75
201500053328,15,11,21,310,5,2,1,2,6,75113,M,,,75
201500053329,15,11,21,1535,1,2,5,3,6,75113,M,,,75
201500053330,15,11,22,105,5,2,1,1,6,75113,M,,,75
201500053331,15,11,23,625,5,2,1,1,5,75113,M,,,75
201500053332,15,11,23,853,1,2,3,1,7,75113,M,,,75
201500053333,15,11,23,2100,3,2,3,1,6,75113,M,,,75
201500053334,15,11,24,800,1,2,3,1,6,75113,M,,,75
201500053335,15,11,27,1420,1,2,3,1,6,75113,M,,,75
201500053336,15,11,27,1815,5,2,3,1,6,75113,M,,,75
201500053337,15,11,27,1829,5,2,7,1,3,75113,M,,,75
201500053338,15,11,27,2045,5,2,1,2,3,75113,M,,,75
201500053339,15,11,28,2125,5,2,4,1,2,75113,M,,,75
201500053340,15,11,30,1435,1,2,2,1,3,75113,M,,,75
201500053341,15,12,1,1215,1,2,3,1,3,75113,M,,,75
201500053342,15,12,3,1055,1,2,2,1,6,75113,M,,,75
201500053343,15,12,5,1520,1,2,3,1,2,75113,M,,,75
201500053344,15,12,7,35,5,2,7,1,3,75113,M,,,75
201500053345,15,12,8,625,5,2,4,1,7,75113,M,,,75
201500053346,15,12,11,1840,5,2,3,1,6,75113,M,,,75
201500053347,15,12,15,1815,5,2,1,2,6,75113,M,,,75
201500053348,15,12,15,2000,5,2,5,3,6,75113,M,,,75
201500053349,15,12,15,1915,5,2,2,2,3,75113,M,,,75
201500053350,15,12,16,1330,1,2,1,1,6,75113,M,,,75
201500053351,15,12,16,1900,1,2,1,1,7,75113,M,,,75
201500053352,15,12,17,1000,1,2,3,1,3,75113,M,,,75
201500053353,15,12,17,1920,5,2,2,1,6,75113,M,,,75
201500053354,15,12,18,1630,2,2,5,2,6,75113,M,,,75
201500053355,15,12,18,1800,5,2,2,1,6,75113,M,,,75
201500053356,15,12,19,40,5,2,3,1,6,75113,M,,,75
201500053357,15,12,19,624,5,2,2,1,6,75113,M,,,75
201500053358,15,12,20,1840,5,2,4,1,6,75113,M,,,75
201500053359,15,12,21,2050,5,2,1,1,3,75113,M,,,75
201500053360,15,12,22,10,5,2,4,2,3,75113,M,,,75
201500053361,15,12,22,1650,1,2,3,1,6,75113,M,,,75
201500053362,15,12,23,1257,1,2,3,1,2,75113,M,,,75
201500053363,15,12,26,2200,5,2,1,1,3,75113,M,,,75
201500053364,15,1,2,2000,5,2,1,1,6,75114,M,,,75
201500053365,15,1,6,2250,5,2,1,1,2,75114,M,,,75
201500053366,15,1,8,835,1,2,2,1,6,75114,M,,,75
201500053367,15,1,13,1810,5,2,1,2,6,75114,M,,,75
201500053368,15,1,16,1930,5,2,1,2,6,75114,M,,,75
201500053369,15,1,16,1958,5,2,5,3,3,75114,M,,,75
201500053370,15,1,17,1450,1,2,7,1,6,75114,M,,,75
201500053371,15,1,18,1710,1,2,2,1,2,75114,M,,,75
201500053372,15,1,20,2350,5,2,1,1,3,75114,M,,,75
201500053373,15,1,21,800,1,2,1,1,7,75114,M,,,75
201500053374,15,1,24,1947,5,2,1,1,6,75114,M,,,75
201500053375,15,1,25,1040,1,2,5,1,6,75114,M,,,75
201500053376,15,1,27,1415,1,2,2,1,6,75114,M,,,75
201500053377,15,1,27,1445,1,2,1,1,1,75114,M,,,75
201500053378,15,1,28,1515,1,2,1,2,7,75114,M,,,75
201500053379,15,1,28,1605,1,2,1,2,2,75114,M,,,75
201500053380,15,1,29,905,1,2,4,1,3,75114,M,,,75
201500053381,15,1,29,2100,5,2,2,2,3,75114,M,,,75
201500053382,15,1,29,815,1,2,1,1,3,75114,M,,,75
201500053383,15,1,30,1430,1,2,2,2,6,75114,M,,,75
201500053384,15,1,31,225,5,2,1,2,6,75114,M,,,75
201500053385,15,1,31,1750,5,2,2,8,3,75114,M,,,75
201500053386,15,2,1,626,5,2,1,9,6,75114,M,,,75
201500053387,15,2,2,1030,1,2,2,1,3,75114,M,,,75
201500053388,15,2,5,2010,5,2,1,1,6,75113,M,,,75
201500053389,15,2,6,1815,5,2,1,1,3,75114,M,,,75
201500053390,15,2,7,905,1,2,2,1,2,75114,M,,,75
201500053391,15,2,7,2118,5,2,2,1,2,75114,M,,,75
201500053392,15,2,11,710,2,2,4,1,3,75114,M,,,75
201500053393,15,2,11,1505,1,2,3,1,6,75114,M,,,75
201500053394,15,2,11,1255,1,2,5,1,3,75114,M,,,75
201500053395,15,2,12,1610,1,2,2,1,3,75114,M,,,75
201500053396,15,2,13,20,5,2,2,1,3,75114,M,,,75
201500053397,15,2,13,2015,5,2,5,2,2,75114,M,,,75
201500053398,15,2,16,1930,5,2,1,1,4,75114,M,,,75
201500053399,15,2,19,1200,1,2,1,1,4,75114,M,,,75
201500053400,15,2,19,1135,2,2,1,1,2,75114,M,,,75
201500053401,15,2,19,1250,1,2,2,1,2,75114,M,,,75
201500053402,15,2,20,815,1,2,1,2,6,75114,M,,,75
201500053403,15,2,20,2345,5,2,2,2,6,75114,M,,,75
201500053404,15,2,24,110,5,2,3,1,6,75114,M,,,75
201500053405,15,2,26,325,5,2,3,2,6,75114,M,,,75
201500053406,15,2,27,1115,1,2,1,1,3,75114,M,,,75
201500053407,15,2,27,1425,1,2,3,1,6,75114,M,,,75
201500053408,15,2,28,1426,1,2,3,1,3,75114,M,,,75
201500053409,15,3,3,1805,1,2,7,2,7,75113,M,,,75
201500053410,15,3,9,930,1,2,4,1,4,75114,M,,,75
201500053411,15,3,10,820,1,2,2,1,7,75114,M,,,75
201500053412,15,3,10,1930,5,2,2,1,3,75115,M,,,75
201500053413,15,3,14,440,5,2,1,1,3,75114,M,,,75
201500053414,15,3,14,825,1,2,5,1,6,75114,M,,,75
201500053415,15,3,19,215,5,2,1,1,2,75114,M,,,75
201500053416,15,3,19,1115,1,2,2,1,7,75114,M,,,75
201500053417,15,3,23,1940,5,2,1,1,6,75114,M,,,75
201500053418,15,3,24,1520,1,2,4,2,7,75114,M,,,75
201500053419,15,3,26,2120,5,2,3,1,7,75114,M,,,75
201500053420,15,3,31,920,1,2,2,2,3,75114,M,,,75
201500053421,15,4,1,850,2,2,2,1,3,75114,M,,,75
201500053422,15,4,2,1355,1,2,7,2,6,75114,M,,,75
201500053423,15,4,2,1815,1,2,7,2,3,75114,M,,,75
201500053424,15,4,3,1400,1,2,4,3,2,75114,M,,,75
201500053425,15,4,3,2035,5,2,3,2,6,75114,M,,,75
201500053426,15,4,4,620,5,2,2,2,3,75114,M,,,75
201500053427,15,4,7,1445,1,2,1,1,3,75114,M,,,75
201500053428,15,4,7,1725,1,2,2,1,6,75114,M,,,75
201500053429,15,4,8,1115,1,2,3,1,6,75114,M,,,75
201500053430,15,4,8,2230,5,2,7,1,3,75114,M,,,75
201500053431,15,4,9,1630,1,2,5,1,6,75114,M,,,75
201500053432,15,4,9,2115,5,2,1,1,6,75114,M,,,75
201500053433,15,4,11,410,5,2,3,2,6,75114,M,,,75
201500053434,15,4,12,1530,1,2,1,1,3,75114,M,,,75
201500053435,15,4,14,1735,1,2,3,1,3,75113,M,,,75
201500053436,15,4,15,1010,1,2,1,1,2,75114,M,,,75
201500053437,15,4,16,1250,1,2,2,1,3,75114,M,,,75
201500053438,15,4,16,1915,1,2,3,1,7,75114,M,,,75
201500053439,15,4,19,1705,1,2,1,1,6,75114,M,,,75
201500053440,15,4,23,2357,5,2,2,1,3,75113,M,,,75
201500053441,15,4,24,950,1,2,5,1,6,75114,M,,,75
201500053442,15,4,24,1425,1,2,3,1,6,75114,M,,,75
201500053443,15,4,27,755,1,2,3,1,2,75114,M,,,75
201500053444,15,4,28,2120,3,2,2,1,1,75114,M,,,75
201500053445,15,4,30,1348,1,2,1,3,6,75114,M,,,75
201500053446,15,4,30,1650,1,2,3,2,3,75114,M,,,75
201500053447,15,4,30,2000,1,2,1,3,7,75114,M,,,75
201500053448,15,5,2,2350,5,2,1,3,6,75114,M,,,75
201500053449,15,5,4,1920,1,2,1,2,3,75114,M,,,75
201500053450,15,5,6,1200,1,2,1,1,2,75114,M,,,75
201500053451,15,5,6,2235,5,2,2,1,6,75114,M,,,75
201500053452,15,5,9,1045,1,2,5,1,4,75114,M,,,75
201500053453,15,5,9,1725,1,2,2,1,6,75114,M,,,75