Num_Acc,an,mois,jour,hrmn,lum,agg,int,atm,col,com,gps,lat,long,dep
201500053454,15,5,11,810,1,2,4,1,3,75114,M,,,75
201500053455,15,5,11,1900,1,2,3,1,2,75114,M,,,75
201500053456,15,5,16,1850,1,2,3,1,7,75114,M,,,75
201500053457,15,5,17,1925,1,2,2,1,3,75114,M,,,75
201500053458,15,5,17,2355,5,2,5,1,3,75114,M,,,75
201500053459,15,5,19,2025,1,2,3,2,4,75114,M,,,75
201500053460,15,5,20,1045,1,2,3,1,2,75114,M,,,75
201500053461,15,5,20,1640,1,2,1,3,3,75114,M,,,75
201500053462,15,5,21,1740,1,2,7,1,7,75114,M,,,75
201500053463,15,5,22,140,5,2,7,1,6,75114,M,,,75
201500053464,15,5,22,40,5,2,1,1,6,75114,M,,,75
201500053465,15,5,23,150,5,2,7,1,7,75114,M,,,75
201500053466,15,5,27,1025,1,2,2,1,3,75114,M,,,75
201500053467,15,5,29,1700,1,2,5,1,6,75114,M,,,75
201500053468,15,5,29,1900,1,2,2,1,7,75114,M,,,75
201500053469,15,5,30,340,5,2,1,2,4,75114,M,,,75
201500053470,15,6,1,955,1,2,3,1,6,75114,M,,,75
201500053471,15,6,1,1640,1,2,7,1,3,75114,M,,,75
201500053472,15,6,2,1939,1,2,3,1,7,75114,M,,,75
201500053473,15,6,3,2030,1,2,2,1,3,75114,M,,,75
201500053474,15,6,5,830,1,2,7,1,3,75114,M,,,75
201500053475,15,6,5,1320,1,2,5,1,6,75114,M,,,75
201500053476,15,6,6,1810,1,2,3,1,3,75114,M,,,75
201500053477,15,6,6,1810,1,2,5,1,1,75114,M,,,75
201500053478,15,6,7,2358,3,2,1,1,6,75114,M,,,75
201500053479,15,6,8,2335,5,2,3,1,6,75114,M,,,75
201500053480,15,6,11,950,1,2,1,1,3,75114,M,,,75
201500053481,15,6,11,1415,1,2,1,1,2,75114,M,,,75
201500053482,15,6,11,1900,1,2,2,1,6,75114,M,,,75
201500053483,15,6,13,1010,1,2,5,1,6,75114,M,,,75
201500053484,15,6,13,1135,1,2,1,1,6,75114,M,,,75
201500053485,15,6,15,2230,5,2,2,1,3,75114,M,,,75
201500053486,15,6,20,428,2,2,1,1,6,75105,M,,,75
201500053487,15,8,28,1342,1,2,2,1,3,75106,M,,,75
201500053488,15,9,2,1255,1,2,3,1,6,75114,M,,,75
201500053489,15,12,3,30,5,2,3,1,4,75114,M,,,75
201500053490,15,6,7,710,1,2,2,1,7,75114,M,,,75
201500053491,15,6,16,820,1,2,7,1,6,75114,M,,,75
201500053492,15,6,16,1010,1,2,3,1,4,75114,M,,,75
201500053493,15,6,17,1010,1,2,1,1,6,75114,M,,,75
201500053494,15,6,17,2020,1,2,3,1,1,75114,M,,,75
201500053495,15,6,17,1955,1,2,2,1,6,75105,M,,,75
201500053496,15,6,18,1345,1,2,2,2,6,75113,M,,,75
201500053497,15,6,18,1645,1,2,2,1,6,75114,M,,,75
201500053498,15,6,19,1600,1,2,1,1,4,75114,M,,,75
201500053499,15,6,19,1950,1,2,3,1,2,75114,M,,,75
201500053500,15,6,20,1534,1,2,1,1,7,75114,M,,,75
201500053501,15,6,21,2050,2,2,1,1,6,75114,M,,,75
201500053502,15,6,24,1450,1,2,1,1,3,75114,M,,,75
201500053503,15,6,25,1450,1,2,1,1,3,75114,M,,,75
201500053504,15,6,26,1600,1,2,7,1,6,75114,M,,,75
201500053505,15,6,27,1815,1,2,1,1,1,75114,M,,,75
201500053506,15,6,27,2010,1,2,2,1,6,75114,M,,,75
201500053507,15,7,1,1030,1,2,2,1,6,75114,M,,,75
201500053508,15,7,1,1755,1,2,5,1,3,75114,M,,,75
201500053509,15,7,2,1100,1,2,5,1,2,75114,M,,,75
201500053510,15,7,3,1640,1,2,1,1,6,75114,M,,,75
201500053511,15,7,4,1050,1,2,5,1,3,75114,M,,,75
201500053512,15,7,4,1950,2,2,3,1,3,75107,M,,,75
201500053513,15,7,7,830,1,2,4,1,6,75114,M,,,75
201500053514,15,7,9,920,1,2,2,1,1,75107,M,,,75
201500053515,15,7,9,850,1,2,2,1,6,75107,M,,,75
201500053516,15,7,9,1915,1,2,4,1,3,75114,M,,,75
201500053517,15,7,9,1925,1,2,5,1,3,75114,M,,,75
201500053518,15,7,13,330,5,2,3,1,2,75114,M,,,75
201500053519,15,7,14,1835,1,2,1,1,6,75114,M,,,75
201500053520,15,7,16,1100,1,2,1,1,2,75114,M,,,75
201500053521,15,7,16,1740,1,2,3,1,6,75114,M,,,75
201500053522,15,7,27,2305,5,2,3,1,6,75114,M,,,75
201500053523,15,7,28,1210,1,2,7,1,3,75114,M,,,75
201500053524,15,7,28,1650,1,2,7,2,3,75114,M,,,75
201500053525,15,7,28,1520,1,2,1,1,7,75114,M,,,75
201500053526,15,7,31,1815,1,2,2,1,2,75114,M,,,75
201500053527,15,8,3,1830,1,2,7,1,3,75114,M,,,75
201500053528,15,8,7,600,1,2,2,1,6,75114,M,,,75
201500053529,15,8,10,1425,1,2,2,1,3,75114,M,,,75
201500053530,15,8,13,1555,1,2,2,1,7,75114,M,,,75
201500053531,15,8,13,1950,1,2,7,8,3,75114,M,,,75
201500053532,15,8,14,1730,1,2,5,3,3,75114,M,,,75
201500053533,15,8,15,350,5,2,2,3,6,75114,M,,,75
201500053534,15,8,21,700,1,2,7,1,6,75114,M,,,75
201500053535,15,8,23,645,1,2,5,1,3,75114,M,,,75
201500053536,15,8,23,1345,1,2,5,1,3,75114,M,,,75
201500053537,15,8,23,1710,1,2,1,1,3,75114,M,,,75
201500053538,15,8,24,2130,5,2,2,2,6,75114,M,,,75
201500053539,15,8,25,645,2,2,2,1,3,75114,M,,,75
201500053540,15,8,27,1810,1,2,4,2,7,75114,M,,,75
201500053541,15,8,29,1955,1,2,7,1,3,75114,M,,,75
201500053542,15,9,1,1255,1,2,3,1,7,75114,M,,,75
201500053543,15,9,2,1440,1,2,7,1,3,75114,M,,,75
201500053544,15,9,3,1640,1,2,4,1,3,75114,M,,,75
201500053545,15,9,5,1445,1,2,1,1,6,75114,M,,,75
201500053546,15,9,5,1725,1,2,1,1,6,75114,M,,,75
201500053547,15,9,7,820,1,2,1,1,6,75114,M,,,75
201500053548,15,9,7,1745,1,2,4,1,3,75114,M,,,75
201500053549,15,9,7,1835,2,2,1,1,4,75114,M,,,75
201500053550,15,9,8,1400,1,2,2,1,3,75114,M,,,75
201500053551,15,9,9,745,1,2,4,1,2,75114,M,,,75
201500053552,15,9,9,1245,1,2,5,1,6,75114,M,,,75
201500053553,15,9,9,1915,1,2,1,1,3,75114,M,,,75
201500053554,15,9,12,550,5,2,2,1,3,75114,M,,,75
201500053555,15,9,13,1200,1,2,2,3,2,75114,M,,,75
201500053556,15,9,16,900,1,2,3,2,6,75114,M,,,75
201500053557,15,9,16,1805,1,2,1,2,3,75114,M,,,75
201500053558,15,9,18,514,5,2,7,1,6,75114,M,,,75
201500053559,15,9,19,214,5,2,2,1,3,75114,M,,,75
201500053560,15,9,21,2255,5,2,1,1,2,75115,M,,,75
201500053561,15,9,22,1610,1,2,1,1,3,75114,M,,,75
201500053562,15,9,23,840,1,2,1,1,3,75114,M,,,75
201500053563,15,9,24,1445,1,2,2,1,3,75114,M,,,75
201500053564,15,9,26,2219,5,2,1,1,2,75114,M,,,75
201500053565,15,9,27,1025,1,2,7,1,3,75114,M,,,75
201500053566,15,9,28,1200,1,2,2,1,6,75114,M,,,75
201500053567,15,9,28,1520,1,2,2,1,3,75114,M,,,75
201500053568,15,9,28,1600,1,2,1,1,7,75114,M,,,75
201500053569,15,10,1,1840,1,2,2,2,3,75114,M,,,75
201500053570,15,10,5,1725,1,2,4,2,6,75114,M,,,75
201500053571,15,10,6,910,1,2,1,2,6,75114,M,,,75
201500053572,15,10,5,1845,5,2,1,2,6,75114,M,,,75
201500053573,15,10,6,1430,1,2,2,1,6,75114,M,,,75
201500053574,15,10,5,2015,5,2,2,2,6,75114,M,,,75
201500053575,15,10,6,1500,1,2,2,2,6,75106,M,,,75
201500053576,15,10,7,1345,1,2,1,1,3,75114,M,,,75
201500053577,15,10,8,1005,1,2,4,1,7,75114,M,,,75
201500053578,15,10,8,1515,1,2,1,1,6,75114,M,,,75
201500053579,15,10,11,1300,1,2,2,1,3,75114,M,,,75
201500053580,15,10,11,1320,1,2,2,1,2,75114,M,,,75
201500053581,15,10,12,1120,1,2,3,1,6,75107,M,,,75
201500053582,15,10,15,820,1,2,7,1,6,75114,M,,,75
201500053583,15,10,16,1320,1,2,1,2,6,75115,M,,,75
201500053584,15,10,16,1200,1,2,2,2,6,75114,M,,,75
201500053585,15,10,16,1650,1,2,3,8,6,75114,M,,,75
201500053586,15,10,19,1805,1,2,7,1,2,75114,M,,,75
201500053587,15,10,20,1227,1,2,2,1,6,75114,M,,,75
201500053588,15,10,21,850,1,2,2,1,6,75114,M,,,75
201500053589,15,10,22,100,5,2,1,2,6,75114,M,,,75
201500053590,15,10,28,1315,1,2,1,1,6,75114,M,,,75
201500053591,15,11,3,1520,1,2,4,8,6,75114,M,,,75
201500053592,15,11,3,1830,5,2,4,1,3,75114,M,,,75
201500053593,15,11,4,1055,1,2,5,2,7,75114,M,,,75
201500053594,15,11,5,1900,5,2,3,2,3,75114,M,,,75
201500053595,15,11,5,1950,5,2,1,2,6,75114,M,,,75
201500053596,15,11,6,900,1,2,2,1,3,75114,M,,,75
201500053597,15,11,10,1115,1,2,3,1,6,75114,M,,,75
201500053598,15,11,10,1207,1,2,2,1,3,75114,M,,,75
201500053599,15,11,14,1045,1,2,2,1,7,75114,M,,,75
201500053600,15,11,15,930,1,2,1,1,6,75114,M,,,75
201500053601,15,11,16,1850,5,2,4,1,3,75114,M,,,75
201500053602,15,11,17,1840,2,2,1,2,2,75114,M,,,75
201500053603,15,11,18,1930,5,2,3,1,2,75114,M,,,75
201500053604,15,11,20,1635,2,2,7,3,7,75114,M,,,75
201500053605,15,11,20,1910,5,2,2,8,3,75114,M,,,75
201500053606,15,11,21,1300,1,2,3,2,3,75114,M,,,75
201500053607,15,11,22,1315,1,2,6,7,3,75114,M,,,75
201500053608,15,11,23,1745,5,2,1,1,6,75114,M,,,75
201500053609,15,11,25,1823,5,2,7,2,7,75114,M,,,75
201500053610,15,11,26,800,1,2,1,1,6,75114,M,,,75
201500053611,15,11,26,1555,1,2,2,1,3,75114,M,,,75
201500053612,15,11,26,1836,5,2,2,1,2,75114,M,,,75
201500053613,15,11,29,1830,5,2,2,1,6,75114,M,,,75
201500053614,15,12,1,1915,5,2,2,1,6,75114,M,,,75
201500053615,15,12,2,1440,1,2,7,1,7,75114,M,,,75
201500053616,15,12,2,1700,5,2,1,1,2,75114,M,,,75
201500053617,15,12,4,800,1,2,2,8,3,75114,M,,,75
201500053618,15,12,6,605,5,2,2,1,6,75114,M,,,75
201500053619,15,12,8,655,5,2,1,1,6,75114,M,,,75
201500053620,15,12,8,1730,5,2,3,6,6,75114,M,,,75
201500053621,15,12,8,1800,2,2,1,2,2,75114,M,,,75
201500053622,15,12,8,1930,5,2,7,2,3,75114,M,,,75
201500053623,15,12,8,1250,1,2,2,1,3,75114,M,,,75
201500053624,15,12,9,2040,5,2,1,1,7,75114,M,,,75
201500053625,15,12,10,1955,2,2,4,1,3,75114,M,,,75
201500053626,15,12,11,1330,1,2,2,1,6,75114,M,,,75
201500053627,15,12,11,1625,1,2,4,1,6,75114,M,,,75
201500053628,15,12,15,1145,1,2,1,1,7,75114,M,,,75
201500053629,15,12,16,1700,5,2,5,1,3,75115,M,,,75
201500053630,15,12,16,2100,5,2,2,1,6,75114,M,,,75
201500053631,15,12,17,1830,5,2,7,1,3,75114,M,,,75
201500053632,15,12,18,1500,1,2,3,1,3,75115,M,,,75
201500053633,15,12,20,1230,1,2,4,1,6,75114,M,,,75
201500053634,15,12,21,1830,5,2,7,2,7,75114,M,,,75
201500053635,15,12,22,740,2,2,2,1,6,75114,M,,,75
201500053636,15,12,31,2357,5,2,5,1,6,75107,M,,,75
201500053637,15,1,8,730,2,2,7,1,7,75115,M,,,75
201500053638,15,1,8,1200,1,2,3,2,6,75115,M,,,75
201500053639,15,1,9,815,5,2,3,2,7,75107,M,,,75
201500053640,15,1,9,1235,1,2,3,2,7,75115,M,,,75
201500053641,15,1,10,1845,5,2,3,2,6,75115,M,,,75
201500053642,15,1,14,1530,1,2,1,1,6,75115,M,,,75
201500053643,15,1,16,1850,5,2,1,2,6,75115,M,,,75
201500053644,15,1,16,1940,5,2,4,3,6,75115,M,,,75
201500053645,15,1,17,1130,1,2,1,1,6,75115,M,,,75
201500053646,15,1,17,1230,1,2,1,1,3,75115,M,,,75
201500053647,15,1,20,1020,1,2,3,1,3,75115,M,,,75
201500053648,15,1,21,755,2,2,5,1,3,75115,M,,,75
201500053649,15,1,24,1320,1,2,2,1,6,75115,M,,,75
201500053650,15,1,26,2305,5,2,2,1,2,75115,M,,,75
201500053651,15,1,27,735,2,2,3,1,6,75115,M,,,75
201500053652,15,1,27,1715,1,2,2,1,6,75115,M,,,75
201500053653,15,1,29,1115,1,2,4,2,2,75115,M,,,75
201500053654,15,1,29,1500,1,2,2,2,3,75115,M,,,75
201500053655,15,1,30,1915,5,2,2,1,6,75115,M,,,75
201500053656,15,1,31,900,1,2,1,1,6,75115,M,,,75
201500053657,15,2,1,1840,5,2,5,1,2,75115,M,,,75
201500053658,15,2,2,1650,1,2,2,1,3,75115,M,,,75
201500053659,15,2,3,600,5,2,3,1,3,75115,M,,,75
201500053660,15,2,4,45,5,2,1,1,7,75115,M,,,75
201500053661,15,2,4,1515,1,2,7,1,6,75115,M,,,75
201500053662,15,2,6,1700,1,2,7,1,2,75115,M,,,75
201500053663,15,2,6,2220,5,2,2,1,3,75115,M,,,75
201500053664,15,2,7,2315,5,2,1,1,6,75115,M,,,75
201500053665,15,2,10,1840,5,2,2,1,3,75115,M,,,75
201500053666,15,2,12,1120,1,2,2,1,3,75115,M,,,75
201500053667,15,2,12,1830,5,2,7,1,6,75115,M,,,75
201500053668,15,2,13,735,5,2,1,1,6,75115,M,,,75
201500053669,15,2,13,1950,5,2,2,2,6,75115,M,,,75
201500053670,15,2,16,815,1,2,3,1,6,75115,M,,,75
201500053671,15,2,16,1620,1,2,2,1,6,75115,M,,,75
201500053672,15,2,19,1230,1,2,5,1,3,75115,M,,,75
201500053673,15,2,23,1055,1,2,2,1,6,75115,M,,,75
201500053674,15,2,23,1700,1,2,1,1,2,75115,M,,,75
201500053675,15,2,25,1000,1,2,2,2,6,75115,M,,,75
201500053676,15,2,26,1125,1,2,1,2,6,75115,M,,,75
201500053677,15,2,27,1715,1,2,2,1,2,75115,M,,,75
201500053678,15,3,1,255,5,2,2,2,3,75115,M,,,75
201500053679,15,3,2,1135,1,2,1,8,7,75115,M,,,75
201500053680,15,3,4,1120,1,2,1,1,6,75115,M,,,75
201500053681,15,3,4,1230,1,2,3,1,3,75115,M,,,75
201500053682,15,3,5,125,5,2,7,1,6,75115,M,,,75
201500053683,15,3,6,1445,1,2,1,1,6,75115,M,,,75
201500053684,15,3,6,1535,1,2,1,1,6,75115,M,,,75
201500053685,15,3,7,1905,5,2,2,1,6,75115,M,,,75
201500053686,15,3,8,1805,1,2,2,1,6,75115,M,,,75
201500053687,15,3,11,930,1,2,4,1,3,75115,M,,,75
201500053688,15,3,11,1315,1,2,1,1,2,75115,M,,,75
201500053689,15,3,11,1500,1,2,1,1,3,75115,M,,,75
201500053690,15,3,12,1625,1,2,3,1,2,75115,M,,,75
201500053691,15,3,13,1345,1,2,2,1,6,75115,M,,,75
201500053692,15,3,13,2350,5,2,1,1,6,75115,M,,,75
201500053693,15,3,14,1350,1,2,1,1,3,75115,M,,,75
201500053694,15,3,15,125,5,2,1,2,3,75115,M,,,75
201500053695,15,3,16,1435,1,2,2,1,3,75115,M,,,75
201500053696,15,3,17,2125,5,2,5,1,7,75115,M,,,75
201500053697,15,3,17,2320,5,2,2,1,7,75115,M,,,75
201500053698,15,3,18,2057,5,2,1,1,6,75115,M,,,75
201500053699,15,3,21,1958,5,2,1,1,6,75115,M,,,75
201500053700,15,3,22,1330,1,2,2,1,2,75115,M,,,75
201500053701,15,3,22,1400,1,2,3,1,2,75115,M,,,75
201500053702,15,3,25,1245,1,2,1,1,3,75115,M,,,75
201500053703,15,3,25,2105,5,2,2,1,6,75115,M,,,75
201500053704,15,3,25,1655,1,2,2,1,3,75115,M,,,75
201500053705,15,3,26,1550,1,2,3,2,2,75115,M,,,75
201500053706,15,3,29,2115,5,2,7,2,6,75115,M,,,75
201500053707,15,3,29,2310,5,2,1,2,7,75115,M,,,75
201500053708,15,3,30,1020,1,2,3,1,6,75115,M,,,75
201500053709,15,4,2,410,5,2,1,2,7,75115,M,,,75
201500053710,15,4,2,1510,1,2,2,2,6,75115,M,,,75
201500053711,15,4,3,1000,1,2,2,1,1,75115,M,,,75
201500053712,15,4,3,2035,5,2,7,2,6,75115,M,,,75
201500053713,15,4,3,2220,5,2,1,1,6,75115,M,,,75
201500053714,15,4,6,2115,5,2,1,1,6,75115,M,,,75
201500053715,15,4,7,1130,1,2,1,1,3,75115,M,,,75
201500053716,15,4,9,2050,5,2,3,1,3,75115,M,,,75
201500053717,15,4,10,1600,1,2,2,1,6,75115,M,,,75
201500053718,15,4,13,1250,1,2,1,1,6,75115,M,,,75
201500053719,15,4,15,1745,1,2,2,1,6,75115,M,,,75
201500053720,15,4,15,2150,5,2,1,1,6,75115,M,,,75
201500053721,15,4,16,1635,1,2,1,1,7,75115,M,,,75
201500053722,15,4,18,1120,1,2,1,1,6,75115,M,,,75
201500053723,15,4,19,1145,1,2,2,1,1,75115,M,,,75
201500053724,15,4,20,820,1,2,3,1,3,75115,M,,,75
201500053725,15,4,20,1710,1,2,3,7,6,75115,M,,,75
201500053726,15,4,22,1410,1,2,1,7,6,75115,M,,,75
201500053727,15,4,27,800,1,2,1,1,2,75115,M,,,75
201500053728,15,4,30,1025,1,2,2,3,6,75115,M,,,75
201500053729,15,4,30,1030,1,2,2,2,6,75115,M,,,75
201500053730,15,5,1,200,3,2,7,3,6,75115,M,,,75
201500053731,15,5,1,1157,1,2,3,1,6,75115,M,,,75
201500053732,15,5,5,1215,1,2,2,1,6,75115,M,,,75
201500053733,15,5,7,1730,1,2,3,1,6,75115,M,,,75
201500053734,15,5,7,1920,2,2,4,1,6,75115,M,,,75
201500053735,15,5,8,1100,1,2,2,1,6,75115,M,,,75
201500053736,15,5,10,1640,1,2,3,1,4,75115,M,,,75
201500053737,15,5,10,2020,2,2,1,1,3,75115,M,,,75
201500053738,15,5,11,1500,1,2,7,1,6,75115,M,,,75
201500053739,15,5,11,1635,1,2,7,1,6,75115,M,,,75
201500053740,15,5,11,1750,1,2,3,1,6,75115,M,,,75
201500053741,15,5,13,33,5,2,1,1,2,75115,M,,,75
201500053742,15,5,14,1650,1,2,2,1,4,75115,M,,,75
201500053743,15,5,16,1730,1,2,1,1,6,75115,M,,,75
201500053744,15,5,18,920,1,2,1,1,6,75115,M,,,75
201500053745,15,5,19,1500,1,2,4,2,7,75115,M,,,75
201500053746,15,5,19,2100,2,2,3,8,3,75115,M,,,75
201500053747,15,5,20,825,1,2,2,1,6,75115,M,,,75
201500053748,15,5,20,1510,1,2,3,1,3,75115,M,,,75
201500053749,15,5,22,1205,1,2,2,1,6,75115,M,,,75
201500053750,15,5,22,1420,1,2,1,1,6,75115,M,,,75
201500053751,15,5,23,1551,1,2,1,1,6,75115,M,,,75
201500053752,15,5,26,1100,1,2,4,1,6,75115,M,,,75
201500053753,15,5,27,1005,1,2,1,1,6,75115,M,,,75
201500053754,15,5,27,1420,1,2,1,1,6,75115,M,,,75
201500053755,15,5,29,815,1,2,1,1,3,75107,M,,,75
201500053756,15,5,29,1835,1,2,3,1,4,75115,M,,,75
201500053757,15,5,29,1810,1,2,1,1,7,75115,M,,,75
201500053758,15,6,2,830,1,2,1,1,6,75115,M,,,75
201500053759,15,6,3,1535,1,2,7,1,6,75115,M,,,75
201500053760,15,6,3,1950,1,2,1,1,2,75107,M,,,75
201500053761,15,6,4,1100,1,2,1,7,6,75115,M,,,75
201500053762,15,6,11,1025,1,2,3,1,6,75115,M,,,75
201500053763,15,6,15,1350,1,2,2,1,2,75115,M,,,75
201500053764,15,6,19,1545,1,2,1,1,6,75115,M,,,75
201500053765,15,6,20,1425,1,2,5,1,3,75115,M,,,75
201500053766,15,6,22,2010,1,2,1,8,7,75115,M,,,75
201500053767,15,6,4,2107,1,2,3,1,6,75115,M,,,75
201500053768,15,6,6,840,1,2,3,1,2,75115,M,,,75
201500053769,15,6,6,1435,1,2,2,1,3,75115,M,,,75
201500053770,15,6,7,1515,1,2,2,1,6,75115,M,,,75
201500053771,15,6,9,1240,1,2,1,1,6,75115,M,,,75
201500053772,15,6,11,950,1,2,5,1,6,75115,M,,,75
201500053773,15,6,11,1605,1,2,4,7,3,75115,M,,,75
201500053774,15,6,12,1500,1,2,2,1,6,75115,M,,,75
201500053775,15,6,13,1915,1,2,2,1,3,75115,M,,,75
201500053776,15,6,15,1500,1,2,2,1,3,75115,M,,,75
201500053777,15,6,18,1030,1,2,2,1,3,75106,M,,,75
201500053778,15,6,25,1340,1,2,2,1,3,75115,M,,,75
201500053779,15,6,27,653,2,2,1,8,6,75115,M,,,75
201500053780,15,6,29,840,1,2,1,1,6,75115,M,,,75
201500053781,15,6,29,1310,1,2,3,7,3,75115,M,,,75
201500053782,15,6,29,1550,1,2,2,1,6,75115,M,,,75
201500053783,15,6,29,1910,1,2,1,1,6,75115,M,,,75
201500053784,15,6,29,1945,1,2,1,1,6,75115,M,,,75
201500053785,15,6,30,1830,1,2,5,1,1,75115,M,,,75
201500053786,15,7,3,1235,1,2,1,1,6,75115,M,,,75
201500053787,15,7,5,1420,1,2,1,1,6,75115,M,,,75
201500053788,15,7,6,1100,1,2,1,1,6,75115,M,,,75
201500053789,15,7,9,745,1,2,5,1,7,75115,M,,,75
201500053790,15,7,10,15,5,2,1,1,6,75115,M,,,75
201500053791,15,7,11,1400,1,2,7,1,3,75115,M,,,75
201500053792,15,7,14,1610,1,2,5,1,3,75114,M,,,75
201500053793,15,7,17,1930,1,2,4,1,2,75115,M,,,75
201500053794,15,7,19,150,5,2,1,3,2,75115,M,,,75
201500053795,15,7,20,1220,1,2,3,1,2,75107,M,,,75
201500053796,15,7,26,1525,1,2,3,2,2,75115,M,,,75
201500053797,15,7,29,2000,1,2,2,1,6,75115,M,,,75
201500053798,15,7,30,915,1,2,2,1,2,75115,M,,,75
201500053799,15,8,3,1415,1,2,3,1,3,75115,M,,,75
201500053800,15,8,5,1230,1,2,2,1,3,75115,M,,,75
201500053801,15,8,7,940,1,2,7,1,3,75115,M,,,75
201500053802,15,8,7,2325,5,2,2,1,6,75115,M,,,75
201500053803,15,8,11,1120,1,2,7,1,3,75115,M,,,75
201500053804,15,8,13,2005,1,2,1,1,7,75115,M,,,75
201500053805,15,8,13,2230,5,2,2,2,3,75115,M,,,75
201500053806,15,8,20,950,1,2,1,3,4,75114,M,,,75
201500053807,15,8,20,2235,5,2,1,1,6,75115,M,,,75
201500053808,15,8,28,500,5,2,2,2,6,75115,M,,,75
201500053809,15,8,28,1010,1,2,2,1,6,75115,M,,,75
201500053810,15,8,29,1235,1,2,2,1,3,75115,M,,,75
201500053811,15,8,29,1815,1,2,2,1,3,75115,M,,,75
201500053812,15,9,1,1805,1,2,2,1,3,75115,M,,,75
201500053813,15,9,2,1145,1,2,2,1,6,75115,M,,,75
201500053814,15,9,3,210,5,2,2,1,3,75115,M,,,75
201500053815,15,9,3,1015,1,2,1,1,6,75115,M,,,75
201500053816,15,9,5,910,1,2,3,1,6,75115,M,,,75
201500053817,15,9,7,1215,1,2,1,1,6,75115,M,,,75
201500053818,15,9,8,1810,1,2,7,1,6,75115,M,,,75
201500053819,15,9,9,845,1,2,1,1,3,75115,M,,,75
201500053820,15,9,9,1520,1,2,2,1,6,75115,M,,,75
201500053821,15,9,9,1700,1,2,2,1,6,75115,M,,,75
201500053822,15,9,11,100,5,2,2,1,6,75115,M,,,75
201500053823,15,9,12,105,5,2,2,1,3,75115,M,,,75
201500053824,15,9,13,625,5,2,1,1,6,75115,M,,,75
201500053825,15,9,13,1920,1,2,7,1,2,75115,M,,,75
201500053826,15,9,14,1410,1,2,7,1,2,75115,M,,,75
201500053827,15,9,15,1950,5,2,7,1,2,75115,M,,,75
201500053828,15,9,18,1743,1,2,1,8,6,75115,M,,,75
201500053829,15,9,19,1055,1,2,5,1,7,75115,M,,,75
201500053830,15,9,19,1235,1,2,2,1,6,75115,M,,,75
201500053831,15,9,20,600,5,2,1,1,3,75115,M,,,75
201500053832,15,9,20,620,5,2,2,1,6,75115,M,,,75
201500053833,15,9,22,1630,1,2,3,8,6,75115,M,,,75
201500053834,15,9,23,1710,1,2,3,1,3,75115,M,,,75
201500053835,15,9,24,1410,1,2,5,1,2,75115,M,,,75
201500053836,15,9,26,1230,1,2,1,1,3,75115,M,,,75
201500053837,15,9,27,1105,1,2,3,1,6,75115,M,,,75
201500053838,15,9,27,1605,1,2,2,1,3,75115,M,,,75
201500053839,15,9,28,1228,1,2,2,1,3,75115,M,,,75
201500053840,15,9,29,900,1,2,1,1,6,75115,M,,,75
201500053841,15,9,30,1430,1,2,7,1,6,75115,M,,,75
201500053842,15,9,30,1910,1,2,1,1,3,75115,M,,,75
201500053843,15,10,1,1450,1,2,1,1,7,75115,M,,,75
201500053844,15,10,1,2350,5,2,5,1,3,75115,M,,,75
201500053845,15,10,2,900,1,2,3,1,3,75115,M,,,75
201500053846,15,10,2,1950,5,2,1,1,3,75115,M,,,75
201500053847,15,10,2,2350,5,2,2,1,3,75115,M,,,75
201500053848,15,10,3,1715,1,2,2,1,7,75115,M,,,75
201500053849,15,10,3,940,1,2,4,1,7,75115,M,,,75
201500053850,15,10,4,1038,1,2,2,1,6,75115,M,,,75
201500053851,15,10,5,645,5,2,7,1,6,75115,M,,,75
201500053852,15,10,6,1820,1,2,1,1,2,75115,M,,,75
201500053853,15,10,6,1930,5,2,1,1,6,75115,M,,,75
201500053854,15,10,7,830,1,2,7,1,6,75115,M,,,75
201500053855,15,10,10,1625,1,2,1,1,6,75115,M,,,75
201500053856,15,10,12,1855,1,2,2,1,6,75115,M,,,75
201500053857,15,10,13,1230,1,2,2,1,6,75115,M,,,75
201500053858,15,10,13,1710,1,2,1,1,4,75115,M,,,75
201500053859,15,10,14,815,1,2,2,1,6,75115,M,,,75
201500053860,15,10,16,1250,1,2,1,2,6,75115,M,,,75
201500053861,15,10,16,1710,2,2,1,2,3,75115,M,,,75
201500053862,15,10,16,2245,5,2,1,2,3,75115,M,,,75
201500053863,15,10,17,2110,3,2,2,1,6,75115,M,,,75
201500053864,15,10,20,1900,2,2,3,1,2,75115,M,,,75
201500053865,15,10,20,1945,5,2,3,1,3,75115,M,,,75
201500053866,15,10,20,2025,5,2,7,1,6,75115,M,,,75
201500053867,15,10,21,1740,5,2,4,1,3,75115,M,,,75
201500053868,15,10,22,1600,1,2,3,2,3,75115,M,,,75
201500053869,15,10,26,1000,1,2,1,1,6,75115,M,,,75
201500053870,15,10,27,755,2,2,1,1,3,75115,M,,,75
201500053871,15,10,28,2155,5,2,1,1,2,75115,M,,,75
201500053872,15,10,30,1445,1,2,1,1,2,75115,M,,,75
201500053873,15,10,31,900,1,2,3,1,6,75115,M,,,75
201500053874,15,10,31,2310,5,2,2,1,3,75115,M,,,75
201500053875,15,11,1,1245,1,2,2,1,3,75115,M,,,75
201500053876,15,11,2,825,1,2,1,1,6,75115,M,,,75
201500053877,15,11,2,1230,1,2,3,1,4,75115,M,,,75
201500053878,15,11,3,620,5,2,2,1,3,75115,M,,,75
201500053879,15,11,3,1006,1,2,1,2,6,75115,M,,,75
201500053880,15,11,4,2105,5,2,2,1,3,75115,M,,,75
201500053881,15,11,5,830,1,2,2,1,6,75115,M,,,75
201500053882,15,11,5,750,2,2,3,1,3,75115,M,,,75
201500053883,15,11,6,1745,5,2,5,2,3,75115,M,,,75
201500053884,15,11,8,1650,5,2,2,1,2,75115,M,,,75
201500053885,15,11,9,1750,5,2,1,1,2,75115,M,,,75
201500053886,15,11,10,155,5,2,1,1,6,75115,M,,,75
201500053887,15,11,14,1550,1,2,2,1,3,75115,M,,,75
201500053888,15,11,14,2200,4,2,1,1,6,75115,M,,,75