Num_Acc,an,mois,jour,hrmn,lum,agg,int,atm,col,com,gps,lat,long,dep
201500053889,15,11,17,1005,1,2,5,8,3,75115,M,,,75
201500053890,15,11,19,745,1,2,1,1,6,75115,M,,,75
201500053891,15,11,19,2130,5,2,5,2,3,75115,M,,,75
201500053892,15,11,20,1130,1,2,1,2,6,75115,M,,,75
201500053893,15,11,20,1605,2,2,1,2,6,75115,M,,,75
201500053894,15,11,22,1440,1,2,2,7,6,75115,M,,,75
201500053895,15,11,23,1800,5,2,3,8,3,75115,M,,,75
201500053896,15,11,23,2315,5,2,1,1,2,75115,M,,,75
201500053897,15,11,24,1930,5,2,2,2,6,75115,M,,,75
201500053898,15,11,26,2205,5,2,4,1,3,75115,M,,,75
201500053899,15,11,27,1,3,2,1,1,6,75115,M,,,75
201500053900,15,11,27,900,1,2,2,1,2,75115,M,,,75
201500053901,15,11,27,2315,5,2,1,2,6,75115,M,,,75
201500053902,15,11,30,1935,5,2,1,1,6,75115,M,,,75
201500053903,15,12,2,1330,1,2,2,1,6,75115,M,,,75
201500053904,15,12,2,1655,2,2,1,1,2,75115,M,,,75
201500053905,15,12,4,1515,1,2,1,1,6,75115,M,,,75
201500053906,15,12,7,2130,5,2,2,1,3,75115,M,,,75
201500053907,15,12,12,255,5,2,7,1,3,75115,M,,,75
201500053908,15,12,12,2205,5,2,2,1,3,75115,M,,,75
201500053909,15,12,15,900,1,2,1,2,6,75115,M,,,75
201500053910,15,12,15,1050,1,2,1,2,2,75115,M,,,75
201500053911,15,12,16,1530,1,2,1,1,3,75115,M,,,75
201500053912,15,12,19,2032,5,2,5,1,6,75115,M,,,75
201500053913,15,12,20,510,5,2,1,1,2,75115,M,,,75
201500053914,15,12,21,1130,1,2,7,1,3,75115,M,,,75
201500053915,15,12,23,1030,1,2,3,1,3,75115,M,,,75
201500053916,15,12,23,1310,1,2,1,1,2,75115,M,,,75
201500053917,15,12,23,1440,1,2,1,1,6,75115,M,,,75
201500053918,15,12,27,1910,5,2,5,1,2,75115,M,,,75
201500053919,15,12,28,1602,1,2,1,1,3,75115,M,,,75
201500053920,15,12,29,1300,1,2,7,1,6,75115,M,,,75
201500053921,15,12,31,1825,3,2,1,1,7,75115,M,,,75
201500053922,15,12,31,2250,5,2,2,1,6,75116,M,,,75
201500053923,15,1,1,830,1,2,1,1,6,75116,M,,,75
201500053924,15,1,2,1515,1,2,1,1,2,75116,M,,,75
201500053925,15,1,3,1830,5,2,7,2,6,75116,M,,,75
201500053926,15,1,4,1435,1,2,1,1,6,75116,M,,,75
201500053927,15,1,7,600,5,2,7,1,6,75116,M,,,75
201500053928,15,1,6,2150,5,2,1,8,3,75116,M,,,75
201500053929,15,1,7,2030,5,2,4,1,6,75116,M,,,75
201500053930,15,1,8,945,1,2,1,1,3,75116,M,,,75
201500053931,15,1,8,1010,1,2,5,1,6,75116,M,,,75
201500053932,15,1,8,1245,1,2,7,2,3,75116,M,,,75
201500053933,15,1,9,1400,1,2,1,1,7,75116,M,,,75
201500053934,15,1,11,10,5,2,2,1,3,75116,M,,,75
201500053935,15,1,11,330,5,2,1,2,6,75116,M,,,75
201500053936,15,1,14,1310,1,2,1,2,6,75116,M,,,75
201500053937,15,1,14,1650,5,2,1,1,6,75116,M,,,75
201500053938,15,1,15,950,1,2,1,6,2,75116,M,,,75
201500053939,15,1,15,1510,1,2,2,2,7,75116,M,,,75
201500053940,15,1,15,1945,5,2,2,2,6,75116,M,,,75
201500053941,15,1,16,1600,1,2,2,2,6,75116,M,,,75
201500053942,15,1,15,1255,1,2,3,1,3,75116,M,,,75
201500053943,15,1,20,940,1,2,7,1,3,75116,M,,,75
201500053944,15,1,22,1720,5,2,4,1,3,75116,M,,,75
201500053945,15,1,22,2020,5,2,5,1,3,75116,M,,,75
201500053946,15,1,22,2340,5,2,1,1,7,75116,M,,,75
201500053947,15,1,23,830,1,2,1,1,6,75116,M,,,75
201500053948,15,1,23,1150,1,2,7,1,6,75116,M,,,75
201500053949,15,1,23,1515,1,2,4,1,6,75116,M,,,75
201500053950,15,1,24,1435,1,2,1,1,6,75116,M,,,75
201500053951,15,1,24,1800,5,2,7,1,6,75116,M,,,75
201500053952,15,1,28,900,1,2,2,1,6,75116,M,,,75
201500053953,15,1,28,1030,1,2,5,1,6,75116,M,,,75
201500053954,15,1,28,1600,1,2,2,2,7,75116,M,,,75
201500053955,15,1,28,1520,1,2,1,2,2,75116,M,,,75
201500053956,15,1,28,1915,5,2,2,2,1,75116,M,,,75
201500053957,15,1,29,800,2,2,1,2,6,75116,M,,,75
201500053958,15,1,29,940,1,2,7,1,3,75116,M,,,75
201500053959,15,1,29,1320,1,2,1,2,3,75116,M,,,75
201500053960,15,1,29,1720,5,2,7,2,3,75116,M,,,75
201500053961,15,1,30,1330,1,2,4,1,1,75116,M,,,75
201500053962,15,1,31,1910,5,2,5,1,6,75116,M,,,75
201500053963,15,2,1,125,5,2,7,2,6,75116,M,,,75
201500053964,15,2,1,1710,1,2,3,1,3,75116,M,,,75
201500053965,15,2,2,930,1,2,7,2,7,75116,M,,,75
201500053966,15,2,3,1620,1,2,1,1,4,75116,M,,,75
201500053967,15,2,5,845,1,2,3,1,2,75116,M,,,75
201500053968,15,2,4,2115,5,2,2,1,6,75116,M,,,75
201500053969,15,2,5,1545,1,2,5,1,6,75116,M,,,75
201500053970,15,2,5,1255,1,2,1,1,3,75116,M,,,75
201500053971,15,2,8,100,5,2,2,1,3,75116,M,,,75
201500053972,15,2,8,420,5,2,4,2,6,75116,M,,,75
201500053973,15,2,10,5,5,2,1,1,7,75116,M,,,75
201500053974,15,2,10,1500,1,2,3,8,4,75116,M,,,75
201500053975,15,2,10,2310,5,2,2,1,2,75116,M,,,75
201500053976,15,2,10,1540,1,2,1,1,6,75116,M,,,75
201500053977,15,2,11,2005,5,2,1,1,3,75116,M,,,75
201500053978,15,2,13,1230,1,2,7,1,7,75116,M,,,75
201500053979,15,2,14,1910,5,2,7,1,2,75116,M,,,75
201500053980,15,2,16,915,1,2,2,1,3,75116,M,,,75
201500053981,15,2,10,1345,1,2,1,1,3,75116,M,,,75
201500053982,15,2,18,1,5,2,7,1,3,75116,M,,,75
201500053983,15,2,18,900,1,2,7,1,6,75116,M,,,75
201500053984,15,2,18,1135,1,2,1,1,6,75116,M,,,75
201500053985,15,2,18,2335,5,2,5,1,3,75116,M,,,75
201500053986,15,2,19,1200,1,1,1,1,3,75117,M,,,75
201500053987,15,2,19,2200,5,2,7,1,3,75116,M,,,75
201500053988,15,2,19,2340,5,2,1,1,6,75108,M,,,75
201500053989,15,2,21,35,5,2,1,2,3,75116,M,,,75
201500053990,15,2,21,720,1,2,4,8,6,75116,M,,,75
201500053991,15,2,21,1550,1,2,7,1,3,75116,M,,,75
201500053992,15,2,22,1230,1,2,1,1,2,75116,M,,,75
201500053993,15,2,25,1815,5,2,7,2,3,75116,M,,,75
201500053994,15,2,27,825,1,2,2,1,6,75116,M,,,75
201500053995,15,2,28,405,5,2,1,1,3,75116,M,,,75
201500053996,15,2,22,1245,1,2,2,1,6,75116,M,,,75
201500053997,15,2,28,1645,1,2,4,1,6,75116,M,,,75
201500053998,15,3,2,945,1,2,1,1,6,75116,M,,,75
201500053999,15,3,1,540,5,2,3,1,6,75116,M,,,75
201500054000,15,3,3,245,5,2,7,1,6,75116,M,,,75
201500054001,15,3,4,1620,1,2,4,1,6,75116,M,,,75
201500054002,15,3,4,1815,2,2,2,1,3,75116,M,,,75
201500054003,15,3,5,1820,1,2,4,1,6,75116,M,,,75
201500054004,15,3,6,1845,5,2,1,1,2,75116,M,,,75
201500054005,15,3,4,1320,1,2,4,1,6,75116,M,,,75
201500054006,15,3,7,1700,1,2,4,1,3,75116,M,,,75
201500054007,15,3,11,950,1,2,1,1,3,75116,M,,,75
201500054008,15,3,11,1015,1,2,3,1,2,75116,M,,,75
201500054009,15,3,12,1200,1,2,1,1,3,75116,M,,,75
201500054010,15,3,12,1330,1,2,1,1,3,75116,M,,,75
201500054011,15,3,13,1430,1,2,3,1,6,75116,M,,,75
201500054012,15,3,14,115,5,2,2,1,3,75116,M,,,75
201500054013,15,3,14,1400,1,2,2,1,3,75116,M,,,75
201500054014,15,3,13,1755,1,2,1,1,6,75116,M,,,75
201500054015,15,3,17,1745,1,2,1,1,6,75116,M,,,75
201500054016,15,3,18,1450,1,2,2,1,2,75117,M,,,75
201500054017,15,3,18,2310,5,2,1,1,3,75116,M,,,75
201500054018,15,3,19,640,2,2,5,1,6,75116,M,,,75
201500054019,15,3,19,1000,1,2,5,1,2,75116,M,,,75
201500054020,15,3,19,1850,5,2,1,1,3,75116,M,,,75
201500054021,15,3,19,1900,5,2,7,1,6,75116,M,,,75
201500054022,15,3,19,1245,1,2,1,1,2,75116,M,,,75
201500054023,15,3,20,2235,5,2,7,1,6,75116,M,,,75
201500054024,15,3,21,1150,1,2,1,1,2,75116,M,,,75
201500054025,15,3,23,1445,1,2,1,1,6,75116,M,,,75
201500054026,15,3,23,1755,1,2,1,1,6,75116,M,,,75
201500054027,15,3,24,1145,1,2,2,2,2,75116,M,,,75
201500054028,15,3,24,1730,2,2,5,3,3,75116,M,,,75
201500054029,15,3,25,1017,1,2,2,1,6,75116,M,,,75
201500054030,15,3,25,1405,1,2,7,1,2,75116,M,,,75
201500054031,15,3,28,310,5,2,2,2,3,75117,M,,,75
201500054032,15,3,27,1335,1,2,1,1,6,75116,M,,,75
201500054033,15,3,28,1300,1,2,2,1,6,75116,M,,,75
201500054034,15,3,29,130,3,2,1,1,7,75116,M,,,75
201500054035,15,3,29,2200,5,2,7,2,6,75116,M,,,75
201500054036,15,3,30,2050,3,2,1,1,7,75116,M,,,75
201500054037,15,4,1,905,1,2,3,1,6,75116,M,,,75
201500054038,15,4,2,750,2,2,1,1,6,75116,M,,,75
201500054039,15,4,5,125,5,2,1,1,6,75116,M,,,75
201500054040,15,4,7,1725,1,2,3,1,3,75116,M,,,75
201500054041,15,4,8,805,1,2,1,1,6,75116,M,,,75
201500054042,15,4,8,855,1,2,1,1,2,75116,M,,,75
201500054043,15,4,8,1430,1,2,5,1,3,75116,M,,,75
201500054044,15,4,9,810,1,2,2,1,6,75116,M,,,75
201500054045,15,4,9,1822,1,2,1,1,6,75116,M,,,75
201500054046,15,4,11,1915,1,2,1,1,6,75116,M,,,75
201500054047,15,4,12,1345,1,2,7,1,1,75116,M,,,75
201500054048,15,4,13,815,1,2,5,1,3,75116,M,,,75
201500054049,15,4,13,1915,1,2,2,1,3,75116,M,,,75
201500054050,15,4,15,1145,1,2,1,1,6,75116,M,,,75
201500054051,15,4,15,2040,5,2,3,1,6,75116,M,,,75
201500054052,15,4,16,105,5,2,3,1,6,75116,M,,,75
201500054053,15,4,16,850,1,2,7,1,3,75116,M,,,75
201500054054,15,4,16,1340,1,2,1,1,6,75116,M,,,75
201500054055,15,4,17,910,1,2,1,1,3,75116,M,,,75
201500054056,15,4,17,920,1,2,5,1,3,75116,M,,,75
201500054057,15,4,17,2030,2,2,1,1,6,75116,M,,,75
201500054058,15,4,19,1555,1,2,7,1,3,75116,M,,,75
201500054059,15,4,19,1850,1,2,5,1,6,75116,M,,,75
201500054060,15,4,20,1555,1,2,1,1,3,75117,M,,,75
201500054061,15,4,20,1540,1,2,1,1,2,75108,M,,,75
201500054062,15,4,20,1650,1,2,7,1,6,75116,M,,,75
201500054063,15,4,22,1120,1,2,1,1,6,75116,M,,,75
201500054064,15,4,22,945,1,2,1,1,2,75116,M,,,75
201500054065,15,4,22,2220,5,2,7,1,2,75116,M,,,75
201500054066,15,4,23,1510,1,2,2,1,3,75116,M,,,75
201500054067,15,4,23,1945,1,2,1,1,6,75116,M,,,75
201500054068,15,4,23,2030,5,2,1,1,6,75116,M,,,75
201500054069,15,4,23,1955,1,2,1,1,2,75116,M,,,75
201500054070,15,4,24,1425,1,2,5,1,3,75116,M,,,75
201500054071,15,4,24,1515,1,2,4,1,3,75116,M,,,75
201500054072,15,4,24,1845,1,2,4,1,2,75116,M,,,75
201500054073,15,4,28,2030,5,2,1,1,2,75116,M,,,75
201500054074,15,4,29,915,1,2,1,1,6,75116,M,,,75
201500054075,15,4,29,1125,1,2,3,1,6,75116,M,,,75
201500054076,15,4,29,1000,1,2,5,1,6,75116,M,,,75
201500054077,15,4,30,1530,1,2,2,2,6,75116,M,,,75
201500054078,15,5,4,2210,5,2,3,1,6,75116,M,,,75
201500054079,15,5,6,915,1,2,7,1,6,75116,M,,,75
201500054080,15,5,6,2105,5,2,4,1,6,75116,M,,,75
201500054081,15,5,8,940,1,2,2,8,2,75116,M,,,75
201500054082,15,5,9,2000,1,2,4,1,3,75116,M,,,75
201500054083,15,5,10,2320,5,2,3,1,6,75116,M,,,75
201500054084,15,5,10,1000,1,2,1,1,6,75116,M,,,75
201500054085,15,5,11,1041,1,2,3,1,6,75116,M,,,75
201500054086,15,5,11,1700,1,2,1,1,3,75116,M,,,75
201500054087,15,5,11,1730,1,2,7,1,3,75116,M,,,75
201500054088,15,5,13,945,1,2,7,1,6,75116,M,,,75
201500054089,15,5,14,30,5,2,2,1,1,75116,M,,,75
201500054090,15,5,15,1,5,2,1,1,2,75116,M,,,75
201500054091,15,5,15,1000,1,2,5,1,4,75116,M,,,75
201500054092,15,5,17,1145,1,2,2,1,2,75116,M,,,75
201500054093,15,5,17,1810,1,2,1,1,6,75116,M,,,75
201500054094,15,5,17,1928,1,2,1,1,3,75116,M,,,75
201500054095,15,5,18,1420,1,2,3,1,3,75116,M,,,75
201500054096,15,5,18,1515,1,2,2,8,6,75116,M,,,75
201500054097,15,5,18,1825,1,2,3,1,6,75116,M,,,75
201500054098,15,5,18,1955,2,2,5,1,6,75116,M,,,75
201500054099,15,5,18,1820,1,2,1,1,7,75116,M,,,75
201500054100,15,5,19,935,1,2,7,8,2,75116,M,,,75
201500054101,15,5,18,2000,2,2,7,3,3,75116,M,,,75
201500054102,15,5,19,1605,1,2,2,1,1,75116,M,,,75
201500054103,15,5,19,1513,1,2,1,2,3,75116,M,,,75
201500054104,15,5,20,1930,1,2,7,1,6,75116,M,,,75
201500054105,15,5,22,835,1,2,1,1,6,75116,M,,,75
201500054106,15,5,22,1600,1,2,1,1,6,75116,M,,,75
201500054107,15,5,22,345,5,2,1,1,6,75116,M,,,75
201500054108,15,5,24,645,2,2,1,1,6,75116,M,,,75
201500054109,15,5,24,1340,1,2,1,1,6,75116,M,,,75
201500054110,15,5,25,1240,1,2,2,1,6,75116,M,,,75
201500054111,15,5,26,1525,1,2,1,1,2,75116,M,,,75
201500054112,15,5,27,1800,1,2,1,1,6,75116,M,,,75
201500054113,15,5,27,2010,1,2,7,1,3,75116,M,,,75
201500054114,15,5,28,1950,1,2,1,1,3,75116,M,,,75
201500054115,15,5,29,2050,1,2,1,1,3,75116,M,,,75
201500054116,15,5,29,2130,1,2,1,1,3,75116,M,,,75
201500054117,15,5,31,1910,2,2,1,2,6,75116,M,,,75
201500054118,15,6,1,1100,1,2,1,1,6,75116,M,,,75
201500054119,15,6,2,910,1,2,4,1,6,75116,M,,,75
201500054120,15,6,2,920,1,2,1,1,6,75116,M,,,75
201500054121,15,6,2,1600,1,2,1,1,4,75116,M,,,75
201500054122,15,6,3,1300,1,2,1,1,6,75116,M,,,75
201500054123,15,6,3,1815,1,2,1,1,2,75116,M,,,75
201500054124,15,6,5,1030,1,2,2,1,3,75116,M,,,75
201500054125,15,6,5,1545,1,2,1,7,4,75116,M,,,75
201500054126,15,6,6,1900,1,2,5,1,6,75116,M,,,75
201500054127,15,6,6,1330,1,2,1,1,2,75116,M,,,75
201500054128,15,6,7,1530,1,2,1,1,3,75116,M,,,75
201500054129,15,6,8,1345,1,2,2,1,6,75116,M,,,75
201500054130,15,6,8,1445,1,2,2,1,6,75116,M,,,75
201500054131,15,6,9,835,1,2,2,1,3,75116,M,,,75
201500054132,15,6,9,930,1,2,4,1,4,75116,M,,,75
201500054133,15,6,9,1730,1,2,2,1,6,75116,M,,,75
201500054134,15,6,10,1715,1,2,1,1,3,75116,M,,,75
201500054135,15,6,10,2335,5,2,1,1,7,75116,M,,,75
201500054136,15,6,11,1330,1,2,1,1,2,75116,M,,,75
201500054137,15,6,2,1745,1,2,1,1,2,75116,M,,,75
201500054138,15,6,16,905,1,2,1,1,6,75116,M,,,75
201500054139,15,6,16,845,1,2,5,1,4,75116,M,,,75
201500054140,15,6,16,2340,5,2,3,1,3,75116,M,,,75
201500054141,15,6,17,1305,1,2,1,1,6,75116,M,,,75
201500054142,15,6,16,2020,1,2,1,7,6,75116,M,,,75
201500054143,15,6,18,1405,1,2,1,1,7,75116,M,,,75
201500054144,15,6,18,1750,1,2,1,1,6,75116,M,,,75
201500054145,15,6,18,1715,1,2,2,1,6,75116,M,,,75
201500054146,15,6,19,410,5,2,1,1,7,75116,M,,,75
201500054147,15,6,19,1430,1,2,7,1,3,75116,M,,,75
201500054148,15,6,22,10,5,2,1,1,4,75116,M,,,75
201500054149,15,6,22,40,5,2,1,1,6,75116,M,,,75
201500054150,15,6,22,2330,4,2,1,1,6,75116,M,,,75
201500054151,15,6,23,1030,1,2,2,1,6,75116,M,,,75
201500054152,15,6,23,1400,1,2,3,1,6,75116,M,,,75
201500054153,15,6,23,1600,1,2,1,1,3,75116,M,,,75
201500054154,15,6,24,920,1,2,1,1,6,75116,M,,,75
201500054155,15,6,24,1835,1,2,2,1,2,75116,M,,,75
201500054156,15,6,24,2240,5,2,1,1,7,75116,M,,,75
201500054157,15,5,26,845,1,2,1,1,6,75116,M,,,75
201500054158,15,6,25,845,1,2,1,1,6,75116,M,,,75
201500054159,15,6,25,922,1,2,2,1,3,75116,M,,,75
201500054160,15,6,25,915,1,2,3,1,3,75116,M,,,75
201500054161,15,6,25,915,1,2,1,1,4,75116,M,,,75
201500054162,15,6,25,1645,1,2,3,1,3,75116,M,,,75
201500054163,15,6,25,1930,1,2,3,1,6,75116,M,,,75
201500054164,15,6,26,210,5,2,2,1,3,75116,M,,,75
201500054165,15,6,26,1125,1,2,1,1,2,75116,M,,,75
201500054166,15,6,27,1915,1,2,1,1,6,75116,M,,,75
201500054167,15,6,24,1200,1,2,2,1,6,75116,M,,,75
201500054168,15,6,29,1735,1,2,3,1,3,75116,M,,,75
201500054169,15,6,29,1750,1,2,1,1,2,75116,M,,,75
201500054170,15,6,30,930,1,2,1,1,4,75116,M,,,75
201500054171,15,7,1,550,1,2,1,1,6,75116,M,,,75
201500054172,15,7,1,1020,1,2,1,1,6,75116,M,,,75
201500054173,15,7,1,1110,1,2,3,1,6,75116,M,,,75
201500054174,15,7,1,1705,1,2,5,1,6,75116,M,,,75
201500054175,15,7,1,1815,1,2,1,1,6,75116,M,,,75
201500054176,15,7,1,1335,1,2,2,1,6,75116,M,,,75
201500054177,15,7,3,1930,1,2,2,1,2,75116,M,,,75
201500054178,15,7,3,2005,1,2,5,1,3,75116,M,,,75
201500054179,15,7,6,635,1,2,5,1,3,75116,M,,,75
201500054180,15,7,7,1750,1,2,1,1,2,75116,M,,,75
201500054181,15,7,8,950,1,2,3,1,3,75116,M,,,75
201500054182,15,7,8,2015,1,2,1,1,2,75116,M,,,75
201500054183,15,7,9,208,5,2,4,1,3,75116,M,,,75
201500054184,15,7,6,1210,1,2,1,1,3,75116,M,,,75
201500054185,15,7,10,1025,1,2,7,1,3,75116,M,,,75
201500054186,15,7,9,1845,1,2,1,1,3,75116,M,,,75
201500054187,15,7,10,1725,1,2,1,1,6,75116,M,,,75
201500054188,15,7,10,1900,1,2,1,1,6,75116,M,,,75
201500054189,15,7,11,130,5,2,2,1,6,75116,M,,,75
201500054190,15,7,11,2000,1,2,7,1,4,75117,M,,,75
201500054191,15,7,12,1630,1,2,2,1,3,75108,M,,,75
201500054192,15,7,13,735,1,2,5,1,3,75116,M,,,75
201500054193,15,7,13,1550,1,2,3,8,6,75116,M,,,75
201500054194,15,7,14,1700,1,2,1,1,3,75116,M,,,75
201500054195,15,7,15,220,5,2,7,1,2,75116,M,,,75
201500054196,15,7,15,915,1,2,5,1,3,75116,M,,,75
201500054197,15,7,16,1555,1,2,4,1,2,75116,M,,,75
201500054198,15,7,17,135,5,2,3,1,6,75116,M,,,75
201500054199,15,7,17,1630,1,2,1,1,6,75116,M,,,75
201500054200,15,7,22,1235,1,2,7,1,3,75116,M,,,75
201500054201,15,7,24,1815,1,2,1,8,3,75116,M,,,75
201500054202,15,7,24,2350,5,2,2,1,3,75117,M,,,75
201500054203,15,7,25,1940,1,2,1,1,2,75116,M,,,75
201500054204,15,7,26,2015,2,2,2,1,3,75116,M,,,75
201500054205,15,7,27,1250,1,2,1,1,6,75116,M,,,75
201500054206,15,7,28,1830,1,2,2,1,3,75116,M,,,75
201500054207,15,7,28,1210,1,2,3,8,3,75116,M,,,75
201500054208,15,7,29,1420,1,2,7,1,3,75116,M,,,75
201500054209,15,7,30,940,1,2,7,1,2,75116,M,,,75
201500054210,15,7,31,1325,1,2,7,1,3,75116,M,,,75
201500054211,15,8,2,1120,1,2,2,1,6,75116,M,,,75
201500054212,15,8,2,1830,1,2,5,1,3,75116,M,,,75
201500054213,15,8,3,720,1,2,1,1,6,75116,M,,,75
201500054214,15,8,3,2223,5,2,5,1,2,75116,M,,,75
201500054215,15,8,3,1540,1,2,1,1,3,75116,M,,,75
201500054216,15,8,5,1645,1,2,7,1,2,75116,M,,,75
201500054217,15,8,6,1530,1,2,3,1,6,75116,M,,,75
201500054218,15,8,5,1932,1,2,5,1,6,75116,M,,,75
201500054219,15,8,9,1235,1,2,1,1,4,75116,M,,,75
201500054220,15,8,11,2015,2,2,2,1,6,75116,M,,,75
201500054221,15,8,12,1700,1,2,1,1,3,75116,M,,,75
201500054222,15,8,15,1715,1,2,1,7,6,75116,M,,,75
201500054223,15,8,17,1040,1,2,3,1,6,75116,M,,,75
201500054224,15,8,18,1615,1,2,1,1,1,75116,M,,,75
201500054225,15,8,21,1425,1,2,1,1,2,75116,M,,,75
201500054226,15,8,22,1230,1,2,1,1,6,75116,M,,,75
201500054227,15,8,23,1515,1,2,5,1,2,75117,M,,,75
201500054228,15,8,24,1840,1,2,1,3,7,75116,M,,,75
201500054229,15,8,25,1930,1,2,7,1,3,75108,M,,,75
201500054230,15,8,26,930,1,2,1,1,6,75116,M,,,75
201500054231,15,8,27,825,1,2,4,2,3,75116,M,,,75
201500054232,15,8,27,945,1,2,7,1,2,75108,M,,,75
201500054233,15,8,28,1120,1,2,1,1,6,75116,M,,,75
201500054234,15,8,29,1410,1,2,2,1,2,75116,M,,,75
201500054235,15,8,30,1950,2,2,7,1,2,75116,M,,,75
201500054236,15,8,31,350,5,2,1,1,3,75116,M,,,75
201500054237,15,9,2,1530,1,2,7,1,3,75116,M,,,75
201500054238,15,9,2,1840,1,2,7,1,6,75116,M,,,75
201500054239,15,9,5,1630,1,2,1,1,6,75116,M,,,75
201500054240,15,9,5,2220,5,2,1,1,3,75116,M,,,75
201500054241,15,9,7,1350,1,2,1,1,3,75116,M,,,75
201500054242,15,9,8,1300,1,2,7,1,5,75116,M,,,75
201500054243,15,9,9,1010,1,2,7,1,2,75116,M,,,75
201500054244,15,9,9,2115,3,2,3,1,3,75116,M,,,75
201500054245,15,9,9,2330,4,2,1,1,3,75116,M,,,75
201500054246,15,9,10,835,1,2,7,1,3,75116,M,,,75
201500054247,15,9,10,1510,1,2,2,1,3,75116,M,,,75
201500054248,15,9,11,1810,1,2,1,1,6,75116,M,,,75
201500054249,15,9,10,1930,2,2,7,1,3,75116,M,,,75
201500054250,15,9,14,1440,1,2,2,1,4,75116,M,,,75
201500054251,15,9,15,2100,5,2,1,1,2,75116,M,,,75
201500054252,15,9,15,2150,5,2,2,2,3,75116,M,,,75
201500054253,15,9,17,930,1,2,5,1,6,75116,M,,,75
201500054254,15,9,11,1345,1,2,1,1,6,75116,M,,,75
201500054255,15,9,18,425,5,2,5,1,3,75117,M,,,75
201500054256,15,9,18,1730,1,2,4,1,3,75116,M,,,75
201500054257,15,9,18,1945,5,2,2,2,5,75117,M,,,75
201500054258,15,9,19,211,5,2,7,1,3,75116,M,,,75
201500054259,15,9,19,335,5,2,1,1,6,75116,M,,,75
201500054260,15,9,14,915,1,2,2,1,7,75116,M,,,75
201500054261,15,9,21,910,1,2,2,1,2,75116,M,,,75
201500054262,15,9,20,2030,5,2,3,1,2,75116,M,,,75
201500054263,15,9,21,1600,1,2,5,1,3,75116,M,,,75
201500054264,15,9,22,1050,1,2,4,8,3,75116,M,,,75
201500054265,15,9,23,1820,1,2,1,1,6,75116,M,,,75
201500054266,15,9,24,110,5,2,7,1,3,75116,M,,,75
201500054267,15,9,25,1730,1,2,6,1,3,75116,M,,,75
201500054268,15,9,26,1130,1,2,4,1,3,75116,M,,,75
201500054269,15,9,27,2010,5,2,1,1,7,75116,M,,,75
201500054270,15,9,24,910,1,2,1,1,6,75116,M,,,75
201500054271,15,9,28,1700,1,2,5,1,2,75116,M,,,75
201500054272,15,9,28,1940,5,2,1,1,3,75116,M,,,75
201500054273,15,9,28,1820,2,2,2,1,3,75116,M,,,75
201500054274,15,9,29,1727,1,2,2,1,6,75116,M,,,75
201500054275,15,9,28,1730,1,2,1,1,5,75116,M,,,75
201500054276,15,9,29,1915,5,2,1,1,6,75116,M,,,75
201500054277,15,9,30,930,1,2,2,1,2,75116,M,,,75
201500054278,15,10,1,50,5,2,1,1,3,75116,M,,,75
201500054279,15,10,1,940,1,2,7,1,6,75116,M,,,75
201500054280,15,10,1,1250,1,2,2,1,6,75116,M,,,75
201500054281,15,10,1,1715,1,2,3,1,3,75116,M,,,75
201500054282,15,10,1,2325,5,2,2,1,2,75116,M,,,75
201500054283,15,10,2,148,5,2,5,1,3,75116,M,,,75
201500054284,15,10,2,1630,1,2,2,1,2,75116,M,,,75
201500054285,15,10,2,2115,5,2,7,1,3,75116,M,,,75
201500054286,15,10,3,600,5,2,5,1,6,75116,M,,,75
201500054287,15,10,5,1810,1,2,5,3,5,75116,M,,,75
201500054288,15,10,6,1710,1,2,1,1,3,75116,M,,,75
201500054289,15,10,6,1125,1,2,2,1,3,75116,M,,,75
201500054290,15,10,9,2010,5,2,1,1,6,75116,M,,,75
201500054291,15,10,11,1322,1,2,1,1,6,75116,M,,,75
201500054292,15,10,11,1425,1,2,2,1,3,75116,M,,,75
201500054293,15,10,10,1310,1,2,1,1,2,75116,M,,,75
201500054294,15,10,13,1400,1,2,3,1,3,75116,M,,,75
201500054295,15,10,14,320,5,2,2,1,6,75116,M,,,75
201500054296,15,10,14,1200,1,2,2,1,3,75116,M,,,75
201500054297,15,10,12,1710,1,2,3,1,3,75116,M,,,75
201500054298,15,10,15,2000,5,2,3,2,2,75116,M,,,75
201500054299,15,10,16,900,1,2,1,2,6,75116,M,,,75
201500054300,15,10,17,1200,1,2,1,1,2,75116,M,,,75
201500054301,15,10,17,1720,1,2,3,1,3,75116,M,,,75
201500054302,15,10,17,1915,5,2,1,1,2,75116,M,,,75
201500054303,15,10,16,1430,1,2,3,1,6,75116,M,,,75
201500054304,15,10,20,2015,5,2,1,1,3,75116,M,,,75
201500054305,15,10,21,240,5,2,1,1,6,75116,M,,,75
201500054306,15,10,22,1430,1,2,7,1,2,75116,M,,,75
201500054307,15,10,22,1900,1,2,1,2,4,75116,M,,,75
201500054308,15,10,25,315,5,2,1,1,2,75116,M,,,75
201500054309,15,10,25,1600,1,2,1,1,3,75116,M,,,75
201500054310,15,10,26,2355,5,2,1,1,2,75116,M,,,75
201500054311,15,10,27,1740,2,2,1,1,6,75116,M,,,75
201500054312,15,10,28,1100,1,2,4,1,6,75116,M,,,75
201500054313,15,10,28,1830,5,2,1,1,6,75116,M,,,75
201500054314,15,10,29,1500,1,2,1,1,2,75116,M,,,75
201500054315,15,10,30,225,5,2,7,1,6,75116,M,,,75
201500054316,15,10,31,1900,5,2,2,1,6,75116,M,,,75
201500054317,15,10,31,2343,5,2,5,5,3,75116,M,,,75
201500054318,15,11,2,1520,1,2,1,1,3,75116,M,,,75
201500054319,15,11,4,640,2,2,1,2,6,75116,M,,,75
201500054320,15,11,4,1515,1,2,2,1,1,75116,M,,,75
201500054321,15,11,4,1715,2,2,1,1,2,75116,M,,,75
201500054322,15,11,5,835,1,2,2,1,3,75116,M,,,75
201500054323,15,11,5,1455,1,2,2,1,3,75116,M,,,75
201500054324,15,11,5,2040,5,2,2,2,3,75116,M,,,75