Num_Acc,an,mois,jour,hrmn,lum,agg,int,atm,col,com,gps,lat,long,dep
201500054325,15,11,5,2235,5,2,2,2,6,75116,M,,,75
201500054326,15,11,6,1330,1,2,7,2,6,75116,M,,,75
201500054327,15,11,7,15,5,2,1,1,3,75116,M,,,75
201500054328,15,11,6,1825,5,2,7,2,3,75116,M,,,75
201500054329,15,11,8,430,5,2,2,1,6,75116,M,,,75
201500054330,15,11,8,1220,1,2,7,1,6,75116,M,,,75
201500054331,15,11,9,900,1,2,7,1,3,75116,M,,,75
201500054332,15,11,8,1200,1,2,1,1,2,75116,M,,,75
201500054333,15,11,8,1340,1,2,7,1,6,75116,M,,,75
201500054334,15,11,10,1710,2,2,1,1,3,75116,M,,,75
201500054335,15,11,12,1720,2,2,1,1,3,75116,M,,,75
201500054336,15,11,12,2140,5,2,3,1,3,75116,M,,,75
201500054337,15,11,14,1010,1,2,3,1,6,75116,M,,,75
201500054338,15,11,14,1930,5,2,2,1,3,75116,M,,,75
201500054339,15,11,16,800,1,2,1,1,3,75116,M,,,75
201500054340,15,11,18,1415,1,2,2,1,3,75116,M,,,75
201500054341,15,11,19,1430,1,2,1,2,6,75116,M,,,75
201500054342,15,11,20,240,5,2,1,2,6,75116,M,,,75
201500054343,15,11,20,1430,1,2,4,2,6,75116,M,,,75
201500054344,15,11,21,106,5,2,7,2,6,75116,M,,,75
201500054345,15,11,17,2115,5,2,7,8,3,75116,M,,,75
201500054346,15,11,21,1100,1,2,2,1,3,75116,M,,,75
201500054347,15,11,21,1940,5,2,5,1,3,75116,M,,,75
201500054348,15,11,23,1445,1,2,2,1,3,75116,M,,,75
201500054349,15,11,24,2020,3,2,2,2,2,75116,M,,,75
201500054350,15,11,25,850,1,2,3,2,6,75116,M,,,75
201500054351,15,11,25,1045,1,2,2,2,3,75116,M,,,75
201500054352,15,11,25,1245,1,2,7,2,6,75116,M,,,75
201500054353,15,11,25,1330,1,2,2,1,2,75116,M,,,75
201500054354,15,11,25,1715,2,2,7,3,6,75116,M,,,75
201500054355,15,11,26,1000,1,2,3,1,2,75116,M,,,75
201500054356,15,11,28,945,1,2,4,1,3,75116,M,,,75
201500054357,15,11,28,1950,5,2,2,1,3,75116,M,,,75
201500054358,15,11,29,715,1,2,1,2,6,75116,M,,,75
201500054359,15,11,29,1055,1,2,3,1,6,75116,M,,,75
201500054360,15,11,7,1410,1,2,2,1,3,75116,M,,,75
201500054361,15,12,2,245,5,2,7,1,6,75116,M,,,75
201500054362,15,12,2,1400,1,2,3,1,6,75116,M,,,75
201500054363,15,12,2,1610,1,2,1,1,3,75116,M,,,75
201500054364,15,12,2,1715,5,2,4,1,6,75116,M,,,75
201500054365,15,12,3,30,5,2,2,1,6,75116,M,,,75
201500054366,15,12,3,1520,1,2,3,1,6,75116,M,,,75
201500054367,15,12,4,15,5,2,3,1,6,75116,M,,,75
201500054368,15,12,3,1230,1,2,1,1,2,75116,M,,,75
201500054369,15,12,5,1800,2,2,1,1,3,75116,M,,,75
201500054370,15,12,6,300,5,2,1,1,6,75116,M,,,75
201500054371,15,12,7,810,1,2,5,1,3,75116,M,,,75
201500054372,15,12,7,1155,1,2,1,1,3,75116,M,,,75
201500054373,15,12,7,1630,1,2,5,1,3,75116,M,,,75
201500054374,15,12,7,1830,5,2,2,1,3,75108,M,,,75
201500054375,15,12,7,2135,3,2,3,1,7,75116,M,,,75
201500054376,15,12,8,1140,1,2,1,1,2,75116,M,,,75
201500054377,15,12,8,1330,1,2,1,2,7,75116,M,,,75
201500054378,15,12,8,1420,1,2,1,2,4,75116,M,,,75
201500054379,15,12,9,850,1,2,2,1,3,75116,M,,,75
201500054380,15,12,10,805,2,2,5,1,6,75116,M,,,75
201500054381,15,12,9,2100,5,2,7,1,6,75116,M,,,75
201500054382,15,12,10,1430,1,2,4,1,3,75116,M,,,75
201500054383,15,12,10,1945,4,2,2,1,3,75116,M,,,75
201500054384,15,12,11,1900,5,2,1,1,4,75116,M,,,75
201500054385,15,12,15,2040,5,2,1,2,2,75116,M,,,75
201500054386,15,12,16,2030,5,2,1,2,2,75116,M,,,75
201500054387,15,12,17,45,5,2,1,1,2,75116,M,,,75
201500054388,15,12,17,1305,1,2,5,1,3,75116,M,,,75
201500054389,15,12,18,1040,1,2,3,8,4,75116,M,,,75
201500054390,15,12,18,1520,1,2,1,2,3,75116,M,,,75
201500054391,15,12,19,1315,1,2,6,1,3,75116,M,,,75
201500054392,15,12,20,230,5,2,1,1,3,75116,M,,,75
201500054393,15,12,22,800,2,2,7,1,7,75116,M,,,75
201500054394,15,12,22,1220,1,2,1,1,3,75116,M,,,75
201500054395,15,12,22,1515,1,2,7,1,3,75116,M,,,75
201500054396,15,12,22,1945,5,2,1,1,2,75116,M,,,75
201500054397,15,12,22,515,5,2,5,1,6,75116,M,,,75
201500054398,15,12,23,825,1,2,2,1,6,75116,M,,,75
201500054399,15,12,23,950,1,2,3,1,2,75116,M,,,75
201500054400,15,12,23,1130,1,2,5,1,3,75116,M,,,75
201500054401,15,12,24,10,5,2,4,1,2,75117,M,,,75
201500054402,15,12,24,600,5,2,7,1,7,75116,M,,,75
201500054403,15,12,24,1450,1,2,3,1,3,75116,M,,,75
201500054404,15,12,25,110,5,2,4,2,6,75117,M,,,75
201500054405,15,12,28,1050,1,2,2,1,6,75116,M,,,75
201500054406,15,12,28,1345,1,2,1,1,3,75116,M,,,75
201500054407,15,12,28,1715,5,2,1,1,2,75116,M,,,75
201500054408,15,12,28,2230,5,2,7,1,7,75116,M,,,75
201500054409,15,12,29,1215,1,2,1,1,3,75116,M,,,75
201500054410,15,12,29,1520,1,2,2,1,3,75116,M,,,75
201500054411,15,1,5,1135,1,2,5,1,3,75117,M,,,75
201500054412,15,1,6,945,1,2,5,1,3,75117,M,,,75
201500054413,15,1,6,2250,5,2,1,1,6,75117,M,,,75
201500054414,15,1,8,1630,1,2,2,1,6,75117,M,,,75
201500054415,15,1,8,2200,5,2,3,1,4,75117,M,,,75
201500054416,15,1,9,1320,1,2,7,1,2,75117,M,,,75
201500054417,15,1,10,1815,5,2,1,2,4,75117,M,,,75
201500054418,15,1,11,1115,1,2,3,7,3,75117,M,,,75
201500054419,15,1,12,1330,1,2,2,1,3,75117,M,,,75
201500054420,15,1,13,1400,1,2,3,8,3,75117,M,,,75
201500054421,15,1,14,1320,1,2,2,8,6,75117,M,,,75
201500054422,15,1,14,1440,1,2,2,1,2,75117,M,,,75
201500054423,15,1,14,1520,1,2,1,1,3,75117,M,,,75
201500054424,15,1,19,800,1,2,3,2,2,75117,M,,,75
201500054425,15,1,19,905,1,2,1,2,6,75117,M,,,75
201500054426,15,1,19,1745,5,2,3,1,3,75117,M,,,75
201500054427,15,1,20,2305,5,2,5,1,3,75117,M,,,75
201500054428,15,1,21,1935,5,2,3,1,6,75117,M,,,75
201500054429,15,1,22,2030,5,2,1,1,3,75117,M,,,75
201500054430,15,1,23,1700,1,2,2,1,6,75117,M,,,75
201500054431,15,1,26,815,1,2,7,2,3,75117,M,,,75
201500054432,15,1,27,1845,5,2,2,1,6,75117,M,,,75
201500054433,15,1,27,1905,5,2,1,1,3,75117,M,,,75
201500054434,15,1,30,230,5,2,4,4,3,75117,M,,,75
201500054435,15,1,30,1121,1,2,4,3,6,75117,M,,,75
201500054436,15,1,30,1945,5,2,1,8,2,75117,M,,,75
201500054437,15,1,30,2130,5,2,2,1,2,75117,M,,,75
201500054438,15,1,30,2240,5,2,1,1,6,75117,M,,,75
201500054439,15,2,1,455,5,2,5,1,5,75117,M,,,75
201500054440,15,2,2,1640,1,2,1,8,3,75117,M,,,75
201500054441,15,2,4,1400,1,2,4,1,2,75117,M,,,75
201500054442,15,2,5,845,1,2,1,1,3,75108,M,,,75
201500054443,15,2,5,1730,1,2,2,1,3,75117,M,,,75
201500054444,15,2,11,1420,1,2,3,1,3,75117,M,,,75
201500054445,15,2,11,1955,5,2,2,1,6,75117,M,,,75
201500054446,15,2,11,2040,5,2,2,1,3,75117,M,,,75
201500054447,15,2,12,2140,5,2,2,1,6,75117,M,,,75
201500054448,15,2,13,1100,1,2,1,1,2,75117,M,,,75
201500054449,15,2,14,1315,1,2,7,8,6,75108,M,,,75
201500054450,15,2,14,2100,5,2,1,2,6,75117,M,,,75
201500054451,15,2,14,2300,5,2,1,2,2,75117,M,,,75
201500054452,15,2,15,1530,1,2,1,1,3,75117,M,,,75
201500054453,15,2,16,1745,2,2,4,1,6,75117,M,,,75
201500054454,15,2,17,1445,1,2,3,1,6,75117,M,,,75
201500054455,15,2,18,1140,1,2,2,1,2,75117,M,,,75
201500054456,15,2,18,1730,1,2,1,1,3,75117,M,,,75
201500054457,15,2,19,1120,1,2,1,1,3,75108,M,,,75
201500054458,15,2,20,1240,1,2,5,2,6,75117,M,,,75
201500054459,15,2,23,905,1,2,1,1,3,75117,M,,,75
201500054460,15,2,27,935,1,2,5,1,3,75117,M,,,75
201500054461,15,2,27,930,1,2,4,1,3,75117,M,,,75
201500054462,15,2,27,1620,1,2,7,1,3,75117,M,,,75
201500054463,15,2,28,1100,1,2,5,1,6,75117,M,,,75
201500054464,15,3,2,905,1,2,3,1,2,75117,M,,,75
201500054465,15,3,4,1750,1,2,1,1,6,75117,M,,,75
201500054466,15,3,5,1000,1,2,5,1,6,75117,M,,,75
201500054467,15,3,6,2230,5,2,2,1,2,75117,M,,,75
201500054468,15,3,7,1600,1,2,7,1,3,75117,M,,,75
201500054469,15,3,7,1845,5,2,2,1,3,75117,M,,,75
201500054470,15,3,8,1030,1,2,4,1,6,75117,M,,,75
201500054471,15,3,11,1800,5,2,1,1,3,75117,M,,,75
201500054472,15,3,13,40,5,2,2,1,3,75117,M,,,75
201500054473,15,3,13,1915,5,2,2,1,3,75117,M,,,75
201500054474,15,3,14,220,5,2,1,1,2,75117,M,,,75
201500054475,15,3,14,600,2,2,2,1,2,75117,M,,,75
201500054476,15,3,15,1200,1,2,1,1,6,75117,M,,,75
201500054477,15,3,16,1150,1,2,1,1,2,75117,M,,,75
201500054478,15,3,17,1020,1,2,1,1,3,75117,M,,,75
201500054479,15,3,17,1340,1,2,3,1,3,75117,M,,,75
201500054480,15,3,18,905,1,2,1,1,3,75117,M,,,75
201500054481,15,3,20,1418,1,2,2,1,3,75117,M,,,75
201500054482,15,3,22,1800,1,2,1,1,6,75117,M,,,75
201500054483,15,3,23,750,1,2,1,1,2,75108,M,,,75
201500054484,15,3,23,1140,1,2,2,1,6,75117,M,,,75
201500054485,15,3,24,820,1,2,2,1,6,75117,M,,,75
201500054486,15,3,25,1920,5,2,1,1,1,75117,M,,,75
201500054487,15,3,26,1005,1,2,7,2,3,75117,M,,,75
201500054488,15,3,28,350,5,2,1,2,6,75117,M,,,75
201500054489,15,3,28,1740,1,2,1,1,6,75117,M,,,75
201500054490,15,3,28,1715,1,2,1,1,3,75117,M,,,75
201500054491,15,3,29,520,5,2,7,2,2,75108,M,,,75
201500054492,15,3,30,2345,5,2,1,1,3,75117,M,,,75
201500054493,15,3,31,1330,1,2,2,1,2,75117,M,,,75
201500054494,15,4,2,115,5,2,7,1,6,75117,M,,,75
201500054495,15,4,2,800,1,2,3,1,3,75117,M,,,75
201500054496,15,4,2,1105,1,2,3,2,7,75117,M,,,75
201500054497,15,4,4,2325,5,2,5,2,6,75117,M,,,75
201500054498,15,4,4,520,5,2,7,1,6,75117,M,,,75
201500054499,15,4,4,1100,1,2,2,2,3,75117,M,,,75
201500054500,15,4,4,2335,5,2,2,1,3,75117,M,,,75
201500054501,15,4,5,1120,1,2,1,1,3,75117,M,,,75
201500054502,15,4,6,1900,1,2,1,1,6,75117,M,,,75
201500054503,15,4,7,640,1,2,3,1,2,75117,M,,,75
201500054504,15,4,8,945,1,2,1,1,6,75117,M,,,75
201500054505,15,4,8,2235,5,2,1,1,7,75117,M,,,75
201500054506,15,4,9,1930,1,2,2,1,6,75117,M,,,75
201500054507,15,4,10,1455,1,2,3,1,3,75116,M,,,75
201500054508,15,4,13,1830,1,2,7,1,6,75117,M,,,75
201500054509,15,4,14,1250,1,2,2,1,2,75117,M,,,75
201500054510,15,4,15,930,1,2,3,1,3,75117,M,,,75
201500054511,15,4,15,1350,1,2,7,1,3,75117,M,,,75
201500054512,15,4,16,1000,1,2,2,1,3,75117,M,,,75
201500054513,15,4,17,1450,1,2,3,1,3,75117,M,,,75
201500054514,15,4,18,930,1,2,4,1,6,75117,M,,,75
201500054515,15,4,19,640,1,2,2,1,2,75117,M,,,75
201500054516,15,4,19,1705,1,2,5,1,6,75117,M,,,75
201500054517,15,4,20,1355,1,2,3,1,2,75108,M,,,75
201500054518,15,4,21,1730,1,2,1,1,6,75117,M,,,75
201500054519,15,4,22,1330,1,2,2,1,2,75117,M,,,75
201500054520,15,4,22,1335,1,2,1,1,6,75117,M,,,75
201500054521,15,4,22,1910,1,2,1,1,6,75116,M,,,75
201500054522,15,4,23,220,5,2,5,1,6,75117,M,,,75
201500054523,15,4,23,1800,1,2,4,1,3,75117,M,,,75
201500054524,15,4,24,900,1,2,1,1,2,75117,M,,,75
201500054525,15,4,26,1755,1,2,3,2,6,75117,M,,,75
201500054526,15,4,26,2130,5,2,1,2,6,75117,M,,,75
201500054527,15,4,28,159,5,2,5,1,3,75117,M,,,75
201500054528,15,4,29,1545,1,2,3,1,3,75117,M,,,75
201500054529,15,4,29,1805,1,2,7,1,7,75117,M,,,75
201500054530,15,5,4,1300,1,2,1,1,6,75117,M,,,75
201500054531,15,5,4,1650,1,2,1,2,3,75117,M,,,75
201500054532,15,5,5,1640,1,2,2,1,6,75117,M,,,75
201500054533,15,5,6,1220,1,2,3,1,3,75117,M,,,75
201500054534,15,5,6,1830,1,2,7,1,3,75117,M,,,75
201500054535,15,5,7,750,1,2,1,1,3,75117,M,,,75
201500054536,15,5,7,1415,1,2,7,1,6,75117,M,,,75
201500054537,15,5,8,1230,1,2,3,1,3,75117,M,,,75
201500054538,15,5,8,1415,1,2,2,1,6,75117,M,,,75
201500054539,15,5,8,1440,1,2,1,1,2,75117,M,,,75
201500054540,15,5,8,2020,1,2,1,1,6,75117,M,,,75
201500054541,15,5,9,1300,1,2,4,1,3,75117,M,,,75
201500054542,15,5,12,955,1,2,1,1,3,75117,M,,,75
201500054543,15,5,12,1300,1,2,5,1,3,75117,M,,,75
201500054544,15,5,12,1315,1,2,1,1,6,75117,M,,,75
201500054545,15,5,13,1530,1,2,2,1,6,75117,M,,,75
201500054546,15,5,13,1745,1,2,2,1,3,75117,M,,,75
201500054547,15,5,13,1845,1,2,1,1,2,75117,M,,,75
201500054548,15,5,15,1450,1,2,5,1,2,75117,M,,,75
201500054549,15,5,16,1030,1,2,2,1,3,75101,M,,,75
201500054550,15,5,17,1405,1,2,5,1,6,75117,M,,,75
201500054551,15,5,18,1055,1,2,7,1,6,75117,M,,,75
201500054552,15,5,18,1020,1,2,5,1,5,75117,M,,,75
201500054553,15,5,18,1905,1,2,5,1,6,75117,M,,,75
201500054554,15,5,21,1930,1,2,7,1,2,75117,M,,,75
201500054555,15,5,23,1720,1,2,4,1,3,75117,M,,,75
201500054556,15,5,23,2230,5,2,2,1,6,75117,M,,,75
201500054557,15,5,26,1635,1,2,1,1,6,75117,M,,,75
201500054558,15,5,27,925,1,2,3,1,1,75117,M,,,75
201500054559,15,5,27,1150,1,2,1,1,2,75117,M,,,75
201500054560,15,5,28,835,1,2,1,1,6,75117,M,,,75
201500054561,15,5,28,2245,5,2,2,1,3,75117,M,,,75
201500054562,15,5,29,840,1,2,7,1,6,75117,M,,,75
201500054563,15,5,30,1800,1,2,7,1,3,75117,M,,,75
201500054564,15,5,30,1845,1,2,1,1,2,75117,M,,,75
201500054565,15,5,31,1230,1,2,2,3,6,75117,M,,,75
201500054566,15,5,31,1415,1,2,2,2,3,75117,M,,,75
201500054567,15,6,1,815,1,2,4,1,3,75117,M,,,75
201500054568,15,6,4,1530,1,2,1,1,4,75117,M,,,75
201500054569,15,6,5,840,1,2,3,1,2,75117,M,,,75
201500054570,15,6,5,1350,1,2,3,1,3,75117,M,,,75
201500054571,15,6,6,1850,1,2,1,1,6,75117,M,,,75
201500054572,15,6,9,2015,1,2,2,1,1,75117,M,,,75
201500054573,15,6,11,1140,1,2,4,1,3,75117,M,,,75
201500054574,15,6,11,1810,1,2,3,1,6,75117,M,,,75
201500054575,15,6,11,1738,1,2,2,1,2,75117,M,,,75
201500054576,15,6,12,35,5,2,1,1,7,75117,M,,,75
201500054577,15,6,12,915,1,2,1,1,6,75117,M,,,75
201500054578,15,6,13,755,1,2,1,1,2,75117,M,,,75
201500054579,15,6,12,2150,1,2,7,1,6,75117,M,,,75
201500054580,15,6,13,1345,1,2,2,1,3,75117,M,,,75
201500054581,15,6,14,1325,1,2,2,1,3,75117,M,,,75
201500054582,15,6,15,1745,1,2,1,1,6,75117,M,,,75
201500054583,15,6,15,1745,1,2,3,1,6,75117,M,,,75
201500054584,15,6,16,930,1,2,1,1,2,75116,M,,,75
201500054585,15,6,16,1835,1,2,1,1,6,75117,M,,,75
201500054586,15,6,16,2350,5,2,2,1,2,75117,M,,,75
201500054587,15,6,17,810,1,2,4,1,3,75117,M,,,75
201500054588,15,5,17,1320,1,2,1,1,3,75117,M,,,75
201500054589,15,6,17,1320,1,2,1,1,3,75117,M,,,75
201500054590,15,6,17,1900,1,2,1,1,3,75117,M,,,75
201500054591,15,6,18,2250,5,2,1,1,6,75117,M,,,75
201500054592,15,6,19,1230,1,2,7,1,3,75117,M,,,75
201500054593,15,6,21,1830,1,2,5,1,3,75117,M,,,75
201500054594,15,6,24,120,5,2,2,1,6,75117,M,,,75
201500054595,15,6,24,850,1,2,2,1,3,75117,M,,,75
201500054596,15,6,24,1315,1,2,2,1,2,75116,M,,,75
201500054597,15,6,24,2020,1,2,2,1,3,75117,M,,,75
201500054598,15,6,25,1045,1,2,1,1,6,75116,M,,,75
201500054599,15,6,25,1510,1,2,5,1,3,75116,M,,,75
201500054600,15,6,27,1520,1,2,1,1,3,75117,M,,,75
201500054601,15,6,29,1615,1,2,2,1,2,75117,M,,,75
201500054602,15,6,29,1630,1,2,1,1,5,75117,M,,,75
201500054603,15,6,30,645,1,2,2,1,3,75117,M,,,75
201500054604,15,6,30,1510,1,2,7,1,3,75117,M,,,75
201500054605,15,7,1,2030,1,2,3,1,6,75117,M,,,75
201500054606,15,7,2,1430,1,2,1,1,3,75117,M,,,75
201500054607,15,7,3,40,5,2,2,1,3,75117,M,,,75
201500054608,15,7,5,1750,1,2,1,1,6,75117,M,,,75
201500054609,15,7,6,20,5,2,7,1,3,75117,M,,,75
201500054610,15,7,6,1530,1,2,5,1,3,75117,M,,,75
201500054611,15,7,7,1630,1,2,1,1,6,75117,M,,,75
201500054612,15,7,9,1210,1,2,1,1,6,75117,M,,,75
201500054613,15,7,10,910,1,2,7,1,3,75117,M,,,75
201500054614,15,7,11,1710,1,2,1,1,2,75117,M,,,75
201500054615,15,7,11,1925,1,2,1,1,2,75117,M,,,75
201500054616,15,7,12,1510,1,2,5,1,3,75117,M,,,75
201500054617,15,7,12,1640,1,2,7,2,6,75108,M,,,75
201500054618,15,7,13,2015,1,2,2,1,3,75117,M,,,75
201500054619,15,7,15,1845,1,2,2,1,6,75117,M,,,75
201500054620,15,7,15,2110,1,2,7,7,2,75117,M,,,75
201500054621,15,7,18,620,2,2,1,1,1,75117,M,,,75
201500054622,15,7,19,145,5,2,5,3,7,75116,M,,,75
201500054623,15,7,19,2050,1,2,1,1,6,75117,M,,,75
201500054624,15,7,20,1945,1,2,5,1,3,75117,M,,,75
201500054625,15,7,21,1900,1,2,1,1,6,75117,M,,,75
201500054626,15,7,23,1600,1,2,2,1,6,75117,M,,,75
201500054627,15,7,25,720,1,2,2,1,3,75117,M,4852597.0,219315.0,75
201500054628,15,7,27,1030,1,2,7,2,3,75117,M,,,75
201500054629,15,7,28,940,1,2,7,1,3,75117,M,,,75
201500054630,15,7,28,1505,1,2,7,1,3,75117,M,,,75
201500054631,15,7,29,1920,1,2,7,1,6,75117,M,,,75
201500054632,15,8,1,1507,1,2,1,1,3,75117,M,,,75
201500054633,15,7,30,1240,1,2,5,1,6,75117,M,,,75
201500054634,15,8,2,2100,2,2,1,1,6,75117,M,,,75
201500054635,15,8,4,1310,1,2,2,1,6,75117,M,,,75
201500054636,15,8,3,1900,1,2,3,1,6,75117,M,,,75
201500054637,15,8,5,2000,1,2,7,1,6,75116,M,,,75
201500054638,15,8,6,1930,1,2,5,1,6,75117,M,,,75
201500054639,15,8,6,515,5,2,3,1,3,75117,M,,,75
201500054640,15,8,6,2315,5,2,7,1,2,75117,M,,,75
201500054641,15,8,10,825,1,2,1,1,6,75108,M,,,75
201500054642,15,8,13,1935,1,2,7,2,3,75117,M,,,75
201500054643,15,8,14,20,5,2,7,2,7,75117,M,,,75
201500054644,15,8,15,240,5,2,2,2,6,75117,M,,,75
201500054645,15,8,17,1530,1,2,7,1,6,75116,M,,,75
201500054646,15,8,19,730,1,2,2,1,2,75117,M,,,75
201500054647,15,8,23,1130,1,2,3,1,6,75117,M,,,75
201500054648,15,8,29,145,5,2,2,1,6,75117,M,,,75
201500054649,15,8,29,445,5,2,1,1,6,75117,M,,,75
201500054650,15,8,31,1440,1,2,5,1,3,75117,M,,,75
201500054651,15,9,2,1255,1,2,3,1,3,75117,M,,,75
201500054652,15,9,3,1630,1,2,2,1,3,75117,M,4853060.0,219149.0,75
201500054653,15,9,3,1800,1,2,2,1,6,75117,M,,,75
201500054654,15,9,4,55,5,2,1,1,6,75117,M,,,75
201500054655,15,9,4,1345,1,2,1,1,3,75117,M,,,75
201500054656,15,9,6,1800,1,2,7,1,2,75116,M,,,75
201500054657,15,9,6,2040,5,2,5,1,4,75117,M,,,75
201500054658,15,9,7,950,1,2,4,1,3,75117,M,,,75
201500054659,15,9,7,1215,1,2,7,1,3,75117,M,,,75
201500054660,15,9,9,1815,1,2,7,1,3,75117,M,,,75
201500054661,15,9,9,1815,1,2,1,1,3,75117,M,,,75
201500054662,15,9,10,50,5,2,1,1,3,75117,M,,,75
201500054663,15,9,10,1015,1,2,3,1,3,75117,M,,,75
201500054664,15,9,11,1015,1,2,1,1,3,75117,M,,,75
201500054665,15,9,11,1450,1,2,1,1,2,75117,M,,,75
201500054666,15,9,11,1340,1,2,2,1,3,75117,M,,,75
201500054667,15,9,10,2030,5,2,7,1,3,75116,M,,,75
201500054668,15,9,13,1520,1,2,2,2,2,75117,M,,,75
201500054669,15,9,14,940,1,2,1,2,6,75117,M,,,75
201500054670,15,9,14,1645,1,2,7,1,3,75117,M,,,75
201500054671,15,9,15,1600,1,2,1,1,3,75117,M,,,75
201500054672,15,9,16,1345,1,2,7,3,3,75117,M,,,75
201500054673,15,9,17,845,1,2,5,8,3,75117,M,,,75
201500054674,15,9,17,1245,1,2,4,2,6,75117,M,,,75
201500054675,15,9,17,1420,1,2,3,1,5,75117,M,,,75
201500054676,15,9,18,841,1,2,7,1,3,75117,M,,,75
201500054677,15,9,20,513,5,2,7,1,6,75117,M,,,75
201500054678,15,9,20,1745,1,2,1,1,3,75117,M,,,75
201500054679,15,9,21,2300,5,2,4,1,3,75117,M,,,75
201500054680,15,9,22,1035,1,2,1,2,6,75117,M,,,75
201500054681,15,9,23,1030,1,2,1,1,2,75117,M,4853361.0,219053.0,75
201500054682,15,9,25,205,5,2,6,8,6,75117,M,,,75
201500054683,15,9,25,1120,1,2,1,1,2,75117,M,,,75
201500054684,15,9,25,1550,1,2,1,1,3,75117,M,,,75
201500054685,15,9,26,730,1,2,4,1,2,75117,M,,,75
201500054686,15,9,26,1340,1,2,1,1,6,75117,M,,,75
201500054687,15,9,29,1030,1,2,7,1,3,75117,M,,,75
201500054688,15,9,29,915,1,2,1,1,2,75117,M,,,75
201500054689,15,10,2,1050,1,2,2,1,6,75117,M,,,75
201500054690,15,10,3,110,5,2,7,1,6,75108,M,,,75
201500054691,15,10,3,245,5,2,2,1,3,75117,M,,,75
201500054692,15,10,3,1135,1,2,1,1,6,75117,M,,,75
201500054693,15,9,29,1725,1,2,2,1,6,75117,M,,,75
201500054694,15,10,6,1830,1,2,1,1,3,75117,M,,,75
201500054695,15,10,7,900,1,2,7,1,3,75117,M,,,75
201500054696,15,10,7,1750,1,2,1,8,3,75116,M,,,75
201500054697,15,10,3,1510,1,2,1,1,6,75117,M,,,75
201500054698,15,10,9,436,5,2,1,1,6,75108,M,,,75
201500054699,15,10,9,1310,1,2,2,1,3,75117,M,,,75
201500054700,15,10,9,1900,2,2,4,1,3,75117,M,,,75
201500054701,15,10,9,1955,5,2,1,1,6,75117,M,,,75
201500054702,15,10,10,1630,1,2,3,1,2,75117,M,,,75
201500054703,15,10,12,900,1,2,1,1,3,75117,M,,,75
201500054704,15,10,12,1515,1,2,1,1,6,75117,M,,,75
201500054705,15,10,12,1820,1,2,1,1,3,75117,M,,,75
201500054706,15,10,13,845,1,2,5,1,3,75117,M,,,75
201500054707,15,10,13,1550,1,2,1,1,3,75117,M,,,75
201500054708,15,10,13,2223,5,2,1,1,6,75117,M,,,75
201500054709,15,10,14,1200,1,2,1,1,2,75117,M,,,75
201500054710,15,10,15,1420,1,2,2,1,6,75117,M,,,75
201500054711,15,10,20,800,1,2,1,1,3,75117,M,,,75
201500054712,15,10,20,1035,1,2,4,1,3,75117,M,,,75
201500054713,15,10,21,1935,5,2,3,2,3,75117,M,,,75
201500054714,15,10,22,2000,5,2,7,2,6,75117,M,,,75
201500054715,15,10,23,1535,1,2,1,1,4,75117,M,,,75
201500054716,15,10,24,1125,1,2,2,1,6,75117,M,,,75
201500054717,15,10,24,1515,1,2,2,1,6,75117,M,,,75
201500054718,15,10,26,1015,1,2,1,1,3,75117,M,,,75
201500054719,15,10,27,1500,1,2,1,1,6,75117,M,,,75
201500054720,15,10,28,715,2,2,1,2,7,75117,M,,,75
201500054721,15,10,28,1300,1,2,3,1,2,75117,M,,,75
201500054722,15,10,28,1530,1,2,1,1,6,75117,M,,,75
201500054723,15,10,30,1815,2,2,2,1,3,75117,M,,,75
201500054724,15,10,31,215,5,2,2,1,2,75117,M,,,75
201500054725,15,11,3,550,5,2,5,2,6,75117,M,,,75
201500054726,15,11,3,2200,5,2,2,2,3,75117,M,,,75
201500054727,15,11,4,204,5,2,7,2,6,75117,M,,,75
201500054728,15,11,7,2115,5,2,3,1,6,75117,M,,,75
201500054729,15,11,8,400,5,2,1,1,2,75117,M,,,75
201500054730,15,11,9,1312,1,2,1,1,6,75116,M,,,75
201500054731,15,11,9,2325,5,2,7,1,3,75117,M,,,75
201500054732,15,11,10,1630,2,2,1,1,3,75117,M,,,75
201500054733,15,11,13,810,1,2,7,1,3,75117,M,,,75
201500054734,15,11,13,1519,1,2,1,1,2,75117,M,,,75
201500054735,15,11,13,1615,1,2,1,1,3,75117,M,,,75
201500054736,15,11,14,1629,1,2,1,1,7,75117,M,,,75
201500054737,15,11,15,1416,1,2,2,1,2,75117,M,,,75
201500054738,15,11,15,2155,5,2,1,1,2,75117,M,,,75
201500054739,15,11,16,1025,1,2,4,1,2,75117,M,,,75
201500054740,15,11,16,1445,1,2,3,1,3,75117,M,,,75
201500054741,15,11,17,1500,1,2,2,8,3,75117,M,,,75
201500054742,15,11,17,1820,5,2,7,2,3,75117,M,,,75
201500054743,15,11,18,1344,1,2,2,1,6,75117,M,,,75
201500054744,15,11,19,840,1,2,1,1,6,75117,M,,,75
201500054745,15,11,19,1350,1,2,5,2,3,75117,M,,,75
201500054746,15,11,19,1740,2,2,1,2,7,75117,M,,,75
201500054747,15,11,19,1800,1,2,7,2,3,75108,M,,,75
201500054748,15,11,19,2100,5,2,2,3,2,75108,M,,,75
201500054749,15,11,20,1215,1,2,2,2,6,75117,M,,,75
201500054750,15,11,20,1830,5,2,7,2,7,75117,M,,,75
201500054751,15,11,20,2230,5,2,2,8,6,75117,M,,,75
201500054752,15,11,21,955,1,2,7,1,4,75117,M,,,75
201500054753,15,11,21,1110,1,2,7,1,3,75117,M,,,75
201500054754,15,11,23,1000,1,2,1,1,2,75117,M,,,75
201500054755,15,11,24,1600,1,2,2,2,6,75117,M,,,75
201500054756,15,11,24,2215,5,2,3,2,1,75117,M,,,75
201500054757,15,11,25,930,1,2,3,2,3,75117,M,,,75