Num_Acc,an,mois,jour,hrmn,lum,agg,int,atm,col,com,gps,lat,long,dep
201500054758,15,11,25,1230,1,2,5,1,6,75117,M,,,75
201500054759,15,11,26,15,5,2,7,1,6,75117,M,,,75
201500054760,15,11,26,2155,5,2,7,1,6,75117,M,,,75
201500054761,15,11,27,1355,1,2,7,1,2,75117,M,,,75
201500054762,15,11,29,1515,1,2,7,1,3,75117,M,,,75
201500054763,15,12,1,800,1,2,3,1,3,75117,M,,,75
201500054764,15,12,1,1550,1,2,5,1,6,75117,M,,,75
201500054765,15,12,1,1730,2,2,7,1,3,75117,M,,,75
201500054766,15,12,2,1650,1,2,4,1,3,75117,M,,,75
201500054767,15,12,3,950,1,2,7,1,7,75117,M,,,75
201500054768,15,12,3,2130,5,2,4,1,3,75117,M,,,75
201500054769,15,12,6,35,5,2,1,1,6,75117,M,,,75
201500054770,15,12,6,1700,3,2,3,1,3,75117,M,,,75
201500054771,15,12,7,925,1,2,2,1,3,75117,M,,,75
201500054772,15,12,7,1645,2,2,7,1,3,75117,M,,,75
201500054773,15,12,8,1010,1,2,1,1,3,75117,M,,,75
201500054774,15,12,8,1150,1,2,1,1,6,75117,M,,,75
201500054775,15,12,8,1350,1,2,7,2,2,75117,M,,,75
201500054776,15,12,9,1000,1,2,5,1,3,75117,M,,,75
201500054777,15,12,9,2250,5,2,5,1,6,75108,M,,,75
201500054778,15,12,10,853,2,2,1,1,3,75108,M,,,75
201500054779,15,12,11,1420,1,2,3,1,3,75117,M,,,75
201500054780,15,12,11,1815,5,2,7,1,3,75117,M,,,75
201500054781,15,12,13,613,5,2,1,1,6,75117,M,,,75
201500054782,15,12,14,2352,5,2,5,1,3,75117,M,,,75
201500054783,15,12,15,1740,5,2,5,3,3,75117,M,,,75
201500054784,15,12,15,1742,5,2,1,3,3,75117,M,,,75
201500054785,15,12,15,2045,5,2,7,3,6,75116,M,,,75
201500054786,15,12,16,1445,1,2,1,1,3,75117,M,,,75
201500054787,15,12,17,1645,2,2,1,1,3,75117,M,,,75
201500054788,15,12,19,1,5,2,7,1,2,75117,M,,,75
201500054789,15,12,19,1545,2,2,3,1,3,75117,M,,,75
201500054790,15,12,20,1920,5,2,1,2,6,75117,M,,,75
201500054791,15,12,21,2010,5,2,3,2,3,75117,M,,,75
201500054792,15,12,23,2020,5,2,2,1,3,75117,M,,,75
201500054793,15,12,24,30,5,2,2,1,6,75117,M,,,75
201500054794,15,12,24,1915,5,2,1,1,2,75117,M,,,75
201500054795,15,12,26,2320,5,2,1,1,6,75117,M,,,75
201500054796,15,12,27,2050,5,2,2,1,6,75117,M,,,75
201500054797,15,12,28,815,1,2,3,1,6,75117,M,,,75
201500054798,15,12,28,1610,1,2,1,1,1,75117,M,,,75
201500054799,15,12,29,1550,1,2,2,1,6,75117,M,,,75
201500054800,15,12,31,10,5,2,4,2,2,75117,M,,,75
201500054801,15,1,4,1445,1,2,5,1,3,75118,M,,,75
201500054802,15,1,4,1500,1,2,5,1,3,75118,M,,,75
201500054803,15,1,10,47,5,2,3,1,6,75118,M,,,75
201500054804,15,1,11,1305,1,2,2,1,1,75118,M,,,75
201500054805,15,1,11,1425,1,2,2,1,3,75118,M,,,75
201500054806,15,1,13,1115,1,2,1,2,6,75118,M,,,75
201500054807,15,1,13,1520,1,2,2,2,6,75118,M,,,75
201500054808,15,1,14,715,2,2,3,1,7,75118,M,,,75
201500054809,15,1,16,1900,5,2,1,2,7,75118,M,,,75
201500054810,15,1,17,1910,5,2,1,1,6,75117,M,,,75
201500054811,15,1,18,2050,5,2,1,1,1,75118,M,,,75
201500054812,15,1,21,725,2,2,5,1,3,75118,M,,,75
201500054813,15,1,21,1720,5,2,1,1,3,75118,M,,,75
201500054814,15,1,22,900,1,2,5,1,7,75118,M,,,75
201500054815,15,1,23,1520,1,2,4,1,7,75118,M,,,75
201500054816,15,1,23,500,5,2,5,8,3,75118,M,,,75
201500054817,15,1,24,1640,1,2,1,1,6,75118,M,,,75
201500054818,15,1,25,30,5,2,5,1,6,75118,M,,,75
201500054819,15,1,26,1520,1,2,4,2,6,75118,M,,,75
201500054820,15,1,26,1910,5,2,3,2,6,75118,M,,,75
201500054821,15,1,27,1530,1,2,1,1,2,75118,M,,,75
201500054822,15,1,28,10,5,2,2,1,2,75118,M,,,75
201500054823,15,1,28,1725,5,2,1,2,6,75118,M,,,75
201500054824,15,1,28,1830,5,2,1,2,6,75118,M,,,75
201500054825,15,1,29,1320,1,2,2,2,6,75118,M,,,75
201500054826,15,1,29,2045,5,2,5,2,3,75118,M,,,75
201500054827,15,1,30,1845,3,2,3,1,6,75118,M,,,75
201500054828,15,1,30,1815,5,2,1,1,3,75118,M,,,75
201500054829,15,1,30,1950,5,2,3,1,6,75118,M,,,75
201500054830,15,2,1,1520,1,2,2,2,6,75118,M,,,75
201500054831,15,2,2,715,5,2,1,4,6,75118,M,,,75
201500054832,15,2,3,910,1,2,3,1,5,75118,M,,,75
201500054833,15,2,3,1000,1,2,5,1,6,75118,M,,,75
201500054834,15,2,4,2035,5,2,5,1,3,75118,M,,,75
201500054835,15,2,5,1145,1,2,1,1,6,75118,M,,,75
201500054836,15,2,6,1635,1,2,3,1,7,75118,M,,,75
201500054837,15,2,7,150,5,2,2,1,6,75118,M,,,75
201500054838,15,2,10,1505,1,2,1,1,3,75118,M,,,75
201500054839,15,2,11,1625,1,2,2,1,3,75118,M,,,75
201500054840,15,2,12,1150,1,2,1,1,6,75118,M,,,75
201500054841,15,2,12,2200,5,2,2,1,3,75118,M,,,75
201500054842,15,2,16,905,1,2,1,1,6,75118,M,,,75
201500054843,15,2,16,1840,5,2,3,1,6,75118,M,,,75
201500054844,15,2,18,1,5,2,3,1,3,75110,M,,,75
201500054845,15,2,18,945,1,2,2,1,6,75118,M,,,75
201500054846,15,2,20,1721,2,2,3,2,7,75118,M,,,75
201500054847,15,2,25,1002,1,2,3,8,6,75118,M,,,75
201500054848,15,2,25,1505,1,2,3,2,6,75118,M,,,75
201500054849,15,2,26,1250,1,2,1,2,7,75118,M,,,75
201500054850,15,2,26,1910,5,2,7,2,6,75118,M,,,75
201500054851,15,2,28,1950,5,2,5,1,3,75118,M,,,75
201500054852,15,2,28,2050,5,2,2,1,6,75118,M,,,75
201500054853,15,3,2,1405,1,2,5,2,2,75118,M,,,75
201500054854,15,3,2,1845,5,2,1,8,3,75118,M,,,75
201500054855,15,3,3,1149,1,2,1,1,3,75110,M,,,75
201500054856,15,3,4,905,1,2,5,1,3,75118,M,,,75
201500054857,15,3,6,1615,1,2,1,1,6,75118,M,,,75
201500054858,15,3,7,1900,5,2,1,1,6,75118,M,,,75
201500054859,15,3,7,1320,1,2,1,1,6,75118,M,,,75
201500054860,15,3,9,1815,5,2,2,1,3,75118,M,,,75
201500054861,15,3,10,2130,5,2,5,1,6,75118,M,,,75
201500054862,15,3,11,1900,5,2,2,1,3,75118,M,,,75
201500054863,15,3,12,1300,1,2,5,1,3,75118,M,,,75
201500054864,15,3,12,1555,1,2,5,1,6,75118,M,,,75
201500054865,15,3,13,45,5,2,1,1,6,75118,M,,,75
201500054866,15,3,13,1810,3,2,5,1,6,75118,M,,,75
201500054867,15,3,16,1925,5,2,1,1,2,75118,M,,,75
201500054868,15,3,17,1204,1,2,5,1,6,75118,M,,,75
201500054869,15,3,17,1425,1,2,2,1,3,75118,M,,,75
201500054870,15,3,19,2010,5,2,1,1,6,75118,M,,,75
201500054871,15,3,20,1210,1,2,5,1,6,75118,M,,,75
201500054872,15,3,21,125,5,2,5,1,2,75118,M,,,75
201500054873,15,3,24,815,2,2,1,1,6,75118,M,,,75
201500054874,15,3,24,1720,1,2,2,2,3,75118,M,,,75
201500054875,15,3,26,750,1,2,5,1,6,75118,M,,,75
201500054876,15,3,25,2200,5,2,4,2,6,75118,M,,,75
201500054877,15,3,27,800,1,2,1,1,6,75118,M,,,75
201500054878,15,3,28,205,5,2,5,1,6,75118,M,,,75
201500054879,15,3,28,1540,1,2,2,1,6,75118,M,,,75
201500054880,15,3,29,1245,1,2,1,2,6,75118,M,,,75
201500054881,15,3,30,1705,1,2,4,1,6,75118,M,,,75
201500054882,15,3,31,1920,2,2,1,1,2,75118,M,,,75
201500054883,15,4,2,1740,1,2,5,1,3,75118,M,,,75
201500054884,15,4,3,1210,1,2,1,1,1,75118,M,,,75
201500054885,15,4,7,130,5,2,1,1,6,75118,M,,,75
201500054886,15,4,8,1700,1,2,1,1,3,75118,M,,,75
201500054887,15,4,8,1715,1,2,1,1,3,75118,M,,,75
201500054888,15,4,9,125,5,2,2,1,6,75118,M,,,75
201500054889,15,4,10,1430,1,2,1,1,6,75118,M,,,75
201500054890,15,4,12,2320,5,2,2,1,6,75118,M,,,75
201500054891,15,4,13,1100,1,2,1,1,3,75118,M,,,75
201500054892,15,4,13,1300,1,2,1,1,6,75118,M,,,75
201500054893,15,4,14,915,1,2,5,7,6,75118,M,,,75
201500054894,15,4,15,1130,1,2,2,1,6,75118,M,,,75
201500054895,15,4,17,2250,5,2,2,1,3,75118,M,,,75
201500054896,15,4,20,935,1,2,5,1,3,75118,M,,,75
201500054897,15,4,21,1315,1,2,2,1,2,75118,M,,,75
201500054898,15,4,22,824,1,2,2,1,6,75118,M,,,75
201500054899,15,4,22,1925,1,2,1,1,6,75118,M,,,75
201500054900,15,4,22,1830,1,2,3,1,2,75118,M,,,75
201500054901,15,4,28,1530,1,2,2,1,6,75118,M,,,75
201500054902,15,4,29,2300,5,2,5,2,1,75118,M,,,75
201500054903,15,4,30,845,1,2,2,2,6,75118,M,,,75
201500054904,15,4,30,920,1,2,1,3,7,75118,M,,,75
201500054905,15,4,30,2230,5,2,1,2,6,75118,M,,,75
201500054906,15,5,6,1255,1,2,4,1,6,75118,M,,,75
201500054907,15,5,8,1830,1,2,3,1,6,75118,M,,,75
201500054908,15,5,9,415,5,2,2,1,3,75118,M,,,75
201500054909,15,5,9,1920,1,2,3,1,6,75118,M,,,75
201500054910,15,5,11,1915,1,2,2,1,6,75118,M,,,75
201500054911,15,5,12,1840,1,2,5,1,6,75118,M,,,75
201500054912,15,5,13,1411,1,2,3,1,6,75118,M,,,75
201500054913,15,5,15,1200,1,2,3,1,3,75118,M,,,75
201500054914,15,5,16,1850,1,2,2,1,6,75118,M,,,75
201500054915,15,5,19,1540,1,2,2,2,3,75118,M,,,75
201500054916,15,5,21,2015,1,2,5,1,6,75118,M,,,75
201500054917,15,5,25,1425,1,2,2,1,6,75118,M,,,75
201500054918,15,5,26,1700,1,2,2,1,6,75118,M,,,75
201500054919,15,5,27,1030,1,2,2,1,6,75118,M,,,75
201500054920,15,5,27,1720,1,2,5,1,1,75118,M,,,75
201500054921,15,5,27,2005,1,2,5,1,4,75118,M,,,75
201500054922,15,5,27,2115,2,2,2,1,4,75118,M,,,75
201500054923,15,5,28,1445,1,2,2,1,3,75118,M,,,75
201500054924,15,5,28,2045,5,2,5,1,6,75118,M,,,75
201500054925,15,5,29,1310,1,2,7,1,6,75118,M,,,75
201500054926,15,5,30,1020,1,2,1,1,6,75118,M,,,75
201500054927,15,5,30,1625,1,2,2,1,6,75118,M,,,75
201500054928,15,6,1,725,1,2,1,1,3,75118,M,,,75
201500054929,15,6,2,1145,1,2,2,1,3,75118,M,,,75
201500054930,15,6,4,1415,1,2,1,1,6,75118,M,,,75
201500054931,15,6,5,745,1,2,4,7,3,75118,M,,,75
201500054932,15,6,5,2110,2,2,1,1,3,75118,M,,,75
201500054933,15,6,5,2215,2,2,2,1,2,75103,M,,,75
201500054934,15,6,2,1700,1,2,1,1,7,75118,M,,,75
201500054935,15,6,6,1105,1,2,2,7,6,75118,M,,,75
201500054936,15,6,7,1840,1,2,1,1,3,75118,M,,,75
201500054937,15,6,8,1655,1,2,3,1,6,75118,M,,,75
201500054938,15,6,9,1730,1,2,3,1,2,75118,M,,,75
201500054939,15,6,10,8,5,2,1,1,3,75118,M,,,75
201500054940,15,6,10,1010,1,2,1,1,6,75118,M,,,75
201500054941,15,6,9,1845,1,2,1,1,2,75118,M,,,75
201500054942,15,6,10,1435,1,2,5,1,6,75118,M,,,75
201500054943,15,6,11,845,1,2,2,1,6,75118,M,,,75
201500054944,15,6,14,2200,2,2,1,1,6,75118,M,,,75
201500054945,15,6,15,835,1,2,1,8,6,75118,M,,,75
201500054946,15,6,2,1000,1,2,2,1,3,75118,M,,,75
201500054947,15,6,16,900,1,2,5,1,2,75118,M,,,75
201500054948,15,6,17,920,1,2,2,1,2,75118,M,,,75
201500054949,15,6,18,1145,1,2,5,1,7,75118,M,,,75
201500054950,15,6,18,1715,1,2,4,1,6,75118,M,,,75
201500054951,15,6,19,55,5,2,1,1,6,75118,M,,,75
201500054952,15,6,21,320,5,2,2,1,3,75118,M,,,75
201500054953,15,6,22,940,1,2,5,1,6,75118,M,,,75
201500054954,15,6,21,2110,2,2,1,1,6,75118,M,,,75
201500054955,15,6,24,1515,1,2,3,1,6,75118,M,,,75
201500054956,15,6,24,2010,1,2,4,1,6,75118,M,,,75
201500054957,15,6,25,1805,1,2,3,1,6,75118,M,,,75
201500054958,15,7,1,820,1,2,1,1,6,75118,M,,,75
201500054959,15,7,2,750,1,2,1,1,3,75118,M,,,75
201500054960,15,7,2,1210,1,2,1,1,2,75118,M,,,75
201500054961,15,7,2,2330,5,2,5,1,6,75118,M,,,75
201500054962,15,7,3,1715,1,2,1,1,6,75118,M,,,75
201500054963,15,7,6,1620,1,2,1,1,4,75118,M,,,75
201500054964,15,7,6,1625,1,2,3,1,7,75118,M,,,75
201500054965,15,7,6,1605,1,2,1,1,2,75118,M,,,75
201500054966,15,7,6,1630,1,2,3,1,6,75118,M,,,75
201500054967,15,7,7,2150,2,2,1,1,1,75118,M,,,75
201500054968,15,7,8,1330,1,2,2,8,6,75118,M,,,75
201500054969,15,7,8,1430,1,2,2,8,6,75118,M,,,75
201500054970,15,7,9,1100,1,2,5,1,6,75118,M,,,75
201500054971,15,7,10,905,1,2,2,1,6,75118,M,,,75
201500054972,15,7,13,1700,1,2,2,1,3,75118,M,,,75
201500054973,15,7,15,1605,1,2,5,7,6,75118,M,,,75
201500054974,15,7,17,1145,1,2,1,1,3,75118,M,,,75
201500054975,15,7,18,1745,1,2,1,1,7,75118,M,,,75
201500054976,15,7,21,1115,1,2,5,1,6,75118,M,,,75
201500054977,15,7,24,55,5,2,7,1,3,75118,M,,,75
201500054978,15,7,24,1340,1,2,2,1,3,75118,M,,,75
201500054979,15,7,26,250,5,2,3,1,3,75118,M,,,75
201500054980,15,7,28,1945,1,2,1,2,6,75118,M,,,75
201500054981,15,7,29,1533,1,2,1,1,3,75118,M,,,75
201500054982,15,7,31,1958,1,2,2,1,6,75118,M,,,75
201500054983,15,8,2,2200,5,2,2,1,6,75118,M,,,75
201500054984,15,8,3,1450,1,2,3,1,6,75118,M,,,75
201500054985,15,8,3,1800,1,2,2,1,6,75118,M,,,75
201500054986,15,8,6,1505,1,2,5,1,3,75118,M,,,75
201500054987,15,8,7,210,5,2,5,1,3,75110,M,,,75
201500054988,15,8,8,1118,1,2,1,1,6,75118,M,,,75
201500054989,15,8,8,1430,1,2,1,1,4,75118,M,,,75
201500054990,15,8,9,508,5,2,3,1,6,75118,M,,,75
201500054991,15,8,11,2010,2,2,3,1,6,75119,M,,,75
201500054992,15,8,12,940,1,2,3,1,3,75118,M,,,75
201500054993,15,8,15,1555,1,2,5,1,6,75118,M,,,75
201500054994,15,8,17,1710,1,2,3,1,3,75118,M,,,75
201500054995,15,8,17,1706,1,2,1,1,6,75118,M,,,75
201500054996,15,8,19,1905,1,2,3,1,6,75118,M,,,75
201500054997,15,8,20,1900,1,2,2,1,6,75118,M,,,75
201500054998,15,8,21,2255,5,2,7,1,3,75118,M,,,75
201500054999,15,8,21,1235,1,2,3,1,3,75118,M,,,75
201500055000,15,8,24,1020,1,2,1,2,2,75118,M,,,75
201500055001,15,8,24,1950,2,2,2,2,3,75118,M,,,75
201500055002,15,8,25,1945,2,2,3,1,6,75118,M,,,75
201500055003,15,8,25,2055,5,2,4,2,3,75118,M,,,75
201500055004,15,8,26,910,1,2,1,1,6,75118,M,,,75
201500055005,15,8,27,1910,1,2,1,3,1,75118,M,,,75
201500055006,15,9,2,1650,1,2,3,1,3,75118,M,,,75
201500055007,15,9,3,1520,1,2,1,1,6,75118,M,,,75
201500055008,15,9,6,230,5,2,2,1,6,75118,M,,,75
201500055009,15,9,7,1025,1,2,1,1,3,75118,M,,,75
201500055010,15,9,9,1330,1,2,5,1,2,75118,M,,,75
201500055011,15,9,12,1625,1,2,1,3,6,75118,M,,,75
201500055012,15,9,12,1945,2,2,2,8,6,75118,M,,,75
201500055013,15,9,14,1000,1,2,2,1,6,75118,M,,,75
201500055014,15,9,15,1050,1,2,3,1,2,75118,M,,,75
201500055015,15,9,16,1300,1,2,1,2,2,75118,M,,,75
201500055016,15,9,16,1835,2,2,7,3,6,75118,M,,,75
201500055017,15,9,16,2020,5,2,2,1,3,75118,M,,,75
201500055018,15,9,18,800,1,2,3,1,6,75118,M,,,75
201500055019,15,9,18,1550,1,2,1,2,6,75118,M,,,75
201500055020,15,9,23,1150,1,2,1,1,3,75118,M,,,75
201500055021,15,9,24,930,1,2,2,1,6,75118,M,,,75
201500055022,15,9,24,1415,1,2,1,1,2,75118,M,,,75
201500055023,15,9,28,145,5,2,1,1,6,75118,M,,,75
201500055024,15,9,28,1210,1,2,1,1,6,75118,M,,,75
201500055025,15,9,30,234,4,2,7,1,6,75118,M,,,75
201500055026,15,9,30,2000,5,2,2,1,3,75118,M,,,75
201500055027,15,9,29,930,1,2,1,1,2,75118,M,,,75
201500055028,15,9,30,1010,1,2,1,1,7,75118,M,,,75
201500055029,15,10,1,900,1,2,5,1,6,75118,M,,,75
201500055030,15,10,3,1500,1,2,1,1,6,75118,M,,,75
201500055031,15,10,5,1910,2,2,2,3,7,75118,M,,,75
201500055032,15,10,5,1840,2,2,2,3,3,75118,M,,,75
201500055033,15,10,6,1115,1,2,4,1,6,75118,M,,,75
201500055034,15,10,6,715,2,2,2,2,3,75118,M,,,75
201500055035,15,10,7,1435,1,2,4,1,3,75118,M,,,75
201500055036,15,10,7,2000,5,2,3,1,3,75118,M,,,75
201500055037,15,10,7,2040,5,2,1,1,3,75118,M,,,75
201500055038,15,10,6,840,1,2,1,2,2,75118,M,,,75
201500055039,15,10,10,1225,1,2,5,1,7,75118,M,,,75
201500055040,15,10,6,1030,1,2,5,2,2,75118,M,,,75
201500055041,15,10,10,2140,5,2,4,1,6,75118,M,,,75
201500055042,15,10,11,2105,5,2,3,1,2,75118,M,,,75
201500055043,15,10,14,2205,5,2,5,2,6,75118,M,,,75
201500055044,15,10,16,1550,1,2,1,2,6,75118,M,,,75
201500055045,15,10,17,1030,1,2,1,1,3,75118,M,,,75
201500055046,15,10,18,1715,1,2,1,8,6,75118,M,,,75
201500055047,15,10,19,50,5,2,1,1,2,75118,M,,,75
201500055048,15,10,22,1245,1,2,1,2,7,75118,M,,,75
201500055049,15,10,22,1745,2,2,5,2,3,75118,M,,,75
201500055050,15,10,23,1125,1,2,1,1,2,75118,M,,,75
201500055051,15,10,23,2030,5,2,1,1,6,75118,M,,,75
201500055052,15,10,23,2140,5,2,2,1,3,75118,M,,,75
201500055053,15,10,26,1440,1,2,1,1,6,75118,M,,,75
201500055054,15,10,26,1554,1,2,4,1,6,75118,M,,,75
201500055055,15,10,26,1445,1,2,2,1,3,75118,M,,,75
201500055056,15,10,28,1015,1,2,2,8,3,75118,M,,,75
201500055057,15,10,29,1700,1,2,3,1,6,75118,M,,,75
201500055058,15,10,30,1,5,2,2,1,2,75118,M,,,75
201500055059,15,10,30,1130,1,2,5,1,2,75118,M,,,75
201500055060,15,11,2,2000,5,2,2,1,3,75118,M,,,75
201500055061,15,11,5,1905,5,2,3,2,6,75118,M,,,75
201500055062,15,11,5,2355,5,2,2,2,3,75118,M,,,75
201500055063,15,11,6,1340,1,2,5,2,6,75118,M,,,75
201500055064,15,11,9,715,2,2,5,1,7,75118,M,,,75
201500055065,15,11,9,1150,1,2,3,1,6,75118,M,,,75
201500055066,15,11,9,1915,5,2,1,1,6,75117,M,,,75
201500055067,15,11,10,1540,1,2,4,1,6,75118,M,,,75
201500055068,15,11,11,330,5,2,2,1,6,75118,M,,,75
201500055069,15,11,13,1408,1,2,1,1,6,75118,M,,,75
201500055070,15,11,14,2210,5,2,1,1,3,75118,M,,,75
201500055071,15,11,16,1845,5,2,2,1,6,75118,M,,,75
201500055072,15,11,16,2045,5,2,3,1,2,75118,M,,,75
201500055073,15,11,17,245,5,2,1,2,6,75118,M,,,75
201500055074,15,11,17,1200,1,2,4,8,6,75118,M,,,75
201500055075,15,11,18,1500,1,2,1,1,6,75118,M,,,75
201500055076,15,11,20,1130,1,2,4,2,6,75118,M,,,75
201500055077,15,11,20,1730,5,2,1,2,6,75118,M,,,75
201500055078,15,11,20,1825,5,2,1,2,6,75118,M,,,75
201500055079,15,11,20,1815,5,2,4,2,3,75118,M,,,75
201500055080,15,11,21,1040,1,2,4,1,3,75118,M,,,75
201500055081,15,11,21,1215,1,2,2,8,3,75118,M,,,75
201500055082,15,11,22,1245,1,2,1,1,1,75118,M,,,75
201500055083,15,11,23,1115,1,2,5,1,6,75118,M,,,75
201500055084,15,11,23,1830,5,2,1,1,3,75118,M,,,75
201500055085,15,11,23,2030,5,2,1,1,3,75118,M,,,75
201500055086,15,11,25,1200,1,2,1,2,6,75118,M,,,75
201500055087,15,11,26,1600,1,2,1,1,6,75118,M,,,75
201500055088,15,11,28,1340,1,2,3,1,2,75118,M,,,75
201500055089,15,11,24,1520,1,2,7,1,6,75118,M,,,75
201500055090,15,12,1,1000,1,2,3,1,6,75118,M,,,75
201500055091,15,12,1,1110,1,2,3,8,6,75118,M,,,75
201500055092,15,12,1,1900,5,2,3,1,6,75109,M,,,75
201500055093,15,12,2,1715,1,2,2,1,7,75118,M,,,75
201500055094,15,12,3,1035,1,2,4,1,6,75118,M,,,75
201500055095,15,12,3,1745,5,2,1,1,3,75118,M,,,75
201500055096,15,12,3,1905,5,2,1,1,3,75118,M,,,75
201500055097,15,12,4,1250,1,2,1,1,6,75118,M,,,75
201500055098,15,12,4,1720,2,2,1,1,1,75118,M,,,75
201500055099,15,12,4,1820,5,2,5,1,6,75118,M,,,75
201500055100,15,12,5,115,5,2,7,1,2,75118,M,,,75
201500055101,15,12,6,2250,5,2,1,1,6,75118,M,,,75
201500055102,15,12,7,915,1,2,4,1,3,75118,M,,,75
201500055103,15,12,8,1500,1,2,3,3,6,75118,M,,,75
201500055104,15,12,8,2030,1,2,3,1,3,75118,M,,,75
201500055105,15,12,8,2350,5,2,2,8,3,75118,M,,,75
201500055106,15,12,9,1745,5,2,2,1,6,75118,M,,,75
201500055107,15,12,10,1250,1,2,5,1,3,75118,M,,,75
201500055108,15,12,10,1815,5,2,5,1,3,75118,M,,,75
201500055109,15,12,14,750,1,2,2,1,6,75118,M,,,75
201500055110,15,12,14,1230,1,2,2,8,7,75118,M,,,75
201500055111,15,12,14,1615,1,2,5,1,6,75118,M,,,75
201500055112,15,12,17,1720,2,2,4,1,3,75118,M,,,75
201500055113,15,12,19,1630,2,2,2,8,3,75118,M,,,75
201500055114,15,12,21,1015,1,2,3,1,6,75118,M,,,75
201500055115,15,12,21,1104,1,2,1,1,3,75118,M,,,75
201500055116,15,12,23,1430,1,2,3,1,6,75118,M,,,75
201500055117,15,12,24,600,5,2,2,1,3,75118,M,,,75
201500055118,15,12,26,1950,5,2,4,1,2,75118,M,,,75
201500055119,15,12,28,1850,5,2,1,1,6,75118,M,,,75
201500055120,15,12,29,1435,1,2,1,1,3,75118,M,,,75
201500055121,15,12,31,2250,5,2,1,1,1,75119,M,,,75
201500055122,15,1,1,450,5,2,3,1,6,75119,M,,,75
201500055123,15,1,4,903,1,2,5,1,6,75118,M,,,75
201500055124,15,1,5,1335,1,2,4,1,3,75119,M,,,75
201500055125,15,1,9,728,3,2,1,2,6,75119,M,,,75
201500055126,15,1,13,1445,1,2,1,2,6,75119,M,,,75
201500055127,15,1,13,1650,2,2,1,2,6,75119,M,,,75
201500055128,15,1,14,1905,5,2,7,1,2,75119,M,,,75
201500055129,15,1,15,1650,5,2,2,2,6,75119,M,,,75
201500055130,15,1,16,630,5,2,1,1,3,75119,M,,,75
201500055131,15,1,16,1330,1,2,1,1,6,75119,M,,,75
201500055132,15,1,16,1445,1,2,2,1,3,75119,M,,,75
201500055133,15,1,16,1640,1,2,1,1,3,75119,M,,,75
201500055134,15,1,16,2315,4,2,4,1,3,75119,M,,,75
201500055135,15,1,18,2338,5,2,4,1,3,75119,M,,,75
201500055136,15,1,20,740,5,2,1,1,1,75119,M,,,75
201500055137,15,1,20,915,1,2,4,1,3,75119,M,,,75
201500055138,15,1,22,1910,5,2,1,1,6,75119,M,,,75
201500055139,15,1,23,1630,1,2,3,1,6,75119,M,,,75
201500055140,15,1,24,1620,1,2,3,1,7,75119,M,,,75
201500055141,15,1,29,1240,1,2,3,2,6,75119,M,,,75
201500055142,15,1,29,1400,1,2,1,2,2,75119,M,,,75
201500055143,15,1,29,2007,5,2,1,2,6,75119,M,,,75
201500055144,15,2,1,2055,5,2,1,2,3,75119,M,,,75
201500055145,15,2,4,1435,1,2,4,1,3,75119,M,,,75
201500055146,15,2,8,1645,1,2,5,1,3,75119,M,,,75
201500055147,15,2,10,1015,1,2,1,1,6,75119,M,,,75
201500055148,15,2,13,1020,1,2,5,1,3,75119,M,,,75
201500055149,15,2,14,655,5,2,1,1,6,75110,M,,,75
201500055150,15,2,14,1645,1,2,1,2,6,75119,M,,,75
201500055151,15,2,15,2050,5,2,1,1,6,75119,M,,,75
201500055152,15,2,17,1850,5,2,3,1,4,75119,M,,,75
201500055153,15,2,18,720,2,2,3,1,2,75119,M,,,75
201500055154,15,2,18,1510,1,2,2,1,6,75119,M,,,75
201500055155,15,2,22,740,1,2,4,1,6,75119,M,,,75
201500055156,15,2,22,1020,1,2,1,1,3,75119,M,,,75
201500055157,15,2,23,930,1,2,5,1,3,75119,M,,,75
201500055158,15,2,23,910,1,2,2,2,6,75119,M,,,75
201500055159,15,2,23,1500,1,2,1,2,3,75119,M,,,75
201500055160,15,2,23,1750,1,2,1,8,2,75119,M,,,75
201500055161,15,2,23,1346,1,2,5,1,3,75119,M,,,75
201500055162,15,2,24,929,1,2,5,1,3,75119,M,,,75
201500055163,15,2,24,1130,1,2,2,2,6,75119,M,,,75
201500055164,15,2,25,2250,5,2,1,1,3,75119,M,,,75
201500055165,15,2,26,820,1,2,4,2,6,75119,M,,,75
201500055166,15,2,28,1920,5,2,4,1,3,75119,M,,,75
201500055167,15,3,2,1840,5,2,3,1,7,75119,M,,,75
201500055168,15,3,4,1100,1,2,1,1,6,75119,M,,,75
201500055169,15,3,4,1610,1,2,1,1,6,75119,M,,,75
201500055170,15,3,6,1440,1,2,2,1,6,75119,M,,,75
201500055171,15,3,7,1045,1,2,2,1,3,75119,M,,,75
201500055172,15,3,9,1455,1,2,1,1,2,75119,M,,,75
201500055173,15,3,10,900,1,2,3,1,3,75119,M,,,75
201500055174,15,3,11,1504,1,2,2,1,6,75119,M,,,75
201500055175,15,3,13,1650,1,2,1,1,6,75119,M,,,75
201500055176,15,3,17,1130,1,2,7,1,2,75119,M,,,75
201500055177,15,3,20,1615,1,2,2,1,6,75119,M,,,75
201500055178,15,3,21,1600,1,2,7,1,3,75119,M,,,75
201500055179,15,3,24,1230,1,2,2,1,3,75119,M,,,75
201500055180,15,3,25,315,5,2,5,2,2,75110,M,,,75
201500055181,15,3,25,950,1,2,2,8,3,75119,M,,,75
201500055182,15,3,26,1200,1,2,3,2,6,75119,M,,,75
201500055183,15,3,26,2220,5,2,2,1,6,75119,M,,,75
201500055184,15,3,28,933,1,2,3,2,6,75119,M,,,75
201500055185,15,3,29,630,2,2,2,2,3,75119,M,,,75
201500055186,15,3,31,930,1,2,1,2,7,75119,M,,,75
201500055187,15,3,31,935,1,2,3,2,3,75119,M,,,75
201500055188,15,3,31,1010,1,2,5,8,2,75119,M,,,75
201500055189,15,3,31,1220,1,2,1,8,6,75119,M,,,75
201500055190,15,3,31,1500,1,2,2,1,6,75119,M,,,75
201500055191,15,3,31,1530,1,2,1,1,6,75119,M,,,75