Num_Acc,an,mois,jour,hrmn,lum,agg,int,atm,col,com,gps,lat,long,dep
201500055192,15,3,31,1840,1,2,2,1,1,75119,M,,,75
201500055193,15,4,2,1530,1,2,3,3,2,75119,M,,,75
201500055194,15,4,7,520,5,2,4,1,3,75119,M,,,75
201500055195,15,4,10,600,5,2,1,1,4,75119,M,,,75
201500055196,15,4,13,10,5,2,7,1,6,75119,M,,,75
201500055197,15,4,14,1645,1,2,7,1,3,75119,M,,,75
201500055198,15,4,15,740,1,2,1,1,6,75119,M,,,75
201500055199,15,4,15,1730,1,2,1,1,6,75119,M,,,75
201500055200,15,4,16,1300,1,2,3,1,7,75119,M,,,75
201500055201,15,4,17,2115,5,2,2,1,6,75119,M,,,75
201500055202,15,4,19,1525,1,2,5,1,6,75119,M,,,75
201500055203,15,4,23,1415,1,2,4,1,2,75119,M,,,75
201500055204,15,4,23,1600,1,2,1,1,6,75119,M,,,75
201500055205,15,4,23,1915,1,2,7,1,6,75119,M,,,75
201500055206,15,4,24,250,5,2,7,1,6,75119,M,,,75
201500055207,15,4,26,1350,1,2,3,2,6,75119,M,,,75
201500055208,15,4,28,1225,1,2,1,1,2,75119,M,,,75
201500055209,15,4,29,1600,1,2,1,1,2,75119,M,,,75
201500055210,15,4,29,1930,1,2,3,1,6,75119,M,,,75
201500055211,15,4,30,745,1,2,2,3,6,75119,M,,,75
201500055212,15,5,3,330,5,2,4,2,6,75119,M,,,75
201500055213,15,5,3,1630,1,2,1,2,2,75119,M,,,75
201500055214,15,5,3,1720,1,2,4,1,1,75119,M,,,75
201500055215,15,5,5,905,1,2,7,1,2,75119,M,,,75
201500055216,15,5,5,1830,1,2,2,1,6,75119,M,,,75
201500055217,15,5,7,1800,1,2,5,1,6,75119,M,,,75
201500055218,15,5,9,1730,1,2,1,1,2,75119,M,,,75
201500055219,15,5,9,2300,5,2,1,1,2,75119,M,,,75
201500055220,15,5,11,850,1,2,3,1,6,75119,M,,,75
201500055221,15,5,11,1430,1,2,7,1,3,75119,M,,,75
201500055222,15,5,12,1330,1,2,5,1,6,75119,M,,,75
201500055223,15,5,14,1825,1,2,3,1,3,75119,M,,,75
201500055224,15,5,16,1755,1,2,1,1,2,75119,M,,,75
201500055225,15,5,19,1655,1,2,3,1,2,75119,M,,,75
201500055226,15,5,20,1640,1,2,1,1,3,75119,M,,,75
201500055227,15,5,20,1845,1,2,3,1,6,75119,M,,,75
201500055228,15,5,20,2245,5,2,3,1,3,75119,M,,,75
201500055229,15,5,22,1000,1,2,1,1,7,75119,M,,,75
201500055230,15,5,22,1800,1,2,2,1,2,75119,M,,,75
201500055231,15,5,22,1330,1,2,3,1,3,75119,M,,,75
201500055232,15,5,26,1450,1,2,3,1,3,75119,M,,,75
201500055233,15,6,1,1830,1,2,1,1,6,75119,M,,,75
201500055234,15,6,2,1655,1,2,2,1,3,75119,M,,,75
201500055235,15,6,3,1445,1,2,1,1,2,75119,M,,,75
201500055236,15,6,3,1550,1,2,1,1,6,75119,M,,,75
201500055237,15,6,4,1055,1,2,2,1,6,75119,M,,,75
201500055238,15,6,5,1850,1,2,2,1,6,75119,M,,,75
201500055239,15,6,5,1815,1,2,1,1,7,75119,M,,,75
201500055240,15,6,8,935,1,2,2,1,3,75119,M,,,75
201500055241,15,6,8,1135,1,2,4,1,6,75119,M,,,75
201500055242,15,6,9,1745,1,2,3,8,3,75119,M,,,75
201500055243,15,6,10,1530,1,2,1,1,4,75119,M,,,75
201500055244,15,6,11,1730,1,2,1,1,6,75119,M,,,75
201500055245,15,6,12,2010,1,2,7,1,3,75119,M,,,75
201500055246,15,6,13,945,1,2,2,1,2,75119,M,,,75
201500055247,15,6,13,2030,1,2,2,1,3,75119,M,,,75
201500055248,15,6,23,1940,1,2,1,2,6,75119,M,,,75
201500055249,15,6,24,1730,1,2,1,1,6,75119,M,,,75
201500055250,15,6,24,2120,1,2,1,1,6,75119,M,,,75
201500055251,15,7,1,1700,1,2,1,1,3,75119,M,,,75
201500055252,15,7,1,2145,2,2,7,1,3,75119,M,,,75
201500055253,15,7,4,2015,1,2,3,1,6,75119,M,,,75
201500055254,15,7,5,1750,1,2,1,1,6,75119,M,,,75
201500055255,15,7,24,1215,1,2,4,1,3,75119,M,,,75
201500055256,15,7,26,1545,1,2,2,3,3,75119,M,,,75
201500055257,15,7,27,2030,1,2,4,1,2,75119,M,,,75
201500055258,15,7,28,1820,1,2,1,1,3,75119,M,,,75
201500055259,15,7,29,1150,1,2,1,1,3,75119,M,,,75
201500055260,15,8,24,1430,1,2,3,2,2,75119,M,,,75
201500055261,15,8,24,1950,1,2,1,2,3,75119,M,,,75
201500055262,15,8,31,1730,1,2,7,1,3,75119,M,,,75
201500055263,15,9,1,1455,1,2,3,1,3,75119,M,,,75
201500055264,15,9,2,1520,1,2,6,1,1,75119,M,,,75
201500055265,15,9,5,910,1,2,5,8,3,75119,M,,,75
201500055266,15,9,11,1720,1,2,1,1,7,75119,M,,,75
201500055267,15,9,13,1435,1,2,3,2,7,75119,M,,,75
201500055268,15,9,18,1355,1,2,1,1,3,75119,M,,,75
201500055269,15,9,19,1635,1,2,5,1,3,75119,M,,,75
201500055270,15,9,26,2000,5,2,3,1,1,75119,M,,,75
201500055271,15,9,30,840,1,2,1,1,6,75119,M,,,75
201500055272,15,9,30,1320,1,2,2,1,3,75119,M,,,75
201500055273,15,10,5,1525,1,2,1,2,1,75119,M,,,75
201500055274,15,10,5,1635,1,2,1,2,6,75119,M,,,75
201500055275,15,10,5,1700,1,2,1,2,3,75119,M,,,75
201500055276,15,10,7,2000,5,2,1,1,3,75119,M,,,75
201500055277,15,10,7,1955,5,2,3,1,2,75119,M,,,75
201500055278,15,10,8,1300,1,2,1,1,3,75119,M,,,75
201500055279,15,10,8,1720,1,2,3,1,7,75119,M,,,75
201500055280,15,10,11,1250,1,2,2,1,6,75119,M,,,75
201500055281,15,10,12,1110,1,2,1,1,6,75119,M,,,75
201500055282,15,10,18,1350,1,2,5,1,1,75119,M,,,75
201500055283,15,10,20,2042,5,2,1,8,6,75119,M,,,75
201500055284,15,11,4,831,1,2,1,2,3,75119,M,,,75
201500055285,15,11,5,940,1,2,3,1,6,75119,M,,,75
201500055286,15,11,10,1010,1,2,4,1,3,75119,M,,,75
201500055287,15,11,10,1455,1,2,5,1,6,75119,M,,,75
201500055288,15,11,10,1410,1,2,2,1,3,75118,M,,,75
201500055289,15,12,7,1900,5,2,4,1,2,75119,M,,,75
201500055290,15,12,11,1100,1,2,1,1,3,75119,M,,,75
201500055291,15,6,6,1355,1,2,1,1,2,75119,M,,,75
201500055292,15,6,6,1655,1,2,7,1,3,75119,M,,,75
201500055293,15,6,18,2315,5,2,3,1,2,75119,M,,,75
201500055294,15,6,25,1930,1,2,1,1,3,75119,M,,,75
201500055295,15,6,26,2245,5,2,2,1,6,75119,M,,,75
201500055296,15,6,27,1820,1,2,1,7,6,75119,M,,,75
201500055297,15,6,29,1618,1,2,1,1,1,75119,M,,,75
201500055298,15,6,3,2215,5,2,1,1,6,75119,M,,,75
201500055299,15,7,3,1330,1,2,2,1,6,75119,M,,,75
201500055300,15,7,4,700,1,2,1,1,6,75110,M,,,75
201500055301,15,7,5,1310,1,2,4,8,2,75119,M,,,75
201500055302,15,7,6,49,5,2,2,1,3,75119,M,,,75
201500055303,15,7,9,940,1,2,1,1,6,75119,M,,,75
201500055304,15,7,10,210,5,2,5,1,3,75119,M,,,75
201500055305,15,7,10,1855,1,2,1,7,6,75119,M,,,75
201500055306,15,7,10,1925,1,2,4,1,4,75119,M,,,75
201500055307,15,7,11,45,5,2,2,1,6,75119,M,,,75
201500055308,15,7,10,2300,5,2,3,1,3,75119,M,,,75
201500055309,15,7,11,1440,1,2,2,1,6,75119,M,,,75
201500055310,15,7,13,1140,1,2,1,1,1,75119,M,,,75
201500055311,15,7,14,1020,1,2,1,1,3,75119,M,,,75
201500055312,15,7,16,1700,1,2,7,7,3,75119,M,,,75
201500055313,15,7,16,1350,1,2,2,1,3,75119,M,,,75
201500055314,15,7,18,1155,1,2,3,1,2,75119,M,,,75
201500055315,15,7,19,405,5,2,1,8,6,75119,M,,,75
201500055316,15,7,22,1430,1,2,4,1,2,75119,M,,,75
201500055317,15,7,23,1600,1,2,1,1,6,75111,M,,,75
201500055318,15,7,25,810,1,2,1,2,4,75119,M,,,75
201500055319,15,7,25,1255,1,2,5,1,3,75119,M,,,75
201500055320,15,7,28,1245,1,2,1,1,6,75119,M,,,75
201500055321,15,7,29,910,1,2,1,1,3,75119,M,,,75
201500055322,15,7,29,2030,2,2,1,1,6,75119,M,,,75
201500055323,15,8,2,1805,1,2,1,1,6,75119,M,,,75
201500055324,15,8,3,1730,1,2,1,1,4,75119,M,,,75
201500055325,15,8,8,345,5,2,7,1,3,75119,M,,,75
201500055326,15,8,8,1630,1,2,2,1,3,75119,M,,,75
201500055327,15,8,8,1740,1,2,1,1,3,75119,M,,,75
201500055328,15,8,11,1020,1,2,7,1,2,75119,M,,,75
201500055329,15,8,11,1550,1,2,1,1,6,75119,M,,,75
201500055330,15,8,28,2000,1,2,3,1,6,75119,M,,,75
201500055331,15,8,31,48,5,2,7,1,3,75119,M,,,75
201500055332,15,8,31,2150,5,2,2,1,4,75119,M,,,75
201500055333,15,9,4,955,1,2,3,1,3,75119,M,,,75
201500055334,15,9,4,1235,1,2,3,1,2,75119,M,,,75
201500055335,15,9,5,150,5,2,7,1,6,75110,M,,,75
201500055336,15,9,10,1255,1,2,2,1,3,75119,M,,,75
201500055337,15,9,10,1924,2,2,3,1,3,75119,M,,,75
201500055338,15,9,11,930,1,2,3,1,3,75119,M,,,75
201500055339,15,9,13,1101,1,2,1,2,6,75119,M,,,75
201500055340,15,9,16,50,5,2,4,3,6,75119,M,,,75
201500055341,15,9,19,450,5,2,1,1,6,75110,M,,,75
201500055342,15,9,19,1000,1,2,2,1,6,75119,M,,,75
201500055343,15,9,19,1525,1,2,1,1,6,75119,M,,,75
201500055344,15,9,20,631,5,2,5,1,3,75119,M,,,75
201500055345,15,9,20,2050,5,2,1,1,3,75119,M,,,75
201500055346,15,9,23,1153,1,2,3,1,6,75119,M,,,75
201500055347,15,9,25,1245,1,2,3,1,6,75119,M,,,75
201500055348,15,9,25,2125,5,2,1,1,6,75119,M,,,75
201500055349,15,9,27,1535,1,2,2,1,6,75119,M,,,75
201500055350,15,9,30,1640,1,2,1,1,6,75119,M,,,75
201500055351,15,10,1,1415,1,2,1,1,6,75119,M,,,75
201500055352,15,10,2,1957,5,2,1,1,7,75119,M,,,75
201500055353,15,10,9,300,5,2,5,1,4,75119,M,,,75
201500055354,15,10,10,430,5,2,5,1,6,75119,M,,,75
201500055355,15,10,14,2120,5,2,1,2,6,75119,M,,,75
201500055356,15,10,18,415,5,2,1,1,6,75119,M,,,75
201500055357,15,10,19,905,1,2,1,8,7,75119,M,,,75
201500055358,15,10,19,1540,1,2,1,1,2,75119,M,,,75
201500055359,15,10,21,2300,5,2,1,2,2,75119,M,,,75
201500055360,15,10,22,615,5,2,3,2,6,75119,M,,,75
201500055361,15,10,22,1540,1,2,1,8,3,75119,M,,,75
201500055362,15,10,22,1900,5,2,3,2,7,75119,M,,,75
201500055363,15,10,26,1845,5,2,2,1,6,75119,M,,,75
201500055364,15,10,27,340,5,2,1,1,6,75119,M,,,75
201500055365,15,10,27,1425,1,2,1,1,3,75119,M,,,75
201500055366,15,10,28,1850,5,2,3,8,7,75119,M,,,75
201500055367,15,10,29,5,5,2,4,1,3,75119,M,,,75
201500055368,15,11,2,1200,1,2,7,8,5,75119,M,,,75
201500055369,15,11,3,750,1,2,3,1,5,75119,M,,,75
201500055370,15,11,3,850,1,2,2,2,6,75119,M,,,75
201500055371,15,11,5,1245,1,2,1,1,6,75119,M,,,75
201500055372,15,11,5,2230,5,2,2,2,3,75119,M,,,75
201500055373,15,11,6,1630,1,2,5,2,3,75120,M,,,75
201500055374,15,11,6,1719,5,2,3,2,7,75119,M,,,75
201500055375,15,11,6,2130,5,2,7,1,2,75119,M,,,75
201500055376,15,11,7,325,5,2,3,1,5,75119,M,,,75
201500055377,15,11,7,1800,5,2,3,1,6,75119,M,,,75
201500055378,15,11,7,2344,5,2,3,1,6,75119,M,,,75
201500055379,15,11,8,1430,1,2,3,1,3,75119,M,,,75
201500055380,15,11,12,920,1,2,2,1,6,75119,M,,,75
201500055381,15,11,12,1140,1,2,2,8,6,75119,M,,,75
201500055382,15,11,17,1020,1,2,2,2,7,75119,M,,,75
201500055383,15,11,17,1640,2,2,2,2,2,75119,M,,,75
201500055384,15,11,23,850,1,2,1,1,2,75119,M,,,75
201500055385,15,11,23,1130,1,2,2,1,3,75119,M,,,75
201500055386,15,11,27,1620,1,2,1,1,6,75119,M,,,75
201500055387,15,11,30,630,5,2,1,1,3,75119,M,,,75
201500055388,15,11,30,1345,1,2,5,1,6,75119,M,,,75
201500055389,15,12,1,1426,1,2,1,8,3,75119,M,,,75
201500055390,15,12,4,625,5,2,2,2,7,75119,M,,,75
201500055391,15,12,7,1750,5,2,1,1,6,75119,M,,,75
201500055392,15,12,7,1750,2,2,4,1,6,75119,M,,,75
201500055393,15,12,9,1400,1,2,1,1,6,75119,M,,,75
201500055394,15,12,11,1825,5,2,1,1,6,75119,M,,,75
201500055395,15,12,14,1215,1,2,4,1,3,75119,M,,,75
201500055396,15,12,14,1500,1,2,1,1,3,75119,M,,,75
201500055397,15,12,15,730,5,2,1,1,6,75119,M,,,75
201500055398,15,12,16,650,5,2,4,6,6,75118,M,,,75
201500055399,15,12,17,2345,5,2,1,3,6,75119,M,,,75
201500055400,15,12,18,245,5,2,2,1,3,75119,M,,,75
201500055401,15,12,19,1905,5,2,1,1,7,75119,M,,,75
201500055402,15,12,24,935,1,2,1,1,6,75119,M,,,75
201500055403,15,12,24,1400,1,2,1,1,6,75119,M,,,75
201500055404,15,12,24,1345,1,2,1,1,3,75119,M,,,75
201500055405,15,12,28,2110,5,2,1,1,2,75110,M,,,75
201500055406,15,12,30,627,2,2,3,1,3,75119,M,,,75
201500055407,15,1,1,1910,5,2,7,1,3,75120,M,,,75
201500055408,15,1,8,1820,5,2,2,2,3,75111,M,,,75
201500055409,15,1,11,1600,1,2,1,1,3,75120,M,,,75
201500055410,15,1,10,2110,2,2,1,1,2,75120,M,,,75
201500055411,15,1,12,1855,5,2,1,1,2,75111,M,,,75
201500055412,15,1,12,1930,5,2,2,1,3,75120,M,,,75
201500055413,15,1,13,930,1,2,3,1,4,75120,M,,,75
201500055414,15,1,15,1100,1,2,2,2,2,75120,M,,,75
201500055415,15,1,15,1835,5,2,2,2,6,75120,M,,,75
201500055416,15,1,15,2000,5,2,3,9,7,75120,M,,,75
201500055417,15,1,16,1845,5,2,1,2,6,75120,M,,,75
201500055418,15,1,19,1045,1,2,3,2,3,75120,M,,,75
201500055419,15,1,19,1710,1,2,3,1,3,75120,M,,,75
201500055420,15,1,19,1715,5,2,1,8,6,75120,M,,,75
201500055421,15,1,20,2220,4,2,1,1,5,75120,M,,,75
201500055422,15,1,20,725,5,2,1,1,6,75120,M,,,75
201500055423,15,1,20,850,1,2,1,1,6,75120,M,,,75
201500055424,15,1,20,920,1,2,1,1,6,75120,M,,,75
201500055425,15,1,20,1015,1,2,5,1,3,75120,M,,,75
201500055426,15,1,22,850,1,2,5,1,6,75120,M,,,75
201500055427,15,1,23,1040,1,2,5,1,3,75120,M,,,75
201500055428,15,1,23,1720,5,2,2,1,6,75120,M,,,75
201500055429,15,1,24,2345,5,2,2,1,6,75120,M,,,75
201500055430,15,1,26,1140,1,2,1,2,6,75120,M,,,75
201500055431,15,1,27,845,1,2,1,8,6,75120,M,,,75
201500055432,15,1,28,2045,5,2,7,1,6,75120,M,,,75
201500055433,15,1,29,1645,1,2,1,3,6,75120,M,,,75
201500055434,15,1,24,550,5,2,2,2,2,75120,M,,,75
201500055435,15,1,30,853,1,2,2,2,6,75120,M,,,75
201500055436,15,1,30,1905,3,2,1,1,6,75120,M,,,75
201500055437,15,1,31,1700,2,2,4,2,6,75120,M,,,75
201500055438,15,1,31,2215,5,2,1,2,6,75120,M,,,75
201500055439,15,2,1,2150,5,2,7,1,3,75120,M,,,75
201500055440,15,2,2,2000,5,2,1,1,6,75120,M,,,75
201500055441,15,2,3,1230,1,2,2,1,3,75120,M,,,75
201500055442,15,2,5,1940,5,2,3,1,6,75120,M,,,75
201500055443,15,2,5,1935,5,2,2,1,6,75120,M,,,75
201500055444,15,2,6,2355,5,2,3,1,6,75120,M,,,75
201500055445,15,2,8,115,5,2,1,9,7,75111,M,,,75
201500055446,15,2,9,940,1,2,3,1,2,75120,M,,,75
201500055447,15,2,10,720,1,2,1,1,6,75120,M,,,75
201500055448,15,2,10,1310,1,2,7,1,3,75120,M,,,75
201500055449,15,2,12,845,1,2,2,1,6,75120,M,,,75
201500055450,15,2,13,1050,1,2,1,1,6,75120,M,,,75
201500055451,15,2,13,1730,2,2,1,2,6,75120,M,,,75
201500055452,15,2,14,1245,1,2,2,8,6,75120,M,,,75
201500055453,15,2,14,2015,5,2,1,2,3,75120,M,,,75
201500055454,15,2,18,144,5,2,1,1,6,75120,M,,,75
201500055455,15,2,20,205,5,2,2,1,2,75120,M,,,75
201500055456,15,2,21,615,5,2,1,8,2,75120,M,,,75
201500055457,15,2,21,2230,5,2,2,1,3,75120,M,,,75
201500055458,15,2,22,1445,1,2,2,1,6,75120,M,,,75
201500055459,15,2,24,645,3,2,1,1,6,75120,M,,,75
201500055460,15,2,26,1845,5,2,2,3,3,75120,M,,,75
201500055461,15,2,26,2245,5,2,5,2,7,75120,M,,,75
201500055462,15,2,27,2325,5,2,2,8,6,75120,M,,,75
201500055463,15,3,3,1158,1,2,2,2,3,75120,M,,,75
201500055464,15,3,3,1405,1,2,1,1,7,75120,M,,,75
201500055465,15,3,4,830,1,2,1,1,6,75120,M,,,75
201500055466,15,3,4,2105,5,2,3,1,3,75120,M,,,75
201500055467,15,3,5,820,1,2,1,1,3,75120,M,,,75
201500055468,15,3,6,1200,1,2,3,1,6,75120,M,,,75
201500055469,15,3,6,1800,1,2,1,1,6,75120,M,,,75
201500055470,15,3,8,1520,1,2,7,1,3,75120,M,,,75
201500055471,15,3,8,1835,2,2,3,1,6,75120,M,,,75
201500055472,15,3,10,140,4,2,2,2,6,75120,M,,,75
201500055473,15,3,10,1405,1,2,1,1,6,75120,M,,,75
201500055474,15,3,12,50,5,2,5,1,7,75120,M,,,75
201500055475,15,3,13,255,5,2,2,1,3,75120,M,,,75
201500055476,15,3,14,1844,1,2,1,1,5,75120,M,,,75
201500055477,15,3,16,2040,5,2,3,1,2,75120,M,,,75
201500055478,15,3,17,1810,1,2,2,1,3,75120,M,,,75
201500055479,15,3,17,1845,2,2,1,1,7,75120,M,,,75
201500055480,15,3,17,2000,5,2,2,1,6,75120,M,,,75
201500055481,15,3,20,1635,1,2,2,1,7,75120,M,,,75
201500055482,15,3,23,830,1,2,5,1,6,75120,M,,,75
201500055483,15,3,23,1330,1,2,2,1,6,75120,M,,,75
201500055484,15,3,24,930,1,2,1,1,6,75120,M,,,75
201500055485,15,3,30,1630,1,2,2,1,3,75120,M,,,75
201500055486,15,3,31,1200,1,2,1,1,6,75120,M,,,75
201500055487,15,3,31,2030,5,2,1,1,6,75120,M,,,75
201500055488,15,4,1,2120,5,2,3,1,3,75120,M,,,75
201500055489,15,4,3,1225,1,2,1,1,6,75120,M,,,75
201500055490,15,4,4,1500,1,2,3,1,3,75120,M,,,75
201500055491,15,4,4,2110,5,2,1,1,3,75120,M,,,75
201500055492,15,4,10,750,1,2,1,1,6,75120,M,,,75
201500055493,15,4,11,40,5,2,1,1,6,75120,M,,,75
201500055494,15,4,12,1030,1,2,2,1,3,75120,M,,,75
201500055495,15,4,15,1507,1,2,1,1,6,75120,M,,,75
201500055496,15,4,15,1625,1,2,1,1,6,75120,M,,,75
201500055497,15,4,18,2315,5,2,7,1,3,75120,M,,,75
201500055498,15,4,18,24,5,2,1,1,6,75120,M,,,75
201500055499,15,4,18,1115,1,2,1,1,6,75120,M,,,75
201500055500,15,4,19,1335,1,2,1,1,6,75120,M,,,75
201500055501,15,4,20,850,1,2,1,1,6,75120,M,,,75
201500055502,15,4,20,1002,1,2,1,1,6,75120,M,,,75
201500055503,15,4,20,1340,1,2,5,1,6,75120,M,,,75
201500055504,15,4,22,1540,1,2,2,1,3,75120,M,,,75
201500055505,15,4,22,1315,1,2,1,3,6,75120,M,,,75
201500055506,15,4,23,1010,1,2,1,1,6,75120,M,,,75
201500055507,15,4,23,1955,1,2,1,1,6,75120,M,,,75
201500055508,15,4,24,920,1,2,1,1,6,75120,M,,,75
201500055509,15,4,24,1900,1,2,1,1,4,75120,M,,,75
201500055510,15,4,27,650,2,2,1,1,6,75120,M,,,75
201500055511,15,4,30,1240,1,2,4,3,7,75120,M,,,75
201500055512,15,5,4,1105,1,2,1,1,3,75120,M,,,75
201500055513,15,5,4,1215,1,2,1,1,3,75120,M,,,75
201500055514,15,5,6,2030,1,2,1,1,6,75120,M,,,75
201500055515,15,5,7,2040,2,2,1,1,6,75120,M,,,75
201500055516,15,5,9,215,5,2,1,1,2,75120,M,,,75
201500055517,15,5,9,1745,1,2,5,1,6,75120,M,,,75
201500055518,15,5,11,1630,1,2,2,1,3,75120,M,,,75
201500055519,15,5,12,1615,1,2,3,3,3,75120,M,,,75
201500055520,15,5,14,2045,2,2,1,1,1,75120,M,,,75
201500055521,15,5,15,1015,1,2,3,1,3,75120,M,,,75
201500055522,15,5,17,1400,1,2,1,1,6,75120,M,,,75
201500055523,15,5,18,1125,1,2,5,1,2,75120,M,,,75
201500055524,15,5,19,1325,1,2,1,1,6,75120,M,,,75
201500055525,15,5,23,1200,1,2,2,1,2,75120,M,,,75
201500055526,15,5,26,1010,1,2,3,1,3,75120,M,,,75
201500055527,15,5,28,1955,1,2,2,1,6,75120,M,,,75
201500055528,15,5,29,215,5,2,2,1,3,75120,M,,,75
201500055529,15,5,29,810,1,2,4,2,3,75120,M,,,75
201500055530,15,5,31,200,5,2,2,1,1,75120,M,,,75
201500055531,15,6,1,50,3,2,2,2,7,75120,M,,,75
201500055532,15,5,31,235,5,2,1,1,6,75120,M,,,75
201500055533,15,6,2,1540,1,2,3,1,6,75120,M,,,75
201500055534,15,6,3,2020,1,2,2,1,6,75120,M,,,75
201500055535,15,7,8,1930,1,2,4,1,2,75120,M,,,75
201500055536,15,6,4,1650,1,2,1,1,6,75120,M,,,75
201500055537,15,6,5,840,1,2,1,1,6,75120,M,,,75
201500055538,15,6,5,1555,1,2,1,1,6,75120,M,,,75
201500055539,15,6,9,1705,1,2,1,1,6,75120,M,,,75
201500055540,15,6,9,1835,1,2,1,1,6,75120,M,,,75
201500055541,15,6,10,2130,1,2,1,1,5,75120,M,,,75
201500055542,15,6,11,730,1,2,1,1,2,75120,M,,,75
201500055543,15,6,11,2325,5,2,2,1,6,75120,M,,,75
201500055544,15,6,11,1250,1,2,1,1,2,75120,M,,,75
201500055545,15,6,12,1055,1,2,3,1,3,75120,M,,,75
201500055546,15,6,15,2105,1,2,1,1,3,75120,M,,,75
201500055547,15,6,16,1045,1,2,1,1,3,75120,M,,,75
201500055548,15,6,17,1500,1,2,1,1,6,75120,M,,,75
201500055549,15,6,17,1520,1,2,1,1,4,75120,M,,,75
201500055550,15,6,18,1750,1,2,3,1,3,75120,M,,,75
201500055551,15,6,19,100,5,2,2,1,3,75120,M,,,75
201500055552,15,6,20,1625,1,2,1,1,6,75120,M,,,75
201500055553,15,6,23,900,1,2,1,1,3,75120,M,,,75
201500055554,15,6,25,820,1,2,2,1,1,75120,M,,,75
201500055555,15,6,25,2210,5,2,1,1,6,75119,M,,,75
201500055556,15,6,29,1500,1,2,1,1,2,75120,M,,,75
201500055557,15,6,29,1700,1,2,1,1,3,75120,M,,,75
201500055558,15,6,29,1930,1,2,1,1,6,75119,M,,,75
201500055559,15,6,30,2045,2,2,1,1,2,75120,M,,,75
201500055560,15,7,1,850,1,2,2,1,3,75120,M,,,75
201500055561,15,7,4,1,5,2,2,1,6,75119,M,,,75
201500055562,15,7,4,1410,1,2,2,1,3,75120,M,,,75
201500055563,15,7,4,2115,2,2,1,1,2,75120,M,,,75
201500055564,15,7,5,2100,2,2,7,3,3,75120,M,,,75
201500055565,15,7,7,2130,2,2,2,8,3,75120,M,,,75
201500055566,15,7,8,825,1,2,3,1,3,75120,M,,,75
201500055567,15,7,8,1350,1,2,5,1,4,75120,M,,,75
201500055568,15,7,9,1,5,2,2,1,6,75120,M,,,75
201500055569,15,7,9,1615,1,2,2,1,3,75120,M,,,75
201500055570,15,7,11,1600,1,2,2,1,5,75120,M,,,75
201500055571,15,7,14,110,5,2,2,1,3,75120,M,,,75
201500055572,15,7,15,1125,1,2,5,1,3,75120,M,,,75
201500055573,15,7,17,1530,1,2,2,1,6,75120,M,,,75
201500055574,15,7,22,1955,1,2,2,1,6,75120,M,,,75
201500055575,15,7,27,1004,1,2,3,2,3,75120,M,,,75
201500055576,15,7,27,2130,2,2,1,1,1,75120,M,,,75
201500055577,15,7,29,1835,1,2,1,1,6,75120,M,,,75
201500055578,15,7,31,1300,1,2,1,1,3,75120,M,,,75
201500055579,15,8,1,1630,1,2,1,1,6,75120,M,,,75
201500055580,15,8,2,1930,1,2,2,1,3,75120,M,,,75
201500055581,15,8,6,1520,1,2,2,1,3,75120,M,,,75
201500055582,15,8,6,1915,1,2,1,1,6,75120,M,,,75
201500055583,15,8,7,1635,1,2,1,3,2,75120,M,,,75
201500055584,15,8,8,1140,1,2,2,1,6,75120,M,,,75
201500055585,15,8,12,915,1,2,7,1,6,75120,M,,,75
201500055586,15,8,20,1750,1,2,1,1,6,75120,M,,,75
201500055587,15,8,21,153,5,2,2,1,2,75120,M,,,75
201500055588,15,8,23,630,1,2,3,1,2,75112,M,,,75
201500055589,15,8,23,1250,1,2,2,2,6,75120,M,,,75
201500055590,15,8,24,1220,1,2,2,2,6,75120,M,,,75
201500055591,15,8,25,2045,5,2,1,2,6,75120,M,,,75
201500055592,15,8,27,1020,1,2,2,3,6,75120,M,,,75
201500055593,15,8,27,1350,1,2,5,2,6,75120,M,,,75
201500055594,15,8,29,2200,5,2,3,1,2,75120,M,,,75
201500055595,15,9,1,530,5,2,1,2,2,75120,M,,,75
201500055596,15,9,4,1500,1,2,1,1,2,75120,M,,,75
201500055597,15,9,5,1910,1,2,1,1,6,75120,M,,,75
201500055598,15,9,7,1045,1,2,1,1,7,75120,M,,,75
201500055599,15,9,4,1215,1,2,1,1,6,75120,M,,,75
201500055600,15,9,9,710,1,2,4,1,6,75120,M,,,75
201500055601,15,9,9,915,1,2,2,1,2,75120,M,,,75
201500055602,15,9,9,2145,5,2,1,1,2,75120,M,,,75
201500055603,15,9,10,1240,1,2,3,1,6,75120,M,,,75
201500055604,15,9,12,123,5,2,2,1,6,75120,M,,,75
201500055605,15,9,14,1600,1,2,1,1,2,75120,M,,,75
201500055606,15,9,16,1730,1,2,1,2,3,75120,M,,,75
201500055607,15,9,17,310,5,2,1,1,1,75119,M,,,75
201500055608,15,9,17,820,1,2,1,1,6,75120,M,,,75
201500055609,15,9,12,2350,5,2,1,1,6,75120,M,,,75
201500055610,15,9,18,1108,1,2,2,1,6,75120,M,,,75
201500055611,15,9,18,1435,1,2,2,1,3,75120,M,,,75
201500055612,15,9,18,2020,5,2,1,2,6,75120,M,,,75
201500055613,15,9,18,2240,5,2,7,2,6,75120,M,,,75
201500055614,15,9,21,1115,1,2,3,1,3,75120,M,,,75
201500055615,15,9,21,1600,1,2,2,1,6,75120,M,,,75
201500055616,15,9,22,1455,1,2,1,2,4,75120,M,,,75
201500055617,15,9,23,725,2,2,7,1,6,75120,M,,,75
201500055618,15,9,23,1445,1,2,1,1,3,75120,M,,,75
201500055619,15,9,24,2305,5,2,7,2,6,75120,M,,,75
201500055620,15,9,25,1550,1,2,1,1,7,75120,M,,,75
201500055621,15,9,26,830,1,2,2,1,3,75120,M,,,75
201500055622,15,9,27,200,5,2,2,1,3,75120,M,,,75
201500055623,15,9,28,1715,1,2,4,1,2,75120,M,,,75
201500055624,15,9,29,2100,5,2,4,1,2,75120,M,,,75
201500055625,15,9,30,1540,1,2,7,1,4,75120,M,,,75
201500055626,15,10,2,1745,1,2,1,1,4,75120,M,,,75
201500055627,15,10,6,1300,1,2,6,2,6,75120,M,,,75