Num_Acc,an,mois,jour,hrmn,lum,agg,int,atm,col,com,gps,lat,long,dep
201500055628,15,10,6,1725,1,2,2,2,6,75120,M,,,75
201500055629,15,10,6,1445,1,2,7,2,7,75120,M,,,75
201500055630,15,10,8,1817,1,2,4,1,2,75120,M,,,75
201500055631,15,10,8,2015,5,2,3,1,6,75120,M,,,75
201500055632,15,10,9,745,1,2,2,1,6,75120,M,,,75
201500055633,15,10,9,1800,1,2,1,1,3,75120,M,,,75
201500055634,15,10,9,1805,1,2,3,1,6,75120,M,,,75
201500055635,15,10,10,708,2,2,1,1,6,75120,M,,,75
201500055636,15,10,10,2230,5,2,1,1,2,75120,M,,,75
201500055637,15,10,13,1905,5,2,2,1,3,75120,M,,,75
201500055638,15,10,15,1050,1,2,1,8,6,75120,M,,,75
201500055639,15,10,15,1920,5,2,1,2,3,75120,M,,,75
201500055640,15,10,15,1600,1,2,2,1,3,75120,M,,,75
201500055641,15,10,19,800,1,2,1,1,6,75120,M,,,75
201500055642,15,10,22,720,2,2,1,2,2,75120,M,,,75
201500055643,15,10,23,2335,5,2,2,1,2,75111,M,,,75
201500055644,15,10,24,610,5,2,1,1,6,75120,M,,,75
201500055645,15,10,25,430,5,2,1,1,6,75111,M,,,75
201500055646,15,10,26,2045,5,2,4,1,3,75120,M,,,75
201500055647,15,10,27,1630,1,2,3,1,6,75120,M,,,75
201500055648,15,10,29,120,5,2,5,1,6,75120,M,,,75
201500055649,15,10,30,1720,1,2,5,1,6,75120,M,,,75
201500055650,15,10,30,2015,5,2,1,1,6,75120,M,,,75
201500055651,15,10,31,25,5,2,3,1,3,75120,M,,,75
201500055652,15,10,31,720,2,2,2,1,3,75120,M,,,75
201500055653,15,11,4,745,2,2,2,2,3,75120,M,,,75
201500055654,15,11,4,2000,5,2,3,2,3,75120,M,,,75
201500055655,15,11,5,1620,1,2,1,1,3,75120,M,,,75
201500055656,15,11,5,500,5,2,2,1,3,75120,M,,,75
201500055657,15,11,7,2350,5,2,1,1,6,75120,M,,,75
201500055658,15,11,9,1110,1,2,1,1,3,75120,M,,,75
201500055659,15,11,12,1749,5,2,1,1,6,75120,M,,,75
201500055660,15,11,13,900,1,2,1,1,2,75120,M,,,75
201500055661,15,11,14,735,1,2,7,1,3,75120,M,,,75
201500055662,15,11,14,1350,1,2,2,1,6,75120,M,,,75
201500055663,15,11,15,10,5,2,2,1,6,75120,M,,,75
201500055664,15,11,17,2000,5,2,1,2,7,75120,M,,,75
201500055665,15,11,18,800,1,2,1,1,2,75120,M,,,75
201500055666,15,11,19,1230,1,2,1,2,7,75120,M,,,75
201500055667,15,11,20,2015,5,2,3,2,3,75120,M,,,75
201500055668,15,11,22,2100,5,2,1,1,6,75120,M,,,75
201500055669,15,11,23,1050,1,2,1,1,6,75120,M,,,75
201500055670,15,11,28,1115,1,2,3,1,2,75120,M,,,75
201500055671,15,12,2,1745,5,2,7,1,3,75120,M,,,75
201500055672,15,12,2,2000,5,2,4,1,3,75120,M,,,75
201500055673,15,12,5,1325,1,2,3,1,3,75120,M,,,75
201500055674,15,12,7,955,1,2,3,1,1,75120,M,,,75
201500055675,15,12,7,2320,5,2,2,1,3,75120,M,,,75
201500055676,15,12,8,2000,5,2,1,2,6,75120,M,,,75
201500055677,15,12,9,1650,2,2,1,1,6,75120,M,,,75
201500055678,15,12,10,1635,1,2,1,2,6,75120,M,,,75
201500055679,15,12,11,315,5,2,3,1,2,75120,M,,,75
201500055680,15,12,13,430,5,2,1,1,7,75120,M,,,75
201500055681,15,12,18,2140,5,2,3,1,7,75120,M,,,75
201500055682,15,12,18,2350,5,2,1,1,6,75120,M,,,75
201500055683,15,12,20,1450,1,2,1,1,6,75120,M,,,75
201500055684,15,12,21,1240,1,2,3,1,2,75120,M,,,75
201500055685,15,12,23,2005,1,2,2,1,2,75120,M,,,75
201500055686,15,12,29,800,1,2,2,2,6,75120,M,,,75
201500055687,15,12,31,1345,1,2,3,1,3,75120,M,,,75
201500055688,15,12,31,1645,1,2,1,1,6,75120,M,,,75
201500055689,15,12,31,2252,5,2,1,1,6,75119,M,,,75
201500055690,15,1,1,625,5,2,5,1,3,75111,M,,,75
201500055691,15,1,2,1105,1,2,5,2,6,75113,M,,,75
201500055692,15,1,4,1,4,2,2,2,3,75116,M,,,75
201500055693,15,1,4,335,5,2,2,1,3,75114,M,,,75
201500055694,15,1,8,1655,2,2,5,1,3,75112,M,,,75
201500055695,15,1,8,2222,5,2,2,2,3,75111,M,,,75
201500055696,15,1,10,2319,5,2,4,1,6,75118,M,,,75
201500055697,15,1,11,620,2,2,1,1,6,75113,M,,,75
201500055698,15,1,12,405,4,2,1,1,6,75113,M,,,75
201500055699,15,1,12,840,2,2,3,1,6,75114,M,,,75
201500055700,15,1,13,1010,1,2,3,1,6,75111,M,,,75
201500055701,15,1,13,1525,1,2,1,1,6,75112,M,,,75
201500055702,15,1,14,1320,1,2,2,1,6,75115,M,,,75
201500055703,15,1,14,1800,2,2,1,1,6,75111,M,,,75
201500055704,15,1,14,1945,5,2,1,1,6,75118,M,,,75
201500055705,15,1,15,310,5,2,1,2,6,75110,M,,,75
201500055706,15,1,16,450,5,2,1,1,6,75112,M,,,75
201500055707,15,1,16,1945,5,2,3,2,6,75111,M,,,75
201500055708,15,1,17,554,5,2,7,1,6,75118,M,,,75
201500055709,15,1,17,1645,1,2,1,1,6,75116,M,,,75
201500055710,15,1,18,1324,1,2,4,1,2,75116,M,,,75
201500055711,15,1,19,1318,1,2,3,1,3,75118,M,,,75
201500055712,15,1,20,30,5,2,1,1,3,75102,M,,,75
201500055713,15,1,20,905,1,2,3,1,6,75111,M,,,75
201500055714,15,1,20,1545,1,2,3,1,3,75115,M,,,75
201500055715,15,1,21,1030,1,2,5,1,3,75111,M,,,75
201500055716,15,1,21,1320,1,2,3,1,6,75116,M,,,75
201500055717,15,1,22,830,1,2,5,1,6,75104,M,,,75
201500055718,15,1,22,1507,1,2,5,1,3,75113,M,,,75
201500055719,15,1,23,410,5,2,1,1,7,75110,M,,,75
201500055720,15,1,23,2245,5,2,2,1,3,75102,M,,,75
201500055721,15,1,24,835,2,2,2,1,3,75105,M,,,75
201500055722,15,1,25,640,5,2,2,1,5,75110,M,,,75
201500055723,15,1,26,1110,1,2,2,1,4,75108,M,,,75
201500055724,15,1,28,1935,5,2,7,1,1,75111,M,,,75
201500055725,15,1,29,35,5,2,3,9,6,75119,M,,,75
201500055726,15,1,31,35,5,2,1,1,1,75116,M,,,75
201500055727,15,2,1,25,5,2,5,3,6,75107,M,,,75
201500055728,15,2,3,720,5,2,4,1,2,75119,M,,,75
201500055729,15,2,3,1205,1,2,7,1,2,75114,M,,,75
201500055730,15,2,3,1540,1,2,3,1,6,75115,M,,,75
201500055731,15,2,3,1834,3,2,1,1,1,75112,M,,,75
201500055732,15,2,3,1936,3,2,2,1,6,75116,M,,,75
201500055733,15,2,4,750,5,2,1,1,3,75114,M,,,75
201500055734,15,2,4,1927,4,2,1,1,7,75112,M,,,75
201500055735,15,2,5,1400,1,2,1,1,2,75112,M,,,75
201500055736,15,2,5,1654,1,2,1,1,4,75116,M,,,75
201500055737,15,2,6,930,1,2,5,1,6,75108,M,,,75
201500055738,15,2,11,1730,2,2,3,1,6,75105,M,,,75
201500055739,15,2,12,1915,5,2,2,1,3,75104,M,,,75
201500055740,15,2,13,1330,1,2,1,1,3,75117,M,,,75
201500055741,15,2,13,2021,5,2,1,1,2,75114,M,,,75
201500055742,15,2,17,845,1,2,1,1,3,75112,M,,,75
201500055743,15,2,19,135,5,2,5,1,7,75120,M,,,75
201500055744,15,2,20,730,2,2,1,1,6,75116,M,,,75
201500055745,15,2,21,1646,1,2,3,2,7,75116,M,,,75
201500055746,15,2,22,1800,2,2,5,2,6,75112,M,,,75
201500055747,15,2,24,1710,1,2,7,1,6,75115,M,,,75
201500055748,15,2,25,1720,5,2,1,2,4,75114,M,,,75
201500055749,15,2,26,506,5,2,7,1,6,75119,M,,,75
201500055750,15,2,26,1819,2,2,7,3,3,75117,M,,,75
201500055751,15,2,27,1015,1,2,1,1,6,75114,M,,,75
201500055752,15,2,28,403,5,1,1,1,7,75118,M,,,75
201500055753,15,2,28,2032,5,2,1,1,6,75110,M,,,75
201500055754,15,3,3,1230,1,2,2,1,6,75102,M,,,75
201500055755,15,3,4,1240,1,2,1,1,6,75117,M,,,75
201500055756,15,3,4,1500,1,2,7,1,2,75114,M,,,75
201500055757,15,3,6,49,5,2,3,1,3,75111,M,,,75
201500055758,15,3,11,1240,1,2,4,1,6,75118,M,,,75
201500055759,15,3,11,1808,1,2,1,1,6,75120,M,,,75
201500055760,15,3,11,1955,5,2,1,1,1,75117,M,,,75
201500055761,15,3,12,55,5,2,5,1,3,75106,M,,,75
201500055762,15,3,12,1605,1,2,2,1,3,75107,M,,,75
201500055763,15,3,13,250,5,2,5,1,5,75118,M,,,75
201500055764,15,3,14,534,5,2,1,1,3,75112,M,,,75
201500055765,15,3,14,2355,5,2,1,2,7,75116,M,,,75
201500055766,15,3,17,1710,1,2,1,1,6,75110,M,,,75
201500055767,15,3,17,2310,5,2,2,1,1,75111,M,,,75
201500055768,15,8,24,2135,5,2,1,2,6,75117,M,,,75
201500055769,15,3,19,217,5,2,1,1,6,75104,M,,,75
201500055770,15,3,19,1220,1,2,5,1,6,75116,M,,,75
201500055771,15,3,20,22,5,2,1,1,6,75112,M,,,75
201500055772,15,3,22,1450,1,2,2,1,6,75116,M,,,75
201500055773,15,3,26,10,5,2,1,1,7,75113,M,,,75
201500055774,15,3,27,1456,1,2,2,1,6,75105,M,,,75
201500055775,15,3,27,2115,5,2,3,1,3,75113,M,,,75
201500055776,15,3,28,5,5,2,1,1,6,75111,M,,,75
201500055777,15,3,30,1206,1,2,1,1,6,75104,M,,,75
201500055778,15,3,30,1900,5,2,3,1,6,75116,M,,,75
201500055779,15,3,31,549,5,2,1,1,1,75107,M,,,75
201500055780,15,4,1,2340,5,2,3,1,3,75108,M,,,75
201500055781,15,4,3,20,5,2,3,1,7,75101,M,,,75
201500055782,15,4,4,1330,1,2,1,1,2,75117,M,,,75
201500055783,15,4,5,1420,1,2,7,1,3,75114,M,,,75
201500055784,15,4,5,1658,1,2,4,1,6,75114,M,,,75
201500055785,15,4,7,1500,1,2,7,1,6,75117,M,,,75
201500055786,15,4,7,1803,1,2,1,1,6,75116,M,,,75
201500055787,15,4,8,1345,1,2,7,1,3,75115,M,,,75
201500055788,15,4,8,1500,1,2,3,1,3,75113,M,,,75
201500055789,15,4,9,1716,1,2,2,1,6,75105,M,,,75
201500055790,15,4,10,945,1,2,1,1,6,75116,M,,,75
201500055791,15,4,10,1452,1,2,2,1,3,75104,M,,,75
201500055792,15,4,11,556,5,2,7,1,6,75110,M,,,75
201500055793,15,4,11,1802,1,2,2,1,3,75111,M,,,75
201500055794,15,4,12,515,5,2,2,1,3,75115,M,,,75
201500055795,15,4,12,1015,1,2,1,1,6,75116,M,,,75
201500055796,15,4,13,845,1,2,5,1,2,75112,M,,,75
201500055797,15,4,13,1345,1,2,3,1,2,75104,M,,,75
201500055798,15,4,14,1620,1,2,1,1,4,75112,M,,,75
201500055799,15,4,14,1730,1,2,7,1,6,75107,M,,,75
201500055800,15,4,14,2341,5,2,1,1,6,75114,M,,,75
201500055801,15,4,17,745,1,2,2,1,3,75115,M,,,75
201500055802,15,4,21,1340,1,2,1,1,6,75110,M,,,75
201500055803,15,4,21,1846,1,2,1,1,6,75105,M,,,75
201500055804,15,4,22,1937,1,2,1,1,6,75110,M,,,75
201500055805,15,4,23,1502,1,2,5,1,3,75118,M,,,75
201500055806,15,4,23,2215,5,2,2,1,3,75113,M,,,75
201500055807,15,4,24,1224,1,2,1,1,3,75120,M,,,75
201500055808,15,4,26,614,1,2,3,1,6,75114,M,,,75
201500055809,15,4,26,1420,1,2,1,2,2,75116,M,,,75
201500055810,15,4,27,2127,5,2,2,1,6,75112,M,,,75
201500055811,15,4,28,210,5,2,2,1,3,75120,M,,,75
201500055812,15,4,28,2002,5,2,1,1,3,75114,M,,,75
201500055813,15,4,29,1929,5,2,1,1,6,75112,M,,,75
201500055814,15,5,2,1645,1,2,7,2,2,75117,M,,,75
201500055815,15,5,2,1746,1,2,1,2,6,75111,M,,,75
201500055816,15,5,4,1639,1,2,1,2,6,75114,M,,,75
201500055817,15,5,4,2255,5,2,3,1,7,75112,M,,,75
201500055818,15,5,10,1637,1,2,3,1,7,75116,M,,,75
201500055819,15,5,8,1130,1,2,1,1,6,75111,M,,,75
201500055820,15,5,8,1818,1,2,1,1,6,75114,M,,,75
201500055821,15,5,8,1920,2,2,1,1,3,75114,M,,,75
201500055822,15,5,9,652,1,2,1,1,6,75115,M,,,75
201500055823,15,5,12,105,5,2,1,1,6,75112,M,,,75
201500055824,15,5,14,2040,5,2,1,2,2,75120,M,,,75
201500055825,15,5,15,1010,1,2,1,1,3,75109,M,,,75
201500055826,15,5,15,1207,1,2,3,1,3,75118,M,,,75
201500055827,15,5,15,2336,5,2,3,1,6,75115,M,,,75
201500055828,15,5,18,2216,5,2,2,2,3,75105,M,,,75
201500055829,15,5,19,1445,1,2,1,2,3,75114,M,,,75
201500055830,15,5,19,2107,5,2,1,9,6,75115,M,,,75
201500055831,15,5,20,47,5,2,2,9,3,75110,M,,,75
201500055832,15,5,21,1115,1,2,5,1,1,75116,M,,,75
201500055833,15,5,21,1535,1,2,2,1,2,75116,M,,,75
201500055834,15,5,26,1955,1,2,1,1,6,75112,M,,,75
201500055835,15,5,28,412,5,2,2,1,6,75103,M,,,75
201500055836,15,5,28,1354,1,2,4,1,3,75116,M,,,75
201500055837,15,5,28,1745,1,2,1,1,3,75101,M,,,75
201500055838,15,5,29,1,5,2,2,1,3,75102,M,,,75
201500055839,15,5,30,318,5,2,1,1,7,75119,M,,,75
201500055840,15,5,30,1304,1,2,5,1,3,75116,M,,,75
201500055841,15,5,30,1554,1,2,1,1,6,75118,M,,,75
201500055842,15,5,31,116,5,2,1,1,6,75116,M,,,75
201500055843,15,6,1,1845,1,2,3,1,3,75101,M,,,75
201500055844,15,6,2,718,1,2,7,1,3,75111,M,,,75
201500055845,15,6,2,1925,1,2,2,1,6,75115,M,,,75
201500055846,15,6,3,1305,1,2,3,1,3,75107,M,,,75
201500055847,15,6,5,605,1,2,1,1,7,75120,M,,,75
201500055848,15,6,5,1230,1,2,2,1,6,75116,M,,,75
201500055849,15,6,5,1750,1,2,1,1,7,75115,M,,,75
201500055850,15,6,5,1848,1,2,1,1,6,75115,M,,,75
201500055851,15,6,9,2127,5,2,1,1,6,75108,M,,,75
201500055852,15,6,10,25,5,2,2,1,1,75110,M,,,75
201500055853,15,6,10,550,2,2,3,1,1,75116,M,,,75
201500055854,15,6,10,1420,1,2,2,1,6,75101,M,,,75
201500055855,15,11,18,632,2,2,2,1,3,75117,M,,,75
201500055856,15,5,31,2130,5,2,2,2,1,75116,M,,,75
201500055857,15,6,5,403,5,2,1,1,6,75114,M,,,75
201500055858,15,6,6,2027,1,2,2,1,6,75120,M,,,75
201500055859,15,6,7,2030,1,2,1,1,1,75112,M,,,75
201500055860,15,6,8,2215,5,2,3,1,3,75118,M,,,75
201500055861,15,6,12,229,5,2,1,2,6,75114,M,,,75
201500055862,15,6,12,745,1,2,2,1,3,75116,M,,,75
201500055863,15,6,13,2147,2,2,2,1,6,75118,M,,,75
201500055864,15,6,14,120,5,2,1,1,6,75116,M,,,75
201500055865,15,6,15,740,1,2,1,1,3,75117,M,,,75
201500055866,15,6,16,915,1,2,2,1,3,75105,M,,,75
201500055867,15,6,16,1854,1,2,1,1,6,75115,M,,,75
201500055868,15,6,17,1508,1,2,1,1,2,75117,M,4853017.0,219073.0,75
201500055869,15,6,18,250,5,2,1,1,6,75113,M,,,75
201500055870,15,6,18,1122,1,2,3,1,3,75115,M,,,75
201500055871,15,6,18,1420,1,2,1,1,2,75101,M,4851397.0,219474.0,75
201500055872,15,6,19,1250,1,2,5,1,6,75116,M,,,75
201500055873,15,6,16,1135,1,2,1,1,6,75116,M,,,75
201500055874,15,6,20,255,5,2,7,1,3,75108,M,,,75
201500055875,15,6,20,2355,5,2,7,1,3,75117,M,,,75
201500055876,15,6,21,2340,5,2,1,1,3,75108,M,,,75
201500055877,15,6,22,755,1,2,1,1,4,75113,M,4849337.0,223148.0,75
201500055878,15,6,22,824,1,2,3,1,6,75120,M,,,75
201500055879,15,6,21,2110,5,2,1,1,6,75113,M,,,75
201500055880,15,6,23,911,1,2,1,1,4,75117,M,4853367.0,218412.0,75
201500055881,15,6,23,2145,1,2,1,1,2,75116,M,,,75
201500055882,15,6,24,948,1,2,1,1,2,75117,M,,,75
201500055883,15,6,25,610,1,2,2,1,3,75108,M,,,75
201500055884,15,6,29,1110,1,2,1,1,6,75108,M,,,75
201500055885,15,6,27,1420,1,2,2,1,2,75118,M,4853181.0,221070.0,75
201500055886,15,6,29,1635,1,2,1,1,3,75112,M,4850092.0,224441.0,75
201500055887,15,6,25,2126,1,2,1,1,6,75114,M,,,75
201500055888,15,7,1,220,5,2,4,1,7,75103,M,,,75
201500055889,15,7,1,1445,1,2,4,1,6,75107,M,,,75
201500055890,15,6,28,1239,1,2,2,1,3,75113,M,,,75
201500055891,15,7,1,2351,5,2,1,1,2,75120,M,,,75
201500055892,15,7,2,1955,1,2,2,1,6,75105,M,,,75
201500055893,15,7,3,1020,1,2,1,1,6,75119,M,,,75
201500055894,15,7,4,342,5,2,1,1,7,75112,M,,,75
201500055895,15,7,5,1510,1,2,7,1,3,75113,M,,,75
201500055896,15,7,6,1750,1,2,1,1,6,75118,M,,,75
201500055897,15,7,6,1645,1,2,1,1,6,75116,M,,,75
201500055898,15,7,7,1940,1,2,2,1,3,75117,M,,,75
201500055899,15,7,9,356,5,2,1,1,6,75119,M,,,75
201500055900,15,7,10,1609,1,2,1,1,2,75112,M,4882975.0,239133.0,75
201500055901,15,7,10,2318,5,2,1,1,6,75115,M,,,75
201500055902,15,7,12,1519,1,2,2,1,3,75113,M,,,75
201500055903,15,7,13,58,5,2,3,1,6,75119,M,,,75
201500055904,15,7,13,645,1,2,2,1,6,75116,M,,,75
201500055905,15,7,15,817,1,2,1,1,6,75113,M,,,75
201500055906,15,7,15,1252,1,2,5,1,5,75112,M,,,75
201500055907,15,7,16,518,2,2,1,1,7,75112,M,,,75
201500055908,15,7,17,1810,1,2,1,1,6,75119,M,,,75
201500055909,15,7,18,217,5,2,2,1,3,75104,M,,,75
201500055910,15,7,19,1140,1,2,2,1,3,75115,M,,,75
201500055911,15,7,19,1615,1,2,2,1,3,75117,M,,,75
201500055912,15,7,21,1345,1,2,1,1,6,75120,M,4851519.0,223363.0,75
201500055913,15,7,22,700,1,2,5,1,7,75115,M,,,75
201500055914,15,7,26,400,5,2,1,1,6,75117,M,,,75
201500055915,15,7,26,1503,1,2,5,2,7,75101,M,,,75
201500055916,15,7,29,907,1,2,1,1,5,75112,M,,,75
201500055917,15,7,30,1755,1,2,1,1,2,75112,M,,,75
201500055918,15,7,31,1120,1,2,1,1,2,75112,M,,,75
201500055919,15,7,31,1420,1,2,1,1,3,75110,M,,,75
201500055920,15,7,31,2050,1,2,3,1,1,75119,M,,,75
201500055921,15,8,1,410,5,2,5,1,3,75113,M,,,75
201500055922,15,8,1,1015,1,2,5,1,3,75112,M,,,75
201500055923,15,8,1,1515,1,2,1,1,1,75112,M,,,75
201500055924,15,8,1,2152,5,2,2,1,3,75107,M,,,75
201500055925,15,8,4,1414,1,2,1,1,6,75111,M,4886639.0,238275.0,75
201500055926,15,8,9,1549,1,2,1,1,1,75111,M,,,75
201500055927,15,8,9,2222,5,2,3,1,6,75114,M,,,75
201500055928,15,8,10,1500,1,2,1,1,6,75120,M,,,75
201500055929,15,8,11,1815,1,2,4,1,6,75120,M,,,75
201500055930,15,8,11,1917,1,2,2,1,6,75103,M,,,75
201500055931,15,8,12,825,1,2,1,1,6,75101,M,,,75
201500055932,15,8,12,2233,5,2,5,1,3,75101,M,,,75
201500055933,15,8,13,1345,1,2,2,1,6,75102,M,,,75
201500055934,15,8,14,523,5,2,1,2,6,75119,M,,,75
201500055935,15,8,14,608,5,2,7,1,3,75106,M,,,75
201500055936,15,8,17,839,1,2,2,1,3,75109,M,,,75
201500055937,15,8,17,1015,1,2,1,1,6,75113,M,,,75
201500055938,15,8,17,1609,1,2,1,1,6,75110,M,4887757.0,236186.0,75
201500055939,15,8,19,1328,1,2,2,1,3,75107,M,,,75
201500055940,15,8,21,416,5,2,2,1,3,75115,M,,,75
201500055941,15,8,21,1010,1,2,1,1,6,75116,M,4884667.0,225806.0,75
201500055942,15,8,22,1800,1,2,3,1,6,75117,M,,,75
201500055943,15,8,23,538,2,2,2,1,6,75112,M,4884233.0,238632.0,75
201500055944,15,8,23,1838,1,2,1,1,3,75112,M,,,75
201500055945,15,8,24,955,1,2,1,2,3,75106,M,,,75
201500055946,15,8,29,329,5,2,3,1,6,75104,M,,,75
201500055947,15,8,29,1930,2,2,1,1,6,75118,M,,,75
201500055948,15,8,30,2120,5,2,1,1,6,75110,M,,,75
201500055949,15,8,31,600,5,2,4,1,2,75118,M,,,75
201500055950,15,8,31,1900,1,2,7,1,7,75105,M,,,75
201500055951,15,9,2,1525,1,2,1,1,6,75115,M,,,75
201500055952,15,9,3,34,5,2,2,1,3,75105,M,,,75
201500055953,15,9,3,2312,5,2,7,1,3,75116,M,,,75
201500055954,15,9,4,1537,1,2,2,1,3,75109,M,,,75
201500055955,15,9,7,1830,1,2,4,1,7,75107,M,,,75
201500055956,15,9,8,945,1,2,1,1,6,75120,M,,,75
201500055957,15,9,9,528,5,2,5,1,6,75116,M,,,75
201500055958,15,9,9,1445,1,2,1,1,3,75114,M,,,75
201500055959,15,9,10,1600,1,2,1,1,4,75116,M,,,75
201500055960,15,9,10,1645,1,2,3,1,3,75106,M,,,75
201500055961,15,9,11,6,5,2,4,1,7,75115,M,,,75
201500055962,15,9,11,1320,1,2,1,1,3,75107,M,,,75
201500055963,15,9,11,1453,1,2,1,1,4,75114,M,,,75
201500055964,15,9,11,2212,5,2,4,1,6,75104,M,,,75
201500055965,15,9,12,1035,1,2,1,3,6,75117,M,,,75
201500055966,15,9,15,547,5,2,2,1,3,75116,M,,,75
201500055967,15,9,15,1723,1,2,1,1,6,75116,M,,,75
201500055968,15,9,16,615,5,2,5,2,6,75108,M,,,75
201500055969,15,9,17,210,5,2,5,1,3,75119,M,,,75
201500055970,15,9,18,343,5,2,1,1,7,75112,M,,,75
201500055971,15,9,19,318,5,2,7,1,3,75114,M,,,75
201500055972,15,9,21,625,5,2,1,1,3,75107,M,,,75
201500055973,15,9,22,1236,1,2,1,3,6,75117,M,,,75
201500055974,15,9,22,1655,1,2,2,1,3,75114,M,,,75
201500055975,15,9,23,10,5,2,1,2,2,75108,M,,,75
201500055976,15,9,23,133,5,2,2,1,2,75106,M,,,75
201500055977,15,9,24,5,5,2,3,1,2,75107,M,,,75
201500055978,15,9,24,903,1,2,5,1,3,75106,M,,,75
201500055979,15,9,24,1655,1,2,1,1,6,75113,M,,,75
201500055980,15,9,24,1654,1,2,2,1,3,75112,M,,,75
201500055981,15,9,26,323,5,2,4,1,6,75117,M,,,75
201500055982,15,9,27,650,2,2,1,1,2,75112,M,,,75
201500055983,15,9,27,1815,1,2,1,1,6,75119,M,,,75
201500055984,15,9,28,42,5,2,2,1,3,75108,M,,,75
201500055985,15,9,29,908,1,2,7,1,3,75116,M,,,75
201500055986,15,9,30,1020,1,2,7,1,3,75116,M,,,75
201500055987,15,9,30,1610,1,2,1,1,1,75117,M,,,75
201500055988,15,9,30,1920,5,2,1,1,3,75117,M,,,75
201500055989,15,10,1,115,5,2,1,1,6,75113,M,,,75
201500055990,15,10,1,1351,1,2,5,1,3,75117,M,4888744.0,-229470.0,75
201500055991,15,10,6,1145,1,2,5,2,6,75103,M,,,75
201500055992,15,10,7,932,1,2,1,1,6,75113,M,4882700.0,236639.0,75
201500055993,15,10,7,1827,1,2,2,1,6,75117,M,,,75
201500055994,15,10,8,840,1,2,7,1,1,75117,M,4888077.0,230911.0,75
201500055995,15,10,8,2039,5,2,1,1,6,75109,M,,,75
201500055996,15,10,10,2247,5,2,1,1,6,75119,M,,,75
201500055997,15,10,12,2309,5,2,3,1,6,75116,M,,,75
201500055998,15,10,15,1637,1,2,5,1,3,75115,M,,,75
201500055999,15,10,15,2028,5,2,5,1,3,75116,M,,,75
201500056000,15,10,16,2330,5,2,2,1,6,75112,M,,,75
201500056001,15,10,17,2124,5,2,1,2,6,75116,M,,,75
201500056002,15,10,18,2046,5,2,7,1,3,75118,M,,,75
201500056003,15,10,19,1539,1,2,1,1,6,75103,M,,,75
201500056004,15,10,21,2030,5,2,1,2,6,75117,M,,,75
201500056005,15,10,22,1043,1,2,7,1,3,75119,M,,,75
201500056006,15,10,24,442,5,2,3,1,3,75111,M,,,75
201500056007,15,10,25,2007,5,2,3,1,3,75112,M,,,75
201500056008,15,10,26,1747,1,2,1,1,3,75101,M,,,75
201500056009,15,10,26,1929,5,2,3,1,2,75116,M,4887191.0,229050.0,75
201500056010,15,10,27,1501,1,2,1,1,6,75112,M,,,75
201500056011,15,10,28,253,5,2,1,2,6,75110,M,,,75
201500056012,15,10,28,512,5,2,2,2,1,75116,M,,,75
201500056013,15,10,29,1933,2,2,1,1,2,75115,M,,,75
201500056014,15,10,29,2217,5,2,7,1,3,75116,M,,,75
201500056015,15,10,30,2150,5,2,2,1,3,75108,M,,,75
201500056016,15,10,31,139,4,2,4,1,6,75112,M,,,75
201500056017,15,10,31,2143,5,2,5,1,6,75116,M,,,75
201500056018,15,11,1,540,5,2,1,1,6,75111,M,,,75
201500056019,15,11,3,835,1,2,5,1,3,75107,M,4885144.0,231242.0,75
201500056020,15,11,5,2300,5,2,2,1,3,75101,M,,,75
201500056021,15,11,7,2,5,2,5,1,3,75116,M,,,75
201500056022,15,11,7,1145,1,2,1,1,6,75113,M,,,75
201500056023,15,11,7,1733,2,2,1,1,6,75120,M,,,75
201500056024,15,11,8,1810,5,2,3,1,6,75115,M,,,75
201500056025,15,11,9,2009,5,2,1,1,3,75115,M,,,75
201500056026,15,11,10,155,5,2,5,1,6,75101,M,,,75
201500056027,15,11,10,1250,1,2,5,1,3,75120,M,,,75
201500056028,15,11,10,2028,5,2,1,1,4,75116,M,,,75
201500056029,15,11,10,2305,5,2,3,1,6,75111,M,,,75
201500056030,15,11,11,1631,1,2,2,2,3,75116,M,,,75
201500056031,15,11,11,2039,5,2,1,4,5,75112,M,,,75
201500056032,15,11,13,1145,1,2,2,1,6,75109,M,4887624.0,233170.0,75
201500056033,15,11,13,1959,5,2,2,1,3,75103,M,,,75
201500056034,15,11,14,115,5,2,1,1,6,75118,M,,,75
201500056035,15,11,14,2055,5,2,2,1,5,75115,M,,,75
201500056036,15,11,16,2010,5,2,3,2,3,75116,M,,,75
201500056037,15,11,18,1430,1,2,3,1,6,75115,M,,,75
201500056038,15,11,18,1830,5,2,3,1,6,75118,M,,,75
201500056039,15,11,20,225,5,2,4,3,6,75117,M,,,75
201500056040,15,11,20,500,5,2,2,3,3,75114,M,,,75
201500056041,15,11,20,1752,5,2,2,2,6,75106,M,,,75
201500056042,15,11,22,1453,1,2,2,7,6,75110,M,,,75
201500056043,15,11,23,145,5,2,2,1,6,75105,M,,,75
201500056044,15,11,23,1943,5,2,7,1,3,75119,M,,,75
201500056045,15,11,24,1139,1,2,4,1,6,75116,M,,,75
201500056046,15,11,24,1235,1,2,1,1,6,75116,M,,,75
201500056047,15,11,24,1648,2,2,1,3,2,75108,M,,,75
201500056048,15,11,25,2,5,2,5,8,3,75106,M,,,75
201500056049,15,11,26,1215,1,2,2,1,6,75112,M,,,75
201500056050,15,11,28,27,5,2,3,2,4,75116,M,,,75
201500056051,15,11,30,305,5,2,4,1,6,75112,M,,,75
201500056052,15,11,30,958,1,2,1,2,2,75105,M,,,75
201500056053,15,11,30,1502,1,2,1,1,3,75116,M,,,75
201500056054,15,12,1,650,1,2,7,1,2,75104,M,,,75
201500056055,15,12,2,2118,1,2,2,1,1,75120,M,,,75
201500056056,15,12,3,908,1,2,2,1,3,75114,M,,,75
201500056057,15,12,3,900,1,2,1,1,6,75109,M,,,75