Num_Acc,an,mois,jour,hrmn,lum,agg,int,atm,col,com,gps,lat,long,dep
201500056058,15,12,4,11,5,2,2,2,3,75111,M,,,75
201500056059,15,12,5,1753,5,2,3,1,6,75120,M,,,75
201500056060,15,12,6,2225,5,2,2,1,3,75119,M,,,75
201500056061,15,12,7,1230,1,2,2,1,3,75116,M,,,75
201500056062,15,12,7,1809,5,2,7,1,3,75108,M,,,75
201500056063,15,12,8,1319,1,2,2,2,6,75119,M,,,75
201500056064,15,12,9,2217,5,2,2,1,3,75108,M,,,75
201500056065,15,12,10,2035,5,2,2,1,6,75107,M,,,75
201500056066,15,12,11,1314,1,2,3,1,3,75105,M,,,75
201500056067,15,12,13,5,5,2,4,1,3,75118,M,,,75
201500056068,15,12,13,852,2,2,2,1,3,75110,M,,,75
201500056069,15,12,13,1820,2,2,5,1,2,75109,M,,,75
201500056070,15,12,15,801,2,2,1,8,6,75118,M,,,75
201500056071,15,12,15,1815,5,2,1,3,6,75117,M,4888909.0,230425.0,75
201500056072,15,12,17,1650,2,2,1,1,6,75115,M,,,75
201500056073,15,12,17,1745,5,2,2,1,3,75113,M,,,75
201500056074,15,12,17,2007,5,2,4,1,6,75108,M,,,75
201500056075,15,12,18,207,5,2,2,1,3,75116,M,,,75
201500056076,15,12,18,1600,1,2,3,1,3,75115,M,,,75
201500056077,15,12,18,1649,1,2,3,1,6,75104,M,,,75
201500056078,15,12,18,2159,5,2,2,1,3,75105,M,,,75
201500056079,15,12,20,1930,5,2,7,1,3,75109,M,,,75
201500056080,15,12,21,1030,1,2,1,1,3,75119,M,,,75
201500056081,15,12,21,1405,1,2,1,1,4,75120,M,,,75
201500056082,15,12,21,2058,5,2,3,1,6,75116,M,,,75
201500056083,15,12,22,1456,1,2,2,1,6,75106,M,,,75
201500056084,15,12,23,1500,1,2,1,1,6,75115,M,,,75
201500056085,15,12,24,1515,1,2,2,1,6,75113,M,,,75
201500056086,15,12,28,1310,1,2,2,1,2,75115,M,,,75
201500056087,15,12,29,2330,5,2,1,1,6,75118,M,,,75
201500056088,15,12,30,430,5,2,5,1,6,75118,M,,,75
201500056089,15,1,1,1745,5,2,1,1,3,75114,M,,,75
201500056090,15,1,3,1125,1,2,1,2,4,75114,M,,,75
201500056091,15,1,3,1855,5,2,4,2,6,75120,M,,,75
201500056092,15,1,6,715,5,2,1,1,3,75117,M,,,75
201500056093,15,1,6,804,2,2,1,1,6,75115,M,,,75
201500056094,15,1,6,1815,5,2,1,1,2,75117,M,,,75
201500056095,15,1,8,1715,1,2,1,1,4,75117,M,,,75
201500056096,15,1,9,5,5,2,1,1,2,75119,M,,,75
201500056097,15,1,9,435,5,2,1,1,6,75114,M,,,75
201500056098,15,1,9,1830,5,2,1,1,3,75114,M,,,75
201500056099,15,1,10,1450,1,2,1,1,7,75112,M,,,75
201500056100,15,1,12,810,2,2,1,1,2,75120,M,,,75
201500056101,15,1,12,1840,5,2,1,1,6,75115,M,,,75
201500056102,15,1,13,740,1,2,1,1,4,75120,M,,,75
201500056103,15,1,13,1330,1,2,1,2,4,75115,M,,,75
201500056104,15,1,13,1620,2,2,4,2,2,75112,M,,,75
201500056105,15,1,14,830,1,2,4,1,3,75112,M,,,75
201500056106,15,1,14,1000,1,2,1,2,3,75112,M,,,75
201500056107,15,1,16,1250,1,2,1,1,3,75113,M,,,75
201500056108,15,1,16,1600,1,2,4,1,4,75120,M,,,75
201500056109,15,1,18,1235,1,2,1,1,4,75120,M,,,75
201500056110,15,1,20,1810,5,2,1,1,3,75113,M,,,75
201500056111,15,1,21,955,1,2,1,1,7,75112,M,,,75
201500056112,15,1,22,945,1,2,1,1,3,75116,M,,,75
201500056113,15,1,23,720,5,2,1,1,4,75120,M,,,75
201500056114,15,1,23,1800,2,2,4,1,6,75116,M,,,75
201500056115,15,1,23,1930,5,2,1,1,2,75120,M,,,75
201500056116,15,1,26,820,1,2,1,1,7,75119,M,,,75
201500056117,15,1,26,1155,1,2,1,1,2,75117,M,,,75
201500056118,15,1,27,900,1,2,1,1,2,75116,M,,,75
201500056119,15,1,28,910,1,2,1,1,2,75116,M,,,75
201500056120,15,1,28,945,1,2,1,1,2,75116,M,,,75
201500056121,15,1,29,825,2,2,1,1,4,75119,M,,,75
201500056122,15,1,29,845,1,2,4,1,3,75116,M,,,75
201500056123,15,1,30,915,1,2,1,2,2,75113,M,,,75
201500056124,15,1,30,1750,2,2,1,1,4,75120,M,,,75
201500056125,15,2,1,130,5,2,1,1,7,75117,M,,,75
201500056126,15,2,1,700,5,2,1,1,6,75113,M,,,75
201500056127,15,2,5,1755,2,2,1,1,6,75115,M,,,75
201500056128,15,2,6,250,5,2,1,1,6,75117,M,,,75
201500056129,15,2,6,920,1,2,1,1,2,75115,M,,,75
201500056130,15,2,6,1555,1,2,1,1,2,75117,M,,,75
201500056131,15,2,6,1530,1,2,1,1,3,75119,M,,,75
201500056132,15,2,7,1530,1,2,1,1,6,75116,M,,,75
201500056133,15,2,7,2100,3,2,1,1,4,75119,M,,,75
201500056134,15,2,8,1530,1,2,1,1,2,75118,M,,,75
201500056135,15,2,10,830,1,2,1,1,3,75116,M,,,75
201500056136,15,2,10,1600,1,2,1,1,4,75117,M,,,75
201500056137,15,2,11,650,5,2,1,1,3,75114,M,,,75
201500056138,15,2,11,820,1,2,1,1,3,75120,M,,,75
201500056139,15,2,12,815,1,2,1,1,2,75114,M,,,75
201500056140,15,2,12,1415,1,2,1,1,2,75120,M,,,75
201500056141,15,2,14,645,5,2,4,2,6,75116,M,,,75
201500056142,15,2,14,2050,5,2,1,2,4,75113,M,,,75
201500056143,15,2,17,130,5,2,1,1,3,75112,M,,,75
201500056144,15,2,17,1440,1,2,1,1,2,75118,M,,,75
201500056145,15,2,18,1020,1,2,4,1,6,75120,M,,,75
201500056146,15,2,18,1830,5,2,1,1,4,75114,M,,,75
201500056147,15,2,20,1730,1,2,1,3,4,75116,M,,,75
201500056148,15,2,21,1615,1,2,1,1,2,75113,M,,,75
201500056149,15,2,21,2045,5,2,4,2,3,75112,M,,,75
201500056150,15,2,22,508,5,2,1,9,3,75118,M,,,75
201500056151,15,2,22,1155,1,2,1,1,4,75114,M,,,75
201500056152,15,2,25,510,5,2,1,1,2,75112,M,,,75
201500056153,15,2,27,1830,2,2,1,1,3,75113,M,,,75
201500056154,15,3,1,240,5,2,1,2,6,75114,M,,,75
201500056155,15,3,1,1815,2,2,1,1,3,75113,M,,,75
201500056156,15,3,1,1950,5,2,1,2,3,75114,M,,,75
201500056157,15,3,2,845,1,2,1,1,2,75120,M,,,75
201500056158,15,3,2,905,1,2,1,1,4,75115,M,,,75
201500056159,15,3,2,1720,1,2,1,1,6,75118,M,,,75
201500056160,15,3,4,1030,1,2,1,1,6,75112,M,,,75
201500056161,15,3,6,845,1,2,1,1,6,75116,M,,,75
201500056162,15,3,6,1220,1,2,1,2,2,75118,M,,,75
201500056163,15,3,6,1500,1,2,1,1,4,75120,M,,,75
201500056164,15,3,7,140,5,2,1,1,2,75119,M,,,75
201500056165,15,3,7,1530,1,2,1,1,4,75114,M,,,75
201500056166,15,3,8,555,2,2,1,1,3,75116,M,,,75
201500056167,15,3,8,1435,1,2,1,1,4,75120,M,,,75
201500056168,15,3,8,1620,1,2,1,1,4,75116,M,,,75
201500056169,15,3,9,1225,1,2,1,1,6,75116,M,,,75
201500056170,15,3,10,620,5,2,4,1,4,75113,M,,,75
201500056171,15,3,10,1430,1,2,4,1,4,75115,M,,,75
201500056172,15,3,11,900,1,2,4,1,2,75117,M,,,75
201500056173,15,3,11,1900,5,2,1,1,3,75113,M,,,75
201500056174,15,3,12,1000,1,2,1,1,2,75115,M,,,75
201500056175,15,3,12,1305,1,2,1,1,6,75115,M,,,75
201500056176,15,3,13,1145,1,2,1,1,2,75115,M,,,75
201500056177,15,3,16,800,1,2,1,1,3,75118,M,,,75
201500056178,15,3,16,930,1,2,1,1,2,75116,M,,,75
201500056179,15,3,17,1725,1,2,1,1,2,75116,M,,,75
201500056180,15,3,17,1930,5,2,1,1,2,75114,M,,,75
201500056181,15,3,18,800,1,2,4,1,3,75116,M,,,75
201500056182,15,3,18,1425,1,2,4,1,2,75118,M,,,75
201500056183,15,3,19,1840,5,2,1,1,6,75113,M,,,75
201500056184,15,3,20,110,5,2,4,1,3,75117,M,,,75
201500056185,15,3,20,2000,5,2,1,1,3,75112,M,,,75
201500056186,15,3,22,130,5,2,1,1,6,75119,M,,,75
201500056187,15,3,23,855,1,2,1,1,3,75119,M,,,75
201500056188,15,3,24,1050,1,2,1,1,7,75117,M,,,75
201500056189,15,3,24,1620,1,2,4,2,6,75116,M,,,75
201500056190,15,3,25,1530,1,2,4,1,3,75118,M,,,75
201500056191,15,3,26,1325,1,2,1,1,7,75116,M,,,75
201500056192,15,3,27,1130,1,2,1,1,2,75113,M,,,75
201500056193,15,3,28,1235,1,2,4,1,6,75118,M,,,75
201500056194,15,3,28,1530,1,2,1,1,5,75118,M,,,75
201500056195,15,3,29,1640,1,2,4,2,6,75116,M,,,75
201500056196,15,3,31,905,1,2,1,2,7,75119,M,,,75
201500056197,15,3,31,1148,1,2,1,1,2,75114,M,,,75
201500056198,15,4,1,730,1,2,4,1,3,75114,M,,,75
201500056199,15,4,1,1900,1,2,1,1,4,75119,M,,,75
201500056200,15,4,1,1950,2,2,1,1,4,75120,M,,,75
201500056201,15,4,2,1,5,2,1,1,7,75116,M,,,75
201500056202,15,4,2,1220,1,2,1,2,2,75115,M,,,75
201500056203,15,4,3,1350,1,2,4,2,4,75113,M,,,75
201500056204,15,4,3,1845,1,2,1,3,2,75116,M,,,75
201500056205,15,4,7,1110,1,2,1,1,4,75114,M,,,75
201500056206,15,4,7,1015,1,2,1,1,2,75120,M,,,75
201500056207,15,4,7,1200,1,2,1,1,4,75114,M,,,75
201500056208,15,4,7,1445,1,2,4,1,4,75119,M,,,75
201500056209,15,4,8,945,1,2,1,1,3,75112,M,,,75
201500056210,15,4,8,1200,1,2,4,1,6,75116,M,,,75
201500056211,15,4,9,1000,1,2,1,1,6,75116,M,,,75
201500056212,15,4,9,910,1,2,1,1,3,75118,M,,,75
201500056213,15,4,10,850,1,2,1,1,3,75115,M,,,75
201500056214,15,4,11,2023,5,2,1,1,3,75117,M,,,75
201500056215,15,4,12,1510,1,2,1,1,2,75113,M,,,75
201500056216,15,4,12,1630,1,2,1,1,3,75114,M,,,75
201500056217,15,4,12,2010,2,2,4,1,2,75113,M,,,75
201500056218,15,4,13,2240,5,2,1,1,6,75118,M,,,75
201500056219,15,4,15,830,1,2,1,1,4,75113,M,,,75
201500056220,15,4,15,1345,1,2,1,1,3,75117,M,,,75
201500056221,15,4,16,920,1,2,1,1,3,75115,M,,,75
201500056222,15,4,16,1640,1,2,1,1,3,75116,M,,,75
201500056223,15,4,17,1320,1,2,1,1,3,75114,M,,,75
201500056224,15,4,17,1445,1,2,4,1,3,75112,M,,,75
201500056225,15,4,19,1845,1,2,1,1,4,75118,M,,,75
201500056226,15,4,20,145,5,2,1,1,6,75113,M,,,75
201500056227,15,4,20,1425,1,2,4,1,4,75119,M,,,75
201500056228,15,4,20,1450,1,2,1,1,6,75119,M,,,75
201500056229,15,4,22,850,1,2,1,1,6,75116,M,,,75
201500056230,15,4,23,830,1,2,1,1,4,75120,M,,,75
201500056231,15,4,23,1510,1,2,1,1,4,75114,M,,,75
201500056232,15,4,23,1625,1,2,1,1,4,75117,M,,,75
201500056233,15,4,24,1155,1,2,1,1,6,75117,M,,,75
201500056234,15,4,24,900,1,2,1,1,4,75117,M,,,75
201500056235,15,4,24,1815,1,2,4,1,3,75113,M,,,75
201500056236,15,4,26,415,5,2,1,1,6,75113,M,,,75
201500056237,15,4,26,1100,1,2,1,1,4,75113,M,,,75
201500056238,15,4,26,2115,5,2,1,2,4,75114,M,,,75
201500056239,15,4,28,910,1,2,1,1,4,75117,M,,,75
201500056240,15,4,28,1120,1,2,4,1,4,75116,M,,,75
201500056241,15,4,29,1410,1,2,1,1,3,75120,M,,,75
201500056242,15,4,29,1900,1,2,1,1,4,75112,M,,,75
201500056243,15,4,30,1345,1,2,1,2,3,75113,M,,,75
201500056244,15,4,30,1545,1,2,1,2,3,75120,M,,,75
201500056245,15,4,30,1800,1,2,1,2,3,75112,M,,,75
201500056246,15,5,1,930,1,2,1,2,3,75118,M,,,75
201500056247,15,5,1,1735,1,2,1,2,6,75112,M,,,75
201500056248,15,5,2,1015,1,2,1,1,2,75120,M,,,75
201500056249,15,5,2,1945,2,2,1,2,6,75118,M,,,75
201500056250,15,5,3,1350,1,2,1,2,6,75120,M,,,75
201500056251,15,5,4,1515,1,2,4,1,2,75114,M,,,75
201500056252,15,5,4,1,5,1,4,2,6,75120,M,,,75
201500056253,15,5,5,825,1,2,1,1,3,75113,M,,,75
201500056254,15,5,6,825,1,2,1,1,3,75118,M,,,75
201500056255,15,5,9,1200,1,1,1,1,4,75114,M,,,75
201500056256,15,5,7,1345,1,2,1,1,3,75116,M,,,75
201500056257,15,5,7,1450,1,2,1,1,4,75116,M,,,75
201500056258,15,5,7,1935,1,2,1,1,3,75117,M,,,75
201500056259,15,5,9,1325,1,2,1,1,4,75119,M,,,75
201500056260,15,5,11,1145,1,2,4,1,3,75116,M,,,75
201500056261,15,5,12,755,1,2,1,1,6,75114,M,,,75
201500056262,15,5,12,2040,2,2,4,1,3,75119,M,,,75
201500056263,15,5,13,1520,1,2,1,1,4,75118,M,,,75
201500056264,15,5,18,900,1,2,1,1,2,75119,M,,,75
201500056265,15,5,21,755,1,2,4,1,3,75120,M,,,75
201500056266,15,5,21,1155,1,2,1,1,2,75116,M,,,75
201500056267,15,5,21,1750,1,2,1,1,4,75120,M,,,75
201500056268,15,5,21,2045,1,2,1,1,3,75114,M,,,75
201500056269,15,5,23,1925,1,2,1,1,2,75119,M,,,75
201500056270,15,5,24,1540,1,2,1,1,2,75112,M,,,75
201500056271,15,5,26,1105,1,2,1,1,2,75119,M,,,75
201500056272,15,5,26,1710,1,2,1,1,6,75114,M,,,75
201500056273,15,5,26,2243,5,2,1,1,4,75114,M,,,75
201500056274,15,5,27,1125,1,2,1,1,3,75116,M,,,75
201500056275,15,5,28,1025,1,2,1,1,6,75112,M,,,75
201500056276,15,5,28,1925,2,2,1,1,3,75117,M,,,75
201500056277,15,5,29,820,1,2,1,2,7,75119,M,,,75
201500056278,15,5,29,1340,1,2,1,1,2,75113,M,,,75
201500056279,15,5,30,740,1,2,4,1,6,75117,M,,,75
201500056280,15,5,30,825,1,2,1,1,2,75117,M,,,75
201500056281,15,5,30,1605,1,2,1,1,2,75114,M,,,75
201500056282,15,5,30,2030,1,2,1,1,4,75114,M,,,75
201500056283,15,6,1,1800,1,2,1,1,7,75119,M,,,75
201500056284,15,6,2,1150,1,2,1,1,2,75116,M,,,75
201500056285,15,6,2,1630,1,2,1,1,4,75119,M,,,75
201500056286,15,6,3,940,1,2,4,1,2,75118,M,,,75
201500056287,15,6,3,1210,1,2,4,1,2,75119,M,,,75
201500056288,15,6,3,1315,1,2,1,1,6,75117,M,,,75
201500056289,15,6,4,845,1,2,1,1,3,75116,M,,,75
201500056290,15,6,5,1545,1,2,4,1,3,75120,M,,,75
201500056291,15,6,6,2348,5,2,1,1,2,75116,M,,,75
201500056292,15,6,7,1940,1,2,1,1,3,75118,M,,,75
201500056293,15,6,8,915,1,2,1,1,3,75120,M,,,75
201500056294,15,6,9,1530,1,2,1,1,5,75119,M,,,75
201500056295,15,6,10,1315,1,2,1,1,4,75120,M,,,75
201500056296,15,6,10,1730,1,2,1,1,4,75116,M,,,75
201500056297,15,6,10,2235,5,2,1,1,7,75113,M,,,75
201500056298,15,6,11,930,1,2,4,1,3,75117,M,,,75
201500056299,15,6,11,1900,1,2,1,1,3,75120,M,,,75
201500056300,15,6,12,845,1,2,1,1,2,75113,M,,,75
201500056301,15,6,12,1750,1,2,1,1,4,75113,M,,,75
201500056302,15,6,12,1950,1,2,1,1,2,75113,M,,,75
201500056303,15,6,13,1440,1,2,1,1,6,75115,M,,,75
201500056304,15,6,15,615,1,2,1,1,6,75119,M,,,75
201500056305,15,6,15,2320,5,2,1,1,3,75120,M,,,75
201500056306,15,6,16,840,1,2,4,1,3,75113,M,,,75
201500056307,15,6,16,1445,1,2,1,1,3,75116,M,,,75
201500056308,15,6,17,815,1,2,1,1,3,75120,M,,,75
201500056309,15,6,17,900,1,2,1,1,2,75117,M,,,75
201500056310,15,6,17,1405,1,2,1,1,2,75112,M,,,75
201500056311,15,6,17,1416,1,2,1,1,2,75116,M,,,75
201500056312,15,6,17,1630,1,2,4,1,4,75120,M,,,75
201500056313,15,6,18,820,1,2,1,1,2,75117,M,,,75
201500056314,15,6,18,850,1,2,1,1,2,75112,M,,,75
201500056315,15,6,18,1050,1,2,1,1,4,75118,M,,,75
201500056316,15,6,18,1600,1,2,1,1,3,75116,M,,,75
201500056317,15,6,18,1720,1,2,1,1,2,75116,M,,,75
201500056318,15,6,18,1400,1,2,1,2,3,75116,M,,,75
201500056319,15,6,19,1630,1,2,1,1,4,75119,M,,,75
201500056320,15,6,19,1830,1,2,1,1,4,75113,M,,,75
201500056321,15,6,20,1520,1,2,1,1,3,75113,M,,,75
201500056322,15,6,22,1000,1,2,1,1,3,75116,M,,,75
201500056323,15,6,23,1015,1,2,1,1,2,75116,M,,,75
201500056324,15,6,23,925,1,2,1,1,3,75116,M,,,75
201500056325,15,6,23,2320,5,2,1,1,2,75114,M,,,75
201500056326,15,6,24,850,1,2,1,1,6,75114,M,,,75
201500056327,15,6,24,1215,1,2,1,1,2,75113,M,,,75
201500056328,15,6,25,1400,1,2,4,1,6,75115,M,,,75
201500056329,15,6,26,1035,1,2,1,1,3,75113,M,,,75
201500056330,15,6,26,1425,1,2,1,1,3,75116,M,,,75
201500056331,15,6,27,1700,1,2,1,1,4,75112,M,,,75
201500056332,15,6,28,1105,1,2,1,1,7,75119,M,,,75
201500056333,15,6,28,1720,1,2,1,1,5,75117,M,,,75
201500056334,15,6,29,1620,1,2,1,1,2,75119,M,,,75
201500056335,15,6,29,1750,1,2,1,1,4,75116,M,,,75
201500056336,15,6,29,2340,5,2,1,1,5,75119,M,,,75
201500056337,15,6,30,915,1,2,1,1,2,75118,M,,,75
201500056338,15,7,17,935,1,2,1,1,3,75120,M,,,75
201500056339,15,8,26,1640,1,2,1,1,4,75114,M,,,75
201500056340,15,7,1,1420,1,2,1,1,6,75118,M,,,75
201500056341,15,7,2,1200,1,2,1,1,2,75120,M,,,75
201500056342,15,7,3,910,1,2,1,1,2,75112,M,,,75
201500056343,15,7,3,1330,1,2,1,1,2,75112,M,,,75
201500056344,15,7,3,1925,1,2,1,1,3,75113,M,,,75
201500056345,15,7,4,1700,1,2,1,1,4,75116,M,,,75
201500056346,15,7,5,640,1,2,1,1,6,75113,M,,,75
201500056347,15,7,5,1915,1,2,1,1,7,75119,M,,,75
201500056348,15,7,6,850,1,2,1,1,3,75120,M,,,75
201500056349,15,7,6,1700,1,2,1,1,3,75114,M,,,75
201500056350,15,7,6,2255,5,2,1,1,6,75113,M,,,75
201500056351,15,7,7,1340,1,2,1,1,3,75116,M,,,75
201500056352,15,7,7,1340,1,2,1,1,4,75113,M,,,75
201500056353,15,7,7,1520,1,2,1,1,6,75115,M,,,75
201500056354,15,7,8,850,1,2,1,1,3,75120,M,,,75
201500056355,15,7,8,1710,1,2,1,1,3,75116,M,,,75
201500056356,15,7,8,1840,1,2,4,1,3,75117,M,,,75
201500056357,15,7,9,1650,1,2,1,1,2,75114,M,,,75
201500056358,15,7,9,1610,1,2,1,1,3,75117,M,,,75
201500056359,15,7,9,1245,1,2,1,1,4,75120,M,,,75
201500056360,15,7,10,930,1,2,1,1,3,75113,M,,,75
201500056361,15,7,10,1800,1,2,1,1,2,75119,M,,,75
201500056362,15,7,10,920,1,2,4,1,3,75113,M,,,75
201500056363,15,7,11,1510,1,2,1,1,2,75113,M,,,75
201500056364,15,7,13,1250,1,2,4,1,2,75119,M,,,75
201500056365,15,7,13,1820,1,2,1,1,4,75118,M,,,75
201500056366,15,7,14,1245,1,2,1,1,2,75114,M,,,75
201500056367,15,7,15,1030,1,2,1,1,2,75113,M,,,75
201500056368,15,7,15,1550,1,2,1,1,2,75117,M,,,75
201500056369,15,7,17,157,5,2,1,1,2,75119,M,,,75
201500056370,15,7,17,50,5,2,1,1,2,75118,M,,,75
201500056371,15,7,17,1810,1,2,1,1,7,75114,M,,,75
201500056372,15,7,18,700,1,2,1,1,6,75112,M,,,75
201500056373,15,7,19,920,1,2,1,1,3,75116,M,,,75
201500056374,15,7,20,700,1,2,1,8,6,75113,M,,,75
201500056375,15,7,20,1630,1,2,1,1,6,75116,M,,,75
201500056376,15,7,21,1000,1,2,1,1,3,75120,M,,,75
201500056377,15,7,21,1155,1,2,1,1,4,75116,M,,,75
201500056378,15,7,24,615,1,2,4,1,3,75119,M,,,75
201500056379,15,7,24,1225,1,2,1,1,6,75112,M,,,75
201500056380,15,7,25,1500,1,2,1,1,4,75115,M,,,75
201500056381,15,7,27,830,1,2,1,2,3,75116,M,,,75
201500056382,15,7,28,845,1,2,1,1,4,75112,M,,,75
201500056383,15,7,29,900,1,2,1,1,2,75118,M,,,75
201500056384,15,7,30,815,1,2,1,1,3,75117,M,,,75
201500056385,15,7,30,1145,1,2,1,1,6,75120,M,,,75
201500056386,15,7,31,1350,1,2,1,1,3,75116,M,,,75
201500056387,15,7,31,1515,1,2,1,1,4,75118,M,,,75
201500056388,15,7,31,2000,2,2,1,1,2,75116,M,,,75
201500056389,15,8,1,655,1,2,1,1,6,75116,M,,,75
201500056390,15,8,2,745,1,2,1,1,7,75115,M,,,75
201500056391,15,8,2,1815,1,2,1,1,4,75117,M,,,75
201500056392,15,8,3,1645,1,2,1,1,2,75112,M,,,75
201500056393,15,8,4,1110,1,2,1,1,6,75112,M,,,75
201500056394,15,8,4,1305,1,2,1,1,7,75118,M,,,75
201500056395,15,8,4,1800,1,2,1,1,7,75112,M,,,75
201500056396,15,8,5,1620,1,2,1,1,3,75116,M,,,75
201500056397,15,8,5,1720,1,2,4,1,6,75118,M,,,75
201500056398,15,8,8,730,1,2,1,1,6,75112,M,,,75
201500056399,15,8,8,1645,1,2,1,1,2,75118,M,,,75
201500056400,15,8,10,1800,1,2,1,1,3,75112,M,,,75
201500056401,15,8,12,1700,1,2,4,1,6,75114,M,,,75
201500056402,15,8,14,1620,1,2,1,1,2,75120,M,,,75
201500056403,15,8,14,1850,2,2,1,2,6,75118,M,,,75
201500056404,15,8,15,10,5,2,4,2,6,75112,M,,,75
201500056405,15,8,17,1715,1,2,1,1,4,75116,M,,,75
201500056406,15,8,18,1000,1,2,1,1,4,75112,M,,,75
201500056407,15,8,20,750,1,2,1,2,4,75112,M,,,75
201500056408,15,8,20,1135,1,2,4,2,3,75118,M,,,75
201500056409,15,8,21,835,1,2,1,1,4,75118,M,,,75
201500056410,15,8,21,830,1,2,1,1,2,75114,M,,,75
201500056411,15,8,22,125,5,2,1,1,7,75112,M,,,75
201500056412,15,8,22,1335,1,2,1,1,4,75112,M,,,75
201500056413,15,8,26,755,1,2,1,1,4,75114,M,,,75
201500056414,15,8,26,645,5,2,4,1,4,75112,M,,,75
201500056415,15,8,26,1115,1,2,1,1,4,75112,M,,,75
201500056416,15,8,26,930,1,2,1,1,2,75117,M,,,75
201500056417,15,8,26,1515,1,2,4,1,6,75112,M,,,75
201500056418,15,8,26,1825,1,2,1,1,3,75113,M,,,75
201500056419,15,8,26,1640,1,2,1,1,4,75114,M,,,75
201500056420,15,8,27,1745,1,2,1,2,7,75113,M,,,75
201500056421,15,8,28,925,1,2,1,1,3,75113,M,,,75
201500056422,15,8,28,1515,1,2,1,1,6,75112,M,,,75
201500056423,15,8,28,1630,1,2,1,1,2,75112,M,,,75
201500056424,15,8,28,2215,5,2,1,1,7,75119,M,,,75
201500056425,15,8,30,2115,5,2,1,1,4,75114,M,,,75
201500056426,15,9,1,1820,1,2,1,1,4,75114,M,,,75
201500056427,15,9,3,1250,1,2,1,1,7,75115,M,,,75
201500056428,15,9,3,1900,1,2,1,1,7,75116,M,,,75
201500056429,15,9,4,620,1,2,1,1,6,75120,M,,,75
201500056430,15,9,4,840,1,2,1,1,6,75115,M,,,75
201500056431,15,9,5,135,5,2,1,1,2,75120,M,,,75
201500056432,15,9,5,2320,5,2,1,1,6,75118,M,,,75
201500056433,15,9,6,900,1,2,1,1,6,75115,M,,,75
201500056434,15,9,6,2050,5,2,4,1,6,75118,M,,,75
201500056435,15,9,7,905,1,2,1,1,3,75120,M,,,75
201500056436,15,9,7,1140,1,2,1,1,4,75112,M,,,75
201500056437,15,9,8,1700,1,2,1,1,4,75120,M,,,75
201500056438,15,9,9,408,5,2,1,1,3,75114,M,,,75
201500056439,15,9,9,805,1,2,1,1,3,75116,M,,,75
201500056440,15,9,9,1730,1,2,1,1,3,75112,M,,,75
201500056441,15,9,10,855,1,2,1,1,6,75116,M,,,75
201500056442,15,9,10,850,1,2,1,1,4,75116,M,,,75
201500056443,15,9,10,1840,1,2,1,1,4,75112,M,,,75
201500056444,15,9,11,50,5,2,4,1,7,75119,M,,,75
201500056445,15,9,11,930,1,2,1,1,3,75117,M,,,75
201500056446,15,9,11,1940,5,2,1,1,3,75117,M,,,75
201500056447,15,9,12,2025,5,2,1,1,3,75115,M,,,75
201500056448,15,9,13,1245,1,2,1,3,7,75117,M,,,75
201500056449,15,9,14,150,5,2,1,1,1,75116,M,,,75
201500056450,15,9,14,850,1,2,1,2,2,75120,M,,,75
201500056451,15,9,14,840,1,2,1,2,3,75116,M,,,75
201500056452,15,9,14,1755,1,2,1,1,4,75114,M,,,75
201500056453,15,9,15,1610,1,2,1,1,4,75116,M,,,75
201500056454,15,9,15,1436,1,2,1,1,3,75120,M,,,75
201500056455,15,9,16,930,1,2,1,2,7,75113,M,,,75
201500056456,15,9,16,810,1,2,1,2,7,75117,M,,,75
201500056457,15,9,16,845,1,2,1,2,3,75117,M,,,75
201500056458,15,9,17,835,1,2,1,1,3,75120,M,,,75
201500056459,15,9,17,900,1,2,4,8,3,75118,M,,,75
201500056460,15,9,17,1830,1,2,1,1,6,75116,M,,,75
201500056461,15,9,18,1430,1,2,1,1,2,75117,M,,,75
201500056462,15,9,18,1745,1,2,1,8,2,75116,M,,,75
201500056463,15,9,18,2130,5,2,1,1,6,75119,M,,,75
201500056464,15,9,19,1710,1,2,1,1,2,75113,M,,,75
201500056465,15,9,19,2020,5,2,1,1,6,75112,M,,,75
201500056466,15,9,19,2020,5,2,4,1,6,75112,M,,,75
201500056467,15,9,20,620,2,2,4,1,3,75114,M,,,75
201500056468,15,9,20,1943,1,2,1,1,7,75120,M,,,75
201500056469,15,9,21,1010,1,2,4,1,3,75113,M,,,75
201500056470,15,9,22,900,1,2,1,8,2,75116,M,,,75
201500056471,15,9,22,1240,1,2,1,2,7,75116,M,,,75
201500056472,15,9,22,1750,1,2,1,1,3,75113,M,,,75
201500056473,15,9,24,1550,1,2,1,1,6,75120,M,,,75
201500056474,15,9,25,1600,1,2,1,1,4,75116,M,,,75
201500056475,15,9,26,1525,1,2,1,1,2,75112,M,,,75
201500056476,15,9,27,1345,1,2,1,1,5,75112,M,,,75
201500056477,15,9,25,1200,1,2,1,1,3,75112,M,,,75
201500056478,15,9,29,1350,1,2,1,1,6,75117,M,,,75
201500056479,15,9,29,1530,1,2,1,1,7,75114,M,,,75
201500056480,15,9,29,1515,1,2,1,1,2,75115,M,,,75
201500056481,15,9,29,2115,5,2,1,1,4,75120,M,,,75
201500056482,15,10,1,720,2,2,1,1,7,75113,M,,,75
201500056483,15,10,1,1335,1,2,1,1,7,75117,M,,,75
201500056484,15,10,1,1535,1,2,1,1,2,75114,M,,,75
201500056485,15,10,1,1650,1,2,1,1,3,75120,M,,,75
201500056486,15,10,1,1810,1,2,1,1,7,75115,M,,,75
201500056487,15,10,2,830,1,2,1,1,4,75118,M,,,75
201500056488,15,10,2,1700,1,2,4,1,6,75113,M,,,75
201500056489,15,10,2,2030,5,2,1,1,4,75119,M,,,75
201500056490,15,10,2,2230,5,2,1,1,3,75119,M,,,75
201500056491,15,10,3,1610,1,2,1,1,2,75113,M,,,75
201500056492,15,10,3,2345,5,2,1,1,5,75117,M,,,75
201500056493,15,10,5,720,2,2,4,1,4,75118,M,,,75
201500056494,15,10,5,1900,2,2,1,2,4,75120,M,,,75