Num_Acc,an,mois,jour,hrmn,lum,agg,int,atm,col,com,gps,lat,long,dep
201500056495,15,10,6,950,1,2,1,2,7,75117,M,,,75
201500056496,15,10,6,1400,1,2,1,2,7,75117,M,,,75
201500056497,15,10,6,1845,1,2,1,1,4,75119,M,,,75
201500056498,15,10,8,825,1,2,1,1,2,75114,M,,,75
201500056499,15,10,8,820,1,2,1,1,2,75114,M,,,75
201500056500,15,10,8,2010,5,2,1,1,4,75119,M,,,75
201500056501,15,10,9,1715,1,2,1,1,3,75116,M,,,75
201500056502,15,10,10,730,2,2,1,1,7,75112,M,,,75
201500056503,15,10,11,1455,1,2,1,1,2,75116,M,,,75
201500056504,15,10,12,1020,1,2,1,1,4,75113,M,,,75
201500056505,15,10,12,915,1,2,1,1,3,75116,M,,,75
201500056506,15,10,12,1235,1,2,1,1,3,75116,M,,,75
201500056507,15,10,12,1740,1,2,1,1,2,75115,M,,,75
201500056508,15,10,13,645,5,2,1,1,4,75117,M,,,75
201500056509,15,10,13,1640,1,2,1,1,3,75120,M,,,75
201500056510,15,10,14,1710,1,2,1,8,2,75120,M,,,75
201500056511,15,10,14,2200,5,2,1,2,6,75120,M,,,75
201500056512,15,10,15,1615,1,2,1,1,7,75120,M,,,75
201500056513,15,10,16,910,1,2,1,2,4,75120,M,,,75
201500056514,15,10,19,2250,5,2,4,1,4,75113,M,,,75
201500056515,15,10,20,645,5,2,4,1,6,75116,M,,,75
201500056516,15,10,21,1610,1,2,1,1,3,75120,M,,,75
201500056517,15,10,21,2200,5,2,1,1,4,75116,M,,,75
201500056518,15,10,22,610,5,2,1,2,6,75119,M,,,75
201500056519,15,10,22,820,1,2,1,2,4,75119,M,,,75
201500056520,15,10,22,1120,1,2,1,1,3,75119,M,,,75
201500056521,15,10,22,1840,2,2,1,2,2,75116,M,,,75
201500056522,15,10,25,2000,5,2,1,1,3,75118,M,,,75
201500056523,15,10,27,1500,1,2,1,1,3,75116,M,,,75
201500056524,15,10,27,1500,1,2,1,1,2,75117,M,,,75
201500056525,15,10,27,1750,5,2,1,1,4,75112,M,,,75
201500056526,15,10,30,1240,1,2,1,1,2,75116,M,,,75
201500056527,15,10,30,1000,1,2,4,1,3,75117,M,,,75
201500056528,15,10,30,1550,1,2,1,1,2,75116,M,,,75
201500056529,15,10,31,1150,1,2,1,1,4,75116,M,,,75
201500056530,15,10,31,1910,1,2,1,1,6,75117,M,,,75
201500056531,15,11,1,455,5,2,1,6,2,75112,M,,,75
201500056532,15,11,2,820,1,2,1,1,6,75119,M,,,75
201500056533,15,11,3,1220,1,2,4,1,7,75112,M,,,75
201500056534,15,11,4,830,1,2,1,2,3,75117,M,,,75
201500056535,15,11,5,1020,1,2,1,1,5,75112,M,,,75
201500056536,15,11,5,1450,1,2,1,1,7,75117,M,,,75
201500056537,15,11,6,805,1,2,1,1,3,75114,M,,,75
201500056538,15,11,6,1320,1,2,1,1,3,75114,M,,,75
201500056539,15,11,7,120,5,2,4,1,4,75120,M,,,75
201500056540,15,11,9,815,1,2,1,1,6,75112,M,,,75
201500056541,15,11,10,635,2,2,1,1,6,75117,M,,,75
201500056542,15,11,13,1130,1,2,1,2,2,75117,M,,,75
201500056543,15,11,14,1300,1,2,1,1,4,75120,M,,,75
201500056544,15,11,15,1605,1,2,1,1,4,75116,M,,,75
201500056545,15,11,18,2325,5,2,1,1,6,75115,M,,,75
201500056546,15,11,19,650,5,2,1,1,4,75112,M,,,75
201500056547,15,11,19,1100,1,2,4,2,4,75116,M,,,75
201500056548,15,11,20,920,1,2,1,3,3,75112,M,,,75
201500056549,15,11,20,1245,1,2,1,1,2,75120,M,,,75
201500056550,15,11,21,1400,1,2,1,2,3,75114,M,,,75
201500056551,15,11,21,1715,1,2,1,2,7,75120,M,,,75
201500056552,15,11,23,1630,1,2,1,1,2,75118,M,,,75
201500056553,15,11,23,1745,2,2,1,1,2,75112,M,,,75
201500056554,15,11,23,2015,5,2,7,1,6,75120,M,,,75
201500056555,15,11,24,1215,1,2,1,2,2,75117,M,,,75
201500056556,15,11,24,1815,1,2,1,1,3,75113,M,,,75
201500056557,15,11,24,1825,5,2,1,2,3,75119,M,,,75
201500056558,15,11,25,1015,1,2,1,4,5,75113,M,,,75
201500056559,15,11,25,1115,1,2,1,4,4,75112,M,,,75
201500056560,15,11,26,1300,1,2,1,1,5,75112,M,,,75
201500056561,15,11,26,1740,2,2,1,1,2,75118,M,,,75
201500056562,15,11,26,1930,5,2,1,1,4,75114,M,,,75
201500056563,15,11,26,2050,5,2,1,1,2,75117,M,,,75
201500056564,15,11,27,1300,1,2,4,1,4,75117,M,,,75
201500056565,15,11,30,215,5,2,1,1,6,75120,M,,,75
201500056566,15,12,1,1525,1,2,1,1,2,75117,M,,,75
201500056567,15,12,2,1550,1,2,1,1,3,75118,M,,,75
201500056568,15,12,3,730,2,2,1,1,3,75117,M,,,75
201500056569,15,12,3,1800,2,2,1,1,2,75118,M,,,75
201500056570,15,12,4,945,1,2,1,1,3,75118,M,,,75
201500056571,15,12,4,1415,1,2,1,1,4,75117,M,,,75
201500056572,15,12,4,1810,2,2,1,1,2,75114,M,,,75
201500056573,15,12,4,2030,5,2,1,1,4,75117,M,,,75
201500056574,15,12,5,1940,5,2,1,1,4,75120,M,,,75
201500056575,15,12,6,850,1,2,1,1,2,75120,M,,,75
201500056576,15,12,6,1110,1,2,1,1,2,75116,M,,,75
201500056577,15,12,6,1745,5,2,1,1,2,75116,M,,,75
201500056578,15,12,10,1720,5,2,1,1,6,75115,M,,,75
201500056579,15,12,11,615,5,2,1,1,3,75114,M,,,75
201500056580,15,12,11,1200,1,2,1,1,2,75112,M,,,75
201500056581,15,12,11,1345,1,2,1,1,2,75112,M,,,75
201500056582,15,12,11,1630,2,2,1,1,4,75116,M,,,75
201500056583,15,12,13,415,5,2,1,1,2,75115,M,,,75
201500056584,15,12,14,550,5,2,1,1,6,75119,M,,,75
201500056585,15,12,14,705,5,2,1,1,3,75120,M,,,75
201500056586,15,12,14,1730,5,2,1,1,3,75112,M,,,75
201500056587,15,12,14,1620,1,2,1,1,3,75117,M,,,75
201500056588,15,12,14,1510,1,2,1,1,3,75116,M,,,75
201500056589,15,12,17,1750,1,2,1,1,6,75116,M,,,75
201500056590,15,12,18,1240,1,2,1,1,4,75116,M,,,75
201500056591,15,12,18,1755,1,2,1,1,3,75117,M,,,75
201500056592,15,12,19,320,5,2,1,1,6,75119,M,,,75
201500056593,15,12,19,1050,1,2,1,1,2,75113,M,,,75
201500056594,15,12,19,2010,5,2,1,1,6,75118,M,,,75
201500056595,15,12,20,1920,1,2,1,1,4,75119,M,,,75
201500056596,15,12,21,1240,1,2,1,1,4,75119,M,,,75
201500056597,15,12,25,951,1,2,1,1,6,75116,M,,,75
201500056598,15,12,26,2030,5,2,1,1,6,75117,M,,,75
201500056599,15,12,28,1645,2,2,4,1,2,75119,M,,,75
201500056600,15,12,28,2100,3,2,1,2,7,75120,M,,,75
201500056601,15,12,30,1740,1,2,1,1,3,75115,M,,,75
201500056602,15,12,30,1910,5,2,1,1,4,75112,M,,,75
201500056603,15,12,31,2130,5,2,1,1,6,75113,M,,,75
201500056604,15,7,30,500,2,1,1,2,6,97229,A,0.0,0.0,972
201500056605,15,8,11,1745,1,2,1,1,6,97229,A,0.0,0.0,972
201500056606,15,10,11,1330,1,2,1,1,1,97229,A,0.0,0.0,972
201500056607,15,10,30,30,3,1,1,2,6,97229,A,0.0,0.0,972
201500056608,15,11,9,100,3,1,1,2,7,97205,A,0.0,0.0,972
201500056609,15,3,14,1115,1,1,1,1,6,97224,A,0.0,0.0,972
201500056610,15,3,27,2300,5,1,1,1,6,97224,A,0.0,0.0,972
201500056611,15,4,7,1745,1,1,1,1,1,97224,A,0.0,0.0,972
201500056612,15,8,31,1845,4,1,2,9,3,97224,A,0.0,0.0,972
201500056613,15,2,16,1700,1,2,1,1,6,97219,A,0.0,0.0,972
201500056614,15,3,23,900,1,1,1,1,6,97225,A,0.0,0.0,972
201500056615,15,4,12,1445,1,2,3,1,1,97219,A,0.0,0.0,972
201500056616,15,6,19,2200,3,2,1,1,3,97225,A,0.0,0.0,972
201500056617,15,8,5,2045,3,1,1,1,3,97204,A,0.0,0.0,972
201500056618,15,8,14,1730,1,1,1,1,3,97225,A,0.0,0.0,972
201500056619,15,10,31,1945,3,2,1,1,6,97225,A,0.0,0.0,972
201500056620,15,2,1,1030,1,1,1,1,2,97210,A,0.0,0.0,972
201500056621,15,5,25,2030,3,1,1,1,1,97210,A,0.0,0.0,972
201500056622,15,5,25,1800,1,1,1,1,7,97232,A,0.0,0.0,972
201500056623,15,6,3,2330,3,1,1,1,1,97232,A,0.0,0.0,972
201500056624,15,7,25,530,2,1,1,2,1,97232,A,0.0,0.0,972
201500056625,15,8,2,945,1,2,1,1,6,97232,A,0.0,0.0,972
201500056626,15,8,19,2100,3,1,1,1,1,97232,A,0.0,0.0,972
201500056627,15,11,11,1600,1,1,1,1,5,97210,A,0.0,0.0,972
201500056628,15,11,29,230,5,1,1,1,1,97210,A,0.0,0.0,972
201500056629,15,3,5,1230,1,1,1,1,1,97207,A,0.0,0.0,972
201500056630,15,6,18,1430,1,1,1,1,3,97207,A,0.0,0.0,972
201500056631,15,11,14,415,3,1,1,2,6,97207,A,0.0,0.0,972
201500056632,15,12,12,1700,1,2,1,2,6,97207,A,0.0,0.0,972
201500056633,15,1,11,130,3,1,1,1,1,97217,A,0.0,0.0,972
201500056634,15,3,8,1830,3,1,1,1,1,97227,A,0.0,0.0,972
201500056635,15,5,11,15,3,1,1,1,1,97217,A,0.0,0.0,972
201500056636,15,6,1,1145,1,1,1,1,7,97226,A,0.0,0.0,972
201500056637,15,7,30,800,1,1,1,3,5,97227,A,0.0,0.0,972
201500056638,15,9,30,2330,3,1,1,1,7,97217,A,0.0,0.0,972
201500056639,15,10,18,2315,3,2,1,1,6,97227,A,0.0,0.0,972
201500056640,15,12,27,2130,3,1,1,1,6,97227,A,0.0,0.0,972
201500056641,15,8,7,930,1,2,1,1,1,97230,A,0.0,0.0,972
201500056642,15,9,26,1345,1,2,1,1,1,97230,A,0.0,0.0,972
201500056643,15,10,9,1830,4,1,1,1,3,97230,A,0.0,0.0,972
201500056644,15,10,27,1145,1,1,1,2,3,97230,A,0.0,0.0,972
201500056645,15,12,18,1245,1,1,1,1,1,97230,A,0.0,0.0,972
201500056646,15,12,29,1915,5,1,1,1,1,97230,A,0.0,0.0,972
201500056647,15,1,20,1700,1,2,1,1,1,97228,A,0.0,0.0,972
201500056648,15,1,29,1815,1,1,1,1,1,97228,A,0.0,0.0,972
201500056649,15,2,16,545,2,2,1,1,6,97228,A,0.0,0.0,972
201500056650,15,4,22,1430,1,1,1,1,7,97228,A,0.0,0.0,972
201500056651,15,4,24,1815,1,1,1,1,1,97228,A,0.0,0.0,972
201500056652,15,6,1,2330,5,2,1,1,6,97228,A,0.0,0.0,972
201500056653,15,6,4,1030,1,1,1,1,1,97228,A,0.0,0.0,972
201500056654,15,7,13,1900,5,1,1,1,3,97228,A,0.0,0.0,972
201500056655,15,9,4,1600,1,2,1,1,1,97228,A,0.0,0.0,972
201500056656,15,10,9,1900,3,1,1,1,1,97228,A,0.0,0.0,972
201500056657,15,9,14,1615,1,1,1,3,1,97203,A,0.0,0.0,972
201500056658,15,11,15,315,5,2,1,8,6,97216,A,0.0,0.0,972
201500056659,15,3,24,1500,1,2,1,1,3,97124,A,0.0,0.0,971
201500056660,15,4,2,1845,4,1,9,8,1,97124,A,0.0,0.0,971
201500056661,15,4,29,1030,1,2,1,1,6,97104,A,0.0,0.0,971
201500056662,15,8,15,200,5,2,1,1,6,97104,A,,,971
201500056663,15,1,27,1645,1,1,1,1,6,97134,A,0.0,0.0,971
201500056664,15,3,28,2145,3,1,1,1,6,97134,A,0.0,0.0,971
201500056665,15,5,19,1345,1,1,1,1,7,97134,A,0.0,0.0,971
201500056666,15,6,22,800,1,1,1,3,1,97134,A,0.0,0.0,971
201500056667,15,7,14,1315,1,1,1,1,7,97134,A,0.0,0.0,971
201500056668,15,7,31,1730,1,2,1,1,6,97134,A,0.0,0.0,971
201500056669,15,5,22,2015,5,2,1,1,1,97106,A,0.0,0.0,971
201500056670,15,8,8,1445,1,2,1,1,1,97106,A,0.0,0.0,971
201500056671,15,9,25,2115,4,2,1,1,7,97106,A,0.0,0.0,971
201500056672,15,5,20,1900,3,1,1,1,5,97121,A,0.0,0.0,971
201500056673,15,11,16,1730,1,1,2,1,1,97121,A,0.0,0.0,971
201500056674,15,12,4,1600,2,2,1,3,3,97121,A,0.0,0.0,971
201500056675,15,12,22,1700,1,2,1,1,1,97121,A,0.0,0.0,971
201500056676,15,3,6,1330,1,1,1,1,1,97111,A,0.0,0.0,971
201500056677,15,8,31,1745,1,1,1,8,7,97111,A,0.0,0.0,971
201500056678,15,11,11,1215,1,1,1,1,3,97111,A,0.0,0.0,971
201500056679,15,2,2,845,1,1,1,3,1,97132,A,0.0,0.0,971
201500056680,15,3,14,1845,3,2,1,1,6,97132,A,0.0,0.0,971
201500056681,15,4,27,1215,1,1,1,1,6,97109,A,0.0,0.0,971
201500056682,15,6,24,2315,3,2,1,1,7,97132,A,0.0,0.0,971
201500056683,15,10,1,1215,1,1,1,1,4,97109,A,0.0,0.0,971
201500056684,15,12,26,1230,1,1,1,1,3,97132,A,0.0,0.0,971
201500056685,15,1,10,1630,1,1,1,1,3,97114,A,0.0,0.0,971
201500056686,15,1,23,1600,5,2,1,1,3,97107,A,0.0,0.0,971
201500056687,15,2,17,1430,1,1,1,1,6,97107,A,0.0,0.0,971
201500056688,15,3,16,1615,1,1,9,1,2,97107,A,0.0,0.0,971
201500056689,15,3,28,1330,1,1,1,1,4,97107,A,0.0,0.0,971
201500056690,15,4,9,1245,1,1,9,2,2,97107,A,0.0,0.0,971
201500056691,15,4,15,500,2,1,9,1,6,97107,A,0.0,0.0,971
201500056692,15,5,1,415,3,2,1,1,6,97107,A,0.0,0.0,971
201500056693,15,5,10,2200,4,1,1,1,1,97114,A,0.0,0.0,971
201500056694,15,6,4,1430,1,1,1,1,1,97114,A,0.0,0.0,971
201500056695,15,7,13,1900,3,1,1,1,3,97107,A,0.0,0.0,971
201500056696,15,7,13,2215,3,1,1,1,1,97107,A,0.0,0.0,971
201500056697,15,7,26,930,1,1,1,1,6,97107,A,0.0,0.0,971
201500056698,15,9,12,115,5,1,1,1,3,97114,A,0.0,0.0,971
201500056699,15,9,12,1600,1,1,1,1,5,97107,A,0.0,0.0,971
201500056700,15,9,22,2100,3,1,1,1,7,97114,A,0.0,0.0,971
201500056701,15,10,12,1015,1,1,1,1,3,97107,A,0.0,0.0,971
201500056702,15,10,16,2015,3,1,1,3,3,97107,A,0.0,0.0,971
201500056703,15,12,12,745,3,1,1,2,5,97114,A,0.0,0.0,971
201500056704,15,12,10,1415,1,1,1,1,5,97114,A,0.0,0.0,971
201500056705,15,12,20,515,3,1,1,1,1,97107,A,0.0,0.0,971
201500056706,15,2,18,430,3,1,1,1,7,97131,A,0.0,0.0,971
201500056707,15,7,12,1815,1,2,1,1,7,97131,A,0.0,0.0,971
201500056708,15,7,18,1745,1,1,1,1,1,97130,A,0.0,0.0,971
201500056709,15,12,28,1100,1,1,1,2,7,97131,A,0.0,0.0,971
201500056710,15,1,10,2000,5,1,1,1,7,97115,A,0.0,0.0,971
201500056711,15,3,5,1015,1,2,3,1,3,97115,A,0.0,0.0,971
201500056712,15,4,27,2000,5,2,1,1,3,97115,A,0.0,0.0,971
201500056713,15,5,13,1200,1,1,1,1,4,97115,A,0.0,0.0,971
201500056714,15,5,14,200,3,1,2,1,3,97115,A,0.0,0.0,971
201500056715,15,7,26,2330,3,2,1,1,7,97115,A,0.0,0.0,971
201500056716,15,8,21,1545,1,1,1,1,1,97115,A,0.0,0.0,971
201500056717,15,9,15,645,1,1,9,1,3,97115,A,0.0,0.0,971
201500056718,15,1,3,1600,1,1,1,1,1,97118,A,0.0,0.0,971
201500056719,15,5,18,945,1,1,1,2,3,97118,A,0.0,0.0,971
201500056720,15,9,26,2145,5,1,1,1,3,97118,A,0.0,0.0,971
201500056721,15,1,12,1900,3,1,1,1,2,97129,A,0.0,0.0,971
201500056722,15,1,22,1745,1,2,1,1,6,97129,A,0.0,0.0,971
201500056723,15,2,27,1730,1,2,1,1,1,97129,A,0.0,0.0,971
201500056724,15,4,15,1545,1,1,1,2,3,97129,A,1630001.0,6166701.0,971
201500056725,15,4,30,715,1,1,1,1,3,97129,A,0.0,0.0,971
201500056726,15,5,10,445,2,2,1,1,3,97129,A,0.0,0.0,971
201500056727,15,5,8,515,2,1,1,1,5,97129,A,0.0,0.0,971
201500056728,15,5,13,1200,1,1,1,1,3,97129,A,1629200.0,6166901.0,971
201500056729,15,7,29,1845,2,2,1,1,6,97129,A,0.0,0.0,971
201500056730,15,8,22,1000,1,2,1,1,6,97129,A,0.0,0.0,971
201500056731,15,9,29,1615,1,1,2,1,3,97129,A,0.0,0.0,971
201500056732,15,10,12,945,1,2,1,1,1,97129,A,0.0,0.0,971
201500056733,15,10,15,745,1,1,1,1,6,97129,A,0.0,0.0,971
201500056734,15,10,16,2045,5,2,1,1,6,97129,A,0.0,0.0,971
201500056735,15,11,6,1145,1,1,1,2,7,97129,A,0.0,0.0,971
201500056736,15,11,16,545,1,1,1,1,3,97129,A,0.0,0.0,971
201500056737,15,12,12,1730,1,1,1,1,6,97129,A,0.0,0.0,971
201500056738,15,12,19,15,3,1,1,1,6,97129,A,0.0,0.0,971
201500056739,15,12,25,1130,1,1,1,1,3,97129,A,0.0,0.0,971
201500056740,15,1,20,1715,1,1,2,1,3,97108,A,0.0,0.0,971
201500056741,15,3,13,1430,1,1,1,1,1,97112,A,0.0,0.0,971
201500056742,15,5,25,1515,1,1,1,1,2,97112,A,0.0,0.0,971
201500056743,15,6,20,830,1,1,1,1,6,97112,A,0.0,0.0,971
201500056744,15,7,4,1145,1,1,1,1,3,97126,A,0.0,0.0,971
201500056745,15,8,15,800,1,1,1,1,6,97108,A,0.0,0.0,971
201500056746,15,11,17,1830,3,1,1,2,6,97112,A,0.0,0.0,971
201500056747,15,11,21,1830,5,1,1,1,3,97112,A,0.0,0.0,971
201500056748,15,12,23,1830,2,2,1,1,1,97112,A,0.0,0.0,971
201500056749,15,3,25,1515,1,1,1,1,3,97117,A,0.0,0.0,971
201500056750,15,4,11,1930,4,1,1,1,6,97117,A,0.0,0.0,971
201500056751,15,4,30,1715,1,1,1,1,1,97117,A,0.0,0.0,971
201500056752,15,7,12,415,5,1,1,1,1,97117,A,0.0,0.0,971
201500056753,15,8,11,1130,1,1,1,1,1,97117,A,0.0,0.0,971
201500056754,15,9,10,1700,1,2,1,1,3,97117,A,0.0,0.0,971
201500056755,15,9,21,1215,1,2,1,1,6,97117,A,0.0,0.0,971
201500056756,15,10,7,1000,1,1,1,1,6,97117,A,0.0,0.0,971
201500056757,15,10,23,1730,1,1,1,1,6,97117,A,0.0,0.0,971
201500056758,15,11,3,1400,1,1,1,1,6,97117,A,0.0,0.0,971
201500056759,15,12,5,1830,3,1,1,1,7,97117,A,0.0,0.0,971
201500056760,15,1,4,1715,1,2,1,1,3,97122,A,0.0,0.0,971
201500056761,15,4,29,1930,5,2,3,1,3,97102,A,0.0,0.0,971
201500056762,15,8,3,1230,1,2,1,1,1,97122,A,0.0,0.0,971
201500056763,15,8,8,115,3,1,1,1,6,97102,A,0.0,0.0,971
201500056764,15,9,6,1200,1,1,1,1,6,97119,A,0.0,0.0,971
201500056765,15,9,20,1145,1,1,1,1,3,97119,A,0.0,0.0,971
201500056766,15,9,30,1930,5,1,1,1,1,97119,A,0.0,0.0,971
201500056767,15,11,29,530,2,1,1,1,2,97122,A,0.0,0.0,971
201500056768,15,12,4,2130,5,2,1,1,6,97119,A,0.0,0.0,971
201500056769,15,12,27,1715,1,2,1,1,7,97102,A,0.0,0.0,971
201500056770,15,1,19,1700,1,2,1,1,1,97125,A,0.0,0.0,971
201500056771,15,2,5,2345,4,1,1,1,6,97125,A,0.0,0.0,971
201500056772,15,2,20,1715,1,1,1,1,2,97125,A,0.0,0.0,971
201500056773,15,3,14,1900,3,1,1,1,5,97125,A,0.0,0.0,971
201500056774,15,7,29,1745,1,2,3,1,3,97125,A,0.0,0.0,971
201500056775,15,9,18,530,2,1,1,1,6,97125,A,0.0,0.0,971
201500056776,15,12,3,1615,1,2,1,1,6,97125,A,0.0,0.0,971
201500056777,15,1,5,1530,1,1,1,1,1,97126,A,0.0,0.0,971
201500056778,15,3,31,1,5,2,1,1,3,97128,A,0.0,0.0,971
201500056779,15,4,27,1230,1,2,1,1,3,97126,A,0.0,0.0,971
201500056780,15,5,4,530,2,1,1,1,6,97126,A,0.0,0.0,971
201500056781,15,5,3,1615,1,1,1,1,3,97128,A,0.0,0.0,971
201500056782,15,5,17,845,1,1,1,1,6,97126,A,0.0,0.0,971
201500056783,15,6,17,1015,1,1,1,1,7,97128,A,0.0,0.0,971
201500056784,15,6,20,2045,5,2,1,1,6,97126,A,0.0,0.0,971
201500056785,15,7,1,1930,5,1,1,1,1,97126,A,0.0,0.0,971
201500056786,15,7,24,2230,3,1,3,1,3,97126,A,0.0,0.0,971
201500056787,15,8,16,1945,3,1,1,1,3,97126,A,0.0,0.0,971
201500056788,15,9,19,1100,1,2,1,1,6,97126,A,0.0,0.0,971
201500056789,15,11,11,1645,1,2,1,1,3,97128,A,0.0,0.0,971
201500056790,15,11,11,1645,1,2,1,1,6,97128,A,0.0,0.0,971
201500056791,15,12,5,315,3,1,1,1,1,97128,A,0.0,0.0,971
201500056792,15,12,6,2330,3,1,1,1,1,97128,A,0.0,0.0,971
201500056793,15,12,28,1815,3,1,1,1,6,97128,A,0.0,0.0,971
201500056794,15,2,9,1845,5,2,1,1,6,97116,A,0.0,0.0,971
201500056795,15,2,27,1700,1,2,1,1,6,97116,A,0.0,0.0,971
201500056796,15,2,27,1530,1,2,1,1,6,97116,A,0.0,0.0,971
201500056797,15,3,16,1930,5,2,1,1,3,97116,A,0.0,0.0,971
201500056798,15,4,30,1415,1,1,1,1,3,97116,A,0.0,0.0,971
201500056799,15,5,25,2200,3,1,1,1,6,97116,A,0.0,0.0,971
201500056800,15,6,10,1600,1,1,1,1,1,97116,A,0.0,0.0,971
201500056801,15,8,30,2230,5,1,1,1,1,97116,A,0.0,0.0,971
201500056802,15,9,19,1530,1,2,1,1,3,97116,A,0.0,0.0,971
201500056803,15,10,10,1830,3,1,1,1,1,97116,A,0.0,0.0,971
201500056804,15,10,29,930,1,2,1,1,6,97116,A,0.0,0.0,971
201500056805,15,12,8,1745,4,2,1,1,3,97116,A,0.0,0.0,971
201500056806,15,12,30,1615,1,1,1,8,3,97116,A,0.0,0.0,971
201500056807,15,1,18,500,5,1,1,2,6,97305,G,0.0,0.0,973
201500056808,15,2,7,945,1,1,1,1,5,97305,G,0.0,0.0,973
201500056809,15,2,26,1545,1,1,1,1,6,97305,G,0.0,0.0,973
201500056810,15,3,31,2330,3,1,1,1,2,97305,G,0.0,0.0,973
201500056811,15,4,16,2230,3,1,1,1,2,97305,G,0.0,0.0,973
201500056812,15,5,23,1800,2,1,1,2,2,97305,G,0.0,0.0,973
201500056813,15,7,31,1300,1,1,1,1,1,97305,G,0.0,0.0,973
201500056814,15,9,27,2300,3,1,1,1,7,97305,G,0.0,0.0,973
201500056815,15,10,3,1500,1,1,1,1,6,97305,G,0.0,0.0,973
201500056816,15,10,5,45,3,1,1,1,3,97305,G,0.0,0.0,973
201500056817,15,10,26,815,1,1,1,1,6,97305,G,0.0,0.0,973
201500056818,15,11,12,1915,5,2,2,1,3,97305,G,0.0,0.0,973
201500056819,15,12,15,1500,1,1,1,1,1,97305,G,0.0,0.0,973
201500056820,15,1,3,1030,1,1,1,1,3,97304,G,0.0,0.0,973
201500056821,15,2,8,1530,1,2,1,1,3,97304,G,0.0,0.0,973
201500056822,15,2,28,2345,3,1,9,2,7,97304,G,0.0,0.0,973
201500056823,15,5,3,1415,1,1,1,1,6,97304,G,0.0,0.0,973
201500056824,15,5,20,1100,1,1,1,2,1,97304,G,0.0,0.0,973
201500056825,15,5,25,1600,2,1,1,2,6,97304,G,0.0,0.0,973
201500056826,15,6,2,2230,5,2,1,1,1,97304,G,0.0,0.0,973
201500056827,15,7,2,700,1,1,1,3,7,97304,G,0.0,0.0,973
201500056828,15,7,27,1400,1,1,1,1,3,97304,G,0.0,0.0,973
201500056829,15,8,12,645,1,1,1,1,3,97304,G,0.0,0.0,973
201500056830,15,9,5,1400,1,2,3,1,3,97304,G,0.0,0.0,973
201500056831,15,3,22,145,5,2,3,1,3,97312,G,0.0,0.0,973
201500056832,15,5,19,1645,2,2,1,3,6,97312,G,0.0,0.0,973
201500056833,15,9,13,1815,2,2,1,1,2,97312,G,0.0,0.0,973
201500056834,15,5,14,1300,1,1,1,1,7,97303,G,0.0,0.0,973
201500056835,15,6,8,700,1,1,1,1,7,97303,G,0.0,0.0,973
201500056836,15,7,15,1700,1,1,1,1,7,97303,G,0.0,0.0,973
201500056837,15,12,4,645,1,1,1,1,7,97303,G,0.0,0.0,973
201500056838,15,10,2,1615,5,1,1,1,1,97308,G,0.0,0.0,973
201500056839,15,8,9,1530,1,1,1,3,7,97310,G,0.0,0.0,973
201500056840,15,11,19,2015,3,2,1,1,6,97310,G,0.0,0.0,973
201500056841,15,1,1,2145,3,1,1,1,6,97311,G,0.0,0.0,973
201500056842,15,1,11,2100,5,2,1,2,6,97311,G,0.0,0.0,973
201500056843,15,1,21,945,1,1,1,1,7,97311,G,0.0,0.0,973
201500056844,15,2,6,845,1,2,1,1,3,97311,G,0.0,0.0,973
201500056845,15,3,8,945,1,1,1,1,3,97311,G,0.0,0.0,973
201500056846,15,3,21,1730,1,1,1,1,7,97311,G,504000.0,5403801.0,973
201500056847,15,4,11,1930,5,2,1,1,6,97311,G,0.0,0.0,973
201500056848,15,4,12,2145,3,1,1,1,7,97311,G,0.0,0.0,973
201500056849,15,4,18,1645,1,2,1,1,1,97311,G,0.0,0.0,973
201500056850,15,4,26,630,1,1,1,1,6,97311,G,0.0,0.0,973
201500056851,15,5,24,1815,1,2,1,1,2,97311,G,0.0,0.0,973
201500056852,15,6,10,1215,1,1,1,1,3,97311,G,0.0,0.0,973
201500056853,15,6,16,1900,5,2,1,9,1,97311,G,0.0,0.0,973
201500056854,15,8,11,1015,1,1,1,1,1,97311,G,0.0,0.0,973
201500056855,15,8,28,130,5,2,1,1,3,97311,G,0.0,0.0,973
201500056856,15,10,13,2230,3,1,1,1,1,97311,G,0.0,0.0,973
201500056857,15,10,17,530,2,2,1,1,7,97311,G,0.0,0.0,973
201500056858,15,11,14,1145,1,2,1,1,3,97311,G,0.0,0.0,973
201500056859,15,11,20,2130,5,2,1,1,3,97311,G,0.0,0.0,973
201500056860,15,11,26,900,1,2,1,1,7,97311,G,0.0,0.0,973
201500056861,15,12,5,2000,3,1,1,1,2,97311,G,0.0,0.0,973
201500056862,15,12,21,1400,1,2,1,1,6,97311,G,0.0,0.0,973
201500056863,15,12,25,2000,5,1,1,1,6,97311,G,0.0,0.0,973
201500056864,15,2,22,1630,1,1,1,1,2,97306,G,0.0,0.0,973
201500056865,15,5,18,1600,1,1,1,1,6,97306,G,0.0,0.0,973
201500056866,15,6,25,2030,3,1,1,1,7,97306,G,0.0,0.0,973
201500056867,15,7,5,1200,1,1,1,1,7,97361,G,0.0,0.0,973
201500056868,15,1,25,215,5,2,1,1,6,97408,R,0.0,0.0,974
201500056869,15,1,29,700,1,2,1,7,6,97408,R,2096279.0,5532711.0,974
201500056870,15,2,7,2000,5,2,1,1,3,97408,R,0.0,0.0,974
201500056871,15,2,20,1945,3,1,1,1,2,97408,R,0.0,0.0,974
201500056872,15,3,12,630,1,2,9,1,3,97408,R,,,974
201500056873,15,3,20,600,1,2,1,1,6,97408,R,2095434.0,5533959.0,974
201500056874,15,4,17,1300,1,2,1,1,1,97408,R,2096343.0,5532742.0,974
201500056875,15,6,7,1300,1,2,1,1,1,97408,R,2096209.0,5533442.0,974
201500056876,15,6,14,400,3,1,1,2,1,97408,R,0.0,0.0,974
201500056877,15,7,8,1900,3,1,9,1,6,97408,R,2092746.0,5533266.0,974
201500056878,15,7,26,1845,3,1,1,1,6,97408,R,0.0,0.0,974
201500056879,15,8,24,715,1,2,1,1,5,97408,R,2096142.0,5532538.0,974
201500056880,15,10,16,1615,1,1,1,1,3,97408,R,0.0,0.0,974
201500056881,15,10,31,1630,1,2,1,1,6,97408,R,2095650.0,5533293.0,974
201500056882,15,12,8,2215,5,2,1,1,1,97408,R,2094545.0,5533397.0,974
201500056883,15,1,17,1630,1,1,1,2,3,97418,R,0.0,0.0,974
201500056884,15,1,26,1730,1,2,3,1,1,97418,R,2089714.0,5556664.0,974