Num_Acc,an,mois,jour,hrmn,lum,agg,int,atm,col,com,gps,lat,long,dep
201500056885,15,1,27,700,1,1,6,1,3,97418,R,2091110.0,5551791.0,974
201500056886,15,2,26,2000,5,2,1,1,2,97418,R,2089742.0,5554883.0,974
201500056887,15,4,24,2115,5,1,1,1,6,97420,R,2091309.0,5561349.0,974
201500056888,15,5,16,800,1,1,1,1,7,97418,R,2094461.0,5552128.0,974
201500056889,15,5,20,1115,1,2,1,1,6,97418,R,2092638.0,5551972.0,974
201500056890,15,5,27,2200,5,1,1,1,1,97418,R,2089915.0,5552231.0,974
201500056891,15,5,29,715,1,2,1,1,6,97418,R,2092200.0,5551901.0,974
201500056892,15,5,22,1400,1,1,1,1,1,97418,R,0.0,0.0,974
201500056893,15,5,29,730,1,2,1,1,6,97418,R,2092200.0,5551901.0,974
201500056894,15,6,7,2315,3,1,1,1,1,97418,R,2093794.0,5553380.0,974
201500056895,15,6,12,1730,2,2,1,1,1,97418,R,0.0,0.0,974
201500056896,15,6,15,1845,1,1,1,1,6,97418,R,0.0,0.0,974
201500056897,15,6,22,900,1,1,1,1,3,97418,R,0.0,0.0,974
201500056898,15,10,30,845,1,1,1,1,1,97418,R,2092157.0,5551975.0,974
201500056899,15,2,23,830,1,1,1,2,5,97410,R,2103984.0,5571008.0,974
201500056900,15,4,25,2030,5,1,1,1,3,97410,R,0.0,0.0,974
201500056901,15,6,2,1830,5,1,1,1,6,97410,R,2104763.0,5571713.0,974
201500056902,15,6,27,1000,1,2,1,1,3,97410,R,0.0,0.0,974
201500056903,15,6,27,1930,5,2,1,1,3,97410,R,0.0,0.0,974
201500056904,15,7,8,1445,1,1,1,1,6,97410,R,0.0,0.0,974
201500056905,15,8,2,800,1,1,1,1,3,97410,R,2106543.0,5570121.0,974
201500056906,15,8,21,1600,1,1,1,1,6,97410,R,2103858.0,5571786.0,974
201500056907,15,11,12,1100,1,2,1,1,3,97410,R,0.0,0.0,974
201500056908,15,12,25,1615,1,1,1,1,6,97410,R,0.0,0.0,974
201500056909,15,1,19,115,3,1,1,2,6,97402,R,0.0,0.0,974
201500056910,15,2,21,1100,1,2,1,1,6,97402,R,0.0,0.0,974
201500056911,15,3,23,1415,1,2,1,1,6,97402,R,0.0,0.0,974
201500056912,15,5,8,1430,1,1,1,2,6,97402,R,0.0,0.0,974
201500056913,15,5,15,745,1,2,1,1,1,97402,R,2099446.0,5567566.0,974
201500056914,15,6,16,1730,1,2,1,7,6,97402,R,0.0,0.0,974
201500056915,15,8,8,1830,5,2,1,2,6,97402,R,2099591.0,5567861.0,974
201500056916,15,9,16,730,1,1,1,1,6,97402,R,2100413.0,5569369.0,974
201500056917,15,5,15,1715,2,1,1,2,3,97419,R,2120000.0,5579999.0,974
201500056918,15,7,11,1830,3,1,1,1,6,97419,R,0.0,0.0,974
201500056919,15,9,19,2000,3,1,1,2,6,97421,R,0.0,0.0,974
201500056920,15,11,25,1430,1,1,1,1,6,97421,R,2102500.0,5551799.0,974
201500056921,15,1,2,1200,1,1,1,1,6,97406,R,0.0,0.0,974
201500056922,15,11,16,1615,1,1,1,1,1,97406,R,0.0,0.0,974
201500056923,15,2,14,1745,3,1,1,1,2,97415,R,0.0,0.0,974
201500056924,15,4,1,1215,1,2,1,1,6,97415,R,2100171.0,5528071.0,974
201500056925,15,4,8,1700,1,2,1,1,3,97415,R,2098803.0,5529226.0,974
201500056926,15,4,25,1830,5,2,1,1,3,97415,R,2100930.0,5527615.0,974
201500056927,15,6,17,1145,1,2,1,1,6,97415,R,0.0,0.0,974
201500056928,15,7,4,830,3,1,9,1,1,97415,R,0.0,0.0,974
201500056929,15,7,9,2030,3,1,1,1,6,97415,R,0.0,0.0,974
201500056930,15,8,24,1815,2,1,1,1,3,97415,R,0.0,0.0,974
201500056931,15,9,1,630,1,1,1,1,3,97415,R,2097410.0,5530317.0,974
201500056932,15,9,13,615,2,2,1,3,4,97415,R,0.0,0.0,974
201500056933,15,10,7,1445,1,2,1,1,5,97415,R,0.0,0.0,974
201500056934,15,10,27,1645,1,2,1,1,6,97415,R,2100951.0,5527112.0,974
201500056935,15,12,16,2345,3,1,1,1,6,97415,R,2101675.0,5525474.0,974
201500056936,15,1,3,145,3,1,1,1,3,97415,R,0.0,0.0,974
201500056937,15,3,22,30,4,1,1,1,1,97415,R,0.0,0.0,974
201500056938,15,3,23,245,3,2,6,2,7,97415,R,2108355.0,5523494.0,974
201500056939,15,4,8,1145,1,2,1,1,1,97415,R,2105492.0,5522692.0,974
201500056940,15,4,10,1800,2,2,1,1,1,97423,R,2106071.0,5522327.0,974
201500056941,15,5,6,1000,1,1,9,1,3,97415,R,0.0,0.0,974
201500056942,15,5,23,130,3,1,1,1,3,97415,R,0.0,0.0,974
201500056943,15,5,31,415,3,2,1,1,6,97415,R,2105800.0,5522101.0,974
201500056944,15,7,4,1645,3,1,1,1,1,97415,R,0.0,0.0,974
201500056945,15,7,28,1600,1,1,1,1,1,97415,R,0.0,0.0,974
201500056946,15,10,26,1815,2,1,1,1,1,97415,R,2102000.0,5522599.0,974
201500056947,15,11,20,930,1,1,1,1,3,97415,R,0.0,0.0,974
201500056948,15,11,26,2215,3,1,1,1,6,97415,R,2110500.0,5537199.0,974
201500056949,15,12,20,2000,4,2,1,1,6,97415,R,2108300.0,5521699.0,974
201500056950,15,1,27,815,1,1,1,1,1,97415,R,2133995.0,5562830.0,974
201500056951,15,2,27,745,1,2,1,1,7,97415,R,0.0,0.0,974
201500056952,15,4,17,1945,3,1,1,1,1,97415,R,0.0,0.0,974
201500056953,15,6,8,800,1,2,1,1,6,97415,R,0.0,0.0,974
201500056954,15,6,30,1915,5,2,1,2,6,97415,R,2114000.0,5527899.0,974
201500056955,15,7,8,2000,3,1,1,1,7,97415,R,0.0,0.0,974
201500056956,15,7,14,2015,5,1,1,1,1,97415,R,0.0,0.0,974
201500056957,15,8,13,2345,3,1,1,1,1,97415,R,2109000.0,5544701.0,974
201500056958,15,1,7,2130,3,1,1,1,6,97415,R,0.0,0.0,974
201500056959,15,4,15,1745,2,1,1,8,1,97423,R,2111897.0,5529756.0,974
201500056960,15,9,2,830,1,1,1,1,7,97423,R,2112307.0,5526402.0,974
201500056961,15,10,1,1715,1,2,1,1,1,97401,R,2124119.0,5534331.0,974
201500056962,15,3,5,830,1,2,1,1,1,97414,R,2127796.0,5541396.0,974
201500056963,15,7,28,1100,1,2,1,1,6,97414,R,0.0,0.0,974
201500056964,15,1,17,545,1,2,1,1,6,97424,R,2116519.0,5548150.0,974
201500056965,15,1,21,1915,3,2,1,1,6,97424,R,2115583.0,5543597.0,974
201500056966,15,6,14,1615,1,2,1,1,1,97424,R,0.0,0.0,974
201500056967,15,6,14,1700,1,1,1,1,6,97424,R,0.0,0.0,974
201500056968,15,12,27,700,1,1,1,1,1,97424,R,0.0,0.0,974
201500056969,15,4,14,600,2,1,1,1,7,97403,R,2126994.0,5546370.0,974
201500056970,15,5,24,1815,2,2,1,1,3,97403,R,0.0,0.0,974
201500056971,15,1,18,1800,1,1,1,2,7,97416,R,0.0,0.0,974
201500056972,15,3,29,1345,1,2,1,1,1,97416,R,2119100.0,5557401.0,974
201500056973,15,5,6,1530,1,2,1,1,3,97416,R,0.0,0.0,974
201500056974,15,5,27,1200,1,2,1,1,6,97422,R,2120486.0,5557939.0,974
201500056975,15,7,4,2315,3,2,1,1,6,97422,R,,,974
201500056976,15,7,9,1630,1,2,1,1,6,97422,R,2122801.0,5555151.0,974
201500056977,15,7,19,1615,1,2,1,1,1,97422,R,2120484.0,5558308.0,974
201500056978,15,8,2,815,1,1,1,8,1,97422,R,2119759.0,5564502.0,974
201500056979,15,8,1,1900,3,2,1,1,6,97422,R,2122552.0,5553091.0,974
201500056980,15,8,2,800,1,1,1,3,6,97422,R,0.0,0.0,974
201500056981,15,8,16,1545,1,2,1,1,1,97422,R,2121954.0,5555581.0,974
201500056982,15,9,1,1430,1,1,1,1,3,97422,R,2123229.0,5554328.0,974
201500056983,15,12,14,1600,1,1,1,1,1,97405,R,2133756.0,5554834.0,974
201500056984,15,1,23,1015,1,1,1,1,6,97412,R,2138020.0,5560748.0,974
201500056985,15,1,31,1445,1,1,1,1,1,97412,R,2133995.0,5562830.0,974
201500056986,15,3,6,1830,5,2,1,1,1,97412,R,2137100.0,5561901.0,974
201500056987,15,3,26,2030,3,1,1,1,3,97405,R,2135900.0,5556101.0,974
201500056988,15,4,1,800,5,2,1,1,6,97412,R,0.0,0.0,974
201500056989,15,6,4,615,2,2,1,1,6,97412,R,0.0,0.0,974
201500056990,15,6,21,2230,3,1,1,1,6,97405,R,0.0,0.0,974
201500056991,15,9,16,1330,1,2,1,1,6,97405,R,2133624.0,5556324.0,974
201500056992,15,9,22,630,1,2,1,1,6,97412,R,2138180.0,5564712.0,974
201500056993,15,10,25,1315,1,1,1,1,6,97405,R,0.0,0.0,974
201500056994,15,11,23,1545,5,2,1,1,6,97412,R,2137927.0,5562495.0,974
201500056995,15,12,11,1045,1,2,1,1,7,97412,R,2136935.0,5557528.0,974
201500056996,15,12,13,1945,3,1,1,1,7,97412,R,2133600.0,5565799.0,974
201500056997,15,12,27,1545,1,1,1,1,1,97405,R,,,974
201500056998,15,8,8,1800,2,2,1,1,6,97417,R,2136824.0,5573725.0,974
201500056999,15,1,14,1230,1,1,1,2,1,97422,R,0.0,0.0,974
201500057000,15,1,18,645,1,1,1,2,3,97422,R,0.0,0.0,974
201500057001,15,4,12,530,3,1,1,1,6,97422,R,0.0,0.0,974
201500057002,15,8,9,1530,1,1,1,1,1,97422,R,2127411.0,5549853.0,974
201500057003,15,8,10,1715,1,2,1,1,3,97422,R,2126165.0,5549877.0,974
201500057004,15,9,3,1715,1,2,1,1,6,97422,R,2127229.0,5552471.0,974
201500057005,15,9,27,1700,1,2,1,1,2,97422,R,0.0,0.0,974
201500057006,15,12,6,1215,1,2,1,1,1,97422,R,2127834.0,5550444.0,974
201500057007,15,12,29,2145,5,2,1,1,3,97422,R,0.0,0.0,974
201500057008,15,2,5,1915,3,1,1,1,7,97611,Y,0.0,0.0,976
201500057009,15,2,12,600,2,2,1,1,3,97611,Y,0.0,0.0,976
201500057010,15,2,25,1800,3,1,1,8,6,97611,Y,0.0,0.0,976
201500057011,15,3,10,1145,1,2,1,1,6,97611,Y,0.0,0.0,976
201500057012,15,4,9,1000,1,1,1,1,2,97611,Y,0.0,0.0,976
201500057013,15,4,28,1545,1,2,1,1,3,97611,Y,0.0,0.0,976
201500057014,15,5,23,1030,1,1,1,1,1,97611,Y,0.0,0.0,976
201500057015,15,6,20,1715,1,2,1,1,1,97607,Y,0.0,0.0,976
201500057016,15,7,5,1445,1,1,1,1,2,97611,Y,0.0,0.0,976
201500057017,15,7,8,1345,1,2,1,1,6,97611,Y,0.0,0.0,976
201500057018,15,8,10,1100,1,1,1,1,1,97611,Y,0.0,0.0,976
201500057019,15,12,11,1830,2,1,1,1,1,97611,Y,0.0,0.0,976
201500057020,15,12,11,1830,3,1,9,2,7,97611,Y,0.0,0.0,976
201500057021,15,1,5,2000,3,2,1,1,3,97615,Y,0.0,0.0,976
201500057022,15,4,9,1515,1,2,1,1,6,97615,Y,0.0,0.0,976
201500057023,15,4,16,615,1,1,1,1,1,97615,Y,0.0,0.0,976
201500057024,15,9,19,1715,1,2,1,1,6,97615,Y,0.0,0.0,976
201500057025,15,10,8,815,1,1,1,1,1,97615,Y,0.0,0.0,976
201500057026,15,11,2,1215,1,2,1,1,6,97615,Y,0.0,0.0,976
201500057027,15,12,26,645,2,2,1,2,6,97615,Y,0.0,0.0,976
201500057028,15,1,19,1645,1,1,1,8,6,97616,Y,0.0,0.0,976
201500057029,15,2,5,1800,1,1,1,1,6,97616,Y,0.0,0.0,976
201500057030,15,6,20,1100,1,2,1,1,6,97616,Y,0.0,0.0,976
201500057031,15,6,16,2030,3,1,9,1,1,97616,Y,0.0,0.0,976
201500057032,15,6,16,1830,2,2,1,1,7,97616,Y,0.0,0.0,976
201500057033,15,12,1,1815,1,2,1,1,6,97616,Y,0.0,0.0,976
201500057034,15,12,11,1600,1,2,1,1,6,97616,Y,0.0,0.0,976
201500057035,15,1,13,1745,1,1,1,1,3,97103,A,0.0,0.0,971
201500057036,15,5,10,1345,1,1,1,1,3,97103,A,0.0,0.0,971
201500057037,15,5,10,2215,5,2,1,1,3,97103,A,0.0,0.0,971
201500057038,15,6,11,1530,1,2,9,1,1,97103,A,0.0,0.0,971
201500057039,15,6,13,15,5,2,1,1,1,97103,A,0.0,0.0,971
201500057040,15,6,26,1345,1,2,9,1,1,97103,A,0.0,0.0,971
201500057041,15,7,9,1400,1,1,1,1,3,97103,A,0.0,0.0,971
201500057042,15,7,26,1200,1,1,1,1,2,97103,A,0.0,0.0,971
201500057043,15,8,15,1545,5,2,1,1,3,97103,A,0.0,0.0,971
201500057044,15,8,5,515,2,1,1,1,6,97103,A,0.0,0.0,971
201500057045,15,8,20,730,1,2,1,1,3,97103,A,0.0,0.0,971
201500057046,15,8,30,2330,5,1,1,1,2,97103,A,0.0,0.0,971
201500057047,15,10,14,1815,5,2,1,1,6,97103,A,0.0,0.0,971
201500057048,15,11,13,1645,1,2,1,1,6,97103,A,0.0,0.0,971
201500057049,15,12,10,915,1,2,6,1,3,97103,A,0.0,0.0,971
201500057050,15,2,18,1545,1,2,1,1,6,97612,Y,0.0,0.0,976
201500057051,15,5,23,830,1,1,1,1,4,97612,Y,0.0,0.0,976
201500057052,15,7,9,830,1,2,1,1,6,97612,Y,0.0,0.0,976
201500057053,15,10,24,430,5,2,9,1,6,97612,Y,0.0,0.0,976
201500057054,15,12,7,1630,1,1,1,1,7,97612,Y,0.0,0.0,976
201500057055,15,2,14,1800,3,1,1,1,1,97604,Y,0.0,0.0,976
201500057056,15,3,29,1430,1,1,1,1,1,97604,Y,0.0,0.0,976
201500057057,15,4,28,1900,3,1,1,1,1,97604,Y,0.0,0.0,976
201500057058,15,5,1,600,1,1,1,1,3,97604,Y,0.0,0.0,976
201500057059,15,5,17,1700,1,2,1,1,6,97604,Y,0.0,0.0,976
201500057060,15,6,6,1600,1,2,1,1,7,97603,Y,0.0,0.0,976
201500057061,15,6,29,1015,1,2,1,1,6,97604,Y,0.0,0.0,976
201500057062,15,8,28,600,1,2,1,1,6,97606,Y,0.0,0.0,976
201500057063,15,9,19,1900,3,1,1,1,1,97606,Y,0.0,0.0,976
201500057064,15,9,21,715,1,2,1,1,1,97606,Y,0.0,0.0,976
201500057065,15,10,17,1815,3,1,1,1,6,97606,Y,0.0,0.0,976
201500057066,15,10,28,1515,1,2,1,1,6,97606,Y,0.0,0.0,976
201500057067,15,11,12,1615,1,2,1,1,6,97606,Y,0.0,0.0,976
201500057068,15,11,21,1315,1,1,1,1,6,97606,Y,0.0,0.0,976
201500057069,15,12,12,1145,1,1,1,1,1,97606,Y,0.0,0.0,976
201500057070,15,12,26,315,3,2,1,1,1,97606,Y,0.0,0.0,976
201500057071,15,3,13,1215,1,1,1,1,1,97309,G,0.0,0.0,973
201500057072,15,3,21,2000,3,2,1,1,5,97309,G,0.0,0.0,973
201500057073,15,4,1,1600,3,1,1,1,3,97309,G,0.0,0.0,973
201500057074,15,4,19,145,5,2,1,1,3,97309,G,0.0,0.0,973
201500057075,15,4,26,1315,1,2,1,1,6,97309,G,0.0,0.0,973
201500057076,15,5,7,1915,1,2,1,1,3,97309,G,0.0,0.0,973
201500057077,15,9,9,1700,1,2,1,1,3,97309,G,0.0,0.0,973
201500057078,15,10,4,2200,3,1,1,1,1,97309,G,0.0,0.0,973
201500057079,15,10,3,1730,1,2,1,1,1,97309,G,0.0,0.0,973
201500057080,15,11,10,2045,5,2,1,1,1,97309,G,0.0,0.0,973
201500057081,15,1,20,1515,1,1,1,1,1,97415,R,0.0,0.0,974
201500057082,15,3,15,1900,3,2,1,1,6,97417,R,0.0,0.0,974
201500057083,15,10,4,1615,1,1,1,2,7,97413,R,2113900.0,5531699.0,974
201500057084,15,10,9,2245,3,1,1,1,6,97413,R,2119522.0,5528504.0,974
201500057085,15,10,26,1445,1,2,1,1,6,97413,R,2118239.0,5528764.0,974
201500057086,15,10,28,1245,1,1,1,1,2,97413,R,0.0,0.0,974
201500057087,15,11,26,1415,1,1,1,1,6,97413,R,0.0,0.0,974
201500057088,15,1,17,1530,1,2,2,1,3,97307,G,0.0,0.0,973
201500057089,15,2,7,1730,1,2,1,1,1,97307,G,0.0,0.0,973
201500057090,15,2,10,2000,5,1,1,2,1,97307,G,0.0,0.0,973
201500057091,15,4,3,1730,1,2,9,3,3,97307,G,0.0,0.0,973
201500057092,15,4,29,100,4,2,1,1,6,97307,G,0.0,0.0,973
201500057093,15,5,2,2130,3,1,1,1,1,97307,G,0.0,0.0,973
201500057094,15,5,8,345,4,1,1,1,1,97307,G,0.0,0.0,973
201500057095,15,5,8,2130,5,2,1,1,3,97307,G,0.0,0.0,973
201500057096,15,6,15,715,1,2,3,2,3,97307,G,0.0,0.0,973
201500057097,15,6,26,1700,1,2,1,1,3,97307,G,0.0,0.0,973
201500057098,15,10,9,1415,1,2,1,1,1,97307,G,0.0,0.0,973
201500057099,15,10,23,530,3,1,1,1,1,97307,G,0.0,0.0,973
201500057100,15,11,16,1600,1,2,1,1,1,97307,G,0.0,0.0,973
201500057101,15,12,3,1345,1,2,1,1,3,97307,G,0.0,0.0,973
201500057102,15,12,17,1015,1,2,1,1,1,97307,G,0.0,0.0,973
201500057103,15,12,18,2130,5,2,1,1,6,97307,G,0.0,0.0,973
201500057104,15,12,30,2000,5,1,1,1,3,97307,G,0.0,0.0,973
201500057105,15,2,2,1015,3,2,1,1,3,97307,G,0.0,0.0,973
201500057106,15,2,27,2145,3,2,1,1,1,97415,R,2103728.0,5530754.0,974
201500057107,15,3,8,1215,1,2,1,1,6,97415,R,2102381.0,5526597.0,974
201500057108,15,3,30,1015,1,2,1,1,6,97415,R,2104472.0,5526303.0,974
201500057109,15,8,8,2000,3,2,1,2,3,97415,R,2104205.0,5525361.0,974
201500057110,15,9,7,1900,1,2,1,1,1,97415,R,2102379.0,5526604.0,974
201500057111,15,9,10,1230,1,2,1,1,2,97415,R,2102500.0,5526805.0,974
201500057112,15,12,22,730,1,2,1,1,6,97420,R,0.0,0.0,974
201500057113,15,3,3,1815,1,2,1,1,1,97413,R,0.0,0.0,974
201500057114,15,4,19,1345,1,1,1,1,2,97404,R,2126472.0,5533791.0,974
201500057115,15,6,6,1945,5,2,1,1,6,97404,R,2126355.0,5536327.0,974
201500057116,15,9,6,2045,5,2,1,1,2,97404,R,2126353.0,5536324.0,974
201500057117,15,10,30,800,1,2,1,1,1,97404,R,2126896.0,5537470.0,974
201500057118,15,1,2,415,3,1,1,1,7,97413,R,0.0,0.0,974
201500057119,15,1,31,2000,3,2,1,1,1,97413,R,2096279.0,5532711.0,974
201500057120,15,3,8,15,3,1,1,2,6,97413,R,2115600.0,5529101.0,974
201500057121,15,7,10,1830,4,2,1,1,6,97413,R,0.0,0.0,974
201500057122,15,8,5,1900,3,1,1,2,1,97413,R,0.0,0.0,974
201500057123,15,8,6,1930,3,1,1,1,6,97413,R,2116411.0,5532314.0,974
201500057124,15,2,21,1200,1,1,1,7,1,97418,R,0.0,0.0,974
201500057125,15,3,4,2230,3,1,1,1,5,97418,R,2091495.0,5551826.0,974
201500057126,15,3,28,645,2,1,6,1,6,97418,R,2089678.0,5551115.0,974
201500057127,15,4,8,1500,1,2,1,1,6,97418,R,2089905.0,5551803.0,974
201500057128,15,4,21,1230,1,1,1,1,3,97420,R,2095535.0,5561483.0,974
201500057129,15,6,28,1130,1,1,1,1,6,97418,R,2092259.0,5556972.0,974
201500057130,15,9,14,1315,1,2,1,7,6,97418,R,0.0,0.0,974
201500057131,15,10,18,345,5,2,1,1,1,97420,R,2090372.0,5560233.0,974
201500057132,15,1,15,2015,5,2,1,1,1,97132,A,0.0,0.0,971
201500057133,15,1,31,1100,1,2,1,1,3,97132,A,0.0,0.0,971
201500057134,15,5,21,2145,5,2,1,1,1,97109,A,0.0,0.0,971
201500057135,15,8,15,1115,1,1,1,1,1,97132,A,0.0,0.0,971
201500057136,15,9,11,1415,1,1,1,1,5,97109,A,0.0,0.0,971
201500057137,15,10,25,1330,1,1,1,1,6,97132,A,0.0,0.0,971
201500057138,15,2,9,530,2,2,1,1,6,97414,R,0.0,0.0,974
201500057139,15,3,3,1100,1,2,6,1,2,97414,R,2127622.0,5541493.0,974
201500057140,15,3,7,2000,1,1,1,1,6,97414,R,0.0,0.0,974
201500057141,15,3,20,1615,1,1,1,1,6,97414,R,2126583.0,5543916.0,974
201500057142,15,6,29,1700,1,1,1,1,1,97414,R,2123484.0,5534154.0,974
201500057143,15,7,10,1515,1,2,1,1,6,97414,R,2128721.0,5541499.0,974
201500057144,15,10,4,945,1,1,1,1,1,97414,R,0.0,0.0,974
201500057145,15,9,29,1515,1,1,1,1,7,97414,R,0.0,0.0,974
201500057146,15,10,14,2100,5,2,1,1,1,97414,R,2128862.0,5541072.0,974
201500057147,15,11,21,2330,3,1,1,1,6,97414,R,2129367.0,5541464.0,974
201500057148,15,12,16,600,1,1,1,1,1,97414,R,2125457.0,5542689.0,974
201500057149,15,12,22,2345,3,1,1,1,1,97414,R,0.0,0.0,974
201500057150,15,11,14,2200,3,2,1,1,3,97410,R,2107959.0,5574398.0,974
201500057151,15,1,19,1530,1,2,1,1,1,97229,A,0.0,0.0,972
201500057152,15,2,18,900,5,2,1,1,6,97229,A,0.0,0.0,972
201500057153,15,11,1,1445,1,2,1,1,3,97229,A,0.0,0.0,972
201500057154,15,11,27,2230,5,2,1,8,3,97229,A,0.0,0.0,972
201500057155,15,12,3,1115,1,2,1,1,6,97229,A,0.0,0.0,972
201500057156,15,2,3,1845,2,1,1,1,5,97204,A,0.0,0.0,972
201500057157,15,3,13,2130,3,1,1,1,7,97225,A,0.0,0.0,972
201500057158,15,5,21,1700,1,1,1,1,5,97204,A,0.0,0.0,972
201500057159,15,2,15,2215,4,2,1,1,7,97226,A,0.0,0.0,972
201500057160,15,2,18,1915,3,1,1,1,7,97226,A,0.0,0.0,972
201500057161,15,2,25,2100,4,2,1,1,6,97227,A,0.0,0.0,972
201500057162,15,3,30,1430,1,2,2,1,1,97220,A,0.0,0.0,972
201500057163,15,4,3,2130,3,1,1,1,1,97217,A,0.0,0.0,972
201500057164,15,11,16,1615,1,1,1,1,4,97217,A,0.0,0.0,972
201500057165,15,3,15,415,3,1,1,1,1,97210,A,0.0,0.0,972
201500057166,15,9,5,245,3,1,1,1,6,97210,A,0.0,0.0,972
201500057167,15,11,15,1200,1,1,1,1,2,97232,A,0.0,0.0,972
201500057168,15,12,18,1630,1,1,1,2,1,97210,A,0.0,0.0,972
201500057169,15,1,24,2345,5,1,1,1,5,97221,A,0.0,0.0,972
201500057170,15,1,28,1645,1,1,1,1,3,97206,A,0.0,0.0,972
201500057171,15,3,14,2130,3,1,1,1,5,97221,A,0.0,0.0,972
201500057172,15,3,20,1,3,1,1,1,6,97221,A,0.0,0.0,972
201500057173,15,3,27,1745,1,2,6,1,6,97206,A,0.0,0.0,972
201500057174,15,4,12,1930,3,2,1,1,1,97231,A,0.0,0.0,972
201500057175,15,4,16,1700,1,2,1,1,1,97221,A,0.0,0.0,972
201500057176,15,4,18,2000,3,1,1,1,6,97202,A,0.0,0.0,972
201500057177,15,7,26,1645,1,1,1,1,3,97221,A,0.0,0.0,972
201500057178,15,11,2,1015,1,1,1,2,2,97231,A,0.0,0.0,972
201500057179,15,12,5,300,3,1,1,8,6,97231,A,0.0,0.0,972
201500057180,15,12,9,1600,1,1,1,1,1,97221,A,0.0,0.0,972
201500057181,15,12,20,2330,3,1,1,1,7,97202,A,0.0,0.0,972
201500057182,15,12,31,1530,1,1,1,1,1,97231,A,0.0,0.0,972
201500057183,15,2,21,900,1,1,1,1,5,97207,A,0.0,0.0,972
201500057184,15,3,15,2045,5,1,1,1,6,97207,A,0.0,0.0,972
201500057185,15,5,30,1900,2,2,1,1,1,97207,A,0.0,0.0,972
201500057186,15,10,15,1800,1,2,1,1,6,97207,A,0.0,0.0,972
201500057187,15,2,13,1615,1,1,1,1,1,97201,A,0.0,0.0,972
201500057188,15,2,14,230,3,1,1,1,6,97216,A,0.0,0.0,972
201500057189,15,5,11,1430,1,1,1,1,7,97214,A,0.0,0.0,972
201500057190,15,6,13,2215,5,1,1,1,1,97201,A,0.0,0.0,972
201500057191,15,6,20,215,5,2,6,1,7,97214,A,0.0,0.0,972
201500057192,15,8,21,1545,1,1,1,1,1,97214,A,0.0,0.0,972
201500057193,15,1,15,1945,4,1,1,1,1,97222,A,0.0,0.0,972
201500057194,15,1,6,615,1,2,1,1,6,97212,A,0.0,0.0,972
201500057195,15,2,7,1715,1,2,1,1,6,97212,A,0.0,0.0,972
201500057196,15,7,26,1445,1,2,1,1,1,97212,A,0.0,0.0,972
201500057197,15,7,27,830,1,1,1,1,1,97222,A,0.0,0.0,972
201500057198,15,11,1,1815,3,1,1,1,1,97222,A,0.0,0.0,972
201500057199,15,11,15,1245,1,2,1,1,6,97222,A,0.0,0.0,972
201500057200,15,11,20,2200,5,2,1,1,6,97222,A,0.0,0.0,972
201500057201,15,6,28,1545,1,2,1,1,6,97401,R,2123500.0,5534899.0,974
201500057202,15,4,15,930,1,2,1,1,1,97422,R,2127860.0,5550489.0,974
201500057203,15,5,10,1830,3,2,1,1,1,97422,R,2126023.0,5552189.0,974
201500057204,15,10,20,815,3,2,9,1,6,97422,R,2126710.0,5551752.0,974
201500057205,15,1,9,1220,1,2,1,1,6,97105,A,0.0,0.0,971
201500057206,15,12,18,1500,1,2,1,1,6,97105,A,0.0,0.0,971
201500057207,15,7,3,1035,1,2,1,1,6,97105,A,0.0,0.0,971
201500057208,15,1,14,1000,1,2,1,1,6,97105,A,0.0,0.0,971
201500057209,15,7,3,1425,1,2,1,1,6,97105,A,0.0,0.0,971
201500057210,15,1,22,1730,5,2,4,2,2,97105,A,0.0,0.0,971
201500057211,15,9,29,705,1,2,6,1,6,97105,A,0.0,0.0,971
201500057212,15,2,10,935,1,2,9,1,6,97105,A,0.0,0.0,971
201500057213,15,10,11,605,1,1,6,1,6,97105,A,0.0,0.0,971
201500057214,15,2,25,1700,5,2,1,1,6,97105,A,0.0,0.0,971
201500057215,15,10,16,2225,5,2,1,1,6,97105,A,0.0,0.0,971
201500057216,15,10,17,2230,3,1,1,1,6,97105,A,0.0,0.0,971
201500057217,15,1,8,1420,1,2,1,1,7,97107,A,0.0,0.0,971
201500057218,15,4,10,1805,1,1,1,1,1,97107,A,0.0,0.0,971
201500057219,15,1,22,615,1,2,4,1,3,97107,A,0.0,0.0,971
201500057220,15,4,17,1630,1,2,3,1,6,97107,A,0.0,0.0,971
201500057221,15,2,11,815,1,2,3,1,3,97107,A,0.0,0.0,971
201500057222,15,5,5,1800,1,2,1,1,2,97107,A,0.0,0.0,971
201500057223,15,4,29,115,5,2,1,1,6,97107,A,0.0,0.0,971
201500057224,15,2,16,1655,1,2,4,1,6,97107,A,0.0,0.0,971
201500057225,15,2,19,2220,5,2,1,2,7,97107,A,0.0,0.0,971
201500057226,15,6,7,2030,5,2,3,1,3,97107,A,0.0,0.0,971
201500057227,15,6,20,2115,5,1,3,1,3,97107,A,0.0,0.0,971
201500057228,15,3,22,1530,1,2,3,1,3,97107,A,0.0,0.0,971
201500057229,15,7,4,730,1,2,9,1,6,97107,A,0.0,0.0,971
201500057230,15,7,11,1240,1,2,1,1,3,97107,A,0.0,0.0,971
201500057231,15,7,16,1357,1,2,1,1,6,97107,A,0.0,0.0,971
201500057232,15,7,23,1415,1,2,2,1,3,97107,A,0.0,0.0,971
201500057233,15,8,14,230,5,2,1,1,6,97107,A,0.0,0.0,971
201500057234,15,9,7,1220,1,2,1,1,6,97107,A,0.0,0.0,971
201500057235,15,9,11,1220,1,2,1,2,3,97105,A,0.0,0.0,971
201500057236,15,9,17,649,1,2,9,1,1,97107,A,0.0,0.0,971
201500057237,15,10,13,650,1,2,3,1,6,97107,A,0.0,0.0,971
201500057238,15,10,28,1300,1,2,1,1,1,97107,A,1604447.0,6156501.0,971
201500057239,15,10,31,525,5,2,2,2,3,97107,A,0.0,0.0,971
201500057240,15,12,10,1345,1,2,1,1,3,97107,A,,,971
201500057241,15,1,1,1500,1,2,1,1,3,97113,A,,,971
201500057242,15,4,12,2045,5,2,1,1,6,97101,A,,,971
201500057243,15,1,9,2130,5,1,1,1,6,97113,A,,,971