Num_Acc,an,mois,jour,hrmn,lum,agg,int,atm,col,com,gps,lat,long,dep
201500057621,15,5,3,25,5,1,3,1,3,97302,G,493449.0,5233326.0,973
201500057622,15,5,12,1050,1,2,1,2,6,97302,G,493490.0,5233219.0,973
201500057623,15,5,13,1800,1,2,1,1,3,97302,G,491513.0,5232658.0,973
201500057624,15,5,16,1125,1,2,1,2,3,97302,G,,,973
201500057625,15,5,16,345,5,2,3,1,3,97302,G,493872.0,5233218.0,973
201500057626,15,5,17,2015,2,1,1,1,3,97302,G,492320.0,5232089.0,973
201500057627,15,5,18,1915,5,2,1,1,2,97302,G,490659.0,5231524.0,973
201500057628,15,5,19,827,1,1,1,1,2,97302,G,492208.0,5230401.0,973
201500057629,15,5,20,1010,1,2,6,2,2,97302,G,492709.0,5229001.0,973
201500057630,15,5,21,810,1,2,1,2,6,97302,G,493938.0,5232949.0,973
201500057631,15,5,21,1806,2,2,1,1,3,97302,G,494118.0,5229663.0,973
201500057632,15,5,22,1449,1,2,9,1,3,97302,G,492707.0,5228995.0,973
201500057633,15,5,22,2245,5,2,3,1,3,97302,G,493430.0,5229126.0,973
201500057634,15,5,22,2330,5,2,1,1,3,97302,G,494507.0,5231296.0,973
201500057635,15,5,23,610,2,2,1,1,1,97302,G,492041.0,5232078.0,973
201500057636,15,5,24,2243,5,2,1,2,6,97302,G,0.0,0.0,973
201500057637,15,5,25,915,1,1,1,1,6,97302,G,492208.0,5230382.0,973
201500057638,15,5,25,2103,5,2,1,2,3,97302,G,493481.0,5232149.0,973
201500057639,15,5,25,1240,1,1,1,1,6,97302,G,492680.0,5229599.0,973
201500057640,15,1,24,1100,1,2,1,1,3,97302,G,0.0,0.0,973
201500057641,15,4,1,807,1,2,1,1,6,97302,G,0.0,0.0,973
201500057642,15,5,28,845,1,1,1,1,6,97302,G,490783.0,5232385.0,973
201500057643,15,5,28,2051,5,1,3,2,3,97302,G,494508.0,5231303.0,973
201500057644,15,5,30,2035,5,2,1,2,3,97302,G,494260.0,5230574.0,973
201500057645,15,5,27,2050,5,1,1,1,3,97302,G,493377.0,5233308.0,973
201500057646,15,5,31,855,1,1,1,2,1,97302,G,492724.0,5229019.0,973
201500057647,15,5,31,1030,5,1,1,2,2,97302,G,491721.0,5231253.0,973
201500057648,15,5,31,1405,1,2,1,1,3,97302,G,493415.0,5231931.0,973
201500057649,15,6,2,855,1,1,1,1,3,97302,G,493217.0,5232276.0,973
201500057650,15,6,4,755,1,2,1,1,3,97302,G,493391.0,5232721.0,973
201500057651,15,6,5,1145,1,2,2,1,1,97302,G,494209.0,5232392.0,973
201500057652,15,6,5,2040,5,1,1,2,3,97302,G,492876.0,5229864.0,973
201500057653,15,6,6,1330,1,2,1,1,1,97302,G,492384.0,5231948.0,973
201500057654,15,6,6,1618,1,1,1,1,4,97302,G,492894.0,5230004.0,973
201500057655,15,6,10,1105,1,2,3,1,6,97302,G,494506.0,5231293.0,973
201500057656,15,6,12,1415,1,1,1,1,3,97302,G,491502.0,5232118.0,973
201500057657,15,6,12,1912,5,1,1,1,3,97302,G,494246.0,5232924.0,973
201500057658,15,6,13,1740,1,1,1,1,3,97302,G,492971.0,5230891.0,973
201500057659,15,6,14,1210,1,1,1,1,4,97302,G,493649.0,5231504.0,973
201500057660,15,6,15,841,1,2,1,1,6,97302,G,492841.0,5229343.0,973
201500057661,15,6,15,1345,1,1,1,1,3,97302,G,492041.0,5232082.0,973
201500057662,15,6,16,750,1,2,1,3,3,97302,G,492227.0,5232314.0,973
201500057663,15,6,16,1920,5,2,1,1,5,97302,G,494425.0,5231814.0,973
201500057664,15,6,18,1332,1,2,1,1,3,97302,G,493065.0,5231349.0,973
201500057665,15,6,23,1512,1,1,1,1,3,97302,G,492297.0,5231954.0,973
201500057666,15,6,23,1835,2,1,1,1,2,97302,G,492384.0,5231362.0,973
201500057667,15,1,5,1326,1,1,1,1,6,97302,G,0.0,0.0,973
201500057668,15,6,25,1410,1,2,9,1,7,97302,G,492906.0,5230067.0,973
201500057669,15,6,26,1000,1,1,1,1,3,97302,G,493763.0,5229837.0,973
201500057670,15,6,26,1927,2,2,2,1,6,97302,G,493778.0,5229869.0,973
201500057671,15,6,27,1035,1,2,1,1,7,97302,G,492289.0,5232374.0,973
201500057672,15,6,28,55,4,2,1,2,3,97302,G,492047.0,5232086.0,973
201500057673,15,6,29,835,1,2,1,1,3,97302,G,493205.0,5232293.0,973
201500057674,15,6,29,1050,1,2,1,1,3,97302,G,492900.0,5230061.0,973
201500057675,15,6,29,1159,1,2,1,1,3,97302,G,493092.0,5232375.0,973
201500057676,15,6,29,1705,1,2,1,1,3,97302,G,456385.0,5218289.0,973
201500057677,15,6,30,1610,1,1,1,1,3,97302,G,491550.0,5231121.0,973
201500057678,15,6,30,1645,1,1,1,1,3,97302,G,491749.0,5231283.0,973
201500057679,15,7,1,1015,1,1,1,1,3,97302,G,493065.0,5229065.0,973
201500057680,15,7,1,2100,5,1,1,1,6,97302,G,,,973
201500057681,15,7,4,100,5,2,2,1,3,97302,G,493849.0,5233300.0,973
201500057682,15,7,5,2345,4,2,1,1,3,97302,G,490224.0,5230544.0,973
201500057683,15,7,6,1125,1,2,1,1,3,97302,G,493221.0,5230782.0,973
201500057684,15,7,7,750,1,1,1,1,3,97302,G,492957.0,5231507.0,973
201500057685,15,7,7,2015,5,1,1,1,3,97302,G,492031.0,5231612.0,973
201500057686,15,7,8,1250,1,2,1,1,3,97302,G,455595.0,5218047.0,973
201500057687,15,7,10,550,5,2,1,1,6,97302,G,493421.0,5229144.0,973
201500057688,15,7,13,940,1,2,1,1,6,97302,G,0.0,0.0,973
201500057689,15,7,17,1130,1,2,1,1,3,97302,G,493663.0,5231437.0,973
201500057690,15,7,17,2145,5,2,1,1,3,97302,G,493685.0,5230709.0,973
201500057691,15,1,6,1240,1,1,1,2,3,97302,G,0.0,0.0,973
201500057692,15,7,22,945,1,1,3,1,3,97302,G,490258.0,5232681.0,973
201500057693,15,7,22,1105,1,1,2,2,3,97302,G,0.0,0.0,973
201500057694,15,7,23,1115,1,2,1,1,1,97302,G,0.0,0.0,973
201500057695,15,7,26,555,2,2,1,1,6,97302,G,494042.0,5232991.0,973
201500057696,15,7,29,1215,1,2,1,1,3,97302,G,493398.0,5232957.0,973
201500057697,15,7,29,1238,1,2,1,1,2,97302,G,492410.0,5232441.0,973
201500057698,15,7,30,1459,1,1,1,1,6,97302,G,493353.0,5230931.0,973
201500057699,15,7,31,1213,1,1,1,1,6,97302,G,494014.0,5232609.0,973
201500057700,15,8,1,1417,1,2,1,1,2,97302,G,492425.0,5292425.0,973
201500057701,15,8,1,520,5,1,2,1,3,97302,G,494263.0,5231148.0,973
201500057702,15,8,2,135,5,2,3,1,3,97302,G,493410.0,5232709.0,973
201500057703,15,7,30,1315,1,2,1,1,3,97302,G,0.0,0.0,973
201500057704,15,8,2,330,5,2,2,1,3,97302,G,0.0,0.0,973
201500057705,15,1,7,800,1,1,1,2,2,97302,G,0.0,0.0,973
201500057706,15,8,3,1538,1,1,1,1,1,97302,G,492529.0,5229019.0,973
201500057707,15,8,3,2010,5,2,1,1,6,97302,G,494017.0,5232643.0,973
201500057708,15,8,4,1028,1,2,1,1,3,97302,G,493607.0,5231367.0,973
201500057709,15,8,9,2200,5,2,2,1,3,97302,G,494001.0,5232657.0,973
201500057710,15,8,3,2105,2,2,1,1,1,97302,G,493449.0,5232733.0,973
201500057711,15,8,11,1440,1,2,1,1,3,97302,G,493488.0,5229209.0,973
201500057712,15,8,11,1355,1,2,1,1,3,97302,G,492210.0,5232229.0,973
201500057713,15,8,12,815,1,2,1,3,2,97302,G,492823.0,5232229.0,973
201500057714,15,2,17,920,1,2,1,2,2,97302,G,0.0,0.0,973
201500057715,15,8,13,2306,5,1,1,1,1,97302,G,0.0,0.0,973
201500057716,15,8,14,2240,4,2,3,1,1,97302,G,493214.0,5231984.0,973
201500057717,15,8,15,107,5,1,3,1,6,97302,G,493175.0,5230729.0,973
201500057718,15,8,13,2135,5,1,3,1,2,97302,G,492687.0,5232402.0,973
201500057719,15,8,16,750,1,2,1,1,6,97302,G,493221.0,5230729.0,973
201500057720,15,8,18,1620,1,2,2,1,3,97302,G,493942.0,5233129.0,973
201500057721,15,8,21,1035,1,1,1,1,6,97302,G,0.0,0.0,973
201500057722,15,8,22,1450,1,1,1,1,6,97302,G,490375.0,5233118.0,973
201500057723,15,8,23,1050,1,2,1,1,1,97302,G,491641.0,5233075.0,973
201500057724,15,2,20,1335,1,2,1,2,4,97302,G,0.0,0.0,973
201500057725,15,8,25,1050,1,2,1,1,6,97302,G,0.0,0.0,973
201500057726,15,8,27,830,1,1,1,1,6,97302,G,492563.0,5233249.0,973
201500057727,15,8,29,240,5,2,2,1,3,97302,G,492958.0,5231512.0,973
201500057728,15,8,29,1733,1,2,1,1,7,97302,G,,,973
201500057729,15,8,30,1648,1,2,1,1,2,97302,G,,,973
201500057730,15,8,31,958,1,1,1,1,6,97302,G,,,973
201500057731,15,8,31,1145,1,2,1,1,3,97302,G,490379.0,5231664.0,973
201500057732,15,9,1,910,1,1,1,1,3,97302,G,490711.0,5232525.0,973
201500057733,15,9,1,1740,1,2,1,1,7,97302,G,492366.0,5233184.0,973
201500057734,15,9,2,1247,1,2,1,2,3,97302,G,492659.0,5233044.0,973
201500057735,15,9,4,1450,1,2,1,1,3,97302,G,493601.0,5229989.0,973
201500057736,15,9,6,1512,1,2,3,1,3,97302,G,494170.0,5232396.0,973
201500057737,15,9,8,1800,1,2,1,1,3,97302,G,491551.0,5231118.0,973
201500057738,15,9,11,1525,1,1,1,1,6,97302,G,0.0,0.0,973
201500057739,15,9,15,2223,5,2,3,1,7,97302,G,494086.0,5233414.0,973
201500057740,15,9,16,2330,5,2,1,1,6,97302,G,492906.0,5231592.0,973
201500057741,15,9,17,733,1,1,1,1,3,97302,G,456127.0,5218532.0,973
201500057742,15,9,17,1205,1,2,1,1,6,97302,G,493758.0,5232928.0,973
201500057743,15,9,18,1000,1,2,1,1,3,97302,G,493150.0,5230659.0,973
201500057744,15,9,20,950,1,2,1,1,6,97302,G,494491.0,5231274.0,973
201500057745,15,9,20,1115,1,1,1,1,6,97302,G,493572.0,5281931.0,973
201500057746,15,9,20,2215,5,2,2,1,3,97302,G,493928.0,5231839.0,973
201500057747,15,9,21,1900,5,2,1,1,2,97302,G,493522.0,5231898.0,973
201500057748,15,9,21,1930,5,2,1,1,2,97302,G,491922.0,5231759.0,973
201500057749,15,9,23,1245,1,2,1,1,3,97302,G,0.0,0.0,973
201500057750,15,9,24,645,1,2,1,1,6,97302,G,0.0,0.0,973
201500057751,15,9,25,2345,5,2,1,1,5,97302,G,493616.0,5229587.0,973
201500057752,15,9,26,1215,1,1,1,1,3,97302,G,493222.0,5231153.0,973
201500057753,15,9,26,1604,1,2,1,1,3,97302,G,0.0,0.0,973
201500057754,15,9,28,920,1,2,1,1,4,97302,G,492908.0,5230129.0,973
201500057755,15,9,28,1038,1,2,1,1,3,97302,G,493861.0,5231748.0,973
201500057756,15,9,28,1405,1,1,1,1,3,97302,G,493916.0,5230717.0,973
201500057757,15,9,29,1250,1,2,9,1,6,97302,G,493400.0,5232935.0,973
201500057758,15,9,30,1825,2,2,1,1,3,97302,G,493248.0,5231229.0,973
201500057759,15,10,2,636,1,1,1,1,6,97302,G,0.0,0.0,973
201500057760,15,10,1,1245,1,1,3,1,6,97302,G,0.0,0.0,973
201500057761,15,9,25,1900,2,2,3,1,3,97302,G,493548.0,5229509.0,973
201500057762,15,10,3,1400,1,2,1,1,2,97302,G,0.0,0.0,973
201500057763,15,9,30,1220,1,2,1,1,3,97302,G,492846.0,5232531.0,973
201500057764,15,10,5,1823,1,1,1,1,2,97302,G,493445.0,5230343.0,973
201500057765,15,10,5,1940,5,2,6,1,3,97302,G,490805.0,5232129.0,973
201500057766,15,10,5,1130,1,2,1,1,3,97302,G,,,973
201500057767,15,10,7,1315,1,2,1,1,6,97302,G,,,973
201500057768,15,10,8,1600,1,2,1,1,2,97302,G,491902.0,5232162.0,973
201500057769,15,10,7,2030,5,2,1,1,3,97302,G,494478.0,5231433.0,973
201500057770,15,10,12,815,1,2,1,1,3,97302,G,,,973
201500057771,15,10,12,915,1,2,1,1,2,97302,G,,,973
201500057772,15,10,13,725,1,2,1,1,6,97302,G,491831.0,5231688.0,973
201500057773,15,10,13,1307,1,1,1,1,1,97302,G,0.0,0.0,973
201500057774,15,10,14,900,1,1,1,1,6,97302,G,0.0,0.0,973
201500057775,15,10,15,1625,1,2,1,1,6,97302,G,493833.0,5233386.0,973
201500057776,15,10,16,750,1,2,1,1,3,97302,G,492600.0,5230299.0,973
201500057777,15,10,16,1055,1,2,1,1,6,97302,G,493537.0,5229472.0,973
201500057778,15,10,16,1935,5,2,1,1,3,97302,G,493414.0,5232929.0,973
201500057779,15,10,18,8,5,2,1,1,3,97302,G,494406.0,5233229.0,973
201500057780,15,9,22,745,2,1,1,1,2,97302,G,493247.0,5231235.0,973
201500057781,15,9,9,1000,1,1,3,1,6,97302,G,490652.0,5231635.0,973
201500057782,15,10,19,1010,1,1,1,1,2,97302,G,492488.0,5233242.0,973
201500057783,15,10,19,1810,1,2,1,1,2,97302,G,,,973
201500057784,15,8,23,2200,5,2,1,1,2,97302,G,492581.0,5232952.0,973
201500057785,15,10,21,740,1,2,3,1,3,97302,G,456000.0,5216999.0,973
201500057786,15,8,25,945,1,1,1,1,3,97302,G,490505.0,5232344.0,973
201500057787,15,10,22,813,1,2,1,1,6,97302,G,494153.0,5230359.0,973
201500057788,15,10,22,1215,1,2,1,1,3,97302,G,492000.0,5230999.0,973
201500057789,15,10,22,1410,1,2,1,1,1,97302,G,,,973
201500057790,15,10,22,1840,1,2,1,1,2,97302,G,454560.0,5218403.0,973
201500057791,15,10,23,1520,1,2,1,1,6,97302,G,0.0,0.0,973
201500057792,15,10,24,855,1,2,1,1,6,97302,G,494008.0,5232681.0,973
201500057793,15,10,24,1825,2,2,3,1,3,97302,G,494455.0,5235353.0,973
201500057794,15,10,25,1235,1,2,1,1,2,97302,G,492067.0,5231921.0,973
201500057795,15,10,26,745,1,2,1,1,3,97302,G,490728.0,5232009.0,973
201500057796,15,10,25,2130,5,2,3,1,3,97302,G,493869.0,5232917.0,973
201500057797,15,10,26,1532,1,2,1,1,3,97302,G,493091.0,5233214.0,973
201500057798,15,10,27,1430,1,2,1,1,1,97302,G,492370.0,5231649.0,973
201500057799,15,10,27,1520,1,2,1,1,7,97302,G,491249.0,5231990.0,973
201500057800,15,10,28,900,1,2,1,1,2,97302,G,491989.0,5232176.0,973
201500057801,15,10,28,1040,1,2,1,1,3,97302,G,493884.0,5232129.0,973
201500057802,15,10,29,915,1,2,1,1,6,97302,G,494354.0,5231870.0,973
201500057803,15,10,29,1112,1,2,1,1,3,97302,G,494027.0,5233117.0,973
201500057804,15,10,26,1252,1,1,1,1,3,97302,G,492342.0,5232781.0,973
201500057805,15,10,30,1855,5,2,1,1,1,97302,G,493632.0,5230643.0,973
201500057806,15,1,10,640,1,2,1,1,3,97302,G,0.0,0.0,973
201500057807,15,9,30,2200,3,1,1,1,7,97302,G,491886.0,5232167.0,973
201500057808,15,10,30,1320,1,2,1,1,3,97302,G,,,973
201500057809,15,11,2,1848,5,2,3,1,3,97302,G,492802.0,5231395.0,973
201500057810,15,11,5,640,1,2,1,1,3,97302,G,,,973
201500057811,15,11,5,1135,1,2,1,1,3,97302,G,,,973
201500057812,15,11,5,1800,1,1,1,1,3,97302,G,0.0,0.0,973
201500057813,15,1,10,1420,1,1,1,1,6,97302,G,0.0,0.0,973
201500057814,15,11,8,2336,5,2,2,1,3,97302,G,492958.0,5231509.0,973
201500057815,15,11,9,1540,1,2,1,1,2,97302,G,493683.0,5232594.0,973
201500057816,15,11,9,1745,1,2,1,1,3,97302,G,493564.0,5231325.0,973
201500057817,15,11,9,1725,1,2,1,1,3,97302,G,491891.0,5231672.0,973
201500057818,15,11,10,1900,2,1,3,1,3,97302,G,0.0,0.0,973
201500057819,15,11,12,1736,1,2,1,1,3,97302,G,492428.0,5230618.0,973
201500057820,15,11,12,810,1,2,1,1,6,97302,G,0.0,0.0,973
201500057821,15,11,14,1345,1,2,1,1,3,97302,G,493928.0,5231835.0,973
201500057822,15,11,16,1420,1,2,1,1,6,97302,G,0.0,0.0,973
201500057823,15,11,16,1650,1,1,1,1,3,97302,G,0.0,0.0,973
201500057824,15,11,17,1830,1,1,1,1,3,97302,G,0.0,0.0,973
201500057825,15,11,18,1130,1,1,1,1,3,97302,G,0.0,0.0,973
201500057826,15,11,22,1725,1,2,1,1,6,97302,G,494263.0,5231296.0,973
201500057827,15,11,23,1210,1,2,1,1,2,97302,G,,,973
201500057828,15,11,26,15,5,2,1,1,6,97302,G,492524.0,5232538.0,973
201500057829,15,11,26,1437,1,2,1,1,3,97302,G,491852.0,5231554.0,973
201500057830,15,11,26,2016,5,1,1,1,2,97302,G,455475.0,5218147.0,973
201500057831,15,11,28,1840,2,1,1,1,3,97302,G,493376.0,5232352.0,973
201500057832,15,12,2,1530,1,2,1,1,2,97302,G,492395.0,5232377.0,973
201500057833,15,12,2,1824,2,2,1,1,5,97302,G,491924.0,5231924.0,973
201500057834,15,12,4,730,1,2,1,1,2,97302,G,0.0,0.0,973
201500057835,15,12,5,800,1,2,1,1,6,97302,G,494077.0,5232361.0,973
201500057836,15,12,5,1325,1,2,1,1,1,97302,G,492892.0,5229989.0,973
201500057837,15,12,5,1702,1,2,1,1,1,97302,G,491766.0,5233199.0,973
201500057838,15,12,7,955,1,2,1,1,6,97302,G,494136.0,5234296.0,973
201500057839,15,12,7,1500,1,2,1,1,6,97302,G,493617.0,5232476.0,973
201500057840,15,12,7,1615,1,2,1,1,3,97302,G,493681.0,5232416.0,973
201500057841,15,12,5,1055,1,2,1,1,7,97302,G,493100.0,5232869.0,973
201500057842,15,12,5,1135,1,2,1,1,3,97302,G,492842.0,5232524.0,973
201500057843,15,12,9,907,1,2,1,1,6,97302,G,494034.0,5232680.0,973
201500057844,15,12,9,1430,1,2,1,1,1,97302,G,,,973
201500057845,15,12,10,940,1,1,1,1,4,97302,G,,,973
201500057846,15,12,10,1210,1,2,3,1,3,97302,G,,,973
201500057847,15,12,11,855,1,1,1,1,2,97302,G,455222.0,5219249.0,973
201500057848,15,12,11,900,1,2,1,1,1,97302,G,492745.0,5232222.0,973
201500057849,15,12,12,1617,1,2,3,1,3,97302,G,493973.0,5233324.0,973
201500057850,15,12,14,735,1,2,1,1,6,97302,G,493741.0,5232584.0,973
201500057851,15,12,13,2050,5,2,1,1,6,97302,G,493501.0,5232338.0,973
201500057852,15,12,11,1248,1,2,1,1,5,97302,G,490377.0,5231658.0,973
201500057853,15,12,14,1151,1,2,1,1,6,97302,G,492485.0,5231246.0,973
201500057854,15,12,14,1320,1,2,1,1,6,97302,G,0.0,0.0,973
201500057855,15,12,15,1415,1,2,1,1,2,97302,G,493836.0,5229899.0,973
201500057856,15,12,16,800,1,2,1,1,3,97302,G,493357.0,5231331.0,973
201500057857,15,12,16,1200,1,2,1,1,6,97302,G,494269.0,5231771.0,973
201500057858,15,12,16,1805,2,1,2,1,3,97302,G,0.0,0.0,973
201500057859,15,12,18,935,1,1,1,1,1,97302,G,0.0,0.0,973
201500057860,15,12,18,1420,1,2,1,1,2,97302,G,494349.0,5230696.0,973
201500057861,15,12,18,1120,1,1,1,1,6,97302,G,0.0,0.0,973
201500057862,15,12,20,1830,1,1,1,1,3,97302,G,493463.0,5232724.0,973
201500057863,15,12,20,2055,5,2,1,1,3,97302,G,493957.0,5232848.0,973
201500057864,15,1,12,1750,1,1,1,1,4,97302,G,0.0,0.0,973
201500057865,15,12,21,1500,1,2,1,1,4,97302,G,490472.0,5230466.0,973
201500057866,15,12,23,1130,1,2,1,1,3,97302,G,492285.0,5232361.0,973
201500057867,15,12,23,2228,5,2,3,1,3,97302,G,0.0,0.0,973
201500057868,15,12,24,1812,1,2,1,1,3,97302,G,493408.0,5231661.0,973
201500057869,15,12,24,2000,5,2,1,1,1,97302,G,493448.0,5233124.0,973
201500057870,15,12,26,1710,1,2,1,1,1,97302,G,492059.0,5231127.0,973
201500057871,15,12,29,1050,1,2,1,1,7,97302,G,,,973
201500057872,15,12,30,1445,1,1,1,1,3,97302,G,0.0,0.0,973
201500057873,15,12,30,1650,1,2,1,1,3,97302,G,455000.0,5218999.0,973
201500057874,15,12,30,1848,5,2,1,1,3,97302,G,493691.0,5233377.0,973
201500057875,15,1,13,755,1,1,1,1,2,97302,G,0.0,0.0,973
201500057876,15,1,13,1415,1,2,1,2,7,97302,G,0.0,0.0,973
201500057877,15,1,13,1820,1,2,1,1,3,97302,G,0.0,0.0,973
201500057878,15,1,14,1505,1,1,1,1,3,97302,G,0.0,0.0,973
201500057879,15,1,12,1754,1,1,3,1,3,97302,G,0.0,0.0,973
201500057880,15,1,16,815,1,2,1,1,3,97302,G,0.0,0.0,973
201500057881,15,1,16,1924,5,2,1,2,6,97302,G,0.0,0.0,973
201500057882,15,1,17,1034,1,1,1,8,3,97302,G,0.0,0.0,973
201500057883,15,1,17,1309,1,1,1,1,3,97302,G,0.0,0.0,973
201500057884,15,1,17,1906,5,1,1,1,1,97302,G,0.0,0.0,973
201500057885,15,1,18,445,5,1,1,2,7,97302,G,0.0,0.0,973
201500057886,15,1,23,748,1,2,1,2,3,97302,G,0.0,0.0,973
201500057887,15,1,26,900,1,1,9,1,6,97302,G,0.0,0.0,973
201500057888,15,1,28,1734,1,2,1,1,3,97302,G,0.0,0.0,973
201500057889,15,1,29,830,1,2,1,2,3,97302,G,0.0,0.0,973
201500057890,15,1,29,1755,1,1,1,1,6,97302,G,0.0,0.0,973
201500057891,15,1,30,1748,1,2,1,1,5,97302,G,0.0,0.0,973
201500057892,15,2,2,1420,1,1,1,1,3,97302,G,0.0,0.0,973
201500057893,15,2,3,1715,1,2,1,1,4,97302,G,0.0,0.0,973
201500057894,15,2,5,645,1,1,1,1,3,97302,G,0.0,0.0,973
201500057895,15,2,5,1040,1,2,1,1,3,97302,G,0.0,0.0,973
201500057896,15,2,5,1655,1,2,1,1,3,97302,G,0.0,0.0,973
201500057897,15,2,6,2109,5,2,1,1,2,97302,G,0.0,0.0,973
201500057898,15,2,7,1916,5,2,1,1,6,97302,G,0.0,0.0,973
201500057899,15,2,7,2350,5,2,1,1,6,97302,G,0.0,0.0,973
201500057900,15,2,8,1130,1,2,2,1,3,97302,G,0.0,0.0,973
201500057901,15,2,10,1645,1,2,1,1,3,97302,G,0.0,0.0,973
201500057902,15,2,10,1730,1,1,6,1,6,97302,G,0.0,0.0,973
201500057903,15,2,11,1445,1,2,1,1,3,97302,G,0.0,0.0,973
201500057904,15,2,12,1123,1,1,1,1,3,97302,G,0.0,0.0,973
201500057905,15,2,12,2110,5,2,2,1,3,97302,G,0.0,0.0,973
201500057906,15,2,12,2340,5,2,3,1,2,97302,G,0.0,0.0,973
201500057907,15,2,12,2215,5,2,1,1,7,97302,G,0.0,0.0,973
201500057908,15,2,13,1755,2,1,1,1,3,97302,G,0.0,0.0,973
201500057909,15,2,13,1310,1,2,1,1,3,97302,G,0.0,0.0,973
201500057910,15,2,13,1325,1,1,1,1,4,97302,G,0.0,0.0,973
201500057911,15,2,15,435,5,1,9,1,7,97302,G,0.0,0.0,973
201500057912,15,2,15,2100,5,2,1,1,2,97302,G,0.0,0.0,973
201500057913,15,2,16,1748,1,2,2,2,3,97302,G,0.0,0.0,973
201500057914,15,2,18,150,5,2,1,1,7,97302,G,0.0,0.0,973
201500057915,15,2,19,2205,5,2,1,1,7,97302,G,0.0,0.0,973
201500057916,15,2,19,1835,2,1,1,1,3,97302,G,0.0,0.0,973
201500057917,15,2,20,1130,1,1,1,1,3,97302,G,0.0,0.0,973
201500057918,15,2,20,1807,1,1,1,1,6,97302,G,0.0,0.0,973
201500057919,15,2,22,2048,5,1,1,1,3,97302,G,0.0,0.0,973
201500057920,15,2,21,1950,5,1,1,1,6,97302,G,0.0,0.0,973
201500057921,15,2,21,2240,5,2,1,1,6,97302,G,0.0,0.0,973
201500057922,15,2,22,1305,5,2,1,1,6,97302,G,0.0,0.0,973
201500057923,15,2,23,341,5,1,1,1,6,97302,G,0.0,0.0,973
201500057924,15,2,23,1435,1,2,1,1,2,97302,G,0.0,0.0,973
201500057925,15,2,23,1340,1,1,1,1,3,97302,G,0.0,0.0,973
201500057926,15,2,24,1245,1,2,1,1,2,97302,G,0.0,0.0,973
201500057927,15,2,24,1645,1,2,1,1,1,97302,G,0.0,0.0,973
201500057928,15,2,24,1825,1,2,1,1,6,97302,G,0.0,0.0,973
201500057929,15,2,27,405,5,2,1,1,6,97302,G,0.0,0.0,973
201500057930,15,2,27,850,1,1,1,1,4,97302,G,0.0,0.0,973
201500057931,15,2,27,1810,1,2,1,1,2,97302,G,0.0,0.0,973
201500057932,15,3,2,730,1,1,1,2,6,97302,G,0.0,0.0,973
201500057933,15,3,2,1300,1,1,1,2,2,97302,G,0.0,0.0,973
201500057934,15,3,3,1235,1,2,1,1,3,97302,G,0.0,0.0,973
201500057935,15,3,4,1415,1,1,1,1,3,97302,G,0.0,0.0,973
201500057936,15,3,5,1100,1,1,3,1,2,97302,G,0.0,0.0,973
201500057937,15,3,5,1553,1,2,1,1,3,97302,G,0.0,0.0,973
201500057938,15,3,5,1709,1,2,1,1,3,97302,G,0.0,0.0,973
201500057939,15,3,7,1240,1,1,1,1,3,97302,G,0.0,0.0,973
201500057940,15,3,10,1320,1,2,2,1,3,97302,G,0.0,0.0,973
201500057941,15,3,12,1205,1,1,3,1,3,97302,G,0.0,0.0,973
201500057942,15,3,13,745,1,2,1,1,6,97302,G,0.0,0.0,973
201500057943,15,3,13,725,1,2,1,1,3,97302,G,0.0,0.0,973
201500057944,15,3,13,650,1,1,1,1,3,97302,G,0.0,0.0,973
201500057945,15,3,13,1445,1,2,1,1,1,97302,G,0.0,0.0,973
201500057946,15,3,13,1715,1,2,1,1,3,97302,G,0.0,0.0,973
201500057947,15,3,13,1750,1,2,1,1,3,97302,G,0.0,0.0,973
201500057948,15,3,10,1720,1,1,1,1,3,97302,G,0.0,0.0,973
201500057949,15,3,10,1645,1,1,1,1,6,97302,G,0.0,0.0,973
201500057950,15,3,16,808,1,1,1,1,3,97302,G,0.0,0.0,973
201500057951,15,3,16,1806,1,1,1,2,1,97302,G,0.0,0.0,973
201500057952,15,3,16,2150,5,2,5,2,3,97302,G,0.0,0.0,973
201500057953,15,3,17,1420,1,2,1,1,6,97302,G,0.0,0.0,973
201500057954,15,3,17,805,1,2,1,1,2,97302,G,0.0,0.0,973
201500057955,15,3,17,835,1,2,1,1,2,97302,G,0.0,0.0,973
201500057956,15,3,19,1418,1,2,1,1,3,97302,G,0.0,0.0,973
201500057957,15,3,20,125,5,2,2,1,3,97302,G,0.0,0.0,973
201500057958,15,3,19,1324,1,1,1,1,6,97302,G,0.0,0.0,973
201500057959,15,3,20,630,2,1,1,1,6,97302,G,0.0,0.0,973
201500057960,15,3,21,1017,1,1,1,1,6,97302,G,0.0,0.0,973
201500057961,15,3,20,1330,1,2,2,1,2,97302,G,0.0,0.0,973
201500057962,15,3,22,15,5,2,6,1,2,97302,G,0.0,0.0,973
201500057963,15,3,23,1515,1,1,1,1,6,97302,G,0.0,0.0,973
201500057964,15,3,24,600,2,2,1,1,3,97302,G,0.0,0.0,973