Num_Acc,an,mois,jour,hrmn,lum,agg,int,atm,col,com,gps,lat,long,dep
201500057965,15,3,24,1635,1,2,1,2,6,97302,G,0.0,0.0,973
201500057966,15,3,24,1950,5,1,1,2,2,97302,G,0.0,0.0,973
201500057967,15,3,25,1820,1,2,1,1,3,97302,G,0.0,0.0,973
201500057968,15,3,26,2205,5,2,2,1,3,97302,G,0.0,0.0,973
201500057969,15,3,27,710,1,1,1,1,3,97302,G,0.0,0.0,973
201500057970,15,3,27,805,1,2,1,1,6,97302,G,0.0,0.0,973
201500057971,15,3,27,1135,1,2,2,2,3,97302,G,0.0,0.0,973
201500057972,15,3,27,2240,3,1,6,1,2,97302,G,0.0,0.0,973
201500057973,15,3,27,2340,5,2,1,1,1,97302,G,0.0,0.0,973
201500057974,15,3,27,2135,5,2,1,1,2,97302,G,0.0,0.0,973
201500057975,15,3,30,723,1,2,1,2,6,97302,G,0.0,0.0,973
201500057976,15,3,30,1345,1,2,2,1,3,97302,G,0.0,0.0,973
201500057977,15,3,30,1740,1,1,3,1,5,97302,G,0.0,0.0,973
201500057978,15,1,14,1020,1,2,1,1,2,97407,R,2094249.0,5529209.0,974
201500057979,15,4,8,950,1,2,3,1,3,97407,R,2093597.0,5530755.0,974
201500057980,15,1,24,1715,1,2,1,1,6,97407,R,0.0,0.0,974
201500057981,15,4,10,40,3,1,1,1,7,97407,R,0.0,0.0,974
201500057982,15,1,28,1855,2,2,1,1,3,97407,R,2094322.0,5529717.0,974
201500057983,15,4,10,950,1,1,1,1,7,97407,R,0.0,0.0,974
201500057984,15,2,9,1340,1,2,2,2,3,97407,R,0.0,0.0,974
201500057985,15,4,14,800,1,1,1,1,4,97407,R,2095351.0,5531495.0,974
201500057986,15,2,10,2110,5,2,1,1,6,97407,R,2096011.0,5531681.0,974
201500057987,15,4,14,1715,1,2,1,1,1,97407,R,2096059.0,5531596.0,974
201500057988,15,2,11,930,1,2,1,1,6,97407,R,0.0,0.0,974
201500057989,15,4,15,755,1,2,2,1,3,97407,R,2095669.0,5531325.0,974
201500057990,15,2,11,1430,1,2,3,1,3,97407,R,0.0,0.0,974
201500057991,15,4,15,1815,2,1,1,1,2,97407,R,0.0,0.0,974
201500057992,15,2,11,1540,1,2,1,1,6,97407,R,2094076.0,5530294.0,974
201500057993,15,4,18,1515,1,1,1,1,4,97407,R,0.0,0.0,974
201500057994,15,2,11,2015,3,2,1,1,6,97407,R,2094828.0,5529879.0,974
201500057995,15,4,18,1640,1,2,3,1,3,97407,R,2094939.0,5529272.0,974
201500057996,15,2,15,1910,2,2,1,1,7,97407,R,2093177.0,5529636.0,974
201500057997,15,4,18,1715,1,1,1,1,3,97407,R,2094524.0,5532506.0,974
201500057998,15,4,22,845,1,1,1,1,3,97407,R,0.0,0.0,974
201500057999,15,2,26,1620,1,2,1,1,3,97407,R,0.0,0.0,974
201500058000,15,4,26,1715,1,2,1,1,3,97407,R,2093776.0,5529976.0,974
201500058001,15,3,6,1140,1,2,1,1,3,97407,R,2093670.0,5529007.0,974
201500058002,15,4,27,1740,1,1,1,2,6,97407,R,0.0,0.0,974
201500058003,15,3,8,405,3,1,1,1,2,97407,R,0.0,0.0,974
201500058004,15,4,29,1430,1,2,3,1,6,97407,R,2093911.0,5529611.0,974
201500058005,15,3,13,1230,1,2,1,1,6,97407,R,0.0,0.0,974
201500058006,15,4,29,1900,5,1,2,1,3,97407,R,2095803.0,5531735.0,974
201500058007,15,3,14,1745,1,1,1,1,7,97407,R,2094565.0,5528468.0,974
201500058008,15,4,30,1930,3,2,1,2,7,97407,R,2095159.0,5530444.0,974
201500058009,15,3,22,338,2,2,1,1,6,97407,R,2094967.0,5529844.0,974
201500058010,15,3,25,605,2,2,1,1,3,97407,R,2095089.0,5529071.0,974
201500058011,15,5,7,850,1,1,1,1,6,97407,R,0.0,0.0,974
201500058012,15,5,9,1900,5,2,1,1,4,97407,R,2094858.0,5529977.0,974
201500058013,15,5,14,1645,1,2,1,1,6,97407,R,2093793.0,5529575.0,974
201500058014,15,5,17,730,1,1,6,1,3,97407,R,2093034.0,5530957.0,974
201500058015,15,5,21,1000,1,1,1,1,3,97407,R,2095439.0,5531367.0,974
201500058016,15,5,24,1128,1,1,1,1,2,97407,R,0.0,0.0,974
201500058017,15,6,2,830,1,2,1,1,1,97407,R,2092953.0,5529719.0,974
201500058018,15,6,4,1015,1,2,1,1,6,97407,R,0.0,0.0,974
201500058019,15,6,3,1830,3,1,1,1,3,97407,R,0.0,0.0,974
201500058020,15,6,4,1800,2,1,1,1,3,97407,R,0.0,0.0,974
201500058021,15,6,6,1030,1,1,1,1,2,97407,R,0.0,0.0,974
201500058022,15,6,8,800,1,2,6,1,6,97407,R,2095599.0,5531200.0,974
201500058023,15,6,12,1530,1,2,1,1,2,97407,R,0.0,0.0,974
201500058024,15,6,15,1710,1,1,1,1,2,97407,R,0.0,0.0,974
201500058025,15,6,21,1710,1,1,1,1,7,97407,R,2095599.0,5531200.0,974
201500058026,15,6,23,815,1,2,2,1,7,97407,R,2094386.0,5529387.0,974
201500058027,15,6,29,1900,5,2,3,1,3,97407,R,2095867.0,5531458.0,974
201500058028,15,6,30,2100,5,2,1,1,3,97407,R,0.0,0.0,974
201500058029,15,7,5,1525,1,2,6,1,3,97407,R,2093923.0,5530072.0,974
201500058030,15,7,7,745,1,2,5,1,6,97407,R,2094171.0,5529629.0,974
201500058031,15,7,8,1112,1,1,1,1,3,97407,R,0.0,0.0,974
201500058032,15,7,9,840,1,2,1,1,3,97407,R,2093947.0,5530315.0,974
201500058033,15,7,10,800,1,2,1,1,6,97407,R,2093261.0,5529445.0,974
201500058034,15,7,11,1930,2,2,2,1,6,97407,R,2094095.0,5530194.0,974
201500058035,15,7,14,1315,1,1,1,1,6,97407,R,2095613.0,5531186.0,974
201500058036,15,7,15,805,1,2,6,1,6,97407,R,2095682.0,5531324.0,974
201500058037,15,7,21,1730,2,2,3,1,1,97407,R,2093030.0,5529038.0,974
201500058038,15,7,22,1845,3,2,1,1,1,97407,R,0.0,0.0,974
201500058039,15,7,23,1620,1,2,1,1,3,97407,R,2095694.0,5531403.0,974
201500058040,15,8,8,1554,1,1,1,1,6,97407,R,2093456.0,5531981.0,974
201500058041,15,8,9,1515,1,1,1,1,6,97407,R,2093457.0,5531748.0,974
201500058042,15,8,20,745,1,1,1,1,2,97407,R,2095606.0,5531182.0,974
201500058043,15,8,21,745,1,2,3,1,3,97407,R,2093350.0,5530884.0,974
201500058044,15,8,23,1945,5,2,4,1,3,97407,R,2094171.0,5529626.0,974
201500058045,15,8,29,1330,1,2,1,1,6,97407,R,2095083.0,5529064.0,974
201500058046,15,9,4,145,5,1,1,1,6,97407,R,0.0,0.0,974
201500058047,15,9,7,1550,1,2,1,1,6,97407,R,2093946.0,5530356.0,974
201500058048,15,9,7,1945,3,1,1,1,6,97407,R,2093011.0,5530418.0,974
201500058049,15,9,9,1310,1,2,1,1,6,97407,R,0.0,0.0,974
201500058050,15,9,10,1020,1,1,1,1,3,97407,R,0.0,0.0,974
201500058051,15,9,14,1740,1,1,1,1,2,97407,R,2095748.0,5529402.0,974
201500058052,15,9,21,540,2,1,1,1,1,97407,R,2094661.0,5528217.0,974
201500058053,15,9,25,1220,1,2,7,1,6,97407,R,0.0,0.0,974
201500058054,15,10,4,300,5,2,1,1,2,97407,R,0.0,0.0,974
201500058055,15,10,18,1755,2,1,1,1,6,97407,R,0.0,0.0,974
201500058056,15,10,21,2040,3,1,1,1,6,97407,R,0.0,0.0,974
201500058057,15,10,23,1945,5,2,2,1,3,97407,R,2093510.0,5529883.0,974
201500058058,15,10,25,2000,3,1,1,1,6,97407,R,2092937.0,5532909.0,974
201500058059,15,11,4,745,1,2,1,2,1,97407,R,0.0,0.0,974
201500058060,15,11,5,1735,1,2,1,3,6,97407,R,2095118.0,5529835.0,974
201500058061,15,11,11,1530,1,2,1,1,7,97407,R,2094030.0,5530810.0,974
201500058062,15,11,21,600,1,2,8,1,1,97407,R,2093858.0,5529672.0,974
201500058063,15,11,22,1805,1,1,1,1,7,97407,R,2093018.0,5530958.0,974
201500058064,15,11,20,1730,2,2,1,1,7,97407,R,2093457.0,5531986.0,974
201500058065,15,11,23,1615,1,2,1,1,6,97407,R,0.0,0.0,974
201500058066,15,11,28,1630,1,1,1,1,7,97407,R,2095678.0,5531000.0,974
201500058067,15,11,30,1125,1,2,1,1,6,97407,R,2093583.0,5529095.0,974
201500058068,15,11,30,1730,1,2,1,1,3,97407,R,0.0,5518599.0,974
201500058069,15,12,1,1615,1,2,1,1,6,97407,R,2093354.0,5529295.0,974
201500058070,15,12,2,1245,1,1,1,1,7,97407,R,0.0,5518335.0,974
201500058071,15,12,4,730,1,1,1,1,6,97407,R,2094013.0,5530629.0,974
201500058072,15,12,7,1200,1,2,1,1,2,97407,R,0.0,5519003.0,974
201500058073,15,12,8,1310,1,2,1,1,3,97407,R,0.0,0.0,974
201500058074,15,12,13,1240,1,2,1,1,3,97407,R,0.0,0.0,974
201500058075,15,12,14,900,1,1,1,1,2,97407,R,2095841.0,5530928.0,974
201500058076,15,12,25,740,1,1,1,1,6,97407,R,2096088.0,5531493.0,974
201500058077,15,12,24,1600,1,2,1,1,1,97407,R,2096238.0,5531760.0,974
201500058078,15,12,29,1430,1,1,1,1,6,97407,R,0.0,5518512.0,974
201500058079,15,1,10,520,2,1,1,1,7,97409,R,0.0,0.0,974
201500058080,15,4,4,1115,1,1,1,1,3,97409,R,2095565.0,5568766.0,974
201500058081,15,1,11,420,2,1,1,1,7,97409,R,2094238.0,5567995.0,974
201500058082,15,4,8,1000,1,1,1,1,3,97409,R,2094385.0,5568148.0,974
201500058083,15,11,22,2030,5,2,4,4,6,97409,R,2095567.0,5568764.0,974
201500058084,15,1,11,1340,1,1,1,2,7,97409,R,0.0,0.0,974
201500058085,15,4,9,1315,1,2,1,1,6,97409,R,2095805.0,5564981.0,974
201500058086,15,1,12,1750,1,1,1,2,2,97409,R,2094238.0,5529717.0,974
201500058087,15,4,10,715,1,2,1,1,7,97409,R,0.0,0.0,974
201500058088,15,1,13,2030,5,1,1,1,7,97409,R,2095153.0,5568453.0,974
201500058089,15,4,11,345,5,2,1,1,6,97409,R,0.0,0.0,974
201500058090,15,1,16,1220,1,1,1,1,7,97409,R,2097301.0,5568603.0,974
201500058091,15,4,17,1915,5,2,2,1,3,97409,R,2096192.0,5565669.0,974
201500058092,15,1,17,1955,3,1,1,2,7,97409,R,0.0,0.0,974
201500058093,15,4,19,1740,1,1,1,1,3,97409,R,2097330.0,5568141.0,974
201500058094,15,1,22,1540,1,1,1,1,3,97409,R,2093631.0,5567178.0,974
201500058095,15,4,19,2150,5,1,1,2,7,97409,R,2095270.0,5566881.0,974
201500058096,15,1,24,1725,1,2,3,1,3,97409,R,2096470.0,5566504.0,974
201500058097,15,5,4,1440,1,1,1,1,3,97409,R,0.0,0.0,974
201500058098,15,1,24,1920,2,1,1,1,1,97409,R,2096259.0,5562553.0,974
201500058099,15,5,15,2230,5,1,1,1,1,97409,R,2095220.0,5565714.0,974
201500058100,15,2,2,2025,3,1,1,1,7,97409,R,2097151.0,5566701.0,974
201500058101,15,5,19,1145,1,1,1,1,7,97409,R,2095536.0,5565049.0,974
201500058102,15,2,5,835,1,1,1,2,2,97409,R,0.0,0.0,974
201500058103,15,5,26,630,2,1,1,1,3,97409,R,0.0,0.0,974
201500058104,15,2,6,1125,1,1,1,1,7,97409,R,0.0,0.0,974
201500058105,15,5,26,730,1,2,1,1,6,97409,R,2096884.0,5565702.0,974
201500058106,15,2,6,2045,3,1,1,2,7,97409,R,2097126.0,5565295.0,974
201500058107,15,6,5,1600,1,1,1,1,6,97409,R,2094306.0,5564834.0,974
201500058108,15,2,7,1255,1,1,1,2,7,97409,R,2094294.0,5564835.0,974
201500058109,15,6,23,640,2,2,1,1,6,97409,R,2096521.0,5565923.0,974
201500058110,15,2,7,1340,1,1,1,2,7,97409,R,0.0,0.0,974
201500058111,15,6,25,850,1,1,9,1,3,97409,R,2095014.0,5565976.0,974
201500058112,15,2,7,1430,1,1,1,2,7,97409,R,0.0,0.0,974
201500058113,15,7,15,900,1,1,1,1,1,97409,R,2096011.0,5565439.0,974
201500058114,15,2,10,2030,3,1,3,1,3,97409,R,2094817.0,5565743.0,974
201500058115,15,8,15,1350,1,2,3,1,3,97409,R,2094024.0,5564719.0,974
201500058116,15,10,1,830,1,2,1,1,6,97409,R,2095622.0,5564875.0,974
201500058117,15,2,16,1720,1,1,1,1,7,97409,R,0.0,0.0,974
201500058118,15,10,7,720,1,2,1,1,3,97409,R,0.0,0.0,974
201500058119,15,2,20,1600,1,1,3,1,2,97409,R,2095475.0,5564918.0,974
201500058120,15,10,10,2020,3,2,1,1,1,97409,R,2096584.0,5565020.0,974
201500058121,15,2,21,1900,5,2,1,1,6,97409,R,2100101.0,5559234.0,974
201500058122,15,10,18,1050,1,2,2,1,3,97409,R,2097267.0,5565182.0,974
201500058123,15,2,28,920,1,2,1,1,7,97409,R,2096181.0,5565269.0,974
201500058124,15,3,18,2110,3,1,1,3,7,97409,R,2095142.0,5565543.0,974
201500058125,15,3,26,805,1,1,1,1,2,97409,R,2096122.0,5565611.0,974
201500058126,15,10,30,2010,5,2,4,4,1,97409,R,2093400.0,5565971.0,974
201500058127,15,3,28,1335,1,1,1,1,7,97409,R,2096546.0,5565881.0,974
201500058128,15,11,6,1030,1,1,2,8,3,97409,R,2097290.0,5565689.0,974
201500058129,15,11,13,1030,1,2,1,1,6,97409,R,2095916.0,5565240.0,974
201500058130,15,8,30,1340,1,2,1,1,2,97409,R,2096188.0,5565753.0,974
201500058131,15,11,28,1920,1,1,1,1,6,97409,R,2094048.0,5564815.0,974
201500058132,15,12,16,1245,1,2,4,4,6,97409,R,2094812.0,5568463.0,974
201500058133,15,9,29,2005,5,2,1,1,7,97409,R,0.0,0.0,974
201500058134,15,1,16,1330,1,2,1,1,7,97409,R,2093858.0,5529672.0,974
201500058135,15,1,2,1545,1,2,1,1,3,97411,R,2089452.0,5546283.0,974
201500058136,15,12,25,605,2,2,1,1,6,97411,R,2089712.0,5549632.0,974
201500058137,15,1,5,825,1,1,1,1,5,97411,R,2087604.0,5544408.0,974
201500058138,15,4,8,1357,1,1,4,1,3,97411,R,2090299.0,5544288.0,974
201500058139,15,4,10,40,5,2,2,1,3,97411,R,2087710.0,5545372.0,974
201500058140,15,1,10,1700,1,2,6,2,7,97411,R,0.0,0.0,974
201500058141,15,4,11,1015,1,2,2,1,3,97411,R,2088561.0,5545421.0,974
201500058142,15,4,12,2010,5,2,1,1,6,97411,R,2089496.0,5548172.0,974
201500058143,15,1,19,310,5,1,1,2,7,97411,R,0.0,0.0,974
201500058144,15,4,18,1030,1,2,1,2,6,97411,R,2091736.0,5547797.0,974
201500058145,15,4,18,1130,1,2,1,8,6,97411,R,2090284.0,5548111.0,974
201500058146,15,1,26,1230,1,2,3,1,3,97411,R,2088937.0,5545068.0,974
201500058147,15,1,30,620,1,2,1,1,3,97411,R,2088564.0,5547159.0,974
201500058148,15,5,6,1845,5,2,4,1,4,97411,R,2089870.0,5549648.0,974
201500058149,15,1,30,855,1,2,2,1,3,97411,R,2088214.0,5544979.0,974
201500058150,15,5,8,1130,1,1,1,1,2,97411,R,2088977.0,5546137.0,974
201500058151,15,2,1,2125,5,2,1,1,7,97411,R,0.0,0.0,974
201500058152,15,2,5,1220,1,2,1,1,3,97411,R,0.0,0.0,974
201500058153,15,5,11,1846,4,2,1,1,6,97411,R,2088995.0,5546183.0,974
201500058154,15,2,12,300,5,2,1,2,6,97411,R,2088301.0,5546478.0,974
201500058155,15,5,14,1820,5,2,9,9,6,97411,R,2090193.0,5549214.0,974
201500058156,15,2,12,2315,5,2,1,1,1,97411,R,2089504.0,5544211.0,974
201500058157,15,4,3,830,1,2,1,1,3,97411,R,2092303.0,5549483.0,974
201500058158,15,2,15,1630,1,2,2,1,6,97411,R,0.0,0.0,974
201500058159,15,5,26,1120,1,2,2,1,3,97411,R,2088357.0,5545168.0,974
201500058160,15,5,20,1922,3,2,1,1,3,97411,R,2088788.0,5547212.0,974
201500058161,15,5,30,2200,5,2,2,1,3,97411,R,2087484.0,5544714.0,974
201500058162,15,2,21,120,3,2,1,1,3,97411,R,2088041.0,5545738.0,974
201500058163,15,5,31,2340,5,1,1,6,6,97411,R,0.0,0.0,974
201500058164,15,2,24,1715,1,2,1,1,6,97411,R,2089452.0,5548759.0,974
201500058165,15,5,31,2015,5,2,1,1,6,97411,R,2088935.0,5545102.0,974
201500058166,15,6,7,35,5,2,1,1,6,97411,R,0.0,0.0,974
201500058167,15,3,7,1030,1,2,1,1,6,97411,R,2090829.0,5548492.0,974
201500058168,15,6,6,1330,1,1,1,1,6,97411,R,2092747.0,5547799.0,974
201500058169,15,3,13,2205,5,2,1,1,1,97411,R,2089370.0,5548563.0,974
201500058170,15,6,10,2020,3,2,1,1,6,97411,R,2089456.0,5549374.0,974
201500058171,15,3,14,1635,1,2,1,1,6,97411,R,0.0,0.0,974
201500058172,15,3,20,2215,5,2,2,1,1,97411,R,,,974
201500058173,15,6,16,1650,1,2,1,1,3,97411,R,2089841.0,5547524.0,974
201500058174,15,6,4,2155,5,2,1,1,3,97411,R,,,974
201500058175,15,6,28,1820,1,2,3,1,3,97411,R,2089224.0,5548837.0,974
201500058176,15,7,1,1223,1,2,1,1,2,97411,R,0.0,0.0,974
201500058177,15,7,10,550,5,2,1,1,3,97411,R,2088888.0,5544532.0,974
201500058178,15,4,4,52,5,2,1,1,2,97411,R,2088227.0,5546374.0,974
201500058179,15,7,28,1500,1,2,1,1,1,97411,R,2089853.0,5549824.0,974
201500058180,15,7,21,2000,5,2,1,1,4,97411,R,2089928.0,5549184.0,974
201500058181,15,8,4,905,1,2,1,1,6,97411,R,0.0,0.0,974
201500058182,15,8,1,1120,1,2,3,1,3,97411,R,2090930.0,5548027.0,974
201500058183,15,8,4,1015,1,2,1,1,2,97411,R,0.0,0.0,974
201500058184,15,8,9,905,1,2,1,1,6,97411,R,2089134.0,5544542.0,974
201500058185,15,8,10,1350,1,2,1,1,6,97411,R,2090085.0,5548778.0,974
201500058186,15,7,30,1645,1,2,1,1,7,97411,R,2089265.0,5546072.0,974
201500058187,15,8,16,1340,1,2,1,1,6,97411,R,2088863.0,5544908.0,974
201500058188,15,8,18,955,1,2,1,1,6,97411,R,2089401.0,5545726.0,974
201500058189,15,8,24,815,1,2,2,1,3,97411,R,2088673.0,5546783.0,974
201500058190,15,9,1,1027,1,2,2,1,6,97411,R,2088254.0,5545751.0,974
201500058191,15,9,4,1330,1,2,2,1,7,97411,R,2088989.0,5545297.0,974
201500058192,15,9,23,1100,1,1,3,1,6,97411,R,2089182.0,5549549.0,974
201500058193,15,9,22,1030,1,2,1,1,3,97411,R,2090295.0,5548806.0,974
201500058194,15,9,28,1015,1,2,1,1,6,97411,R,2090574.0,5548391.0,974
201500058195,15,10,4,715,1,1,1,1,6,97411,R,0.0,0.0,974
201500058196,15,10,5,630,1,2,1,1,6,97411,R,0.0,0.0,974
201500058197,15,10,4,730,1,1,1,1,4,97411,R,0.0,0.0,974
201500058198,15,10,9,620,1,2,2,1,3,97411,R,2090324.0,5549997.0,974
201500058199,15,10,11,2025,5,2,2,1,3,97411,R,2087980.0,5545450.0,974
201500058200,15,10,14,1930,5,2,2,1,3,97411,R,2088866.0,5544886.0,974
201500058201,15,10,15,1915,5,2,1,1,1,97411,R,2088269.0,5543248.0,974
201500058202,15,10,23,1910,5,2,1,1,6,97411,R,2088110.0,5545717.0,974
201500058203,15,11,19,1525,1,2,3,1,3,97411,R,2087812.0,5544576.0,974
201500058204,15,11,28,1140,1,2,1,1,6,97411,R,0.0,5547083.0,974
201500058205,15,11,26,2345,3,2,1,1,6,97411,R,2090360.0,5540720.0,974
201500058206,15,12,2,945,1,2,2,1,6,97411,R,2089147.0,5545277.0,974
201500058207,15,12,11,2020,3,1,1,1,1,97411,R,2091687.0,5547804.0,974
201500058208,15,12,5,210,5,2,2,1,3,97411,R,0.0,0.0,974
201500058209,15,12,12,1400,1,2,3,1,2,97411,R,2089764.0,5548346.0,974
201500058210,15,12,14,1455,1,2,3,2,3,97411,R,2090235.0,5550283.0,974
201500058211,15,1,1,200,3,1,1,1,7,97416,R,0.0,0.0,974
201500058212,15,11,30,740,1,2,2,1,3,97416,R,2128772.0,5547117.0,974
201500058213,15,4,1,1730,1,2,1,1,6,97416,R,0.0,5528235.0,974
201500058214,15,1,2,1810,2,1,1,1,7,97416,R,0.0,0.0,974
201500058215,15,4,2,810,1,2,1,1,6,97416,R,2133904.0,5547936.0,974
201500058216,15,1,5,830,1,2,1,1,4,97416,R,2132029.0,5547606.0,974
201500058217,15,4,3,1525,1,2,1,1,1,97416,R,2130190.0,5549336.0,974
201500058218,15,1,7,1455,1,2,2,1,7,97416,R,2133780.0,5547496.0,974
201500058219,15,4,8,830,1,1,1,1,2,97416,R,0.0,0.0,974
201500058220,15,1,13,2141,3,1,1,1,7,97416,R,0.0,0.0,974
201500058221,15,4,9,2015,5,2,3,1,3,97416,R,2128536.0,5546845.0,974
201500058222,15,1,16,1130,5,2,1,1,7,97416,R,2134707.0,5549091.0,974
201500058223,15,11,10,1715,1,1,1,1,6,97416,R,2119000.0,5531999.0,974
201500058224,15,4,9,2020,4,2,1,1,1,97416,R,2129730.0,5545118.0,974
201500058225,15,1,16,1230,1,1,1,1,1,97416,R,0.0,0.0,974
201500058226,15,4,10,1624,1,2,1,1,6,97416,R,2128326.0,5547711.0,974
201500058227,15,1,17,950,1,2,3,1,3,97416,R,2132576.0,5547692.0,974
201500058228,15,11,29,1820,2,2,2,1,3,97416,R,2134071.0,5546908.0,974
201500058229,15,4,10,1740,1,1,1,1,3,97416,R,2133554.0,5548781.0,974
201500058230,15,1,19,1418,1,2,3,1,3,97416,R,2133683.0,5547161.0,974
201500058231,15,4,12,1535,1,2,1,1,3,97416,R,0.0,0.0,974
201500058232,15,1,20,745,1,2,1,1,3,97416,R,2131826.0,5547331.0,974
201500058233,15,4,12,1855,2,2,1,1,6,97416,R,2132511.0,5547605.0,974
201500058234,15,1,23,2330,3,1,1,1,1,97416,R,0.0,0.0,974
201500058235,15,4,14,1710,1,2,1,1,6,97416,R,2131324.0,5547544.0,974
201500058236,15,1,25,1940,5,2,2,1,3,97416,R,2134173.0,5547244.0,974
201500058237,15,4,16,100,3,1,1,1,2,97416,R,2135466.0,5551403.0,974
201500058238,15,1,30,2155,5,2,1,1,7,97416,R,2129251.0,5546988.0,974
201500058239,15,11,26,50,5,2,2,1,3,97416,R,2133810.0,5547609.0,974
201500058240,15,4,16,800,2,2,3,1,3,97416,R,2127690.0,5547026.0,974
201500058241,15,11,28,455,2,1,1,1,2,97416,R,,,974
201500058242,15,1,31,1410,1,1,1,1,3,97416,R,0.0,0.0,974
201500058243,15,4,16,1125,1,1,1,1,7,97416,R,2135466.0,5551403.0,974
201500058244,15,11,20,1305,1,1,1,1,3,97416,R,2120591.0,5530139.0,974
201500058245,15,2,1,410,3,1,1,1,7,97416,R,0.0,0.0,974
201500058246,15,4,18,1726,1,2,1,1,6,97416,R,2134249.0,5547532.0,974
201500058247,15,11,8,2255,3,1,1,1,7,97416,R,2134109.0,5551273.0,974
201500058248,15,2,2,35,5,2,1,1,7,97416,R,2134355.0,5547089.0,974
201500058249,15,4,19,2140,3,2,1,1,1,97416,R,2133309.0,5548228.0,974
201500058250,15,2,2,635,2,2,1,1,2,97416,R,0.0,0.0,974
201500058251,15,4,21,805,1,2,1,1,3,97416,R,0.0,5529038.0,974
201500058252,15,2,6,2150,3,1,2,1,1,97416,R,2129430.0,5546026.0,974
201500058253,15,4,21,800,1,2,1,1,1,97416,R,0.0,5528572.0,974
201500058254,15,11,7,1900,2,2,1,1,6,97416,R,0.0,5528162.0,974
201500058255,15,2,7,630,2,1,1,1,7,97416,R,2133117.0,5545609.0,974
201500058256,15,4,22,1210,1,1,1,1,3,97416,R,2132465.0,5544716.0,974
201500058257,15,9,4,1755,2,2,1,1,6,97416,R,0.0,5530415.0,974
201500058258,15,2,8,340,3,1,1,1,7,97416,R,0.0,0.0,974
201500058259,15,4,22,1410,1,2,3,1,3,97416,R,2134323.0,5548673.0,974
201500058260,15,9,24,1110,1,2,1,1,6,97416,R,0.0,5528296.0,974
201500058261,15,2,8,2347,3,1,1,1,7,97416,R,0.0,0.0,974
201500058262,15,4,22,1900,3,1,1,1,2,97416,R,0.0,0.0,974
201500058263,15,9,26,315,3,1,1,1,1,97416,R,0.0,0.0,974
201500058264,15,2,9,1150,1,2,3,1,6,97416,R,2134557.0,5548367.0,974
201500058265,15,4,23,805,1,2,1,1,2,97416,R,2132419.0,5548673.0,974
201500058266,15,11,11,1810,2,2,1,1,6,97416,R,2134354.0,5547051.0,974
201500058267,15,2,9,1945,5,2,1,1,7,97416,R,2129739.0,5545206.0,974
201500058268,15,5,7,1900,2,1,1,1,4,97416,R,2132803.0,5545193.0,974
201500058269,15,11,9,1722,1,1,1,1,3,97416,R,2129697.0,5544049.0,974
201500058270,15,2,12,825,2,1,1,1,2,97416,R,2128944.0,5547834.0,974
201500058271,15,5,7,1810,2,1,1,1,4,97416,R,0.0,5529242.0,974
201500058272,15,2,12,855,1,1,1,1,2,97416,R,2129618.0,5544764.0,974
201500058273,15,5,16,2155,3,1,1,1,2,97405,R,0.0,0.0,974
201500058274,15,2,12,1215,1,1,3,1,3,97416,R,2129593.0,5547191.0,974
201500058275,15,5,8,155,5,2,3,1,3,97416,R,2133811.0,5547609.0,974
201500058276,15,11,10,1800,2,2,1,1,7,97416,R,2133865.0,5546510.0,974
201500058277,15,2,12,1340,1,2,1,1,7,97416,R,0.0,0.0,974
201500058278,15,5,9,1817,2,1,1,2,2,97416,R,2133055.0,5546861.0,974
201500058279,15,12,20,1640,1,2,1,1,6,97416,R,2135381.0,5551227.0,974
201500058280,15,2,13,1640,1,2,1,1,2,97416,R,0.0,0.0,974
201500058281,15,5,9,2035,3,1,1,2,6,97416,R,2133126.0,5545601.0,974
201500058282,15,12,10,215,5,2,2,1,3,97416,R,2133745.0,5547383.0,974
201500058283,15,2,17,1345,1,2,1,1,7,97416,R,0.0,0.0,974
201500058284,15,5,11,1100,1,2,1,1,6,97416,R,2133608.0,5547049.0,974
201500058285,15,2,17,2349,3,1,1,1,7,97416,R,0.0,0.0,974
201500058286,15,5,13,1620,1,2,1,1,2,97416,R,2129601.0,5544407.0,974
201500058287,15,2,18,1925,3,2,2,1,1,97416,R,0.0,0.0,974
201500058288,15,5,15,1840,1,1,1,1,3,97416,R,2132753.0,5547061.0,974
201500058289,15,11,9,50,3,1,1,1,6,97416,R,0.0,5529509.0,974
201500058290,15,2,20,1210,1,1,1,1,2,97416,R,0.0,0.0,974
201500058291,15,5,16,1445,1,2,1,1,1,97416,R,2133700.0,5551833.0,974
201500058292,15,12,11,1940,5,2,1,1,6,97416,R,2134181.0,5548201.0,974
201500058293,15,2,20,1616,1,2,3,1,7,97416,R,0.0,0.0,974
201500058294,15,5,18,620,2,1,1,1,1,97416,R,2126340.0,5548394.0,974
201500058295,15,2,23,1810,2,2,1,1,2,97416,R,0.0,0.0,974
201500058296,15,5,20,1725,1,2,1,1,6,97416,R,2133510.0,5546491.0,974
201500058297,15,2,23,2020,5,2,1,1,1,97416,R,0.0,0.0,974