Num_Acc,an,mois,jour,hrmn,lum,agg,int,atm,col,com,gps,lat,long,dep
201500058298,15,5,21,1300,1,2,3,1,3,97416,R,2133236.0,5547362.0,974
201500058299,15,2,24,1615,1,1,1,1,3,97416,R,0.0,0.0,974
201500058300,15,5,22,1530,1,2,3,1,3,97416,R,2133030.0,5547947.0,974
201500058301,15,2,25,30,5,2,2,1,3,97416,R,0.0,0.0,974
201500058302,15,5,22,1643,1,2,3,1,6,97416,R,2134099.0,5547025.0,974
201500058303,15,2,27,810,1,1,1,1,4,97416,R,0.0,0.0,974
201500058304,15,5,22,2200,3,1,3,1,1,97416,R,0.0,5526295.0,974
201500058305,15,2,28,135,3,1,1,1,1,97416,R,0.0,0.0,974
201500058306,15,5,30,245,3,1,1,1,4,97416,R,0.0,0.0,974
201500058307,15,3,3,830,1,2,1,1,7,97416,R,0.0,0.0,974
201500058308,15,5,30,1425,1,2,3,1,3,97416,R,2128919.0,5550744.0,974
201500058309,15,3,6,1415,1,2,1,1,3,97416,R,2133146.0,5547742.0,974
201500058310,15,6,1,915,1,1,1,1,3,97416,R,2132244.0,5548711.0,974
201500058311,15,6,1,1945,2,2,3,1,1,97416,R,2132950.0,5547399.0,974
201500058312,15,3,11,2255,5,2,1,1,7,97416,R,0.0,0.0,974
201500058313,15,6,2,1330,1,2,1,1,6,97416,R,2129910.0,5545455.0,974
201500058314,15,3,13,840,1,1,1,1,7,97416,R,2128170.0,5548063.0,974
201500058315,15,6,3,808,1,2,1,1,2,97416,R,2134439.0,5548330.0,974
201500058316,15,3,13,2017,3,1,1,1,5,97416,R,0.0,0.0,974
201500058317,15,6,5,1850,2,1,1,1,2,97416,R,2131256.0,5549522.0,974
201500058318,15,3,15,610,2,2,1,1,7,97416,R,2133413.0,5547118.0,974
201500058319,15,6,7,1830,2,1,1,1,6,97416,R,0.0,5527302.0,974
201500058320,15,3,17,1215,1,2,3,1,1,97416,R,2131486.0,5545469.0,974
201500058321,15,6,11,1500,1,2,1,1,6,97416,R,2129916.0,5549664.0,974
201500058322,15,6,14,130,3,1,1,1,6,97416,R,2129634.0,5544138.0,974
201500058323,15,3,18,1735,1,2,2,1,7,97416,R,2133504.0,5547345.0,974
201500058324,15,3,19,1015,1,1,1,1,1,97416,R,2131127.0,5553928.0,974
201500058325,15,6,16,1625,1,1,1,1,4,97416,R,2129405.0,5541501.0,974
201500058326,15,6,18,1040,1,2,1,1,6,97416,R,2133230.0,5547559.0,974
201500058327,15,3,21,1245,1,1,1,1,7,97416,R,0.0,0.0,974
201500058328,15,3,22,51,3,2,1,1,6,97416,R,2130340.0,5546019.0,974
201500058329,15,6,20,2240,3,1,1,1,6,97416,R,2130580.0,5542754.0,974
201500058330,15,6,23,1720,1,2,1,1,6,97416,R,2134111.0,5547872.0,974
201500058331,15,3,22,1800,2,2,1,1,3,97416,R,0.0,0.0,974
201500058332,15,3,27,540,5,2,1,1,7,97416,R,0.0,0.0,974
201500058333,15,6,24,815,1,2,1,1,6,97416,R,2129811.0,5545128.0,974
201500058334,15,6,26,420,3,1,1,1,6,97416,R,2130501.0,5542897.0,974
201500058335,15,3,27,815,2,2,1,1,4,97416,R,0.0,0.0,974
201500058336,15,3,28,1655,1,2,1,1,2,97416,R,0.0,0.0,974
201500058337,15,6,26,1335,1,1,1,1,6,97416,R,0.0,5529551.0,974
201500058338,15,3,29,600,2,1,1,1,7,97416,R,0.0,0.0,974
201500058339,15,7,1,1855,2,2,3,1,3,97416,R,2128921.0,5537510.0,974
201500058340,15,3,29,1450,1,2,1,1,3,97416,R,0.0,0.0,974
201500058341,15,7,5,1625,1,2,3,1,6,97416,R,2132812.0,5547373.0,974
201500058342,15,6,3,1750,2,2,1,1,1,97416,R,2132466.0,5548227.0,974
201500058343,15,3,29,1740,1,2,1,1,7,97416,R,0.0,0.0,974
201500058344,15,7,7,2320,3,1,1,1,1,97416,R,2129882.0,5542086.0,974
201500058345,15,3,30,750,1,2,2,1,7,97416,R,2128328.0,5547710.0,974
201500058346,15,7,30,311,3,1,1,1,2,97416,R,0.0,0.0,974
201500058347,15,3,30,905,1,1,1,1,2,97416,R,0.0,0.0,974
201500058348,15,7,5,2040,2,2,1,1,1,97416,R,2129836.0,5545733.0,974
201500058349,15,7,6,720,1,2,3,1,3,97416,R,2132719.0,5549361.0,974
201500058350,15,7,7,1715,1,1,1,1,6,97416,R,2129946.0,5542216.0,974
201500058351,15,7,8,940,1,1,1,1,6,97416,R,0.0,5529528.0,974
201500058352,15,7,9,1450,1,2,3,1,6,97416,R,2134700.0,5548967.0,974
201500058353,15,7,12,1525,1,2,1,1,6,97416,R,2136145.0,5553535.0,974
201500058354,15,7,13,1100,1,2,3,1,3,97416,R,2133700.0,5548013.0,974
201500058355,15,7,13,2355,3,1,1,1,1,97416,R,2132146.0,5544629.0,974
201500058356,15,7,14,930,1,2,1,1,6,97416,R,2133019.0,5547960.0,974
201500058357,15,7,16,1530,1,2,1,1,6,97416,R,2129920.0,5545469.0,974
201500058358,15,7,19,135,3,1,1,1,6,97416,R,,,974
201500058359,15,7,20,1410,1,2,1,1,6,97416,R,2134831.0,5548216.0,974
201500058360,15,7,21,1610,1,2,1,1,2,97416,R,2131170.0,5547293.0,974
201500058361,15,7,22,1410,1,2,1,1,3,97416,R,0.0,5531255.0,974
201500058362,15,7,23,1040,1,2,1,1,2,97416,R,2132417.0,5548071.0,974
201500058363,15,7,24,930,1,2,1,1,6,97416,R,2129761.0,5545231.0,974
201500058364,15,7,26,915,1,2,1,1,1,97416,R,0.0,5529028.0,974
201500058365,15,7,30,1830,1,2,1,1,7,97416,R,2133446.0,5547159.0,974
201500058366,15,7,31,1850,2,2,1,1,2,97416,R,2133065.0,5547478.0,974
201500058367,15,8,1,720,1,1,1,1,6,97416,R,2133041.0,5545557.0,974
201500058368,15,8,4,530,3,2,1,1,6,97416,R,2128564.0,5546875.0,974
201500058369,15,8,6,945,1,1,1,1,6,97416,R,0.0,0.0,974
201500058370,15,8,9,1930,2,2,1,1,1,97416,R,0.0,0.0,974
201500058371,15,8,10,1055,1,1,1,1,6,97416,R,0.0,5527146.0,974
201500058372,15,8,10,1720,1,2,1,1,1,97416,R,2129869.0,5545617.0,974
201500058373,15,8,12,910,1,1,6,1,2,97416,R,2130398.0,5542909.0,974
201500058374,15,8,12,1640,1,1,1,1,4,97416,R,2132538.0,5544778.0,974
201500058375,15,8,13,1200,1,2,1,1,3,97416,R,0.0,5526421.0,974
201500058376,15,8,14,1820,2,2,3,1,3,97416,R,0.0,0.0,974
201500058377,15,8,15,910,1,1,1,1,2,97416,R,2130401.0,5549978.0,974
201500058378,15,8,15,1315,1,2,1,1,2,97416,R,2135261.0,5550707.0,974
201500058379,15,8,16,1112,1,2,3,1,1,97416,R,2131942.0,5548172.0,974
201500058380,15,8,16,1155,1,2,1,1,5,97416,R,2126997.0,5549417.0,974
201500058381,15,8,19,830,1,2,1,1,6,97416,R,2129681.0,5544934.0,974
201500058382,15,8,19,1615,1,1,1,1,4,97416,R,2132789.0,5547051.0,974
201500058383,15,8,20,1200,1,2,1,1,6,97416,R,2133839.0,5547722.0,974
201500058384,15,8,24,1310,1,2,1,1,6,97416,R,2134151.0,5548475.0,974
201500058385,15,8,25,1639,1,2,1,1,6,97416,R,2134079.0,5547738.0,974
201500058386,15,8,30,1340,1,2,3,1,3,97416,R,2133081.0,5548095.0,974
201500058387,15,8,31,1405,1,2,1,1,3,97416,R,2132539.0,5549051.0,974
201500058388,15,9,1,1330,1,2,1,1,6,97416,R,2128115.0,5547364.0,974
201500058389,15,9,1,1730,1,1,1,1,4,97416,R,0.0,5529561.0,974
201500058390,15,9,2,1900,2,2,1,1,6,97416,R,2133504.0,5546494.0,974
201500058391,15,9,4,905,1,1,1,1,1,97416,R,0.0,0.0,974
201500058392,15,9,4,1330,1,1,1,1,6,97416,R,0.0,5529202.0,974
201500058393,15,9,9,1530,1,2,1,1,1,97416,R,2130592.0,5545808.0,974
201500058394,15,9,11,27,5,2,1,1,6,97416,R,2133737.0,5547995.0,974
201500058395,15,9,13,1740,1,1,1,1,2,97416,R,0.0,5529038.0,974
201500058396,15,9,16,800,1,2,1,1,3,97416,R,2132743.0,5549341.0,974
201500058397,15,9,17,820,1,1,1,1,6,97416,R,0.0,5526498.0,974
201500058398,15,9,19,1640,1,2,1,1,6,97416,R,2131384.0,5554313.0,974
201500058399,15,9,21,1000,1,2,1,1,6,97416,R,2133273.0,5547164.0,974
201500058400,15,9,22,1720,1,2,1,1,6,97416,R,2134055.0,5547887.0,974
201500058401,15,9,23,1740,1,2,1,1,6,97416,R,2128982.0,5548478.0,974
201500058402,15,9,26,1735,1,2,1,1,6,97416,R,2133492.0,5547089.0,974
201500058403,15,9,27,720,1,2,1,1,6,97416,R,2129479.0,5545192.0,974
201500058404,15,9,27,1410,1,2,1,1,3,97416,R,2134358.0,5546788.0,974
201500058405,15,10,1,725,1,1,1,1,2,97416,R,0.0,5529535.0,974
201500058406,15,10,1,1315,1,2,1,1,3,97416,R,2134354.0,5547667.0,974
201500058407,15,10,2,1825,2,1,1,1,4,97416,R,0.0,5529044.0,974
201500058408,15,10,8,5,5,2,1,1,5,97416,R,2134354.0,5547323.0,974
201500058409,15,10,8,1135,1,2,1,1,1,97416,R,2131930.0,5545152.0,974
201500058410,15,10,10,200,5,2,1,1,1,97416,R,2134192.0,5546867.0,974
201500058411,15,11,11,115,3,1,1,1,6,97416,R,0.0,0.0,974
201500058412,15,11,13,610,1,1,1,1,1,97416,R,0.0,5527219.0,974
201500058413,15,11,14,1120,1,1,1,1,5,97416,R,0.0,0.0,974
201500058414,15,10,11,720,1,1,1,1,2,97416,R,0.0,5527164.0,974
201500058415,15,10,11,2100,3,1,1,1,2,97416,R,0.0,5530488.0,974
201500058416,15,10,16,115,3,1,1,1,1,97416,R,0.0,5529543.0,974
201500058417,15,10,16,935,1,2,1,1,3,97416,R,2128265.0,5547294.0,974
201500058418,15,10,16,1150,1,1,1,1,2,97416,R,0.0,5527046.0,974
201500058419,15,10,16,1500,1,2,1,1,2,97416,R,2134276.0,5548066.0,974
201500058420,15,10,16,1745,2,1,1,1,2,97416,R,0.0,5527333.0,974
201500058421,15,10,18,2010,3,2,1,1,6,97416,R,2127644.0,5546952.0,974
201500058422,15,10,18,2345,1,1,1,1,1,97416,R,2129670.0,5544079.0,974
201500058423,15,10,20,1200,1,2,1,1,3,97416,R,2128437.0,5546690.0,974
201500058424,15,10,22,2125,1,2,1,1,6,97416,R,2133524.0,5547083.0,974
201500058425,15,10,22,2220,3,2,1,1,2,97416,R,2132188.0,5545795.0,974
201500058426,15,10,24,545,5,2,1,1,6,97416,R,2134085.0,5546140.0,974
201500058427,15,10,24,2245,3,2,1,1,6,97416,R,2128314.0,5547234.0,974
201500058428,15,10,26,735,1,1,1,1,2,97416,R,0.0,5527108.0,974
201500058429,15,10,28,2123,3,2,1,1,6,97416,R,0.0,5532245.0,974
201500058430,15,10,29,1000,1,2,1,1,6,97416,R,2133956.0,5547921.0,974
201500058431,15,10,29,1320,1,2,1,1,3,97416,R,2129618.0,5544246.0,974
201500058432,15,10,29,2035,3,2,1,1,6,97416,R,2127627.0,5547026.0,974
201500058433,15,10,30,545,3,2,1,1,6,97416,R,2132706.0,5549854.0,974
201500058434,15,10,30,1840,2,1,1,1,2,97416,R,0.0,0.0,974
201500058435,15,10,31,750,1,2,1,1,5,97416,R,2131894.0,5547265.0,974
201500058436,15,11,1,1430,1,2,1,1,6,97416,R,2132005.0,5555053.0,974
201500058437,15,11,3,820,1,1,1,1,4,97416,R,0.0,0.0,974
201500058438,15,11,8,1500,1,1,1,1,7,97416,R,0.0,0.0,974
201500058439,15,11,12,2035,3,2,1,1,6,97416,R,0.0,0.0,974
201500058440,15,11,26,1430,1,2,1,1,3,97416,R,2133864.0,5547789.0,974
201500058441,15,11,13,1820,2,1,4,1,3,97416,R,2129479.0,5544652.0,974
201500058442,15,12,2,1720,1,1,1,1,7,97416,R,0.0,5532002.0,974
201500058443,15,12,10,1100,1,2,1,1,6,97416,R,2133535.0,5545628.0,974
201500058444,15,12,12,720,1,2,1,1,6,97416,R,2132326.0,5548616.0,974
201500058445,15,12,11,1735,1,2,1,1,3,97416,R,2132582.0,5548652.0,974
201500058446,15,12,5,2010,3,1,1,1,4,97416,R,0.0,0.0,974
201500058447,15,12,10,1740,1,1,1,1,4,97416,R,0.0,0.0,974
201500058448,15,10,16,1721,1,1,1,1,2,97416,R,0.0,5526254.0,974
201500058449,15,12,7,755,1,2,1,1,6,97416,R,2129833.0,5548925.0,974
201500058450,15,1,1,816,1,2,6,2,7,97611,Y,0.0,0.0,976
201500058451,15,11,12,1219,1,2,1,1,7,97611,Y,0.0,0.0,976
201500058452,15,1,10,825,1,2,1,2,2,97611,Y,0.0,0.0,976
201500058453,15,11,26,1605,1,2,1,1,6,97611,Y,0.0,0.0,976
201500058454,15,1,30,707,1,2,3,1,3,97611,Y,0.0,0.0,976
201500058455,15,11,24,1010,1,2,1,1,2,97611,Y,0.0,0.0,976
201500058456,15,1,6,2345,3,1,1,1,7,97611,Y,0.0,0.0,976
201500058457,15,11,30,1130,1,2,1,1,3,97611,Y,0.0,0.0,976
201500058458,15,1,11,1749,2,2,6,2,7,97611,Y,0.0,0.0,976
201500058459,15,12,17,2015,5,2,1,1,6,97611,Y,0.0,0.0,976
201500058460,15,1,15,1300,1,2,1,1,6,97611,Y,0.0,0.0,976
201500058461,15,12,1,1335,1,2,1,1,6,97611,Y,0.0,0.0,976
201500058462,15,1,18,200,3,1,1,1,6,97611,Y,0.0,0.0,976
201500058463,15,1,19,910,1,2,6,2,7,97611,Y,0.0,0.0,976
201500058464,15,12,2,1150,1,2,1,1,6,97611,Y,0.0,0.0,976
201500058465,15,1,20,1831,2,1,6,2,7,97610,Y,0.0,0.0,976
201500058466,15,12,7,2045,3,2,1,1,6,97611,Y,0.0,0.0,976
201500058467,15,1,20,2100,5,2,1,1,7,97611,Y,0.0,0.0,976
201500058468,15,12,7,740,1,2,1,1,6,97611,Y,0.0,0.0,976
201500058469,15,1,19,737,1,1,1,1,7,97611,Y,0.0,0.0,976
201500058470,15,12,8,1535,1,2,1,1,6,97611,Y,0.0,0.0,976
201500058471,15,1,22,1709,1,2,1,1,6,97611,Y,0.0,0.0,976
201500058472,15,12,9,1820,1,2,1,1,6,97611,Y,0.0,0.0,976
201500058473,15,1,22,1630,1,2,1,1,2,97611,Y,0.0,0.0,976
201500058474,15,11,9,1755,2,2,1,1,5,97611,Y,0.0,0.0,976
201500058475,15,1,23,1928,1,2,1,1,6,97611,Y,0.0,0.0,976
201500058476,15,1,24,2138,3,2,1,1,7,97611,Y,0.0,0.0,976
201500058477,15,1,25,1823,3,2,1,1,6,97611,Y,0.0,0.0,976
201500058478,15,1,31,1631,1,1,1,1,1,97611,Y,0.0,0.0,976
201500058479,15,2,1,1117,1,2,1,1,6,97611,Y,0.0,0.0,976
201500058480,15,2,3,1630,1,2,3,1,6,97611,Y,0.0,0.0,976
201500058481,15,12,20,1215,1,2,1,1,6,97611,Y,0.0,0.0,976
201500058482,15,2,3,825,1,2,6,1,7,97611,Y,0.0,0.0,976
201500058483,15,12,24,2035,5,2,3,1,3,97611,Y,0.0,0.0,976
201500058484,15,2,3,1327,1,2,1,1,6,97611,Y,0.0,0.0,976
201500058485,15,12,29,1725,1,2,1,1,2,97611,Y,0.0,0.0,976
201500058486,15,2,4,1520,1,2,1,1,7,97611,Y,0.0,0.0,976
201500058487,15,2,16,2010,5,2,1,1,1,97611,Y,0.0,0.0,976
201500058488,15,12,27,2215,5,2,1,2,2,97611,Y,0.0,0.0,976
201500058489,15,2,4,515,3,2,1,1,7,97611,Y,0.0,0.0,976
201500058490,15,2,8,2320,3,2,1,1,1,97611,Y,0.0,0.0,976
201500058491,15,2,10,1025,1,2,1,1,6,97611,Y,0.0,0.0,976
201500058492,15,2,13,1103,1,2,1,1,6,97611,Y,0.0,0.0,976
201500058493,15,2,13,1610,1,2,1,1,1,97611,Y,0.0,0.0,976
201500058494,15,2,14,1909,5,2,1,1,6,97611,Y,0.0,0.0,976
201500058495,15,2,16,1235,1,2,1,1,1,97611,Y,0.0,0.0,976
201500058496,15,2,19,1930,5,2,1,1,7,97611,Y,0.0,0.0,976
201500058497,15,3,9,1615,1,2,1,8,3,97611,Y,0.0,0.0,976
201500058498,15,2,22,1650,1,2,1,1,3,97611,Y,0.0,0.0,976
201500058499,15,2,24,1425,1,2,1,1,2,97611,Y,0.0,0.0,976
201500058500,15,2,28,346,5,2,1,1,6,97611,Y,0.0,0.0,976
201500058501,15,3,20,1345,1,2,1,1,3,97611,Y,0.0,0.0,976
201500058502,15,3,9,2123,3,2,1,1,2,97611,Y,0.0,0.0,976
201500058503,15,3,21,2335,5,2,1,1,2,97611,Y,0.0,0.0,976
201500058504,15,3,15,530,5,2,1,1,7,97611,Y,0.0,0.0,976
201500058505,15,3,15,1050,1,2,3,1,3,97611,Y,0.0,0.0,976
201500058506,15,3,16,1830,5,2,1,1,1,97611,Y,0.0,0.0,976
201500058507,15,3,18,700,1,2,1,1,7,97611,Y,0.0,0.0,976
201500058508,15,3,18,1539,1,2,1,1,1,97611,Y,0.0,0.0,976
201500058509,15,3,18,1958,5,2,1,1,6,97611,Y,0.0,0.0,976
201500058510,15,3,19,1718,1,2,1,1,6,97611,Y,0.0,0.0,976
201500058511,15,4,2,1730,1,2,1,1,3,97611,Y,0.0,0.0,976
201500058512,15,3,18,1724,1,2,1,1,1,97611,Y,0.0,0.0,976
201500058513,15,3,20,931,1,2,1,1,7,97611,Y,0.0,0.0,976
201500058514,15,3,24,700,1,1,1,1,3,97611,Y,0.0,0.0,976
201500058515,15,2,16,1727,1,2,1,1,7,97611,Y,0.0,0.0,976
201500058516,15,3,26,914,1,2,1,1,7,97610,Y,0.0,0.0,976
201500058517,15,3,27,1311,1,2,1,1,6,97611,Y,0.0,0.0,976
201500058518,15,3,29,1910,5,1,6,1,2,97611,Y,0.0,0.0,976
201500058519,15,4,7,1423,1,2,6,1,6,97611,Y,0.0,0.0,976
201500058520,15,3,19,705,1,1,1,1,3,97611,Y,0.0,0.0,976
201500058521,15,3,27,1140,1,2,3,1,2,97611,Y,0.0,0.0,976
201500058522,15,4,30,1215,1,2,1,1,3,97611,Y,0.0,0.0,976
201500058523,15,5,15,1630,1,2,1,1,6,97611,Y,0.0,0.0,976
201500058524,15,4,1,2220,5,2,1,1,1,97611,Y,0.0,0.0,976
201500058525,15,4,7,1310,1,2,1,1,7,97611,Y,0.0,0.0,976
201500058526,15,4,11,1020,1,1,1,1,1,97611,Y,0.0,0.0,976
201500058527,15,4,15,1930,5,2,1,1,5,97611,Y,0.0,0.0,976
201500058528,15,4,15,1430,1,2,1,1,7,97611,Y,0.0,0.0,976
201500058529,15,4,19,1540,1,2,6,1,3,97611,Y,0.0,0.0,976
201500058530,15,4,26,200,3,2,1,1,1,97611,Y,0.0,0.0,976
201500058531,15,4,10,1015,1,2,1,1,1,97611,Y,0.0,0.0,976
201500058532,15,4,28,810,1,2,1,1,6,97611,Y,0.0,0.0,976
201500058533,15,4,28,935,1,2,1,1,6,97611,Y,0.0,0.0,976
201500058534,15,4,29,1133,1,2,1,1,6,97611,Y,0.0,0.0,976
201500058535,15,4,28,1014,1,2,1,1,3,97610,Y,0.0,0.0,976
201500058536,15,5,14,1125,1,2,3,1,6,97611,Y,0.0,0.0,976
201500058537,15,5,3,120,5,1,1,1,7,97611,Y,0.0,0.0,976
201500058538,15,6,1,2000,3,2,1,1,3,97611,Y,0.0,0.0,976
201500058539,15,5,2,1616,1,2,1,1,6,97611,Y,0.0,0.0,976
201500058540,15,5,9,1115,1,2,1,1,3,97611,Y,0.0,0.0,976
201500058541,15,5,9,1430,1,2,1,1,7,97611,Y,0.0,0.0,976
201500058542,15,5,11,633,1,2,3,1,3,97611,Y,0.0,0.0,976
201500058543,15,5,18,2209,5,2,3,1,3,97611,Y,0.0,0.0,976
201500058544,15,5,21,350,3,2,1,1,7,97611,Y,0.0,0.0,976
201500058545,15,5,30,1810,1,2,1,1,7,97610,Y,0.0,0.0,976
201500058546,15,5,21,1825,5,2,1,1,6,97610,Y,0.0,0.0,976
201500058547,15,5,24,1605,1,2,6,1,3,97611,Y,0.0,0.0,976
201500058548,15,5,24,2347,5,2,1,1,7,97611,Y,0.0,0.0,976
201500058549,15,5,25,648,1,2,1,1,1,97611,Y,0.0,0.0,976
201500058550,15,6,18,2000,3,2,1,1,6,97611,Y,0.0,0.0,976
201500058551,15,6,22,1900,3,2,1,1,7,97611,Y,0.0,0.0,976
201500058552,15,6,21,1420,1,2,3,1,3,97611,Y,0.0,0.0,976
201500058553,15,6,24,1635,1,2,1,1,6,97611,Y,0.0,0.0,976
201500058554,15,5,9,2335,5,2,1,1,7,97611,Y,0.0,0.0,976
201500058555,15,7,7,1435,1,2,1,1,6,97611,Y,0.0,0.0,976
201500058556,15,7,7,1825,3,2,1,1,6,97611,Y,0.0,0.0,976
201500058557,15,6,3,2215,3,1,1,1,1,97611,Y,0.0,0.0,976
201500058558,15,6,10,615,1,2,1,1,3,97611,Y,0.0,0.0,976
201500058559,15,6,10,730,1,2,1,1,3,97611,Y,0.0,0.0,976
201500058560,15,6,8,1930,5,2,1,1,2,97611,Y,0.0,0.0,976
201500058561,15,6,12,2200,3,2,1,1,1,97611,Y,0.0,0.0,976
201500058562,15,6,10,1654,1,2,1,1,6,97611,Y,0.0,0.0,976
201500058563,15,6,8,1720,1,2,1,1,6,97611,Y,0.0,0.0,976
201500058564,15,6,9,1637,1,2,1,1,6,97611,Y,0.0,0.0,976
201500058565,15,7,16,1310,1,2,1,1,6,97611,Y,0.0,0.0,976
201500058566,15,8,4,1220,1,2,1,1,3,97611,Y,0.0,0.0,976
201500058567,15,8,9,635,1,2,1,1,6,97611,Y,0.0,0.0,976
201500058568,15,6,20,1905,3,2,1,1,7,97611,Y,0.0,0.0,976
201500058569,15,6,26,625,1,2,6,1,6,97611,Y,0.0,0.0,976
201500058570,15,6,21,1440,1,2,3,1,3,97611,Y,0.0,0.0,976
201500058571,15,6,22,1300,1,2,1,1,2,97611,Y,0.0,0.0,976
201500058572,15,6,12,1925,5,2,1,1,3,97611,Y,0.0,0.0,976
201500058573,15,6,23,1025,1,2,1,1,1,97611,Y,0.0,0.0,976
201500058574,15,6,24,1630,1,2,1,1,7,97611,Y,0.0,0.0,976
201500058575,15,6,25,1555,1,2,1,1,7,97611,Y,0.0,0.0,976
201500058576,15,6,29,1450,1,2,3,1,6,97611,Y,0.0,0.0,976
201500058577,15,6,17,1805,2,2,1,1,1,97611,Y,0.0,0.0,976
201500058578,15,6,19,1630,1,2,1,1,6,97611,Y,0.0,0.0,976
201500058579,15,6,17,2300,3,2,1,1,6,97611,Y,0.0,0.0,976
201500058580,15,7,1,715,1,2,1,1,3,97611,Y,0.0,0.0,976
201500058581,15,7,9,621,1,2,1,1,3,97611,Y,0.0,0.0,976
201500058582,15,7,10,2315,3,2,1,1,6,97611,Y,0.0,0.0,976
201500058583,15,7,12,1309,1,2,1,1,6,97611,Y,0.0,0.0,976
201500058584,15,7,15,1645,1,1,1,1,2,97611,Y,0.0,0.0,976
201500058585,15,9,1,2020,5,2,6,1,3,97611,Y,0.0,0.0,976
201500058586,15,7,17,1000,1,2,1,1,6,97611,Y,0.0,0.0,976
201500058587,15,9,14,1155,1,2,1,1,3,97611,Y,0.0,0.0,976
201500058588,15,7,18,1725,1,2,1,1,6,97611,Y,0.0,0.0,976
201500058589,15,7,22,1500,1,2,1,1,7,97611,Y,0.0,0.0,976
201500058590,15,7,23,1050,1,1,1,1,3,97611,Y,0.0,0.0,976
201500058591,15,7,24,1154,1,2,1,1,3,97611,Y,0.0,0.0,976
201500058592,15,7,5,1700,1,2,1,1,3,97611,Y,0.0,0.0,976
201500058593,15,7,31,2225,3,1,1,1,7,97611,Y,0.0,0.0,976
201500058594,15,8,5,1715,1,2,1,1,2,97611,Y,0.0,0.0,976
201500058595,15,8,5,1645,1,2,1,1,1,97611,Y,0.0,0.0,976
201500058596,15,8,7,2130,1,2,1,1,6,97611,Y,0.0,0.0,976
201500058597,15,8,8,920,1,2,1,1,6,97611,Y,0.0,0.0,976
201500058598,15,10,1,1430,1,2,1,1,3,97611,Y,0.0,0.0,976
201500058599,15,8,14,1633,1,2,1,1,1,97611,Y,0.0,0.0,976
201500058600,15,8,15,1130,1,2,1,1,1,97611,Y,0.0,0.0,976
201500058601,15,8,14,1729,1,2,1,1,6,97611,Y,0.0,0.0,976
201500058602,15,8,12,1400,1,2,1,1,6,97611,Y,0.0,0.0,976
201500058603,15,8,16,1700,1,2,1,1,6,97611,Y,0.0,0.0,976
201500058604,15,8,27,2110,1,2,1,1,7,97611,Y,0.0,0.0,976
201500058605,15,8,27,730,1,2,1,2,7,97611,Y,0.0,0.0,976
201500058606,15,8,29,2010,1,2,1,1,1,97611,Y,0.0,0.0,976
201500058607,15,8,28,550,2,1,1,1,6,97611,Y,0.0,0.0,976
201500058608,15,8,31,1245,1,2,1,1,6,97611,Y,0.0,0.0,976
201500058609,15,9,1,530,2,2,1,1,3,97611,Y,0.0,0.0,976
201500058610,15,9,2,2205,5,2,6,1,3,97611,Y,0.0,0.0,976
201500058611,15,11,5,1650,1,2,1,1,3,97611,Y,0.0,0.0,976
201500058612,15,10,7,815,1,2,1,1,2,97611,Y,0.0,0.0,976
201500058613,15,11,10,1540,1,2,3,1,3,97611,Y,0.0,0.0,976
201500058614,15,11,27,1730,1,2,1,1,1,97611,Y,0.0,0.0,976
201500058615,15,9,10,450,1,2,1,1,7,97611,Y,0.0,0.0,976
201500058616,15,9,28,1650,1,2,6,1,3,97611,Y,0.0,0.0,976
201500058617,15,9,14,1220,1,2,1,1,1,97611,Y,0.0,0.0,976
201500058618,15,9,22,1905,1,2,1,1,3,97611,Y,0.0,0.0,976
201500058619,15,9,16,600,1,1,1,1,7,97611,Y,0.0,0.0,976
201500058620,15,9,10,1330,1,2,1,1,2,97611,Y,0.0,0.0,976
201500058621,15,9,9,1639,1,2,1,1,6,97611,Y,0.0,0.0,976
201500058622,15,9,14,1625,1,2,1,1,3,97611,Y,0.0,0.0,976
201500058623,15,9,9,820,1,2,1,1,3,97611,Y,0.0,0.0,976
201500058624,15,11,19,605,1,2,9,1,1,97611,Y,0.0,0.0,976
201500058625,15,10,1,1950,5,2,1,1,6,97611,Y,0.0,0.0,976
201500058626,15,10,7,1453,1,2,1,1,6,97611,Y,0.0,0.0,976
201500058627,15,10,9,1415,1,2,1,1,2,97611,Y,0.0,0.0,976
201500058628,15,10,9,2000,1,2,1,1,2,97611,Y,0.0,0.0,976
201500058629,15,10,13,1135,1,2,4,1,3,97611,Y,0.0,0.0,976
201500058630,15,10,15,1715,1,2,1,1,3,97611,Y,0.0,0.0,976
201500058631,15,11,24,1650,1,2,1,1,6,97611,Y,0.0,0.0,976
201500058632,15,10,17,1725,1,2,1,1,6,97611,Y,0.0,0.0,976
201500058633,15,10,27,1547,1,2,1,1,2,97611,Y,0.0,0.0,976
201500058634,15,10,28,1900,3,2,1,1,1,97611,Y,0.0,0.0,976
201500058635,15,10,31,1620,1,2,1,1,7,97611,Y,0.0,0.0,976
201500058636,15,10,30,1314,1,2,1,1,7,97611,Y,0.0,0.0,976
201500058637,15,10,31,1305,1,2,3,1,3,97611,Y,0.0,0.0,976
201500058638,15,11,19,1620,1,2,1,1,6,97611,Y,0.0,0.0,976
201500058639,15,10,23,1134,1,1,1,1,3,97611,Y,0.0,0.0,976
201500058640,15,10,20,1755,1,2,1,1,6,97611,Y,0.0,0.0,976
201500058641,15,10,28,1216,1,2,1,1,6,97611,Y,0.0,0.0,976
201500058642,15,12,1,1055,1,2,1,1,3,97611,Y,0.0,0.0,976
201500058643,15,12,2,640,1,2,1,1,5,97611,Y,0.0,0.0,976
201500058644,15,12,6,2120,3,1,1,1,1,97611,Y,0.0,0.0,976
201500058645,15,10,12,1941,3,2,1,1,6,97611,Y,0.0,0.0,976
201500058646,15,12,14,1050,1,2,1,1,6,97611,Y,0.0,0.0,976
201500058647,15,11,1,1454,1,1,1,1,1,97611,Y,0.0,0.0,976
201500058648,15,11,4,1950,3,2,6,1,6,97611,Y,0.0,0.0,976
201500058649,15,11,7,1855,2,2,1,1,7,97611,Y,0.0,0.0,976
201500058650,15,11,14,1714,1,2,1,1,7,97611,Y,0.0,0.0,976
201500058651,15,11,12,730,1,2,1,1,6,97611,Y,0.0,0.0,976
201500058652,15,11,10,1508,1,2,1,1,1,97611,Y,0.0,0.0,976
201500058653,15,11,15,1630,1,2,1,1,6,97611,Y,0.0,0.0,976
201500058654,15,11,6,1520,1,2,1,1,2,97611,Y,0.0,0.0,976